altitude_km,0.01keV-0.0107152keV,0.0107152keV-0.0114815keV,0.0114815keV-0.0123027keV,0.0123027keV-0.0131826keV,0.0131826keV-0.0141254keV,0.0141254keV-0.0151356keV,0.0151356keV-0.0162181keV,0.0162181keV-0.017378keV,0.017378keV-0.0186209keV,0.0186209keV-0.0199526keV,0.0199526keV-0.0213796keV,0.0213796keV-0.0229087keV,0.0229087keV-0.0245471keV,0.0245471keV-0.0263027keV,0.0263027keV-0.0281838keV,0.0281838keV-0.0301995keV,0.0301995keV-0.0323594keV,0.0323594keV-0.0346737keV,0.0346737keV-0.0371535keV,0.0371535keV-0.0398107keV,0.0398107keV-0.042658keV,0.042658keV-0.0457088keV,0.0457088keV-0.0489779keV,0.0489779keV-0.0524807keV,0.0524807keV-0.0562341keV,0.0562341keV-0.060256keV,0.060256keV-0.0645654keV,0.0645654keV-0.0691831keV,0.0691831keV-0.074131keV,0.074131keV-0.0794328keV,0.0794328keV-0.0851138keV,0.0851138keV-0.0912011keV,0.0912011keV-0.0977237keV,0.0977237keV-0.104713keV,0.104713keV-0.112202keV,0.112202keV-0.120226keV,0.120226keV-0.128825keV,0.128825keV-0.138038keV,0.138038keV-0.147911keV,0.147911keV-0.158489keV,0.158489keV-0.169824keV,0.169824keV-0.18197keV,0.18197keV-0.194984keV,0.194984keV-0.20893keV,0.20893keV-0.223872keV,0.223872keV-0.239883keV,0.239883keV-0.25704keV,0.25704keV-0.275423keV,0.275423keV-0.295121keV,0.295121keV-0.316228keV,0.316228keV-0.338844keV,0.338844keV-0.363078keV,0.363078keV-0.389045keV,0.389045keV-0.416869keV,0.416869keV-0.446684keV,0.446684keV-0.47863keV,0.47863keV-0.512861keV,0.512861keV-0.549541keV,0.549541keV-0.588844keV,0.588844keV-0.630957keV,0.630957keV-0.676083keV,0.676083keV-0.724436keV,0.724436keV-0.776247keV,0.776247keV-0.831764keV,0.831764keV-0.891251keV,0.891251keV-0.954993keV,0.954993keV-1.02329keV,1.02329keV-1.09648keV,1.09648keV-1.1749keV,1.1749keV-1.25893keV,1.25893keV-1.34896keV,1.34896keV-1.44544keV,1.44544keV-1.54882keV,1.54882keV-1.65959keV,1.65959keV-1.77828keV,1.77828keV-1.90546keV,1.90546keV-2.04174keV,2.04174keV-2.18776keV,2.18776keV-2.34423keV,2.34423keV-2.51189keV,2.51189keV-2.69153keV,2.69153keV-2.88403keV,2.88403keV-3.0903keV,3.0903keV-3.31131keV,3.31131keV-3.54813keV,3.54813keV-3.80189keV,3.80189keV-4.0738keV,4.0738keV-4.36516keV,4.36516keV-4.67735keV,4.67735keV-5.01187keV,5.01187keV-5.37032keV,5.37032keV-5.7544keV,5.7544keV-6.16595keV,6.16595keV-6.60693keV,6.60693keV-7.07946keV,7.07946keV-7.58578keV,7.58578keV-8.12831keV,8.12831keV-8.70964keV,8.70964keV-9.33254keV,9.33254keV-10keV,10keV-10.7152keV,10.7152keV-11.4815keV,11.4815keV-12.3027keV,12.3027keV-13.1826keV,13.1826keV-14.1254keV,14.1254keV-15.1356keV,15.1356keV-16.2181keV,16.2181keV-17.378keV,17.378keV-18.6209keV,18.6209keV-19.9526keV,19.9526keV-21.3796keV,21.3796keV-22.9087keV,22.9087keV-24.5471keV,24.5471keV-26.3027keV,26.3027keV-28.1838keV,28.1838keV-30.1995keV,30.1995keV-32.3594keV,32.3594keV-34.6737keV,34.6737keV-37.1535keV,37.1535keV-39.8107keV,39.8107keV-42.658keV,42.658keV-45.7088keV,45.7088keV-48.9779keV,48.9779keV-52.4807keV,52.4807keV-56.2341keV,56.2341keV-60.256keV,60.256keV-64.5654keV,64.5654keV-69.1831keV,69.1831keV-74.131keV,74.131keV-79.4328keV,79.4328keV-85.1138keV,85.1138keV-91.2011keV,91.2011keV-97.7237keV,97.7237keV-104.713keV,104.713keV-112.202keV,112.202keV-120.226keV,120.226keV-128.825keV,128.825keV-138.038keV,138.038keV-147.911keV,147.911keV-158.489keV,158.489keV-169.824keV,169.824keV-181.97keV,181.97keV-194.984keV,194.984keV-208.93keV,208.93keV-223.872keV,223.872keV-239.883keV,239.883keV-257.04keV,257.04keV-275.423keV,275.423keV-295.121keV,295.121keV-316.228keV,316.228keV-338.844keV,338.844keV-363.078keV,363.078keV-389.045keV,389.045keV-416.869keV,416.869keV-446.684keV,446.684keV-478.63keV,478.63keV-512.861keV,512.861keV-549.541keV,549.541keV-588.844keV,588.844keV-630.957keV,630.957keV-676.083keV,676.083keV-724.436keV,724.436keV-776.247keV,776.247keV-831.764keV,831.764keV-891.251keV,891.251keV-954.993keV,954.993keV-1023.29keV,1023.29keV-1096.48keV,1096.48keV-1174.9keV,1174.9keV-1258.93keV,1258.93keV-1348.96keV,1348.96keV-1445.44keV,1445.44keV-1548.82keV,1548.82keV-1659.59keV,1659.59keV-1778.28keV,1778.28keV-1905.46keV,1905.46keV-2041.74keV,2041.74keV-2187.76keV,2187.76keV-2344.23keV,2344.23keV-2511.89keV,2511.89keV-2691.53keV,2691.53keV-2884.03keV,2884.03keV-3090.3keV,3090.3keV-3311.31keV,3311.31keV-3548.13keV,3548.13keV-3801.89keV,3801.89keV-4073.8keV,4073.8keV-4365.16keV,4365.16keV-4677.35keV,4677.35keV-5011.87keV,5011.87keV-5370.32keV,5370.32keV-5754.4keV,5754.4keV-6165.95keV,6165.95keV-6606.93keV,6606.93keV-7079.46keV,7079.46keV-7585.78keV,7585.78keV-8128.31keV,8128.31keV-8709.64keV,8709.64keV-9332.54keV,9332.54keV-10000keV,10000keV-10715.2keV,10715.2keV-11481.5keV,11481.5keV-12302.7keV,12302.7keV-13182.6keV,13182.6keV-14125.4keV,14125.4keV-15135.6keV,15135.6keV-16218.1keV,16218.1keV-17378keV,17378keV-18620.9keV,18620.9keV-19952.6keV,19952.6keV-21379.6keV,21379.6keV-22908.7keV,22908.7keV-24547.1keV,24547.1keV-26302.7keV,26302.7keV-28183.8keV,28183.8keV-30199.5keV,30199.5keV-32359.4keV,32359.4keV-34673.7keV,34673.7keV-37153.5keV,37153.5keV-39810.7keV,39810.7keV-42658keV,42658keV-45708.8keV,45708.8keV-48977.9keV,48977.9keV-52480.7keV,52480.7keV-56234.1keV,56234.1keV-60256keV,60256keV-64565.4keV,64565.4keV-69183.1keV,69183.1keV-74131keV,74131keV-79432.8keV,79432.8keV-85113.8keV,85113.8keV-91201.1keV,91201.1keV-97723.7keV,97723.7keV-104713keV,104713keV-112202keV,112202keV-120226keV,120226keV-128825keV,128825keV-138038keV,138038keV-147911keV,147911keV-158489keV,158489keV-169824keV,169824keV-181970keV,181970keV-194984keV,194984keV-208930keV,208930keV-223872keV,223872keV-239883keV,239883keV-257040keV,257040keV-275423keV,275423keV-295121keV,295121keV-316228keV,316228keV-338844keV,338844keV-363078keV,363078keV-389045keV,389045keV-416869keV,416869keV-446684keV,446684keV-478630keV,478630keV-512861keV,512861keV-549541keV,549541keV-588844keV,588844keV-630957keV,630957keV-676083keV,676083keV-724436keV,724436keV-776247keV,776247keV-831764keV,831764keV-891251keV,891251keV-954993keV,954993keV-1.02329e+06keV,1.02329e+06keV-1.09648e+06keV,1.09648e+06keV-1.1749e+06keV,1.1749e+06keV-1.25893e+06keV,1.25893e+06keV-1.34896e+06keV,1.34896e+06keV-1.44544e+06keV,1.44544e+06keV-1.54882e+06keV,1.54882e+06keV-1.65959e+06keV,1.65959e+06keV-1.77828e+06keV,1.77828e+06keV-1.90546e+06keV,1.90546e+06keV-2.04174e+06keV,2.04174e+06keV-2.18776e+06keV,2.18776e+06keV-2.34423e+06keV,2.34423e+06keV-2.51189e+06keV,2.51189e+06keV-2.69153e+06keV,2.69153e+06keV-2.88403e+06keV,2.88403e+06keV-3.0903e+06keV,3.0903e+06keV-3.31131e+06keV,3.31131e+06keV-3.54813e+06keV,3.54813e+06keV-3.80189e+06keV,3.80189e+06keV-4.0738e+06keV,4.0738e+06keV-4.36516e+06keV,4.36516e+06keV-4.67735e+06keV,4.67735e+06keV-5.01187e+06keV,5.01187e+06keV-5.37032e+06keV,5.37032e+06keV-5.7544e+06keV,5.7544e+06keV-6.16595e+06keV,6.16595e+06keV-6.60693e+06keV,6.60693e+06keV-7.07946e+06keV,7.07946e+06keV-7.58578e+06keV,7.58578e+06keV-8.12831e+06keV,8.12831e+06keV-8.70964e+06keV,8.70964e+06keV-9.33254e+06keV,9.33254e+06keV-1e+07keV
0.05,0,0,0,0,0,0,0,0,0,0,0,0,0,0,0,0,0,0,0,0,0,0,0,0,0,0,0,0,0,0,0,0,0,0,0,0,0,0,0,0,0,0,0,0,0,0,0,0,0,0,0,0,0,0,0,0,0,0,0,0,0,0,0,0,0,0,0,0,0,0,0,0,0,0,0,0,0,0,0,0,0,0,0,0,0,0,0,0,0,0,0,0,0,0,0,0,0,0,0,0,0,0,0,0,0,0,0,0,0,0,0,0,0,0,0,0,0,0,0,0,0,0,0,0,0,0,0,0,0,0,0,0,0,0,0,0,0,0,0,0,0,0,0,0,0,0,1,0,0,0,0,0,0,1,0,0,0,0,0,0,0,0,0,0,0,0,0,0,0,0,0,0,0,0,0,0,0,0,0,0,0,0,0,0,0,1,0,0,0,0,0,0,0,0,0,0,0,0,0,0,0,0,0,0,0,1,0,0,0,0,0,0,0,0,0,0,0,0,0,0,0,0,0,0,0,0,0,0,0,0,0,0,0,0,0,0,0,0,0,0,0,0,0,0,0,0,0,0,0,0,0,0,0,0,0,0,0,0,0,0,0,0,0,0,0,0,0,0,0,0,0,0,0,0,0,0,0,0,0,0,0,0,0,0,0,0,0,0,0,0,0,0,0,0,0,0,0,0,0,0
0.15,0,0,0,0,0,0,0,0,0,0,0,0,0,0,0,0,0,0,0,0,0,0,0,0,0,0,0,0,0,0,0,0,0,0,0,0,0,0,0,0,0,0,0,0,0,0,0,0,0,0,0,0,0,0,0,0,0,0,0,0,0,0,0,0,0,0,0,0,0,0,0,0,0,0,0,0,0,0,0,0,0,0,0,0,0,0,0,0,0,0,0,0,0,0,0,1,0,0,0,0,0,0,0,0,0,0,0,0,0,0,0,0,0,0,0,0,0,0,0,1,0,0,0,0,0,0,0,0,0,0,0,0,0,0,0,0,0,0,0,0,0,0,0,0,0,0,0,0,0,0,0,0,0,0,0,0,0,0,1,0,0,0,0,1,0,0,0,0,0,0,0,0,0,0,0,0,0,0,0,0,1,0,0,0,0,0,0,0,0,0,0,0,0,0,0,0,0,0,0,0,0,0,0,0,1,0,0,0,0,0,0,0,0,0,0,0,0,0,0,0,0,0,0,0,0,0,0,0,0,0,0,0,0,0,0,0,0,0,0,0,0,0,0,0,0,0,0,0,0,0,0,0,0,0,0,0,0,0,0,0,0,0,0,0,0,0,0,0,0,0,0,0,0,0,0,0,0,0,0,0,0,0,0,0,0,0,0,0,0,0,0,0,0,0,0,0,0,0,0,0
0.25,0,0,0,0,0,0,0,0,0,0,0,0,0,0,0,0,0,0,0,0,0,0,0,0,0,0,0,0,0,0,0,0,0,0,0,0,0,0,0,0,0,0,0,0,0,0,0,0,0,0,0,0,0,0,0,0,0,0,0,0,0,0,0,0,0,0,0,0,0,0,0,0,0,0,0,0,0,0,0,0,0,0,0,0,0,0,0,0,0,0,0,0,0,0,0,0,0,0,0,0,0,0,0,0,0,0,0,0,0,0,0,0,0,0,0,0,0,0,0,0,0,0,0,0,0,0,0,0,0,0,0,0,0,0,0,0,0,0,0,0,0,0,0,0,0,0,0,0,0,0,0,0,0,0,0,0,0,0,0,0,0,0,0,0,0,0,0,0,0,0,0,0,0,0,0,0,0,0,0,2,0,0,0,0,0,0,0,0,0,0,0,0,0,0,1,0,0,0,0,0,0,0,0,0,0,0,0,0,0,0,0,0,0,0,0,0,0,0,0,0,1,0,0,0,0,0,0,0,0,0,0,0,0,0,0,0,0,0,0,0,0,0,0,0,0,0,0,0,0,0,0,0,0,0,0,0,0,0,0,0,0,0,0,0,0,0,0,0,0,0,0,0,0,0,0,0,0,0,0,0,0,0,0,0,0,0,0,0,0,0,0,0,0,0,0,0,0,0,0,0
0.35,0,0,0,0,0,0,0,0,0,0,0,0,0,0,0,0,0,0,0,0,0,0,0,0,0,0,0,0,0,0,0,0,0,0,0,0,0,0,0,0,0,0,0,0,0,0,0,0,0,0,0,0,0,0,0,0,0,0,0,0,0,0,0,0,0,0,0,0,0,0,0,0,0,0,0,0,0,0,0,0,0,0,0,0,0,0,0,0,0,0,0,0,0,0,0,0,0,0,0,0,0,0,0,0,0,0,0,0,0,0,0,0,0,0,0,0,0,0,0,0,0,0,0,0,0,0,0,0,0,0,0,0,0,0,0,0,0,0,0,0,0,0,0,0,0,0,0,0,0,0,0,0,0,0,0,0,0,0,0,0,0,0,1,0,0,0,0,0,0,0,0,1,0,0,0,0,0,0,0,0,0,0,0,0,0,0,0,0,0,0,0,0,0,0,0,0,0,0,1,0,0,0,0,0,0,0,0,1,0,0,0,0,0,0,0,0,0,0,0,0,0,0,0,0,0,0,0,0,0,0,0,0,0,0,0,0,0,0,0,0,0,0,0,0,0,0,0,0,0,0,0,0,0,0,0,0,0,0,0,0,0,0,0,0,0,0,0,0,0,0,0,0,0,0,0,0,0,0,0,0,0,0,0,0,0,0,0,0,0,0,0,0,0,0,0,0,0,0,0,0
0.45,0,0,0,0,0,0,0,0,0,0,0,0,0,0,0,0,0,0,0,0,0,0,0,0,0,0,0,0,0,0,0,0,0,0,0,0,0,0,0,0,0,0,0,0,0,0,0,0,0,0,0,0,0,0,0,0,0,0,0,0,0,0,0,0,0,0,0,0,0,0,0,0,0,0,0,0,0,0,0,0,0,0,0,0,0,0,0,0,0,0,0,0,0,0,0,0,0,0,0,0,0,0,0,0,0,0,0,0,0,0,0,0,0,0,0,0,0,0,0,0,0,0,0,0,0,0,0,0,0,0,0,0,0,0,0,0,0,0,0,0,0,0,0,0,0,0,0,0,0,0,0,0,0,0,0,0,0,0,0,0,0,0,0,0,0,0,0,0,0,0,0,0,0,0,0,0,0,0,0,0,0,0,0,0,0,0,0,0,0,0,0,0,0,0,0,0,0,0,1,0,0,0,0,0,0,0,1,0,0,0,0,0,0,0,0,0,0,0,0,0,0,0,0,0,0,0,0,0,0,0,0,0,0,0,0,0,0,0,0,0,0,0,0,0,0,0,0,0,0,0,0,0,0,0,0,0,0,0,0,0,0,0,0,0,0,0,0,0,0,0,0,0,0,0,0,0,0,0,0,0,0,0,0,0,0,0,0,0,0,0,0,0,0,0,0,0,0,0,0,0
0.55,0,0,0,0,0,0,0,0,0,0,0,0,0,0,0,0,0,0,0,0,0,0,0,0,0,0,0,0,0,0,0,0,0,0,0,0,0,0,0,0,0,0,0,0,0,0,0,0,0,0,0,0,0,0,0,0,0,0,0,0,0,0,0,0,0,0,0,0,0,0,0,0,0,0,0,0,0,0,0,0,0,0,0,0,0,0,0,0,0,0,0,0,0,0,0,0,0,0,0,0,0,0,0,0,0,0,0,0,0,0,0,0,0,0,0,0,0,0,0,0,0,0,0,0,0,0,0,0,0,0,0,0,0,0,0,0,0,0,0,0,0,0,0,0,0,0,0,0,0,0,0,0,0,0,0,0,0,0,0,0,0,0,0,0,0,0,0,0,0,0,0,0,0,0,0,0,0,0,0,0,0,0,0,0,0,0,1,0,0,0,0,0,0,0,0,0,0,0,0,0,0,0,0,0,0,1,0,0,0,0,0,0,0,0,0,0,0,0,0,0,0,0,0,0,0,0,0,0,0,0,0,0,0,0,0,0,0,0,0,0,0,0,0,0,0,0,0,0,0,0,0,0,0,0,0,0,0,0,0,0,0,0,0,0,0,0,0,0,0,0,0,0,0,0,0,0,0,0,0,0,0,0,0,0,0,0,0,0,0,0,0,0,0,0,0,0,0,0,0,0
0.65,0,0,0,0,0,0,0,0,0,0,0,0,0,0,0,0,0,0,0,0,0,0,0,0,0,0,0,0,0,0,0,0,0,0,0,0,0,0,0,0,0,0,0,0,0,0,0,0,0,0,0,0,0,0,0,0,0,0,0,0,0,0,0,0,0,0,0,0,0,0,0,0,0,0,0,0,0,0,0,0,0,0,0,0,0,0,0,0,0,0,0,0,0,0,0,0,0,0,0,0,0,0,0,0,0,0,0,0,0,0,0,0,0,0,0,0,0,0,0,0,0,0,0,0,0,0,0,0,0,0,0,0,0,0,0,0,0,0,0,0,0,0,0,0,0,0,0,0,0,0,0,0,0,0,0,0,0,0,0,0,0,0,0,0,0,0,0,0,0,0,0,0,0,0,0,0,0,0,0,0,0,0,1,0,0,0,0,0,0,0,0,0,0,0,0,0,0,0,0,0,0,0,0,0,1,0,0,0,0,0,0,0,0,0,0,1,0,0,0,1,0,0,0,0,0,0,0,1,0,0,0,0,0,0,0,0,0,0,0,0,0,0,0,0,0,0,0,0,0,0,0,0,0,0,0,0,0,0,0,0,0,0,0,0,0,0,0,0,0,0,0,0,0,0,0,0,0,0,0,0,0,0,0,0,0,0,0,0,0,0,0,0,0,0,0,0,0,0,0,0
0.75,0,0,0,0,0,0,0,0,0,0,0,0,0,0,0,0,0,0,0,0,0,0,0,0,0,0,0,0,0,0,0,0,0,0,0,0,0,0,0,0,0,0,0,0,0,0,0,0,0,0,0,0,0,0,0,0,0,0,0,0,0,0,0,0,0,0,0,0,0,0,0,0,0,0,0,0,0,0,0,0,0,0,0,0,0,0,0,0,0,0,0,0,0,0,0,0,0,0,1,0,0,0,0,0,0,0,0,0,0,0,0,0,0,0,0,0,0,0,0,0,0,0,0,1,0,0,0,0,0,0,0,0,0,0,0,0,0,0,0,0,0,0,0,0,0,0,0,0,0,0,0,0,0,0,0,0,0,0,0,0,0,0,0,0,0,0,0,0,0,0,1,0,0,0,0,0,0,0,0,0,0,0,0,0,0,0,0,0,0,0,0,0,0,0,1,0,0,0,0,0,0,1,0,0,0,0,0,0,0,0,0,0,0,0,0,0,0,0,0,0,0,0,0,0,0,0,1,0,0,0,0,0,0,1,0,0,0,0,0,0,0,0,0,0,0,0,0,0,0,0,0,0,0,0,0,0,0,0,0,0,0,0,0,0,0,0,0,0,0,0,0,0,0,0,0,0,0,0,0,0,0,0,0,0,0,0,0,0,0,0,0,0,0,0,0,0,0,0,0,0
0.85,0,0,0,0,0,0,0,0,0,0,0,0,0,0,0,0,0,0,0,0,0,0,0,0,0,0,0,0,0,0,0,0,0,0,0,0,0,0,0,0,0,0,0,0,0,0,0,0,0,0,0,0,0,0,0,0,0,0,0,0,0,0,0,0,0,0,0,0,0,0,0,0,0,0,0,0,0,0,0,0,0,0,0,0,0,0,0,0,0,0,0,0,0,0,0,0,0,0,0,0,0,0,0,0,0,0,0,0,0,0,0,0,0,0,0,0,0,0,0,0,0,0,0,0,0,0,0,0,0,0,0,0,0,0,0,0,0,0,0,0,0,0,0,0,0,0,0,0,0,0,0,0,0,0,0,0,0,0,0,0,0,0,0,0,0,0,0,0,0,0,0,0,0,0,0,0,0,0,0,0,0,0,0,0,0,0,0,0,0,0,0,0,0,1,0,0,0,0,1,0,1,0,0,1,0,0,0,0,0,1,0,1,0,0,0,0,0,0,0,0,0,0,0,0,0,0,0,0,0,0,0,0,0,0,0,0,0,1,0,0,0,0,0,0,0,0,0,0,0,0,0,0,0,0,0,0,0,0,0,0,0,0,0,0,0,0,0,0,0,0,0,0,0,0,0,0,0,0,0,0,0,0,0,0,0,0,0,0,0,0,0,0,0,0,0,0,0,0,0,0
0.95,0,0,0,0,0,0,0,0,0,0,0,0,0,0,0,0,0,0,0,0,0,0,0,0,0,0,0,0,0,0,0,0,0,0,0,0,0,0,0,0,0,0,0,0,0,0,0,0,0,0,0,0,0,0,0,0,0,0,0,0,0,0,0,0,0,0,0,0,0,0,0,0,0,0,0,0,0,0,0,0,0,0,0,0,0,0,0,0,0,0,0,0,0,0,0,0,0,0,0,0,0,0,0,0,0,0,0,0,0,0,0,0,0,0,0,0,0,0,0,0,0,0,0,0,0,0,0,0,0,0,0,0,0,0,0,0,0,0,0,1,0,0,0,1,0,0,0,0,0,0,0,0,0,0,0,1,0,0,0,0,0,1,0,0,0,0,0,0,0,0,0,1,0,0,0,0,0,0,0,0,0,0,0,0,0,0,0,0,0,0,0,0,0,1,1,0,0,0,0,0,1,1,0,0,0,0,0,0,1,0,0,0,0,0,0,0,0,0,1,0,0,0,0,0,0,0,0,0,1,0,0,0,0,0,0,0,0,0,0,0,0,0,0,0,0,0,0,0,0,0,0,0,0,0,0,0,0,0,0,0,0,0,0,0,0,0,0,0,0,0,0,0,0,0,0,0,0,0,0,0,0,0,0,0,0,0,0,0,0,0,0,0,0,0,0,0,0,0,0,0
1.05,0,0,0,0,0,0,0,0,0,0,0,0,0,0,0,0,0,0,0,0,0,0,0,0,0,0,0,0,0,0,0,0,0,0,0,0,0,0,0,0,0,0,0,0,0,0,0,0,0,0,0,0,0,0,0,0,0,0,0,0,0,0,0,0,0,0,0,0,0,0,0,0,0,0,0,0,0,0,0,0,0,0,0,0,0,0,0,0,0,0,0,0,0,0,0,0,0,0,0,0,0,0,0,0,0,0,0,0,0,0,0,0,0,0,1,0,0,0,0,0,0,0,0,0,0,0,0,0,0,0,0,0,0,0,0,0,0,0,0,0,0,0,0,0,0,0,0,0,0,0,0,1,0,0,0,0,0,0,0,0,0,0,0,2,0,0,0,0,0,0,0,0,0,0,0,0,0,0,0,1,0,1,0,0,0,0,0,1,0,0,0,0,1,0,0,0,0,0,0,0,0,0,0,0,0,0,0,0,0,0,0,0,0,0,0,0,0,0,0,0,0,0,0,0,0,0,0,0,0,0,0,0,0,0,0,0,0,0,0,0,0,0,0,0,0,0,0,0,0,0,0,0,0,0,0,0,0,0,0,0,0,0,0,0,0,0,0,0,0,0,0,0,0,0,0,0,0,0,0,0,0,0,0,0,0,0,0,0,0,0,0,0,0,0,0,0,0,0,0,0
1.15,0,0,0,0,0,0,0,0,0,0,0,0,0,0,0,0,0,0,0,0,0,0,0,0,0,0,0,0,0,0,0,0,0,0,0,0,0,0,0,0,0,0,0,0,0,0,0,0,0,0,0,0,0,0,0,0,0,0,0,0,0,0,0,0,0,0,0,0,0,0,0,0,0,0,0,0,0,0,0,0,0,0,0,0,0,0,0,0,0,0,0,0,0,0,0,0,0,0,0,0,0,0,0,0,0,0,0,0,0,0,0,0,0,0,0,0,0,0,0,0,0,1,0,0,0,0,0,0,0,0,0,0,0,0,0,0,0,0,0,0,1,0,0,0,0,0,0,0,0,0,0,0,0,0,1,0,0,1,1,0,2,0,0,0,0,0,0,0,0,0,0,1,0,0,0,0,0,0,0,0,0,0,0,0,1,0,0,0,0,0,0,0,0,0,0,0,0,0,0,0,0,0,0,0,0,0,0,0,0,0,1,1,0,0,0,0,0,0,0,0,0,0,0,0,0,0,0,0,0,0,0,0,0,0,0,0,0,0,0,0,0,0,0,0,0,0,0,0,0,0,0,0,0,0,0,0,0,0,0,0,0,0,0,0,0,0,0,0,0,0,0,0,0,0,0,0,0,0,0,0,0,0,0,0,0,0,0,0,0,0,0,0,0,0,0,0,0,0,0,0
1.25,0,0,0,0,0,0,0,0,0,0,0,0,0,0,0,0,0,0,0,0,0,0,0,0,0,0,0,0,0,0,0,0,0,0,0,0,0,0,0,0,0,0,0,0,0,0,0,0,0,0,0,0,0,0,0,0,0,0,0,0,0,0,0,0,0,0,0,0,0,0,0,0,0,0,0,0,0,0,0,0,0,0,0,0,0,0,0,0,0,0,0,0,0,0,0,0,0,0,0,0,0,0,0,0,0,0,0,0,0,0,0,0,0,0,0,0,0,0,0,0,0,0,0,0,0,0,0,0,0,0,0,0,0,0,0,0,0,0,0,0,0,0,0,1,0,0,0,0,0,0,1,0,0,0,0,1,0,0,0,0,0,0,0,1,0,0,0,0,0,1,0,0,0,0,0,0,0,0,0,0,0,0,0,0,0,0,0,0,0,0,0,0,0,1,0,0,1,0,0,1,0,0,0,0,0,0,0,0,0,0,0,0,0,1,0,0,0,1,1,0,0,0,0,0,0,0,0,0,0,0,0,0,0,0,0,0,0,0,0,0,0,0,0,0,0,0,0,0,0,0,0,0,0,0,0,0,0,0,0,0,0,0,0,0,0,0,0,0,0,0,0,0,0,0,0,0,0,0,0,0,0,0,0,0,0,0,0,0,0,0,0,0,0,0,0,0,0,0,0,0
1.35,0,0,0,0,0,0,0,0,0,0,0,0,0,0,0,0,0,0,0,0,0,0,0,0,0,0,0,0,0,0,0,0,0,0,0,0,0,0,0,0,0,0,0,0,0,0,0,0,0,0,0,0,0,0,0,0,0,0,0,0,0,0,0,0,0,0,0,0,0,0,0,0,0,0,0,0,0,0,0,0,0,0,0,0,0,0,0,0,0,0,0,0,0,0,0,0,0,0,0,0,0,0,0,0,0,0,0,0,0,0,0,0,0,0,0,0,0,0,0,0,0,0,0,0,0,0,0,0,0,0,0,0,0,0,0,0,0,0,0,0,0,0,0,0,0,0,0,0,0,0,0,0,0,0,0,0,0,0,0,0,0,0,0,0,0,0,1,0,0,0,0,0,0,0,0,2,0,1,1,0,0,0,0,1,0,0,0,0,0,0,0,0,0,0,0,1,0,0,0,0,0,0,0,0,0,0,2,0,0,1,0,0,0,0,0,0,0,0,0,0,0,0,0,0,0,0,0,0,0,0,0,0,0,0,0,0,0,0,0,0,0,0,0,0,0,0,0,0,0,0,0,0,0,0,0,0,0,0,0,0,0,0,0,0,0,0,0,0,0,0,0,0,0,0,0,0,0,0,0,0,0,0,0,0,0,0,0,0,0,0,0,0,0,0,0,0,0,0,0,0
1.45,0,0,0,0,0,0,0,0,0,0,0,0,0,0,0,0,0,0,0,0,0,0,0,0,0,0,0,0,0,0,0,0,0,0,0,0,0,0,0,0,0,0,0,0,0,0,0,0,0,0,0,0,0,0,0,0,0,0,0,0,0,0,0,0,0,0,0,0,0,0,0,0,0,0,0,0,0,0,0,0,0,0,0,0,0,0,0,0,0,0,0,0,0,0,0,0,0,0,0,0,0,0,0,0,0,0,0,0,0,0,0,0,0,0,0,0,1,0,0,0,0,0,0,0,0,0,0,0,1,1,2,0,0,0,0,0,0,0,0,0,0,0,0,0,0,0,1,0,1,0,0,0,0,0,0,0,0,1,0,0,0,0,0,1,0,0,0,0,0,0,0,1,0,1,0,0,0,0,0,0,0,1,0,0,0,0,1,1,1,0,0,0,0,0,1,1,0,0,2,0,2,1,0,0,0,0,0,0,0,0,0,0,0,0,0,0,0,0,0,0,0,0,0,0,0,1,0,0,0,0,0,0,0,0,0,0,0,0,0,0,0,0,0,0,0,0,0,0,0,0,0,0,0,0,0,0,0,0,0,0,0,0,0,0,0,0,0,0,0,0,0,0,0,0,0,0,0,0,0,0,0,0,0,0,0,0,0,0,0,0,0,0,0,0,0,0,0,0,0,0
1.55,0,0,0,0,0,0,0,0,0,0,0,0,0,0,0,0,0,0,0,0,0,0,0,0,0,0,0,0,0,0,0,0,0,0,0,0,0,0,0,0,0,0,0,0,0,0,0,0,0,0,0,0,0,0,0,0,0,0,0,0,0,0,0,0,0,0,0,0,0,0,0,0,0,0,0,0,0,0,0,0,0,0,0,0,0,0,0,0,0,0,0,0,0,0,0,0,0,0,0,0,0,0,0,0,0,0,0,0,0,0,0,0,0,0,0,0,0,0,0,0,0,0,0,0,1,0,0,0,0,0,0,0,0,0,0,1,1,0,0,0,0,0,0,0,0,0,0,0,0,1,0,0,0,0,0,0,0,1,0,1,1,0,1,1,0,0,0,0,0,0,1,0,0,0,0,0,0,0,2,0,0,0,0,0,0,0,0,0,2,1,0,0,0,0,1,1,0,0,1,0,0,0,1,1,0,2,1,0,0,0,0,0,0,0,0,0,0,0,0,1,0,0,0,0,0,1,0,0,0,0,0,0,0,0,0,0,0,0,0,0,0,0,0,0,0,0,0,0,0,0,0,0,0,0,0,0,0,0,0,0,0,0,0,0,0,0,0,0,0,0,0,0,0,0,0,0,0,0,0,0,0,0,0,0,0,0,0,0,0,0,0,0,0,0,0,0,0,0,0,0
1.65,0,0,0,0,0,0,0,0,0,0,0,0,0,0,0,0,0,0,0,0,0,0,0,0,0,0,0,0,0,0,0,0,0,0,0,0,0,0,0,0,0,0,0,0,0,0,0,0,0,0,0,0,0,0,0,0,0,0,0,0,0,0,0,0,0,0,0,0,0,0,0,0,0,0,0,0,0,0,0,0,0,0,0,0,0,0,0,0,0,0,0,0,0,0,0,0,0,0,0,0,0,0,0,0,0,0,0,0,0,0,0,0,0,0,0,0,0,0,0,0,0,0,0,0,0,0,0,0,0,0,0,0,0,1,0,0,0,0,0,0,1,0,0,0,0,0,0,0,0,0,0,0,0,0,0,0,0,0,0,0,0,1,0,0,1,0,2,0,0,1,0,0,0,2,1,0,0,0,0,1,1,0,0,1,0,0,0,0,2,0,0,0,0,0,1,0,0,0,0,0,0,2,0,0,0,0,1,0,1,2,0,0,0,0,0,0,1,0,0,0,0,0,0,0,0,0,0,0,0,0,0,0,0,0,0,0,0,0,0,0,0,0,1,0,0,0,0,0,0,0,0,0,0,0,0,0,0,0,0,0,0,0,0,0,0,0,0,0,0,0,0,0,0,0,0,0,0,0,0,0,0,0,0,0,0,0,0,0,0,0,0,0,0,0,0,0,0,0,0,0
1.75,0,0,0,0,0,0,0,0,0,0,0,0,0,0,0,0,0,0,0,0,0,0,0,0,0,0,0,0,0,0,0,0,0,0,0,0,0,0,0,0,0,0,0,0,0,0,0,0,0,0,0,0,0,0,0,0,0,0,0,0,0,0,0,0,0,0,0,0,0,0,0,0,0,0,0,0,0,0,0,0,0,0,0,0,0,0,0,0,0,0,0,0,0,0,0,0,0,0,0,0,0,0,0,0,0,0,0,0,1,0,0,0,0,0,0,0,0,0,0,0,0,0,0,0,0,0,0,0,0,0,0,0,0,1,1,0,0,0,0,0,0,0,0,1,1,0,0,0,0,0,0,0,0,0,0,0,0,0,0,1,0,0,0,0,0,0,0,0,0,3,0,1,0,0,0,1,0,0,0,0,2,1,0,2,0,0,1,0,0,0,1,0,0,0,1,2,0,1,1,0,0,0,1,0,0,1,1,0,2,0,0,0,1,0,0,0,0,0,1,0,1,0,0,0,0,1,0,0,0,0,0,0,0,0,0,0,0,0,0,0,0,0,0,0,0,0,0,0,0,0,0,0,0,0,0,0,0,0,0,0,0,0,0,0,0,0,0,0,0,0,0,0,0,0,0,0,0,0,0,0,0,0,0,0,0,0,0,0,0,0,0,0,0,0,0,0,0,0,0,0
1.85,0,0,0,0,0,0,0,0,0,0,0,0,0,0,0,0,0,0,0,0,0,0,0,0,0,0,0,0,0,0,0,0,0,0,0,0,0,0,0,0,0,0,0,0,0,0,0,0,0,0,0,0,0,0,0,0,0,0,0,0,0,0,0,0,0,0,0,0,0,0,0,0,0,0,0,0,0,0,0,0,0,0,0,0,0,0,0,0,0,0,0,0,0,0,0,0,0,1,0,0,0,0,0,0,1,0,0,0,0,0,3,0,0,1,1,0,0,0,0,0,1,0,0,0,0,0,0,1,0,1,1,0,0,0,0,0,0,0,1,1,0,0,0,0,0,0,0,0,0,0,0,0,0,0,1,0,1,0,0,0,0,0,0,0,0,0,0,2,0,5,1,0,3,0,1,0,2,0,1,1,0,0,2,0,0,1,0,3,0,0,2,0,2,2,0,1,0,2,1,1,1,1,1,0,1,1,0,1,1,0,0,0,1,0,0,0,1,0,1,0,0,1,0,0,1,1,0,0,0,0,0,0,0,0,0,0,0,0,0,0,0,0,0,0,0,0,0,0,0,0,0,0,0,0,0,0,0,0,0,0,0,0,0,0,0,0,0,0,0,0,0,0,0,0,0,0,0,0,0,0,0,0,0,0,0,0,0,0,0,0,0,0,0,0,0,0,0,0,0,0
1.95,0,0,0,0,0,0,0,0,0,0,0,0,0,0,0,0,0,0,0,0,0,0,0,0,0,0,0,0,0,0,0,0,0,0,0,0,0,0,0,0,0,0,0,0,0,0,0,0,0,0,0,0,0,0,0,0,0,0,0,0,0,0,0,0,0,0,0,0,0,0,0,0,0,0,0,0,0,0,0,0,0,0,0,0,0,0,0,0,0,0,0,0,0,0,0,0,0,0,0,0,0,0,0,0,0,0,0,0,0,0,0,0,0,0,0,0,0,0,0,0,0,0,0,0,0,1,0,0,0,0,1,0,0,3,0,0,0,0,1,0,0,1,2,0,0,0,0,2,0,0,0,1,0,0,0,0,0,1,0,0,1,0,2,0,1,0,0,0,0,1,0,0,1,2,0,1,0,0,0,0,0,1,1,0,2,2,0,3,0,0,0,0,0,0,1,2,1,1,1,0,1,1,1,1,2,2,2,1,0,0,0,2,0,1,0,2,0,0,0,1,0,0,0,2,0,0,0,0,0,0,0,0,1,0,0,0,0,0,0,1,0,0,0,0,0,0,0,0,0,0,0,0,0,0,0,0,0,0,0,0,0,0,0,0,0,0,0,0,0,0,0,0,0,0,0,0,0,0,0,0,0,0,0,0,0,0,0,0,0,0,0,0,0,0,0,0,0,0,0,0
2.05,0,0,0,0,0,0,0,0,0,0,0,0,0,0,0,0,0,0,0,0,0,0,0,0,0,0,0,0,0,0,0,0,0,0,0,0,0,0,0,0,0,0,0,0,0,0,0,0,0,0,0,0,0,0,0,0,0,0,0,0,0,0,0,0,0,0,0,0,0,0,0,0,0,0,0,0,0,0,0,0,0,0,0,0,0,0,0,0,0,0,0,0,0,0,0,0,0,0,0,0,0,0,0,0,0,0,0,0,0,0,0,0,0,0,0,0,0,0,0,0,0,0,0,0,0,0,0,0,0,1,0,0,0,0,0,0,1,0,1,2,0,0,1,0,0,0,0,1,1,0,0,0,1,0,0,0,1,0,0,0,0,0,0,1,0,1,0,1,0,1,1,0,0,0,0,1,0,0,0,0,1,0,2,1,2,1,0,0,1,2,2,3,1,0,0,1,1,0,0,0,1,0,0,0,1,0,0,0,1,1,1,0,1,0,1,1,0,1,1,0,0,0,1,2,0,0,0,0,0,0,1,1,0,0,1,0,0,1,0,1,0,0,0,0,1,0,0,0,0,0,0,0,0,0,0,0,0,0,0,0,0,0,0,0,0,0,0,0,0,0,0,0,0,0,0,0,0,0,0,0,0,0,0,0,0,0,0,0,0,0,0,0,0,0,0,0,0,0,0,0
2.15,0,0,0,0,0,0,0,0,0,0,0,0,0,0,0,0,0,0,0,0,0,0,0,0,0,0,0,0,0,0,0,0,0,0,0,0,0,0,0,0,0,0,0,0,0,0,0,0,0,0,0,0,0,0,0,0,0,0,0,0,0,0,0,0,0,0,0,0,0,0,0,0,0,0,0,0,0,0,0,0,0,0,0,0,0,0,0,0,0,0,0,0,0,0,0,0,0,0,0,0,0,0,0,0,0,0,0,0,0,0,0,0,0,0,0,0,0,0,0,1,0,0,0,0,0,0,0,0,0,0,0,0,0,0,0,0,0,0,0,0,1,0,0,0,0,0,0,0,0,0,0,1,0,0,1,0,2,0,0,1,2,0,0,0,0,0,1,0,0,0,1,0,0,1,2,0,2,0,1,1,1,0,0,0,0,1,0,2,1,0,1,0,2,1,1,2,1,1,2,4,0,1,2,0,1,0,1,1,1,0,1,0,0,1,0,0,0,2,0,1,0,0,0,0,1,0,1,1,0,0,0,0,0,0,0,0,0,0,0,0,1,2,1,0,0,0,0,0,1,0,0,0,0,0,0,0,0,0,0,0,0,0,0,0,0,0,0,0,0,0,0,0,0,0,0,0,0,0,0,0,0,0,0,0,0,0,0,0,0,0,0,0,0,0,0,0,0,0,0,0
2.25,0,0,0,0,0,0,0,0,0,0,0,0,0,0,0,0,0,0,0,0,0,0,0,0,0,0,0,0,0,0,0,0,0,0,0,0,0,0,0,0,0,0,0,0,0,0,0,0,0,0,0,0,0,0,0,0,0,0,0,0,0,0,0,0,0,0,0,0,0,0,0,0,0,0,0,0,0,0,0,0,0,0,0,0,0,0,0,0,0,1,0,0,0,1,0,0,0,0,0,0,0,0,0,0,0,0,0,0,0,0,0,0,0,0,0,0,0,1,0,0,0,0,0,0,0,0,0,0,0,0,0,0,1,0,0,0,0,0,0,1,0,0,0,0,0,1,0,0,0,0,0,0,0,0,1,0,0,1,0,0,2,0,1,0,0,3,2,0,1,0,0,1,0,1,0,0,0,0,0,1,1,0,1,0,1,1,1,1,1,1,0,2,0,1,1,1,0,1,2,0,0,0,1,2,1,2,1,1,1,0,1,2,0,1,2,1,0,0,0,1,2,0,0,1,0,1,0,0,0,0,0,1,0,0,0,0,0,0,0,0,0,0,1,1,1,0,0,0,1,0,0,0,0,0,0,0,0,0,0,0,0,0,0,0,0,0,0,0,0,0,0,0,0,0,0,0,0,0,0,0,0,0,0,0,0,0,0,0,0,0,0,0,0,0,0,0,0,0,0,0
2.35,0,0,0,0,0,0,0,0,0,0,0,0,0,0,0,0,0,0,0,0,0,0,0,0,0,0,0,0,0,0,0,0,0,0,0,0,0,0,0,0,0,0,0,0,0,0,0,0,0,0,0,0,0,0,0,0,0,0,0,0,0,0,0,0,0,0,0,0,0,0,0,0,0,0,0,0,0,0,0,0,0,0,0,0,0,0,0,0,0,0,0,0,0,0,0,1,0,0,0,0,0,0,0,1,1,0,1,1,2,0,0,0,0,0,1,0,0,0,1,1,0,1,0,0,1,0,1,2,1,1,1,0,0,0,0,0,1,0,0,0,2,1,0,1,0,0,0,2,0,1,0,1,2,1,0,2,0,0,1,0,2,2,0,1,0,1,1,0,0,0,1,2,1,0,0,1,1,2,2,1,1,1,0,1,1,2,0,1,3,1,2,2,1,0,2,0,1,1,2,2,2,2,2,0,0,1,1,0,3,2,0,1,0,0,1,1,3,0,2,3,0,0,1,1,0,0,0,1,0,0,1,0,0,0,0,1,0,0,0,0,0,0,0,0,0,1,1,0,0,0,0,0,1,0,0,0,0,0,0,0,0,0,0,0,0,0,0,0,0,0,0,0,0,0,0,0,0,0,0,0,0,0,0,0,0,0,0,0,0,0,0,0,0,0,0,0,0,0,0,0
2.45,0,0,0,0,0,0,0,0,0,0,0,0,0,0,0,0,0,0,0,0,0,0,0,0,0,0,0,0,0,0,0,0,0,0,0,0,0,0,0,0,0,0,0,0,0,0,0,0,0,0,0,0,0,0,0,0,0,0,0,0,0,0,0,0,0,0,0,0,0,0,0,0,0,0,0,0,0,0,0,0,0,0,0,0,0,0,0,0,0,0,0,0,0,0,0,0,0,0,0,0,0,0,0,0,0,0,0,0,0,0,0,0,0,0,0,1,0,0,1,0,0,0,0,0,0,0,0,1,1,0,0,0,0,0,0,2,0,0,0,0,0,1,0,1,0,0,0,0,2,1,2,1,0,0,0,0,1,1,1,0,2,1,1,0,0,1,0,1,2,0,0,1,0,1,2,2,5,1,0,1,2,0,3,0,1,0,1,1,1,2,2,0,0,1,5,0,4,3,1,0,4,2,1,1,0,1,1,0,1,2,2,1,2,0,0,0,1,2,0,1,2,0,2,1,1,2,0,0,1,0,0,0,0,1,0,0,0,0,0,1,0,0,0,0,0,0,0,0,1,0,0,1,0,0,0,0,0,0,0,0,0,0,0,0,0,0,0,0,0,0,0,0,0,0,0,0,0,0,0,0,0,0,0,0,0,0,0,0,0,0,0,0,0,0,0,0,0,0,0,0
2.55,0,0,0,0,0,0,0,0,0,0,0,0,0,0,0,0,0,0,0,0,0,0,0,0,0,0,0,0,0,0,0,0,0,0,0,0,0,0,0,0,0,0,0,0,0,0,0,0,0,0,0,0,0,0,0,0,0,0,0,0,0,0,0,0,0,0,0,0,0,0,0,0,0,0,0,0,0,0,0,0,0,0,0,0,1,0,0,0,0,0,0,0,0,0,0,0,0,0,0,0,0,0,0,0,1,0,0,0,1,0,0,0,1,0,0,1,0,0,0,1,0,0,1,0,0,1,0,1,0,0,1,0,1,0,0,0,0,0,1,0,1,2,1,1,2,0,0,0,0,0,0,1,1,0,0,0,0,1,1,0,1,0,3,2,2,1,1,0,0,3,0,0,1,0,1,1,1,1,1,1,2,1,0,1,0,2,1,1,1,0,0,1,1,1,2,1,1,4,0,0,1,3,1,2,1,0,0,1,2,2,1,1,0,1,1,0,2,1,1,0,0,2,2,0,0,1,0,2,0,0,0,1,0,0,0,0,3,0,0,0,0,1,0,0,0,0,0,0,0,0,0,0,1,0,0,0,0,0,0,0,0,0,0,0,0,0,0,0,0,0,0,0,0,0,0,0,0,0,0,0,0,0,0,0,0,0,0,0,0,0,0,0,0,0,0,0,0,0,0,0
2.65,0,0,0,0,0,0,0,0,0,0,0,0,0,0,0,0,0,0,0,0,0,0,0,0,0,0,0,0,0,0,0,0,0,0,0,0,0,0,0,0,0,0,0,0,0,0,0,0,0,0,0,0,0,0,0,0,0,0,0,0,0,0,0,0,0,0,0,0,0,0,0,0,0,0,0,0,0,0,0,0,0,0,0,0,0,0,0,0,0,0,0,0,0,0,0,0,0,0,0,0,0,0,0,0,0,0,0,0,0,1,0,0,0,0,0,0,0,0,0,0,0,0,0,0,0,0,0,1,1,0,0,0,0,2,0,0,0,1,2,0,2,0,1,1,2,0,0,0,2,0,1,1,0,0,1,0,0,3,1,0,0,1,0,0,1,1,0,1,0,2,4,1,0,2,0,3,0,2,1,4,0,0,0,1,1,3,1,1,2,1,1,2,1,0,0,2,1,0,1,2,2,0,1,3,1,1,0,1,1,0,3,2,0,1,1,2,1,1,4,0,1,2,1,2,1,0,1,0,1,2,0,1,3,0,0,0,0,0,0,0,1,2,0,0,0,1,0,0,0,0,0,0,0,0,0,0,0,0,0,0,0,0,0,0,0,0,0,0,0,0,0,0,0,0,0,0,0,0,0,0,0,0,0,0,0,0,0,0,0,0,0,0,0,0,0,0,0,0,0,0
2.75,0,0,0,0,0,0,0,0,0,0,0,0,0,0,0,0,0,0,0,0,0,0,0,0,0,0,0,0,0,0,0,0,0,0,0,0,0,0,0,0,0,0,0,0,0,0,0,0,0,0,0,0,0,0,0,0,0,0,0,0,0,0,0,0,0,0,0,0,0,0,0,0,0,0,0,0,0,0,0,0,0,0,0,0,0,0,0,0,0,0,0,0,0,0,0,0,0,0,0,0,0,0,0,0,0,0,0,0,0,0,0,0,0,0,0,0,1,0,0,0,0,0,0,0,1,0,0,1,0,0,0,0,0,0,0,0,0,0,0,0,0,0,0,0,0,1,1,1,1,1,2,1,1,1,0,2,2,1,3,1,1,0,1,2,1,1,1,0,1,0,0,0,2,0,1,1,0,0,1,1,2,1,1,1,2,2,0,2,3,0,3,1,2,0,4,3,0,1,2,2,3,1,1,2,2,1,3,3,5,0,2,0,1,2,1,2,0,2,1,2,0,1,0,2,3,1,1,4,1,0,1,2,0,0,1,0,2,0,0,0,0,0,0,0,0,0,0,1,0,0,0,0,0,0,0,0,0,0,0,0,0,0,0,0,0,0,0,0,0,0,0,0,0,0,0,0,0,0,0,0,0,0,0,0,0,0,0,0,0,0,0,0,0,0,0,0,0,0,0,0
2.85,0,0,0,0,0,0,0,0,0,0,0,0,0,0,0,0,0,0,0,0,0,0,0,0,0,0,0,0,0,0,0,0,0,0,0,0,0,0,0,0,0,0,0,0,0,0,0,0,0,0,0,0,0,0,0,0,0,0,0,0,0,0,0,0,0,0,0,0,0,0,0,0,0,0,0,0,0,0,0,0,0,0,0,0,0,0,0,0,0,0,0,0,0,0,0,0,0,0,0,0,0,0,0,0,0,0,0,0,0,0,2,0,0,0,1,0,0,0,0,0,2,1,0,0,0,1,0,0,0,1,1,2,1,1,4,2,0,0,1,0,0,0,0,0,2,5,1,2,1,2,1,3,0,0,0,0,2,1,3,2,2,0,3,0,0,1,2,3,0,2,1,0,0,0,1,1,3,1,2,1,3,5,1,4,2,2,1,1,0,2,3,1,3,1,3,3,3,2,1,2,3,4,2,1,0,0,4,3,3,0,1,5,1,1,2,4,1,0,0,0,1,4,1,0,2,0,0,0,1,2,0,0,0,4,1,1,1,0,1,2,0,0,0,1,0,0,0,0,1,1,0,0,0,0,0,0,0,0,0,0,0,0,0,0,0,0,0,0,0,0,0,0,0,0,0,0,0,0,0,0,0,0,0,0,0,0,0,0,0,0,0,0,0,0,0,0,0,0,0,0
2.95,0,0,0,0,0,0,0,0,0,0,0,0,0,0,0,0,0,0,0,0,0,0,0,0,0,0,0,0,0,0,0,0,0,0,0,0,0,0,0,0,0,0,0,0,0,0,0,0,0,0,0,0,0,0,0,0,0,0,0,0,0,0,0,0,0,0,0,0,0,0,0,0,0,0,0,0,0,0,0,1,0,0,0,1,0,0,0,0,0,0,0,0,0,0,0,0,0,0,0,0,1,0,1,0,0,0,0,0,0,0,0,0,0,0,1,1,0,0,0,1,0,1,0,1,0,1,1,0,0,0,1,0,1,0,0,1,1,1,1,1,0,1,1,0,0,0,1,3,0,0,2,1,0,1,1,3,3,1,3,2,0,1,0,2,1,2,5,1,1,1,0,4,2,0,4,2,5,2,1,0,2,1,1,1,0,2,1,2,0,2,1,2,0,1,5,1,2,2,2,6,1,3,3,3,3,2,0,1,0,5,3,3,2,0,5,3,2,2,0,2,0,1,3,2,1,2,2,0,0,3,1,0,0,0,0,1,0,1,0,2,0,1,1,0,0,0,1,0,0,0,0,2,0,0,0,0,0,0,0,0,0,0,0,0,0,0,0,0,0,0,0,0,0,0,0,0,0,0,0,0,0,0,0,0,0,0,0,0,0,0,0,0,0,0,0,0,0,0,0,0
3.05,0,0,0,0,0,0,0,0,0,0,0,0,0,0,0,0,0,0,0,0,0,0,0,0,0,0,0,0,0,0,0,0,0,0,0,0,0,0,0,0,0,0,0,0,0,0,0,0,0,0,0,0,0,0,0,0,0,0,0,0,0,0,0,0,0,0,0,0,0,0,0,0,0,0,0,0,0,1,0,0,0,0,0,0,0,0,0,0,0,0,0,0,0,0,0,0,0,0,0,0,0,0,0,0,0,0,0,0,0,0,1,0,0,0,0,0,0,1,0,0,0,0,0,0,0,0,1,0,1,1,1,1,0,0,1,0,0,2,3,1,1,1,1,0,1,1,0,0,0,1,0,2,1,1,1,2,0,1,2,0,1,0,0,2,1,4,2,1,1,2,1,4,3,3,1,3,6,4,0,2,1,2,4,4,1,3,1,4,2,0,4,4,1,3,3,4,5,5,3,2,2,2,1,4,1,3,3,0,7,0,2,5,3,1,0,2,1,1,4,2,0,4,1,1,2,0,0,1,0,1,0,0,0,2,1,0,0,0,0,1,1,1,0,0,0,0,0,0,1,1,0,1,0,1,0,0,0,0,0,0,0,0,0,0,0,0,0,0,0,0,0,0,0,0,0,0,0,0,0,0,0,0,0,0,0,0,0,0,0,0,0,0,0,0,0,0,0,0,0,0
3.15,0,0,0,0,0,0,0,0,0,0,0,0,0,0,0,0,0,0,0,0,0,0,0,0,0,0,0,0,0,0,0,0,0,0,0,0,0,0,0,0,0,0,0,0,0,0,0,0,0,0,1,0,0,0,0,0,0,0,0,0,0,0,0,0,0,0,0,0,1,0,0,0,0,0,0,0,0,0,0,0,0,0,0,1,0,0,0,1,0,0,0,0,0,0,0,0,0,0,0,0,1,0,0,0,1,0,0,0,0,0,0,0,0,0,1,0,1,0,0,0,0,0,0,1,1,1,1,0,1,0,1,1,1,0,0,0,1,0,1,4,0,1,0,0,2,1,1,4,1,0,2,3,1,3,2,1,3,2,0,4,0,1,2,3,0,1,0,2,0,2,3,0,0,3,0,1,0,3,1,1,2,3,2,4,5,4,3,1,4,4,1,5,2,4,0,4,1,5,4,3,5,2,2,1,1,2,4,7,3,1,2,2,1,0,2,3,0,1,3,1,1,0,4,1,1,1,0,1,0,0,2,0,0,1,0,1,0,2,0,0,0,1,0,0,0,0,0,0,0,0,0,1,1,0,1,0,0,0,0,0,0,0,0,0,0,0,0,0,0,0,0,0,0,0,0,0,0,0,0,0,0,0,0,0,0,0,0,0,0,0,0,0,0,0,0,0,0,0,0,0
3.25,0,0,0,0,0,0,0,0,0,0,0,0,0,0,0,0,0,0,0,0,0,0,0,0,0,0,0,0,0,0,0,0,0,0,0,0,0,0,0,0,0,0,0,0,0,0,0,0,0,0,0,0,0,0,0,0,0,0,0,0,0,0,0,0,1,0,0,0,0,0,1,1,0,0,0,0,0,0,0,0,1,0,0,1,0,0,0,0,0,0,0,0,0,0,0,0,0,0,0,0,0,0,0,0,0,1,0,1,0,0,0,0,0,0,1,2,0,0,0,0,0,0,0,2,2,0,2,0,0,0,1,1,0,2,2,1,3,4,1,1,0,1,1,1,2,3,0,3,1,1,0,0,0,1,1,2,1,2,1,0,4,1,2,1,0,1,0,5,0,0,4,1,1,1,3,1,4,4,2,2,4,0,1,3,1,3,3,4,2,2,2,3,4,3,4,2,2,3,1,3,4,4,1,2,5,4,3,5,0,0,2,1,1,1,2,3,2,1,2,2,4,0,0,1,2,2,2,2,2,1,1,0,2,0,0,0,0,2,0,1,2,1,0,1,0,0,0,0,0,0,0,0,1,0,0,1,0,0,0,1,0,0,0,0,0,0,0,0,0,0,0,0,0,0,0,0,0,0,0,0,0,0,0,0,0,0,0,0,0,0,0,0,0,0,0,0,0,0,0,0
3.35,0,0,0,0,0,0,0,0,0,0,0,0,0,0,0,0,0,0,0,0,0,0,0,0,0,0,0,0,0,0,0,0,0,0,0,0,0,0,0,0,0,0,0,0,0,0,0,0,0,0,0,0,0,0,0,0,0,0,0,0,0,0,0,0,0,0,0,0,0,0,1,0,0,0,0,0,0,0,0,0,0,0,0,0,0,0,0,0,0,0,0,0,0,1,0,0,0,0,0,0,0,0,0,0,0,0,1,0,0,0,0,1,0,0,0,1,0,0,1,0,0,1,2,0,1,2,0,2,2,2,1,1,0,0,0,2,0,0,2,1,2,2,1,0,0,1,1,2,1,0,1,2,2,0,1,0,2,1,0,0,2,1,5,2,4,1,1,2,3,2,4,7,2,4,3,2,3,2,2,3,3,2,6,1,3,1,2,5,5,4,7,3,5,4,10,4,2,3,6,4,3,4,3,7,5,3,3,5,3,4,4,3,8,6,2,2,2,2,2,1,0,0,4,1,2,0,2,4,0,3,0,2,1,1,0,2,0,0,0,0,0,1,0,3,1,1,0,0,0,0,0,0,0,0,0,0,2,0,0,0,1,0,0,0,0,0,0,0,0,0,0,0,0,0,0,0,0,0,0,0,0,0,0,0,0,0,0,0,0,0,0,0,0,0,0,0,0,0,0,0
3.45,0,0,0,0,0,0,0,0,0,0,0,0,0,0,0,0,0,0,0,0,0,0,0,0,0,0,0,0,0,0,0,0,0,0,0,0,0,0,0,0,0,0,0,0,0,0,0,0,0,0,0,0,0,0,0,0,0,0,0,0,0,0,0,0,0,0,0,0,0,0,0,0,0,0,0,1,0,0,0,0,1,1,0,1,0,1,0,1,0,0,0,0,0,0,0,0,0,1,0,0,0,0,0,1,0,0,0,0,0,0,0,1,1,0,1,0,0,0,0,1,1,3,1,2,0,0,1,1,1,0,2,2,0,1,2,1,0,1,1,3,3,0,2,2,2,1,1,0,1,2,1,0,2,3,2,3,0,4,4,1,2,1,2,1,3,2,1,1,5,6,1,3,2,1,4,2,3,4,2,2,5,2,2,4,0,5,4,3,1,2,3,0,4,7,1,2,2,6,5,4,7,4,5,5,3,0,6,1,2,6,2,5,6,4,4,4,3,8,4,3,3,4,4,2,1,1,4,0,2,2,2,2,0,2,1,1,1,0,3,2,0,1,1,0,1,2,1,1,0,0,0,0,0,0,0,0,0,0,1,0,0,0,0,0,0,0,0,0,0,0,0,0,0,0,0,0,0,0,0,0,0,0,0,0,0,0,0,0,0,0,0,0,0,0,0,0,0,0,0,0
3.55,0,0,0,0,0,0,0,0,0,0,0,0,0,0,0,0,0,0,0,0,0,0,0,0,0,0,0,0,0,0,0,0,0,0,0,0,0,0,0,0,0,0,0,0,0,0,0,0,0,0,0,0,0,0,0,0,0,0,0,0,0,0,0,0,0,0,0,0,0,0,0,0,0,0,0,0,0,0,0,0,0,0,0,0,0,0,0,0,0,0,0,0,1,0,0,0,0,0,0,0,0,0,0,0,0,0,0,0,0,0,0,0,0,0,0,0,1,0,2,2,1,0,0,1,0,2,2,1,2,1,0,0,1,1,1,0,0,0,3,0,3,1,0,1,1,1,2,1,3,4,3,3,2,1,2,3,4,1,3,4,3,4,1,2,4,1,2,0,3,2,2,0,0,10,0,2,6,5,1,1,1,5,4,4,9,2,3,3,4,5,3,4,1,5,5,1,10,7,5,6,2,2,8,7,0,6,3,4,0,2,6,2,2,2,5,1,3,4,1,1,1,2,2,3,5,1,1,2,1,2,5,0,4,1,1,0,4,0,2,1,0,3,0,1,0,1,1,1,0,1,0,0,0,0,0,0,0,0,0,0,1,0,0,0,0,0,0,0,0,0,0,0,0,0,0,0,0,0,0,0,0,0,0,0,0,0,0,0,0,0,0,0,0,0,0,0,0,0,0,0
3.65,0,0,0,0,0,0,0,0,0,0,0,0,0,0,0,0,0,0,0,0,0,0,0,0,0,0,0,0,0,0,0,0,0,0,0,0,0,0,0,0,0,0,0,0,0,0,0,0,0,0,0,0,0,0,0,0,0,0,0,0,0,0,0,0,0,0,0,0,0,0,0,0,0,0,0,0,0,0,0,0,0,0,1,0,0,0,0,0,0,0,0,0,1,1,0,0,0,1,0,0,0,0,1,0,1,0,0,0,1,0,0,0,0,0,1,2,0,0,0,1,1,0,0,1,0,1,0,0,1,0,0,0,0,1,0,2,0,2,3,2,0,1,1,1,0,3,3,2,1,1,3,1,3,0,1,2,2,0,2,5,1,3,2,0,3,4,1,5,3,4,3,4,1,7,6,4,6,3,4,5,4,6,4,6,5,4,6,5,5,5,4,8,7,4,7,8,5,5,7,6,3,5,3,5,5,3,9,2,4,2,4,5,13,4,5,7,1,2,3,5,1,0,1,2,3,2,1,1,3,4,2,3,0,3,1,1,2,1,2,1,0,3,1,1,0,1,0,0,2,1,0,2,0,0,0,0,0,0,0,0,0,0,0,0,0,0,0,0,0,0,0,0,0,0,0,0,0,0,0,0,0,0,0,0,0,0,0,0,0,0,0,0,0,0,0,0,0,0,0,0
3.75,0,0,0,0,0,0,0,0,0,0,0,0,0,0,0,0,0,0,0,0,0,0,0,0,0,0,0,0,0,0,0,0,0,0,0,0,0,0,0,0,0,0,0,0,0,0,0,0,0,0,0,0,0,0,0,0,0,0,0,0,0,0,0,0,0,0,0,0,0,0,0,0,0,0,0,0,0,0,0,0,0,0,0,0,0,1,0,0,0,0,0,0,0,0,0,0,0,0,1,1,0,0,1,0,0,1,0,2,0,0,0,0,0,1,1,0,0,2,1,2,2,1,1,0,1,1,1,0,1,4,2,3,1,3,2,2,3,2,2,0,3,4,3,0,0,3,3,2,2,1,0,2,2,4,3,4,2,2,3,1,1,1,4,2,3,9,4,3,1,3,6,2,0,5,6,4,3,2,4,5,2,3,6,1,7,4,4,7,2,5,4,4,5,5,1,2,5,5,7,11,5,5,6,5,4,4,8,2,3,3,4,2,5,4,5,9,3,5,2,4,1,6,6,2,5,3,3,0,0,1,4,0,1,4,4,0,1,2,1,0,2,2,1,3,1,1,1,0,1,1,0,1,2,1,1,0,0,0,0,0,0,0,0,0,0,0,0,0,0,0,0,0,0,0,0,0,0,0,0,0,0,0,0,0,0,0,0,0,0,0,0,0,0,0,0,0,0,0,0,0
3.85,0,0,0,0,0,0,0,0,0,0,0,0,0,0,0,0,0,0,0,0,0,0,0,0,0,0,0,0,0,0,0,0,0,0,0,0,0,0,0,0,0,0,0,0,0,0,0,0,0,0,0,0,0,0,0,0,0,0,0,0,0,0,0,0,0,0,0,0,0,0,0,0,0,0,0,0,0,0,0,0,0,0,0,0,0,0,0,0,0,0,0,0,0,0,0,0,0,0,0,0,0,0,0,1,1,0,1,1,0,0,0,1,1,1,1,1,1,0,1,1,1,1,1,0,2,0,0,1,1,1,0,1,3,2,1,4,3,1,1,1,1,1,3,2,1,2,5,4,2,6,2,2,2,5,4,5,2,4,5,3,2,3,3,4,3,1,5,3,3,7,4,7,3,2,2,7,7,3,3,3,1,6,4,6,4,5,4,6,6,6,10,7,3,7,6,10,3,2,5,8,8,11,5,11,9,6,6,4,5,2,10,5,1,5,3,2,5,5,6,1,5,2,5,6,3,2,4,5,6,4,3,1,1,0,2,1,2,2,1,0,1,1,0,1,2,2,1,1,2,1,1,0,2,1,0,1,1,0,0,0,0,0,0,0,0,0,0,0,0,0,0,0,0,0,0,0,0,0,0,0,0,0,0,0,0,0,0,0,0,0,0,0,0,0,0,0,0,0,0,0
3.95,0,0,0,0,0,0,0,0,0,0,0,0,0,0,0,0,0,0,0,0,0,0,0,0,0,0,0,0,0,0,0,0,0,0,0,0,0,0,0,1,0,0,0,0,0,0,0,0,0,0,0,0,0,0,0,0,0,0,0,0,0,1,0,0,0,0,0,0,0,0,0,0,0,0,0,0,0,0,0,0,1,0,0,0,0,0,0,0,0,0,0,0,0,1,1,0,0,0,0,2,1,0,0,1,0,0,0,1,0,0,0,0,1,0,1,2,2,1,0,2,1,2,2,1,1,1,3,0,3,2,4,1,1,2,1,1,3,4,2,3,2,1,1,1,1,4,5,4,6,9,3,1,9,7,6,4,2,4,4,1,3,3,3,4,2,4,6,4,3,1,2,3,1,3,4,4,5,3,5,5,6,6,5,6,3,7,3,6,3,6,4,11,4,6,10,8,9,8,6,11,15,5,12,4,5,6,7,2,5,7,5,5,2,2,7,5,2,4,4,6,5,6,4,2,5,3,4,3,2,6,1,4,4,1,1,2,2,0,0,3,3,1,1,1,0,2,0,0,0,0,1,3,1,0,1,0,2,1,0,0,0,0,0,0,0,0,0,0,0,0,0,0,0,0,0,0,0,0,0,0,0,0,0,0,0,0,0,0,0,0,0,0,0,0,0,0,0,0,0,0
4.05,0,0,0,0,0,0,0,0,0,0,0,0,0,0,0,0,0,0,0,0,0,0,0,0,1,0,0,0,0,0,0,0,0,0,0,0,0,0,0,0,0,0,0,0,0,0,0,0,0,0,0,0,0,0,0,0,0,0,0,0,0,0,0,0,0,0,0,0,0,0,0,0,0,0,0,0,0,0,0,0,0,0,0,0,2,0,1,0,0,1,0,0,0,0,2,1,0,0,0,0,0,1,1,0,1,0,0,1,0,1,0,2,1,1,0,0,0,0,0,1,2,2,1,2,2,3,1,1,4,1,1,1,3,1,0,3,0,4,2,2,2,3,7,2,3,5,5,6,7,4,1,2,4,4,7,2,8,3,2,4,5,4,2,7,9,5,7,2,5,3,6,4,6,4,4,5,7,7,7,8,10,8,8,7,10,4,6,3,4,8,8,9,8,7,14,8,4,11,8,11,6,5,2,8,5,7,8,5,5,8,7,6,5,2,8,3,6,8,5,6,6,5,5,4,2,2,5,2,3,1,4,4,2,0,5,2,2,2,2,2,0,0,2,3,1,1,0,1,0,1,1,0,0,0,0,0,1,1,1,0,0,0,0,0,0,0,0,0,0,0,0,0,0,0,0,0,0,0,0,0,0,0,0,0,0,0,0,0,0,0,0,0,0,0,0,0,0,0,0,0
4.15,0,0,0,0,0,0,0,0,0,0,0,0,0,0,0,0,0,0,0,0,0,0,0,0,0,0,0,0,0,0,0,0,0,0,0,0,0,0,0,0,0,0,1,0,0,0,0,0,0,0,0,0,0,0,0,0,0,1,0,0,0,0,0,0,0,0,0,0,0,1,1,1,0,0,0,0,0,0,0,0,0,0,0,0,1,0,0,0,0,0,0,0,0,0,0,1,1,0,1,0,0,0,2,0,0,1,1,0,1,0,0,3,3,1,0,0,3,2,1,1,3,2,1,0,0,2,4,0,1,2,3,0,0,2,1,3,2,2,7,2,4,4,2,4,3,3,1,6,2,3,2,2,6,5,5,0,4,4,1,5,3,2,4,5,6,3,9,4,8,6,3,9,5,4,7,1,5,6,8,6,9,7,6,8,3,11,9,3,5,15,6,11,10,2,10,9,12,10,4,7,8,6,4,9,3,11,7,5,9,16,6,11,9,5,9,3,4,8,4,4,8,6,2,3,2,2,4,3,1,3,5,3,1,5,3,3,2,1,2,0,0,1,3,2,3,2,2,0,0,0,1,0,2,0,1,0,0,1,0,0,1,0,0,0,0,0,0,0,0,0,0,0,0,0,0,0,0,0,0,0,0,0,0,0,0,0,0,0,0,0,0,0,0,0,0,0,0,0,0,0
4.25,0,0,0,0,0,0,0,0,0,0,0,0,0,0,0,0,0,0,0,0,0,0,0,0,0,0,0,0,0,0,0,0,0,0,0,0,0,0,0,0,0,0,0,0,0,0,0,0,0,0,0,0,0,0,0,0,0,0,0,0,0,0,0,0,0,0,0,0,0,0,1,0,0,0,0,0,0,0,0,0,0,0,0,0,0,0,0,0,0,0,0,0,0,0,0,0,1,2,2,0,1,0,0,1,0,0,0,2,0,0,0,2,1,1,2,1,1,1,0,3,0,0,2,0,2,3,0,1,1,0,2,4,3,1,0,2,0,3,1,3,2,1,2,4,5,2,2,3,1,2,7,4,4,4,7,4,3,7,4,5,5,1,8,2,3,8,5,2,3,8,6,7,6,3,8,6,9,7,6,5,15,4,10,5,3,2,5,8,7,10,9,4,5,9,8,7,6,4,7,10,9,5,10,13,6,3,6,9,7,8,12,11,7,5,12,5,1,6,10,5,6,10,4,6,4,3,2,5,3,3,3,0,1,3,3,2,4,5,2,1,1,2,0,1,1,1,1,0,0,1,1,2,1,1,0,0,1,0,0,0,0,0,0,0,1,0,0,0,0,0,0,0,0,0,0,0,0,0,0,0,0,0,0,0,0,0,0,0,0,0,0,0,0,0,0,0,0,0,0,0
4.35,0,0,0,0,0,0,0,0,0,0,0,0,0,0,0,0,0,0,0,0,0,0,0,0,0,0,0,0,0,0,0,0,0,0,0,0,0,0,0,0,0,0,0,0,0,0,0,0,0,0,0,0,0,0,0,0,0,0,0,0,0,0,1,0,0,0,0,0,0,0,1,0,0,0,0,0,1,0,0,0,1,0,0,0,0,0,0,1,0,1,0,0,0,0,0,2,0,0,0,0,0,0,1,1,0,0,0,2,0,0,3,1,0,2,1,1,3,2,2,4,4,1,0,1,2,1,1,3,1,3,4,3,2,2,1,4,8,1,2,3,2,4,5,2,4,2,9,5,3,5,5,8,9,6,7,2,3,7,4,2,5,7,5,8,3,7,3,7,8,15,7,4,12,1,5,8,8,6,8,8,6,10,7,8,11,7,7,11,7,2,7,11,8,9,10,10,12,7,7,5,7,10,11,16,7,9,7,8,9,11,9,10,7,7,5,7,10,5,7,5,5,6,8,7,5,4,4,5,9,2,4,4,2,6,5,1,3,0,2,6,2,3,1,0,1,1,0,0,1,0,0,0,1,2,0,1,3,0,0,0,0,0,0,0,0,0,0,0,0,0,0,0,0,0,0,0,0,0,0,0,0,0,0,0,0,0,0,0,0,0,0,0,0,0,0,0,0,0,0,0
4.45,0,0,0,0,0,0,0,0,0,0,0,0,0,0,0,0,0,0,0,0,0,0,0,0,0,0,0,0,0,0,0,0,0,0,0,0,0,0,0,0,0,0,0,0,0,0,0,0,0,1,0,0,0,0,0,0,0,0,0,0,0,0,0,0,0,0,0,0,0,0,0,0,0,0,0,1,0,0,0,0,0,0,0,1,0,0,0,0,0,0,1,1,0,0,0,0,0,1,0,0,0,1,0,1,0,0,0,1,2,0,0,2,0,0,1,3,1,0,1,0,1,1,1,1,3,2,0,2,2,4,3,4,1,1,5,2,2,3,4,4,1,9,6,9,3,7,1,5,2,7,7,5,5,4,4,4,5,4,7,7,6,3,3,7,8,6,7,5,9,5,8,5,6,12,15,7,5,10,8,9,14,6,7,12,6,6,10,9,14,9,8,11,8,9,14,8,9,7,12,11,17,9,6,5,11,14,8,13,9,9,10,10,9,11,9,13,11,8,2,6,7,7,4,3,4,7,2,4,3,8,2,7,3,3,6,1,4,6,3,2,0,5,3,2,1,0,1,0,1,1,0,0,0,0,0,0,1,2,1,0,0,0,0,0,0,0,0,0,0,0,0,0,0,0,0,0,0,0,0,0,0,0,0,0,0,0,0,0,0,0,0,0,0,0,0,0,0,0,0,0
4.55,0,0,0,0,0,0,0,0,0,0,0,0,0,0,0,0,0,0,0,0,0,0,0,0,0,0,0,0,0,0,0,0,0,0,0,0,0,0,0,0,0,0,0,0,0,0,0,0,0,0,0,0,0,0,0,0,0,0,0,0,0,0,0,0,0,0,0,1,0,0,0,0,0,0,0,0,1,0,1,0,0,0,1,0,0,0,1,0,0,0,0,0,0,0,2,0,0,1,1,0,1,1,0,2,0,0,1,0,0,1,2,2,2,1,2,0,0,1,2,2,0,0,2,3,3,4,2,4,3,5,3,4,8,4,4,2,3,6,4,3,1,4,5,7,5,3,4,7,4,6,3,7,4,6,8,7,5,7,6,5,11,6,7,4,8,5,12,7,7,7,8,7,10,11,9,6,6,7,12,9,6,7,7,11,8,9,9,6,9,10,17,9,14,15,12,10,15,12,12,13,9,10,8,16,11,9,7,6,4,13,13,9,10,8,13,7,15,9,7,7,7,8,6,8,10,10,4,4,8,4,3,4,3,2,4,1,5,1,5,3,3,0,0,4,4,1,0,0,1,0,1,1,0,0,1,0,0,0,1,0,0,0,0,0,0,0,0,0,0,0,0,0,0,0,0,0,0,0,0,0,0,0,0,0,0,0,0,0,0,0,0,0,0,0,0,0,0,0,0,0
4.65,0,0,0,0,0,0,0,0,0,0,0,0,0,0,0,0,0,0,0,0,0,0,0,0,0,0,0,0,0,0,0,0,0,0,0,0,0,0,0,0,0,0,0,0,0,0,0,0,0,0,0,0,0,0,0,0,0,0,0,0,0,0,0,0,0,1,0,0,0,0,0,1,0,0,0,0,0,0,0,0,0,0,0,0,1,0,1,0,1,0,0,0,1,1,0,0,0,2,0,0,0,1,2,1,0,2,0,1,1,0,0,5,1,0,3,1,1,1,2,1,0,1,4,4,3,6,2,2,6,3,0,4,4,0,0,4,2,2,2,4,4,7,2,8,7,2,2,5,6,3,4,8,9,2,5,8,10,4,6,15,4,7,10,8,6,5,11,10,5,5,12,13,16,6,12,12,8,12,5,11,6,13,14,9,14,9,9,8,17,23,12,15,12,16,8,13,12,14,11,11,12,9,15,20,18,13,11,10,12,13,9,6,9,13,12,8,10,4,10,10,6,5,7,5,8,6,9,5,11,8,9,3,7,6,2,1,3,5,3,1,3,3,3,1,4,5,1,0,1,1,0,1,1,0,0,0,0,1,0,0,0,0,0,0,0,0,0,0,0,0,0,0,0,0,0,0,0,0,0,0,0,0,0,0,0,0,0,0,0,0,0,0,0,0,0,0,0,0,0,0
4.75,0,0,0,0,0,0,0,0,0,0,0,0,0,0,0,0,0,0,0,0,0,0,1,0,0,0,0,0,0,0,0,0,0,0,0,0,0,0,0,0,0,0,0,0,0,0,0,0,0,0,0,0,0,0,0,0,0,0,0,0,0,0,0,0,0,0,0,0,0,0,0,0,1,0,0,0,0,0,0,0,0,0,0,0,0,0,0,1,1,0,1,0,0,0,0,0,0,1,0,0,0,0,2,1,0,1,2,2,2,0,0,1,3,2,2,0,4,2,1,1,0,2,3,2,2,2,6,5,5,2,5,1,6,4,3,6,5,7,5,5,7,11,5,3,8,4,8,11,7,8,6,3,7,10,5,6,8,6,8,6,5,10,6,6,7,4,7,9,8,13,9,6,12,12,12,9,12,13,11,10,10,14,11,8,9,18,14,12,11,15,19,13,18,12,14,24,10,15,19,12,13,11,14,11,10,9,15,6,14,10,17,13,15,12,17,12,12,9,12,6,17,9,11,6,6,6,8,4,5,6,1,5,13,8,2,5,4,3,1,4,4,1,3,1,0,4,2,2,0,3,1,1,0,1,0,0,0,0,0,0,0,1,0,0,0,0,0,0,0,0,0,0,0,0,0,0,0,0,0,0,0,0,0,0,0,0,0,0,0,0,0,0,0,0,0,0,0,0,0,0
4.85,0,0,0,0,0,0,0,0,0,0,0,0,0,0,0,0,0,0,0,0,0,0,0,0,0,0,0,0,0,0,0,0,0,0,0,0,0,0,0,0,0,0,0,0,0,0,0,0,0,0,0,0,0,0,0,0,0,0,0,0,0,0,0,0,0,0,0,0,0,0,0,0,0,0,1,0,0,0,0,0,0,0,0,0,0,0,0,0,0,1,0,0,0,0,0,0,1,1,1,1,0,0,2,1,1,0,1,2,1,0,0,1,1,0,1,2,1,1,0,5,3,0,2,3,5,5,3,3,2,2,4,5,4,4,4,3,2,3,3,4,4,5,3,10,4,3,5,9,8,8,8,2,7,11,6,5,5,9,6,7,10,13,6,10,11,6,10,16,10,15,13,13,11,13,16,8,11,10,4,14,13,13,11,17,17,8,8,19,14,14,12,11,13,15,26,14,19,12,17,11,16,12,18,18,14,9,18,16,14,18,12,8,11,19,8,17,8,6,14,13,12,13,8,13,9,7,10,6,7,8,7,9,8,4,4,4,4,3,2,6,1,3,1,2,5,3,4,0,3,0,1,3,2,0,2,0,0,0,0,0,0,1,0,0,0,0,0,0,0,0,0,0,0,0,0,0,0,0,0,0,0,0,0,0,0,0,0,0,0,0,0,0,0,0,0,0,0,0,0,0
4.95,0,0,0,0,0,0,0,0,0,0,0,0,0,0,0,0,0,0,0,0,0,0,0,0,0,0,0,0,0,0,0,0,0,0,0,0,0,0,0,0,0,0,0,0,0,0,0,0,0,0,0,0,0,0,0,0,1,0,0,0,0,0,0,0,0,1,0,0,0,0,0,0,0,0,0,0,0,0,0,0,0,0,0,0,2,0,0,1,0,0,0,1,0,0,1,1,0,1,0,1,0,1,0,1,1,1,2,1,0,1,2,1,0,3,2,5,3,0,3,2,2,2,3,5,5,2,3,3,2,3,2,4,2,7,3,6,6,4,3,7,6,7,5,8,9,8,5,5,5,6,6,7,8,11,6,12,7,9,9,9,9,10,4,12,12,6,9,14,9,10,11,17,6,20,11,9,14,22,17,13,8,17,19,12,22,18,8,17,8,9,17,21,14,15,15,13,16,22,11,10,17,15,18,20,15,17,17,13,18,18,26,15,15,13,6,17,13,16,12,14,11,12,6,10,8,10,9,10,5,11,9,8,6,11,8,6,4,5,8,4,2,4,2,2,0,5,4,1,1,2,2,1,2,3,0,0,0,0,0,0,0,0,0,0,0,0,0,0,0,0,0,0,0,0,0,0,0,0,0,0,0,0,0,0,0,0,0,0,0,0,0,0,0,0,0,0,0,0,0,0
5.05,0,0,0,0,0,0,0,0,0,0,0,0,0,0,0,0,0,0,0,0,0,0,0,0,0,0,0,0,0,0,0,0,1,0,0,0,0,0,1,1,0,0,0,0,0,0,0,0,0,0,0,0,0,0,0,0,0,0,0,0,0,0,0,0,0,0,0,0,0,0,1,0,0,0,0,0,0,0,0,0,1,0,0,0,1,0,1,0,0,0,3,0,0,0,0,1,0,0,2,0,0,1,1,3,1,1,3,1,0,1,0,1,0,0,4,1,3,2,2,4,3,3,3,2,4,4,3,3,6,7,5,8,8,6,9,4,5,4,7,2,9,5,10,11,11,9,6,2,14,5,5,10,9,5,11,5,7,15,5,7,13,22,7,12,10,13,14,11,16,5,12,13,9,14,19,10,10,11,19,10,23,13,13,17,19,13,16,17,24,15,15,25,11,16,17,20,20,25,18,21,21,14,15,21,24,20,16,14,11,11,17,18,8,19,20,12,10,10,9,15,15,19,18,11,10,11,8,9,6,8,5,9,8,8,6,11,4,3,6,5,6,3,2,5,3,2,2,3,1,1,3,0,1,1,1,0,0,1,0,0,0,0,0,0,0,0,0,0,0,0,0,0,0,0,0,0,0,0,0,0,0,0,0,0,0,0,0,0,0,0,0,0,0,0,0,0,0,0,0,0
5.15,0,0,0,0,0,0,0,0,0,0,0,0,0,0,0,0,0,0,0,0,0,0,0,0,0,0,0,0,0,0,0,0,0,0,0,0,0,0,0,0,0,0,0,0,0,0,0,0,0,0,0,0,0,0,0,0,1,0,0,0,0,0,1,0,0,0,0,0,0,0,0,1,0,0,0,0,0,0,0,0,1,0,0,0,0,1,0,0,0,0,1,1,0,0,0,0,0,0,1,1,0,1,0,2,0,0,3,2,0,2,4,0,3,4,3,2,2,2,6,2,4,3,4,2,4,7,4,8,3,6,5,7,5,6,6,10,4,3,11,7,3,8,10,10,8,6,5,7,9,11,4,10,9,10,4,6,9,9,7,12,13,12,10,8,13,14,17,21,7,13,17,13,15,9,22,11,15,17,11,26,21,20,23,23,20,12,16,21,17,18,25,20,13,12,26,21,13,22,18,31,30,20,16,15,15,22,12,12,22,21,20,18,17,21,17,17,21,13,16,16,14,20,13,11,10,5,11,13,12,7,9,6,7,2,7,5,4,14,8,3,3,5,4,4,2,4,3,4,3,2,2,2,2,1,1,0,2,0,1,0,1,0,0,0,0,0,0,0,0,0,0,0,0,0,0,0,0,0,0,0,0,0,0,0,0,0,0,0,0,0,0,0,0,0,0,0,0,0,0,0
5.25,0,0,0,0,0,0,0,0,0,0,0,0,0,0,0,0,0,0,0,0,0,0,0,0,0,0,0,0,0,0,0,0,0,0,0,0,0,0,1,0,0,0,0,0,0,0,0,0,0,0,0,0,0,0,0,0,0,0,1,2,0,0,0,0,0,0,0,0,0,1,0,0,0,2,0,0,0,0,0,1,1,1,0,0,1,0,0,2,1,0,1,3,1,1,0,1,2,2,1,1,0,0,1,1,1,0,2,2,3,1,2,3,2,2,1,2,3,3,6,3,3,0,9,1,1,6,8,3,6,6,6,4,9,4,4,6,7,11,10,7,10,11,10,14,7,14,4,10,12,14,11,12,14,10,8,8,11,13,11,8,17,6,16,10,11,17,15,10,9,20,10,7,12,16,13,17,22,23,15,18,13,15,20,23,18,23,16,11,20,15,24,19,22,28,25,20,25,24,26,13,20,22,13,18,24,26,27,15,13,23,14,19,23,17,12,14,16,15,15,20,10,21,11,10,14,20,13,8,15,10,7,11,9,5,10,3,9,5,3,10,7,6,3,6,3,4,3,3,2,5,4,2,0,1,1,2,0,0,1,0,1,0,0,0,0,0,0,0,0,0,0,0,0,0,0,0,0,0,0,0,0,0,0,0,0,0,0,0,0,0,0,0,0,0,0,0,0,0,0,0
5.35,0,0,0,0,0,0,0,0,0,0,0,0,0,0,0,0,0,0,0,0,0,0,0,0,0,0,0,0,0,0,1,0,0,0,0,0,0,0,0,0,0,0,0,0,0,0,0,0,0,0,0,1,1,0,0,0,0,0,0,0,0,0,0,0,1,0,0,0,0,1,0,0,0,0,0,0,0,0,0,0,0,0,0,0,0,1,0,0,2,0,0,1,0,0,1,2,0,1,1,5,1,1,0,4,2,1,1,4,1,1,3,1,5,3,1,2,7,3,4,2,4,8,3,6,6,2,6,7,8,8,5,5,8,8,4,12,6,6,10,12,13,12,14,10,9,9,7,8,7,11,13,13,15,10,12,13,9,14,12,13,11,10,11,20,13,17,10,12,15,13,12,18,20,24,14,10,15,22,11,19,21,27,18,20,25,19,26,21,20,27,20,22,22,20,36,30,14,25,19,32,26,31,19,35,25,18,9,29,26,17,16,27,25,21,22,13,12,17,15,19,20,9,12,8,13,13,14,7,8,17,10,11,10,15,6,7,9,9,7,10,4,2,7,3,2,2,4,3,0,3,4,6,1,1,2,0,1,0,0,0,0,1,1,0,0,0,0,0,0,0,0,0,0,0,0,0,0,0,0,0,0,0,0,0,0,0,0,0,0,0,0,0,0,0,0,0,0,0,0,0
5.45,0,0,0,0,0,0,0,0,0,0,0,0,0,0,0,0,0,0,0,0,0,0,0,0,0,0,0,0,0,0,0,0,0,0,0,0,0,0,0,0,0,0,0,0,0,0,0,0,0,0,0,0,0,0,1,0,0,0,0,0,0,0,0,0,1,0,0,1,0,0,0,0,1,1,0,1,0,0,0,0,0,0,0,1,0,3,2,1,1,0,0,0,0,2,0,2,0,3,1,0,1,3,3,0,2,1,2,1,3,3,1,3,1,1,0,1,2,4,3,4,3,3,9,4,4,3,3,7,9,4,5,3,5,5,3,5,13,9,9,8,8,10,11,7,8,12,7,14,9,12,10,22,10,9,10,10,12,8,14,19,17,13,17,12,20,13,15,20,21,24,16,23,19,17,18,21,25,15,27,21,20,16,24,16,20,19,23,26,22,19,31,30,29,20,29,22,20,16,24,23,22,22,29,20,17,29,28,23,30,21,24,24,22,31,19,17,18,16,15,23,19,13,9,17,14,14,11,11,11,15,10,11,12,13,10,10,8,8,11,5,12,3,6,2,1,3,0,5,4,2,3,2,4,1,1,2,0,2,0,0,0,1,0,1,0,0,0,0,0,0,0,0,0,0,0,0,0,0,0,0,0,0,0,0,0,0,0,0,0,0,0,0,0,0,0,0,0,0,0,0
5.55,0,0,0,0,0,0,0,0,0,0,0,0,0,0,0,0,0,0,0,0,0,0,0,0,0,0,0,0,0,0,0,0,0,0,0,1,0,0,0,0,0,0,0,0,0,0,0,0,0,0,0,0,0,0,0,0,0,0,0,0,0,1,0,1,0,0,0,0,0,1,0,0,0,0,0,0,0,1,1,0,0,0,0,1,0,1,1,1,0,1,0,2,0,1,0,1,0,0,1,2,2,1,1,4,1,2,1,1,1,1,3,1,3,0,3,3,4,3,7,1,3,3,7,4,4,4,8,2,10,4,6,13,3,13,7,6,5,8,14,7,6,11,12,14,11,16,12,13,14,15,10,13,17,14,12,18,8,10,23,17,23,16,17,15,16,17,14,21,19,15,17,19,21,19,16,24,16,25,18,13,28,22,32,20,21,17,27,26,22,19,26,28,28,23,18,26,30,37,30,30,26,28,32,27,27,24,28,36,22,19,24,15,41,20,28,19,20,29,23,24,26,21,20,13,14,19,14,16,11,14,11,10,13,7,12,9,10,8,6,3,10,7,7,4,5,2,2,0,5,1,3,1,5,2,2,2,2,0,0,1,0,1,0,1,1,0,0,0,0,0,0,0,0,0,0,0,0,0,0,0,0,0,0,0,0,0,0,0,0,0,0,0,0,0,0,0,0,0,0,0
5.65,0,0,0,0,0,0,0,0,0,0,0,0,0,0,0,0,0,0,0,0,0,0,0,0,0,0,0,0,0,0,0,1,0,0,0,0,0,0,1,0,0,0,0,0,0,0,0,0,0,0,0,0,0,0,0,0,0,0,0,0,0,0,0,0,0,1,0,1,0,0,0,0,0,0,1,0,0,2,0,0,0,0,0,0,1,0,1,1,0,0,0,0,2,1,2,0,2,0,1,1,0,0,0,0,2,3,0,1,1,3,3,4,6,4,8,5,2,3,4,5,4,5,5,3,6,4,6,5,9,6,11,7,13,7,9,11,6,14,11,7,13,12,15,16,8,6,13,10,8,9,10,17,15,14,15,17,14,16,25,10,16,21,18,16,18,12,26,23,13,12,18,22,22,8,24,29,17,30,24,23,21,21,18,18,22,22,23,33,19,21,30,39,25,32,19,31,27,36,36,23,32,39,34,34,34,25,35,23,31,36,30,19,27,22,27,29,20,28,19,20,18,19,22,21,19,17,13,17,18,21,11,12,9,12,10,11,12,8,7,9,6,6,4,5,3,3,5,2,2,1,2,3,2,2,1,2,2,1,0,0,1,1,0,0,2,1,0,0,0,0,0,0,0,0,0,0,0,0,0,0,0,0,0,0,0,0,0,0,0,0,0,0,0,0,0,0,0,0,0,0
5.75,0,0,0,0,0,1,0,0,0,0,0,0,0,0,0,0,0,0,0,0,0,0,0,0,0,0,0,0,0,0,0,0,0,0,0,0,0,0,0,0,1,0,0,0,0,1,0,0,0,0,0,0,0,0,0,0,0,0,0,0,1,1,2,0,0,0,0,0,0,0,1,0,0,0,0,0,1,1,0,0,0,1,0,2,0,0,0,1,0,2,1,0,0,1,2,1,0,3,0,0,0,1,1,2,1,2,1,1,1,0,2,3,2,1,5,4,6,2,1,4,6,10,3,4,7,8,7,6,7,15,7,10,7,11,8,10,10,15,13,13,14,10,6,15,11,12,13,11,16,15,14,14,12,15,19,14,20,18,27,19,23,13,14,25,16,16,31,19,17,20,25,24,22,20,14,22,24,19,27,23,29,24,26,30,33,17,28,25,26,27,22,33,29,36,34,32,27,43,37,26,29,36,39,26,21,31,24,33,30,33,30,25,24,27,33,32,23,26,20,21,23,21,17,15,27,13,13,30,27,20,12,11,9,14,10,9,11,8,9,9,5,8,6,6,5,4,4,4,4,2,4,3,2,2,3,1,1,2,0,1,0,0,1,0,0,2,0,0,0,0,0,0,0,0,0,0,0,0,0,0,0,0,0,0,0,0,0,0,0,0,0,0,0,0,0,0,0,0,0,0
5.85,0,0,0,0,0,0,0,0,0,0,0,0,0,0,0,0,0,0,0,0,0,0,0,0,0,0,0,0,0,0,0,0,0,0,0,0,0,0,0,0,1,0,0,0,0,0,0,0,0,0,0,0,0,0,0,0,0,0,0,0,0,0,0,0,0,0,0,0,0,2,0,0,0,0,0,0,0,0,0,1,0,0,0,0,0,0,0,0,0,0,3,1,0,2,2,3,0,1,1,0,1,0,1,6,0,2,4,3,2,2,3,5,4,4,3,4,7,4,10,4,4,5,7,7,5,6,7,12,8,9,5,7,12,5,18,6,7,4,8,9,11,12,9,14,17,9,6,25,11,17,16,13,8,17,20,23,21,26,21,18,24,11,12,24,23,19,18,21,21,21,21,23,23,21,22,25,17,26,34,27,33,21,27,37,29,37,38,37,31,35,26,32,28,40,25,37,37,39,40,35,41,34,42,33,28,29,38,24,27,32,35,29,27,30,30,34,25,27,27,24,30,22,19,23,16,16,20,11,20,15,24,18,21,22,8,12,11,4,6,14,10,5,9,4,7,6,3,3,1,7,5,3,0,0,2,3,0,3,1,2,0,1,0,0,0,0,0,0,0,0,0,0,0,0,0,0,0,0,0,0,0,0,0,0,0,0,0,0,0,0,0,0,0,0,0,0,0,0,0,0
5.95,0,0,0,0,0,0,0,0,0,0,0,0,0,0,0,0,0,0,0,0,0,0,0,0,0,0,0,0,0,0,0,0,0,0,0,0,0,0,0,1,0,0,0,0,0,0,0,0,0,0,0,0,0,0,0,0,0,0,0,0,0,0,1,0,0,0,1,0,0,0,0,0,0,0,0,0,3,0,0,0,0,0,1,1,0,1,1,0,0,1,1,0,1,1,2,1,0,2,3,0,0,1,1,3,4,1,1,2,7,1,3,4,4,3,2,2,7,6,6,5,4,4,4,8,6,4,10,11,6,8,7,9,7,10,12,13,17,13,11,16,13,15,6,8,14,10,13,15,12,15,15,18,19,24,11,24,26,24,26,21,20,23,18,24,26,21,27,25,23,24,26,34,21,29,28,28,34,29,33,31,41,29,31,30,41,37,42,33,34,38,38,38,33,40,42,36,29,28,52,37,44,40,41,32,40,37,30,34,30,38,36,32,34,32,38,36,33,20,29,28,23,22,19,26,15,17,22,26,18,21,18,21,11,13,19,14,18,11,8,10,9,15,7,4,5,9,3,4,4,1,4,4,5,0,0,1,4,2,2,2,0,2,0,0,0,0,0,0,0,0,0,0,0,0,0,0,0,0,0,0,0,0,0,0,0,0,0,0,0,0,0,0,0,0,0,0,0,0,0,0
6.05,0,0,0,0,0,1,0,0,0,0,0,0,0,0,0,0,0,1,0,0,0,0,0,0,0,0,0,0,0,0,0,0,0,0,0,0,0,0,0,0,0,0,0,1,0,0,0,0,0,1,0,0,0,0,0,0,0,0,0,0,0,0,1,0,0,0,0,0,0,1,1,0,0,0,3,1,1,0,1,1,0,0,0,0,3,0,1,0,0,0,2,1,3,1,2,2,0,2,1,2,2,2,3,5,5,5,3,3,2,4,4,4,2,7,7,1,2,6,10,10,8,2,7,9,6,7,5,8,15,9,8,9,7,12,9,15,14,12,12,23,16,18,17,22,13,17,26,12,19,11,17,24,15,19,26,22,16,24,22,22,20,20,19,21,22,19,22,22,25,30,28,34,29,27,23,19,34,34,31,27,34,30,46,37,37,52,35,38,29,42,42,46,37,43,38,38,41,48,35,40,43,47,28,28,42,42,34,35,38,40,29,34,36,37,27,35,45,32,29,32,29,22,30,24,23,32,24,21,13,19,22,18,11,24,8,8,7,15,16,7,9,8,11,11,9,7,5,6,7,6,3,4,4,1,1,0,2,1,0,1,1,0,1,0,0,0,0,1,0,0,0,0,0,0,0,0,0,0,0,0,0,0,0,0,0,0,0,0,0,0,0,0,0,0,0,0,0,0,0,0
6.15,0,0,0,0,0,0,0,0,0,0,0,0,0,0,0,0,0,0,0,0,0,0,0,0,0,0,0,0,0,0,0,0,0,0,1,0,0,0,0,0,0,0,0,0,0,0,0,0,0,0,0,0,0,0,0,0,0,0,0,0,0,1,0,0,0,1,0,1,0,1,0,1,0,1,0,0,1,1,0,0,0,0,0,0,0,0,3,1,1,0,3,3,0,1,1,2,1,1,2,1,2,3,1,3,3,3,2,3,6,3,7,9,5,3,10,8,5,5,7,7,10,7,10,7,2,11,9,8,9,7,8,18,11,8,14,12,10,12,18,13,13,15,13,24,21,18,26,17,26,13,21,21,26,24,20,18,27,21,23,19,32,36,20,38,29,38,22,20,42,35,24,30,38,45,39,36,30,43,45,39,44,41,39,37,35,27,33,36,43,50,35,43,44,48,52,41,35,46,48,51,46,42,32,44,45,39,42,35,49,41,31,44,40,32,38,35,43,30,27,33,31,28,29,27,23,26,30,19,17,21,21,19,18,18,18,15,13,14,5,10,14,10,11,10,4,6,8,7,2,7,5,3,4,6,1,2,1,3,0,1,0,0,2,0,0,0,0,0,0,0,0,0,0,0,0,0,0,0,0,0,0,0,0,0,0,0,0,0,0,0,0,0,0,0,0,0,0,0,0,0
6.25,0,0,0,0,0,0,0,0,0,0,0,0,0,0,0,0,0,0,0,0,0,0,0,0,0,0,0,0,0,0,0,0,0,0,0,0,0,0,0,0,0,0,0,1,0,0,1,0,0,0,0,0,0,0,0,0,1,0,0,1,0,0,0,0,0,0,0,0,0,0,1,0,1,2,0,1,0,0,0,0,0,0,1,0,0,0,2,1,2,1,2,0,2,5,0,2,2,0,3,1,3,3,1,2,2,5,2,5,2,5,10,6,7,7,7,6,7,7,5,5,11,7,8,4,9,7,11,11,5,15,12,15,9,15,11,7,22,13,15,22,16,18,16,18,16,23,17,19,18,16,19,24,22,23,25,17,29,20,24,23,32,20,26,39,29,23,25,19,23,35,26,36,43,38,42,38,29,41,32,31,49,28,37,32,43,40,50,39,57,48,44,37,48,47,54,64,57,51,36,47,56,40,49,49,47,58,55,44,51,50,38,35,47,43,36,44,48,27,41,27,43,33,30,32,31,26,28,16,30,27,23,23,22,24,14,10,8,13,15,10,7,10,6,9,8,5,9,8,11,5,2,4,1,3,2,1,2,1,3,1,1,0,3,0,0,0,1,0,0,0,0,0,0,0,0,0,0,0,0,0,0,0,0,0,0,0,0,0,0,0,0,0,0,0,0,0,0,0,0,0
6.35,0,0,0,0,0,0,0,0,0,0,0,0,0,0,0,0,0,0,0,0,0,0,0,0,0,0,1,0,0,1,0,0,1,0,0,0,0,0,0,0,0,1,0,0,1,0,0,0,0,0,0,0,0,0,0,0,0,0,0,0,0,0,0,0,0,0,0,0,0,0,0,1,0,0,0,0,1,1,0,0,0,0,0,1,2,0,1,1,0,2,0,2,3,3,2,4,6,1,3,0,2,3,1,2,2,2,2,2,3,5,2,5,4,5,2,1,7,5,8,6,7,6,8,6,12,10,8,16,8,14,10,12,12,25,13,15,12,9,14,17,22,19,14,30,29,17,19,18,19,24,23,20,19,21,27,44,32,19,23,19,42,26,26,25,24,30,37,42,42,32,28,34,36,36,43,47,36,33,52,38,31,43,42,48,52,54,48,40,49,50,52,46,53,55,38,57,67,55,68,42,57,64,61,56,65,37,58,55,44,41,47,49,53,41,47,41,42,41,39,31,46,38,37,31,37,29,32,30,28,28,22,20,20,19,16,21,19,10,16,9,13,8,13,12,6,2,6,9,12,9,2,3,5,2,3,0,2,1,1,1,1,1,0,2,0,1,0,0,0,0,0,0,0,0,0,0,0,0,0,0,0,0,0,0,0,0,0,0,0,0,0,0,0,0,0,0,0,0,0,0
6.45,0,0,0,0,0,0,0,0,0,0,0,0,0,0,0,0,0,0,0,0,0,0,0,0,0,0,0,0,0,0,0,0,0,1,0,0,0,0,0,0,1,0,1,0,0,0,0,0,0,0,0,0,1,0,0,0,0,0,0,0,0,0,0,0,0,0,1,1,0,0,0,2,0,1,0,0,0,0,0,1,1,0,0,0,0,1,1,2,1,0,2,1,1,0,2,3,2,4,2,3,2,3,5,3,4,3,6,4,5,1,3,2,6,5,6,9,5,2,11,11,9,10,12,14,7,9,10,13,15,12,13,13,17,18,28,21,15,20,24,16,16,24,18,26,23,21,26,18,25,47,29,26,24,25,27,34,27,31,31,26,37,33,26,25,32,38,29,27,54,29,41,43,45,40,41,34,41,55,39,38,50,50,50,58,47,55,52,44,50,54,51,50,44,59,51,56,54,58,51,55,55,58,51,65,44,48,52,45,56,53,48,65,52,58,44,56,45,53,51,44,33,26,44,45,38,32,33,30,37,35,23,24,26,24,23,16,21,17,17,13,8,14,10,12,15,8,7,10,7,2,11,6,4,3,2,3,2,0,1,2,2,0,0,1,1,1,0,1,0,0,0,0,0,0,0,0,0,0,0,0,0,0,0,0,0,0,0,0,0,0,0,0,0,0,0,0,0,0,0,0
6.55,0,0,0,0,0,0,0,0,0,0,0,0,0,0,0,0,0,0,0,0,0,0,0,0,0,0,0,0,0,0,0,1,0,0,0,0,0,0,0,0,0,0,0,0,0,0,0,0,0,0,0,0,0,0,1,0,0,0,1,0,0,0,1,1,0,1,1,1,1,2,0,1,0,0,0,0,2,1,1,0,1,0,1,1,2,1,3,3,0,2,1,0,1,3,2,3,1,2,2,2,3,2,4,3,6,3,3,5,5,5,6,5,6,3,13,7,10,9,5,15,9,16,13,8,11,9,17,16,9,15,11,10,12,17,17,14,13,19,15,19,30,26,16,28,15,20,36,20,22,27,23,31,28,30,29,29,32,27,34,25,30,38,27,37,31,40,46,36,35,45,40,51,33,39,49,39,54,50,50,39,57,54,50,53,55,48,41,61,50,44,59,51,64,63,50,55,46,52,41,62,69,64,61,67,74,52,62,70,66,58,53,56,49,45,44,52,37,42,53,62,46,51,49,40,35,42,36,28,24,31,31,20,30,20,22,18,21,18,15,24,23,17,6,9,15,9,9,8,8,6,5,6,6,3,3,6,2,0,2,0,1,1,0,0,2,1,1,0,0,0,0,0,0,0,0,0,0,0,0,0,0,0,0,0,0,0,0,0,0,0,0,0,0,0,0,0,0,0,0,0
6.65,0,0,0,0,0,0,0,0,0,0,0,0,0,0,0,0,0,0,0,0,1,0,0,0,0,0,0,0,0,0,1,0,0,0,0,0,0,0,0,0,0,0,2,1,0,0,0,0,0,0,0,0,0,0,2,0,0,1,0,0,0,0,0,0,2,0,1,0,1,0,0,0,2,0,1,0,0,0,0,0,0,0,0,1,0,2,2,1,2,2,1,6,6,0,1,0,3,3,2,3,2,5,6,3,4,3,2,5,6,3,6,7,3,5,3,3,4,7,5,18,10,10,8,13,18,18,12,15,15,12,11,17,25,16,19,23,19,31,22,26,32,24,20,24,37,24,38,25,31,26,38,42,42,37,21,34,34,26,43,23,36,40,35,41,41,45,43,44,42,51,46,47,60,48,61,53,47,49,46,50,61,62,55,39,61,52,44,57,64,59,74,55,62,66,58,55,47,53,65,67,69,55,67,63,69,63,54,66,60,45,50,45,83,47,62,48,52,49,52,43,40,62,41,53,53,35,32,26,37,25,29,27,26,29,17,22,19,21,21,17,12,11,13,17,11,11,7,14,9,9,5,4,11,8,1,2,5,3,0,0,1,2,0,1,0,1,0,0,0,0,0,0,0,0,0,0,0,0,0,0,0,0,0,0,0,0,0,0,0,0,0,0,0,0,0,0,0,0,0,0
6.75,0,0,0,0,0,0,0,0,0,0,0,0,0,0,0,0,0,0,0,0,0,0,0,0,0,0,0,0,0,0,0,0,0,0,0,0,0,0,0,0,0,0,0,0,0,0,1,0,0,0,1,1,0,1,0,0,0,1,0,0,1,0,1,0,0,0,1,1,0,0,1,1,2,0,2,1,0,1,1,1,1,0,2,1,2,0,3,1,2,0,0,4,5,1,2,4,3,1,1,3,8,2,5,4,3,5,5,3,5,5,11,5,10,7,5,12,9,5,13,8,9,7,16,16,18,18,15,11,17,11,19,15,15,17,23,20,24,11,20,18,22,19,32,20,23,28,30,37,21,23,22,37,36,35,29,37,36,32,37,39,36,50,43,34,46,41,42,41,27,47,52,39,51,38,49,43,61,66,58,47,62,79,58,64,59,72,62,73,70,48,47,59,73,68,74,72,57,66,78,79,67,61,61,72,66,68,70,55,59,68,65,46,58,64,46,55,52,62,45,53,45,59,41,46,56,44,32,40,39,36,37,26,25,29,19,20,27,22,23,17,17,15,7,9,14,10,16,10,8,12,6,7,7,11,2,4,3,7,2,1,0,1,1,2,0,0,0,1,0,0,0,0,0,0,0,0,0,0,0,0,0,0,0,0,0,0,0,0,0,0,0,0,0,0,0,0,0,0,0,0
6.85,0,0,0,0,0,0,0,0,0,0,0,0,0,0,0,0,0,0,0,0,0,0,1,0,0,0,0,0,0,0,0,0,0,0,0,0,1,0,0,0,1,0,0,1,0,0,0,1,0,0,0,0,0,0,0,0,0,0,1,0,0,0,0,0,2,1,2,0,0,0,0,0,1,0,1,0,1,0,2,3,1,1,1,1,1,2,3,0,1,2,3,4,1,1,4,2,2,3,4,2,2,9,4,6,5,5,3,5,5,2,7,6,12,5,9,13,11,7,7,9,12,13,13,19,23,12,11,19,19,19,15,21,29,18,17,25,16,16,35,31,28,23,11,31,28,22,37,33,44,21,45,39,41,35,44,45,32,31,47,32,41,54,36,44,61,44,42,50,47,54,51,63,49,49,48,52,35,57,56,51,61,72,59,59,63,68,65,73,61,68,72,63,67,82,65,63,58,79,66,74,60,70,76,52,68,70,58,75,62,56,62,67,85,65,49,48,46,58,46,55,52,45,51,42,47,42,51,51,36,46,52,28,33,26,23,28,18,17,25,13,19,20,19,15,12,4,14,10,11,6,10,13,5,6,3,4,7,5,4,3,3,1,1,2,0,0,0,2,0,0,0,0,0,0,0,0,0,0,0,0,0,0,0,0,0,0,0,0,0,0,0,0,0,0,0,0,0,0,0,0
6.95,0,0,0,0,0,0,0,0,0,0,0,0,0,0,0,0,0,0,0,0,0,0,0,0,0,0,0,0,0,0,0,0,0,0,0,0,0,0,0,1,0,0,0,0,0,1,0,0,1,0,0,1,0,1,0,1,0,0,0,0,0,0,1,1,1,2,0,0,0,1,0,0,1,0,0,0,1,1,0,0,0,2,3,2,0,2,0,0,2,1,3,5,2,1,4,4,5,1,2,3,1,5,5,4,6,5,8,10,8,4,7,6,12,14,11,9,11,15,18,6,10,9,12,15,13,19,13,19,21,20,16,23,18,20,24,22,15,14,20,26,22,27,29,31,27,28,28,37,28,38,37,37,36,34,30,31,58,33,45,34,46,50,40,41,47,52,45,57,53,52,55,50,55,64,49,58,59,65,61,51,56,58,70,61,80,68,70,70,68,67,71,84,73,81,74,81,84,83,86,84,81,82,83,92,75,77,72,70,83,78,74,69,73,71,62,54,46,66,71,70,47,56,46,36,42,51,42,41,50,35,37,41,39,37,25,29,29,26,20,25,17,17,18,16,12,16,8,13,11,9,6,7,7,7,7,4,4,5,5,3,0,3,0,1,2,0,0,0,0,0,0,0,0,0,0,0,0,0,0,0,0,0,0,0,0,0,0,0,0,0,0,0,0,0,0,0,0,0,0,0
7.05,0,0,0,0,0,0,0,0,0,0,0,0,0,0,0,0,0,0,0,0,0,1,0,0,0,0,0,0,0,1,0,0,1,0,0,0,0,0,0,1,0,0,0,0,0,0,0,0,1,0,0,0,1,0,0,0,0,1,0,0,0,0,0,0,0,0,0,2,2,3,2,1,0,0,0,2,0,0,1,0,0,1,1,0,2,0,0,1,1,1,2,1,6,6,3,3,1,5,5,5,8,2,8,10,5,10,8,10,9,7,9,12,4,17,7,11,7,15,9,16,12,16,15,9,14,11,15,13,17,26,24,16,20,22,27,32,18,22,26,21,18,30,25,23,38,34,44,43,39,38,40,38,41,37,50,43,40,62,52,51,55,57,52,40,53,58,53,54,52,58,60,56,53,66,55,56,70,63,54,59,78,77,69,74,83,76,84,59,81,98,81,72,66,89,86,88,87,91,97,82,73,75,81,86,82,78,62,88,64,72,87,84,92,76,75,74,78,69,72,57,58,55,53,63,56,56,39,44,47,44,35,44,31,30,30,46,32,18,28,29,21,30,13,14,19,13,11,10,12,10,5,8,7,4,9,5,6,1,5,3,1,4,1,1,0,1,1,0,0,0,0,0,0,0,0,0,0,0,0,0,0,0,0,0,0,0,0,0,0,0,0,0,0,0,0,0,0,0,0,0
7.15,0,0,0,0,0,0,0,0,0,0,0,0,0,0,0,0,0,0,0,0,0,0,1,0,0,0,0,0,2,0,1,0,0,0,1,0,0,0,0,0,0,0,1,1,0,0,0,0,0,0,0,0,0,0,0,2,0,1,1,0,1,1,0,0,0,0,0,2,1,0,0,0,0,0,0,2,0,2,1,1,0,0,0,1,0,3,3,2,2,3,1,4,4,0,2,2,8,4,2,2,1,6,2,8,5,8,7,7,6,9,7,10,8,11,10,9,11,11,11,14,11,15,14,19,17,16,16,14,18,34,22,18,22,27,33,32,23,31,26,39,30,38,37,29,37,29,30,44,32,47,42,29,45,51,42,33,52,60,51,55,72,45,59,47,41,53,55,70,51,65,62,54,56,84,75,69,79,67,85,82,70,71,87,68,76,85,76,77,66,82,85,82,80,85,104,93,63,88,89,81,101,90,85,98,88,98,81,91,93,78,65,96,71,74,68,57,82,65,81,79,63,56,56,52,59,43,51,60,64,38,43,38,42,26,36,31,26,30,40,20,22,26,25,26,29,17,12,10,13,9,4,4,3,7,3,8,3,2,1,3,2,2,1,1,1,1,1,0,0,0,0,0,0,0,0,0,0,0,0,0,0,0,0,0,0,0,0,0,0,0,0,0,0,0,0,0,0,0,0,0
7.25,0,0,0,0,1,0,0,0,0,1,0,0,0,0,0,0,0,0,0,0,0,0,0,0,0,0,1,0,0,0,0,0,0,0,0,1,0,0,0,0,0,2,0,0,0,0,0,0,0,0,0,1,1,2,0,0,1,0,1,0,0,0,0,0,1,0,0,0,2,1,0,0,0,0,0,0,0,1,0,1,0,0,3,2,2,2,1,0,1,6,1,3,0,1,4,3,4,4,10,6,10,6,4,0,6,7,9,5,5,6,5,10,11,7,12,13,11,21,12,13,19,15,14,12,14,12,18,17,26,19,24,22,26,27,34,37,28,36,25,30,27,26,38,41,40,39,50,49,35,34,32,42,51,38,41,43,50,52,37,39,46,43,64,57,43,52,63,54,63,56,58,73,63,60,71,64,57,70,80,78,89,78,81,87,76,93,97,85,86,90,105,93,97,103,94,90,75,111,99,97,90,105,87,82,95,82,83,89,95,85,85,77,84,95,61,93,78,89,74,81,73,68,69,66,63,53,59,48,41,42,48,50,44,41,31,27,26,26,24,39,24,20,26,21,20,21,16,17,10,11,13,6,2,7,6,5,4,3,1,2,4,1,2,1,0,1,1,0,1,0,0,0,0,0,0,0,0,0,0,0,0,0,0,0,0,0,0,0,0,0,0,0,0,0,0,0,0,0,0,0
7.35,0,0,0,0,0,0,0,0,0,0,0,0,0,0,0,0,0,0,0,0,0,0,0,0,0,0,0,0,0,0,0,0,1,0,0,1,0,1,0,0,0,0,0,0,0,1,0,0,0,0,0,0,0,0,0,1,2,0,1,0,1,0,1,0,0,0,1,0,0,0,0,1,0,0,0,1,2,1,2,0,2,1,0,1,4,3,1,1,3,1,4,5,5,2,1,3,4,3,4,2,1,6,7,6,10,3,9,12,8,13,15,13,16,9,14,12,16,13,16,13,15,24,15,19,15,20,16,24,13,26,23,19,30,26,28,21,35,30,19,34,35,46,42,39,31,44,47,38,38,41,45,51,37,36,44,50,76,66,47,60,65,44,59,55,66,51,60,65,65,67,71,69,83,52,84,87,88,77,71,87,81,63,89,97,99,101,73,82,93,101,99,102,103,87,100,106,101,80,99,83,98,91,100,92,115,99,90,93,108,102,87,94,96,81,93,93,81,80,66,69,83,81,75,75,56,64,61,51,52,49,38,42,29,48,38,38,36,23,27,24,26,26,21,23,26,25,14,23,17,9,13,6,4,2,8,9,3,7,3,3,1,1,3,1,1,0,2,0,0,0,0,0,0,0,0,0,0,0,0,0,0,0,0,0,0,0,0,0,0,0,0,0,0,0,0,0,0,0,0,0
7.45,0,0,0,0,0,0,0,0,0,0,0,0,0,0,0,1,0,1,0,0,0,1,0,0,0,0,0,0,0,0,1,0,0,1,1,0,0,0,0,0,0,1,2,0,1,1,0,1,0,0,0,0,0,1,0,0,1,1,1,1,0,1,0,0,1,1,2,0,0,2,2,1,1,1,2,2,0,2,2,3,2,2,1,0,1,2,0,1,1,3,2,2,1,1,5,2,4,4,4,3,8,7,5,5,9,8,6,3,9,9,11,10,15,9,11,16,20,15,19,16,15,14,21,19,20,25,20,19,21,21,32,27,31,39,36,35,34,36,36,44,48,47,44,39,43,46,38,67,40,46,49,44,49,45,50,61,50,62,50,43,68,43,71,51,47,74,63,70,95,69,68,77,73,66,86,81,81,104,86,83,76,71,93,90,90,89,99,100,93,119,101,105,101,98,97,86,119,101,100,97,104,111,108,101,109,92,104,97,91,110,103,87,111,110,79,84,88,86,93,70,84,75,58,67,70,90,74,52,46,62,32,53,44,49,37,50,33,31,33,31,18,29,20,20,26,26,14,17,28,13,9,12,7,6,4,6,7,3,4,1,1,0,1,1,0,1,1,0,1,1,0,0,0,0,0,0,0,0,0,0,0,0,0,0,0,0,0,0,0,0,0,0,0,0,0,0,0,0,0,0
7.55,0,0,0,0,0,0,0,0,0,0,0,0,0,0,0,1,0,0,0,0,0,0,1,0,0,0,0,0,0,0,0,1,0,0,0,1,0,0,0,0,0,0,0,0,0,1,1,0,1,1,1,0,1,1,0,1,1,0,0,1,0,2,0,0,0,0,0,0,1,1,0,1,1,1,1,0,0,1,1,1,0,2,2,3,4,4,3,1,4,3,2,3,1,3,4,2,3,7,6,4,13,8,10,9,11,8,4,6,16,10,14,14,10,16,13,14,15,11,25,19,16,12,12,16,21,23,22,16,36,25,26,28,30,31,23,32,34,36,29,33,47,46,39,57,55,41,50,49,53,44,57,52,47,57,53,65,53,62,54,77,76,70,71,76,66,82,68,64,60,62,64,83,75,102,90,92,89,92,101,88,87,99,91,116,89,100,101,111,114,114,107,101,109,119,113,129,106,123,129,90,110,102,116,105,113,129,112,107,118,106,95,115,91,87,101,93,101,97,91,69,79,82,78,81,72,66,70,60,75,69,54,51,41,39,41,40,41,33,34,31,23,28,30,20,21,22,30,13,13,25,21,9,11,8,8,6,5,4,2,3,3,0,0,1,0,1,0,1,1,0,0,1,0,0,0,0,0,0,0,0,0,0,0,0,0,0,0,0,0,0,0,0,0,0,0,0,0,0,0,0
7.65,0,0,0,0,0,0,0,0,0,0,0,0,0,0,0,0,0,0,0,0,0,0,0,0,0,0,0,0,0,0,0,0,0,0,0,0,1,1,0,0,1,0,0,1,0,1,0,0,0,0,0,1,1,2,0,2,0,0,0,1,0,1,3,0,0,0,0,0,0,0,1,0,0,1,0,0,1,1,3,1,1,3,2,1,0,2,2,1,3,0,3,4,2,2,2,1,6,3,5,5,11,10,6,12,4,4,12,11,6,18,9,12,19,10,26,12,13,20,20,17,15,16,25,12,23,22,23,26,40,25,29,23,32,42,34,40,41,42,47,45,49,56,61,45,51,44,42,58,51,54,42,54,56,34,72,60,92,66,73,64,57,69,88,76,76,83,75,82,65,77,78,82,60,101,85,94,101,86,105,84,116,104,107,83,112,130,91,126,96,121,137,112,116,102,130,107,139,129,107,125,107,135,127,89,118,97,121,123,126,101,118,98,89,106,108,111,104,101,84,89,98,93,84,73,73,78,63,68,73,67,60,63,63,52,43,40,36,36,32,35,33,31,24,26,21,21,21,25,18,20,17,14,4,12,5,5,6,3,3,2,2,1,1,0,1,1,0,0,0,0,0,0,0,0,0,0,0,0,0,0,0,0,0,0,0,0,0,0,0,0,0,0,0,0,0,0,0,0,0,0
7.75,0,0,0,0,0,0,0,0,0,0,0,0,0,0,0,0,0,0,0,0,0,0,0,0,0,0,0,0,0,0,0,1,1,0,0,0,0,0,1,0,0,0,0,0,0,1,0,0,0,2,0,0,0,0,0,0,2,0,0,0,0,1,0,1,0,1,1,2,3,0,2,2,1,0,1,0,1,2,4,1,1,0,5,3,2,3,4,5,6,4,0,7,4,7,2,1,7,5,7,4,5,5,2,9,7,9,10,13,13,12,14,14,12,17,16,8,13,15,21,21,21,26,16,22,20,27,26,24,27,22,38,43,34,28,30,35,31,52,40,56,49,44,48,43,55,51,46,56,50,61,66,51,65,70,59,55,64,62,78,69,62,75,68,76,68,89,71,73,83,80,87,85,80,114,106,71,83,90,98,102,103,104,117,119,119,95,127,127,110,128,117,128,110,122,117,126,119,126,98,115,114,118,130,106,114,118,121,100,130,120,122,136,102,111,126,118,113,99,94,86,106,84,83,92,76,84,60,64,78,64,70,55,58,61,78,56,39,33,28,39,32,29,29,25,24,19,16,11,24,26,24,18,9,7,9,8,6,6,2,4,1,3,0,0,2,0,0,0,0,0,0,0,0,0,0,0,0,0,0,0,0,0,0,0,0,0,0,0,0,0,0,0,0,0,0,0,0,0,0,0
7.85,0,0,0,0,0,0,0,0,0,0,0,0,0,0,0,0,0,1,0,0,0,0,0,0,0,0,0,0,1,2,1,0,1,0,0,1,0,0,0,1,0,0,0,0,1,0,0,0,0,1,1,0,1,0,1,2,0,1,1,1,0,0,0,1,0,0,2,0,2,2,0,0,0,1,2,0,4,2,0,1,3,4,1,3,3,2,1,2,4,8,6,3,8,2,7,5,3,5,2,5,3,5,8,9,5,12,5,5,10,11,15,15,14,16,12,16,14,13,25,23,25,14,19,39,28,28,23,22,29,30,41,34,30,27,47,38,39,38,59,55,41,37,60,52,57,49,56,61,57,53,68,44,57,73,65,74,72,69,83,58,74,80,72,84,80,69,88,77,97,85,86,95,101,89,85,95,92,106,98,124,107,101,93,115,101,106,126,113,119,115,128,116,138,133,110,132,140,122,129,135,126,115,130,125,107,113,151,110,127,134,132,120,125,120,114,94,110,116,100,102,100,72,105,95,91,95,79,77,80,78,68,60,55,53,43,42,45,49,48,29,38,34,33,29,39,15,21,16,24,15,19,15,18,10,10,5,3,11,3,6,3,2,1,1,0,1,1,0,0,0,0,0,0,0,0,0,0,0,0,0,0,0,0,0,0,0,0,0,0,0,0,0,0,0,0,0,0,0,0,0
7.95,0,0,0,0,0,0,0,0,0,0,0,0,1,0,0,0,0,0,0,0,0,0,0,0,0,0,0,0,0,0,0,0,0,0,2,0,0,0,0,1,0,1,0,1,1,0,0,0,0,0,2,0,0,0,0,1,0,1,1,1,0,1,0,1,1,1,1,2,1,0,3,1,1,0,0,4,2,3,2,1,0,0,3,2,2,3,2,3,6,5,2,2,7,6,2,3,4,5,4,4,7,3,10,12,11,10,9,16,17,12,12,14,16,15,14,24,19,11,32,21,24,20,25,26,25,38,18,30,31,36,44,39,41,42,33,47,45,48,43,58,52,42,41,50,80,61,64,62,70,55,67,65,64,74,67,69,82,88,84,76,77,95,73,78,76,80,94,90,101,99,84,101,99,104,109,103,96,100,112,113,132,113,132,118,137,134,127,116,153,132,116,134,118,145,113,135,135,140,121,145,145,126,140,132,148,133,135,112,117,150,154,127,131,110,121,114,113,117,130,79,97,89,97,103,90,91,85,95,75,71,75,77,76,68,55,63,52,44,38,45,37,27,34,37,30,29,24,26,17,13,14,21,13,9,14,2,3,9,10,6,5,2,3,1,2,1,0,0,0,1,0,0,0,0,0,0,0,0,0,0,0,0,0,0,0,0,0,0,0,0,0,0,0,0,0,0,0,0,0,0
8.05,0,0,1,0,0,0,0,0,0,0,0,0,0,0,0,0,0,0,0,0,0,0,0,0,0,0,0,0,0,0,1,0,0,0,0,0,0,0,1,0,2,1,2,1,0,1,0,0,1,1,1,0,1,0,0,2,1,1,0,1,0,0,2,0,0,0,1,0,3,1,1,2,1,2,0,2,5,1,1,1,1,3,4,0,3,1,2,2,2,3,7,4,9,5,1,2,8,8,6,9,4,9,7,17,8,8,11,14,10,17,12,10,16,20,14,28,22,23,18,18,24,20,24,29,29,24,36,29,33,30,39,34,52,33,42,62,48,48,42,46,49,43,74,59,62,60,70,56,71,79,69,64,87,66,73,89,86,83,86,84,78,92,97,75,86,85,92,91,121,110,89,98,108,116,102,114,117,117,112,115,113,154,107,110,123,120,131,138,104,163,156,157,140,171,151,141,149,141,126,132,168,122,149,154,140,147,147,180,129,134,140,145,137,131,124,144,134,137,118,123,112,113,98,88,81,79,89,85,85,75,72,82,63,74,61,60,48,47,59,37,39,31,42,32,32,25,32,24,23,14,16,23,13,14,8,13,5,3,12,3,6,2,3,2,3,1,2,0,0,0,1,1,0,0,0,0,0,0,0,0,0,0,0,0,0,0,0,0,0,0,0,0,0,0,0,0,0,0,0,0
8.15,0,0,0,0,0,0,0,0,0,0,0,0,1,0,0,0,0,0,0,0,0,0,0,0,0,0,0,0,0,0,0,1,0,0,0,0,0,0,0,0,0,1,1,2,0,1,0,0,1,1,0,0,1,1,2,1,0,0,0,1,1,0,2,2,0,0,2,0,1,1,0,1,1,1,2,2,3,1,2,0,2,1,2,1,2,0,4,3,5,3,6,3,4,6,4,4,7,3,4,4,4,8,10,13,14,8,11,11,15,17,8,21,21,16,14,20,20,18,19,25,27,24,25,29,39,29,34,35,42,34,34,37,37,47,51,44,49,50,47,50,50,59,50,56,58,56,52,61,69,85,76,67,67,86,77,82,87,95,73,79,83,83,99,86,99,113,118,101,106,123,107,116,125,115,122,134,120,133,123,129,136,124,146,137,166,129,134,133,124,148,141,151,151,142,147,150,165,137,147,151,156,161,165,149,180,162,174,138,170,147,152,152,138,131,138,164,129,122,123,111,110,129,91,117,101,88,105,84,77,87,67,86,74,75,64,70,50,51,47,49,36,46,48,40,33,22,22,21,23,18,15,21,16,13,8,11,6,11,9,2,5,5,0,3,5,1,1,2,0,0,0,1,0,0,0,0,0,0,0,0,0,0,0,0,0,0,0,0,0,0,0,0,0,0,0,0,0,0,0,0
8.25,0,0,0,0,1,0,0,0,0,0,0,0,0,0,0,0,0,1,0,0,0,0,0,0,2,0,0,0,0,0,0,0,0,1,0,0,0,1,0,0,2,1,0,0,0,0,2,1,1,0,1,2,0,2,1,0,2,0,0,1,0,2,1,1,1,0,0,0,1,1,3,4,1,0,1,2,3,1,1,2,1,6,1,2,6,7,1,1,2,5,2,4,6,6,6,7,10,14,16,11,9,9,8,14,11,12,12,16,15,20,20,10,20,15,25,26,20,30,23,28,24,37,31,27,26,25,35,35,44,29,44,38,32,58,40,50,54,60,56,69,56,72,53,67,68,61,72,75,68,72,78,69,88,77,76,82,92,93,93,100,98,95,89,120,102,104,99,106,97,110,101,133,109,119,122,115,136,108,118,120,137,126,156,141,140,142,135,174,168,149,142,173,145,173,160,172,155,159,155,167,179,142,174,155,179,166,159,148,180,139,153,159,161,157,159,170,137,156,128,132,117,125,130,103,110,69,96,93,99,92,77,76,65,79,64,67,54,60,67,59,33,43,47,42,36,24,26,13,20,20,17,16,10,15,16,6,10,7,9,4,5,3,5,5,3,1,2,1,0,0,0,0,1,1,0,0,0,0,0,0,0,0,0,0,0,0,0,0,0,0,0,0,0,0,0,0,0,0,0,0
8.35,0,0,0,0,0,0,0,0,0,0,0,0,0,0,0,0,0,0,0,0,2,0,0,0,0,0,1,0,0,0,0,0,0,0,1,0,2,0,2,0,0,2,0,1,0,2,0,0,0,1,0,0,1,0,1,2,0,2,2,3,2,0,1,0,1,1,2,2,3,0,0,0,0,1,1,1,1,2,1,1,0,2,2,4,2,0,3,3,4,7,1,4,8,7,6,9,7,5,3,9,13,11,10,13,9,13,6,12,16,17,19,16,13,15,16,27,25,18,31,22,31,20,34,24,35,35,28,40,41,40,37,50,42,55,55,46,48,74,47,60,74,66,74,70,77,67,71,81,80,77,80,89,87,90,106,88,117,97,93,88,108,100,98,97,100,97,107,118,128,107,126,131,139,127,123,124,132,168,126,121,154,134,144,147,134,158,130,145,168,165,162,159,159,162,164,155,173,184,181,179,183,162,169,167,162,184,177,163,186,160,157,152,147,163,155,151,146,150,145,136,138,130,147,120,101,111,103,113,88,77,79,95,97,63,74,66,56,71,49,46,60,46,48,44,38,27,27,23,28,19,21,20,20,7,13,7,3,5,13,9,3,5,1,2,4,3,2,2,0,0,0,0,1,0,0,0,0,0,0,0,0,0,0,0,0,0,0,0,0,0,0,0,0,0,0,0,0,0,0,0
8.45,0,0,0,0,0,0,0,0,0,0,0,0,0,0,1,0,0,0,0,0,0,0,0,0,0,0,1,0,0,0,0,1,0,0,0,1,0,0,0,0,0,0,0,0,1,1,2,3,0,0,0,0,0,1,0,1,1,0,1,1,3,1,1,0,1,3,0,1,0,3,4,1,0,0,2,2,1,2,2,4,0,2,3,4,8,6,2,1,5,1,5,5,9,4,2,9,11,8,8,11,5,13,9,12,10,13,14,20,28,11,18,20,12,22,15,26,26,27,26,29,25,23,28,38,40,40,43,34,35,36,58,54,60,34,45,50,46,67,60,63,76,72,60,73,81,88,84,87,99,92,82,108,117,91,112,102,93,118,100,133,93,107,108,109,114,123,125,142,106,126,121,126,126,144,165,140,158,131,150,146,149,136,128,154,172,147,186,153,174,181,172,178,178,178,175,182,195,192,164,205,181,191,186,171,165,175,224,183,138,193,161,160,154,181,143,164,166,162,151,138,128,163,133,127,134,118,108,107,100,101,102,78,69,89,75,73,60,70,60,58,46,63,29,40,43,41,31,31,26,15,15,27,12,17,8,13,4,7,3,7,4,7,1,2,2,4,4,3,1,1,0,0,1,0,0,0,0,0,0,0,0,0,0,0,0,0,0,0,0,0,0,0,0,0,0,0,0,0,0,0
8.55,0,0,0,0,0,0,0,0,0,0,0,0,0,0,0,0,0,0,1,0,0,0,0,0,0,0,1,0,0,2,0,0,0,0,0,0,0,0,0,0,0,2,0,1,0,1,0,0,1,0,0,1,0,0,0,2,0,1,2,1,2,2,0,1,2,1,1,2,0,2,1,0,0,1,2,3,1,2,2,2,1,2,1,4,3,0,1,3,2,5,6,5,5,9,7,8,11,8,8,14,12,15,11,17,16,13,16,13,14,17,14,15,20,16,19,25,30,25,26,32,37,27,25,30,31,46,28,37,43,48,40,50,47,57,54,48,58,56,58,70,76,77,70,75,92,68,93,60,90,87,105,66,92,78,100,98,114,112,120,102,113,104,109,113,129,130,106,119,136,119,127,117,135,140,161,137,144,175,166,160,161,163,185,160,179,153,197,206,179,178,185,161,189,196,200,187,203,205,186,197,205,189,180,223,186,196,202,186,192,169,188,199,165,170,161,161,166,152,152,161,148,114,114,140,129,130,119,130,105,84,101,103,93,70,74,72,77,55,64,60,55,40,51,46,41,40,45,24,29,21,16,20,18,21,14,11,8,4,6,6,4,4,3,3,3,1,3,3,4,2,1,0,1,0,0,0,0,0,0,0,0,0,0,0,0,0,0,0,0,0,0,0,0,0,0,0,0,0,0,0
8.65,0,1,0,0,0,0,0,0,0,0,0,0,0,1,0,0,0,1,0,1,0,0,0,0,0,0,1,0,0,0,0,0,1,0,1,1,0,1,0,1,2,0,0,0,0,0,0,3,1,2,0,2,0,0,2,2,0,1,3,0,0,0,0,1,2,0,2,1,1,1,2,2,2,2,4,1,2,0,0,2,4,2,5,3,2,6,3,3,4,6,8,5,10,4,5,6,7,9,15,12,9,12,12,15,20,19,18,13,17,21,25,19,24,19,30,38,23,29,25,25,29,39,36,31,38,39,49,50,37,49,38,57,55,64,65,50,79,61,60,95,68,65,80,84,71,87,83,97,108,96,95,103,124,109,96,111,96,103,112,116,143,117,134,130,125,137,97,135,142,147,123,145,147,141,147,177,162,144,157,162,156,152,152,175,181,182,185,195,195,183,201,205,202,200,211,205,187,207,213,197,202,189,205,190,206,219,215,188,185,197,179,192,198,175,175,170,175,180,164,152,169,142,137,139,151,118,122,118,115,89,103,89,98,80,82,92,66,81,55,63,53,60,48,40,34,51,36,38,34,29,24,13,14,17,19,15,11,8,7,5,7,4,5,3,5,3,2,4,1,1,1,0,0,0,0,0,0,0,0,0,0,0,0,0,0,0,0,0,0,0,0,0,0,0,0,0,0,0,0,0
8.75,0,0,0,0,0,0,0,0,0,1,1,0,0,0,0,0,0,0,0,0,0,1,0,0,0,1,0,1,0,1,0,0,0,1,0,1,0,1,0,0,1,0,2,0,0,1,1,0,2,0,1,0,0,3,1,1,0,0,0,2,0,1,0,1,0,1,1,0,3,1,0,3,1,1,1,0,2,4,0,4,1,2,3,3,2,4,3,5,2,7,9,8,4,11,11,12,8,7,14,8,14,13,12,20,13,15,19,16,16,23,24,25,26,23,23,20,29,27,33,35,33,41,36,43,39,35,58,49,48,51,52,67,51,61,67,76,80,58,75,64,88,74,75,90,71,89,86,90,99,110,91,120,105,88,117,120,114,123,133,148,129,122,138,120,158,144,105,141,142,151,143,148,166,163,156,178,147,161,178,173,174,170,170,172,190,174,185,213,203,224,187,217,217,226,199,205,204,184,226,210,196,188,192,205,209,221,197,229,196,210,201,187,207,175,206,188,176,191,182,160,179,154,151,141,143,158,120,125,124,110,111,94,106,87,74,88,77,73,63,69,68,46,71,38,37,47,39,44,34,26,33,16,15,11,23,9,11,8,8,10,2,6,6,4,1,6,1,3,1,2,0,0,1,0,0,0,0,0,0,0,0,0,0,0,0,0,0,0,0,0,0,0,0,0,0,0,0,0,0,0
8.85,0,0,0,0,0,0,0,0,0,0,0,0,0,0,0,0,0,0,0,0,1,0,0,0,0,0,0,0,0,0,2,1,0,0,0,0,0,0,1,0,0,0,0,0,1,1,1,2,0,0,1,0,2,1,0,1,0,0,1,1,2,1,0,0,1,3,0,1,3,2,2,0,3,1,0,2,5,4,2,1,4,2,3,5,0,8,9,5,9,5,7,5,7,8,5,6,7,12,1,9,7,9,11,14,13,15,22,23,18,12,22,19,19,30,17,19,31,26,29,49,42,44,25,38,43,40,49,57,43,47,43,57,39,67,56,63,80,50,74,88,93,80,89,96,103,102,97,97,109,95,106,98,110,103,120,118,130,101,104,149,129,139,118,120,149,149,123,130,145,150,163,138,167,155,169,182,156,174,178,167,195,187,186,176,179,218,211,206,199,210,204,227,226,227,233,203,241,237,224,222,231,238,207,221,221,206,224,228,204,221,229,198,226,209,187,184,195,193,215,170,160,185,164,177,137,151,141,122,123,119,123,98,95,98,97,85,70,79,82,61,59,65,54,42,57,32,39,30,30,30,25,41,19,18,13,14,13,11,5,9,8,7,5,4,2,4,5,1,1,1,1,0,0,0,0,0,0,0,0,0,0,0,0,0,0,0,0,0,0,0,0,0,0,0,0,0,0,0,0,0
8.95,0,0,0,0,0,0,0,0,0,0,0,0,0,0,0,0,0,0,1,0,0,0,0,0,0,0,1,0,0,0,0,0,0,1,1,0,0,0,0,0,1,0,1,1,0,0,2,0,0,0,0,0,0,1,0,0,0,1,3,1,1,1,1,4,1,2,0,1,3,4,1,0,3,5,2,3,1,2,3,2,2,1,2,5,3,3,5,7,7,8,8,8,6,4,6,6,11,7,9,11,12,12,13,14,21,12,14,24,22,23,23,22,23,32,26,32,33,30,35,44,23,41,39,45,37,42,41,54,49,51,54,65,57,81,73,67,61,74,88,73,67,82,71,95,106,106,92,105,114,106,120,122,123,114,126,117,131,137,175,123,136,148,153,133,165,130,149,148,174,164,153,172,167,188,181,191,156,179,196,187,182,198,213,174,194,184,188,219,227,259,232,230,222,244,223,235,207,240,223,221,221,222,222,214,264,208,257,232,202,213,211,245,218,201,196,203,205,190,195,175,167,172,180,163,166,158,153,155,150,128,127,113,94,99,96,90,101,76,74,76,41,61,60,60,48,44,30,43,38,40,25,29,30,30,14,15,10,11,6,9,9,4,3,2,5,5,5,1,0,1,1,2,0,0,0,0,0,0,0,0,0,0,0,0,0,0,0,0,0,0,0,0,0,0,0,0,0,0,0,0
9.05,0,0,0,0,0,0,0,0,0,0,0,1,0,0,0,0,0,0,0,0,0,0,0,0,0,0,0,0,0,0,0,0,1,1,1,0,1,0,0,1,1,0,0,0,1,0,2,0,2,0,1,0,2,1,1,1,0,0,1,1,0,1,1,1,1,1,2,2,0,0,0,0,2,1,1,4,5,1,3,7,5,3,3,4,5,4,3,1,3,5,12,5,9,11,9,10,9,9,11,16,14,8,17,10,18,14,22,27,24,16,17,21,28,30,21,30,32,31,34,46,46,48,40,50,44,41,39,64,52,64,65,63,68,70,63,77,68,86,79,96,96,91,97,104,113,120,127,104,121,117,124,119,109,125,114,143,144,126,147,128,149,138,135,145,146,153,155,200,154,142,180,154,164,176,196,197,183,199,215,219,211,215,202,238,225,211,200,235,231,226,242,245,238,209,233,269,258,234,270,246,239,255,259,255,235,262,245,247,224,211,237,207,223,198,226,222,199,209,214,179,199,168,190,142,170,164,173,146,145,139,150,136,125,82,96,89,86,97,73,78,72,49,53,64,51,39,44,37,47,29,31,32,35,24,19,11,11,12,17,7,9,7,3,3,2,3,1,3,1,1,1,0,2,0,0,0,0,0,0,0,0,0,0,0,0,0,0,0,0,0,0,0,0,0,0,0,0,0,0,0
9.15,0,0,0,0,0,0,0,0,0,0,0,0,1,0,0,0,0,0,0,0,0,0,1,0,0,0,1,0,1,0,1,0,0,0,0,0,2,0,0,0,0,0,1,0,0,2,3,3,0,0,0,5,0,1,1,1,0,0,2,3,0,3,1,1,3,2,5,0,1,3,3,2,1,0,1,2,5,2,2,4,3,6,5,7,4,6,3,6,2,10,5,10,10,8,12,8,9,8,10,11,9,7,16,10,16,22,21,29,18,13,25,22,31,29,24,36,29,28,37,33,37,42,52,53,36,40,42,53,75,52,52,75,70,66,84,83,91,88,90,81,88,106,90,118,94,116,108,129,118,103,124,125,110,107,136,117,129,163,164,149,164,164,176,150,164,176,186,151,182,162,151,163,200,204,184,163,184,195,201,195,208,225,217,214,201,213,246,232,242,217,249,249,233,261,264,266,256,241,257,248,285,286,271,264,250,271,219,259,253,241,267,262,239,239,216,214,233,195,215,208,205,204,175,169,178,147,170,158,144,170,127,121,126,109,123,111,91,93,74,63,69,75,65,61,65,55,34,47,34,43,27,34,32,29,18,14,18,10,16,11,6,5,3,7,4,3,2,2,1,2,0,0,2,0,0,0,0,0,0,0,0,0,0,0,0,0,0,0,0,0,0,0,0,0,0,0,0,0,0,0
9.25,0,0,0,0,0,0,0,0,0,0,0,0,0,0,1,0,0,1,1,0,0,0,1,0,0,0,0,0,1,0,0,0,0,0,0,0,0,2,2,0,1,0,1,0,0,0,1,0,0,3,1,3,0,2,1,1,1,0,1,3,0,3,3,1,3,3,1,0,2,4,0,1,0,4,4,3,4,2,2,2,1,4,4,12,3,7,4,5,7,8,10,5,10,13,6,8,13,16,18,14,24,13,17,15,18,31,19,28,20,33,24,28,20,37,35,39,44,39,40,48,42,45,54,42,57,61,57,59,45,62,62,73,76,87,81,71,74,74,100,89,121,107,103,100,109,114,113,122,135,132,135,129,106,159,157,144,152,139,154,167,143,160,152,181,179,198,185,167,166,194,203,191,176,183,181,237,209,212,205,204,191,200,231,212,233,246,238,227,264,284,250,265,242,253,258,272,257,257,267,277,274,235,247,248,249,266,269,254,259,254,274,265,262,233,208,266,247,230,211,189,202,209,187,178,187,173,176,173,140,152,157,143,141,126,119,110,111,106,76,79,61,68,62,57,69,59,52,31,49,35,29,30,28,29,25,16,24,11,18,11,8,6,4,8,5,2,3,1,2,1,0,0,1,1,0,0,0,0,0,0,0,0,0,0,0,0,0,0,0,0,0,0,0,0,0,0,0,0,0,0
9.35,0,0,0,1,0,0,0,0,0,0,0,1,0,0,0,0,0,0,0,0,0,0,0,0,0,0,1,0,0,1,0,0,1,0,1,1,1,1,0,0,0,1,0,0,0,3,1,1,1,0,2,2,1,3,2,3,1,2,2,1,3,2,0,1,1,2,5,1,3,1,1,0,2,0,1,3,2,4,1,1,2,4,3,5,3,4,7,11,8,6,9,5,11,15,7,10,13,18,13,10,14,13,15,27,15,20,30,18,25,29,32,23,41,38,35,35,36,34,46,31,41,55,52,55,49,48,66,56,66,75,74,71,72,70,74,90,75,92,91,82,104,105,107,108,102,117,131,97,125,129,122,159,145,116,137,141,147,143,168,168,163,154,170,186,179,185,204,186,182,186,193,210,183,187,217,213,213,202,224,220,216,236,246,236,267,224,256,225,260,248,271,278,272,294,293,280,276,281,271,269,241,275,263,270,270,272,264,287,276,244,270,234,240,265,251,263,226,261,221,239,222,191,211,174,176,219,164,182,162,170,153,130,134,127,142,104,114,95,107,71,74,63,68,52,69,60,57,41,36,46,28,26,30,28,19,20,21,18,7,17,8,6,7,5,4,6,0,0,2,1,0,1,0,1,1,0,0,0,0,0,0,0,0,0,0,0,0,0,0,0,0,0,0,0,0,0,0,0,0,0
9.45,0,0,0,0,0,0,0,0,0,0,0,0,2,0,0,0,0,0,0,0,0,0,0,0,0,0,0,0,1,0,1,0,1,0,0,0,0,0,1,1,0,1,0,0,1,2,1,0,1,1,0,0,0,0,1,1,0,2,1,3,0,3,2,1,1,2,1,1,2,3,3,2,0,7,6,0,1,2,0,6,4,5,3,3,6,1,9,4,6,7,6,10,11,12,14,12,17,14,10,13,14,12,16,18,24,24,26,28,28,28,40,38,26,38,42,47,48,35,48,58,57,64,58,54,53,51,78,56,78,66,79,89,77,87,77,85,110,81,99,100,98,105,113,134,137,136,120,151,139,117,140,147,141,167,156,155,163,174,169,206,186,167,178,192,184,216,175,208,195,187,199,199,229,226,206,214,222,226,240,246,213,219,264,235,267,270,298,270,253,270,279,302,249,267,262,306,289,282,278,292,272,305,326,267,305,310,284,266,266,280,283,262,245,260,289,253,268,271,228,226,241,241,227,204,194,195,171,168,173,176,141,149,139,113,118,127,118,113,86,87,89,72,82,62,36,70,52,49,52,41,47,28,24,26,26,17,17,26,10,12,11,10,6,4,6,7,0,1,1,0,0,2,0,1,0,0,0,0,0,0,0,0,0,0,0,0,0,0,0,0,0,0,0,0,0,0,0,0,0,0
9.55,0,0,0,0,0,0,0,0,0,0,1,1,0,0,0,0,0,0,0,0,0,1,0,0,0,1,0,0,0,1,1,1,1,0,0,1,1,0,0,1,1,1,1,2,1,2,0,1,2,1,1,3,1,2,0,3,2,2,1,2,2,0,1,0,2,1,2,1,0,2,3,1,2,3,3,3,5,3,10,0,4,1,6,6,9,7,4,9,9,7,7,6,15,4,7,11,13,11,13,22,23,13,26,23,17,24,24,19,26,35,33,26,34,41,40,40,43,44,35,43,61,59,51,60,69,64,60,64,66,69,80,74,87,80,74,92,101,106,100,100,123,132,128,134,122,112,129,122,145,145,140,157,136,143,143,139,163,166,152,169,182,197,172,183,195,180,207,199,204,193,197,246,211,232,228,229,250,236,275,242,239,263,239,252,250,258,270,311,285,295,276,295,299,306,321,291,303,313,294,306,308,323,280,314,331,275,288,289,310,296,263,290,314,276,279,277,245,267,261,236,231,261,221,190,220,218,192,196,192,172,172,144,140,143,141,98,102,119,103,82,76,91,72,80,62,53,46,51,44,38,47,40,33,30,28,16,22,21,13,20,8,7,4,5,4,5,3,2,0,0,0,0,0,1,0,0,0,0,0,0,0,0,0,0,0,0,0,0,0,0,0,0,0,0,0,0,0,0,0,0
9.65,0,0,0,0,0,0,0,0,0,0,0,0,0,0,0,0,0,0,0,0,0,0,0,0,0,0,0,0,0,1,0,1,0,0,2,1,1,1,2,1,0,0,0,2,0,0,0,1,1,0,2,2,1,2,1,4,1,2,2,2,2,3,1,1,0,2,2,1,2,1,2,1,2,5,4,3,1,3,1,2,4,4,2,6,7,5,7,9,3,9,11,11,9,9,7,14,17,14,18,14,19,17,19,11,20,27,23,19,21,25,38,21,40,46,32,33,50,44,44,47,46,53,45,62,57,67,67,70,68,77,85,85,94,92,106,95,103,116,116,118,119,112,127,154,127,129,146,122,160,156,159,126,150,175,146,177,193,188,173,201,206,182,205,168,205,212,203,210,174,237,207,215,232,224,236,276,252,261,251,228,223,273,271,276,281,252,273,274,288,275,253,296,317,310,294,269,302,300,308,298,333,261,306,333,293,324,326,323,305,280,300,270,341,280,256,286,257,287,254,286,254,262,246,225,227,218,200,194,187,170,184,154,178,143,142,133,104,108,87,107,83,81,91,73,73,59,55,36,54,38,36,34,31,33,28,19,17,23,18,17,13,8,7,3,3,3,3,6,1,0,1,0,0,1,0,0,0,0,0,0,0,0,0,0,0,0,0,0,0,0,0,0,0,0,0,0,0,0,0,0
9.75,0,0,0,0,0,1,1,0,0,1,0,0,0,0,1,0,0,0,0,0,1,1,0,0,0,1,1,0,0,1,3,0,0,0,0,0,1,0,0,1,1,1,2,0,1,1,0,0,1,2,1,1,2,3,0,1,1,1,1,2,2,0,2,3,1,2,2,1,4,1,2,4,2,2,2,1,3,5,7,6,12,6,5,6,8,7,7,5,7,12,11,8,8,14,10,16,14,12,18,12,14,22,17,26,25,33,22,22,26,33,35,26,36,36,48,51,48,44,52,38,66,40,57,73,55,72,71,67,74,76,98,104,99,93,95,101,112,110,126,103,112,133,143,131,138,133,136,150,153,144,168,167,157,177,198,185,155,199,177,193,209,216,194,209,210,191,232,209,233,228,232,218,246,232,238,255,252,266,259,263,300,278,301,320,285,304,310,267,271,302,306,317,312,306,299,316,296,301,332,364,336,360,323,311,312,272,338,313,284,341,283,316,296,307,309,275,263,289,267,248,288,247,234,223,237,215,220,197,204,187,227,162,163,150,187,120,127,129,105,87,113,93,73,74,80,66,61,49,39,46,37,27,36,33,28,23,16,18,14,25,11,8,7,5,3,4,2,2,4,1,1,1,0,0,0,0,0,0,0,0,0,0,0,0,0,0,0,0,0,0,0,0,0,0,0,0,0,0,0,0
9.85,0,0,0,0,0,1,0,0,0,0,0,0,0,1,0,0,0,0,0,0,0,1,1,0,1,0,0,0,0,0,0,1,1,0,0,1,0,1,0,0,0,2,1,1,2,2,2,1,1,0,2,2,1,0,2,1,2,2,1,2,1,4,6,6,1,3,2,2,1,2,2,2,2,2,3,5,2,5,4,6,8,12,3,7,10,8,9,11,10,12,11,10,3,13,14,15,14,19,17,20,12,24,18,22,22,20,31,20,18,39,49,20,47,50,38,42,35,56,53,58,51,67,83,70,58,64,67,75,80,97,96,92,111,112,111,110,96,117,123,103,128,114,131,153,158,148,157,164,166,199,161,150,183,173,180,182,185,202,215,201,191,230,186,204,219,224,225,245,208,220,249,226,234,267,237,263,260,293,295,281,261,288,289,297,291,346,340,282,321,308,314,356,324,323,356,323,335,362,340,336,341,341,358,352,339,348,315,325,330,340,350,333,317,324,273,293,276,301,309,262,266,264,259,241,237,251,225,233,203,211,187,175,195,164,149,144,138,117,122,121,94,99,86,94,73,75,56,43,49,44,44,38,28,38,22,14,19,18,16,14,16,12,4,8,2,6,3,3,5,0,0,1,0,0,0,0,0,0,0,0,0,0,0,0,0,0,0,0,0,0,0,0,0,0,0,0,0,0,0,0
9.95,0,0,0,0,0,0,0,0,0,0,0,0,0,0,0,1,0,0,0,1,1,1,1,0,0,0,2,1,1,0,0,0,0,0,2,0,0,0,4,1,0,0,0,0,0,0,1,0,0,1,0,2,0,2,2,2,1,4,3,2,1,1,3,5,1,3,0,1,3,3,4,3,4,5,4,7,6,2,3,3,3,7,9,7,2,7,4,10,11,11,5,7,14,18,10,23,19,12,19,23,26,26,28,26,23,30,22,28,40,31,30,48,41,55,42,44,53,47,57,57,64,64,60,63,63,77,79,60,78,87,105,76,84,94,107,106,125,125,118,128,138,109,115,141,160,170,188,156,164,185,181,156,175,190,190,196,197,186,206,211,196,246,230,252,237,229,250,270,258,238,221,256,252,281,290,263,248,291,295,292,352,308,305,339,307,299,338,330,383,326,322,325,359,345,349,315,353,349,355,364,369,357,400,351,363,345,356,336,334,370,345,364,349,352,290,323,307,326,291,295,290,295,266,245,255,254,235,237,213,226,204,198,184,171,174,164,126,133,130,106,108,103,93,92,82,69,80,55,43,49,48,43,33,34,23,25,13,14,23,13,12,8,8,6,2,6,3,3,4,2,0,0,0,0,0,0,0,0,0,0,0,0,0,0,0,0,0,0,0,0,0,0,0,0,0,0,0,0,0,0
10.05,0,0,0,0,1,0,0,0,0,0,0,0,1,1,0,0,0,1,0,0,1,0,1,0,1,0,0,0,0,0,0,1,0,0,2,2,1,0,1,1,0,1,1,1,0,2,3,0,1,0,2,4,1,0,5,1,2,1,1,3,1,1,2,2,3,2,1,4,0,4,5,2,4,3,0,1,4,5,3,7,5,3,7,8,6,6,8,7,10,15,15,14,9,10,10,11,11,20,15,13,18,21,28,23,22,31,31,29,31,26,39,25,50,40,52,59,67,53,51,62,56,59,70,68,73,86,75,69,64,65,85,108,103,109,103,107,126,123,121,111,149,126,148,138,144,156,178,166,161,168,164,192,183,186,218,200,218,196,206,214,233,202,237,248,257,232,216,258,264,249,243,266,286,278,289,282,310,280,293,274,303,309,299,350,319,341,338,322,361,356,363,353,344,374,361,380,366,382,356,398,360,375,401,380,377,363,369,377,402,361,339,349,358,348,371,338,368,325,308,316,290,298,268,254,277,256,275,243,208,203,251,208,164,177,155,173,153,147,131,125,132,99,87,84,93,76,85,62,50,41,57,33,40,45,22,28,18,17,14,18,10,15,10,10,0,1,6,2,4,4,1,0,0,0,0,0,0,0,0,0,0,0,0,0,0,0,0,0,0,0,0,0,0,0,0,0,0,0,0,0
10.15,0,0,0,1,0,0,0,0,1,1,1,0,0,1,0,1,1,1,1,0,0,0,0,0,0,0,0,0,0,1,1,0,0,1,0,1,0,2,0,2,2,0,5,3,5,1,1,3,0,4,5,2,0,0,1,0,4,0,2,4,1,2,4,2,6,3,2,3,4,1,4,6,4,3,3,3,3,5,4,3,9,6,4,11,10,12,14,7,11,6,7,17,10,15,13,16,20,15,23,30,15,19,25,30,25,36,31,36,32,40,35,49,38,60,60,50,76,65,71,61,62,64,71,77,79,91,84,93,103,103,89,106,111,112,142,116,135,128,123,158,140,133,160,169,164,173,168,163,182,202,183,166,163,223,190,199,213,213,195,215,202,225,214,237,228,242,234,247,262,260,260,266,298,304,304,279,276,314,306,300,294,326,333,351,323,354,356,329,338,395,392,348,374,411,376,388,383,386,357,385,421,375,390,380,389,392,365,384,384,390,374,354,359,414,367,356,346,360,301,325,336,285,294,316,275,263,260,268,235,237,224,205,238,173,167,158,180,147,124,131,126,128,108,92,76,77,72,68,73,53,42,53,37,38,19,30,18,9,25,14,13,20,7,12,9,1,6,2,1,3,2,2,0,0,0,0,0,0,0,0,0,0,0,0,0,0,0,0,0,0,0,0,0,0,0,0,0,0,0,0
10.25,0,0,0,0,0,0,0,0,0,0,0,0,0,0,2,0,0,0,0,0,0,1,0,0,0,1,0,0,0,2,0,0,0,0,0,0,2,1,1,1,1,1,1,0,2,1,1,2,2,2,2,4,2,1,2,1,3,1,2,2,2,1,3,1,2,2,0,2,3,3,4,3,3,3,3,6,6,5,6,8,5,7,8,2,4,5,11,10,8,12,11,11,9,13,15,10,16,13,13,14,22,22,22,28,32,26,25,38,41,32,44,39,41,54,67,57,58,45,61,63,76,71,66,79,72,81,95,83,98,106,105,102,111,123,123,141,109,142,167,133,133,150,148,164,157,175,163,188,184,197,168,201,192,217,196,225,232,264,221,198,242,254,237,258,229,265,273,274,284,283,272,302,259,260,310,358,305,309,316,331,329,327,328,366,352,376,343,358,406,371,398,369,390,423,374,397,415,427,397,405,362,379,416,368,422,409,393,347,372,398,385,373,362,379,375,367,351,371,326,316,339,350,325,333,309,261,286,262,233,246,248,209,203,227,190,197,170,190,152,133,110,117,128,97,95,93,69,75,64,60,44,40,43,31,32,32,21,18,17,24,14,11,14,13,5,8,4,3,1,2,2,1,1,1,0,0,0,0,0,0,0,0,0,0,0,0,0,0,0,0,0,0,0,0,0,0,0,0,0,0
10.35,0,0,0,0,0,0,1,0,0,1,2,0,0,0,1,0,0,0,0,1,0,1,1,0,0,2,1,0,3,1,0,1,0,2,0,0,1,0,1,1,1,2,1,0,2,2,2,3,1,1,1,3,0,4,2,4,1,0,0,3,2,0,1,1,4,2,4,7,2,3,3,7,3,4,2,6,5,2,1,4,7,10,4,11,6,10,10,16,11,5,11,12,7,13,16,19,18,19,14,22,19,24,19,24,30,28,32,32,38,40,43,55,38,48,48,44,64,59,59,57,79,61,81,77,65,95,80,88,109,111,110,110,133,116,123,139,132,157,118,148,160,171,149,178,170,207,158,179,196,183,184,244,191,202,210,216,201,231,229,259,281,251,235,264,290,277,261,289,268,294,303,273,306,299,350,320,304,304,333,303,377,335,355,372,379,378,386,393,404,387,411,409,398,393,419,389,430,429,400,403,424,434,406,419,476,443,433,440,413,370,383,430,430,401,364,340,371,357,362,363,332,330,337,290,316,314,279,302,278,256,240,223,215,200,215,190,180,168,178,137,146,130,109,115,102,101,79,67,69,60,61,51,36,42,35,23,25,22,13,25,14,7,20,7,7,7,6,5,1,0,3,2,1,1,0,0,0,0,0,0,0,0,0,0,0,0,0,0,0,0,0,0,0,0,0,0,0,0,0,0
10.45,0,0,0,0,1,0,0,0,0,0,0,0,0,0,0,0,0,0,0,1,1,0,0,0,1,1,0,3,0,1,0,0,2,0,0,1,1,2,2,1,1,1,0,1,0,0,1,3,0,2,2,1,0,2,1,3,4,3,0,3,5,1,5,3,1,3,3,5,5,5,4,2,3,3,4,3,5,5,1,5,4,6,6,8,8,10,5,8,8,15,10,14,16,22,14,13,24,20,14,14,34,30,22,25,23,39,37,34,36,36,38,45,47,39,52,42,60,57,73,54,60,71,69,85,100,85,97,80,99,122,106,99,97,114,127,158,149,126,146,130,152,150,182,176,178,182,187,210,181,225,201,229,238,234,210,218,252,224,237,265,260,265,262,260,270,282,277,303,289,278,299,307,302,321,305,337,343,355,346,321,376,349,361,339,427,381,396,406,373,412,374,429,391,430,386,411,462,421,431,424,419,443,438,406,437,457,407,437,419,416,430,446,430,420,392,432,407,377,373,379,319,316,367,330,297,306,318,287,279,259,258,259,213,216,209,200,206,182,169,142,156,153,130,128,97,101,91,76,68,70,66,59,43,43,44,28,24,30,18,20,19,5,7,13,10,7,5,5,2,2,2,0,0,1,0,0,0,0,0,0,0,0,0,0,0,0,0,0,0,0,0,0,0,0,0,0,0,0,0,0
10.55,0,0,0,1,0,1,0,1,0,0,0,0,0,0,0,0,0,0,0,0,0,2,1,1,0,0,1,2,0,2,0,2,0,0,0,1,0,0,0,1,0,2,3,1,2,0,0,2,3,1,4,3,0,3,0,2,3,2,1,0,2,4,2,1,5,2,4,1,2,7,3,2,5,4,4,5,3,6,5,4,5,6,13,6,5,8,9,13,9,11,10,12,14,19,17,24,19,22,18,22,25,28,26,36,32,46,43,39,35,43,44,48,55,58,45,55,60,59,62,72,64,86,76,96,88,83,105,89,117,98,108,128,144,131,139,135,153,141,156,164,167,168,209,172,195,201,205,219,237,232,194,206,227,217,232,246,237,243,273,284,278,288,296,288,270,348,301,301,311,303,325,353,299,343,289,338,336,330,346,362,335,362,390,371,367,406,374,442,427,374,412,427,408,452,421,444,400,436,462,462,465,460,459,480,399,426,462,443,416,466,416,414,414,419,451,406,438,360,357,380,384,339,373,345,311,342,290,330,295,292,245,249,232,225,215,205,187,179,196,165,150,160,153,135,110,91,100,85,76,71,62,62,58,48,42,38,33,25,24,15,27,10,10,9,3,8,4,3,3,2,1,2,1,1,0,0,0,0,0,0,0,0,0,0,0,0,0,0,0,0,0,0,0,0,0,0,0,0,0,0
10.65,0,0,0,0,0,0,0,0,0,0,1,0,0,0,1,1,0,0,0,1,1,0,0,2,0,0,1,0,1,0,0,0,0,0,1,0,0,1,0,1,0,0,2,1,3,2,0,2,2,1,4,2,0,3,7,2,1,2,1,3,3,2,5,2,1,3,5,5,3,4,4,3,5,4,6,6,5,6,6,4,7,12,7,4,9,10,5,3,11,12,16,13,12,17,13,19,23,14,22,22,25,19,28,31,29,37,32,27,42,46,44,51,46,45,62,59,88,68,65,69,72,88,84,79,85,89,99,109,101,113,127,121,123,129,141,140,147,161,180,167,160,181,189,204,218,183,224,211,208,241,242,213,249,251,249,232,257,274,268,241,286,294,282,289,318,300,308,307,348,329,335,325,337,334,332,321,307,374,329,375,389,367,408,364,407,410,406,441,436,427,452,461,447,448,440,442,410,453,454,477,449,456,493,411,445,460,455,459,445,452,482,425,448,440,445,398,429,404,391,378,379,395,341,346,359,354,302,309,289,296,276,248,258,239,245,225,214,203,173,171,152,134,155,139,128,103,104,78,89,77,68,59,48,51,48,25,43,24,33,19,15,19,7,8,9,8,3,4,2,3,1,1,1,2,0,1,0,0,0,0,0,0,0,0,0,0,0,0,0,0,0,0,0,0,0,0,0,0,0,0
10.75,0,1,0,0,0,0,0,0,1,0,0,0,0,0,0,0,0,0,0,0,0,0,0,0,1,1,0,3,0,0,0,0,0,1,0,2,0,0,1,2,0,1,0,0,2,0,0,1,2,1,0,3,4,3,0,2,3,1,1,1,2,1,5,2,1,2,4,6,4,1,3,5,2,2,8,6,5,3,9,5,2,8,10,7,7,6,8,12,13,17,11,15,16,22,17,20,30,21,13,21,25,30,23,36,33,39,33,43,51,35,50,55,60,43,54,35,68,49,61,67,76,61,86,96,95,98,101,102,125,93,133,122,135,129,156,162,150,162,153,143,171,175,181,199,202,218,207,218,226,248,234,240,254,265,249,273,276,274,300,283,284,310,303,296,307,315,345,294,340,323,356,331,352,368,361,380,414,358,394,396,405,394,413,366,434,398,423,440,434,440,417,502,455,446,482,444,447,493,457,500,450,482,464,509,456,471,481,473,448,485,431,436,463,430,444,449,414,417,422,411,418,371,389,377,346,299,324,305,323,308,292,266,265,260,210,250,208,217,204,199,174,129,138,132,130,137,105,97,74,73,91,65,47,57,41,28,34,28,32,20,15,17,16,9,5,6,8,4,4,5,2,0,1,1,0,1,0,0,0,0,0,0,0,0,0,0,0,0,0,0,0,0,0,0,0,0,0,0,0,0
10.85,0,0,0,0,1,0,1,0,0,0,1,0,1,1,0,0,0,0,0,0,0,0,0,1,0,0,0,0,0,0,1,1,0,1,0,1,0,1,1,2,0,0,1,2,3,2,3,2,3,1,0,3,1,2,5,4,3,1,4,1,1,2,5,0,2,2,1,4,5,2,5,5,4,6,3,4,8,2,10,5,5,4,7,9,7,10,9,11,15,14,14,12,13,13,15,18,25,23,16,21,33,36,34,33,26,42,50,45,43,60,59,44,57,63,58,59,81,86,88,89,85,99,95,103,90,96,106,95,131,143,142,121,128,123,142,145,175,185,174,183,215,191,207,206,231,226,223,221,247,234,237,279,219,266,276,293,267,246,284,323,310,284,324,312,327,333,342,310,358,326,355,334,371,384,350,374,369,371,400,433,415,381,440,415,444,432,443,455,472,457,453,443,455,441,503,450,499,466,454,494,498,504,505,499,484,491,485,497,501,527,457,452,486,467,443,442,428,436,433,421,406,419,406,407,364,384,329,337,327,310,269,279,284,238,266,236,223,208,204,194,178,176,136,154,129,134,102,112,90,78,82,70,55,47,57,35,30,25,31,23,22,14,18,7,5,5,6,6,3,3,3,0,1,2,0,0,0,0,0,0,0,0,0,0,0,0,0,0,0,0,0,0,0,0,0,0,0,0,0,0
10.95,0,0,0,0,0,0,0,0,0,0,0,1,0,0,0,0,0,0,0,0,0,0,1,0,1,0,1,1,1,0,1,2,0,0,0,1,2,1,2,1,0,1,1,1,1,1,0,3,3,1,1,3,3,1,2,2,7,7,3,2,7,3,3,2,2,2,0,3,4,2,3,5,3,7,6,9,8,1,4,3,8,9,8,13,13,15,19,7,9,10,19,16,19,18,31,27,22,28,20,27,31,31,37,41,37,39,49,56,38,47,49,57,58,66,77,67,87,75,81,86,83,95,81,99,107,98,125,115,127,117,139,170,154,135,154,196,167,184,187,195,156,193,192,252,213,231,254,260,235,236,259,249,272,296,274,264,283,286,268,320,313,293,293,294,339,343,303,334,346,363,364,367,390,391,392,385,392,392,400,426,435,445,465,428,414,473,497,444,449,509,481,485,452,472,529,499,506,472,507,517,507,482,496,512,540,536,515,462,473,486,513,531,462,490,495,466,481,429,455,427,428,411,420,387,407,391,368,347,358,299,350,293,289,287,241,222,237,203,185,200,209,157,146,152,150,117,125,98,104,90,71,84,51,54,52,42,39,21,31,21,23,11,18,10,10,3,5,7,4,1,3,2,2,1,1,0,0,0,0,0,0,0,0,0,0,0,0,0,0,0,0,0,0,0,0,0,0,0,0,0
11.05,0,0,0,0,1,0,0,0,0,0,0,0,0,1,0,2,0,0,0,0,0,1,0,0,0,0,0,0,1,3,1,1,0,1,0,1,1,0,3,2,2,3,0,2,3,6,2,3,1,1,1,3,3,2,1,4,3,4,1,3,2,4,3,3,3,3,3,1,4,2,5,6,7,2,4,4,3,3,7,6,3,11,5,8,9,13,13,9,13,18,18,18,19,28,19,31,27,26,25,19,23,31,40,32,41,43,44,50,40,39,51,46,61,67,60,64,70,79,85,91,74,109,96,95,97,112,116,120,122,126,145,137,156,140,133,167,185,197,176,194,206,209,225,231,218,209,229,238,239,250,289,244,260,273,252,282,283,290,294,293,334,320,314,346,331,346,352,346,371,344,388,371,389,372,377,404,402,404,420,457,424,418,439,493,434,479,441,474,449,443,483,493,522,523,524,492,549,503,485,478,508,514,532,533,501,512,531,512,508,493,485,510,503,492,506,461,496,508,442,466,463,429,396,421,389,419,372,358,329,332,341,299,312,269,278,234,238,245,222,193,191,188,175,159,133,162,120,115,104,104,66,83,61,56,53,45,30,38,25,24,23,25,14,13,12,4,6,6,4,4,0,4,1,0,1,0,0,0,0,0,0,0,0,0,0,0,0,0,0,0,0,0,0,0,0,0,0,0,0,0
11.15,0,0,0,0,0,0,0,0,1,0,0,0,0,0,1,0,0,0,3,0,0,0,0,0,0,0,0,0,1,0,1,0,0,0,2,1,0,2,1,2,1,2,1,1,4,0,2,3,2,2,4,0,5,4,2,3,1,6,5,1,5,1,0,5,2,3,7,1,6,4,5,3,1,4,4,6,10,5,2,9,12,7,8,7,5,9,14,21,17,20,13,16,20,19,19,20,23,29,25,30,31,38,31,32,34,45,45,50,50,41,78,44,46,69,77,79,95,79,76,70,83,102,83,119,125,118,116,116,148,151,148,163,147,137,160,193,179,183,193,236,226,210,211,242,228,208,258,246,253,301,284,280,271,296,267,297,320,290,321,321,350,374,362,365,385,369,392,376,383,401,369,393,372,386,400,432,429,437,410,451,417,447,396,476,426,479,485,479,484,503,540,503,495,501,473,542,501,546,486,570,522,522,576,573,532,549,532,535,473,501,546,508,529,476,501,468,475,475,452,477,474,450,403,430,415,402,396,381,397,325,332,303,307,287,282,274,236,254,231,212,195,176,176,139,157,154,130,132,93,98,88,62,78,62,50,42,33,48,30,23,25,27,22,14,11,7,7,8,2,3,2,3,0,0,1,0,0,0,0,0,0,0,0,0,0,0,0,0,0,0,0,0,0,0,0,0,0,0,0,0
11.25,0,0,0,0,0,0,0,0,0,0,0,0,0,0,0,0,1,0,0,0,0,0,0,0,0,0,0,0,0,2,3,0,1,1,2,1,1,1,5,3,1,2,0,0,1,2,1,3,2,0,2,0,1,0,2,3,2,4,1,2,3,3,5,1,0,4,2,2,5,2,5,6,7,2,5,7,5,2,3,7,12,8,10,8,13,14,16,13,16,19,20,23,18,24,26,21,21,32,28,24,35,43,41,38,45,51,50,45,51,75,66,55,54,73,77,79,75,70,65,93,85,83,109,99,122,102,120,118,130,134,128,140,141,156,151,173,222,213,186,183,210,234,224,242,216,267,264,281,276,265,286,279,268,321,288,308,317,331,281,323,346,358,337,365,354,406,354,387,349,367,376,395,407,430,406,428,422,439,456,434,494,452,527,443,497,485,510,516,491,524,557,484,544,542,542,568,546,522,557,527,552,528,541,524,549,586,531,556,505,562,535,578,525,485,514,509,516,522,476,491,458,408,459,461,440,428,387,416,342,348,358,336,317,303,290,264,257,210,224,240,209,188,201,156,158,143,148,117,126,84,90,88,75,67,52,42,35,44,29,31,17,30,24,17,11,9,8,7,3,1,2,3,0,0,0,0,0,0,0,0,0,0,0,0,0,0,0,0,0,0,0,0,0,0,0,0,0,0,0,0
11.35,0,0,0,0,0,0,0,0,0,0,0,1,0,0,0,2,1,0,1,0,0,1,0,0,1,1,1,0,0,0,2,1,0,0,1,2,2,0,1,3,3,0,1,2,4,2,6,1,4,0,1,6,7,1,2,3,5,3,2,4,1,5,6,4,6,1,4,4,4,6,5,2,3,5,5,3,8,4,9,9,13,16,6,9,13,7,11,13,19,27,20,24,24,22,21,21,28,31,29,24,28,40,37,40,44,36,43,52,43,53,51,71,61,70,71,79,70,85,87,97,87,89,117,108,127,128,144,139,142,154,145,173,171,162,196,204,210,226,216,204,238,212,258,237,249,253,288,253,303,284,303,277,331,314,303,296,351,339,344,340,375,362,372,373,324,369,381,421,400,382,381,432,416,436,446,462,428,451,441,503,502,450,486,502,499,475,550,522,496,501,560,565,556,519,551,540,536,530,575,612,573,561,539,559,565,560,554,589,537,577,540,527,535,540,508,551,524,480,526,487,532,491,443,425,401,449,405,412,410,357,345,378,340,298,297,293,268,269,216,207,228,203,180,177,187,142,137,120,109,111,99,72,76,64,66,44,38,41,39,38,20,20,24,19,15,11,8,7,2,3,1,1,0,1,0,0,0,0,0,0,0,0,0,0,0,0,0,0,0,0,0,0,0,0,0,0,0,0,0,0
11.45,0,0,0,0,0,0,1,0,0,0,1,0,0,0,1,0,1,0,1,0,1,0,0,0,0,1,0,0,1,0,2,0,0,1,1,1,0,1,3,0,0,1,2,1,4,1,2,2,2,2,4,1,3,1,4,5,2,1,3,4,3,1,2,4,5,4,1,0,2,3,5,0,3,5,3,5,6,7,9,6,7,9,7,8,12,13,15,10,12,18,14,22,16,17,18,19,24,33,36,23,32,42,29,25,40,43,46,53,49,58,52,68,77,72,78,78,85,89,93,95,99,105,90,95,112,150,135,123,141,133,154,156,193,182,171,185,178,208,194,212,230,224,247,246,261,236,269,284,313,275,263,269,289,301,285,304,310,352,325,355,352,395,388,385,395,386,365,378,412,393,407,387,411,425,445,429,457,460,473,468,483,489,451,519,530,534,555,542,500,497,549,546,520,605,594,564,560,578,571,551,562,588,595,546,584,546,550,592,536,574,579,576,568,593,559,544,537,527,485,520,462,482,457,495,426,417,428,406,381,425,362,293,341,341,303,291,276,254,254,232,200,238,202,202,179,161,134,138,116,109,97,78,76,67,54,46,46,34,44,39,24,16,22,17,12,11,5,7,3,3,1,1,1,1,0,0,0,0,0,0,0,0,0,0,0,0,0,0,0,0,0,0,0,0,0,0,0,0,0,0
11.55,0,0,0,0,0,0,1,0,0,0,0,0,0,1,1,0,1,0,0,1,0,1,0,0,0,0,0,0,1,0,0,0,0,2,1,1,0,3,3,1,2,1,3,2,4,2,2,1,2,3,3,3,3,3,5,3,2,1,4,3,3,3,1,4,0,9,3,9,3,5,9,5,4,6,8,3,4,3,5,7,6,5,8,13,13,11,21,9,17,22,14,17,24,19,27,23,28,36,38,38,36,30,57,42,32,42,45,51,58,65,54,48,71,83,88,95,64,81,98,107,118,89,119,127,149,149,137,142,139,144,164,187,184,208,176,189,203,225,229,252,225,239,264,238,254,280,236,277,268,284,313,299,277,317,326,343,328,349,379,347,335,354,427,376,385,406,426,422,405,396,410,459,445,458,480,447,496,447,481,459,484,459,517,580,508,565,526,541,542,545,573,573,554,602,572,557,599,601,547,566,577,626,620,604,567,589,613,585,536,598,621,541,551,557,526,593,516,552,598,501,493,482,515,437,474,453,444,397,429,325,411,373,309,310,360,310,270,270,280,219,204,218,230,191,189,169,146,136,134,108,111,71,87,79,67,49,44,33,29,35,34,17,20,18,14,10,9,7,4,2,0,0,1,1,0,0,0,0,0,0,0,0,0,0,0,0,0,0,0,0,0,0,0,0,0,0,0,0,0,0
11.65,1,0,0,0,0,0,0,0,0,1,0,1,0,0,0,1,0,0,1,0,0,1,1,0,1,1,0,0,0,0,1,1,1,1,0,0,3,1,1,1,3,5,4,3,0,0,2,3,1,3,1,0,6,4,7,2,1,2,6,2,2,1,4,1,2,2,4,4,3,6,8,5,5,3,7,7,7,6,9,10,14,7,18,14,9,14,21,11,18,18,28,18,24,21,26,32,29,35,36,33,40,45,42,42,34,59,36,43,48,54,59,81,65,78,83,99,94,83,90,92,113,112,136,122,129,137,127,141,121,153,169,152,196,183,170,222,200,235,229,234,207,280,275,279,282,285,294,307,302,317,345,314,329,330,330,311,370,334,389,408,379,379,428,395,379,398,409,457,429,428,448,472,431,485,480,427,480,468,470,488,483,532,527,532,506,567,527,497,543,578,589,532,569,587,571,576,600,553,646,587,586,625,615,646,582,586,620,637,597,585,592,602,580,541,552,577,580,533,532,502,489,520,536,462,451,466,438,438,406,390,361,375,367,324,326,306,352,264,299,238,220,209,220,189,200,176,171,143,125,139,94,88,73,82,60,62,56,32,31,35,34,17,22,19,17,10,10,6,3,3,1,2,1,0,0,0,0,0,0,0,0,0,0,0,0,0,0,0,0,0,0,0,0,0,0,0,0,0,0,0
11.75,0,0,0,1,0,0,0,0,1,0,0,0,0,0,0,0,0,0,0,1,0,1,0,1,0,0,0,1,0,1,2,1,0,0,0,2,0,1,0,1,1,2,1,2,2,3,2,1,2,2,2,3,3,1,6,2,2,2,1,4,5,0,4,3,5,5,5,6,8,5,9,3,1,4,6,2,6,8,9,8,9,10,8,11,11,17,17,15,13,21,22,24,16,32,30,23,26,20,27,37,36,31,45,45,39,49,43,56,39,72,69,68,61,90,85,89,92,87,109,104,103,124,119,112,114,131,141,149,133,171,159,173,185,190,208,209,221,213,209,240,268,226,255,265,292,283,294,318,284,321,354,362,335,348,338,329,356,377,351,398,394,396,409,373,454,429,429,395,445,472,446,445,485,499,450,505,510,493,522,536,498,508,564,532,564,585,593,544,593,570,569,587,602,610,587,619,605,635,617,627,596,619,593,617,584,611,615,586,620,576,593,631,597,600,579,587,595,574,551,490,513,490,545,515,447,451,466,428,410,403,377,385,374,354,341,305,321,295,269,284,247,216,201,210,182,207,174,167,122,123,129,85,83,74,71,58,67,34,40,30,34,18,22,21,11,14,13,10,3,4,1,1,1,1,0,0,0,0,0,0,0,0,0,0,0,0,0,0,0,0,0,0,0,0,0,0,0,0,0,0
11.85,1,0,1,0,0,0,0,0,0,0,0,0,1,0,0,0,0,1,0,0,0,0,0,0,1,1,0,0,1,1,1,1,2,0,4,3,1,1,0,2,1,2,1,3,2,2,2,1,4,4,4,5,4,4,8,3,2,5,2,5,7,3,3,3,4,3,2,5,7,6,7,5,9,6,5,5,5,6,4,7,9,10,17,18,19,11,13,22,26,14,21,16,30,31,38,29,32,28,32,40,40,25,52,55,49,66,56,68,66,61,73,84,82,78,83,88,92,92,100,106,109,113,110,108,143,157,146,143,154,159,197,186,190,186,212,217,214,223,242,250,254,264,275,270,294,321,310,342,343,318,353,338,354,370,350,355,370,397,381,402,422,395,412,426,419,427,469,448,448,429,466,461,489,465,533,513,538,532,532,523,563,517,553,561,543,518,591,578,604,656,605,617,638,646,596,659,634,695,636,651,659,632,643,654,638,637,619,646,620,601,637,640,633,599,631,587,588,598,605,542,531,511,494,513,464,473,462,434,437,410,386,369,365,379,379,365,274,316,286,278,287,227,205,226,187,201,201,161,152,122,113,86,84,72,83,74,54,47,43,26,34,26,26,18,15,11,8,11,4,4,1,0,2,0,0,0,0,0,0,0,0,0,0,0,0,0,0,0,0,0,0,0,0,0,0,0,0,0,0,0
11.95,0,1,0,0,0,0,0,0,0,0,1,0,0,1,0,0,0,1,1,0,1,0,0,1,1,3,0,2,0,2,2,0,3,0,0,0,1,0,1,3,2,2,3,2,4,4,2,3,4,2,1,1,3,6,1,3,6,3,2,5,5,3,5,3,5,5,2,2,7,6,5,4,3,7,8,7,7,10,6,10,5,13,8,13,13,15,17,21,14,19,21,22,20,29,23,33,28,41,34,35,48,47,44,46,41,49,53,48,59,62,70,65,76,88,74,73,101,97,106,113,111,108,132,131,130,144,153,161,165,180,178,190,169,213,239,223,202,248,241,268,239,271,264,293,259,299,296,327,343,342,311,329,334,368,351,388,393,383,392,397,378,414,401,380,418,468,456,436,445,490,497,464,532,482,522,502,491,546,521,529,535,551,558,584,584,571,597,629,601,576,640,628,625,623,648,722,641,642,639,635,640,665,710,643,681,682,653,724,635,669,697,618,638,590,615,616,595,586,553,605,601,589,563,492,486,450,502,457,431,430,433,404,374,364,335,357,319,302,314,277,280,250,198,226,211,186,185,190,145,141,114,99,82,76,66,81,60,58,42,35,33,22,26,22,7,18,4,14,3,4,4,0,2,2,0,1,0,0,0,0,0,0,0,0,0,0,0,0,0,0,0,0,0,0,0,0,0,0,0,0
12.05,0,0,0,0,1,0,0,0,0,1,0,0,0,0,0,1,0,0,1,1,0,0,0,1,1,0,1,1,0,0,0,0,0,1,1,0,2,1,1,2,1,2,2,3,2,3,0,1,1,0,7,3,2,3,2,4,3,1,4,7,10,5,1,3,2,1,4,7,6,4,7,5,4,7,4,6,11,4,13,7,7,9,13,13,16,17,10,14,20,11,13,21,26,35,26,30,22,46,32,37,47,50,43,45,48,52,45,59,61,68,79,55,72,99,95,99,89,103,115,106,116,126,153,145,162,138,158,154,175,167,170,190,187,212,217,235,240,225,229,274,274,271,290,294,323,319,337,307,329,352,346,356,310,361,396,347,373,424,420,418,434,441,472,452,419,462,496,467,454,515,488,500,519,488,536,525,511,553,598,577,561,568,539,595,615,580,600,588,594,653,631,650,672,633,643,605,641,658,676,674,703,740,663,662,681,738,723,662,685,694,677,710,685,674,693,604,634,645,589,575,592,543,569,567,550,503,529,452,443,433,415,397,417,357,390,327,356,299,308,286,266,245,220,200,212,194,181,190,164,135,129,116,91,87,69,69,69,56,39,37,41,28,16,29,9,22,8,11,2,5,2,0,1,3,0,1,0,0,0,0,0,0,0,0,0,0,0,0,0,0,0,0,0,0,0,0,0,0,0,0
12.15,0,0,0,0,0,0,0,1,0,0,1,0,0,0,1,0,0,0,0,2,0,1,1,0,1,3,0,1,0,1,2,2,2,1,0,1,1,0,2,4,3,1,2,2,4,4,1,1,3,2,3,2,6,3,5,3,6,5,1,1,2,2,3,1,2,6,4,3,8,3,4,9,10,7,5,7,8,4,10,6,11,12,12,10,19,13,8,19,20,19,29,25,24,32,28,32,39,36,39,35,38,44,43,57,49,57,65,66,67,55,58,82,99,78,103,98,83,99,108,130,128,124,132,127,143,158,184,138,172,175,203,195,193,221,204,219,221,236,241,247,262,278,248,285,299,312,335,351,336,341,358,331,386,360,350,416,417,396,416,440,420,439,430,471,504,501,471,499,488,507,488,519,529,516,528,567,526,523,549,502,613,526,589,530,609,616,585,591,644,613,582,601,674,682,633,673,684,684,673,671,652,765,685,683,679,698,710,667,672,688,732,679,678,673,672,681,672,668,662,626,618,575,536,577,529,576,479,536,454,484,455,411,381,385,378,343,327,329,303,271,251,238,243,207,200,193,165,181,169,155,128,117,103,75,79,74,67,54,44,36,31,29,23,24,14,22,9,9,11,4,1,1,0,2,0,1,0,0,0,0,0,0,0,0,0,0,0,0,0,0,0,0,0,0,0,0,0,0,0,0
12.25,0,2,0,0,1,0,0,0,0,0,0,0,0,0,0,0,0,1,0,0,0,1,0,1,0,1,2,1,2,0,0,1,2,3,2,0,2,3,1,3,2,1,4,2,4,2,8,1,1,1,7,1,2,2,4,4,7,3,4,4,7,3,3,3,5,1,6,9,1,6,7,2,10,9,6,9,11,13,11,10,11,11,12,18,23,19,27,18,13,22,21,37,22,29,39,41,32,41,35,48,37,51,45,60,56,59,77,73,64,79,71,83,85,86,95,92,116,112,112,117,130,132,115,136,159,161,164,163,187,182,206,192,208,224,206,241,258,256,263,284,277,305,311,313,340,345,333,337,350,359,324,354,354,382,425,405,406,417,439,463,441,458,481,452,512,471,445,531,543,514,527,552,547,529,556,507,565,611,579,602,614,580,565,556,588,590,628,658,621,676,678,701,652,633,669,697,755,677,684,709,673,656,678,685,716,722,723,697,707,672,680,704,654,679,714,703,693,668,611,623,674,620,604,607,552,569,519,489,488,449,486,449,454,413,404,375,317,305,308,297,264,253,239,221,211,189,178,175,165,160,145,120,101,95,82,65,76,53,46,39,26,29,24,30,19,14,14,13,12,1,1,1,0,3,0,1,0,0,0,0,0,0,0,0,0,0,0,0,0,0,0,0,0,0,0,0,0,0,0,0
12.35,0,0,0,0,0,0,0,1,1,0,0,0,0,1,0,0,0,1,0,1,0,0,0,0,1,1,2,1,2,1,0,1,1,0,1,1,1,0,2,4,2,2,2,2,1,0,3,2,4,2,2,4,6,5,1,4,4,7,3,7,5,5,4,4,5,7,2,2,7,10,7,4,3,4,6,12,6,10,10,14,9,9,23,14,22,24,21,17,25,25,14,28,25,27,36,36,28,35,40,41,50,45,47,51,60,61,55,59,68,89,74,73,91,88,96,107,95,103,109,123,131,145,140,145,122,178,167,185,168,167,193,217,231,200,231,231,238,250,260,271,309,298,305,310,330,307,341,359,414,408,382,371,395,382,443,430,407,429,473,436,448,461,486,480,503,477,517,525,530,515,518,490,546,564,566,567,545,621,552,620,619,604,606,644,619,604,668,650,699,672,659,627,682,718,670,716,690,649,684,688,728,711,753,715,680,726,713,748,706,658,751,712,670,715,663,645,694,664,653,657,623,603,633,613,559,563,549,542,513,478,456,434,439,434,414,384,387,347,293,317,282,264,252,248,196,203,173,165,175,161,149,133,111,113,76,66,67,58,54,40,39,22,19,30,21,12,16,10,10,5,2,1,0,1,1,0,1,0,0,0,0,0,0,0,0,0,0,0,0,0,0,0,0,0,0,0,0,0,0,0
12.45,0,0,1,1,0,0,0,1,0,0,0,0,0,0,0,0,1,0,0,0,0,0,1,0,0,2,1,0,0,1,1,1,1,1,2,1,1,2,0,0,3,2,2,4,0,2,2,3,4,5,2,1,3,4,1,4,5,2,2,1,3,6,3,6,6,3,6,6,5,2,10,4,7,8,11,9,7,15,9,17,13,6,11,13,18,17,16,25,16,30,17,20,28,31,29,30,40,35,45,38,39,60,54,52,71,51,63,80,83,80,92,71,103,88,97,97,112,117,106,110,141,127,127,141,166,158,160,174,184,193,221,212,232,222,247,266,260,284,264,283,304,306,319,324,334,364,320,380,345,367,383,397,417,425,374,407,420,411,434,432,460,444,478,480,525,538,575,539,568,539,525,582,566,616,583,570,527,622,611,593,636,617,639,615,614,649,642,698,661,658,673,739,685,702,745,702,692,748,736,738,713,744,710,759,703,742,723,732,706,775,670,749,690,684,729,703,681,692,650,636,706,655,604,594,612,598,547,556,494,525,466,492,448,419,413,419,369,363,326,288,276,307,243,256,229,211,195,172,177,154,147,138,122,108,99,75,63,55,47,38,42,33,25,19,21,16,13,12,10,6,4,0,0,2,1,0,0,0,0,0,0,0,0,0,0,0,0,0,0,0,0,0,0,0,0,0,0,0,0,0
12.55,1,0,0,0,0,1,0,0,1,1,0,0,0,0,0,1,0,1,0,0,1,0,2,0,1,1,1,2,1,2,0,0,0,0,1,4,1,1,1,1,3,2,3,3,2,2,1,2,6,3,3,5,2,2,5,8,3,3,1,3,7,2,4,4,3,8,7,3,5,2,2,6,8,7,8,6,5,4,9,15,12,14,12,17,15,20,22,21,20,17,14,26,24,24,33,31,36,34,32,47,48,47,57,61,56,63,83,75,68,67,99,75,79,103,103,111,121,115,122,150,131,154,135,158,193,169,159,181,189,207,209,242,239,238,256,258,266,260,289,305,304,291,338,313,338,353,334,375,385,414,365,394,397,389,454,433,446,455,457,482,502,483,531,479,483,535,526,512,531,570,542,546,576,606,552,641,585,575,669,652,586,623,668,662,614,715,654,699,706,678,638,671,721,724,752,695,721,763,742,748,737,764,754,705,759,780,730,739,721,738,771,740,738,764,714,677,696,712,675,676,661,621,671,606,609,593,600,580,527,515,481,461,453,443,463,414,409,361,376,315,283,292,291,257,244,223,202,191,149,161,143,147,119,106,88,81,73,52,52,40,38,31,31,20,25,18,13,10,4,8,2,3,0,2,1,0,0,0,0,0,0,0,0,0,0,0,0,0,0,0,0,0,0,0,0,0,0,0,0,0
12.65,0,0,0,0,0,0,0,0,0,1,0,0,0,0,0,0,0,2,0,0,0,0,2,1,1,2,0,2,0,4,0,2,0,0,1,1,0,1,3,1,4,2,1,2,5,2,3,3,7,3,5,4,2,2,5,5,4,3,7,5,4,4,2,6,4,10,9,4,3,3,5,8,5,11,8,7,6,8,6,11,13,14,14,18,15,16,22,18,24,21,25,26,27,24,31,32,44,45,39,42,43,51,52,61,63,70,73,60,85,75,98,85,85,95,109,112,95,124,131,132,127,142,140,136,172,161,198,188,173,196,240,222,251,219,235,243,256,276,275,293,303,309,330,334,375,344,390,395,406,429,381,410,429,401,441,441,468,458,477,464,472,496,511,493,538,553,543,560,507,550,541,571,576,610,569,616,606,611,609,622,602,631,643,649,662,727,664,701,666,681,746,727,693,736,778,736,782,748,777,746,741,743,801,763,797,789,761,789,715,783,783,732,742,744,769,701,704,669,709,721,679,639,639,618,630,604,606,580,561,536,474,524,459,462,432,406,428,403,346,333,323,275,291,271,258,221,242,204,179,158,131,133,130,103,95,73,68,64,45,45,41,34,31,20,17,17,12,7,4,6,2,6,0,1,1,0,0,0,0,0,0,0,0,0,0,0,0,0,0,0,0,0,0,0,0,0,0,0,0,0
12.75,0,0,0,1,0,0,0,0,1,0,1,0,0,1,0,0,0,1,0,1,1,0,1,0,0,0,1,0,1,1,2,1,2,0,2,2,1,1,4,4,0,2,1,3,3,3,4,6,5,1,4,4,2,4,0,8,1,3,3,4,6,5,2,8,4,8,5,9,7,6,6,9,4,11,12,6,9,7,3,9,9,11,20,15,19,20,18,23,28,21,15,25,30,41,34,29,37,42,53,50,49,51,64,50,60,80,71,74,99,75,71,103,91,113,106,92,123,125,111,142,145,153,142,188,177,187,182,175,202,224,243,214,254,257,267,269,301,280,297,315,338,290,351,329,349,369,398,389,409,390,420,421,425,404,470,425,431,485,490,491,502,549,505,521,548,497,561,551,548,540,560,594,567,550,602,594,599,635,621,660,628,650,659,681,704,697,653,689,706,762,749,737,758,767,707,729,744,762,738,805,739,793,762,731,831,797,792,781,781,767,803,781,740,751,777,721,730,745,671,690,660,665,698,646,626,556,593,619,590,570,527,494,508,463,416,437,420,391,374,369,319,292,275,277,247,241,232,213,182,188,144,111,138,121,102,74,72,67,48,54,39,35,32,21,16,18,13,5,3,6,1,6,1,1,1,0,0,1,0,0,0,0,0,0,0,0,0,0,0,0,0,0,0,0,0,0,0,0,0,0
12.85,0,1,0,1,0,0,0,0,0,0,0,1,0,2,1,1,0,0,1,0,0,0,1,2,0,1,1,0,0,0,0,1,1,0,1,1,2,2,2,1,1,6,0,2,1,5,4,4,3,4,3,4,3,2,2,5,5,4,4,2,6,4,2,5,6,5,4,7,7,5,5,4,8,7,6,6,8,13,7,11,11,12,10,10,16,25,24,34,17,17,34,25,29,31,30,32,50,44,47,49,51,52,66,65,55,65,57,76,87,88,86,85,99,118,128,116,126,133,129,119,158,173,176,157,170,148,165,193,202,194,210,243,238,241,254,269,304,287,321,324,314,350,338,356,337,356,351,409,365,454,398,419,443,461,454,463,456,466,490,477,527,518,556,498,509,565,571,589,565,586,556,581,626,596,607,593,645,661,648,635,649,705,654,714,691,753,669,771,725,707,739,758,746,761,765,804,810,780,755,742,790,799,839,790,757,797,816,806,792,790,855,763,749,785,773,766,750,787,721,716,662,736,594,642,637,604,648,578,555,588,514,546,509,487,464,405,450,382,401,334,339,307,279,284,249,260,225,237,204,187,157,131,139,115,100,96,79,54,60,57,34,42,29,28,14,20,14,7,5,5,2,6,1,1,2,0,0,1,0,0,0,0,0,0,0,0,0,0,0,0,0,0,0,0,0,0,0,0,0,0
12.95,0,0,0,2,0,0,0,0,0,0,0,0,2,0,1,2,0,1,1,1,1,1,0,0,1,1,2,0,1,0,2,1,1,1,1,3,1,1,2,2,6,2,2,5,2,3,6,4,5,6,5,3,4,5,3,4,6,7,2,2,2,3,5,6,3,8,5,7,7,3,9,9,10,8,12,5,11,9,11,14,16,13,10,20,11,21,23,19,20,19,29,37,30,38,45,36,44,40,55,63,62,59,67,61,60,62,71,71,95,92,86,90,105,107,113,88,127,125,137,147,145,148,154,150,183,191,181,187,227,215,248,246,218,249,266,283,281,333,315,335,315,318,365,358,359,392,423,440,413,408,445,440,448,457,450,458,463,490,542,566,558,538,559,586,555,538,597,626,578,591,662,607,616,636,609,704,639,628,675,675,671,655,737,701,714,718,694,776,701,725,732,711,764,791,780,790,799,804,799,804,797,755,835,792,791,855,741,831,868,809,792,800,778,787,812,822,776,766,770,730,737,680,696,691,595,652,645,631,559,531,531,544,501,515,490,444,439,405,380,374,359,331,295,287,247,255,232,231,210,195,158,152,129,122,115,98,75,73,60,60,42,41,31,36,17,17,11,8,3,4,6,3,2,0,3,1,0,1,0,0,0,0,0,0,0,0,0,0,0,0,0,0,0,0,0,0,0,0,0,0
13.05,0,1,0,0,0,0,1,0,0,1,1,0,0,0,0,0,1,0,0,2,1,1,1,1,1,1,0,3,2,1,0,0,0,0,1,1,4,2,4,4,0,2,3,4,2,5,3,3,1,2,4,1,9,1,4,6,5,4,4,3,10,7,5,9,6,6,10,3,10,3,5,9,8,10,7,9,12,9,12,10,18,17,13,11,12,23,18,24,32,27,27,28,31,43,47,35,38,45,37,54,49,43,64,71,57,64,90,76,86,97,90,91,110,111,89,135,133,140,109,128,133,155,181,176,171,176,214,205,212,229,269,223,246,261,277,275,308,297,306,343,316,336,361,362,355,401,389,404,430,409,400,474,478,492,460,486,516,476,522,526,560,545,530,538,570,594,585,551,609,628,628,605,655,640,626,673,661,646,650,652,675,700,729,722,700,714,755,770,786,778,769,749,758,790,765,763,840,796,790,817,785,794,827,757,841,840,826,844,830,850,816,839,790,787,774,792,797,731,773,737,738,721,710,668,689,662,628,649,582,616,528,581,529,503,506,445,457,409,380,368,357,315,311,272,296,213,249,214,209,190,184,153,133,135,109,116,70,88,60,55,48,38,35,34,20,20,12,8,5,4,7,4,4,0,3,1,0,0,1,0,0,0,0,0,0,0,0,0,0,0,0,0,0,0,0,0,0,0,0,0
13.15,0,1,1,0,2,1,0,0,0,0,0,0,1,0,0,0,0,1,1,1,2,2,1,2,0,0,0,1,1,1,1,1,2,1,2,1,3,1,2,5,1,1,5,4,2,2,4,2,8,1,7,6,5,4,1,10,6,10,4,4,2,7,4,5,6,9,4,10,6,5,8,4,7,9,9,7,5,8,13,8,9,11,16,20,20,25,19,16,30,25,32,30,28,36,39,42,48,48,45,45,46,58,62,68,67,67,76,72,81,92,90,105,100,97,109,107,127,127,135,151,136,169,169,167,195,167,198,221,194,202,235,277,274,229,251,270,311,311,320,333,356,363,367,409,374,411,416,404,416,474,438,472,415,446,488,504,514,491,566,513,546,546,550,564,568,600,586,537,597,608,632,627,627,676,653,651,659,656,689,707,660,652,701,717,700,708,754,731,778,820,778,809,817,777,830,818,834,804,887,809,797,871,797,866,852,893,834,838,828,803,897,812,801,765,855,805,773,743,773,781,727,755,738,763,655,623,626,678,633,582,621,516,574,524,452,482,460,425,398,380,330,336,308,287,275,256,240,223,219,187,205,150,116,128,115,109,75,88,61,65,55,35,36,34,23,21,13,11,4,6,6,5,4,1,2,2,0,0,0,0,0,0,0,0,0,0,0,0,0,0,0,0,0,0,0,0,0,0,0,0
13.25,0,0,0,0,0,0,0,0,0,0,0,0,0,1,0,0,0,0,0,0,0,0,0,1,0,1,0,0,2,1,1,2,1,2,2,2,3,0,1,1,4,0,4,5,3,4,4,5,5,3,4,4,1,4,9,5,4,5,8,5,3,8,4,1,4,8,3,3,12,10,1,4,6,11,6,9,11,7,6,14,16,19,15,13,19,22,26,21,27,33,23,32,36,34,41,50,57,43,54,59,66,60,55,72,77,80,81,79,95,80,111,105,115,108,116,110,114,140,141,137,145,158,166,166,178,171,177,198,228,210,226,241,281,274,276,304,322,293,314,339,337,366,391,370,368,411,409,447,425,457,437,478,486,484,512,491,503,465,499,529,559,569,526,579,568,564,602,637,634,606,683,635,670,678,637,670,643,661,686,713,697,723,710,720,782,717,762,732,738,798,781,798,842,798,796,804,874,845,810,837,846,837,882,797,860,854,848,832,850,847,839,848,838,886,835,831,828,777,780,789,755,736,714,735,706,748,630,625,623,614,594,651,533,534,496,461,485,408,413,393,365,333,312,322,271,258,228,233,228,214,195,149,124,118,104,108,86,83,72,60,58,36,37,36,22,27,11,16,3,5,7,5,2,1,3,1,0,0,0,0,0,0,0,0,0,0,0,0,0,0,0,0,0,0,0,0,0,0,0,0
13.35,0,0,0,0,0,0,0,0,0,0,0,0,0,0,0,1,0,1,0,3,1,1,1,2,1,1,3,0,2,3,0,0,1,3,1,4,0,5,1,3,2,3,1,2,2,5,4,0,2,2,9,2,3,5,3,3,0,1,3,3,5,7,8,4,8,6,4,5,4,10,6,10,7,15,6,7,11,14,13,10,17,7,20,15,19,25,27,23,30,40,45,30,36,41,28,36,42,56,64,50,55,72,65,78,72,76,85,72,85,97,109,110,120,101,114,130,132,131,145,142,149,174,158,180,166,199,196,219,232,257,246,240,281,290,295,324,324,301,347,322,375,356,399,405,413,418,444,457,467,481,449,469,442,498,525,517,549,535,561,528,565,557,583,579,625,620,598,593,623,629,611,626,640,626,665,645,673,726,702,707,694,730,758,709,772,770,778,711,757,792,826,759,800,811,802,926,852,846,871,829,826,847,875,835,850,803,811,829,832,866,812,852,840,892,869,852,878,847,813,828,770,745,749,728,704,683,723,652,650,597,600,584,600,546,553,499,486,420,416,409,362,361,331,303,294,272,261,233,204,217,194,169,148,113,102,112,98,77,81,67,49,34,37,35,27,24,18,12,4,8,4,6,2,2,2,1,0,0,0,0,0,0,0,0,0,0,0,0,0,0,0,0,0,0,0,0,0,0,0,0
13.45,0,0,0,0,1,1,0,0,0,0,0,1,0,1,0,0,1,0,1,1,1,0,0,0,0,0,1,1,1,4,3,1,4,4,2,2,3,2,2,3,2,5,5,4,2,2,7,6,5,5,3,5,6,4,4,2,2,3,2,3,3,4,6,5,5,5,2,5,8,2,9,8,3,9,10,13,8,10,7,12,19,12,25,12,21,22,33,29,22,40,28,27,45,38,45,52,43,43,43,56,67,59,62,72,73,77,83,86,100,82,97,96,130,118,120,120,147,148,137,145,152,168,171,175,216,181,230,207,264,228,246,268,275,290,293,286,318,335,343,353,357,357,363,413,412,438,450,467,427,472,489,462,478,527,495,536,531,559,615,621,573,580,608,619,559,590,641,624,673,666,679,655,718,663,650,704,708,738,704,690,730,689,784,751,761,768,728,737,823,795,844,792,776,843,849,840,826,816,809,866,888,848,865,876,822,852,880,864,910,871,851,808,805,842,828,840,821,820,828,850,802,792,786,750,671,762,679,683,676,626,587,591,595,570,552,539,496,476,409,399,391,368,322,316,295,274,260,253,214,212,177,186,143,128,118,104,94,74,94,56,56,47,34,31,27,17,20,10,7,4,7,7,2,3,0,3,0,0,0,0,0,0,0,0,0,0,0,0,0,0,0,0,0,0,0,0,0,0,0,0
13.55,0,0,0,0,0,0,0,0,0,0,0,2,0,1,0,0,0,1,1,1,1,1,3,1,1,4,2,2,0,0,0,1,1,1,3,1,2,1,3,1,3,1,5,2,1,4,5,5,6,2,0,4,3,6,4,0,8,3,4,4,5,5,8,9,5,4,6,8,8,7,5,4,8,7,12,11,13,7,8,14,12,12,18,16,23,15,24,17,25,19,21,36,40,43,38,32,45,57,54,50,55,66,64,62,77,71,89,74,109,114,90,106,105,106,129,119,132,134,170,148,155,174,177,200,210,212,220,240,223,213,269,262,271,272,299,306,353,330,387,360,380,380,404,418,452,447,402,451,458,489,497,482,489,485,534,562,588,594,601,543,579,555,604,622,577,624,605,672,672,695,659,646,672,663,712,664,679,737,710,736,716,735,758,769,770,790,742,804,804,826,875,841,813,794,837,892,849,873,861,922,847,819,858,871,871,880,853,849,894,898,862,897,832,853,839,859,792,790,817,825,823,853,764,814,716,737,707,672,710,637,593,588,557,597,547,550,506,431,455,440,395,362,370,348,273,281,278,249,246,189,185,177,149,150,113,120,93,95,73,55,59,45,40,30,30,19,17,9,7,5,10,4,2,2,1,2,0,0,0,0,0,0,0,0,0,0,0,0,0,0,0,0,0,0,0,0,0,0,0,0
13.65,1,0,0,0,0,2,1,0,0,0,1,0,0,2,0,1,1,0,0,1,1,1,0,0,0,0,2,3,0,2,2,5,0,2,2,3,0,3,3,2,3,1,6,2,0,4,6,6,4,1,6,5,3,1,3,7,6,3,6,3,6,4,4,3,5,5,7,4,10,5,3,3,6,10,7,13,10,19,14,18,20,21,17,21,20,22,23,23,34,30,44,53,35,44,46,44,58,73,56,68,73,74,76,79,64,100,82,88,98,101,92,102,105,119,144,115,156,160,137,140,179,164,184,192,189,202,264,203,238,241,263,260,264,273,297,338,343,351,371,377,406,342,406,447,430,399,419,492,485,527,450,490,476,516,578,585,551,604,565,567,569,611,636,598,631,613,628,682,653,699,655,689,708,738,680,739,738,759,773,741,729,764,754,806,844,788,808,768,806,789,844,861,839,856,832,839,809,815,905,949,883,856,917,852,859,863,907,900,872,891,922,892,911,900,887,918,817,888,829,802,780,793,764,767,772,746,723,680,703,665,634,571,597,551,561,529,572,497,449,416,401,386,353,344,304,271,283,251,252,214,188,180,151,147,126,105,91,108,73,61,62,55,35,27,33,19,17,13,6,6,8,4,3,0,2,2,0,0,0,0,0,0,0,0,0,0,0,0,0,0,0,0,0,0,0,0,0,0,0,0
13.75,1,0,0,0,1,0,1,0,0,0,1,0,0,0,0,0,0,0,2,0,0,1,0,1,1,0,1,3,0,0,2,2,0,1,1,1,4,0,3,3,2,2,4,2,6,2,1,1,6,7,7,3,4,3,5,9,4,5,4,11,2,5,6,4,6,3,4,8,6,12,10,7,6,14,5,7,10,16,14,11,17,11,21,19,24,27,19,36,24,21,23,39,28,46,47,51,42,53,69,62,52,75,79,82,85,77,72,104,84,105,106,118,116,141,129,127,148,144,145,155,148,186,192,194,227,220,205,210,220,235,267,278,290,272,314,326,363,342,361,384,375,369,402,423,427,457,492,487,504,488,463,506,517,479,551,573,524,535,591,584,614,570,602,625,617,614,659,673,666,609,658,699,674,719,736,666,690,749,735,781,734,793,836,777,796,839,766,869,845,842,816,800,842,836,836,863,855,940,902,842,889,912,873,861,970,927,900,880,919,898,883,936,933,930,851,924,830,879,873,807,863,779,750,776,750,748,815,697,697,669,657,615,570,579,527,529,514,572,475,431,403,369,371,338,316,287,279,276,231,212,202,194,164,146,121,118,89,95,92,59,67,47,47,31,25,18,15,15,6,6,11,6,2,2,1,1,0,0,0,0,0,0,0,0,0,0,0,0,0,0,0,0,0,0,0,0,0,0,0,0
13.85,0,0,0,0,0,0,0,0,0,1,1,0,2,2,0,1,1,1,0,0,0,0,1,2,0,1,2,3,1,0,2,1,1,0,1,2,2,3,0,2,3,2,1,0,5,5,4,5,5,5,1,5,6,5,7,7,6,5,2,4,6,4,1,7,8,3,6,8,2,7,11,13,9,16,5,7,8,11,18,9,22,19,7,26,24,25,21,24,24,34,33,31,35,38,50,50,46,51,57,51,56,76,54,67,83,84,79,88,103,92,116,105,126,143,132,141,157,155,180,181,187,173,189,194,216,227,231,237,231,257,254,255,281,304,315,325,331,365,340,407,385,428,386,413,417,441,474,498,518,480,555,504,562,519,530,573,535,575,564,633,615,679,672,582,637,649,738,663,635,673,688,710,744,723,734,748,727,690,788,762,744,775,786,775,807,806,795,840,841,816,831,880,882,859,927,836,920,936,926,907,926,925,947,921,908,904,920,941,943,895,892,939,922,923,869,950,902,860,892,811,849,785,843,789,741,770,769,749,744,704,642,661,634,567,580,548,514,504,547,465,401,403,374,347,314,281,269,266,248,219,205,178,176,150,130,125,101,100,80,73,58,50,48,29,22,18,16,14,9,5,6,4,6,0,1,1,0,0,0,0,0,0,0,0,0,0,0,0,0,0,0,0,0,0,0,0,0,0,0,0
13.95,0,0,0,0,0,0,0,0,0,0,2,0,0,0,0,1,1,0,0,0,0,1,1,1,1,0,4,2,4,0,1,0,1,0,0,4,0,4,1,4,3,4,3,3,6,6,7,4,5,6,3,4,4,4,6,4,1,6,6,8,7,3,4,5,5,9,8,8,11,11,3,9,3,7,11,13,13,13,12,12,20,15,13,19,20,16,33,24,30,21,31,35,45,33,57,50,48,64,54,62,49,76,75,65,82,85,102,94,103,84,99,119,108,144,142,134,153,167,168,150,185,202,188,203,231,224,237,254,265,285,281,255,327,291,322,360,352,379,367,387,392,420,431,460,479,452,521,519,486,524,508,533,547,545,567,562,576,581,618,605,639,680,662,684,633,662,654,714,703,662,728,733,726,736,787,792,778,780,801,803,830,826,779,795,779,804,823,835,867,875,840,889,870,886,863,873,904,909,927,890,933,892,960,967,903,969,943,967,922,944,905,922,902,922,927,892,893,922,868,894,893,837,828,778,840,788,773,715,740,738,698,636,652,635,563,590,505,483,520,490,433,372,389,383,346,294,258,279,272,220,211,197,171,157,126,125,120,83,86,74,59,48,49,32,27,25,13,13,9,3,6,4,2,1,2,2,0,0,0,0,0,0,0,0,0,0,0,0,0,0,0,0,0,0,0,0,0,0,0,0
14.05,0,0,0,0,0,1,0,0,0,0,0,0,0,0,1,0,0,0,2,0,1,1,0,0,0,2,2,1,1,0,1,0,1,0,2,3,5,6,0,2,8,4,1,3,2,3,7,3,4,3,1,2,3,6,3,9,5,2,8,4,4,6,7,5,7,11,4,5,9,8,11,8,10,9,6,9,13,14,14,16,14,16,20,23,16,27,27,36,24,29,34,35,35,30,40,30,57,51,47,57,59,73,73,81,82,85,79,93,97,115,100,118,110,115,168,156,150,144,169,157,186,161,210,170,237,199,249,237,247,272,279,288,310,338,301,368,359,387,359,394,418,419,416,408,461,449,470,480,540,490,523,548,594,656,577,541,615,620,604,639,638,684,675,631,683,696,700,722,691,718,728,708,682,766,761,749,761,787,756,776,841,832,831,844,781,811,825,864,840,876,892,938,890,927,878,929,913,933,937,938,917,932,945,966,935,928,946,942,1003,1012,930,936,973,900,938,916,922,888,881,912,872,829,905,802,801,787,781,757,763,730,710,677,604,640,587,563,569,519,499,464,494,410,379,368,344,311,290,263,256,231,209,200,175,152,130,128,102,103,91,71,62,58,43,38,30,20,14,16,14,2,6,6,2,1,3,2,0,0,0,0,0,0,0,0,0,0,0,0,0,0,0,0,0,0,0,0,0,0,0,0
14.15,0,0,0,0,1,0,0,0,0,1,1,1,0,0,0,0,0,0,0,1,0,0,1,0,1,0,1,2,0,2,3,1,3,1,1,2,4,4,7,7,5,3,2,4,1,8,3,7,6,12,7,3,5,7,4,8,4,3,5,6,5,5,3,7,6,6,6,7,8,12,9,12,9,5,12,14,18,11,10,25,17,25,30,27,20,19,28,38,25,34,37,37,43,45,43,40,49,50,58,51,69,68,75,87,75,84,80,107,93,106,108,120,111,130,123,135,139,152,160,171,154,210,193,217,217,231,258,271,250,272,283,308,310,321,325,323,339,418,376,424,446,426,409,467,489,499,476,531,518,519,529,510,570,595,620,622,631,587,665,628,639,614,698,660,671,691,696,687,736,718,753,790,770,743,753,765,798,750,794,799,841,821,836,854,882,863,913,814,846,966,849,872,958,876,966,921,921,958,962,970,952,938,968,936,972,991,974,981,930,995,982,929,961,923,996,983,910,888,938,888,879,874,848,856,859,768,817,768,736,766,734,694,692,596,612,569,521,515,512,468,473,439,394,362,345,325,329,276,246,224,222,210,172,153,133,122,103,103,94,83,61,61,48,33,32,23,19,17,13,3,6,2,4,2,3,1,1,0,0,0,0,0,0,0,0,0,0,0,0,0,0,0,0,0,0,0,0,0,0,0
14.25,0,2,1,0,0,1,0,0,0,0,1,0,0,1,0,0,3,0,0,0,0,1,0,0,0,1,0,1,1,4,2,0,2,0,2,4,1,1,4,3,1,3,4,3,3,8,6,8,7,4,4,9,5,5,2,6,4,5,3,8,8,6,9,6,8,11,3,14,4,5,6,13,12,17,18,11,18,12,8,17,20,20,21,25,26,23,25,33,48,39,38,52,40,57,53,44,49,51,62,48,68,74,62,80,86,81,86,91,115,106,117,142,120,149,145,155,148,166,164,168,169,189,213,202,216,231,239,288,253,278,270,318,333,327,372,358,338,402,390,390,428,439,469,468,517,489,503,533,579,563,541,545,574,598,639,589,609,611,603,626,661,657,663,705,698,698,669,731,750,732,757,706,810,770,705,824,854,796,816,863,832,811,804,861,845,880,891,882,909,903,948,988,930,900,955,906,913,962,914,968,988,962,951,972,955,968,990,998,992,980,970,950,1012,983,897,953,923,978,894,905,908,938,865,841,862,864,779,744,750,688,719,710,694,689,583,566,546,529,501,478,476,457,406,392,334,319,308,290,278,224,218,210,160,165,145,119,117,107,93,78,63,62,51,40,30,28,19,17,8,8,5,1,5,4,2,1,1,0,0,0,0,0,0,0,0,0,0,0,0,0,0,0,0,0,0,0,0,0,0,0
14.35,0,1,1,2,0,0,0,1,0,0,0,1,0,1,1,0,0,2,0,0,0,0,0,0,1,0,2,1,0,2,0,0,3,1,2,0,4,4,4,5,2,4,3,5,6,5,4,5,2,3,6,3,3,5,9,6,4,5,5,2,7,4,3,8,3,3,5,12,9,9,7,7,8,6,11,11,9,16,15,16,16,15,24,42,22,21,35,30,45,31,36,42,43,48,40,54,67,52,68,83,67,78,83,80,75,91,98,127,106,94,113,134,113,136,127,150,154,146,163,159,202,187,216,227,203,221,242,245,286,287,275,324,341,308,349,382,355,375,399,423,419,452,440,487,473,536,496,525,559,564,502,533,594,599,630,651,608,615,634,613,653,631,653,670,690,744,747,725,764,754,747,799,769,811,791,768,783,838,799,786,804,853,791,841,842,897,832,935,904,894,909,893,929,954,1034,980,994,941,973,975,951,1008,981,966,984,976,1049,1011,971,1001,1003,1066,997,930,956,988,964,932,946,928,948,857,888,842,903,834,803,795,768,741,699,710,652,704,642,589,586,545,472,488,484,498,412,410,356,310,309,298,275,240,222,205,178,165,152,124,102,104,103,76,61,66,50,42,26,34,19,14,13,5,7,3,2,6,2,1,1,0,0,0,0,0,0,0,0,0,0,0,0,0,0,0,0,0,0,0,0,0,0,0
14.45,0,0,0,1,0,0,1,0,1,0,0,1,0,0,0,1,1,1,0,0,1,0,2,1,2,0,1,1,2,1,3,0,3,4,0,2,1,1,2,5,2,1,4,3,2,3,3,6,5,4,2,4,4,6,6,7,6,5,9,4,0,7,5,4,6,6,10,4,9,7,10,8,8,11,9,11,14,11,16,16,18,22,28,29,22,32,31,32,32,41,25,43,50,39,51,56,58,56,83,59,79,86,57,74,89,95,89,99,104,113,125,107,126,127,140,137,164,191,163,219,231,192,196,218,213,238,251,270,274,292,304,291,338,311,378,364,381,439,382,442,472,493,451,500,521,507,543,542,543,539,555,552,579,603,599,632,611,703,704,668,719,692,721,686,695,718,740,709,772,751,727,784,765,773,792,828,813,809,852,852,794,862,832,844,853,850,856,906,901,890,936,907,962,883,964,914,935,966,972,949,943,991,987,980,1012,1001,1070,1029,1022,1021,978,1012,965,1005,1034,970,938,990,951,916,912,906,908,869,843,830,859,814,752,751,757,689,723,616,653,643,606,574,520,492,505,484,453,387,385,332,289,315,263,260,222,221,197,182,141,130,117,86,101,86,66,62,54,45,31,27,17,16,15,7,5,3,1,4,4,2,1,0,0,0,0,0,0,0,0,0,0,0,0,0,0,0,0,0,0,0,0,0,0,0
14.55,0,0,0,1,0,1,0,1,0,1,2,1,0,1,0,0,1,1,1,1,1,0,0,0,1,0,0,1,0,2,2,5,3,3,3,3,2,3,2,0,4,3,2,3,3,6,3,3,6,2,5,7,3,7,2,5,4,11,3,4,5,4,3,5,5,10,7,7,9,7,8,15,12,10,11,18,11,9,16,17,23,22,16,18,30,30,31,25,34,33,32,40,58,46,52,57,53,71,69,65,99,94,70,87,82,82,110,116,111,108,122,133,124,122,152,144,172,157,174,184,173,211,189,208,246,255,290,298,303,310,300,321,319,352,338,356,392,395,423,390,453,437,496,485,475,540,524,538,564,593,563,594,611,605,609,658,621,630,619,666,716,692,693,735,703,706,722,685,779,781,779,794,772,788,737,765,772,846,806,813,868,875,880,867,884,917,872,835,869,940,891,973,942,945,986,945,1009,966,1007,919,964,948,967,989,1014,995,973,998,982,1040,1000,986,1028,1058,1044,1022,1005,981,978,912,948,926,908,876,872,813,855,849,810,751,741,738,689,697,609,637,627,585,528,464,482,474,457,403,391,374,314,280,286,272,231,201,232,184,133,141,107,87,101,86,68,62,52,45,31,18,18,17,22,5,1,4,0,4,1,2,1,0,0,0,0,0,0,0,0,0,0,0,0,0,0,0,0,0,0,0,0,0,0,0
14.65,0,0,0,1,1,0,0,0,0,2,0,1,0,1,1,2,1,0,2,0,0,0,2,1,0,0,4,3,2,0,3,2,2,5,2,4,1,1,1,0,2,2,3,7,4,4,2,5,4,7,5,7,3,6,7,7,8,8,7,7,3,9,8,3,5,10,11,12,4,10,8,12,8,7,8,10,16,14,16,24,15,21,25,28,23,20,37,27,44,36,39,33,46,54,49,59,54,58,65,64,72,77,90,86,88,111,108,104,98,132,109,146,153,140,137,155,159,181,177,181,181,193,242,221,235,245,265,262,259,281,324,329,351,351,349,374,386,382,404,417,471,465,479,480,549,515,500,553,556,561,610,592,606,621,636,615,715,621,693,697,712,690,698,725,727,768,743,705,754,758,750,836,780,793,810,780,825,824,874,862,865,897,895,903,930,926,924,926,927,950,934,937,995,936,980,954,1032,950,933,967,972,977,1008,1064,1032,994,1006,999,987,982,992,1022,980,945,986,998,978,1003,1001,1015,964,942,907,874,900,864,869,781,785,758,761,728,761,711,644,615,609,614,565,495,474,461,470,412,403,356,347,282,277,275,243,210,225,173,148,131,125,102,90,88,91,63,49,41,40,21,19,17,20,12,2,7,0,4,1,1,2,0,0,0,0,0,0,0,0,0,0,0,0,0,0,0,0,0,0,0,0,0,0,0
14.75,0,1,0,0,0,0,0,0,0,0,2,1,0,1,1,0,1,1,0,0,0,0,1,1,1,0,4,1,2,1,2,3,1,4,0,0,2,2,1,2,5,2,3,3,3,2,6,8,3,3,4,7,0,4,7,10,6,11,5,4,10,10,12,5,8,9,8,13,8,6,9,12,8,12,11,17,14,14,20,15,17,19,33,28,33,28,28,36,27,45,46,38,53,56,41,59,66,70,68,84,77,78,83,91,95,93,106,118,111,115,134,128,131,131,169,140,166,178,189,191,211,205,229,218,217,246,297,283,296,285,308,312,327,352,362,364,409,414,444,439,449,492,449,487,514,536,566,607,578,564,576,602,570,620,654,605,655,665,706,674,693,747,675,726,779,718,772,749,762,806,761,770,778,831,860,810,857,814,866,852,898,847,894,864,892,896,873,890,950,958,930,945,925,920,944,1037,999,950,982,1006,990,1008,982,1026,1028,986,980,1023,1026,1079,1044,979,973,1008,1001,960,995,947,1003,977,970,941,942,952,854,902,856,852,799,819,750,766,714,696,686,617,601,621,572,544,482,478,471,447,384,351,363,287,278,276,238,226,212,191,144,123,122,100,93,98,84,56,60,46,35,29,19,14,21,16,4,6,1,3,1,1,1,0,0,0,0,0,0,0,0,0,0,0,0,0,0,0,0,0,0,0,0,0,0,0
14.85,0,0,0,0,0,0,0,1,1,0,0,0,0,0,1,0,0,1,1,2,0,1,1,1,2,2,0,2,1,1,1,1,2,2,7,3,2,2,2,6,3,3,3,4,12,1,6,5,8,6,8,2,8,5,6,11,10,6,8,4,11,6,3,6,6,8,6,7,7,5,10,8,6,7,9,8,14,17,20,19,22,16,23,23,27,30,29,46,30,44,29,45,43,50,69,50,57,59,57,56,77,97,82,68,84,87,104,116,110,117,97,130,124,153,170,143,157,178,190,193,216,233,224,241,241,258,255,289,287,292,311,344,355,318,389,388,387,385,405,440,484,463,468,527,510,510,570,551,582,594,611,603,636,651,638,672,695,666,677,739,736,704,720,740,686,722,741,839,805,839,828,832,793,803,860,813,884,893,881,824,923,872,901,911,858,882,934,862,922,903,987,1014,965,1010,941,1027,1015,1057,978,1051,993,998,1011,1017,992,1068,999,971,1002,1089,1056,1053,973,1070,962,1013,982,974,1003,955,1015,965,930,909,894,919,836,837,814,840,793,750,764,701,695,664,630,606,577,554,506,493,462,428,407,384,358,325,275,282,261,219,222,182,156,151,125,95,93,99,87,57,58,40,40,25,16,16,26,19,5,6,2,4,0,0,0,0,0,0,0,0,0,0,0,0,0,0,0,0,0,0,0,0,0,0,0,0,0,0
14.95,0,0,0,1,2,0,1,0,0,1,0,2,0,0,2,1,0,1,1,0,1,1,0,0,0,0,3,1,1,1,0,1,0,2,2,2,1,3,3,2,2,3,2,7,3,3,6,3,6,8,3,2,3,6,6,5,7,7,10,9,5,10,11,6,8,6,5,7,6,9,9,11,8,11,11,15,12,13,15,16,22,24,26,30,17,28,41,30,57,47,30,43,55,55,71,57,64,56,69,84,81,103,86,94,92,92,99,111,100,115,118,135,146,164,171,162,167,180,233,232,205,275,229,233,264,257,269,304,305,305,317,329,359,322,364,393,383,433,418,473,475,510,483,527,543,571,563,575,598,612,574,646,624,642,635,677,662,742,698,697,675,707,689,710,696,770,759,717,823,839,756,746,819,867,807,835,801,872,871,877,911,901,890,915,889,869,915,900,1007,897,980,931,998,977,963,985,973,988,1021,1038,1033,1030,1059,1038,1033,997,1019,1036,1045,1062,1040,989,1020,1055,1027,1056,999,997,1036,965,999,996,941,966,906,898,914,875,841,819,817,774,731,744,663,675,627,647,563,537,535,497,472,471,393,396,352,354,288,268,272,233,227,184,171,139,121,105,89,98,87,54,56,51,43,28,11,18,27,20,8,6,1,4,1,0,0,0,0,0,0,0,0,0,0,0,0,0,0,0,0,0,0,0,0,0,0,0,0,0
15.05,0,0,0,0,0,0,0,0,1,0,0,0,1,1,0,0,0,0,0,4,0,1,0,2,1,1,0,4,0,2,0,3,5,4,3,1,1,0,7,7,3,5,1,6,5,6,3,3,4,6,4,8,5,4,4,10,5,4,7,6,9,1,3,10,7,8,9,7,7,9,9,11,14,16,17,13,16,17,14,24,17,20,14,28,26,34,27,31,40,35,59,27,52,53,47,60,56,71,62,85,72,75,93,85,85,100,133,106,120,123,142,121,114,159,163,185,167,225,198,211,216,228,247,228,266,260,254,261,315,282,345,331,340,398,396,392,411,400,421,455,486,461,463,534,543,506,535,564,593,601,597,639,634,600,643,708,662,722,707,714,746,736,762,771,776,761,727,812,773,812,799,813,822,865,878,804,881,903,923,871,858,890,913,935,909,931,897,958,963,965,957,934,1053,963,960,958,1003,1032,1026,1045,992,1032,1000,997,1050,1039,1032,1055,1042,1006,1037,1044,1007,1069,1031,995,1076,980,1027,980,1014,1002,953,926,961,889,934,899,855,793,860,781,735,727,727,636,622,637,613,587,536,481,451,481,390,381,385,361,335,259,269,251,213,215,168,144,130,114,93,98,78,68,60,42,37,25,20,17,19,25,10,5,1,3,1,0,0,0,0,0,0,0,0,0,0,0,0,0,0,0,0,0,0,0,0,0,0,0,0,0
15.15,0,0,0,0,3,0,0,0,2,0,2,1,0,1,1,0,2,3,0,0,0,0,0,0,3,0,0,0,2,2,1,2,3,3,4,5,3,4,1,2,2,4,3,8,6,4,5,7,0,3,9,6,3,4,7,11,5,6,8,4,12,9,5,6,6,14,11,7,11,13,9,9,11,10,8,15,15,16,15,21,21,27,19,20,37,29,30,37,38,47,46,45,53,51,51,64,59,67,67,83,61,60,91,90,83,105,111,112,112,114,130,119,125,157,177,157,168,195,198,181,211,180,232,247,245,269,299,277,289,298,335,325,354,341,362,403,417,420,407,456,501,515,509,539,527,545,549,560,588,603,573,691,609,674,623,689,707,735,711,712,741,753,731,786,795,742,807,793,776,862,790,823,844,854,897,859,882,870,879,861,852,891,868,938,959,902,954,940,955,975,952,974,982,971,963,1002,1074,991,1007,1053,995,1076,1007,1023,1025,1114,989,1063,1036,1034,1037,1055,1051,1013,1062,1019,1023,1050,1000,1042,1041,971,945,941,983,923,918,937,899,801,780,798,805,723,732,670,633,609,641,589,557,484,458,448,436,398,392,367,334,268,278,245,194,231,167,142,148,120,111,86,92,66,57,45,36,32,19,18,15,23,14,9,1,5,2,0,0,0,0,1,0,0,0,0,0,0,0,0,0,0,0,0,0,0,0,0,0,0,0,0
15.25,0,1,0,0,0,0,0,2,0,0,0,0,0,0,2,1,0,2,1,0,0,0,1,0,1,2,1,1,1,2,0,1,3,2,2,1,2,6,2,5,1,1,1,6,5,5,2,6,3,2,4,6,1,4,4,10,2,6,4,3,7,4,13,6,8,5,9,6,13,12,11,7,10,12,14,11,5,18,18,24,24,27,31,20,25,43,32,32,47,37,57,44,45,57,47,63,67,70,70,66,84,88,81,76,95,84,101,104,117,126,126,140,129,164,153,170,169,188,194,210,227,213,231,266,252,274,298,312,293,308,315,326,357,357,396,404,409,413,431,477,430,510,485,500,507,551,545,578,606,594,600,657,617,636,649,700,707,729,722,756,722,780,803,761,723,752,763,829,794,804,868,802,809,834,828,884,918,870,862,936,918,937,876,899,958,927,934,1007,945,1027,1027,1002,1000,1015,995,999,1039,975,1036,1031,1024,1033,1053,1046,997,1037,1073,1054,1041,1055,1059,1070,1087,992,1092,1030,1100,993,1048,1025,968,1031,949,952,948,943,900,920,895,839,791,774,776,735,698,708,684,638,627,584,545,507,502,431,426,396,386,367,342,281,271,260,212,204,169,165,147,124,126,93,81,69,55,46,41,39,18,18,12,20,14,9,5,5,1,1,0,0,0,0,0,0,0,0,0,0,0,0,0,0,0,0,0,0,0,0,0,0,0,0
15.35,1,0,0,0,0,0,0,0,1,0,1,1,1,0,0,0,1,1,0,4,0,0,0,2,4,3,2,1,5,0,1,2,2,1,4,0,4,2,4,4,2,1,4,3,7,4,7,7,6,9,5,3,6,6,3,5,6,3,11,5,4,4,14,9,6,10,6,9,6,4,11,14,11,10,16,16,12,12,27,17,18,27,22,30,40,28,36,37,49,41,53,46,54,54,51,45,66,73,80,68,79,82,96,98,99,109,134,123,126,123,124,127,160,152,198,152,179,182,176,196,216,235,220,252,242,244,258,307,298,328,333,346,374,354,386,434,465,431,458,476,468,488,496,578,576,611,568,620,634,636,615,652,629,675,638,665,704,733,698,772,698,731,771,777,846,764,851,834,831,819,836,872,883,924,831,857,886,911,852,895,917,887,944,912,959,947,904,902,1018,986,1020,989,1003,990,1045,1010,1026,1008,1013,1040,1078,1004,1012,1026,1080,1065,1073,1050,1029,1030,1033,1096,1091,1055,997,1066,1094,1017,1109,1006,1032,985,986,953,935,884,951,912,926,821,809,814,783,743,711,685,659,657,613,620,585,505,482,463,421,383,372,384,334,292,276,247,235,208,187,153,155,129,112,85,91,65,52,51,42,38,26,20,13,18,13,10,7,6,0,0,1,0,0,0,0,0,0,0,0,0,0,0,0,0,0,0,0,0,0,0,0,0,0,0
15.45,0,0,0,0,0,0,0,0,0,0,0,2,0,2,0,0,1,1,1,1,1,1,1,0,1,0,2,2,0,1,2,1,2,1,5,1,3,3,5,2,3,5,7,2,7,2,5,4,7,5,7,7,11,2,6,5,9,4,10,5,3,5,8,8,6,10,4,9,10,8,10,10,14,12,16,17,16,13,20,14,15,33,24,29,32,32,25,41,40,41,41,49,61,45,60,58,75,70,64,86,93,83,98,101,103,95,109,121,118,133,127,151,151,158,172,178,177,199,194,217,195,243,268,262,272,271,292,283,306,337,331,358,345,361,390,407,440,458,476,474,473,517,555,570,579,574,580,557,596,628,619,655,635,669,718,696,699,751,707,742,736,781,734,731,793,780,810,816,848,805,876,865,858,889,888,891,846,894,923,903,889,955,944,946,954,916,1017,1006,974,1009,981,983,949,1001,1022,1007,1089,1069,989,1038,1034,1066,1045,1083,1051,1051,1069,1088,1107,1100,1059,1063,1026,1117,1071,1024,1042,1043,1066,1012,1059,1013,1013,988,947,968,898,901,889,858,843,762,819,826,681,696,658,645,643,602,603,524,479,475,429,421,371,385,355,293,276,260,237,207,201,144,139,133,116,98,94,65,56,47,55,31,28,22,10,16,12,7,10,5,0,0,1,0,0,0,0,0,0,0,0,0,0,0,0,0,0,0,0,0,0,0,0,0,0,0
15.55,0,0,0,0,1,0,0,0,0,0,0,0,1,0,0,1,2,0,0,0,2,2,1,1,0,0,2,1,1,2,0,1,0,3,5,0,4,4,2,2,1,1,5,4,8,3,3,5,11,2,2,12,8,4,5,5,7,7,8,4,1,8,9,10,8,7,3,8,11,12,10,14,8,11,12,12,14,17,17,16,24,26,36,24,33,18,37,24,35,40,42,43,59,52,47,68,50,64,83,62,63,84,78,81,90,103,103,120,121,129,119,159,160,130,173,197,178,170,204,196,236,230,231,268,248,287,312,300,331,333,336,350,389,365,388,446,401,465,434,467,532,525,530,550,512,587,546,618,624,609,677,648,646,664,688,718,724,684,718,781,760,725,762,818,816,833,807,861,813,819,885,828,812,854,890,879,911,876,879,891,875,962,964,999,971,960,941,933,1032,1020,976,994,1010,1050,1041,1031,1052,1111,1009,1000,1015,1038,1118,1115,1088,1023,1027,1045,1036,1075,1103,1106,1128,1064,1069,1095,1062,980,1055,1041,1025,1014,1004,1004,997,952,951,906,883,870,851,799,795,798,790,707,677,627,635,588,583,498,527,492,450,411,390,375,370,299,293,270,247,191,215,157,117,130,100,103,100,68,64,50,52,38,30,22,11,13,15,6,6,4,0,0,2,0,1,0,0,0,0,0,0,0,0,0,0,0,0,0,0,0,0,0,0,0,0,0
15.65,0,0,0,0,0,0,0,0,0,0,1,2,0,0,2,1,0,3,1,0,0,0,0,0,2,0,0,3,3,1,0,2,3,1,1,3,5,2,3,4,3,3,2,1,7,9,8,9,9,7,2,3,4,7,5,4,10,9,6,4,6,8,6,4,8,15,7,5,5,11,12,9,15,20,16,12,17,15,15,16,25,28,29,25,28,39,28,25,34,50,46,55,56,66,61,55,77,80,77,90,79,99,94,107,101,110,115,112,112,126,120,143,144,152,164,164,185,216,214,210,215,231,237,252,282,290,277,291,321,318,374,360,374,384,416,412,429,390,481,503,540,510,526,557,575,585,592,565,595,615,605,605,650,679,670,711,707,717,742,763,796,769,812,799,790,818,809,851,806,907,894,840,875,891,905,884,960,871,928,921,914,979,900,969,961,1049,983,912,993,978,1057,1013,984,1025,991,1052,1028,1021,1052,1020,1086,1136,1098,1036,1015,1080,1143,1065,1050,1135,1006,1030,1054,1081,1112,1041,1008,1120,1080,1018,1022,1012,1018,997,1000,957,1007,918,900,885,857,863,795,781,805,744,673,616,604,612,588,526,541,497,453,424,380,381,369,326,290,278,261,190,219,162,143,121,118,100,93,68,68,43,63,46,26,23,15,10,16,3,9,4,1,0,2,0,1,0,0,0,0,0,0,0,0,0,0,0,0,0,0,0,0,0,0,0,0,0
15.75,0,0,1,1,1,0,2,0,0,1,1,1,0,0,1,0,0,0,0,1,0,2,1,1,2,3,0,0,1,2,6,0,1,3,3,1,3,4,2,2,7,3,1,4,6,5,2,7,5,7,4,7,7,6,9,7,5,5,7,10,7,5,9,6,6,10,9,7,9,8,8,16,11,14,15,12,22,22,12,22,16,17,33,35,34,25,50,36,41,51,46,50,53,50,66,56,64,61,93,78,99,102,84,94,103,87,109,144,145,143,139,152,166,195,165,171,208,188,227,224,221,262,238,245,284,290,306,309,327,359,364,385,398,433,381,398,434,470,465,489,501,522,513,546,580,639,597,605,636,603,641,654,728,708,685,706,736,756,757,724,761,851,770,816,840,804,833,819,853,860,844,834,902,889,893,905,922,943,898,928,1001,994,923,968,1029,995,995,975,947,1029,1034,1041,1026,981,1001,1051,993,1068,1033,1084,1059,1129,1078,1099,1070,1079,1095,1054,1034,1060,1062,1114,1128,1066,1053,1099,1116,1056,1060,1056,1028,1034,987,995,1003,965,1001,946,980,856,871,868,842,776,733,776,678,654,582,597,596,539,552,472,483,431,421,367,367,346,292,281,244,196,202,176,160,128,108,117,89,80,62,50,53,49,30,30,16,8,13,3,6,3,2,0,2,0,1,0,0,0,0,0,0,0,0,0,0,0,0,0,0,0,0,0,0,0,0,0
15.85,0,0,0,0,2,0,0,0,0,0,1,0,0,2,1,3,2,1,0,1,0,1,1,1,2,0,3,1,1,0,0,1,1,2,4,0,4,4,3,4,4,6,5,2,6,2,4,7,13,4,8,6,4,7,6,5,10,7,7,6,7,3,5,8,7,6,3,9,13,11,11,5,13,15,9,15,16,11,21,29,23,30,39,31,26,32,39,52,45,42,48,55,49,62,56,66,59,72,74,75,96,92,96,93,116,119,126,114,144,123,127,171,174,153,182,192,201,199,198,214,211,218,250,244,293,274,293,336,303,333,365,376,409,421,464,470,460,499,542,485,481,575,582,561,534,619,603,606,653,705,610,686,691,683,763,711,698,742,763,827,787,826,795,824,830,835,852,872,875,878,872,921,876,947,925,935,937,981,968,905,1034,908,1004,999,1044,959,966,1052,1063,999,977,975,1024,1039,1058,1076,1035,1067,1006,1005,1066,1104,1044,1094,1115,1084,1113,1092,1100,1080,1043,1080,1133,1088,1061,1060,1145,1119,1035,1088,1033,1027,1024,1024,997,980,954,965,944,945,881,848,855,794,734,780,739,676,594,603,565,586,533,516,460,459,434,338,364,355,285,296,245,206,194,189,167,117,124,110,83,75,70,55,46,46,42,32,14,6,9,6,6,5,3,0,1,1,1,0,0,0,0,0,0,0,0,0,0,0,0,0,0,0,0,0,0,0,0,0
15.95,0,0,0,0,0,1,1,1,0,0,0,0,1,0,1,2,0,0,0,2,0,2,0,1,4,0,1,1,3,1,2,3,4,3,2,2,4,3,1,4,3,1,6,3,4,3,3,5,4,6,2,10,9,7,8,5,3,9,10,6,10,1,5,5,1,6,6,9,8,19,13,10,10,15,16,17,10,13,22,32,19,17,24,36,29,38,32,42,33,44,60,44,57,60,51,67,61,57,75,80,86,86,84,102,101,107,95,138,138,141,146,145,131,170,184,166,198,225,202,204,228,268,244,291,253,265,294,319,314,356,395,391,399,374,390,429,469,481,500,474,480,587,574,584,557,610,633,600,646,656,655,635,660,671,717,673,744,726,787,823,842,817,821,786,876,822,859,861,826,937,858,852,904,922,873,975,913,933,922,888,957,974,966,916,957,1049,1047,1019,1005,1008,993,1042,992,1035,1073,1070,1089,1042,1017,1088,1126,1068,1101,1090,1083,1122,1088,1054,1137,1113,1145,1112,1036,1059,1075,1102,1077,1135,1084,1079,1094,1089,971,972,1013,981,981,907,960,954,915,843,854,821,789,717,757,648,649,588,558,565,527,530,445,441,450,382,364,330,318,294,246,209,193,208,158,141,130,107,86,83,59,59,45,54,35,33,19,7,7,9,5,6,3,0,1,0,2,0,0,0,0,0,0,0,0,0,0,0,0,0,0,0,0,0,0,0,0,0
16.05,1,0,0,0,2,1,0,0,0,1,2,0,0,0,0,0,3,1,1,0,1,1,0,0,1,1,1,3,4,1,1,2,3,4,0,3,0,6,3,5,3,1,0,4,2,6,2,6,3,4,9,4,8,7,4,4,10,4,7,5,8,6,5,7,9,7,6,11,12,12,9,6,15,10,9,10,14,19,19,20,25,28,30,27,31,35,40,49,37,44,45,46,72,56,73,62,48,68,76,89,92,95,82,86,86,97,109,105,131,145,158,148,161,152,175,188,168,192,219,221,227,232,274,272,287,299,315,309,316,360,336,344,382,377,436,410,459,472,475,449,534,490,547,546,575,592,611,649,672,657,693,690,706,699,709,720,744,799,795,813,789,814,797,836,807,833,873,829,840,880,920,916,891,864,913,940,914,909,931,950,930,1005,974,1021,938,1033,1037,999,974,1069,985,1085,1008,1003,1062,1090,1061,1049,1100,1084,1118,1067,1131,1090,1077,1124,1044,1134,1108,1085,1094,1144,1162,1049,1122,1064,1107,1025,1085,1106,1096,1129,1061,1060,982,946,981,950,912,909,937,869,861,830,796,753,718,704,655,606,569,539,568,537,461,451,399,418,359,332,309,290,254,230,185,201,169,144,136,95,92,91,70,55,54,50,36,30,17,10,4,8,2,6,3,0,1,0,1,0,0,0,0,0,0,0,0,0,0,0,0,0,0,0,0,0,0,0,0,0
16.15,0,1,0,1,0,1,0,1,0,0,0,0,0,0,0,0,2,0,1,0,3,0,1,1,1,2,3,0,0,0,1,3,4,2,2,3,3,6,1,6,3,4,4,5,4,4,10,4,4,2,6,6,8,8,9,9,6,6,7,3,6,8,11,11,15,12,12,10,9,13,8,9,10,17,10,11,20,27,12,28,19,35,29,29,38,40,37,35,36,39,62,52,43,40,74,47,53,82,60,78,85,83,94,106,69,108,119,130,122,134,152,171,146,168,179,171,176,213,230,239,234,252,265,278,282,284,307,312,354,381,348,375,422,451,434,449,457,461,512,522,492,508,586,574,606,602,616,641,672,690,714,688,730,763,772,746,767,788,802,847,838,826,835,840,888,848,874,851,858,912,877,903,954,964,944,917,942,928,991,984,995,955,972,997,986,959,1052,1029,1096,1087,1006,996,1020,1010,1053,1060,1067,1076,1038,1102,1098,1144,1076,1139,1158,1134,1101,1074,1092,1115,1188,1078,1056,1127,1126,1090,1119,1086,1101,1081,1125,1003,1101,1110,1014,1018,963,965,914,902,880,935,803,868,800,757,723,731,624,635,588,552,517,509,530,456,411,412,374,351,299,291,254,224,207,196,170,154,136,96,84,97,68,56,59,46,38,34,16,10,5,7,2,6,2,1,1,0,0,1,0,0,0,0,0,0,0,0,0,0,0,0,0,0,0,0,0,0,0,0
16.25,0,0,1,0,0,0,0,1,2,1,1,0,0,1,2,0,1,1,0,2,4,1,1,0,1,1,2,1,2,4,1,5,7,4,2,5,1,2,2,4,4,3,3,8,6,8,4,7,7,1,3,7,5,2,8,4,4,9,8,6,8,10,4,10,7,9,11,10,5,13,12,12,11,17,18,14,16,16,27,38,29,28,34,38,32,41,24,42,49,53,50,51,58,54,68,65,75,73,99,78,102,97,92,113,109,116,123,107,144,146,146,151,144,155,185,185,214,226,205,221,251,247,238,290,289,300,303,307,353,348,364,374,377,400,426,472,493,487,512,500,558,585,604,601,627,599,641,658,642,625,727,749,698,675,764,750,769,769,751,795,803,778,835,830,848,863,862,900,908,891,911,905,920,894,937,880,949,952,970,992,956,1014,957,996,981,1008,1007,1044,1038,970,1038,1046,1094,1062,1051,1088,1085,1065,1059,1138,1099,1002,1102,1118,1146,1093,1124,1145,1149,1139,1090,1166,1169,1142,1078,1103,1079,1051,1143,1114,1110,1063,1052,1019,1066,1022,1018,954,914,927,905,924,848,813,799,750,796,699,668,611,602,540,510,484,511,448,440,400,388,352,323,290,242,241,198,202,179,154,128,90,95,96,61,56,56,42,36,32,19,11,10,8,2,5,1,1,1,0,1,1,0,0,0,0,0,0,0,0,0,0,0,0,0,0,0,0,0,0,0,0
16.35,0,0,0,0,0,1,0,0,0,1,0,1,1,0,2,0,0,0,0,0,1,0,0,0,0,2,1,0,1,0,2,3,0,1,1,2,2,3,1,3,5,2,5,3,1,5,5,7,5,7,10,8,11,5,9,5,5,7,10,9,5,13,5,8,4,6,8,10,5,10,3,15,15,13,8,12,9,11,17,27,23,33,22,31,27,44,38,49,43,38,57,48,58,65,53,74,68,84,74,92,80,94,104,96,101,125,125,121,151,135,162,148,191,152,172,176,214,218,229,230,251,269,250,259,281,285,298,332,362,341,382,387,409,432,415,466,488,543,515,524,559,551,562,597,579,575,619,614,640,688,680,704,729,697,767,736,783,779,788,776,796,857,827,847,849,863,913,846,861,900,919,928,937,871,978,955,967,959,1023,959,1019,998,899,977,994,1045,1061,1009,980,1010,1048,1038,1050,1054,1047,1060,1095,1057,1132,1107,1123,1116,1141,1165,1070,1160,1093,1180,1094,1121,1129,1193,1143,1120,1126,1140,1120,1103,1065,1102,1125,1065,1056,987,1078,1056,1009,993,941,922,890,812,907,805,801,801,780,734,704,626,600,578,499,525,505,454,422,396,402,366,332,309,263,219,195,220,178,150,117,103,93,88,64,56,55,45,35,35,18,13,9,7,3,3,3,1,0,0,1,1,0,0,0,0,0,0,0,0,0,0,0,0,0,0,0,0,0,0,0,0
16.45,0,0,0,0,0,1,0,0,0,0,1,0,2,0,2,1,0,1,0,1,2,0,0,1,0,1,2,1,1,3,1,2,1,3,6,4,0,4,3,4,3,3,6,5,6,3,3,7,11,9,5,8,11,7,4,6,8,2,8,8,6,6,7,10,8,10,6,12,12,9,13,13,11,10,20,16,17,22,25,21,21,24,34,25,23,34,39,46,47,55,46,45,62,77,67,78,66,70,77,92,89,106,107,110,117,109,128,138,157,149,164,144,186,199,184,185,225,214,203,229,236,246,280,274,288,295,308,317,361,371,402,405,422,426,434,478,500,515,507,547,548,614,573,600,624,672,605,691,700,675,710,711,712,737,774,783,786,813,777,816,772,817,832,870,846,905,904,867,922,923,939,910,924,934,934,973,886,953,1010,1010,1024,996,1034,949,973,1012,973,1044,1015,1096,1042,1057,1078,1067,1032,1135,1064,1135,1056,1079,1091,1085,1130,1155,1091,1112,1201,1117,1157,1140,1176,1052,1131,1216,1179,1152,1141,1114,1071,1026,1119,1073,1177,1072,982,1052,999,1011,994,889,902,857,837,860,767,771,813,762,738,630,614,610,466,532,510,484,414,408,402,369,338,314,278,212,190,233,166,154,128,116,84,82,74,49,55,45,40,27,19,11,10,4,3,3,3,2,2,0,0,1,0,0,0,0,0,0,0,0,0,0,0,0,0,0,0,0,0,0,0,0
16.55,0,0,1,0,0,0,1,1,0,1,1,0,0,0,0,3,1,2,0,2,0,0,1,1,0,1,0,0,2,1,0,1,4,1,4,3,6,1,4,3,5,3,4,5,2,8,10,2,9,5,5,10,5,3,10,6,6,5,10,7,11,3,8,10,7,9,9,7,6,8,6,13,10,13,15,24,22,19,30,23,19,25,31,22,36,21,45,48,55,56,63,56,55,82,54,63,76,64,74,62,80,84,108,99,88,114,112,134,139,160,142,152,165,145,187,180,179,204,219,224,243,260,279,309,306,312,344,352,375,348,365,410,415,430,474,439,499,458,523,520,539,602,577,606,584,690,685,667,673,701,718,723,699,753,722,751,799,810,845,764,855,852,807,872,859,883,924,864,921,939,891,957,912,976,935,1000,1025,972,918,1029,946,1020,964,937,1050,992,974,1090,1058,1047,1004,1028,1078,1054,1027,1071,1111,1122,1136,1090,1109,1131,1127,1125,1133,1093,1139,1168,1120,1166,1213,1188,1103,1125,1123,1194,1085,1157,1169,1130,1070,1075,1045,1109,1042,1018,979,1031,963,951,884,896,827,857,786,782,731,789,730,687,596,612,504,537,512,475,442,394,402,373,351,320,283,237,186,213,190,149,132,113,92,94,72,48,55,48,34,29,20,10,10,4,5,2,2,2,2,0,0,1,0,0,0,0,0,0,0,0,0,0,0,0,0,0,0,0,0,0,0,0
16.65,0,0,0,0,0,0,0,0,0,0,0,1,0,2,0,0,0,0,2,1,1,1,2,1,1,1,1,1,6,0,2,2,3,4,5,5,5,5,5,1,1,4,9,7,6,10,5,3,7,8,6,8,7,8,10,3,4,7,7,7,9,8,4,6,10,8,12,7,10,13,11,15,19,17,17,14,17,17,20,23,20,30,30,33,32,37,50,48,49,51,50,49,52,65,63,63,72,68,89,79,76,107,108,110,115,122,112,109,155,134,158,141,177,176,183,200,219,199,215,252,234,277,298,285,280,285,321,331,338,361,360,364,405,429,461,473,451,507,525,553,542,557,615,598,646,643,624,674,683,686,723,722,754,795,772,744,821,803,770,793,791,837,877,902,906,882,870,889,856,933,913,893,924,974,1014,944,999,978,980,983,947,971,1024,1054,1052,1073,981,1024,1047,1087,1015,1060,1078,1041,1101,1034,1072,1059,1107,1040,1105,1076,1120,1119,1111,1148,1203,1114,1131,1163,1171,1115,1194,1184,1128,1128,1156,1189,1112,1111,1103,1114,1077,1039,1069,1072,981,998,990,945,969,930,829,858,821,773,729,782,718,703,615,601,554,522,509,506,412,401,386,379,335,317,293,246,205,205,189,160,129,115,99,99,71,55,49,48,41,24,21,12,9,7,3,3,2,3,2,0,0,1,0,0,0,0,0,0,0,0,0,0,0,0,0,0,0,0,0,0,0,0
16.75,0,0,0,0,0,1,0,0,0,0,0,0,0,0,2,0,0,1,1,1,0,0,0,1,0,1,2,1,2,2,1,5,3,1,4,1,5,1,3,4,2,3,8,5,5,11,3,8,6,6,6,10,7,5,7,7,7,4,5,11,9,10,10,9,6,11,4,6,14,9,12,10,11,19,13,18,18,18,24,25,20,28,35,38,37,49,41,63,51,59,38,60,61,53,64,51,70,74,99,92,96,91,84,131,110,115,125,141,127,140,167,151,175,186,174,199,204,242,233,231,245,251,272,280,285,317,330,342,345,382,389,418,465,465,459,515,464,481,527,527,538,594,576,677,646,625,631,659,704,676,719,701,740,785,801,784,787,866,797,814,856,857,900,881,850,863,907,900,890,918,958,925,941,948,983,1045,956,955,962,964,1014,994,1008,1025,1013,1059,1030,987,1091,1072,1055,1051,1095,1012,1066,1046,1090,1129,1149,1070,1174,1057,1104,1121,1093,1078,1118,1190,1129,1157,1182,1136,1201,1146,1145,1118,1160,1121,1217,1153,1120,1116,1138,1059,1033,1034,1058,984,1004,946,980,884,919,839,865,779,708,741,756,699,668,612,596,517,512,487,419,411,391,369,321,311,284,264,210,190,180,165,144,113,98,91,73,54,50,52,37,22,23,14,10,6,3,5,4,2,1,0,0,1,0,0,0,0,0,0,0,0,0,0,0,0,0,0,0,0,0,0,0,0
16.85,0,0,1,0,3,0,0,0,0,1,0,0,0,0,0,0,1,0,1,0,2,0,0,1,1,3,1,3,1,1,3,1,3,4,3,3,2,3,2,7,5,2,5,7,4,5,5,4,3,2,4,7,7,4,7,6,6,7,10,9,6,11,2,7,6,6,10,11,13,6,14,12,18,15,16,11,20,21,29,24,32,25,29,37,39,31,47,38,47,57,39,40,64,70,59,58,75,76,68,93,94,95,101,114,136,106,112,125,163,137,153,127,174,180,224,209,222,232,237,263,270,284,301,273,304,306,312,330,365,374,359,411,415,428,500,493,507,508,558,519,524,585,569,598,638,709,656,697,707,704,752,772,778,762,773,765,809,817,866,847,825,865,836,906,895,895,940,946,932,893,949,881,955,980,966,975,967,997,1062,987,985,992,992,1042,1026,1005,1034,1031,1052,1020,1068,989,1036,1068,1100,1090,1106,1071,1126,1068,1085,1069,1129,1099,1097,1099,1110,1166,1131,1160,1112,1211,1103,1185,1193,1178,1174,1133,1145,1173,1183,1124,1069,1077,1083,1059,1042,1040,984,1007,966,936,854,891,855,813,739,712,718,708,674,620,580,551,523,485,452,390,384,374,313,327,284,249,225,198,185,182,128,115,92,90,83,50,53,52,34,27,26,16,12,6,5,3,4,2,1,0,0,0,1,0,0,0,0,0,0,0,0,0,0,0,0,0,0,0,0,0,0,0
16.95,0,0,0,0,1,1,0,0,1,0,0,0,2,1,1,1,0,0,0,0,2,3,1,1,0,0,1,1,1,2,5,2,0,0,4,2,2,4,6,4,5,4,2,2,6,4,6,7,10,5,7,8,7,10,4,11,9,6,8,7,4,6,10,11,11,16,4,4,10,7,15,14,18,14,20,21,23,21,19,24,28,31,36,30,41,29,38,47,53,50,51,73,66,72,72,66,64,64,85,85,74,89,94,118,119,123,144,144,153,146,155,169,171,172,195,202,205,215,250,258,260,274,264,286,347,334,331,348,337,338,388,414,429,457,462,456,467,490,508,482,607,600,598,645,647,658,705,704,718,706,722,741,767,790,786,786,846,804,811,871,860,913,892,919,867,912,924,901,945,958,933,1005,937,934,958,958,986,1001,1028,988,972,983,1088,968,1078,1011,1048,1019,1036,1044,1043,1078,1072,1050,1073,1083,1059,1125,1048,1104,1116,1044,1194,1123,1136,1144,1152,1105,1098,1124,1113,1136,1156,1194,1184,1202,1212,1198,1117,1110,1121,1126,1094,1128,1088,1065,1068,1022,985,960,965,977,925,872,845,845,784,713,715,667,690,623,608,562,536,497,479,386,396,373,330,299,303,249,236,199,198,165,131,118,94,91,82,50,57,47,39,21,24,17,12,7,6,4,5,2,1,0,0,0,1,0,0,0,0,0,0,0,0,0,0,0,0,0,0,0,0,0,0,0
17.05,0,0,0,0,0,0,2,0,1,0,1,3,0,0,1,0,0,1,2,0,1,4,1,0,1,1,1,5,1,2,2,4,3,2,3,2,2,3,4,6,6,1,5,2,3,7,6,8,6,2,5,8,9,6,10,9,14,13,7,6,6,8,4,5,5,15,6,17,13,17,13,11,11,11,14,18,21,28,17,28,32,44,36,32,35,39,34,33,56,57,52,52,71,67,73,68,84,75,78,95,93,96,113,100,122,108,118,152,153,138,144,168,176,180,198,210,232,233,233,267,268,288,300,317,317,320,356,340,392,354,373,402,368,382,459,466,498,480,543,587,567,559,578,604,632,656,609,656,647,726,741,774,742,806,840,802,776,793,855,788,879,879,882,919,903,889,969,940,931,924,881,982,974,942,977,938,981,989,1015,1037,993,1065,1017,1055,1041,988,1052,1039,1072,1079,1081,1068,1062,1037,1042,1036,1041,1126,1187,1049,1093,1176,1052,1175,1076,1097,1150,1094,1200,1075,1153,1131,1142,1157,1187,1154,1147,1186,1127,1149,1114,1109,1110,1113,1075,1083,1069,1064,1012,936,974,941,968,905,854,816,806,751,733,651,662,638,586,590,529,496,480,401,399,364,321,306,292,263,247,191,202,158,141,115,99,86,80,53,61,47,35,28,20,24,13,8,5,5,2,2,1,1,0,0,1,0,0,0,0,0,0,0,0,0,0,0,0,0,0,0,0,0,0,0
17.15,0,0,0,0,1,1,0,1,0,1,0,0,0,0,1,1,0,1,1,0,2,1,3,2,1,0,0,1,1,1,0,1,2,4,1,1,4,5,2,3,6,4,3,1,8,8,4,9,5,8,4,4,9,7,3,6,9,10,7,11,9,8,9,6,12,15,8,12,11,14,8,10,17,14,27,21,24,19,25,33,34,37,36,27,41,28,40,33,42,56,53,49,59,58,59,80,88,97,78,86,90,110,101,119,108,123,130,138,156,149,139,174,180,149,174,198,233,207,252,253,275,271,310,288,306,313,325,346,376,357,369,425,433,449,418,449,491,508,559,557,531,558,653,607,671,657,641,671,662,709,734,777,718,793,780,763,788,848,850,815,866,892,869,824,957,952,956,887,963,939,917,907,944,1029,921,977,1025,1023,979,986,1011,952,1013,968,1060,982,1003,1049,1038,1067,1033,1099,1092,1092,1095,1101,1074,1102,1123,1069,1150,1141,1157,1106,1170,1141,1156,1134,1117,1193,1147,1111,1114,1126,1113,1185,1148,1146,1131,1107,1150,1148,1123,1147,1031,1057,1038,1039,1081,1030,914,946,947,907,843,821,817,756,736,701,648,661,582,607,481,503,486,432,380,347,325,291,280,273,247,216,204,149,148,125,100,82,83,51,48,47,34,25,17,28,11,10,3,5,3,2,2,1,0,0,1,0,0,0,0,0,0,0,0,0,0,0,0,0,0,0,0,0,0,0
17.25,0,0,0,0,0,0,0,0,0,0,1,1,0,0,0,1,0,0,0,1,0,3,1,1,0,3,0,1,3,6,4,1,3,1,3,6,2,1,6,3,5,2,5,3,5,2,7,7,9,8,3,7,9,6,8,10,3,9,13,6,4,12,5,6,2,10,9,10,14,12,13,9,16,23,18,24,12,25,25,24,30,34,30,34,48,50,55,36,68,43,45,60,63,77,70,77,84,88,82,80,98,126,107,106,120,129,133,148,128,158,181,168,179,195,199,209,218,210,228,259,247,319,291,302,319,360,358,347,361,381,416,406,457,458,483,502,497,553,559,571,634,591,628,656,655,721,689,709,741,748,710,800,746,799,795,826,854,810,820,830,880,862,899,896,890,872,954,895,935,916,943,955,970,955,972,999,1015,1030,988,1005,1047,1065,1035,1052,1040,1024,1044,1043,991,1014,1099,1096,1096,1066,1046,1053,1131,1068,1115,1102,1114,1103,1143,1127,1127,1093,1153,1200,1171,1188,1113,1105,1121,1123,1143,1123,1171,1133,1148,1144,1150,1112,1095,1098,1078,1068,1116,1010,1040,1019,1026,902,907,914,871,872,769,780,718,721,663,669,625,584,479,524,478,447,405,363,331,300,256,263,259,211,207,160,135,144,97,81,75,58,54,50,32,24,17,29,14,10,2,5,5,1,2,1,0,0,1,0,0,0,0,0,0,0,0,0,0,0,0,0,0,0,0,0,0,0
17.35,0,1,0,0,0,0,0,0,0,0,0,2,0,1,0,3,0,1,0,1,2,0,0,1,2,1,1,0,3,1,0,3,6,2,2,2,5,4,6,5,4,5,5,6,9,6,8,4,6,4,9,5,5,11,9,10,7,5,13,6,8,10,10,12,12,9,14,12,13,16,16,21,15,19,23,21,37,23,36,32,25,47,26,32,39,41,43,48,38,50,40,63,64,77,72,67,74,108,101,92,91,113,106,110,128,141,143,144,162,163,150,169,161,196,201,179,227,225,215,271,251,264,274,305,312,329,303,364,360,388,378,442,411,485,471,494,477,505,528,609,576,608,654,618,639,676,669,742,727,700,760,738,789,791,774,826,771,821,842,875,872,869,936,955,899,914,907,893,970,923,987,923,957,959,1016,971,1026,950,978,1056,983,1099,1062,995,1031,1005,1038,1035,1041,1081,1046,1075,1066,1033,1060,1048,1082,1092,1116,1118,1105,1182,1095,1076,1114,1173,1192,1144,1094,1145,1225,1188,1139,1199,1099,1135,1170,1144,1141,1181,1109,1117,1105,1068,1053,1075,1053,1038,984,1035,995,990,933,904,878,854,769,779,741,766,692,633,607,566,489,496,496,427,418,364,346,298,264,251,249,240,191,173,129,137,102,85,69,59,57,42,36,28,14,30,16,8,2,6,5,1,2,1,0,0,1,0,0,0,0,0,0,0,0,0,0,0,0,0,0,0,0,0,0,0
17.45,0,0,0,0,1,0,0,1,0,0,0,1,0,0,0,1,0,0,1,0,0,0,0,0,3,4,2,3,4,1,1,2,1,1,7,4,3,2,3,4,1,3,3,11,8,10,6,5,9,8,8,7,6,4,4,8,8,7,8,13,8,5,10,10,8,9,7,5,12,14,10,7,15,16,19,18,20,17,24,23,33,23,38,40,28,39,35,47,64,51,53,70,52,74,76,71,73,85,98,91,113,115,118,103,122,130,114,148,140,165,159,186,193,204,199,215,205,226,248,242,274,302,291,304,289,331,351,375,335,361,374,464,405,455,488,519,521,484,571,600,600,638,594,647,690,690,668,748,742,768,747,765,703,860,759,771,851,862,897,898,826,898,917,919,920,1046,888,874,915,940,962,939,1009,998,975,1030,997,994,984,999,1062,1071,1078,976,1049,1012,1084,1041,1104,1058,1122,1093,1050,1042,1103,1094,1044,1062,1107,1119,1107,1109,1094,1058,1181,1169,1144,1099,1220,1154,1118,1181,1117,1177,1175,1173,1159,1160,1156,1111,1138,1102,1076,1126,1078,1077,1020,1062,1028,985,1002,1007,890,946,904,858,806,729,755,699,749,644,610,593,515,475,504,406,421,358,352,296,270,258,253,217,196,168,137,128,100,94,82,60,55,50,37,28,20,27,13,12,3,3,4,1,3,2,0,0,1,0,0,0,0,0,0,0,0,0,0,0,0,0,0,0,0,0,0,0
17.55,2,0,1,2,0,1,0,0,0,0,0,0,0,0,1,0,1,0,2,0,3,2,3,0,3,0,2,3,1,1,2,2,1,1,2,4,3,3,2,2,7,4,5,8,5,4,4,9,11,10,11,8,12,11,9,8,8,8,5,10,11,5,4,7,6,8,7,5,7,11,8,27,18,16,14,27,20,17,26,27,29,33,38,36,37,48,52,49,44,58,64,62,66,70,82,83,92,92,93,96,99,98,121,111,112,134,130,144,147,145,153,166,182,206,192,208,214,235,245,239,284,256,278,311,301,344,367,356,361,412,435,420,477,453,464,490,504,553,540,590,581,599,650,689,629,690,702,715,743,715,748,785,793,827,809,829,865,874,863,887,935,876,910,901,933,932,954,888,930,984,954,966,1063,967,1022,992,1010,997,1013,1031,1032,1068,1076,1062,1093,1067,1072,1079,1075,1085,1034,1098,1027,1148,1097,1147,1052,1083,1123,1066,1057,1072,1091,1146,1149,1092,1074,1164,1164,1155,1173,1137,1186,1134,1143,1096,1178,1211,1136,1128,1052,1165,1084,1102,1089,1066,1046,1063,1036,998,988,957,962,918,889,880,830,798,731,708,736,639,620,586,534,478,489,424,419,368,362,300,295,265,237,217,196,157,133,136,103,95,78,61,54,55,32,30,22,24,12,13,4,2,4,3,2,2,0,0,1,0,0,0,0,0,0,0,0,0,0,0,0,0,0,0,0,0,0,0
17.65,0,0,1,0,1,1,0,1,0,1,2,1,0,0,0,1,0,1,0,1,0,1,1,2,3,0,3,0,4,1,3,2,1,2,3,3,0,2,5,6,5,2,7,5,3,4,4,9,6,4,8,7,9,8,6,5,3,5,8,7,7,7,11,9,14,5,8,15,11,12,23,12,12,18,10,20,30,18,29,27,28,29,26,40,32,35,48,46,46,50,61,67,67,68,75,89,66,93,79,103,89,92,121,105,120,121,138,140,142,130,159,173,203,218,198,231,198,220,232,256,255,295,302,311,360,331,334,370,394,391,422,390,431,507,485,519,516,556,560,595,604,567,636,636,687,630,752,722,710,744,712,728,770,854,848,867,808,837,859,880,871,913,845,909,923,944,861,950,991,954,953,932,1011,971,1010,1030,1003,963,1020,1009,1066,1066,993,1000,1035,1069,1039,1085,1091,1090,1000,1059,1106,1091,1082,1129,1079,1125,1125,1164,1094,1124,1079,1039,1155,1061,1164,1162,1100,1169,1161,1162,1222,1156,1164,1125,1141,1144,1152,1247,1144,1096,1117,1098,1022,1062,1072,1033,1029,1077,953,992,927,868,944,874,843,778,790,734,681,691,589,573,567,489,463,438,407,362,372,332,284,266,227,211,191,166,141,130,117,105,83,63,50,50,33,30,34,27,10,15,4,4,3,4,2,2,0,0,1,0,0,0,0,0,0,0,0,0,0,0,0,0,0,0,0,0,0,0
17.75,0,0,0,0,1,1,1,0,1,0,0,1,0,2,2,0,0,2,2,0,1,1,2,0,1,1,2,1,4,3,1,1,2,3,2,5,4,2,8,3,6,5,7,6,6,7,11,7,4,4,14,4,5,6,9,10,6,11,6,4,11,8,9,7,9,11,5,12,12,20,20,16,14,18,18,18,20,23,18,28,26,25,43,42,41,41,47,40,67,54,67,63,64,68,77,71,70,76,68,119,116,108,108,100,120,110,125,162,127,183,167,195,167,196,176,210,219,264,239,239,280,263,303,322,318,325,367,384,390,406,426,442,467,465,473,552,548,525,530,548,545,621,631,627,689,704,688,680,697,717,721,797,774,829,817,859,838,860,894,892,895,896,907,905,941,939,910,942,986,948,973,978,989,1019,957,1038,998,935,1013,988,922,991,1040,1014,1036,1014,1025,1066,1011,1098,1017,1024,1025,1015,1065,1108,1056,1091,1091,1156,1083,1139,1150,1150,1118,1094,1118,1118,1171,1147,1139,1139,1140,1116,1214,1183,1207,1212,1131,1174,1135,1165,1102,1139,1075,1036,1031,1071,987,1010,983,978,977,923,897,863,881,784,771,735,695,661,580,567,594,487,475,440,407,399,363,347,296,262,240,210,181,162,144,122,124,104,80,71,50,42,37,37,28,25,11,14,3,5,3,4,2,0,0,0,1,0,0,0,0,0,0,0,0,0,0,0,0,0,0,0,0,0,0,0
17.85,1,0,1,0,1,1,0,0,0,0,0,0,1,1,0,1,5,0,1,0,2,0,0,0,2,1,3,2,3,0,0,2,5,0,3,5,4,2,5,8,2,4,6,5,3,16,5,5,11,5,2,7,5,7,10,8,10,9,9,10,10,5,9,12,17,12,8,11,10,10,12,17,12,15,20,25,21,25,29,38,30,31,26,38,41,52,40,46,65,49,71,61,82,66,67,82,81,71,71,96,96,117,101,156,121,148,146,142,171,135,177,182,182,206,233,209,241,236,271,276,292,290,317,310,310,350,353,376,390,400,442,447,424,474,453,504,503,526,571,570,614,644,599,620,708,701,683,709,727,792,788,752,769,783,785,844,865,890,836,852,912,951,912,916,935,906,942,936,1027,948,935,950,1004,971,980,1048,996,1038,986,994,1028,995,1015,977,976,1028,1021,1056,1018,1055,949,1087,1103,1052,1045,1020,1065,1080,1116,1090,1107,1088,1134,1129,1183,1124,1124,1155,1130,1177,1198,1128,1170,1163,1149,1173,1151,1169,1195,1130,1196,1142,1092,1099,1068,1074,1056,1033,1049,976,1009,931,931,998,894,891,857,826,704,743,718,685,592,578,556,528,444,470,398,400,368,347,311,259,236,226,183,147,142,128,114,105,79,72,58,40,35,31,31,27,13,13,3,4,4,4,1,1,0,0,1,0,0,0,0,0,0,0,0,0,0,0,0,0,0,0,0,0,0,0
17.95,0,0,0,0,0,0,1,0,1,0,0,2,2,1,1,0,0,1,2,2,0,2,0,3,0,2,1,3,0,4,5,4,1,4,0,3,5,3,3,6,1,4,7,3,5,5,3,8,6,8,11,7,12,5,8,8,4,7,10,11,2,5,5,8,12,9,7,13,8,7,10,12,26,12,12,21,23,20,21,35,40,34,39,52,50,50,46,50,63,49,59,60,71,70,69,81,74,81,83,87,95,118,111,104,139,109,148,151,156,145,180,153,176,204,205,228,226,241,242,245,292,283,291,300,353,357,345,363,395,380,415,416,453,479,477,520,529,517,570,537,601,602,654,677,640,691,695,695,739,741,708,836,812,815,835,836,855,862,890,866,945,899,920,927,927,950,917,957,999,967,951,1021,992,1036,1019,947,1007,997,953,1048,1028,1041,993,1034,1005,1050,1014,1019,1082,1060,1047,1062,1051,1042,1090,1049,1078,1153,1139,1038,1020,1075,1157,1026,1099,1140,1117,1125,1094,1178,1193,1157,1185,1207,1171,1151,1186,1115,1168,1170,1102,1184,1107,1100,1120,1106,1059,1058,974,987,964,1003,930,985,924,843,879,849,702,698,701,691,615,629,552,520,452,472,385,388,385,356,313,267,249,221,182,143,138,134,108,120,84,72,61,39,34,24,28,25,15,12,2,6,2,6,1,1,0,0,1,0,0,0,0,0,0,0,0,0,0,0,0,0,0,0,0,0,0,0
18.05,0,1,0,0,0,0,0,0,0,0,0,1,0,0,0,2,0,2,0,1,1,3,1,0,1,2,1,1,2,2,3,3,2,5,1,3,1,4,5,5,2,6,6,2,5,3,10,7,6,3,7,8,6,5,7,5,4,6,7,5,9,9,8,11,15,10,12,9,14,14,21,11,11,22,22,20,26,22,22,26,34,31,22,46,53,32,43,47,66,57,79,65,70,69,70,68,71,99,97,101,97,113,113,110,133,127,141,143,154,137,197,166,196,193,203,222,208,222,280,265,275,335,311,268,319,332,389,366,420,379,414,383,477,463,485,541,532,548,592,617,583,615,685,663,661,646,725,720,705,762,779,795,776,822,818,798,874,815,827,854,893,928,928,943,930,919,957,977,990,976,961,1005,979,934,1020,1041,1027,1038,993,1016,1047,1125,1029,1102,1085,1057,1031,1035,1046,1048,1035,1122,1105,1059,1077,1052,1056,1086,1133,1067,1081,1149,1126,1129,1075,1144,1097,1109,1113,1156,1127,1150,1160,1179,1152,1152,1173,1199,1130,1147,1142,1149,1141,1137,1104,1097,1083,1074,1037,975,974,961,988,944,949,819,878,825,751,727,674,704,631,581,551,547,501,489,377,401,343,367,323,275,262,224,168,162,139,129,105,121,82,66,71,40,38,28,24,23,14,14,2,6,3,4,2,2,0,0,1,0,0,0,0,0,0,0,0,0,0,0,0,0,0,0,0,0,0,0
18.15,0,0,0,1,0,0,1,1,0,1,0,0,0,3,3,1,2,0,1,1,1,1,1,1,2,1,1,0,1,3,3,1,1,2,5,2,2,4,2,5,6,4,3,7,8,3,7,7,8,5,4,5,8,5,10,6,7,4,6,7,6,9,8,11,12,9,9,6,11,15,11,12,19,21,14,25,15,27,24,39,36,45,31,40,34,57,43,50,57,55,53,75,66,65,55,79,98,86,79,96,114,97,112,123,117,139,109,140,136,145,158,190,199,189,211,225,206,255,272,276,269,287,294,338,300,311,384,368,347,365,407,435,478,502,499,490,497,563,578,560,609,643,646,640,643,700,748,708,686,766,734,785,803,836,826,861,840,843,869,893,911,930,924,923,966,921,896,980,941,986,935,992,936,968,980,1036,1046,1048,1041,1065,1014,1072,1026,1033,1086,1047,1090,1053,1149,1054,1085,1111,1084,1050,1060,1092,1114,1080,1062,1117,1123,1078,1088,1100,1085,1095,1130,1106,1165,1129,1084,1104,1143,1167,1164,1154,1155,1181,1204,1116,1136,1113,1143,1161,1145,1104,1122,1064,1020,1011,988,952,963,936,905,873,767,838,797,718,733,677,653,574,575,518,499,455,431,388,354,344,311,279,247,228,172,165,140,121,112,105,82,66,70,35,42,30,27,23,12,13,3,7,4,5,2,2,0,0,1,0,0,0,0,0,0,0,0,0,0,0,0,0,0,0,0,0,0,0
18.25,0,0,0,0,1,1,1,0,0,0,0,0,0,0,0,1,2,1,1,1,2,0,2,2,3,2,1,2,0,3,0,3,0,3,2,1,3,5,9,5,6,2,7,6,7,2,5,2,6,11,7,11,6,8,9,9,8,8,8,7,4,6,11,11,5,6,9,4,8,15,11,14,14,9,16,21,20,40,27,35,25,39,42,35,51,48,49,56,51,57,47,64,71,68,77,66,82,77,90,94,104,100,93,135,115,114,160,146,148,158,188,192,199,197,206,225,190,232,230,245,295,298,305,300,334,320,359,382,400,423,436,450,393,483,510,523,547,544,596,572,624,602,617,659,699,687,728,727,743,789,761,738,818,867,791,914,904,899,868,919,915,907,893,968,976,994,952,936,998,979,1010,1037,1042,1006,973,942,1015,1058,1025,982,1030,1042,960,988,1038,1043,1092,1074,1005,1045,1032,1075,1092,1026,1046,1039,1122,1146,1021,1144,1154,1077,1078,1136,1026,1126,1123,1100,1144,1095,1136,1094,1140,1120,1175,1146,1170,1234,1130,1208,1119,1122,1108,1148,1149,1108,1089,1084,1036,1009,971,1001,918,977,906,911,806,786,810,729,710,656,682,568,579,551,484,464,413,412,349,336,328,283,250,232,178,157,142,123,111,108,80,68,72,38,36,32,21,23,16,13,5,8,4,5,1,1,0,0,1,0,0,0,0,0,0,0,0,0,0,0,0,0,0,0,0,0,0,0
18.35,0,0,0,0,0,0,0,1,0,0,0,0,0,0,1,0,0,0,2,0,2,1,0,3,0,2,1,1,3,1,6,0,3,4,2,2,4,4,0,1,4,3,7,2,4,5,6,8,6,5,8,7,8,12,7,6,9,7,9,7,6,8,7,7,9,6,8,6,11,15,16,13,17,16,21,13,23,19,22,46,31,29,44,47,61,61,54,69,57,58,52,72,66,75,71,87,72,100,100,97,95,98,123,108,119,116,159,134,159,159,188,191,169,222,215,252,218,243,241,265,313,290,302,320,344,349,387,337,397,406,390,432,497,472,504,510,533,585,529,584,637,666,633,686,657,709,697,776,769,770,754,826,744,839,820,841,841,903,913,893,930,919,960,942,928,966,980,988,1005,980,938,945,1024,1015,985,981,1071,1057,999,1050,1059,1084,979,1055,1064,1053,1062,1024,1036,1044,1030,1059,1072,1051,1036,1102,1104,1030,1056,1062,1112,1105,1100,1120,1090,1094,1110,1151,1101,1144,1081,1125,1138,1126,1182,1188,1105,1187,1165,1172,1164,1111,1109,1122,1120,1160,1085,1044,1049,1020,979,967,953,977,909,916,852,780,787,731,683,691,678,612,551,531,480,493,406,401,358,334,320,301,232,249,181,163,149,122,109,105,87,67,71,37,36,33,26,24,19,11,6,7,3,5,1,1,0,0,1,0,0,0,0,0,0,0,0,0,0,0,0,0,0,0,0,0,0,0
18.45,0,0,0,0,1,0,0,1,1,0,1,1,0,1,1,2,1,1,1,1,0,1,0,1,2,2,2,0,1,1,0,2,2,0,3,3,4,2,5,4,7,5,6,5,2,6,7,9,7,6,5,9,10,7,1,11,8,6,7,15,7,9,6,5,16,17,12,12,12,13,17,8,18,14,23,25,25,28,28,33,40,33,41,44,46,62,47,51,52,55,73,86,66,87,80,76,71,81,101,104,112,99,117,126,131,163,150,156,153,195,176,195,185,216,222,227,237,257,253,239,274,313,277,351,322,360,345,394,403,400,461,458,463,476,513,574,525,578,539,600,599,615,623,680,712,692,764,781,725,749,815,780,795,810,836,873,819,916,864,924,948,974,904,877,921,946,953,945,991,978,974,1012,997,1036,1006,1068,989,998,1020,1089,1076,1030,1073,972,1002,1042,1089,1032,1011,1092,1065,998,1076,1113,1076,1043,1126,1150,1066,1078,1116,1058,1025,1037,1137,1104,1106,1126,1165,1134,1158,1128,1158,1146,1119,1141,1214,1152,1185,1174,1181,1164,1136,1090,1059,1106,1087,1072,1023,1059,1003,971,976,939,948,944,864,807,767,741,690,687,690,624,589,493,501,473,424,394,346,328,311,316,248,234,203,155,156,118,113,104,87,70,67,39,33,34,25,20,23,11,5,6,3,6,1,0,0,0,1,0,0,0,0,0,0,0,0,0,0,0,0,0,0,0,0,0,0,0
18.55,0,0,0,0,0,0,0,0,0,1,0,2,0,1,1,0,0,1,0,4,2,0,4,2,0,0,0,1,3,3,1,1,3,2,3,2,3,6,6,7,5,3,6,10,7,8,6,9,7,9,6,3,9,8,7,6,10,6,3,7,12,10,10,7,8,8,15,10,9,8,8,8,20,13,22,20,24,28,35,33,26,28,31,36,44,40,54,63,50,44,56,67,72,80,62,73,78,69,80,92,109,107,119,123,117,141,159,138,151,181,169,175,180,193,181,225,241,234,292,257,281,321,295,319,322,325,383,366,390,411,440,454,487,476,501,533,567,581,582,630,581,632,668,703,680,766,728,766,854,763,853,781,817,791,811,826,834,845,880,838,910,931,945,911,975,926,945,1029,977,996,1033,1041,1005,1052,1009,949,1006,1053,988,1038,1027,1045,1032,1035,1058,1054,1041,1012,1078,1067,986,1064,1077,1115,1027,1070,1049,1169,1126,1099,1113,1076,1114,1121,1134,1045,1119,1133,1101,1159,1197,1159,1140,1131,1170,1138,1154,1137,1196,1135,1203,1181,1142,1170,1049,1048,1135,1085,1100,1002,1033,1005,942,897,953,903,860,849,791,718,686,696,655,593,577,534,487,466,433,389,397,336,309,291,267,237,211,163,150,123,110,105,87,65,73,47,35,31,29,19,18,13,5,6,3,3,1,1,0,0,1,0,0,0,0,0,0,0,0,0,0,0,0,0,0,0,0,0,0,0
18.65,1,1,0,0,0,0,1,0,0,0,0,0,0,0,0,1,0,0,2,1,0,1,2,5,0,3,1,3,2,2,3,3,3,4,1,2,4,1,6,4,0,7,3,3,7,6,9,13,6,11,13,10,10,10,12,7,12,7,4,7,11,10,7,11,5,6,10,16,14,11,13,25,14,18,19,16,18,21,22,33,40,30,37,36,52,39,47,47,49,47,82,67,61,89,80,80,90,99,105,97,99,101,100,109,146,122,146,141,147,141,176,195,160,201,216,228,246,238,245,264,299,296,306,330,329,346,395,427,387,421,397,440,502,481,503,530,549,563,580,612,591,619,665,693,702,762,721,743,786,747,786,848,809,788,819,893,894,841,927,919,916,929,933,1008,968,937,968,962,981,1007,982,993,933,1013,1122,1007,1011,1011,1100,1090,1059,983,1096,1118,1043,1013,998,1044,1093,1123,1096,1015,1074,1049,1037,1094,1066,1112,1084,1058,1105,1068,1196,1095,1060,1109,1099,1109,1117,1156,1134,1189,1169,1163,1091,1168,1157,1168,1111,1215,1146,1155,1151,1120,1105,1051,1056,1115,1104,1080,1003,1013,965,912,927,897,882,835,839,740,693,659,649,592,569,530,480,440,441,388,383,351,309,288,272,249,208,160,159,122,106,100,72,77,75,51,35,28,28,24,21,12,4,6,2,1,0,2,0,0,1,0,0,0,0,0,0,0,0,0,0,0,0,0,0,0,0,0,0,0
18.75,0,0,0,1,0,0,1,0,0,1,1,1,2,0,1,0,1,0,3,0,2,1,2,4,1,1,2,1,3,5,3,3,3,4,7,5,3,1,6,5,8,4,5,4,3,9,4,9,2,9,12,13,3,9,4,2,12,9,8,11,15,5,11,7,7,8,13,12,13,11,7,13,17,16,20,29,24,27,27,31,31,41,31,55,46,46,53,52,58,68,80,77,74,78,88,78,90,76,97,104,118,113,109,129,133,130,134,159,173,176,176,190,191,217,226,220,231,264,249,276,255,292,298,339,325,324,393,359,383,410,444,458,443,508,526,537,530,579,574,570,602,623,619,692,725,675,736,743,777,764,768,811,796,865,882,897,894,848,877,930,923,929,924,985,997,945,931,922,991,1009,1009,1053,1047,1033,1053,1033,1029,1016,1034,1023,1034,997,1119,1054,1051,1045,991,1030,1036,1016,1117,1080,1091,1084,1097,1115,1074,1093,1054,1139,1114,1046,1116,1087,1078,1174,1092,1164,1119,1165,1121,1117,1200,1205,1151,1160,1140,1116,1132,1102,1156,1171,1134,1120,1102,1044,1109,1026,1105,1096,1067,1017,952,894,895,922,842,860,802,782,671,658,639,614,569,555,483,455,417,380,380,353,305,287,280,252,211,174,159,110,111,103,80,86,69,60,38,23,27,26,21,8,7,7,2,1,0,1,0,0,0,0,0,0,0,0,0,0,0,0,0,0,0,0,0,0,0,0,0,0
18.85,1,0,1,0,0,0,1,1,1,0,1,1,0,0,0,1,2,0,0,3,4,3,0,1,3,1,2,1,2,0,3,1,3,2,2,4,8,2,2,5,5,7,5,5,8,4,1,10,6,6,11,7,8,8,6,7,7,6,11,6,9,9,8,9,6,10,11,14,10,11,14,15,22,19,20,27,34,21,33,38,28,31,46,36,40,48,44,53,44,52,61,69,80,52,85,81,94,93,91,101,106,112,123,123,108,140,146,158,158,180,184,200,188,241,225,237,262,238,261,250,284,324,316,317,319,374,393,406,379,396,401,450,456,523,489,543,543,597,598,628,649,659,714,699,716,700,782,770,792,799,776,773,759,852,888,868,911,865,962,856,954,935,963,981,985,1054,924,947,1025,1048,1030,1009,973,1098,1045,1027,1046,1030,1070,1076,1084,1000,1053,1055,1068,1022,1043,979,1036,1050,1064,1060,1071,1075,1061,1063,1070,1109,1091,1092,1111,1085,1082,1127,1071,1161,1064,1165,1139,1092,1146,1133,1113,1188,1237,1145,1128,1114,1202,1089,1091,1101,1148,1151,1122,1106,1098,1057,1033,1081,1107,986,969,905,877,901,889,855,830,767,745,662,650,588,564,547,488,460,428,368,375,358,302,292,264,236,240,165,160,114,107,112,78,75,69,57,38,26,28,26,19,7,7,10,3,2,0,1,0,0,0,0,0,0,0,0,0,0,0,0,0,0,0,0,0,0,0,0,0,0
18.95,0,0,0,0,0,0,0,0,3,0,0,0,0,2,0,2,0,1,1,0,1,0,0,2,1,3,2,3,2,0,1,0,1,2,1,5,1,5,3,4,7,6,3,5,9,6,5,9,3,6,8,5,6,13,8,10,10,7,10,4,12,11,11,7,6,12,4,10,13,13,17,7,25,14,20,13,14,27,28,32,35,26,36,34,44,56,39,42,63,50,63,60,84,81,87,95,75,105,102,77,99,113,122,130,107,146,137,140,170,169,178,186,196,197,226,193,218,233,258,248,271,289,302,329,346,322,365,349,393,428,451,451,496,472,511,560,529,546,610,608,600,651,690,703,687,721,758,762,751,830,857,773,848,869,820,891,863,899,883,930,904,917,927,920,972,931,952,945,963,995,1022,1022,1052,1045,1035,1051,962,999,985,1042,1001,1067,972,1051,1063,1032,1065,1068,1072,1029,1135,1014,1032,1034,1068,1065,1123,1060,1102,1084,1035,1121,1034,1098,1075,1116,1163,1112,1146,1096,1161,1111,1199,1118,1080,1171,1190,1134,1155,1164,1140,1108,1052,1112,1160,1103,1109,1105,1028,1073,1056,1003,948,955,882,870,881,864,800,796,756,647,645,586,584,539,497,458,450,385,371,343,315,295,247,253,236,167,153,129,102,98,89,71,68,56,39,28,27,27,22,5,7,7,9,1,0,0,0,0,0,0,0,0,0,0,0,0,0,0,0,0,0,0,0,0,0,0,0,0
19.05,2,0,0,0,0,0,1,1,1,1,1,0,1,0,1,0,1,0,2,2,1,3,3,4,1,4,0,5,2,5,2,3,3,5,2,5,6,1,7,5,5,8,5,7,2,5,5,7,8,9,16,10,8,10,7,4,6,10,10,9,8,7,12,13,7,5,10,19,11,15,18,13,21,22,16,27,35,25,32,37,41,51,47,54,42,37,54,58,53,44,61,59,67,87,76,89,89,100,103,94,85,108,121,118,113,121,142,166,183,175,168,181,195,221,231,212,227,280,274,295,295,304,332,294,332,364,357,365,399,438,451,460,467,511,527,561,580,562,594,600,638,623,672,670,661,731,778,766,800,833,786,822,830,860,872,923,865,941,879,885,886,949,961,927,941,936,1027,927,978,977,1070,995,997,1019,1012,1062,1099,1029,1036,1047,1008,1047,1003,1018,1013,1055,1049,1047,1057,1080,1054,1042,1025,1023,1026,1024,1070,1029,1075,1036,1108,1082,1077,1144,1104,1142,1119,1112,1153,1174,1136,1171,1079,1164,1169,1115,1136,1172,1142,1092,1117,1134,1153,1087,1096,1135,1127,1105,1073,1037,1056,982,960,941,884,888,865,877,815,755,764,656,665,582,572,532,515,456,439,380,349,375,329,276,245,264,223,185,174,132,105,90,94,67,62,59,38,30,22,32,19,6,9,6,8,2,1,0,0,0,0,0,0,0,0,0,0,0,0,0,0,0,0,0,0,0,0,0,0,0
19.15,0,0,0,0,0,0,1,1,0,0,0,0,1,0,0,1,3,1,0,1,0,1,0,2,0,1,4,3,2,1,1,1,3,4,5,6,6,9,2,3,3,4,10,3,5,8,6,7,9,5,6,6,6,6,8,8,10,10,4,9,9,7,9,12,8,11,9,9,9,10,11,25,26,25,13,28,31,22,40,28,48,33,38,48,43,48,55,42,63,46,86,49,87,77,69,75,74,99,90,99,91,124,122,134,126,138,135,127,180,190,189,170,221,207,228,202,238,271,247,250,298,301,296,362,308,352,358,439,366,428,420,447,450,484,527,517,557,549,609,591,658,663,665,729,732,760,695,747,845,814,831,817,810,821,848,899,882,847,905,912,954,1015,933,949,1058,978,995,1028,989,961,1035,1051,1001,1020,993,1042,1019,1066,1007,987,1086,991,1031,981,1027,988,1048,1033,993,1040,1013,1040,1078,1062,1067,1021,1084,1098,1045,1058,1055,1046,1102,1094,1068,1159,1165,1192,1040,1149,1192,1189,1142,1132,1124,1180,1113,1158,1195,1162,1105,1082,1080,1120,1089,1089,1113,1109,1072,1053,1009,984,988,933,898,864,865,857,816,800,738,693,647,630,549,537,516,441,442,396,380,360,328,283,240,263,232,189,172,132,113,82,87,73,61,62,35,31,24,28,21,7,9,8,7,3,1,0,0,0,0,0,0,0,0,0,0,0,0,0,0,0,0,0,0,0,0,0,0,0
19.25,1,0,0,1,0,1,0,0,0,0,0,1,1,0,0,2,0,2,0,1,1,0,0,2,1,4,3,1,3,3,2,3,4,3,3,2,5,3,3,3,5,3,5,7,10,5,5,7,9,7,10,4,5,13,8,6,6,11,6,8,4,9,8,12,7,8,7,15,8,19,9,17,16,18,19,18,18,33,25,23,29,33,46,39,32,38,43,49,54,55,63,78,68,87,74,76,89,74,87,108,106,109,131,127,141,149,155,146,171,177,168,187,190,200,187,190,256,281,273,264,271,297,330,336,341,360,386,364,400,430,429,428,488,507,508,509,555,575,563,645,603,652,686,706,730,745,707,682,730,820,756,805,833,808,937,895,878,890,960,966,904,934,925,941,968,968,950,963,1052,1035,951,1053,978,1058,991,1009,982,1048,1041,1079,1028,1076,981,1126,1043,1089,1040,1047,1035,1017,1022,1089,1079,1038,1053,1012,1054,1106,1042,1024,1090,1060,1085,1082,1072,1094,1069,1124,1147,1139,1148,1096,1172,1141,1186,1150,1146,1111,1133,1193,1173,1098,1086,1084,1088,1085,1095,1080,1018,1118,1011,985,934,936,911,862,858,846,822,775,736,704,659,626,556,526,526,452,423,404,372,359,351,275,234,239,223,199,162,153,122,92,88,73,63,63,35,27,25,19,23,8,9,7,7,5,1,0,0,0,0,0,0,0,0,0,0,0,0,0,0,0,0,0,0,0,0,0,0,0
19.35,0,1,0,0,0,0,0,0,3,2,2,1,0,0,1,0,3,0,1,3,2,1,0,0,1,1,2,0,1,1,2,2,5,3,6,5,4,3,5,3,4,4,8,7,1,9,8,15,6,9,11,2,8,11,10,6,7,7,12,11,11,9,9,8,14,6,10,8,15,12,11,19,18,23,18,22,25,26,30,25,38,45,29,28,51,47,50,62,54,60,64,71,73,87,72,89,92,99,98,100,112,94,134,109,132,132,166,156,164,172,199,171,224,205,217,207,229,247,253,270,306,314,281,334,364,320,371,369,416,414,486,451,526,492,539,545,536,548,632,678,673,682,682,714,734,707,722,815,835,804,768,836,784,834,852,877,925,940,918,911,921,996,969,1010,1041,999,969,1076,957,986,1017,1003,1031,1073,1062,1024,1006,1070,1058,985,1026,1030,1044,1088,1039,971,1071,1064,1079,1050,1073,1076,1045,1034,1018,1065,1042,1104,1026,1005,1031,1067,1039,1051,1073,1128,1117,1084,1086,1073,1182,1155,1129,1149,1118,1198,1128,1160,1102,1152,1176,1136,1161,1059,1095,1102,1058,1078,1000,1087,1038,978,974,900,916,897,866,813,847,775,737,698,668,612,547,514,521,484,423,408,362,359,337,282,241,234,222,192,170,153,126,85,82,73,61,59,36,27,27,16,19,8,10,8,7,4,1,0,0,0,0,0,0,0,0,0,0,0,0,0,0,0,0,0,0,0,0,0,0,0
19.45,0,0,0,0,0,0,1,1,0,1,1,0,2,0,0,2,0,0,0,1,0,0,3,3,4,1,1,2,4,3,2,1,2,2,3,4,6,4,6,3,9,5,10,6,5,5,6,5,6,3,6,5,9,7,7,7,6,8,13,11,9,12,15,12,8,7,12,12,11,11,13,14,19,23,22,16,24,33,25,28,49,30,47,42,46,54,49,51,62,53,57,77,79,95,85,78,96,83,105,103,106,90,115,116,132,145,145,155,159,164,200,175,197,223,236,227,246,269,232,261,314,360,309,310,338,372,364,433,418,408,435,444,445,493,488,526,587,602,614,619,630,701,679,715,693,731,777,804,778,826,817,850,828,925,860,878,946,904,912,936,938,932,964,959,955,1018,969,989,1046,1048,961,1013,1030,1039,1027,1043,1065,1023,1072,1055,1061,1022,1045,1029,1043,1044,1043,1059,1046,1038,1004,1031,1069,1025,1116,1059,1061,1084,1065,1047,1049,1088,995,1137,1101,1055,1020,1110,1098,1075,1183,1140,1110,1121,1169,1124,1212,1123,1195,1124,1111,1159,1127,1108,1089,1091,1073,1065,1064,1045,1027,996,980,936,861,879,838,815,815,771,739,704,661,607,540,531,511,467,449,391,373,341,339,280,249,223,222,213,161,148,134,97,84,69,59,59,38,26,29,15,17,9,8,7,6,4,1,1,0,0,0,0,0,0,0,0,0,0,0,0,0,0,0,0,0,0,0,0,0,0
19.55,1,0,2,1,1,1,0,1,1,0,1,0,1,1,2,2,0,2,0,3,2,2,0,1,2,2,1,1,2,2,2,4,3,5,6,6,4,5,4,1,3,4,4,9,7,8,9,9,6,3,9,7,9,8,6,8,11,11,5,9,12,9,6,9,5,15,9,16,6,10,13,17,14,14,24,30,26,30,33,27,33,38,42,36,44,49,56,64,62,75,84,77,70,89,86,85,89,97,113,88,104,128,110,124,139,154,161,147,190,177,192,202,207,183,188,238,228,261,268,272,259,311,337,359,377,392,364,388,439,476,460,470,478,508,518,588,536,582,601,613,682,718,679,710,768,807,760,768,799,877,813,863,838,855,922,888,905,895,931,930,959,951,956,952,1018,974,1037,1034,1012,1065,993,1052,1086,1004,1102,1007,1026,1021,1064,996,1050,1045,1037,1052,1072,1044,1050,1076,1044,1108,986,1006,1071,1023,1047,1010,1040,1045,1060,1078,1053,1065,1052,1049,1052,1116,1048,1105,1114,1148,1134,1095,1148,1086,1097,1165,1178,1175,1155,1165,1136,1094,1128,1116,1108,1029,1058,1027,1048,1051,1020,986,1027,912,868,833,899,772,830,767,731,712,667,633,551,501,522,476,445,403,380,339,322,261,259,224,222,217,157,153,123,102,89,73,52,51,35,33,26,14,14,10,8,7,7,2,2,1,0,0,0,0,0,0,0,0,0,0,0,0,0,0,0,0,0,0,0,0,0,0
19.65,0,1,0,1,1,0,1,0,0,0,0,0,0,1,1,0,0,1,0,1,2,1,0,2,3,0,2,4,3,2,1,3,1,1,4,2,3,2,5,6,6,2,3,6,4,6,3,9,5,4,7,10,3,3,6,12,7,5,7,10,7,9,7,8,13,12,10,8,6,12,11,15,18,23,30,19,21,17,26,36,32,26,41,34,41,33,54,38,51,59,59,67,70,80,86,93,88,73,102,102,108,116,123,113,127,146,141,150,159,181,174,200,195,203,206,239,240,226,247,281,304,325,304,344,339,370,393,391,406,444,476,475,501,524,532,529,559,562,601,661,616,705,685,687,693,716,736,785,803,821,813,845,894,873,924,929,890,891,922,954,961,935,998,985,995,981,963,977,967,984,1019,1032,943,975,1054,1004,1038,1007,985,989,1007,1058,1045,1027,1032,1007,1070,988,1043,1066,1053,991,1095,1052,1015,1071,1038,1065,1042,1012,1083,1044,1064,1097,993,1066,1115,1108,1082,1088,1144,1158,1101,1207,1148,1109,1119,1113,1188,1144,1145,1138,1092,1110,1111,1123,1030,1012,1018,1013,1012,1006,963,932,913,832,837,808,793,782,679,709,658,627,565,503,507,484,457,414,364,340,317,279,255,228,224,214,172,136,137,111,83,73,51,50,40,29,25,13,18,8,7,8,7,2,3,0,0,0,0,0,0,0,0,0,0,0,0,0,0,0,0,0,0,0,0,0,0,0
19.75,0,1,1,1,2,0,0,1,0,0,0,2,0,0,0,1,1,1,1,0,1,1,3,1,3,2,1,1,3,1,4,0,3,1,1,4,3,3,4,7,7,4,7,6,7,7,4,8,6,7,11,6,6,7,10,7,9,7,11,7,10,10,11,11,11,9,9,6,9,15,15,12,19,13,24,27,22,27,32,26,38,36,40,42,49,60,45,65,68,47,62,63,75,82,80,90,91,110,102,113,104,121,136,125,121,152,162,142,172,185,186,189,200,235,219,219,240,271,250,283,286,298,317,337,307,384,407,394,419,433,493,461,517,497,488,526,562,582,622,629,667,665,655,723,716,768,771,760,810,769,827,840,824,889,814,873,899,875,882,916,971,919,933,966,943,997,1008,1045,971,990,1066,1001,1043,1030,997,1034,1018,1106,1016,1039,1045,955,998,1047,990,1004,995,1035,1085,1051,1074,976,1019,1092,1039,1082,1050,1050,1114,1046,1061,1037,1014,1093,1109,1121,1075,1006,1121,1106,1025,1147,1179,1144,1130,1203,1133,1123,1126,1165,1104,1132,1131,1096,1095,1083,1073,1091,978,1063,986,995,964,929,966,834,801,822,773,771,695,710,658,611,571,527,512,494,432,436,371,343,330,284,267,220,201,196,187,132,138,114,85,81,53,49,37,31,26,15,14,10,8,7,5,6,3,0,0,0,0,0,0,0,0,0,0,0,0,0,0,0,0,0,0,0,0,0,0,0
19.85,0,0,0,0,0,0,1,0,1,1,2,1,1,1,1,0,1,0,1,0,0,0,2,2,4,6,2,2,1,1,2,2,7,4,0,6,3,1,9,4,3,5,7,4,3,2,3,8,7,6,11,9,7,7,11,5,4,7,13,8,12,5,4,9,10,7,8,15,10,15,13,16,13,24,19,24,24,27,28,35,40,44,45,42,42,61,56,45,57,66,71,68,66,75,83,95,75,86,99,91,106,108,128,146,126,159,130,171,154,174,189,197,191,230,204,251,275,264,245,290,298,306,325,355,340,371,395,405,439,458,416,472,566,531,531,569,613,544,593,598,684,644,697,718,759,764,780,763,767,803,830,816,785,829,824,853,908,900,906,970,986,974,928,960,960,1064,1008,1038,1006,1018,1041,1052,994,1001,1022,1040,1065,1051,997,1035,1111,1034,1010,999,1034,1057,967,993,976,1010,987,1064,984,1045,1054,1059,1094,1074,1035,1027,1085,1069,1063,1042,1067,1054,1085,1095,1099,1067,1073,1116,1051,1163,1164,1177,1183,1107,1090,1178,1138,1123,1084,1127,1070,1128,1065,1083,1015,988,1043,949,1029,964,915,850,800,825,761,764,723,695,668,639,576,519,527,488,445,447,358,356,338,288,267,211,200,178,184,135,134,120,94,76,59,53,40,36,25,15,17,11,9,5,4,7,2,0,0,0,0,0,0,0,0,0,0,0,0,0,0,0,0,0,0,0,0,0,0,0
19.95,0,1,0,0,0,0,0,0,0,0,2,1,1,1,0,0,1,3,2,1,0,0,1,3,3,2,2,0,3,1,3,3,2,3,3,4,3,4,5,3,5,4,9,6,6,0,5,6,7,8,6,6,9,11,6,9,8,10,6,8,10,8,14,7,7,7,10,12,11,12,18,13,18,26,19,25,18,36,22,38,27,34,48,33,50,59,39,48,60,67,80,72,74,74,88,92,93,78,96,115,114,113,119,112,130,130,158,172,157,171,198,162,198,217,240,221,246,259,274,272,315,280,328,316,319,361,358,462,416,409,455,445,434,519,541,597,577,622,622,624,636,679,710,676,725,749,803,792,846,766,800,812,847,841,870,897,896,985,912,957,969,986,1051,992,1064,1044,1011,1025,1035,1057,985,1044,1053,1025,1043,1009,1026,1032,1006,1070,1018,1079,1071,1005,1083,1069,1088,1069,1045,1061,1046,1035,1022,987,1021,1047,1007,1028,1064,1020,1062,1091,1038,1024,1035,1082,1062,1074,1094,1133,1162,1042,1102,1127,1137,1144,1158,1147,1105,1126,1159,1177,1103,1089,1092,1110,1065,1064,1062,943,1009,1005,967,938,963,849,811,821,808,752,746,675,681,619,588,551,496,490,437,438,370,342,346,292,263,214,205,174,187,134,130,127,92,76,65,52,33,35,27,11,17,16,9,5,4,5,3,0,0,0,0,0,0,0,0,0,0,0,0,0,0,0,0,0,0,0,0,0,0,0
20.05,1,0,1,1,0,1,0,1,1,0,0,2,2,0,2,1,0,1,2,1,4,1,1,1,0,2,1,0,1,2,3,4,2,2,6,2,4,2,1,7,6,6,4,10,6,8,4,7,6,7,9,14,5,9,7,8,5,6,8,10,5,8,17,9,9,16,8,11,11,7,17,17,12,12,21,25,33,25,30,31,32,46,43,43,55,48,65,58,63,74,56,68,88,76,94,76,89,108,111,114,104,115,128,105,151,137,143,163,155,168,193,173,220,194,208,256,256,250,307,296,290,331,329,356,364,374,380,408,407,431,459,485,482,514,551,528,577,536,585,645,617,665,717,672,769,833,751,811,829,821,839,794,858,874,858,931,890,894,917,965,961,956,928,1012,1026,1010,981,1046,972,1013,1063,993,1053,1065,1010,1006,1064,993,1032,1021,1061,1092,1104,977,986,1051,1054,1089,993,1028,1084,1069,994,1045,1061,1030,1022,1029,961,984,1049,1048,1078,1085,1106,979,1031,1089,1103,1054,1124,1112,1135,1089,1087,1135,1087,1169,1140,1122,1122,1155,1133,1160,1038,1038,1111,1056,982,1048,992,976,1025,936,931,884,833,771,773,821,737,632,723,636,585,580,454,493,470,414,386,319,338,305,255,223,199,181,165,151,132,123,97,79,62,47,34,37,26,18,17,17,9,6,5,6,3,0,0,0,0,0,0,0,0,0,0,0,0,0,0,0,0,0,0,0,0,0,0,0
20.15,0,1,0,0,0,1,0,0,1,1,0,1,0,0,0,1,0,1,0,0,1,1,0,1,1,1,2,1,0,2,1,0,4,2,3,4,5,5,4,4,8,5,8,8,7,7,3,5,9,5,12,9,11,10,10,10,9,5,6,12,9,13,11,11,10,11,5,6,12,10,14,25,21,16,26,28,23,22,32,42,30,44,46,46,53,54,56,72,60,75,74,74,57,75,78,89,104,104,126,96,117,116,129,148,137,151,148,154,182,201,187,192,194,215,200,256,231,247,281,273,303,331,305,361,339,400,409,359,443,454,433,500,504,534,485,525,515,557,636,624,638,643,667,716,721,782,820,770,798,909,880,823,863,857,949,896,894,933,947,926,948,999,967,942,954,1000,957,975,1067,1060,1019,1056,1022,1015,1037,1035,1029,1096,1026,1042,1036,1027,1019,1002,1081,1004,1014,1025,992,1085,1050,971,1039,1015,1078,1038,1023,1086,977,1090,1029,1016,1001,970,1114,1073,1025,1056,1115,1075,1072,1105,1124,1131,1115,1069,1094,1103,1169,1153,1132,1153,1143,1146,1060,1099,1060,1055,1031,981,994,994,983,937,917,907,848,787,792,742,767,659,671,642,581,589,482,465,493,390,378,323,319,309,272,226,190,187,167,139,144,113,99,80,61,47,35,44,23,20,23,16,10,5,5,6,3,0,0,0,0,0,0,0,0,0,0,0,0,0,0,0,0,0,0,0,0,0,0,0
20.25,0,0,0,0,1,1,0,3,0,1,0,1,1,1,2,1,1,1,0,1,2,0,0,2,0,0,1,0,2,3,2,1,1,6,2,7,2,3,2,2,6,7,3,4,7,8,3,7,6,8,11,5,6,10,9,11,8,8,10,8,2,10,9,8,7,9,11,15,10,18,18,16,20,15,23,25,27,35,38,32,43,47,45,38,60,53,47,52,63,66,68,91,88,86,79,83,94,94,105,114,113,106,130,108,141,121,161,148,165,166,199,177,195,218,198,231,231,266,290,295,317,294,349,338,367,381,381,404,435,471,467,474,516,532,543,550,558,613,577,661,663,687,692,712,744,743,766,818,807,792,809,845,782,874,896,931,929,906,968,974,933,1019,997,1021,1000,1007,1021,996,987,1038,1065,1019,996,1009,1003,1051,1029,985,1009,1018,1025,1060,1081,1043,1020,1036,1018,1009,1071,1033,1061,1012,1061,1040,1044,1044,1011,1040,1039,1080,1090,1009,1037,1080,1044,1035,1028,1065,1021,1111,1054,1106,1080,1094,1173,1087,1083,1140,1102,1190,1167,1089,1158,1103,1072,1048,1077,1044,1056,995,951,967,1046,915,908,899,921,785,740,747,745,693,671,659,576,560,499,467,482,413,376,325,319,308,265,229,210,175,165,142,143,126,98,78,55,49,33,46,23,21,21,19,10,4,5,5,3,0,0,0,0,0,0,0,0,0,0,0,0,0,0,0,0,0,0,0,0,0,0,0
20.35,0,0,0,0,0,0,1,0,3,1,0,1,1,0,3,0,2,2,0,1,1,1,2,2,2,0,2,3,3,2,0,1,7,2,1,3,4,7,1,6,3,0,4,3,5,10,3,12,7,5,10,7,3,7,13,7,1,15,4,7,13,7,12,12,10,12,15,8,14,6,12,18,21,19,18,23,21,29,33,24,34,48,37,38,47,63,62,62,50,50,57,76,81,77,78,86,88,93,83,107,99,111,109,129,154,141,165,177,174,202,175,201,220,206,236,206,248,260,277,287,275,321,323,342,351,383,390,416,384,446,430,477,501,512,500,513,576,565,644,586,607,646,683,727,729,794,795,789,812,802,838,848,793,832,890,864,838,868,892,973,990,982,979,997,922,988,959,1012,988,968,1018,1049,1018,983,1027,1100,1008,1001,1072,1031,1059,1062,1013,1050,1090,1016,1029,1016,1053,1044,994,1081,972,1047,1052,1046,1056,1047,1032,1108,1003,1052,1018,1076,960,1054,1027,1077,1064,1044,1043,1106,1102,1057,1068,1122,1196,1118,1080,1183,1158,1137,1143,1123,1071,1017,1040,1081,1051,1002,974,992,940,970,907,867,858,825,740,739,733,678,671,654,594,562,484,471,493,411,375,333,316,307,260,236,192,196,154,144,137,125,97,83,56,54,35,40,22,24,24,18,9,5,6,5,2,0,0,0,0,0,0,0,0,0,0,0,0,0,0,0,0,0,0,0,0,0,0,0
20.45,0,0,0,0,0,0,0,0,0,0,0,0,1,0,1,0,2,1,1,1,0,0,2,3,2,1,3,3,2,0,1,3,2,2,2,3,2,2,5,5,8,4,2,6,6,5,6,11,6,5,4,9,8,5,3,10,6,7,10,11,14,7,5,7,8,8,14,10,12,12,15,21,13,28,18,23,24,31,31,39,36,43,40,52,49,47,50,53,65,57,76,69,79,85,67,71,89,84,105,100,110,117,144,136,163,136,140,155,186,205,180,220,223,193,237,236,247,242,275,270,281,320,292,339,371,359,376,406,421,396,404,505,443,540,531,546,589,608,595,635,656,650,684,710,731,796,740,820,783,879,778,854,877,833,908,914,975,914,934,984,1022,947,935,1021,965,1033,1038,1025,1047,1039,1066,1033,1049,1025,1033,1010,984,1043,1066,1075,1088,1081,1025,997,1062,1127,1055,1030,1007,955,1002,1052,1041,1034,1040,1027,1050,1066,1051,1060,1068,1021,997,1053,1017,1075,1062,1040,1081,1047,1065,1048,1040,1133,1090,1086,1071,1182,1094,1124,1143,1081,1175,1108,1132,1034,1032,1085,1047,1045,976,978,935,921,902,889,872,822,736,760,741,707,633,620,606,552,495,480,490,431,354,329,321,300,264,235,210,191,152,129,134,120,89,89,50,55,36,44,21,26,22,15,9,5,7,2,2,1,0,0,0,0,0,0,0,0,0,0,0,0,0,0,0,0,0,0,0,0,0,0
20.55,0,1,2,1,1,0,0,0,0,0,0,1,1,0,1,2,0,1,2,0,1,0,0,1,1,2,1,3,2,1,1,1,1,5,6,4,1,10,4,5,3,1,1,3,4,6,9,5,9,13,8,4,8,7,13,7,10,14,8,9,11,4,4,9,15,11,9,12,13,10,23,19,15,21,22,33,36,27,24,35,33,44,54,42,47,48,50,49,56,59,69,80,91,83,80,94,106,88,108,109,123,118,150,146,145,149,159,170,164,174,201,211,192,191,233,225,259,288,284,300,312,346,363,351,370,340,356,418,425,438,435,503,504,510,546,549,611,575,639,657,642,649,660,715,732,772,761,797,767,837,812,799,840,873,889,912,940,911,958,993,980,978,960,966,989,956,974,969,1055,1020,1046,1033,1050,959,1104,1061,1047,1039,1066,1084,1051,1076,1041,1001,1030,991,1089,1024,1088,991,993,1041,1024,1081,1009,1017,981,979,999,1046,993,1093,1068,1099,1040,1033,1038,1065,1092,1029,1050,1102,1097,1071,1099,1123,1050,1098,1106,1146,1120,1122,1069,1158,1154,1031,1048,1081,1068,1100,978,933,943,969,866,885,865,805,763,784,694,721,630,593,601,557,534,479,494,419,371,348,316,271,269,242,209,190,150,144,131,109,95,85,52,50,38,44,23,28,23,14,8,5,4,1,2,2,0,0,0,0,0,0,0,0,0,0,0,0,0,0,0,0,0,0,0,0,0,0
20.65,0,0,0,1,1,0,0,1,0,2,0,1,1,1,0,3,0,3,1,1,2,3,1,0,0,0,1,3,5,0,2,4,3,2,2,3,3,4,1,4,3,3,4,1,4,3,9,12,4,7,10,5,5,7,10,8,4,6,11,10,9,8,9,12,16,4,18,11,10,10,6,16,23,21,21,23,22,35,30,32,33,40,48,41,51,49,56,56,66,68,79,73,71,72,88,94,104,102,114,130,92,112,144,128,128,149,137,166,180,201,189,206,178,207,232,252,223,263,267,291,284,319,315,370,348,359,412,401,427,402,462,481,450,525,475,537,596,610,634,609,696,678,692,740,721,762,717,827,782,851,896,846,879,767,940,905,894,999,931,927,929,997,991,967,1026,1048,979,996,992,1025,1013,1026,1032,1025,1068,1032,1061,1089,973,997,1048,1055,1055,1039,964,1013,1070,997,1017,975,998,1063,1061,1021,1103,1022,1021,987,1019,978,955,1007,1015,1055,1051,1086,1157,1033,1000,1083,1077,1052,1049,1175,1061,1077,1124,1120,1032,1141,1082,1125,1062,1122,1131,1117,1041,1042,1033,1108,1012,948,949,943,934,860,792,844,798,706,746,687,663,587,576,537,549,472,457,436,377,368,311,279,265,230,231,198,146,156,123,114,97,74,58,48,37,43,25,29,23,14,7,6,4,2,2,1,0,0,0,0,0,0,0,0,0,0,0,0,0,0,0,0,0,0,0,0,0,0
20.75,0,0,0,0,1,1,0,1,0,0,0,0,1,0,0,1,1,0,1,2,3,0,1,0,0,0,3,0,0,1,2,2,5,2,2,3,2,6,5,9,4,6,5,6,12,8,10,7,12,9,9,8,8,3,8,7,11,10,10,11,9,9,8,3,11,12,8,8,12,16,13,23,12,17,17,22,26,30,28,33,39,31,29,30,39,40,49,63,74,49,70,84,60,60,79,88,93,116,114,110,117,97,117,118,133,157,156,164,155,193,187,197,213,221,213,254,238,237,282,289,285,354,341,307,349,413,394,415,430,444,471,482,468,498,567,595,543,613,621,659,694,660,662,761,692,783,787,788,781,821,846,902,884,913,929,904,895,882,996,910,961,997,952,1013,1031,973,1016,966,981,961,1013,1038,980,1017,1013,1065,1010,1054,1026,997,1048,1021,1097,1027,1003,1055,971,1042,1019,1009,980,1038,972,1066,976,983,985,1027,998,1027,980,1016,977,1046,1083,985,1065,1063,1124,1034,1035,1102,1082,1112,1093,1081,1088,1112,1121,1087,1147,1121,1059,1069,1094,1144,1031,1035,1024,1065,1071,968,945,927,903,895,802,830,828,713,718,673,697,576,578,527,519,468,461,447,365,378,295,291,269,243,232,188,146,151,137,110,97,73,68,44,37,41,27,26,22,13,9,4,5,2,3,1,0,0,0,0,0,0,0,0,0,0,0,0,0,0,0,0,0,0,0,0,0,0
20.85,1,1,0,0,0,0,1,0,2,0,2,0,0,1,1,0,0,0,2,1,1,1,0,3,0,2,6,2,1,6,2,5,1,1,3,4,2,3,2,3,3,3,2,11,4,5,5,2,11,4,15,8,7,6,6,11,11,8,9,15,6,5,9,12,14,8,11,16,12,14,9,21,27,20,20,33,22,18,27,34,37,37,49,52,48,54,49,64,55,64,71,60,62,79,77,97,78,110,93,122,102,106,127,142,137,146,173,154,164,162,186,188,187,241,246,261,262,286,252,301,297,348,336,368,415,376,395,433,427,419,417,523,506,537,514,599,584,593,611,682,692,673,700,727,742,813,782,763,762,852,838,839,831,885,903,931,928,946,947,958,971,966,974,932,1020,974,1045,1054,1013,988,1008,1080,1036,1017,1016,1026,1019,1033,1003,1035,1001,1061,1040,1036,1012,1038,1046,1043,1008,1007,982,968,1026,970,1014,1015,947,1022,964,995,989,1061,1013,1061,974,1018,976,1009,1114,1084,1097,1093,1082,1051,1103,1114,1082,1099,1057,1131,1080,1084,1105,1079,1103,1084,1088,1038,1014,1038,1071,963,885,935,903,872,823,796,815,730,736,685,674,607,600,499,541,444,467,446,375,356,309,288,268,257,235,179,150,138,140,102,108,73,69,43,36,40,25,26,19,12,13,4,5,2,3,1,0,0,0,0,0,0,0,0,0,0,0,0,0,0,0,0,0,0,0,0,0,0
20.95,0,1,1,0,1,0,0,0,0,1,1,0,1,0,1,1,0,0,1,2,1,2,0,2,2,1,0,3,2,4,3,3,3,3,1,4,7,3,5,1,4,7,4,6,4,9,6,10,5,5,8,9,12,11,7,7,8,6,11,8,6,10,12,7,6,8,12,7,12,17,12,20,18,21,19,28,29,26,38,43,42,32,43,37,51,43,54,66,55,58,59,78,89,71,112,79,98,97,102,99,109,112,141,157,130,152,161,155,159,183,174,213,221,235,233,201,239,283,260,286,299,341,304,363,354,374,380,364,380,430,459,506,498,526,533,554,592,593,630,661,619,642,680,742,739,719,789,762,822,846,882,914,859,847,908,906,893,938,971,956,946,999,954,1020,966,999,997,1000,1053,1010,1084,1065,978,1031,1049,1045,1049,1036,1101,1004,1088,1001,1030,963,1068,1022,954,1012,976,1055,1023,983,1027,1044,982,999,982,1015,1030,1005,956,949,951,1007,1042,1019,1029,1019,998,1072,1094,1087,1048,1058,1023,1112,1080,1119,1061,1109,1083,1127,1047,1060,1073,1101,1067,1039,992,1028,1095,946,915,953,861,865,838,778,801,753,720,693,622,638,569,548,500,477,443,431,379,362,315,306,258,230,249,179,151,153,132,110,96,74,64,41,39,44,26,28,20,12,6,5,5,2,2,1,0,0,0,0,0,0,0,0,0,0,0,0,0,0,0,0,0,0,0,0,0,0
21.05,0,0,2,2,0,0,1,0,1,2,0,0,1,1,1,1,0,1,4,0,3,0,1,0,2,3,1,0,2,3,2,2,2,2,6,4,4,3,2,6,4,5,5,7,7,10,7,1,11,7,5,12,7,6,3,6,7,8,10,9,12,10,7,15,10,15,9,10,15,8,20,23,28,26,19,23,28,35,32,33,35,46,45,44,55,56,49,53,57,72,64,74,78,96,88,80,103,101,100,124,109,102,109,127,137,140,153,162,161,156,204,174,252,236,190,239,243,288,298,301,326,291,340,355,347,358,395,426,427,468,449,471,493,553,566,548,576,632,584,621,659,610,728,697,774,804,772,770,792,891,819,844,874,878,872,867,961,932,963,892,976,978,964,977,971,1001,1037,1079,991,979,981,1064,1039,1057,993,1078,1004,1049,962,1007,1049,1027,1043,1005,1011,988,978,1041,1032,1009,995,992,990,986,989,995,1022,942,1080,1039,937,1020,1001,966,988,1011,1014,1088,1024,980,1052,1093,1143,979,1093,1000,1085,1103,1072,1048,1060,1101,1051,1052,1057,1138,1077,1041,992,1012,1042,1013,951,896,871,901,821,806,788,757,716,704,611,601,562,581,482,484,419,431,368,373,317,309,242,256,225,189,152,155,128,114,96,70,60,47,40,44,28,23,19,16,7,3,4,2,2,1,0,0,0,0,0,0,0,0,0,0,0,0,0,0,0,0,0,0,0,0,0,0
21.15,0,1,0,0,0,0,1,2,0,1,1,1,0,0,2,1,0,0,2,1,2,3,1,1,1,3,2,1,3,4,2,6,2,2,4,6,5,5,9,5,9,3,5,9,9,10,8,3,11,10,7,7,12,6,13,10,10,5,7,6,8,6,12,11,6,12,7,7,14,17,19,8,25,33,18,30,26,37,43,27,47,50,57,53,51,41,61,62,61,60,67,75,85,83,94,89,99,85,108,102,134,126,135,110,136,148,179,167,178,163,193,189,183,215,210,263,261,241,272,293,316,313,338,323,327,364,375,415,406,413,519,464,508,506,532,583,598,606,608,626,654,694,694,676,741,762,755,744,764,785,818,830,877,913,871,934,932,915,915,944,964,940,1041,944,1013,989,969,984,1012,987,1047,1027,1004,1054,996,1037,997,997,999,966,1014,1041,1086,1011,1072,1032,1016,1008,1008,981,948,1005,1008,1066,967,1028,944,1023,1003,969,976,1051,1023,1039,1008,1001,994,965,992,1051,1002,1027,1111,1143,1083,1054,1039,1057,1074,1087,1009,1069,1075,1051,1078,1065,1043,1075,1025,999,1009,1014,924,880,872,849,887,789,811,777,700,709,620,615,559,573,508,449,441,399,374,372,311,321,236,273,223,187,150,159,120,115,82,75,57,47,47,43,25,21,17,13,10,3,5,2,2,1,0,0,0,0,0,0,0,0,0,0,0,0,0,0,0,0,0,0,0,0,0,0
21.25,0,0,1,0,1,0,0,0,0,1,0,1,1,0,3,0,1,0,0,0,2,1,1,0,2,2,2,0,4,1,2,2,3,3,2,4,1,5,5,3,2,3,7,9,7,6,12,7,4,1,6,16,8,14,3,9,9,8,10,9,4,7,14,10,12,10,5,12,13,19,15,23,16,27,29,32,28,32,35,53,41,43,44,51,43,56,50,64,81,62,68,67,65,86,98,98,105,99,121,115,122,117,134,123,155,153,159,160,176,180,199,221,196,237,255,232,267,271,283,306,339,305,346,342,384,388,427,380,420,429,462,478,475,474,543,561,521,565,669,648,678,659,690,706,721,780,791,802,822,870,868,834,900,857,844,903,868,917,956,920,978,932,951,993,1037,1004,1032,1035,985,1029,1040,990,1018,1063,1049,980,1033,972,1046,1054,1029,1052,979,978,1027,1022,1034,1002,1046,1026,993,965,1000,982,1013,999,997,1006,1002,1011,1008,969,1028,938,963,1007,1016,980,1001,1053,1017,1073,1017,1070,1142,1060,1068,1044,1052,1086,1108,1007,1041,1082,1060,1061,1056,1039,1054,1003,917,1029,926,882,885,823,901,829,790,733,728,708,613,628,553,528,526,460,425,414,375,371,308,302,272,254,215,203,154,150,122,111,98,66,61,47,48,40,25,21,16,15,8,3,4,2,2,1,0,0,0,0,0,0,0,0,0,0,0,0,0,0,0,0,0,0,0,0,0,0
21.35,1,0,0,0,0,0,0,0,0,0,0,1,0,0,0,1,0,2,0,1,1,3,3,1,0,0,2,2,2,0,4,4,3,6,4,3,2,1,4,4,3,4,3,6,10,12,4,10,4,7,9,10,9,5,15,8,7,7,12,5,9,5,6,12,8,6,10,12,16,14,17,14,25,15,22,21,30,25,52,20,43,44,43,49,46,52,54,54,60,68,81,65,86,79,96,96,97,122,111,97,119,133,129,132,151,135,149,192,152,181,193,217,223,227,233,236,242,279,296,304,311,336,347,399,374,395,406,436,417,498,460,500,529,557,567,571,585,656,639,648,644,688,711,711,735,735,829,802,809,845,850,838,812,916,899,959,973,892,950,1010,974,1008,957,990,981,1026,1024,975,965,975,1009,1021,998,1037,1047,1093,984,1050,1062,1004,1040,950,1023,958,1003,1047,1005,1023,973,970,1049,989,1045,965,982,971,1006,1055,996,974,1043,1002,1041,1035,974,990,975,947,1014,963,1015,1077,1092,998,1124,1072,1057,1046,1108,1078,1042,1050,1029,1053,1080,1058,1035,1046,988,975,987,999,931,896,909,830,859,821,770,758,739,685,624,620,570,531,511,454,455,398,382,361,297,300,278,243,220,197,165,133,128,111,98,71,58,48,49,37,32,16,19,12,9,4,3,2,2,1,0,0,0,0,0,0,0,0,0,0,0,0,0,0,0,0,0,0,0,0,0,0
21.45,0,0,0,0,1,0,0,2,1,0,0,0,1,1,0,0,0,1,2,0,3,1,1,1,3,3,2,0,4,2,1,2,3,2,0,5,1,4,3,5,4,3,6,5,9,2,10,6,6,4,10,5,12,7,9,9,11,15,5,9,9,8,7,14,11,6,11,10,10,20,12,13,25,22,25,22,19,42,44,39,40,39,47,44,42,45,62,57,51,51,61,68,79,75,83,81,101,101,128,111,117,121,125,144,141,145,144,171,184,192,192,200,198,187,232,254,239,263,284,280,274,303,328,358,377,351,410,420,413,458,488,461,529,512,566,538,567,572,662,628,655,691,690,707,729,715,751,754,818,819,833,833,871,861,890,957,888,923,940,956,956,949,1023,975,1029,1013,919,958,983,1028,1013,1020,1001,1050,1029,1037,999,1017,1023,1042,947,1055,1023,991,1039,1039,987,998,978,975,1014,970,1020,976,987,1057,951,1017,979,991,979,957,1007,983,984,1013,997,997,989,974,942,1047,1011,1058,1011,1112,1090,1052,1026,1068,1058,1051,1084,1034,1004,1059,1084,1011,1026,952,1006,941,963,926,899,846,809,840,750,772,704,680,669,590,585,524,497,461,426,407,369,347,311,300,287,234,232,201,156,138,126,114,102,78,60,44,42,44,30,18,15,11,10,5,5,2,1,1,0,0,0,0,0,0,0,0,0,0,0,0,0,0,0,0,0,0,0,0,0,0
21.55,0,0,0,0,0,0,1,1,2,0,0,1,1,3,0,2,1,1,2,1,0,4,1,1,1,1,4,1,1,4,3,5,3,4,3,1,8,5,5,4,5,2,2,3,8,6,8,9,10,6,8,8,10,3,11,10,8,5,5,17,4,14,11,14,8,7,11,10,7,12,11,20,14,22,33,20,30,34,29,36,34,46,49,34,43,45,42,43,57,62,65,87,94,67,90,78,104,90,107,127,94,124,107,120,134,162,143,177,183,176,165,184,220,225,222,245,249,292,267,271,297,324,332,360,379,407,416,442,442,451,463,494,514,481,520,567,563,580,629,664,657,693,685,761,750,783,770,767,789,791,779,854,884,848,914,875,879,949,932,941,940,992,964,944,1021,1001,936,1006,1036,1018,1095,1041,1054,961,1031,1027,986,985,1004,1015,996,996,1014,1032,1020,989,1027,960,993,998,1049,952,966,977,989,958,967,998,1017,1024,982,946,1012,1034,994,1021,970,1071,1001,989,948,972,1015,1026,1062,1046,1077,1079,1024,1044,1063,1105,1036,1068,1021,1071,1050,991,997,976,921,953,991,923,922,852,786,838,774,740,703,669,672,567,609,512,500,467,441,384,354,343,315,286,316,229,221,196,166,138,122,120,104,76,59,48,36,43,36,14,21,10,7,6,5,4,1,1,0,0,0,0,0,0,0,0,0,0,0,0,0,0,0,0,0,0,0,0,0,0
21.65,1,0,1,0,0,0,0,2,1,1,1,1,0,0,0,0,1,1,1,1,3,2,1,0,1,1,2,2,3,2,0,2,4,1,4,6,5,3,6,5,8,8,5,10,6,7,2,7,12,7,8,7,12,7,14,7,5,12,7,11,7,11,16,7,11,8,7,13,8,16,15,17,19,23,28,20,30,29,33,43,37,37,44,39,40,61,47,69,68,49,70,65,89,75,67,104,103,90,112,119,97,133,117,137,159,148,161,167,171,192,188,236,228,228,221,253,247,253,275,311,301,343,331,344,376,397,391,410,432,473,474,455,507,520,532,583,576,617,606,634,661,677,704,719,751,778,825,800,833,821,839,835,862,893,874,941,884,883,934,913,958,934,968,966,981,994,1005,1031,992,1084,1023,1014,1077,1029,1002,1000,1056,982,1016,1068,1037,1030,945,985,1001,1044,971,990,1023,988,979,1005,1017,995,963,957,944,983,971,956,999,988,1029,962,1010,1020,1046,1105,952,1011,945,1003,948,996,1033,1030,1107,1034,1084,1030,1074,1031,1098,1041,1043,1022,1045,1046,970,973,894,944,1005,922,899,867,805,832,751,749,702,660,654,568,585,526,484,458,439,391,356,323,312,278,309,237,239,192,178,137,122,120,95,79,58,51,34,39,36,14,20,10,7,4,4,4,1,1,0,0,0,0,0,0,0,0,0,0,0,0,0,0,0,0,0,0,0,0,0,0
21.75,0,0,1,0,0,1,0,0,1,1,1,0,0,0,1,1,2,1,0,1,1,0,2,4,1,2,0,1,1,1,2,2,5,3,2,4,3,5,5,10,8,3,4,8,2,6,9,9,4,7,9,8,13,10,9,19,13,9,6,6,13,9,14,9,3,16,8,8,12,15,18,19,18,16,21,34,26,33,42,33,40,39,46,46,46,59,56,68,68,65,63,72,88,91,83,98,82,98,100,110,113,144,127,150,156,151,134,169,154,192,189,210,220,229,224,268,241,263,297,297,285,293,337,353,357,390,386,411,430,427,507,475,523,540,531,573,571,603,593,619,645,687,709,703,768,723,762,822,834,809,858,902,877,886,952,887,927,938,917,932,974,929,994,955,977,1011,1075,1028,981,996,995,1052,999,1068,1014,973,1064,1023,1007,995,978,1001,1049,996,1005,1001,962,937,958,990,928,978,975,1008,973,943,997,899,931,969,981,967,1008,943,978,1014,996,1024,1050,998,1022,969,993,976,1005,1038,1000,1059,1108,1074,1038,1057,1035,1061,1036,1041,1059,1032,932,954,893,903,997,897,883,889,819,782,743,740,705,624,661,576,600,523,479,464,449,405,338,321,303,281,294,227,222,199,172,142,119,114,95,80,60,55,32,35,35,17,17,10,8,3,5,4,1,1,0,0,0,0,0,0,0,0,0,0,0,0,0,0,0,0,0,0,0,0,0,0
21.85,0,0,0,0,1,0,2,1,0,0,0,0,0,1,3,0,0,1,3,2,3,1,0,2,3,1,3,4,3,3,1,0,3,3,5,1,5,6,7,1,6,3,9,9,6,2,10,6,11,9,11,5,9,14,12,7,10,11,10,7,12,6,11,10,14,14,10,23,14,11,12,20,20,26,26,38,23,20,35,48,36,40,38,39,73,53,61,64,60,81,82,73,79,83,83,89,95,95,106,115,99,102,126,156,133,146,169,177,165,190,179,198,196,234,242,270,259,281,263,264,310,342,345,352,346,377,396,417,414,432,484,479,509,473,517,587,557,607,611,643,662,704,694,706,745,759,831,821,820,882,855,865,893,872,928,886,874,986,911,925,945,939,1019,1006,1003,1055,1035,1068,1009,1045,979,1072,1052,1037,1013,1021,1059,994,1009,1006,1100,1077,1023,971,1010,1040,968,964,978,932,977,1004,941,966,919,963,948,947,965,952,990,942,916,982,994,1007,998,996,984,1033,1001,1000,988,965,1017,1021,1018,1021,1036,1138,1010,1096,1035,1044,991,1019,1072,1025,994,924,935,883,994,898,847,903,778,812,744,729,672,666,643,583,595,510,506,458,423,425,348,329,303,284,266,221,207,203,166,151,126,107,95,73,66,58,36,31,35,18,12,6,12,3,2,4,2,1,0,0,0,0,0,0,0,0,0,0,0,0,0,0,0,0,0,0,0,0,0,0
21.95,0,1,0,0,0,0,1,0,0,2,1,1,0,0,3,1,0,1,0,1,0,2,0,1,5,4,3,2,3,2,4,3,4,2,1,5,2,3,4,4,1,3,11,1,7,11,10,7,5,7,6,4,10,3,8,10,5,14,6,5,12,6,13,7,16,11,10,13,12,12,19,13,15,27,24,32,23,43,28,33,32,39,49,39,42,49,63,56,53,88,84,66,83,71,85,96,85,90,112,100,106,129,123,143,140,155,154,165,195,195,178,195,212,201,232,263,259,295,270,277,301,334,302,343,345,342,370,406,423,466,463,489,496,518,591,566,589,572,665,631,602,679,722,715,759,756,832,799,811,833,843,859,861,909,902,904,941,999,925,972,976,998,1018,1044,954,1024,1054,986,1009,986,990,1012,969,1030,1020,1031,974,1047,1016,1036,1028,995,1008,973,948,986,1029,1012,955,936,925,935,947,984,998,934,947,954,1001,1001,908,945,979,959,966,983,985,935,964,1020,1043,1047,996,1035,1025,983,1047,1033,1010,1066,1107,1029,1041,1009,1013,1019,1014,1051,1009,910,916,926,891,936,832,880,779,813,754,711,705,657,605,624,567,534,504,449,425,420,342,324,299,288,274,214,205,209,168,153,129,107,95,74,65,60,33,34,34,19,11,8,10,3,2,4,2,1,0,0,0,0,0,0,0,0,0,0,0,0,0,0,0,0,0,0,0,0,0,0
22.05,0,0,2,0,0,0,1,0,0,0,1,0,2,0,0,1,1,2,2,4,1,3,2,1,2,2,4,1,1,3,1,5,1,4,4,4,2,2,3,2,6,2,4,11,6,10,7,4,6,4,7,8,7,4,6,8,7,10,9,11,15,8,10,9,7,6,17,8,10,7,17,23,23,20,28,30,36,30,42,46,32,53,46,42,42,37,55,71,52,64,62,71,74,93,87,82,92,110,101,123,114,144,145,131,148,156,170,166,163,186,188,215,215,204,223,232,278,237,257,328,306,365,334,359,388,378,388,455,379,441,452,486,493,533,541,579,624,620,598,619,692,713,675,702,760,768,780,806,814,757,822,819,824,893,880,884,899,927,979,987,946,1018,949,1005,1013,1025,994,1022,1009,986,1048,1030,1038,1020,1021,988,1021,1009,964,953,992,1035,1007,977,945,980,991,929,1028,957,1011,974,986,966,1021,959,1059,894,862,938,967,971,968,905,993,944,935,947,973,966,994,1044,1074,1020,1039,995,958,1113,1067,1041,1056,1045,1039,1022,1011,966,1047,1030,1027,902,925,917,867,947,821,842,850,769,768,691,727,631,625,622,560,573,474,461,411,431,330,316,310,288,280,216,201,214,164,152,132,109,102,73,66,57,31,32,34,20,12,8,9,3,2,4,1,1,1,0,0,0,0,0,0,0,0,0,0,0,0,0,0,0,0,0,0,0,0,0
22.15,0,1,0,0,0,0,0,0,1,0,3,1,1,0,1,0,0,0,1,2,0,1,2,0,0,1,1,2,0,1,1,2,1,6,5,2,4,4,6,5,3,6,8,10,8,3,4,9,6,8,4,6,7,8,9,5,8,8,12,11,11,5,2,10,10,10,7,12,14,21,18,22,19,21,23,28,21,19,43,40,44,52,40,54,50,64,48,59,74,74,76,75,75,69,74,90,85,87,90,139,138,126,140,122,140,147,153,163,166,173,184,228,236,227,228,255,246,260,310,308,307,311,340,318,383,380,423,417,410,440,467,484,509,514,558,579,582,598,602,710,641,722,670,706,743,778,771,807,832,863,803,850,905,874,942,886,924,965,950,945,947,965,992,1023,986,967,977,1010,966,970,1001,1051,1039,1008,1053,1028,1021,987,1041,1010,975,1044,1036,943,990,1009,963,993,973,973,975,961,987,929,941,921,938,966,980,955,924,919,951,963,962,975,928,960,996,952,993,992,1083,1101,1029,981,1021,996,1128,987,1109,1063,1030,1016,975,971,977,1023,994,989,946,890,868,918,832,812,861,756,772,648,713,643,614,626,539,553,491,478,403,426,339,321,310,279,283,219,191,209,159,164,135,107,109,75,63,54,36,31,32,18,13,5,8,4,2,3,1,1,1,0,0,0,0,0,0,0,0,0,0,0,0,0,0,0,0,0,0,0,0,0
22.25,0,0,0,0,1,0,0,0,0,1,0,2,0,1,2,0,0,2,4,0,0,2,2,2,1,1,0,1,1,4,3,1,1,5,3,4,2,1,4,1,6,8,3,3,7,4,7,8,15,6,9,6,7,10,13,10,12,8,9,7,6,7,9,7,13,10,13,11,18,11,9,17,23,19,27,23,33,39,30,36,36,41,53,42,40,42,56,75,61,66,66,74,82,92,78,84,96,97,98,103,108,126,141,105,141,153,177,152,176,186,185,223,199,222,198,252,254,268,262,290,282,331,325,351,386,389,343,424,458,405,453,478,496,488,535,587,602,592,652,599,740,723,693,724,752,729,765,830,828,849,846,826,843,908,870,902,887,994,958,911,960,982,937,952,909,1026,954,1002,1043,1015,1033,1068,1012,1030,1001,1055,1026,933,1029,1015,1008,967,1024,967,987,1005,1012,966,953,990,978,957,931,883,942,922,964,914,949,971,943,943,889,933,922,928,948,1029,962,1039,955,1037,1009,1006,1088,1050,1007,1006,1029,1079,1020,1048,1028,1018,1032,972,1014,954,1003,1018,926,892,863,949,826,804,841,760,755,687,655,663,620,630,506,570,474,475,400,425,343,324,309,260,270,235,185,206,177,158,133,108,105,66,68,52,29,33,30,20,14,4,7,4,2,3,1,1,1,0,0,0,0,0,0,0,0,0,0,0,0,0,0,0,0,0,0,0,0,0
22.35,0,0,0,0,0,0,0,2,0,0,0,1,0,2,1,0,1,1,1,1,0,2,2,1,1,2,4,3,9,0,3,2,3,3,3,1,3,1,7,3,9,6,9,7,5,4,11,10,5,8,6,3,7,10,9,7,10,15,9,11,13,15,12,10,11,17,7,9,10,14,22,18,22,25,29,32,37,30,31,37,45,50,43,41,56,46,54,62,63,73,71,75,87,87,82,85,112,119,110,92,117,107,107,142,139,173,171,180,161,179,202,214,231,226,201,266,248,279,267,275,292,323,347,347,384,382,408,422,426,413,438,483,510,532,543,526,572,612,621,647,633,680,753,752,751,815,793,811,795,860,830,884,897,924,896,892,918,919,974,987,974,978,992,1020,1010,1034,1012,1018,942,1004,1092,1051,1012,1014,1012,1033,1022,1022,1042,1013,1045,979,1022,1000,981,964,960,969,1005,955,966,971,950,1029,904,888,908,893,903,951,955,931,943,872,923,959,910,931,1020,981,1013,940,1023,1020,1046,1065,1046,1008,983,1068,1017,1043,1034,1020,1028,995,997,987,977,977,955,900,892,879,866,795,789,783,771,682,653,626,632,599,536,537,509,458,385,412,350,327,301,273,274,231,172,195,175,168,130,106,105,68,67,55,25,32,28,21,16,5,7,2,1,3,1,1,1,0,0,0,0,0,0,0,0,0,0,0,0,0,0,0,0,0,0,0,0,0
22.45,1,0,0,0,0,0,1,0,0,0,1,0,0,1,0,0,0,0,0,0,2,2,0,0,1,1,0,3,2,1,3,3,4,3,2,3,3,5,8,2,8,6,6,7,11,11,5,10,11,9,5,10,9,12,10,8,9,10,5,11,10,8,10,6,4,7,11,10,15,17,23,18,28,31,34,31,24,36,27,41,47,53,46,58,55,59,60,44,68,63,70,62,68,85,82,82,92,84,110,98,119,93,101,132,132,139,129,166,167,198,202,189,211,231,235,250,267,275,289,262,319,281,317,310,342,383,429,407,406,446,470,488,492,541,554,588,574,590,619,698,648,726,711,711,751,735,784,810,819,812,857,831,922,881,904,886,930,964,1027,927,974,979,929,1006,985,987,1021,980,1015,953,954,1018,998,1052,969,1019,967,1031,980,1001,971,1023,991,999,993,917,1034,955,1007,899,954,946,995,971,942,953,940,919,844,863,922,882,905,940,960,877,948,927,953,1001,980,962,1014,1021,1021,1005,1041,1052,1023,977,1028,1084,1013,968,1060,956,968,978,940,964,980,883,927,841,892,780,815,781,766,715,631,632,610,608,553,502,499,471,386,403,355,317,286,264,282,246,193,190,163,163,139,101,104,67,66,57,33,30,27,21,16,6,5,3,2,4,1,1,1,0,0,0,0,0,0,0,0,0,0,0,0,0,0,0,0,0,0,0,0,0
22.55,0,0,1,0,1,0,0,1,0,0,1,1,0,0,0,0,1,1,0,3,0,1,0,2,2,1,1,2,1,6,5,2,4,3,3,3,2,4,3,7,6,4,9,4,3,9,7,9,7,3,9,3,10,8,11,7,3,10,9,4,10,9,8,9,9,6,9,10,13,16,21,16,22,23,26,31,24,31,41,36,40,41,60,66,59,58,43,63,60,76,69,73,75,88,101,94,90,98,109,133,120,118,154,127,154,136,157,176,152,192,192,222,209,274,235,256,260,242,305,317,324,323,349,370,404,366,371,428,403,462,482,500,547,562,567,526,576,642,645,614,733,670,712,745,749,826,771,820,861,861,801,890,919,844,859,923,895,992,983,988,943,967,1006,967,966,1022,1038,993,1008,987,985,1018,1000,1041,1031,1004,1035,1038,994,993,951,1002,987,1012,985,962,921,973,940,935,989,941,897,916,957,928,957,934,902,918,898,922,944,956,859,922,935,922,940,919,995,969,981,1006,1053,1043,1021,1026,1014,1024,1038,1019,1036,1018,1019,995,939,948,964,947,975,843,911,899,868,790,803,776,741,760,599,633,603,571,568,499,499,475,388,403,344,322,289,267,275,224,189,184,172,162,146,104,104,67,61,57,34,24,28,22,19,6,7,3,2,4,1,1,0,0,0,0,0,0,0,0,0,0,0,0,0,0,0,0,0,0,0,0,0,0
22.65,1,0,1,0,0,1,0,0,1,1,0,2,1,0,0,0,0,0,0,0,1,0,0,1,2,0,1,2,4,5,2,4,2,6,2,5,3,4,1,7,2,7,8,4,5,5,6,12,13,5,8,5,11,12,7,7,5,7,5,10,10,10,11,12,11,10,10,11,12,20,21,19,13,23,28,23,37,32,34,41,32,40,45,47,54,48,51,65,79,47,67,82,75,85,98,87,95,105,115,105,109,135,125,132,126,142,164,179,187,182,214,186,195,206,227,254,243,267,277,288,344,324,372,364,377,426,371,385,410,451,453,495,501,540,549,527,599,641,638,623,611,726,739,699,767,748,818,759,790,829,789,863,890,886,894,934,963,976,959,952,945,1027,982,967,1000,995,1033,1007,991,1014,995,1043,1007,967,1034,1101,1098,986,988,1026,1009,1012,1027,1015,993,991,1022,947,868,938,994,934,977,903,949,852,975,930,968,948,929,915,968,856,1026,917,903,897,909,961,971,962,977,937,995,1037,1056,1070,981,1004,1007,988,1025,1048,1007,936,967,973,927,951,899,918,872,922,884,780,775,812,704,717,643,611,605,574,549,518,495,450,421,395,355,328,284,244,276,225,180,176,178,165,152,101,107,65,58,58,33,26,29,19,19,7,7,4,2,4,1,1,0,0,0,0,0,0,0,0,0,0,0,0,0,0,0,0,0,0,0,0,0,0
22.75,1,0,0,0,2,0,1,3,1,0,0,1,1,0,0,2,0,0,1,1,3,2,4,2,1,1,1,3,4,3,4,4,4,6,7,1,5,2,3,3,9,6,6,5,3,2,7,5,15,5,9,13,5,8,4,18,8,5,8,5,10,11,9,9,8,6,5,19,12,14,13,19,22,34,28,27,32,24,41,41,38,35,47,56,43,54,60,67,76,55,76,75,75,95,89,106,100,113,115,115,114,128,117,126,160,151,154,149,180,187,194,190,233,213,258,259,265,239,288,315,288,330,324,338,359,368,362,413,429,435,473,492,528,565,546,564,599,658,626,621,658,671,705,741,773,730,780,778,802,829,832,882,852,837,912,900,897,932,942,947,923,919,967,998,1064,996,1018,1016,1009,1010,994,1024,966,990,1026,1006,1034,1017,997,987,944,1023,1009,1016,958,920,1025,931,978,975,989,885,905,948,950,917,899,915,936,910,1026,872,954,942,919,954,923,915,909,884,956,970,943,939,965,972,1010,1013,1056,1037,973,1025,999,1033,993,1004,951,964,918,945,880,941,875,864,913,809,780,802,689,731,643,612,618,552,544,498,503,454,437,375,362,323,276,252,261,243,177,165,175,171,152,99,106,73,53,61,35,30,29,24,20,8,5,2,2,4,1,1,0,0,0,0,0,0,0,0,0,0,0,0,0,0,0,0,0,0,0,0,0,0
22.85,0,0,0,0,0,0,0,1,0,0,1,2,1,0,2,1,0,0,4,0,2,2,2,2,0,2,0,4,5,8,3,2,3,3,3,4,4,5,7,4,6,7,4,8,3,8,6,6,5,8,13,6,5,4,6,10,10,11,7,5,11,8,5,16,10,12,7,10,16,15,12,21,19,23,26,28,41,27,35,39,40,48,41,53,57,38,62,49,64,72,77,74,77,84,66,96,84,98,84,111,108,124,145,138,158,140,159,164,169,169,180,202,203,230,197,233,259,267,299,284,300,308,323,321,354,372,388,412,429,452,476,495,519,553,525,583,577,596,640,578,617,673,687,701,730,746,769,821,852,809,890,787,916,871,919,872,937,946,911,922,941,951,1024,996,962,1021,1025,997,952,980,980,944,1012,995,1048,940,1011,1039,1004,997,970,970,982,971,958,968,966,1012,963,997,943,891,938,968,895,888,968,939,905,895,866,927,961,902,903,903,950,962,877,931,875,918,949,967,964,957,982,1004,1018,1085,988,998,971,1015,1034,999,972,920,925,950,927,887,859,815,916,866,754,776,697,696,653,608,611,561,517,485,492,451,422,389,372,337,255,265,244,241,173,179,172,165,141,97,109,72,55,55,38,26,29,22,21,9,5,3,2,3,1,1,0,0,0,0,0,0,0,0,0,0,0,0,0,0,0,0,0,0,0,0,0,0
22.95,1,1,0,1,0,1,0,0,0,1,2,1,1,6,1,0,0,1,1,2,2,0,1,2,1,0,1,0,2,2,2,3,4,5,2,2,7,4,0,4,6,6,10,3,11,11,4,12,6,12,3,8,8,12,9,4,6,9,12,6,6,9,14,8,5,11,15,11,20,8,23,22,18,17,29,32,37,28,34,36,43,44,45,50,44,63,53,57,78,71,66,83,71,93,87,105,92,95,103,110,110,146,112,141,152,149,159,182,180,177,182,204,238,215,226,226,274,268,249,302,312,301,322,308,355,404,412,434,466,463,476,480,500,537,523,561,552,589,597,618,675,690,662,764,704,722,821,794,876,830,844,806,822,884,881,931,902,959,899,960,946,988,940,994,1028,945,1006,981,1016,1021,966,1028,1008,1011,1040,1021,1034,1015,1002,948,992,1022,1028,939,964,925,929,944,956,925,916,946,946,935,934,923,912,931,898,883,891,895,951,905,926,860,923,913,933,939,957,864,919,950,968,1002,931,986,989,1074,987,1021,1001,940,1034,923,999,923,944,919,915,883,857,850,846,883,778,755,704,679,674,603,614,543,531,492,462,448,413,377,386,337,253,269,245,226,177,184,166,156,143,110,93,75,54,50,41,27,28,21,21,8,4,3,1,4,0,2,0,0,0,0,0,0,0,0,0,0,0,0,0,0,0,0,0,0,0,0,0,0
23.05,1,0,0,0,1,0,1,0,1,0,0,0,0,1,0,0,0,0,0,1,0,0,2,2,1,2,1,2,3,4,2,0,5,2,3,4,4,4,3,4,4,6,2,1,4,7,5,7,9,7,10,5,12,9,9,7,14,8,4,7,11,17,13,4,12,5,12,15,16,20,14,18,28,28,32,24,41,32,41,47,26,42,38,47,47,52,51,71,60,89,69,81,87,62,88,103,106,91,95,117,121,132,109,145,146,136,173,180,179,164,182,182,199,232,240,233,274,278,283,254,283,318,291,348,396,394,379,371,424,456,506,455,525,539,537,603,623,630,604,588,690,713,692,734,706,731,846,801,840,807,835,846,806,870,940,861,896,1000,902,928,979,974,974,1023,995,1007,1031,960,1021,1045,967,1022,982,982,1037,942,1009,1030,957,1014,986,974,948,931,919,999,896,932,909,982,957,894,906,976,916,963,915,899,930,875,878,867,921,883,909,949,881,871,916,910,922,951,917,974,946,954,957,941,972,1003,1048,962,1010,960,993,988,998,906,941,935,884,920,848,840,858,872,771,757,724,681,646,613,597,553,533,502,444,428,405,378,377,331,277,266,229,202,199,185,153,159,143,109,96,74,52,53,39,29,26,28,17,11,4,3,1,3,0,2,0,0,0,0,0,0,0,0,0,0,0,0,0,0,0,0,0,0,0,0,0,0
23.15,0,0,1,0,0,0,0,0,1,0,0,0,0,2,2,0,0,1,0,1,2,3,2,1,1,0,4,0,0,1,1,3,1,3,5,0,3,5,5,7,7,10,8,4,3,11,7,8,8,5,9,3,10,5,13,12,7,7,10,7,12,5,14,6,8,17,12,12,11,14,16,12,18,18,32,29,31,33,43,30,41,38,43,53,39,64,61,64,63,73,70,66,87,95,79,100,111,116,109,90,114,122,114,159,144,155,158,146,177,176,189,181,220,208,207,224,256,248,284,261,319,320,316,355,325,364,404,369,398,450,452,486,514,553,534,596,620,605,626,655,670,652,755,722,774,788,811,832,814,835,814,866,843,861,889,915,909,957,996,1014,991,944,1023,932,960,980,1011,1002,989,992,936,1020,1035,1017,980,1073,1025,1028,964,998,993,1010,1017,936,948,919,933,990,932,923,912,937,891,875,918,893,849,919,943,876,902,890,897,884,893,921,929,896,873,912,917,981,956,921,971,939,917,950,950,955,1060,1000,958,1006,1015,972,981,912,881,944,902,886,882,846,847,891,776,772,725,681,668,602,585,526,524,531,438,408,400,392,364,322,283,256,233,211,206,177,160,148,143,117,84,83,52,52,41,27,22,32,16,8,5,2,1,3,1,2,0,0,0,0,0,0,0,0,0,0,0,0,0,0,0,0,0,0,0,0,0,0
23.25,0,1,0,0,0,0,0,0,0,0,2,0,0,0,0,0,1,2,3,1,0,3,4,2,0,2,3,5,0,0,4,4,3,2,3,4,6,3,5,2,5,7,5,5,4,8,9,8,8,4,9,12,7,9,8,14,8,7,10,11,6,11,4,9,5,8,11,10,10,11,11,15,22,27,32,38,35,33,29,37,40,33,38,52,41,56,53,66,76,51,76,65,84,85,96,108,110,102,105,108,105,113,122,130,132,167,174,142,179,162,184,194,216,214,234,224,257,272,276,278,306,331,336,357,355,371,377,414,446,460,471,454,544,532,529,598,606,577,607,624,679,688,677,720,745,751,819,801,749,820,863,928,827,858,873,823,875,912,919,1006,968,967,957,955,994,954,999,1022,1037,1009,1041,1001,1044,990,1031,963,1000,1000,905,973,943,1020,1005,948,969,884,988,913,987,942,948,862,915,941,868,899,873,841,867,880,895,908,921,849,870,899,938,908,917,906,935,928,953,1006,876,971,974,921,970,947,993,1023,982,974,1012,988,929,947,906,873,910,922,851,854,847,888,781,761,708,678,637,653,531,541,534,527,453,405,401,386,358,322,276,260,226,226,204,180,160,151,138,116,84,75,49,58,43,26,23,29,13,9,4,2,1,4,1,2,0,0,0,0,0,0,0,0,0,0,0,0,0,0,0,0,0,0,0,0,0,0
23.35,0,2,1,1,1,0,0,1,0,0,1,0,1,0,0,0,1,0,4,1,0,2,3,1,3,1,1,0,5,0,1,4,3,2,2,5,4,1,1,4,10,2,6,3,9,5,9,11,8,8,9,13,5,4,10,8,12,9,13,7,9,9,12,10,15,11,13,17,15,17,19,19,13,25,18,26,36,30,51,47,50,49,30,52,55,53,54,69,82,73,65,79,82,85,98,94,107,103,100,93,119,119,141,142,149,139,149,179,179,192,201,222,193,252,249,258,241,254,310,299,313,324,337,355,369,390,396,428,439,443,458,431,503,520,529,600,577,567,608,670,640,713,738,724,698,747,824,776,752,796,850,829,826,904,864,933,878,926,978,960,981,980,923,993,981,957,1008,997,1023,981,958,992,956,1037,1027,1014,1009,978,1007,981,999,1035,1009,944,1003,942,948,978,954,894,893,848,937,891,873,934,861,887,898,869,874,875,877,900,888,880,866,928,932,897,915,957,954,898,930,916,970,936,992,965,933,981,1012,961,951,969,979,961,888,884,905,870,861,857,834,831,823,749,728,682,626,624,532,551,533,525,445,407,400,382,363,318,270,263,233,220,197,181,156,157,129,125,93,69,55,52,40,29,23,29,12,10,4,1,0,5,1,2,0,0,0,0,0,0,0,0,0,0,0,0,0,0,0,0,0,0,0,0,0,0
23.45,0,0,0,0,1,1,0,2,0,0,1,1,1,1,0,2,1,1,1,2,1,3,2,3,3,2,3,5,3,3,3,2,3,4,2,6,1,2,5,5,6,9,3,4,10,4,10,9,9,10,4,9,9,4,8,13,6,9,10,8,6,3,12,8,10,8,13,6,12,17,24,16,27,23,35,22,44,34,34,46,39,34,49,46,56,64,53,61,86,71,64,89,78,88,113,97,98,123,104,118,129,124,132,140,140,141,148,161,186,173,183,198,230,223,223,266,260,264,277,292,300,314,342,339,331,391,419,412,437,415,446,485,501,542,505,554,633,544,607,634,704,682,716,740,758,813,851,792,821,844,854,853,885,887,950,856,984,890,942,985,965,970,946,1029,1006,981,1011,1035,990,1014,970,993,1004,962,1017,935,1056,950,974,996,962,962,946,954,941,934,942,913,919,924,912,967,907,869,837,897,915,900,857,884,860,905,884,914,888,920,832,869,925,943,951,941,883,925,969,936,953,974,931,998,940,989,945,983,952,995,944,947,926,894,888,840,860,856,825,850,802,729,732,662,639,639,531,576,503,512,458,412,388,383,353,317,277,248,235,214,209,171,166,143,123,130,88,62,59,51,42,28,26,28,18,11,4,1,0,3,1,2,0,0,0,0,0,0,0,0,0,0,0,0,0,0,0,0,0,0,0,0,0,0
23.55,0,1,0,0,0,1,1,0,0,0,0,0,0,3,0,3,4,0,1,1,2,1,3,3,3,1,1,3,2,6,1,3,3,6,0,4,3,7,4,0,3,4,4,6,3,7,7,8,9,6,5,7,11,8,8,10,11,7,6,9,13,8,10,10,10,10,11,11,9,13,20,19,22,19,32,27,36,48,48,41,43,49,47,56,57,58,58,59,68,61,62,93,80,99,92,100,82,106,94,106,103,135,123,156,149,152,164,170,156,177,220,193,219,202,247,238,255,263,304,314,265,316,356,344,351,374,416,422,417,468,458,479,527,506,523,543,585,583,605,637,667,697,744,702,800,794,770,762,845,823,822,838,869,865,909,849,907,940,917,936,942,991,908,983,982,970,991,953,963,1033,936,991,989,1045,943,1055,963,965,960,968,868,956,933,947,948,958,945,933,882,964,923,874,932,878,902,887,896,865,867,899,840,824,892,900,887,884,892,847,886,906,911,923,915,909,922,947,908,965,962,938,984,912,1022,1017,935,962,943,914,924,869,896,827,857,828,851,819,802,726,733,663,646,600,568,531,527,479,451,426,385,405,347,305,254,257,226,214,201,176,163,151,123,134,81,70,54,51,40,29,26,26,19,15,5,1,0,3,1,2,0,0,0,0,0,0,0,0,0,0,0,0,0,0,0,0,0,0,0,0,0,0
23.65,0,0,0,1,1,0,1,0,1,1,2,0,0,1,1,1,1,3,2,1,2,0,1,1,1,0,2,1,1,0,3,2,3,1,4,2,6,3,1,9,4,6,2,7,7,3,8,4,8,7,6,11,5,6,7,7,10,9,4,9,3,5,9,6,13,11,12,12,8,12,18,27,28,17,26,29,37,33,39,18,34,46,55,42,51,62,67,50,74,60,72,86,70,111,82,91,108,86,116,124,112,115,121,132,142,178,173,174,175,185,194,220,244,207,242,230,225,261,292,286,296,330,346,355,382,358,409,449,416,463,472,484,459,521,559,557,595,583,585,671,630,665,651,700,741,754,740,836,763,771,804,846,858,918,989,862,909,923,981,1008,946,934,976,934,1000,927,972,992,1006,1017,1027,936,1007,1005,994,1013,979,934,1002,1015,935,901,965,961,927,890,928,918,920,909,962,980,933,885,934,897,926,841,852,895,830,875,802,893,840,887,852,917,856,876,940,900,942,904,903,932,928,930,950,927,980,1013,969,986,936,948,949,931,887,875,848,857,834,795,796,880,759,739,715,682,646,594,581,536,501,473,447,411,406,386,330,327,260,255,225,209,212,173,155,152,121,119,84,63,54,52,44,30,26,26,17,15,5,2,0,3,1,2,0,0,0,0,0,0,0,0,0,0,0,0,0,0,0,0,0,0,0,0,0,0
23.75,0,0,0,0,0,0,1,1,1,0,1,2,2,1,0,0,3,0,0,2,0,0,0,2,0,0,1,3,3,3,1,2,2,0,5,6,5,3,7,3,7,1,6,8,3,5,7,8,10,3,8,9,6,8,3,6,14,6,8,12,9,4,7,8,14,9,19,12,14,13,19,13,28,19,23,26,32,25,43,38,40,38,53,53,46,61,57,55,64,74,70,74,78,98,92,93,87,107,101,104,110,139,121,138,170,155,169,161,195,198,214,199,204,194,247,241,251,265,288,311,319,349,354,324,361,401,374,428,455,458,474,491,494,517,518,561,579,597,599,615,681,686,728,742,718,704,782,812,846,786,865,808,877,888,895,925,937,906,965,939,930,991,946,953,993,949,983,1014,1008,1013,928,922,982,992,971,952,946,983,1022,1001,943,937,930,943,937,944,943,938,882,878,917,888,928,937,933,915,963,884,850,880,881,854,789,850,884,834,931,871,897,867,869,894,905,899,907,925,974,919,926,949,956,921,996,990,941,923,888,940,887,863,862,862,788,803,801,831,811,696,727,657,669,604,559,545,486,477,429,426,417,369,323,332,258,260,205,223,198,167,165,147,132,110,85,66,51,48,48,31,24,28,15,18,5,2,0,3,1,1,0,0,0,0,0,0,0,0,0,0,0,0,0,0,0,0,0,0,0,0,0,0
23.85,2,1,1,2,0,0,1,1,0,0,0,0,4,1,0,0,1,2,0,2,0,1,2,4,0,0,1,2,2,2,2,3,0,6,1,4,7,4,5,5,4,5,7,11,12,7,13,7,8,5,3,9,4,8,6,7,11,13,13,11,6,13,6,13,7,7,7,16,15,12,24,20,24,25,28,28,28,31,38,41,42,52,50,43,37,34,54,64,58,63,70,78,78,80,87,99,105,117,112,102,106,93,134,124,143,137,142,161,184,176,206,210,234,212,258,248,231,268,277,272,311,300,328,325,352,399,390,421,448,440,480,471,517,530,552,581,606,580,627,653,627,662,687,732,730,736,753,812,824,809,869,878,833,913,915,890,943,942,949,981,1009,959,1010,982,972,990,950,953,977,988,955,993,1038,939,955,963,917,946,954,983,969,950,962,926,954,917,940,894,929,937,915,900,906,865,854,877,907,904,956,916,789,819,882,839,860,898,877,892,878,878,879,859,899,919,885,914,945,943,919,920,926,942,924,963,943,920,920,929,855,896,830,886,811,790,746,791,780,733,698,632,667,646,567,532,491,484,424,435,411,368,325,332,267,256,199,217,186,173,165,133,139,104,83,69,49,51,46,28,24,30,11,16,5,2,0,3,2,1,0,0,0,0,0,0,0,0,0,0,0,0,0,0,0,0,0,0,0,0,0,0
23.95,0,1,0,1,3,1,0,1,1,0,0,2,0,0,2,0,0,0,0,1,2,0,0,1,2,1,1,2,4,1,1,3,2,2,4,1,1,3,1,11,6,4,4,9,9,7,4,10,6,7,9,10,10,5,6,9,7,12,7,6,9,9,7,11,7,16,7,7,8,16,8,19,24,22,28,30,34,22,27,29,38,44,48,48,77,55,49,63,71,67,63,67,72,77,93,95,77,98,103,114,108,128,120,141,158,145,138,162,187,169,209,192,195,251,221,240,281,251,302,291,311,315,336,337,353,357,374,404,444,430,470,494,524,496,589,573,587,602,632,616,660,699,707,689,726,759,780,770,804,839,814,848,818,880,890,899,896,963,963,914,909,966,962,1046,957,968,981,966,986,998,1010,1012,945,935,993,962,948,981,971,948,940,950,919,979,887,925,974,977,914,917,887,887,892,942,922,859,860,858,860,912,881,860,831,814,793,889,848,881,886,851,898,860,868,882,937,918,899,929,930,915,891,930,930,938,931,897,922,935,876,855,874,872,808,749,785,769,783,748,697,645,648,632,585,538,489,479,441,416,397,350,335,315,294,248,207,220,191,173,159,147,134,98,79,72,59,53,41,27,28,26,12,17,5,3,0,3,1,1,0,0,0,0,0,0,0,0,0,0,0,0,0,0,0,0,0,0,0,0,0,0
24.05,1,1,0,1,1,1,0,0,1,0,0,0,1,3,1,0,1,1,1,3,0,5,2,2,1,1,1,3,2,3,0,3,2,3,2,2,5,4,4,4,5,6,4,8,6,7,13,6,4,8,6,11,8,11,4,7,5,17,10,13,16,9,9,11,14,8,12,10,9,15,24,18,25,27,36,23,42,33,38,35,56,44,49,61,50,54,48,67,60,82,70,76,80,90,93,85,92,97,102,126,119,136,138,145,154,141,155,143,161,164,166,206,235,209,232,223,239,262,277,293,320,286,343,340,371,396,419,446,420,430,454,504,505,553,531,584,599,610,589,660,678,646,715,760,751,834,787,807,825,813,837,835,818,838,874,916,954,939,960,975,947,950,993,950,987,969,999,1009,955,1037,959,1031,1003,998,987,992,974,983,916,1000,975,899,982,904,978,863,934,886,914,903,899,957,954,875,884,839,831,823,867,840,886,866,887,788,859,860,898,870,808,900,882,825,913,889,901,926,858,936,927,884,909,901,901,973,918,895,912,924,912,829,889,879,784,780,775,716,794,761,730,641,631,618,591,521,540,447,455,404,384,367,330,325,302,226,211,224,186,175,161,142,133,97,77,68,58,56,44,24,27,28,12,16,5,3,0,3,1,1,0,0,0,0,0,0,0,0,0,0,0,0,0,0,0,0,0,0,0,0,0,0
24.15,0,0,1,0,0,1,1,2,0,1,1,1,0,0,0,0,0,4,2,0,0,2,0,0,1,2,2,3,2,3,5,4,0,2,7,0,4,5,5,4,2,7,5,6,4,8,4,6,10,3,8,7,6,6,5,6,5,12,11,17,8,7,7,11,7,10,10,11,16,16,14,20,24,32,32,30,35,27,33,44,45,47,56,64,61,56,54,43,71,71,74,78,81,77,107,101,101,106,105,118,125,131,104,144,145,123,161,168,174,195,202,182,181,226,244,260,238,250,282,290,293,315,340,340,345,361,377,427,426,431,426,484,513,544,527,552,552,559,592,612,683,704,699,751,694,745,754,779,774,777,815,831,805,865,896,874,950,978,949,913,951,932,992,938,957,948,959,1018,987,978,1012,975,963,1036,989,960,1000,954,949,923,931,930,956,940,923,961,906,923,916,886,896,866,864,885,895,844,832,899,821,869,793,884,871,882,856,846,822,864,860,853,852,860,911,877,873,886,891,915,935,914,906,878,902,924,928,941,910,909,946,809,894,855,820,765,725,770,768,735,733,634,603,576,592,535,532,475,433,412,364,375,325,334,297,232,221,215,202,176,153,131,127,99,72,67,55,62,40,27,28,28,11,16,6,4,0,3,1,1,0,0,0,0,0,0,0,0,0,0,0,0,0,0,0,0,0,0,0,0,0,0
24.25,0,0,0,1,0,0,0,1,1,0,1,1,0,1,2,1,0,2,1,0,2,3,1,2,0,0,3,2,1,3,0,4,3,2,0,4,9,3,4,5,6,1,7,6,6,5,16,8,8,11,8,12,7,3,9,7,12,8,4,3,10,13,4,10,9,13,11,11,13,19,15,15,22,27,24,36,34,35,28,35,53,36,54,37,56,63,56,50,67,63,68,75,98,76,79,77,110,108,100,120,126,121,131,127,145,150,147,160,168,201,210,177,184,228,222,236,253,276,269,287,301,296,314,353,359,370,396,395,431,442,431,472,500,495,545,572,604,618,620,640,640,653,748,704,795,784,777,782,835,827,821,847,848,868,913,899,912,966,948,945,924,952,930,981,960,932,966,933,993,977,992,985,965,977,919,899,1005,982,958,986,896,943,963,918,893,830,907,907,939,941,847,914,841,881,842,832,896,872,821,841,848,850,856,896,875,815,854,819,937,786,832,886,847,905,844,890,914,910,907,904,908,836,967,858,945,923,896,920,921,806,846,873,807,760,725,766,772,721,754,611,626,589,539,522,537,474,436,408,377,377,333,310,282,240,232,201,193,170,157,142,125,100,74,67,51,58,41,25,27,26,13,15,7,3,1,3,1,1,0,0,0,0,0,0,0,0,0,0,0,0,0,0,0,0,0,0,0,0,0,0
24.35,0,1,1,0,0,1,0,1,0,0,2,0,2,0,2,1,1,1,0,0,1,0,2,0,3,4,1,2,2,3,1,2,0,4,2,0,10,4,2,3,6,9,3,0,9,8,7,10,4,14,8,6,11,9,8,5,11,7,13,9,10,4,10,3,8,12,12,9,15,18,16,17,21,17,26,26,35,26,24,28,38,58,50,42,42,54,58,53,65,65,73,88,83,68,102,96,91,108,95,106,105,122,114,115,149,155,152,176,168,180,196,204,212,218,215,233,261,271,331,269,295,304,314,344,366,371,425,388,420,427,471,475,518,533,548,566,599,585,581,634,733,706,697,730,732,786,816,809,797,814,839,841,818,872,873,893,930,929,940,988,923,958,990,969,930,997,979,959,1035,929,986,946,964,954,1004,972,952,1028,983,921,967,967,934,966,954,956,919,859,872,876,900,866,869,868,856,830,798,816,886,840,829,910,881,834,835,835,865,831,814,924,792,841,898,829,831,912,903,920,886,919,943,876,884,874,922,873,937,921,906,841,833,821,828,750,720,781,768,734,714,617,596,592,568,510,523,485,417,417,374,362,327,317,266,243,233,194,194,180,139,133,112,101,75,67,52,56,39,27,28,26,13,13,9,3,1,3,1,1,0,0,0,0,0,0,0,0,0,0,0,0,0,0,0,0,0,0,0,0,0,0
24.45,1,2,0,0,0,0,0,1,0,0,1,0,0,1,1,1,3,0,1,1,1,1,0,3,3,2,0,0,3,1,2,2,4,4,2,3,4,4,4,3,7,3,5,2,5,6,10,8,9,5,11,12,9,5,7,11,14,3,9,3,4,11,11,8,13,8,15,11,14,13,13,22,13,31,34,19,34,22,37,54,41,45,55,60,53,61,52,56,62,64,69,73,70,74,93,83,102,112,123,93,112,131,127,149,125,135,180,166,177,189,188,184,214,218,231,238,264,280,292,312,301,313,339,343,391,334,411,409,414,414,437,485,519,496,554,538,587,625,619,650,652,686,691,741,741,757,843,780,786,805,894,827,930,858,890,937,911,930,966,975,928,1009,929,974,920,984,959,977,950,978,986,946,1013,1004,974,944,974,984,957,942,867,1027,889,931,972,966,918,921,905,858,863,887,868,878,824,811,820,810,835,920,862,760,847,836,856,848,819,782,850,884,872,866,823,860,896,857,907,839,888,962,887,943,863,923,909,923,911,898,872,886,800,806,804,757,752,726,743,729,707,622,595,588,566,513,480,497,411,421,390,362,326,312,269,244,225,187,191,184,140,128,113,99,76,71,57,52,37,28,24,25,14,13,9,3,1,3,1,1,0,0,0,0,0,0,0,0,0,0,0,0,0,0,0,0,0,0,0,0,0,0
24.55,0,0,0,1,0,0,3,2,1,2,1,0,0,1,0,1,0,1,1,1,0,1,1,2,2,0,2,3,2,2,3,2,2,4,4,5,3,2,3,7,6,7,10,12,3,9,6,7,11,10,14,4,5,11,8,7,12,7,12,10,9,5,7,10,8,12,9,11,13,12,23,19,22,32,35,34,35,42,48,45,39,42,52,45,58,67,75,69,46,73,80,61,82,81,88,106,94,104,113,111,118,139,155,158,150,157,147,181,183,198,191,216,218,254,219,229,256,297,303,304,312,328,325,355,342,364,419,406,439,483,433,502,518,512,555,580,596,623,573,616,702,697,678,725,742,775,792,834,781,810,905,848,822,848,851,994,923,929,932,936,968,958,985,989,1020,1011,1012,968,975,980,996,921,982,1027,980,944,933,916,874,980,929,943,963,857,912,928,874,927,922,902,932,898,866,853,892,834,860,806,846,766,817,840,818,812,814,876,802,830,779,835,935,858,823,823,872,876,841,834,916,899,911,930,871,948,875,940,890,896,884,845,845,805,807,743,744,734,734,714,679,618,573,585,567,501,483,472,437,444,380,348,317,309,277,256,216,184,178,183,148,130,108,95,81,74,60,51,35,31,23,25,17,13,9,4,1,3,1,1,0,0,0,0,0,0,0,0,0,0,0,0,0,0,0,0,0,0,0,0,0,0
24.65,0,0,1,1,0,0,0,0,0,0,0,0,0,1,0,1,0,2,3,2,1,1,4,2,0,4,2,2,3,3,0,1,0,3,7,2,2,8,4,2,5,3,5,8,5,2,12,11,3,9,11,11,10,8,7,9,12,14,9,10,8,9,10,7,13,8,16,3,14,11,14,22,24,30,26,29,31,36,44,30,47,39,53,44,46,53,65,60,66,70,77,71,83,89,76,104,98,112,119,106,122,111,129,141,128,138,138,144,157,194,198,196,218,220,193,253,235,233,272,295,294,303,287,361,351,407,387,412,419,448,474,498,472,492,539,580,604,633,632,618,648,661,702,738,706,711,749,780,835,825,810,830,863,898,923,963,970,916,907,913,896,947,951,998,968,1047,980,978,1045,976,978,1002,965,948,957,989,956,909,974,988,898,926,871,940,901,939,924,853,903,899,907,871,875,841,861,833,863,836,798,821,811,779,822,798,806,817,852,854,792,817,868,904,813,821,823,873,843,891,869,897,879,930,940,873,901,946,876,901,894,868,799,771,813,767,740,683,760,711,652,650,565,564,589,495,463,477,427,444,352,368,326,311,278,260,220,188,175,182,143,123,107,99,76,72,64,49,33,27,24,27,17,13,9,3,2,3,0,1,0,0,0,0,0,0,0,0,0,0,0,0,0,0,0,0,0,0,0,0,0,0
24.75,0,1,0,0,1,0,0,0,1,1,1,0,3,1,0,0,0,1,4,2,1,3,2,0,1,1,1,0,6,3,2,7,4,2,4,4,4,4,5,9,4,2,5,7,4,8,5,6,11,11,4,7,7,6,11,7,9,11,8,5,13,8,10,7,13,6,15,11,15,14,17,17,25,35,32,37,22,32,41,37,36,46,50,58,56,60,63,75,72,65,74,68,70,70,80,86,90,88,119,127,120,161,135,161,136,152,176,160,149,201,177,227,199,218,220,260,254,233,273,299,331,284,300,333,339,395,378,431,460,456,466,473,518,533,523,560,516,575,576,632,670,701,683,791,747,725,757,789,781,857,804,785,851,916,877,876,923,883,944,966,897,918,1012,964,926,1021,961,1007,984,947,970,982,996,1008,943,981,933,960,982,910,911,932,946,926,942,883,909,858,867,863,863,874,861,832,837,824,811,822,834,812,790,819,800,789,801,804,814,841,846,832,779,885,831,832,839,827,822,889,939,876,877,910,938,887,925,870,889,873,895,924,789,753,778,755,742,720,730,699,671,633,539,564,587,507,477,454,416,457,348,351,334,292,273,247,228,189,176,169,145,112,108,100,74,67,62,50,28,30,24,25,20,13,9,4,2,2,1,1,0,0,0,0,0,0,0,0,0,0,0,0,0,0,0,0,0,0,0,0,0,0
24.85,0,0,0,0,0,0,0,1,1,0,1,0,0,1,0,2,1,1,0,1,1,3,0,0,1,1,2,1,3,2,0,2,3,3,3,1,2,2,3,5,4,2,10,6,8,7,5,11,8,10,5,9,7,12,8,11,10,11,12,8,8,11,13,15,10,11,10,18,16,12,10,19,20,25,31,35,30,30,33,47,45,56,49,52,44,54,69,67,57,68,71,95,82,81,105,86,93,95,125,110,119,111,131,137,140,179,162,175,169,179,185,199,209,224,227,253,263,257,266,244,268,338,353,336,354,400,377,436,471,455,478,483,510,557,560,547,576,607,590,649,690,676,654,729,765,720,721,753,781,836,842,844,892,852,876,902,852,880,903,953,946,933,967,1018,946,964,995,972,1008,1029,953,968,1030,973,994,981,944,910,951,903,904,926,943,900,862,884,874,925,858,889,830,883,804,855,853,827,884,835,784,760,767,782,802,813,805,813,845,782,828,801,794,825,865,857,824,771,858,894,914,828,897,888,883,894,893,880,876,863,889,877,830,750,773,737,744,687,732,701,674,643,545,562,585,506,467,450,414,442,351,360,326,294,258,237,229,193,174,162,141,106,111,105,70,62,66,45,33,31,26,27,19,14,8,4,2,2,1,1,0,0,0,0,0,0,0,0,0,0,0,0,0,0,0,0,0,0,0,0,0,0
24.95,0,0,2,0,3,0,0,1,1,2,0,0,0,2,0,1,3,1,1,1,1,1,2,2,3,2,2,5,7,3,1,2,1,2,5,5,3,5,4,5,3,9,8,6,4,7,10,7,8,6,7,9,6,7,8,5,12,7,10,12,16,13,8,17,9,19,7,8,13,18,9,30,28,24,33,31,37,42,53,29,42,41,44,49,47,67,63,68,58,74,56,76,77,82,84,69,89,98,120,99,102,101,132,137,140,172,168,165,167,162,224,200,192,213,209,235,253,287,304,346,321,323,306,349,334,369,404,419,419,448,476,469,501,516,557,530,606,587,612,625,640,662,717,715,714,739,711,762,791,813,880,862,849,846,885,898,863,923,905,941,975,937,958,919,954,917,1010,975,978,972,983,973,931,938,941,943,986,943,926,913,982,937,883,847,987,899,869,878,808,856,868,866,852,860,833,843,795,782,770,865,747,793,789,804,840,763,764,792,831,806,821,808,854,805,858,837,819,843,872,853,887,915,859,876,901,885,876,845,897,868,822,773,763,726,740,692,725,697,663,640,532,569,560,526,439,476,419,430,357,349,316,295,247,241,223,184,174,157,137,114,113,107,72,60,62,46,30,30,26,27,20,14,9,2,3,2,1,1,0,0,0,0,0,0,0,0,0,0,0,0,0,0,0,0,0,0,0,0,0,0
25.05,0,0,0,1,0,0,0,0,0,0,0,0,0,0,1,2,2,1,0,1,1,0,2,2,1,0,2,1,4,1,1,4,3,1,3,2,3,0,2,3,9,8,6,6,7,7,9,7,8,7,6,13,8,8,7,8,6,9,9,14,13,7,10,9,7,13,8,6,19,17,19,32,24,29,34,40,28,42,53,45,37,58,54,62,63,67,64,63,81,67,72,75,82,77,94,87,104,87,123,124,104,105,129,135,128,150,144,142,179,195,220,212,205,214,220,249,248,248,277,279,294,317,349,344,339,363,352,425,428,451,510,479,528,549,481,598,568,611,622,599,589,705,719,667,765,765,761,771,808,787,770,816,832,803,882,963,908,881,876,952,929,912,962,901,950,900,961,936,925,958,1008,922,922,891,942,979,1007,934,920,879,904,909,941,931,859,864,838,908,856,902,802,854,893,886,842,811,821,816,806,806,866,758,797,769,793,777,761,772,771,808,834,770,803,890,821,828,859,857,809,874,868,875,860,881,825,888,889,856,867,840,858,754,760,762,728,698,688,683,649,607,562,567,539,516,459,458,430,412,343,346,325,302,250,227,217,190,179,145,143,112,107,103,72,62,55,46,29,31,23,26,22,14,10,2,3,2,1,1,0,0,0,0,0,0,0,0,0,0,0,0,0,0,0,0,0,0,0,0,0,0
25.15,0,0,1,1,0,0,0,0,1,0,3,1,1,1,1,1,2,0,1,0,2,1,4,1,2,3,3,2,6,4,4,3,2,2,1,2,4,6,3,5,7,3,7,3,6,12,8,12,5,7,12,10,11,14,12,8,8,16,11,13,11,12,9,6,3,11,9,10,14,22,16,23,19,19,33,40,30,36,41,39,44,41,37,45,49,51,65,51,55,58,81,78,91,79,103,75,109,102,102,115,121,108,139,118,152,149,147,176,179,187,206,185,182,244,251,266,242,262,258,300,309,334,324,346,368,422,404,415,449,410,442,463,508,509,534,549,569,614,639,627,697,709,687,686,687,747,742,836,798,833,785,782,925,907,887,894,891,894,940,886,956,965,947,937,946,938,988,1017,997,929,938,1007,939,951,903,886,877,948,905,979,889,902,870,921,891,889,887,897,822,855,872,857,817,809,849,849,861,841,763,808,802,830,767,784,752,791,769,730,821,760,784,865,822,843,856,845,841,880,792,834,836,861,853,858,821,827,897,888,857,823,815,784,723,809,722,699,674,662,664,612,544,551,526,520,459,461,418,387,347,341,328,278,250,232,219,186,175,137,142,115,109,109,71,68,54,43,28,37,22,24,21,14,9,1,4,2,1,1,0,0,0,0,0,0,0,0,0,0,0,0,0,0,0,0,0,0,0,0,0,0
25.25,0,0,0,0,0,0,1,0,1,1,1,2,2,1,1,0,1,2,2,0,1,1,0,0,6,3,2,2,1,1,2,4,4,2,2,3,6,0,3,1,4,5,10,7,1,5,9,8,4,5,7,7,12,6,5,11,10,6,10,15,12,19,11,10,12,8,9,8,17,22,21,22,20,28,20,33,36,43,44,33,48,43,50,47,49,63,69,71,75,68,66,68,84,91,92,99,101,91,121,118,124,119,131,134,155,133,153,163,148,187,187,171,210,212,192,240,268,279,254,271,332,307,279,334,344,333,371,383,424,446,455,506,513,537,509,538,576,548,586,655,669,645,692,711,724,697,736,779,771,772,804,815,873,833,847,866,903,899,845,872,954,918,962,935,853,907,942,987,959,929,961,977,978,935,962,869,900,879,938,913,929,884,913,910,881,875,865,889,813,852,846,811,804,845,843,802,870,804,821,774,782,727,794,800,796,798,794,785,706,825,775,828,818,796,820,870,845,823,831,853,847,835,825,850,840,849,831,858,876,819,781,785,740,788,739,685,673,666,645,608,564,534,556,503,462,427,436,380,344,336,310,267,251,216,226,176,172,141,145,110,109,106,75,66,50,45,29,26,22,23,23,14,8,1,4,2,1,1,0,0,0,0,0,0,0,0,0,0,0,0,0,0,0,0,0,0,0,0,0,0
25.35,0,2,0,0,0,0,0,1,0,2,0,1,1,1,0,1,1,3,0,2,1,1,1,0,0,0,1,1,2,1,6,3,1,1,6,3,4,5,5,6,4,2,3,7,8,6,5,8,7,14,14,12,10,9,4,6,15,9,8,9,7,6,7,9,7,8,17,10,19,18,18,13,26,35,29,48,26,28,29,29,43,38,45,34,48,52,44,55,59,64,74,70,75,80,78,93,90,99,120,93,100,113,133,119,140,135,167,188,172,166,206,209,204,238,238,208,250,277,296,284,302,317,357,355,357,373,390,428,450,478,463,487,459,523,550,561,542,590,608,597,664,642,656,658,725,749,790,783,810,788,824,808,883,866,871,902,926,895,925,928,953,942,931,965,954,962,1000,928,942,941,999,981,988,950,932,912,980,932,903,866,954,907,877,893,871,852,868,859,867,831,847,820,821,814,824,793,765,821,799,801,776,804,765,789,798,784,833,729,832,726,811,767,845,780,817,840,851,813,868,877,819,787,875,834,845,818,819,833,825,848,785,775,725,774,751,690,658,710,606,602,574,515,562,502,459,442,444,367,351,327,310,282,243,217,213,175,173,137,146,106,103,110,86,59,53,46,28,24,19,22,21,16,11,1,6,2,1,1,0,0,0,0,0,0,0,0,0,0,0,0,0,0,0,0,0,0,0,0,0,0
25.45,0,0,0,0,0,0,1,0,0,1,0,2,1,0,1,0,0,2,0,3,0,1,2,4,2,1,2,2,2,2,4,5,4,3,1,2,4,4,0,5,5,0,5,10,5,13,8,5,7,6,9,10,9,5,7,9,10,6,9,9,13,8,10,5,6,11,8,19,21,14,25,23,33,20,26,27,32,28,39,38,49,46,54,47,42,66,51,57,67,64,68,81,80,79,96,94,86,107,129,99,112,143,154,132,144,161,181,137,182,201,192,214,188,180,249,227,262,241,271,261,308,321,332,340,370,385,401,377,432,449,507,503,513,541,594,565,555,577,581,606,647,700,643,717,782,827,805,737,773,823,831,884,856,866,844,831,873,925,906,909,928,979,965,962,976,1066,961,917,987,950,949,971,926,907,978,949,884,934,909,934,898,904,908,864,899,866,874,851,847,832,869,827,858,770,770,777,767,846,790,777,847,763,749,775,811,794,798,772,747,779,804,774,806,791,815,846,798,848,853,817,844,795,848,824,843,750,836,847,811,872,784,753,738,720,762,699,660,673,597,613,577,537,534,505,468,444,438,373,327,326,313,293,232,223,206,182,163,144,142,107,110,104,84,57,57,44,28,21,21,22,19,13,10,3,4,3,1,1,0,0,0,0,0,0,0,0,0,0,0,0,0,0,0,0,0,0,0,0,0,0
25.55,1,0,0,0,2,0,1,1,1,1,0,0,1,1,1,2,1,0,0,1,2,0,0,3,4,1,3,3,3,5,1,1,2,1,1,3,4,3,4,8,0,8,9,9,12,5,9,9,7,6,8,8,9,9,9,7,8,9,8,10,13,9,5,9,9,10,4,18,17,16,23,22,21,23,29,32,44,44,42,40,46,59,45,53,64,55,53,70,65,67,75,79,64,94,105,96,117,103,112,106,136,129,121,134,165,146,164,165,180,194,180,204,220,233,253,239,245,285,260,291,270,303,343,350,373,358,400,421,422,425,443,497,527,515,500,549,584,598,568,615,668,679,709,727,737,780,821,791,751,800,806,850,856,854,908,916,936,938,916,904,962,967,974,940,929,1012,985,960,979,947,953,953,980,969,914,937,901,882,939,912,944,920,860,887,856,901,889,854,847,849,842,849,836,783,833,792,808,739,783,762,810,804,793,790,777,804,768,770,791,770,786,816,794,794,791,825,821,794,865,821,825,820,809,846,840,762,812,820,838,872,810,716,763,707,721,708,663,681,589,599,590,510,521,513,464,435,415,385,318,326,318,289,233,230,194,180,166,144,145,102,104,104,85,63,53,43,30,21,18,24,16,14,9,3,5,3,1,1,0,0,0,0,0,0,0,0,0,0,0,0,0,0,0,0,0,0,0,0,0,0
25.65,0,0,0,1,0,0,1,2,1,0,1,1,1,0,3,3,0,0,0,1,3,2,0,2,2,2,2,1,1,1,1,1,6,4,1,3,2,6,5,4,3,5,5,3,8,6,7,12,7,6,8,10,9,13,10,13,11,9,9,8,7,8,8,11,14,7,14,15,8,12,30,13,29,33,30,37,29,28,36,37,38,53,56,53,68,51,70,76,73,66,73,80,81,92,73,86,101,106,110,119,101,134,135,161,147,162,160,183,179,181,172,197,208,221,222,221,262,239,287,289,324,337,356,341,378,342,420,421,437,452,486,526,475,524,549,559,600,637,635,632,662,667,680,737,740,752,792,785,789,786,860,824,894,870,900,936,919,941,903,889,936,902,926,1045,952,888,991,963,1034,936,959,966,908,937,938,932,964,894,880,893,878,925,889,889,849,872,914,942,821,856,792,801,823,835,833,808,793,775,790,762,729,797,793,783,744,747,764,777,787,773,816,819,747,797,801,831,832,807,821,842,839,808,798,854,815,798,790,801,826,804,822,750,733,701,712,704,652,658,612,581,591,520,503,518,455,435,400,401,312,324,308,286,252,238,186,177,167,144,147,101,99,99,87,64,46,41,34,20,21,21,19,12,9,5,5,3,1,1,0,0,0,0,0,0,0,0,0,0,0,0,0,0,0,0,0,0,0,0,0,0
25.75,0,1,0,0,2,0,0,0,2,1,0,0,0,0,1,1,0,1,1,2,1,0,3,2,2,1,2,1,3,0,1,3,2,4,7,3,0,2,2,7,6,7,5,8,6,8,8,7,7,3,8,8,7,10,8,8,8,6,13,6,6,7,7,9,10,10,8,10,11,15,20,34,24,27,31,29,34,24,37,43,46,39,50,53,55,57,78,53,53,79,75,65,76,94,82,85,93,101,99,111,137,118,119,143,147,143,178,163,175,188,186,207,204,218,256,264,276,261,282,293,338,322,318,354,369,381,431,403,401,420,442,459,477,511,539,589,584,590,602,639,623,652,714,722,740,737,782,753,799,855,829,811,827,810,889,851,936,899,926,940,927,962,927,982,909,937,974,1014,951,925,926,957,994,993,919,950,888,944,933,957,959,898,902,838,873,856,884,861,805,863,839,881,808,829,805,793,783,776,737,777,760,747,782,775,738,731,763,763,803,771,802,766,793,770,823,793,782,857,820,809,812,828,793,802,835,825,782,798,781,808,790,777,733,677,684,715,621,656,625,573,605,502,513,511,444,429,391,387,319,335,296,281,246,242,184,175,165,146,146,103,103,88,91,59,49,40,35,21,20,22,20,12,9,6,4,4,2,1,0,0,0,0,0,0,0,0,0,0,0,0,0,0,0,0,0,0,0,0,0,0
25.85,1,1,0,0,1,0,0,0,0,0,1,0,1,1,1,1,1,1,0,1,0,1,1,1,1,0,0,0,1,3,2,1,0,1,8,2,4,2,6,3,9,6,8,9,3,9,8,11,5,5,7,6,8,4,5,9,7,6,8,2,7,5,8,9,9,4,4,8,9,11,25,17,32,30,20,36,26,42,42,45,45,56,43,53,59,69,69,74,53,50,77,63,92,83,112,93,95,107,104,125,112,129,120,129,151,139,180,153,173,169,187,203,215,230,225,232,245,253,257,265,287,327,356,362,373,393,400,386,410,428,468,472,497,532,552,594,573,575,613,628,666,656,735,732,756,744,752,792,835,853,828,820,851,886,923,890,887,925,952,941,984,869,952,943,934,954,914,972,919,945,944,1004,923,956,893,955,974,900,956,812,950,884,917,967,828,836,871,886,811,811,844,818,792,897,761,812,750,804,751,780,787,767,753,765,752,770,714,773,742,804,818,739,801,808,801,767,777,835,850,813,787,845,788,789,823,837,800,772,792,766,810,761,770,669,690,666,641,635,617,577,599,492,502,523,446,430,397,381,320,317,304,271,243,242,174,190,157,140,146,101,102,85,87,59,46,41,36,25,17,21,20,13,9,6,4,4,2,1,0,0,0,0,0,0,0,0,0,0,0,0,0,0,0,0,0,0,0,0,0,0
25.95,0,0,1,1,1,0,0,1,0,0,2,0,1,3,0,2,5,1,2,2,2,2,0,0,2,1,0,4,3,2,0,2,1,2,3,1,1,3,8,2,8,4,3,8,12,9,8,5,7,7,7,9,10,4,6,4,5,10,6,10,11,8,3,15,9,10,17,15,18,18,19,19,27,30,35,29,26,30,32,38,54,51,58,46,53,61,49,60,68,77,84,77,73,78,92,99,107,88,113,119,120,134,132,139,134,136,159,186,178,225,181,193,192,213,247,231,253,276,274,273,316,310,325,331,346,376,375,430,418,456,461,525,497,449,529,564,573,598,595,618,642,657,739,724,738,751,745,747,801,821,819,833,805,833,860,926,917,849,861,963,932,915,978,914,912,961,952,989,962,968,1036,970,1003,917,875,939,931,945,929,957,886,925,872,849,918,834,935,824,861,836,794,803,789,831,802,790,783,776,800,775,765,777,707,730,812,745,757,727,741,770,792,816,757,825,760,758,778,788,869,842,778,843,810,811,823,762,810,784,754,779,765,767,765,671,682,674,614,642,612,522,587,524,494,523,455,431,394,367,333,313,289,264,240,246,161,191,149,146,142,98,105,91,82,58,47,39,38,22,19,22,20,12,9,6,5,5,0,2,0,0,0,0,0,0,0,0,0,0,0,0,0,0,0,0,0,0,0,0,0,0
26.05,1,1,0,0,1,1,0,0,1,0,0,0,1,0,1,1,0,0,2,1,2,0,2,1,1,0,4,3,1,1,3,0,3,3,2,5,6,4,4,9,4,9,11,2,7,9,7,8,8,8,5,4,5,8,11,7,13,8,9,13,15,8,3,3,11,11,9,8,12,17,20,27,28,33,23,34,47,25,48,44,42,50,47,61,58,57,64,62,67,70,82,75,89,104,92,97,101,89,103,110,113,133,135,159,147,138,156,168,175,193,208,191,189,205,207,238,261,258,289,304,265,319,319,358,359,374,412,384,412,467,464,513,448,553,512,584,562,604,603,646,611,644,765,749,720,767,753,741,797,788,811,853,837,924,864,890,906,945,912,949,893,905,997,986,922,972,980,968,960,912,963,941,953,924,966,965,908,921,890,952,878,866,906,923,940,840,860,816,814,823,833,806,802,754,808,791,788,767,788,812,739,772,790,791,717,763,757,752,783,727,771,780,792,808,752,801,780,814,802,868,811,776,848,791,816,757,807,767,714,769,785,760,720,696,670,639,652,599,631,520,589,503,492,507,462,430,380,373,328,307,285,265,225,242,163,179,162,153,138,96,106,85,79,60,43,44,35,22,18,18,20,14,7,4,6,4,0,2,0,0,0,0,0,0,0,0,0,0,0,0,0,0,0,0,0,0,0,0,0,0
26.15,0,0,0,0,0,0,0,0,0,0,1,1,2,1,0,2,1,1,0,0,1,0,1,3,2,2,3,2,1,3,1,3,0,2,4,5,1,5,8,6,7,4,2,10,7,10,6,11,4,7,9,4,6,4,10,7,8,10,6,7,7,5,12,6,11,7,10,8,14,13,23,17,21,25,39,29,46,33,48,34,44,52,51,39,55,50,44,53,73,57,64,85,85,95,89,89,107,69,100,92,108,109,125,135,129,157,161,154,182,176,184,210,224,219,228,232,228,266,302,307,316,341,351,343,361,388,384,390,446,412,486,476,441,508,501,568,574,626,591,607,643,634,712,778,773,744,823,823,749,799,791,825,882,853,884,902,885,928,929,902,986,923,928,942,954,925,946,924,964,958,991,915,996,934,917,932,931,891,949,924,906,900,924,847,880,859,840,853,879,849,792,821,778,766,761,785,783,817,773,788,767,795,723,754,754,768,733,770,768,750,751,719,788,802,795,806,824,786,789,839,826,783,821,803,788,822,755,764,751,742,738,780,717,705,619,644,666,571,604,527,595,503,483,498,467,407,386,382,322,301,283,260,220,224,179,174,164,146,130,97,92,94,78,58,45,42,35,24,18,16,18,14,6,2,6,4,0,2,0,0,0,0,0,0,0,0,0,0,0,0,0,0,0,0,0,0,0,0,0,0
26.25,0,0,0,1,1,1,0,0,0,0,0,0,1,0,0,0,2,0,0,2,1,1,1,1,1,1,1,3,2,1,2,3,3,3,1,8,4,3,6,3,4,6,4,4,9,8,7,4,11,4,7,10,6,7,9,12,5,10,10,7,3,10,10,9,8,13,7,7,17,17,22,26,30,25,38,31,33,47,31,44,49,25,49,55,54,50,58,50,55,77,83,69,90,92,99,108,92,91,111,107,117,142,139,145,152,143,152,192,179,181,213,202,201,213,234,276,254,271,290,309,306,310,333,344,343,396,402,413,460,414,477,461,511,504,575,569,563,608,604,607,641,700,729,733,752,803,774,788,773,837,804,816,884,868,902,900,924,926,929,852,911,916,980,911,975,937,977,935,959,980,973,906,913,912,984,961,951,1003,879,945,875,879,858,859,899,842,905,889,826,845,841,834,803,828,744,773,766,768,797,770,793,782,794,742,746,751,759,759,737,760,735,771,790,793,812,773,833,732,790,820,864,810,803,825,757,820,780,735,737,735,715,763,736,682,642,636,647,594,569,539,589,509,486,486,463,407,392,379,300,316,283,265,218,226,190,167,154,150,125,102,88,95,78,58,45,41,32,25,19,15,18,13,5,2,7,4,0,2,0,0,0,0,0,0,0,0,0,0,0,0,0,0,0,0,0,0,0,0,0,0
26.35,0,0,0,0,0,1,0,0,0,0,0,1,0,0,1,2,0,0,1,1,1,1,0,1,2,2,4,0,2,1,2,5,2,2,4,3,5,4,7,6,4,4,4,6,7,5,4,7,7,6,7,11,7,5,6,10,9,8,9,7,10,6,9,6,6,12,13,7,14,13,20,16,34,27,29,33,32,34,43,48,48,43,58,61,46,54,54,66,73,72,65,70,64,73,74,100,108,106,108,105,111,116,99,129,129,145,149,147,183,189,191,193,187,231,248,229,242,232,264,249,325,333,319,363,372,400,416,402,414,454,468,490,526,492,532,560,573,582,565,624,630,656,701,733,712,732,753,826,799,832,812,825,813,908,888,921,821,928,859,922,944,949,906,927,879,939,940,957,936,959,982,931,930,918,940,949,922,905,888,961,863,884,890,913,858,914,858,827,867,884,822,803,802,785,829,808,738,779,786,757,740,797,726,746,745,753,752,749,695,770,747,774,767,779,811,798,825,753,739,766,870,809,804,803,758,806,791,723,737,735,744,723,713,681,656,657,619,604,570,557,520,512,490,485,468,401,379,359,314,314,278,273,225,212,188,166,145,156,114,105,94,97,79,58,43,40,31,23,22,15,18,14,4,3,7,4,0,2,0,0,0,0,0,0,0,0,0,0,0,0,0,0,0,0,0,0,0,0,0,0
26.45,0,0,0,0,0,0,0,1,0,0,2,0,0,0,1,0,1,1,2,1,3,0,3,3,1,3,1,1,0,2,2,2,1,2,2,0,3,7,5,4,4,1,3,3,9,9,5,9,10,5,7,8,5,11,8,3,8,8,9,11,8,6,9,11,12,11,10,11,16,15,28,18,27,33,26,25,35,44,38,40,40,48,48,55,61,62,53,58,67,64,90,90,87,85,77,105,90,103,104,114,111,98,117,135,154,142,174,148,173,213,177,197,190,225,213,237,229,261,266,276,302,326,333,333,362,369,407,375,419,428,447,479,511,442,504,545,591,586,591,608,644,674,724,675,753,749,793,777,769,799,786,809,882,828,904,894,875,930,849,986,926,918,913,939,961,909,1005,957,926,937,943,937,955,948,941,900,930,939,885,858,881,899,902,863,907,885,862,857,853,816,841,818,816,844,792,757,797,746,754,804,761,704,711,736,767,755,762,723,742,684,798,766,774,775,820,757,772,824,738,784,849,809,805,762,807,792,736,737,734,720,734,732,727,665,642,635,608,600,564,554,512,515,492,445,458,416,349,364,313,322,273,268,225,205,201,155,148,154,109,99,97,87,78,55,45,38,34,19,20,16,22,16,3,3,7,4,0,2,0,0,0,0,0,0,0,0,0,0,0,0,0,0,0,0,0,0,0,0,0,0
26.55,0,0,0,0,0,0,0,2,1,1,0,0,0,0,1,0,0,1,1,2,0,1,0,0,1,0,1,1,3,0,0,2,2,5,3,4,3,1,5,5,2,5,5,3,5,10,11,11,8,5,4,7,10,9,5,7,9,7,11,4,15,12,9,10,7,9,9,7,11,15,18,27,34,35,26,31,34,42,38,41,47,43,51,56,53,62,48,62,58,59,81,87,73,93,77,93,112,109,98,111,114,119,131,138,135,153,137,170,201,175,213,153,217,243,230,243,249,253,270,308,317,309,338,314,331,361,366,374,455,399,460,481,458,489,538,553,594,609,650,610,651,644,712,710,718,730,728,809,792,803,793,827,864,867,881,860,865,860,936,947,895,844,958,970,977,932,969,896,953,966,937,966,990,909,945,998,929,900,905,862,906,926,856,858,821,856,895,799,859,811,849,814,865,804,783,802,735,801,811,742,747,747,664,728,707,739,751,741,708,747,774,747,766,776,802,768,775,763,784,775,783,848,743,779,820,772,770,722,721,738,740,742,720,674,640,630,598,586,565,581,486,525,457,446,440,418,361,350,307,317,280,286,216,216,204,147,147,146,112,106,94,83,70,59,48,37,35,20,18,14,23,16,4,1,7,4,0,2,0,0,0,0,0,0,0,0,0,0,0,0,0,0,0,0,0,0,0,0,0,0
26.65,1,0,0,0,0,0,0,0,0,0,1,0,0,1,0,0,0,1,2,1,1,2,2,2,2,4,0,1,1,1,5,6,2,1,4,1,4,1,3,3,6,3,8,5,3,10,5,9,2,8,9,7,6,11,4,9,8,12,11,6,6,8,11,11,12,13,7,15,15,21,21,20,30,32,31,30,30,33,40,40,43,55,49,45,58,60,65,56,72,70,58,78,80,82,95,115,111,100,112,106,116,126,132,136,157,169,154,179,176,160,171,212,185,239,238,232,249,257,243,273,292,341,333,316,372,355,382,398,441,406,446,523,538,534,532,580,595,607,651,633,703,693,668,712,705,756,732,707,810,799,845,832,850,864,915,879,907,900,928,910,899,929,922,981,967,929,944,992,955,940,939,958,948,952,908,948,908,967,902,892,933,838,844,880,857,833,783,797,833,793,827,809,840,826,806,809,811,714,756,737,752,705,772,697,715,751,719,751,757,723,721,735,755,794,755,791,744,766,775,772,741,844,745,815,767,769,767,735,727,763,710,709,715,677,662,591,602,579,562,608,483,524,456,447,430,427,372,335,313,293,292,279,219,219,203,146,147,144,117,100,94,82,73,58,51,36,31,19,19,15,22,15,6,1,7,4,1,2,0,0,0,0,0,0,0,0,0,0,0,0,0,0,0,0,0,0,0,0,0,0
26.75,1,1,0,1,0,1,0,0,0,1,0,1,0,1,1,2,0,0,1,3,2,1,0,3,3,2,1,2,1,3,3,1,1,2,6,4,1,1,5,3,4,6,6,5,4,7,2,6,4,7,12,11,7,7,10,14,7,11,10,5,8,6,8,10,7,8,7,21,22,17,18,20,26,30,33,33,28,34,33,40,59,58,50,49,53,57,55,58,61,70,65,70,77,92,85,86,106,94,111,117,107,128,143,149,126,150,141,174,172,174,221,177,203,215,227,258,239,269,270,299,339,315,321,365,362,385,366,409,429,420,445,470,504,487,541,567,575,554,625,557,639,663,715,685,774,739,746,774,721,861,837,809,833,865,934,883,902,908,957,884,883,917,932,919,957,929,954,940,956,935,940,914,890,946,912,1009,904,894,877,857,889,927,877,841,816,781,855,851,857,803,800,832,821,819,788,784,822,764,721,686,744,738,727,747,752,733,716,731,714,731,698,736,764,783,778,772,742,786,819,751,726,783,789,762,780,768,755,755,692,747,713,699,724,667,629,577,601,590,550,591,503,504,456,457,417,393,372,321,323,288,289,269,216,218,201,140,157,150,100,108,100,78,79,57,50,37,32,19,17,15,24,13,8,1,7,2,2,2,0,0,0,0,0,0,0,0,0,0,0,0,0,0,0,0,0,0,0,0,0,0
26.85,0,0,0,1,3,2,0,1,1,0,0,0,0,1,0,0,2,1,1,0,1,0,1,0,3,0,0,2,2,1,2,4,1,4,1,4,10,4,3,6,7,4,10,6,6,7,10,10,10,11,9,5,9,7,9,4,9,16,13,6,12,9,6,7,12,10,5,8,19,14,16,15,16,21,31,32,36,35,42,28,47,42,48,44,55,44,64,62,77,58,70,68,64,83,90,94,82,104,88,104,112,117,131,147,166,135,168,172,159,164,207,210,206,194,247,240,254,271,269,300,317,314,336,360,345,351,358,386,397,458,474,474,496,505,518,528,564,542,567,599,658,687,715,697,731,755,789,769,798,803,809,809,818,823,791,916,829,866,912,889,882,978,949,921,935,899,917,924,951,871,961,937,917,894,875,857,887,878,872,857,884,845,875,831,875,899,845,839,823,818,808,840,722,784,775,812,748,767,800,698,757,726,759,764,684,694,743,661,733,723,734,720,715,708,781,799,746,767,847,768,749,778,769,747,762,771,755,743,706,719,703,707,703,672,628,565,626,562,559,563,513,490,450,467,408,392,384,308,328,283,269,273,219,207,191,157,150,148,105,102,100,76,77,55,55,35,31,18,15,19,22,14,8,2,7,1,3,1,0,0,0,0,0,0,0,0,0,0,0,0,0,0,0,0,0,0,0,0,0,0
26.95,1,0,1,0,1,0,0,0,0,0,1,0,1,2,0,2,2,0,1,0,0,2,0,1,3,2,2,3,0,3,2,5,3,4,3,1,3,5,5,4,6,9,5,4,6,5,3,8,6,9,10,5,8,10,3,6,11,6,12,11,9,6,11,3,8,10,14,15,13,12,14,19,23,21,31,30,40,32,41,40,43,43,41,53,59,51,62,73,70,61,74,83,80,82,70,88,102,92,108,142,138,112,123,136,120,151,171,156,177,173,208,220,211,222,211,248,223,276,268,293,325,333,360,352,339,350,395,430,425,422,460,484,480,472,536,550,609,574,634,619,653,702,686,731,735,732,738,780,790,773,894,823,818,903,862,877,881,868,951,881,972,898,974,976,909,1018,885,894,912,920,967,937,973,931,914,888,922,869,880,928,811,903,863,887,824,826,876,815,801,846,776,764,807,787,760,756,773,813,762,743,735,727,734,707,723,708,701,686,679,721,736,692,699,732,781,777,744,755,829,756,779,773,786,705,759,768,781,750,683,703,724,671,724,667,641,590,612,550,563,558,506,476,461,446,415,385,364,304,328,277,282,259,218,195,202,152,154,142,101,106,97,72,79,63,51,33,35,18,14,18,23,12,7,2,8,1,3,1,0,0,0,0,0,0,0,0,0,0,0,0,0,0,0,0,0,0,0,0,0,0
27.05,0,2,0,0,2,2,0,1,1,2,1,0,0,2,3,0,4,1,2,0,3,1,0,1,4,2,3,3,4,0,3,3,1,0,0,3,5,3,10,9,1,8,7,5,9,3,9,8,6,9,5,5,8,6,4,14,9,8,11,10,11,9,5,3,12,5,5,7,15,18,21,28,23,21,28,31,42,33,36,31,41,45,48,64,54,59,57,75,69,68,75,73,76,77,84,85,103,100,115,116,97,127,133,139,154,157,147,162,169,207,189,208,203,221,227,252,266,258,271,283,304,303,315,348,378,366,385,413,422,456,449,495,513,533,550,573,576,583,625,673,653,646,720,689,700,742,732,800,846,775,826,814,889,833,903,904,902,874,906,942,883,920,969,948,875,911,975,865,930,937,934,922,961,906,870,922,952,895,887,900,832,916,827,902,862,835,821,805,846,796,764,767,832,705,826,787,776,740,773,739,736,786,708,712,696,688,666,720,660,737,730,727,689,750,742,744,776,783,738,795,777,780,764,720,750,766,768,729,718,683,727,666,696,651,613,603,586,563,566,531,503,482,436,446,426,368,376,303,313,290,276,259,224,200,194,154,139,141,109,93,96,74,76,59,50,31,36,21,14,16,21,10,9,2,8,1,3,1,0,0,0,0,0,0,0,0,0,0,0,0,0,0,0,0,0,0,0,0,0,0
27.15,0,0,1,0,0,0,0,0,1,0,0,1,0,1,3,1,1,3,0,0,0,1,1,0,0,2,2,3,1,4,0,3,2,8,4,4,3,3,3,6,5,4,2,6,10,8,9,9,8,12,8,10,5,8,3,6,9,8,13,14,10,11,3,10,8,7,11,11,20,15,11,20,22,28,36,47,37,31,34,31,57,38,43,54,67,65,56,58,59,64,70,92,72,96,109,92,88,114,99,119,124,120,130,118,141,151,156,166,157,180,161,177,225,202,227,229,232,269,302,302,298,284,339,353,383,414,397,420,429,478,430,503,490,533,554,508,611,601,601,651,665,655,675,717,715,779,754,763,785,837,808,825,858,854,874,849,900,900,897,946,944,904,910,959,945,935,948,908,957,1003,927,922,945,966,956,855,976,861,908,850,939,925,866,887,821,823,821,811,816,778,806,816,760,789,773,777,745,778,742,742,759,711,680,740,689,712,723,677,724,677,740,708,719,717,718,744,811,793,733,762,771,759,755,716,778,736,758,754,719,652,710,655,691,659,599,588,579,581,544,537,507,468,441,430,430,369,367,326,312,276,272,265,231,186,192,156,148,134,102,95,94,72,71,56,53,34,35,22,13,15,19,11,8,2,8,1,3,1,0,0,0,0,0,0,0,0,0,0,0,0,0,0,0,0,0,0,0,0,0,0
27.25,0,0,0,1,0,0,0,1,0,1,1,1,0,0,1,1,2,1,0,2,2,1,3,1,1,0,3,7,3,0,2,2,4,1,1,6,7,3,3,4,5,3,8,2,7,9,5,5,12,7,14,14,6,4,6,9,8,9,10,11,10,8,8,2,10,8,6,12,12,22,22,20,28,34,28,35,37,44,30,38,42,43,41,52,67,62,52,58,88,79,67,64,87,88,82,98,92,89,100,108,124,129,148,155,139,152,144,160,172,188,199,191,190,225,240,237,283,270,292,269,314,287,343,342,380,383,407,404,441,461,452,469,487,518,559,596,579,602,602,637,627,722,729,732,772,748,757,757,777,766,874,821,876,817,935,882,878,840,876,961,932,903,928,927,934,931,1006,954,996,944,930,933,945,945,940,872,919,894,909,923,892,853,844,827,871,814,822,850,811,842,779,792,784,753,761,730,755,764,753,742,781,726,688,680,709,724,718,711,736,676,693,779,668,723,727,765,794,780,734,741,789,755,761,725,755,759,716,787,705,676,676,664,638,672,605,604,565,560,510,545,519,446,444,424,440,364,369,315,317,283,265,255,244,174,191,159,135,133,106,87,100,72,71,58,51,35,30,25,14,12,20,11,8,3,8,1,3,1,0,0,0,0,0,0,0,0,0,0,0,0,0,0,0,0,0,0,0,0,0,0
27.35,0,1,0,0,0,0,0,1,1,1,0,1,0,0,0,3,2,1,1,1,0,0,1,1,2,1,2,4,2,1,2,1,1,2,3,6,2,4,4,8,1,4,6,9,6,11,6,6,15,6,9,10,7,6,12,5,7,10,7,9,10,5,12,8,3,11,14,14,9,14,18,26,24,32,34,37,37,42,44,43,29,53,43,42,53,44,68,59,77,59,86,67,82,81,96,96,80,94,108,113,122,123,124,117,130,170,149,173,177,173,203,194,202,196,229,210,249,256,285,286,308,307,336,327,339,384,397,379,454,412,457,496,493,488,521,567,566,635,606,672,673,622,701,736,717,748,744,790,757,756,806,828,867,864,850,874,921,883,915,873,911,882,914,904,984,948,963,965,955,928,931,900,934,940,930,949,905,917,917,848,894,901,896,842,827,823,860,813,869,817,844,773,762,747,733,769,794,720,719,739,718,698,697,774,680,727,741,730,697,667,721,746,748,697,722,734,788,796,731,723,810,738,756,753,750,741,760,769,695,684,689,659,628,651,634,603,547,561,528,507,533,446,457,416,430,361,359,322,316,269,257,245,254,173,193,159,139,135,110,82,103,73,70,61,46,36,29,25,14,12,15,12,7,4,7,1,3,0,0,0,0,0,0,0,0,0,0,0,0,0,0,0,0,0,0,0,0,0,0,0
27.45,0,0,0,0,0,0,0,0,2,0,3,0,1,0,1,1,0,1,3,2,4,1,1,1,1,2,3,1,4,4,7,2,4,1,3,1,4,3,8,4,5,6,2,3,5,8,14,11,10,7,7,9,12,8,9,12,10,9,7,7,8,7,6,8,8,12,7,16,12,20,25,23,21,31,35,30,36,48,44,48,44,46,43,56,55,59,64,65,71,81,80,69,88,87,96,109,110,98,106,118,107,131,131,155,144,156,149,166,202,186,193,197,220,180,212,240,230,236,258,326,325,344,321,363,363,350,392,406,412,414,448,458,494,533,520,540,574,570,635,608,671,723,658,696,690,721,728,805,770,783,822,768,876,808,810,871,915,919,903,883,889,911,921,908,963,946,966,854,946,968,951,966,989,922,911,878,872,887,895,904,884,856,846,825,854,828,853,823,840,846,796,810,765,754,739,772,729,752,718,722,664,722,709,694,724,696,728,699,703,682,664,728,768,704,748,733,776,744,733,719,787,766,735,770,717,780,753,732,717,669,664,688,631,612,652,618,544,524,535,509,520,435,456,406,430,350,352,305,308,266,245,255,240,189,188,155,136,144,105,81,105,73,74,57,47,36,26,26,15,14,15,12,6,4,7,0,3,0,0,0,0,0,0,0,0,0,0,0,0,0,0,0,0,0,0,0,0,0,0,0
27.55,0,0,0,0,0,0,2,0,1,0,2,0,1,2,1,0,3,0,3,0,1,1,3,2,2,0,4,3,2,1,2,2,2,3,6,4,5,3,3,7,2,6,5,5,4,6,5,10,9,9,14,9,9,11,8,7,8,15,10,11,7,9,8,8,10,6,10,14,14,23,24,28,30,33,27,36,34,42,29,46,50,47,43,54,57,52,60,52,70,82,71,84,96,86,93,90,83,101,120,113,109,121,116,144,151,146,152,164,165,172,195,215,231,239,221,239,242,269,291,270,303,323,346,313,319,363,397,434,404,441,438,483,487,476,517,565,520,614,637,636,652,644,663,693,715,698,755,784,779,831,823,844,859,841,870,872,851,906,897,898,916,903,943,877,949,946,972,1011,925,905,946,943,928,919,865,935,909,915,838,890,864,830,860,835,904,847,851,806,815,862,746,788,803,766,728,761,701,743,724,707,724,714,666,703,672,714,724,705,700,717,678,729,740,737,711,721,774,741,743,748,738,755,726,751,733,796,719,741,702,681,638,696,618,613,638,598,548,510,547,509,512,421,463,403,426,358,344,297,304,272,249,244,243,196,182,146,138,130,112,83,93,80,71,57,52,33,26,26,16,12,13,12,4,6,7,0,2,0,0,0,0,0,0,0,0,0,0,0,0,0,0,0,0,0,0,0,0,0,0,0
27.65,0,0,0,0,0,0,0,1,0,1,0,1,0,0,0,0,1,1,0,1,1,0,0,2,1,2,3,2,4,1,3,2,1,3,5,6,3,3,5,4,3,3,3,5,9,4,6,7,8,9,11,9,8,11,5,10,11,9,14,7,11,8,8,11,10,11,10,8,9,16,16,25,28,35,20,33,34,39,40,37,43,57,39,52,59,68,59,49,65,59,83,80,82,81,84,100,111,93,101,111,109,122,125,139,131,159,153,158,175,180,205,183,209,228,216,242,249,268,272,283,321,311,310,318,389,369,411,386,386,465,435,503,505,500,512,547,574,568,590,611,609,719,665,685,735,784,758,712,817,769,828,847,827,832,863,867,906,884,902,897,903,956,922,899,949,994,903,965,970,896,912,915,919,951,919,906,933,927,886,884,851,858,871,807,834,796,838,836,821,788,742,787,762,755,790,705,727,721,692,705,725,712,699,700,684,682,710,735,722,696,742,660,733,764,705,756,785,710,757,777,734,737,728,784,692,788,716,731,692,676,650,674,629,603,612,589,532,522,536,517,483,422,451,387,426,355,354,288,305,268,240,242,245,192,183,149,144,116,115,80,88,81,73,59,50,32,25,25,16,12,13,12,6,6,7,0,2,0,0,0,0,0,0,0,0,0,0,0,0,0,0,0,0,0,0,0,0,0,0,0
27.75,2,0,0,0,0,0,0,0,0,3,1,0,0,0,1,1,0,0,2,1,2,1,1,1,2,0,3,2,1,2,5,2,8,2,2,2,1,2,4,4,7,7,7,3,3,6,8,11,10,2,6,9,11,7,10,16,7,8,4,2,7,10,9,9,5,7,8,6,9,18,23,26,24,28,43,32,37,41,41,44,43,38,58,46,43,73,55,61,65,75,57,73,77,79,92,87,92,97,99,84,96,107,108,147,145,142,146,161,177,162,187,196,207,231,224,262,235,269,255,278,258,281,293,367,374,376,408,417,392,447,465,450,488,465,527,563,602,639,620,615,653,684,683,668,815,683,762,766,782,821,894,876,836,854,833,848,872,959,913,879,979,952,926,887,947,917,909,882,979,953,925,914,934,934,898,942,870,932,923,920,892,875,879,849,850,782,790,811,782,767,846,750,747,735,728,760,718,748,701,685,677,692,685,717,713,665,674,713,736,659,697,686,714,742,759,775,717,743,769,763,765,724,738,739,751,706,737,702,702,645,670,654,620,616,602,597,529,530,521,528,461,440,437,388,411,350,356,288,310,269,240,232,249,187,181,148,140,116,119,76,82,78,70,60,49,33,23,22,20,11,11,11,6,5,7,0,2,0,0,0,0,0,0,0,0,0,0,0,0,0,0,0,0,0,0,0,0,0,0,0
27.85,0,1,0,0,1,0,0,1,0,0,1,1,0,0,0,1,1,3,0,1,1,1,5,2,1,0,2,1,5,3,1,3,3,3,5,3,5,6,4,2,8,6,7,5,5,9,4,9,7,12,7,8,7,10,11,8,5,13,8,12,8,8,6,9,11,9,7,20,14,18,16,32,19,31,25,26,39,33,32,47,44,66,50,46,60,72,50,75,71,69,65,67,77,88,90,82,100,109,106,127,125,132,116,124,140,145,153,178,186,179,204,204,212,222,244,236,251,261,292,280,303,310,350,340,358,361,420,383,393,419,458,438,487,499,520,514,576,604,561,562,648,690,700,728,716,773,722,765,726,809,886,788,903,892,853,954,897,853,921,950,930,944,905,962,997,940,927,944,967,1008,885,911,932,935,953,889,905,944,863,884,876,931,877,826,855,834,801,776,767,802,731,781,764,734,735,728,735,697,701,731,705,664,710,650,688,675,706,702,724,669,682,715,690,757,765,755,684,746,773,761,760,740,721,725,764,693,760,693,713,656,666,634,637,588,603,579,553,512,511,513,453,436,424,405,410,354,332,304,305,274,227,231,245,187,187,146,139,120,110,80,79,78,65,62,51,33,25,19,21,12,10,10,8,5,7,0,2,0,0,0,0,0,0,0,0,0,0,0,0,0,0,0,0,0,0,0,0,0,0,0
27.95,0,2,0,1,2,1,0,0,1,1,1,1,0,1,0,0,0,0,2,3,0,0,2,1,3,2,4,0,2,1,5,4,0,3,7,2,2,4,2,1,6,3,4,6,8,7,9,4,6,10,8,5,4,8,6,4,10,8,12,7,6,9,11,7,6,9,7,12,19,24,16,26,30,31,28,28,39,43,44,46,52,42,62,62,49,54,67,53,69,78,82,81,70,76,87,95,78,93,116,93,101,142,115,133,148,143,138,177,187,191,183,185,195,220,238,247,277,281,265,303,300,320,308,362,382,389,391,403,427,418,463,447,495,484,517,552,562,559,633,631,664,695,673,696,745,683,779,805,820,786,806,841,793,841,876,859,845,913,914,942,958,969,905,920,956,960,850,954,919,911,994,962,982,965,921,870,893,886,923,926,904,849,807,861,818,791,834,823,815,750,754,727,717,759,688,742,721,694,669,723,690,670,659,653,662,705,680,704,708,703,700,703,671,740,770,760,694,769,724,779,770,748,697,727,755,712,725,716,716,680,627,678,611,535,622,582,559,510,488,516,438,454,417,380,408,358,333,283,293,289,228,217,235,193,180,148,139,112,111,86,78,70,66,61,52,29,24,17,21,11,6,10,6,4,5,0,2,0,0,0,0,0,0,0,0,0,0,0,0,0,0,0,0,0,0,0,0,0,0,0
28.05,0,0,0,0,0,0,0,1,1,2,1,0,0,1,1,1,0,2,2,1,7,3,2,0,0,1,1,1,2,1,4,0,0,3,3,6,4,6,5,2,7,3,7,4,4,7,6,8,5,5,3,8,10,4,11,11,9,10,9,6,12,10,5,7,7,10,10,15,14,23,14,29,44,22,32,20,37,48,37,47,39,52,49,53,37,68,71,73,69,65,92,86,93,88,90,108,96,108,112,132,129,123,132,130,124,143,163,183,172,196,185,220,175,223,240,233,253,240,271,257,315,314,289,355,387,368,362,413,437,439,424,496,537,499,514,581,566,618,655,641,699,666,709,720,692,761,727,800,802,774,786,852,817,869,829,930,906,915,870,903,969,856,896,950,927,902,886,950,925,915,977,927,920,941,929,866,954,871,891,856,873,848,834,871,832,812,790,808,798,790,741,738,725,689,750,746,664,689,715,641,692,669,646,670,671,695,687,683,708,682,677,716,716,714,707,684,763,731,740,786,733,713,714,698,767,710,756,705,724,698,662,645,604,563,598,597,554,500,507,489,442,460,403,395,393,347,339,278,288,285,228,231,212,198,180,147,125,111,115,89,76,69,66,60,54,32,21,19,20,11,6,10,6,3,5,1,2,0,0,0,0,0,0,0,0,0,0,0,0,0,0,0,0,0,0,0,0,0,0,0
28.15,0,0,0,0,0,0,0,1,1,0,0,1,0,0,1,0,1,1,0,0,3,2,2,1,3,1,0,3,0,3,3,2,2,5,1,3,4,3,2,7,5,5,12,5,5,6,7,6,8,5,7,8,9,6,5,5,13,7,10,5,11,5,7,12,6,8,6,13,21,23,26,22,28,20,34,37,42,42,41,42,41,60,49,40,61,66,76,59,69,66,68,62,77,91,76,82,102,106,104,106,121,157,134,136,140,136,160,157,159,185,197,194,211,253,227,225,250,275,277,292,313,295,365,352,330,362,394,402,418,469,426,509,470,488,525,542,585,609,636,596,606,669,661,692,737,745,762,797,774,756,826,858,850,860,889,885,833,903,920,923,954,948,893,951,952,896,943,927,949,930,941,964,876,878,871,905,916,857,910,903,861,855,868,802,787,830,854,752,813,789,722,712,743,708,712,703,759,719,647,660,686,672,652,692,674,682,702,672,638,683,687,709,708,721,720,678,732,747,732,746,727,687,683,771,767,701,760,716,702,705,631,657,620,567,597,592,550,486,508,458,461,435,401,402,375,352,338,279,274,287,242,218,199,208,166,144,122,101,115,91,74,66,64,57,55,31,15,26,19,11,6,9,5,4,4,1,2,0,0,0,0,0,0,0,0,0,0,0,0,0,0,0,0,0,0,0,0,0,0,0
28.25,0,0,1,0,0,0,1,1,0,0,1,0,0,0,0,0,0,2,1,3,2,2,0,3,2,4,0,2,1,1,1,2,2,2,5,3,5,4,4,5,6,6,3,8,6,7,3,9,9,8,12,6,4,7,6,13,8,8,8,8,6,7,14,12,8,11,11,11,19,17,21,28,22,32,37,31,42,43,46,44,50,43,36,59,61,65,63,79,71,53,83,63,83,77,69,73,96,99,108,98,114,115,161,140,159,150,168,163,156,175,181,208,215,204,198,248,261,275,282,274,286,346,330,333,388,369,400,417,435,452,467,537,537,527,540,563,612,612,598,622,665,729,679,701,744,735,759,792,822,770,855,773,810,849,856,891,915,926,912,882,928,907,958,902,913,923,907,935,932,921,888,875,895,903,927,883,860,933,868,895,856,858,818,843,833,811,765,818,761,771,784,767,747,736,717,670,736,711,689,649,671,645,672,691,700,668,686,657,650,680,682,731,708,697,718,681,725,755,710,734,717,711,677,720,771,711,736,717,690,707,646,645,628,578,584,591,544,480,510,452,452,423,395,394,373,364,325,289,265,282,240,211,199,195,169,148,123,101,112,85,71,65,62,53,54,31,17,26,19,10,6,9,6,4,4,1,2,0,0,0,0,0,0,0,0,0,0,0,0,0,0,0,0,0,0,0,0,0,0,0
28.35,0,0,0,0,0,0,1,3,1,2,0,0,0,1,1,0,0,2,1,1,0,0,0,4,0,4,2,3,2,1,3,3,2,3,2,2,3,3,1,7,6,3,7,3,4,9,3,6,6,7,8,8,9,6,8,3,11,14,7,9,11,7,4,16,17,9,12,11,16,15,26,27,27,30,36,34,40,41,28,31,38,55,61,46,42,69,52,64,68,52,86,65,86,87,96,87,93,105,83,107,116,102,121,141,153,149,170,162,176,176,167,199,197,206,218,201,275,255,264,289,306,320,321,349,360,396,369,413,446,428,464,504,469,464,580,520,587,560,579,598,672,685,635,678,684,753,730,745,707,748,836,793,822,847,829,947,810,887,853,931,884,970,897,874,926,908,886,897,900,911,922,939,887,989,891,908,884,857,903,850,895,852,804,870,824,815,852,808,719,776,745,792,760,751,712,727,723,690,743,658,660,639,679,675,692,692,661,660,651,666,679,714,731,670,694,706,726,723,727,700,729,706,679,713,746,727,744,718,703,674,643,644,634,574,600,578,551,507,496,447,467,406,401,396,356,373,325,288,250,289,227,208,210,195,165,144,128,106,109,89,72,60,65,51,51,28,18,26,19,11,6,8,5,4,4,1,2,0,0,0,0,0,0,0,0,0,0,0,0,0,0,0,0,0,0,0,0,0,0,0
28.45,0,0,1,1,0,0,1,0,0,1,0,0,0,2,1,0,2,0,1,1,2,1,0,2,0,3,2,0,3,4,2,1,5,4,6,3,1,6,4,5,2,7,5,11,3,6,4,6,10,4,8,4,7,6,14,11,4,10,7,6,8,4,2,4,9,6,6,14,17,16,24,25,35,18,31,36,41,37,46,27,41,46,39,66,70,46,63,60,83,81,67,64,88,88,93,70,90,100,106,115,118,128,121,159,144,148,168,164,193,176,197,183,217,201,239,222,245,246,247,268,314,302,333,320,315,357,405,412,389,417,438,457,496,485,505,498,580,571,621,613,638,688,667,665,656,778,715,775,778,773,848,824,850,882,876,873,906,911,946,945,881,923,947,918,903,888,939,858,905,895,887,897,906,935,889,889,897,840,852,908,897,818,864,801,847,830,768,800,780,796,760,782,720,786,756,734,682,680,706,698,699,637,667,671,659,704,671,685,676,637,689,709,709,684,659,746,717,677,764,678,684,702,715,695,714,758,739,723,687,688,647,632,586,594,600,555,545,493,488,460,461,401,408,383,371,358,314,287,250,279,224,214,203,179,171,132,131,108,100,96,72,57,56,58,48,26,17,29,18,10,6,8,4,4,4,0,2,0,0,0,0,0,0,0,0,0,0,0,0,0,0,0,0,0,0,0,0,0,0,0
28.55,0,0,0,0,1,0,0,0,1,2,0,0,1,1,0,1,1,0,1,2,0,1,2,0,3,1,1,5,1,4,5,4,3,2,1,2,5,2,2,4,7,4,5,7,7,5,5,3,3,7,5,15,9,10,15,10,6,4,5,13,8,6,8,8,5,5,5,5,20,25,23,10,28,30,20,29,42,40,47,37,37,38,51,46,61,55,67,64,66,76,69,63,72,80,99,112,90,106,111,142,112,124,135,141,130,149,170,174,159,198,185,198,206,216,229,258,231,249,308,316,283,313,329,312,327,359,372,398,418,399,460,485,490,503,523,550,564,521,606,606,638,660,719,649,679,717,744,773,768,721,826,826,829,803,816,900,915,879,953,898,870,921,917,986,923,953,953,927,931,880,886,917,872,882,900,866,875,869,849,895,872,856,834,832,787,800,814,769,742,831,739,748,794,776,737,735,728,707,685,707,707,711,636,673,657,624,691,682,658,648,718,679,708,682,656,759,681,723,741,697,661,682,727,686,710,751,718,733,710,668,668,599,565,607,572,545,542,493,497,444,458,403,377,403,349,366,321,276,255,266,226,200,204,187,175,134,132,108,95,95,71,58,50,57,50,27,19,24,20,10,7,8,3,2,4,0,2,0,0,0,0,0,0,0,0,0,0,0,0,0,0,0,0,0,0,0,0,0,0,0
28.65,0,0,0,0,0,0,0,0,0,2,1,0,0,0,0,0,2,1,0,0,1,0,0,3,3,1,3,3,4,1,2,5,1,3,4,3,8,4,0,8,1,4,6,5,8,10,4,7,5,5,14,5,9,10,8,6,5,4,9,7,12,11,4,6,7,12,4,8,18,15,16,34,19,26,32,34,37,40,30,45,38,54,54,58,61,58,72,64,50,74,66,81,81,68,91,98,103,108,112,111,118,132,126,126,134,146,167,159,167,169,202,186,205,237,213,224,236,258,270,304,300,328,308,323,357,356,411,405,401,444,468,501,510,501,527,525,573,571,576,635,680,642,665,722,706,724,731,764,770,798,797,823,846,859,844,894,867,873,928,855,898,912,935,920,941,917,922,901,897,890,849,901,935,871,920,839,883,867,842,880,845,839,818,807,820,836,792,819,790,756,794,757,698,760,708,733,736,705,688,684,730,687,689,652,628,670,708,665,639,619,753,674,703,666,675,704,713,693,731,713,684,680,685,711,720,728,706,718,724,672,672,603,561,589,601,514,540,486,485,446,463,400,370,394,353,356,333,287,236,259,221,203,205,184,183,126,129,101,98,95,69,55,46,56,54,27,20,24,18,10,6,7,3,2,4,0,2,0,0,0,0,0,0,0,0,0,0,0,0,0,0,0,0,0,0,0,0,0,0,0
28.75,1,0,0,1,0,0,0,0,0,0,0,0,1,0,1,0,2,2,1,1,1,1,1,1,0,2,2,1,2,0,1,3,4,1,3,4,2,6,6,8,1,8,5,2,7,10,4,7,6,5,4,8,4,10,7,9,7,6,8,7,7,10,11,10,7,6,11,11,10,16,27,34,38,39,46,34,37,37,60,29,49,39,47,46,57,54,61,84,69,66,72,56,75,86,85,87,89,110,101,118,110,115,125,132,141,130,145,171,180,181,197,226,203,204,247,225,234,241,248,289,300,339,301,331,330,344,384,382,404,435,495,459,516,494,526,581,619,551,593,649,646,691,681,684,683,716,725,762,790,797,796,833,824,849,871,829,882,903,883,865,861,865,882,916,993,889,841,955,882,900,857,919,857,901,908,869,877,877,840,859,802,803,869,796,808,841,866,808,772,744,718,684,733,780,731,736,721,714,666,727,678,677,727,644,653,668,656,623,698,646,698,657,676,674,668,682,684,712,691,735,677,665,686,711,705,719,718,680,714,674,653,591,578,597,576,525,525,473,474,470,431,407,372,391,358,358,329,278,250,255,217,204,206,172,183,128,124,102,96,97,70,53,44,55,53,30,18,25,17,11,6,7,3,2,3,0,1,0,0,0,0,0,0,0,0,0,0,0,0,0,0,0,0,0,0,0,0,0,0,0
28.85,0,0,0,0,0,0,0,0,0,2,2,1,1,0,0,0,2,1,2,0,1,1,1,0,1,2,3,3,3,2,2,6,5,5,5,2,1,3,2,5,3,6,5,5,5,7,8,9,6,12,6,5,9,8,7,14,7,8,13,3,6,13,10,7,9,7,6,11,11,24,29,32,25,43,29,40,25,35,35,46,64,45,43,44,51,62,56,61,64,62,60,68,81,80,83,90,100,107,104,109,113,112,124,144,135,156,164,180,186,168,188,192,195,202,247,216,238,253,286,308,309,283,332,323,332,402,394,416,394,391,488,492,487,468,541,552,533,609,614,597,664,676,730,700,734,774,746,776,818,804,868,820,804,851,850,870,852,931,843,898,939,949,944,937,962,927,983,970,902,941,939,864,902,878,845,909,801,832,812,821,852,818,790,771,792,760,818,780,788,756,751,772,739,679,751,728,739,689,725,687,681,722,630,693,720,638,624,654,678,691,618,701,628,675,666,666,693,676,731,667,694,657,713,666,706,736,707,669,701,689,644,583,573,620,551,526,524,480,471,483,421,424,363,366,377,347,314,301,249,247,206,212,195,162,183,133,118,104,96,99,68,56,42,56,52,28,17,26,17,8,6,9,3,2,3,0,1,0,0,0,0,0,0,0,0,0,0,0,0,0,0,0,0,0,0,0,0,0,0,0
28.95,0,0,0,1,0,0,1,0,1,1,0,0,1,0,0,0,3,1,1,0,2,0,0,3,0,4,4,4,2,1,3,1,2,3,6,2,2,1,2,5,6,3,5,8,11,7,9,7,5,3,5,11,5,4,6,7,11,10,6,10,4,13,5,9,5,10,11,6,13,18,20,25,35,32,30,33,42,34,28,31,49,48,56,56,50,61,62,68,72,68,65,63,64,87,80,80,89,98,123,113,111,130,141,142,117,152,151,152,169,190,201,208,191,187,215,246,242,259,303,267,316,286,319,354,350,331,347,381,411,452,480,461,506,492,494,562,592,573,575,641,655,636,677,673,752,669,730,789,768,781,758,843,788,813,846,861,819,875,871,924,904,926,908,961,898,867,879,919,969,995,873,930,870,903,889,875,904,872,870,868,809,719,821,830,791,799,766,763,707,789,747,790,705,703,723,734,678,720,715,688,661,728,669,683,680,603,647,638,671,676,656,648,649,685,671,654,655,706,690,676,687,670,697,676,687,712,706,677,680,679,674,596,552,606,535,527,508,490,468,457,437,414,374,343,358,335,313,294,254,247,205,219,196,159,179,142,113,103,99,100,67,55,40,58,51,28,18,24,17,6,6,10,3,2,2,1,1,0,0,0,0,0,0,0,0,0,0,0,0,0,0,0,0,0,0,0,0,0,0,0
29.05,0,1,1,1,1,2,1,0,0,0,0,0,0,4,0,1,1,1,0,0,1,2,0,0,1,2,1,4,3,1,4,1,5,5,3,3,6,3,8,4,5,4,10,8,4,5,7,6,10,10,10,8,7,5,8,5,12,10,5,6,8,9,5,5,10,11,2,15,19,22,30,21,25,32,46,30,46,50,50,40,38,44,52,59,57,56,56,60,69,82,81,65,97,68,95,107,115,102,106,110,117,121,105,131,162,152,151,170,180,210,169,205,219,214,237,236,293,261,307,300,330,310,331,320,341,380,410,415,416,411,453,466,505,483,529,552,573,586,591,590,673,643,674,693,709,684,750,768,785,773,821,794,853,786,866,895,869,839,876,892,923,917,894,901,901,884,890,895,908,889,950,881,907,918,888,914,900,866,839,893,849,877,802,793,784,796,790,835,741,707,792,729,762,706,684,723,720,715,722,673,707,646,685,653,644,669,599,638,715,668,632,622,663,692,694,642,669,697,644,691,690,652,706,678,682,696,701,670,641,682,691,588,563,578,541,535,505,493,472,450,432,390,400,340,336,334,306,291,243,242,197,214,191,164,187,133,108,103,97,99,72,52,42,60,49,28,16,23,18,5,7,9,3,2,2,1,1,0,0,0,0,0,0,0,0,0,0,0,0,0,0,0,0,0,0,0,0,0,0,0
29.15,0,1,1,1,0,0,0,2,0,0,0,2,1,0,1,1,1,0,0,2,0,0,1,0,1,1,1,3,5,0,2,3,4,3,1,3,1,6,5,4,2,5,7,5,12,5,6,4,6,8,6,5,5,5,12,4,9,7,12,7,6,6,8,6,1,6,3,7,16,17,20,21,25,24,32,35,29,31,34,48,49,52,54,59,53,69,66,69,60,73,80,76,78,86,100,132,90,82,98,103,112,131,125,114,154,159,154,152,191,173,188,190,216,215,237,217,237,239,286,323,303,326,307,354,357,358,386,403,417,434,503,463,477,534,546,573,560,610,616,586,651,648,654,712,730,749,803,756,801,828,828,807,848,863,850,873,833,896,932,908,894,881,866,907,964,908,896,933,927,938,904,872,889,847,887,907,838,873,867,847,841,819,842,836,755,813,797,732,823,771,724,788,759,688,692,727,712,718,688,670,714,679,675,624,630,688,605,638,695,646,667,634,616,693,712,659,670,646,677,656,694,673,693,705,645,680,694,665,627,677,654,601,579,594,511,552,506,489,468,443,436,385,385,349,333,317,306,276,242,243,190,209,190,161,177,141,106,102,102,97,73,49,42,55,50,28,17,23,18,8,7,8,3,2,2,1,1,0,0,0,0,0,0,0,0,0,0,0,0,0,0,0,0,0,0,0,0,0,0,0
29.25,2,0,0,0,0,3,0,0,1,0,0,0,0,0,1,0,2,1,0,3,0,1,2,0,2,2,1,1,5,1,1,1,2,4,5,5,2,6,3,3,7,5,7,7,3,8,13,3,10,11,10,9,7,10,8,7,8,1,11,5,11,10,6,11,6,2,11,14,18,17,21,21,26,27,40,41,38,31,44,54,54,42,57,51,39,61,56,72,53,74,73,58,76,71,92,102,94,90,104,104,105,121,129,122,157,122,139,168,177,225,200,206,201,233,213,238,233,274,286,289,267,306,329,333,355,368,359,411,426,435,464,511,522,484,517,533,578,589,574,595,656,666,636,699,725,714,740,791,806,784,774,841,848,888,836,870,900,870,879,943,888,910,970,925,929,864,921,889,957,902,929,880,894,889,891,801,919,843,835,788,859,858,865,829,836,753,757,761,742,747,749,735,732,754,747,671,673,684,737,703,709,680,663,634,637,647,652,617,710,632,661,628,634,678,691,653,676,670,667,661,665,682,692,694,637,671,676,679,612,677,624,615,594,586,519,524,505,490,448,459,425,394,380,332,329,327,313,263,246,234,185,211,187,155,168,143,107,107,96,96,70,48,44,53,48,29,17,24,20,7,6,8,3,2,2,1,1,0,0,0,0,0,0,0,0,0,0,0,0,0,0,0,0,0,0,0,0,0,0,0
29.35,1,0,0,1,0,2,0,0,2,1,1,1,1,3,0,0,1,1,0,0,0,1,0,3,3,4,0,4,3,1,0,4,3,4,3,2,6,4,5,7,4,7,9,6,4,7,10,8,4,6,5,12,11,10,9,9,5,9,11,11,5,9,10,9,7,14,9,14,17,21,28,26,31,33,34,30,43,37,55,40,49,49,44,58,49,60,64,64,67,68,87,70,87,67,95,96,103,100,104,89,131,125,137,130,148,140,164,180,177,182,180,203,204,209,236,262,227,271,270,294,289,297,361,349,372,359,377,401,443,419,464,500,501,469,501,580,534,561,606,662,642,659,711,681,681,770,768,754,761,814,786,806,848,880,857,897,892,870,903,893,927,908,892,926,919,962,920,923,929,961,911,872,897,920,871,860,842,825,861,855,865,835,792,831,803,793,776,756,782,775,729,720,741,770,704,699,680,708,678,688,670,700,659,633,635,654,628,618,685,676,652,637,662,624,722,631,698,661,640,687,652,668,697,695,649,644,660,674,598,673,610,639,584,562,539,518,497,494,451,455,432,384,377,329,313,335,311,262,242,227,188,205,188,154,160,144,112,100,99,92,72,47,44,53,44,28,16,23,20,8,6,8,3,1,2,1,2,0,0,0,0,0,0,0,0,0,0,0,0,0,0,0,0,0,0,0,0,0,0,0
29.45,0,2,0,0,0,0,0,0,0,0,0,2,0,0,2,0,1,1,0,1,2,0,3,0,1,1,1,4,3,2,2,2,1,4,3,6,3,3,4,6,5,2,9,13,5,6,9,5,7,10,6,9,5,7,7,5,14,8,12,5,7,4,5,6,16,8,4,16,19,15,21,25,30,21,27,33,33,38,38,51,36,47,49,60,53,55,59,65,61,77,66,83,91,76,85,101,76,89,114,109,103,117,117,137,142,123,150,186,169,164,181,201,174,226,229,219,276,229,265,300,318,302,318,363,377,362,375,409,410,472,439,466,495,476,520,527,588,569,571,631,677,654,671,659,724,725,727,756,772,754,839,800,771,787,876,880,877,863,880,886,916,936,893,873,902,926,905,943,882,950,934,963,868,917,921,901,878,834,923,803,884,843,796,758,824,821,788,750,769,738,750,740,703,713,721,716,699,654,666,718,676,693,656,634,631,600,665,665,655,653,625,679,652,628,698,680,646,656,654,682,649,672,729,668,619,659,621,684,611,635,630,627,552,561,522,539,464,491,474,456,448,360,378,313,314,321,308,268,237,229,189,203,185,157,145,142,109,100,92,94,75,49,42,48,48,30,15,24,21,7,6,8,3,1,2,1,2,0,0,0,0,0,0,0,0,0,0,0,0,0,0,0,0,0,0,0,0,0,0,0
29.55,0,0,0,0,0,0,0,0,0,0,1,0,2,2,1,1,0,2,3,1,1,1,1,2,4,3,0,1,2,2,2,5,1,1,5,2,5,1,4,3,3,4,3,5,1,8,4,6,7,10,10,4,11,8,4,12,8,6,10,9,6,8,10,6,8,9,5,14,16,23,23,21,31,27,31,47,34,44,37,26,42,51,36,61,46,42,58,59,71,63,70,86,78,101,89,92,88,96,114,104,122,119,148,138,144,154,149,159,170,166,211,170,175,180,216,223,244,256,261,260,282,313,322,334,363,369,382,388,426,421,412,473,438,485,546,533,583,573,608,638,645,632,684,714,720,706,757,741,720,782,780,819,782,834,850,882,868,867,892,899,860,943,890,837,913,897,947,884,888,904,893,920,912,873,906,927,915,856,856,860,850,756,789,855,802,834,801,768,771,728,674,736,696,677,676,713,694,707,622,714,727,628,665,645,631,621,648,660,617,622,652,658,652,639,651,728,622,640,647,678,659,674,702,647,642,645,630,659,628,622,622,613,570,542,551,530,469,476,462,443,457,353,372,317,313,321,300,265,240,226,181,204,177,155,147,132,107,103,90,88,71,54,44,47,46,29,15,24,21,8,5,7,4,1,2,1,2,0,0,0,0,0,0,0,0,0,0,0,0,0,0,0,0,0,0,0,0,0,0,0
29.65,0,0,0,1,1,0,0,1,0,0,0,1,2,1,0,0,0,0,2,0,1,0,1,1,1,1,2,0,1,2,2,1,2,2,3,1,1,2,7,5,8,7,6,8,6,10,7,8,4,7,10,11,8,5,9,11,9,6,9,6,9,16,7,8,15,15,12,9,20,20,20,24,20,27,22,28,35,49,46,36,45,42,48,54,52,59,62,65,66,69,71,78,98,75,93,92,94,106,113,108,99,140,110,124,130,137,141,152,167,185,176,189,200,199,243,231,211,276,264,269,285,303,302,321,321,349,398,388,410,424,471,416,503,522,563,501,574,572,583,598,634,657,657,671,655,794,772,732,811,795,821,741,839,852,832,858,892,870,888,900,886,939,889,907,922,976,931,937,905,911,962,851,912,918,865,874,930,886,774,827,820,825,811,816,780,800,796,833,758,675,747,747,704,668,653,672,682,688,668,678,633,671,624,644,673,630,640,660,599,634,645,659,628,662,621,727,647,622,621,637,671,699,702,650,647,650,626,636,640,630,607,586,571,548,540,526,482,457,455,455,439,362,369,310,314,313,287,259,240,209,196,200,166,162,144,133,108,95,89,91,72,57,42,44,45,32,14,22,19,9,5,6,5,1,2,1,1,0,0,0,0,0,0,0,0,0,0,0,0,0,0,0,0,0,0,0,0,0,0,0
29.75,0,0,1,0,1,0,0,0,0,0,1,2,2,1,0,0,0,0,3,0,1,0,2,5,0,1,2,6,1,1,0,0,6,1,6,4,1,7,5,2,9,1,3,5,4,10,7,8,7,6,3,8,10,10,3,10,15,7,4,11,9,6,9,3,7,5,9,12,20,21,18,17,24,32,25,37,34,37,33,49,37,46,51,47,64,59,70,52,60,75,72,64,79,82,76,91,92,109,89,114,108,120,118,146,132,130,148,143,139,156,196,208,214,211,231,234,219,270,239,286,251,292,336,357,311,361,363,397,388,435,387,412,463,506,501,515,527,567,584,636,678,721,651,650,701,726,748,761,772,818,754,853,818,889,851,855,875,903,895,884,934,908,967,892,923,885,919,917,947,889,903,859,913,910,889,879,858,820,880,849,826,839,806,765,747,755,782,787,732,769,726,678,708,708,681,635,711,691,682,641,626,650,610,651,675,621,675,614,609,613,662,609,648,673,612,702,653,640,606,638,713,686,674,639,655,626,608,655,639,616,596,596,561,541,534,528,483,445,461,451,421,362,373,299,313,318,288,248,241,223,191,195,159,156,141,137,106,95,91,88,75,57,40,45,45,28,15,18,20,8,5,7,6,0,2,1,1,0,0,0,0,0,0,0,0,0,0,0,0,0,0,0,0,0,0,0,0,0,0,0
29.85,1,2,0,0,1,0,1,0,1,0,0,0,1,1,0,1,1,1,1,3,1,0,1,3,0,2,3,0,3,1,2,3,2,3,1,4,2,3,6,3,4,6,4,5,6,6,8,6,8,13,14,7,8,6,10,4,8,7,2,11,14,15,9,6,12,12,8,7,14,16,22,24,37,46,39,27,43,42,35,37,61,39,40,53,51,57,58,71,67,58,66,90,82,89,85,93,100,107,119,110,121,117,134,134,133,147,132,160,160,193,186,179,187,205,216,246,226,277,267,269,280,297,323,332,330,347,403,368,436,425,403,474,474,493,549,549,551,548,592,632,630,682,681,694,696,723,748,740,806,840,766,820,816,834,866,900,894,834,952,882,914,922,954,901,921,944,874,909,937,895,880,903,847,912,848,836,851,863,829,846,843,834,839,790,801,785,736,737,768,778,675,732,678,706,723,701,648,680,654,608,644,608,645,625,612,675,645,567,638,614,663,610,620,672,625,656,677,652,639,597,703,670,693,669,602,605,611,630,636,612,590,569,582,517,557,523,466,458,454,438,409,361,365,294,311,307,300,244,237,224,189,184,161,152,137,135,114,94,93,81,71,59,41,46,40,31,13,20,20,8,4,6,5,0,2,1,1,0,0,0,0,0,0,0,0,0,0,0,0,0,0,0,0,0,0,0,0,0,0,0
29.95,0,0,0,1,0,0,0,2,0,2,0,2,0,1,2,1,1,1,1,2,0,1,0,3,2,1,2,1,4,1,1,2,3,4,3,3,3,3,2,7,5,3,7,8,9,10,5,7,6,4,7,5,9,13,10,9,6,9,6,7,9,8,8,12,10,8,4,9,10,11,27,29,20,19,32,40,48,45,38,49,38,45,41,55,39,63,56,69,60,62,73,66,79,77,97,78,92,86,111,104,131,122,139,123,112,121,152,164,185,170,173,188,196,224,230,208,235,276,292,272,290,285,312,344,392,373,411,410,378,446,410,440,474,492,566,527,546,575,611,635,589,654,724,736,701,725,759,754,733,767,786,793,805,848,814,886,908,840,885,883,915,927,938,893,947,859,894,944,891,867,918,873,916,878,810,918,855,894,894,830,805,873,741,827,782,810,730,760,705,690,750,726,698,694,699,743,669,712,611,626,604,640,679,628,618,643,666,613,609,589,647,621,664,644,637,655,670,659,635,611,653,687,671,655,635,585,608,628,617,603,601,578,553,534,544,524,475,455,441,437,408,365,340,311,303,306,291,240,236,227,185,187,158,150,137,132,108,95,93,82,71,51,42,43,38,32,12,21,18,9,5,6,5,0,2,1,1,0,0,0,0,0,0,0,0,0,0,0,0,0,0,0,0,0,0,0,0,0,0,0
30.05,0,0,0,1,0,0,1,0,0,2,0,1,1,1,2,0,0,2,2,1,1,1,2,1,1,0,0,3,2,0,1,3,1,2,2,3,0,8,3,3,2,3,5,3,5,5,5,9,4,8,11,10,6,6,9,4,4,5,8,4,11,6,8,11,9,4,5,9,16,20,34,27,25,35,35,39,33,39,43,44,50,60,57,47,60,54,52,55,66,71,67,84,82,89,82,78,112,108,101,113,122,120,114,134,127,141,162,179,154,175,189,184,192,202,220,229,255,236,254,308,317,288,335,347,338,354,362,382,398,457,429,447,519,497,496,528,581,525,631,603,626,639,673,704,705,715,764,751,739,767,783,809,822,854,849,868,899,837,875,927,939,917,928,966,903,915,918,908,922,956,979,880,873,891,874,852,893,868,834,868,827,823,845,813,794,777,758,732,732,686,699,716,670,680,667,718,690,658,626,636,618,659,662,618,637,621,614,711,599,572,596,607,677,600,680,627,682,629,646,619,675,674,640,678,605,575,661,577,613,626,611,557,538,515,550,512,484,460,441,415,412,360,338,313,293,310,286,238,225,217,188,178,152,149,137,146,98,100,87,83,66,51,42,42,35,30,14,22,17,10,6,6,5,0,2,1,1,0,0,0,0,0,0,0,0,0,0,0,0,0,0,0,0,0,0,0,0,0,0,0
30.15,0,1,0,0,0,0,1,0,1,0,0,0,0,0,0,1,0,2,1,1,0,2,0,0,1,4,1,1,0,2,4,1,2,1,5,3,5,4,6,5,4,5,2,2,4,3,6,9,11,9,13,10,12,6,9,4,9,6,9,7,4,7,8,11,10,9,7,17,12,18,20,25,28,23,34,37,38,41,50,42,37,39,57,61,58,49,44,66,68,69,84,74,82,81,88,91,85,103,128,109,101,125,110,136,148,146,158,169,165,188,203,193,190,208,234,226,259,235,244,281,319,299,331,335,344,348,377,387,419,399,462,476,486,482,512,555,519,580,534,619,623,653,648,646,716,779,722,760,749,758,826,800,761,897,834,876,895,931,893,887,872,882,928,881,908,921,886,913,881,880,861,877,880,946,870,915,853,878,813,835,829,855,787,798,767,789,774,765,689,713,661,703,716,670,643,674,678,627,643,661,641,627,629,663,604,643,580,632,627,614,565,629,665,651,633,655,669,615,633,640,654,681,645,657,596,602,608,615,605,633,601,538,550,528,561,493,462,457,428,412,394,377,341,315,278,300,280,238,226,219,193,162,148,158,139,147,97,99,81,80,62,54,41,38,34,29,16,21,17,9,4,5,7,0,2,1,0,0,0,0,0,0,0,0,0,0,0,0,0,0,0,0,0,0,0,0,0,0,0,0
30.25,1,0,0,1,0,0,0,0,1,2,0,0,0,0,1,1,1,0,0,1,0,1,2,4,3,0,3,0,1,2,1,6,3,3,2,2,2,0,1,5,9,4,8,5,7,7,4,7,5,2,5,8,10,6,3,5,5,10,7,8,6,9,6,6,5,14,11,7,12,27,34,27,26,34,32,33,45,40,42,31,34,53,64,48,55,51,58,54,55,41,79,80,73,86,82,92,99,100,120,130,111,102,141,114,152,134,149,157,177,166,189,188,198,241,227,238,248,279,249,290,309,306,313,344,323,386,394,416,400,399,438,419,483,500,505,533,558,527,569,610,646,652,657,716,710,714,788,797,787,801,816,847,795,857,806,867,854,872,905,912,873,870,851,899,918,863,913,942,899,820,922,875,867,839,811,886,884,906,849,856,819,803,845,800,785,746,769,787,720,733,694,690,676,685,657,671,638,693,626,621,651,647,602,638,667,624,588,614,613,595,573,629,653,623,642,622,678,633,626,623,613,689,650,625,596,601,603,631,600,612,599,548,540,529,566,487,464,449,426,409,410,357,337,321,269,291,268,237,224,201,203,162,142,160,134,146,98,100,89,72,63,51,41,35,36,28,17,21,17,8,4,5,7,0,2,1,0,0,0,0,0,0,0,0,0,0,0,0,0,0,0,0,0,0,0,0,0,0,0,0
30.35,0,0,0,1,1,0,0,2,0,1,1,1,2,0,0,1,0,2,0,1,1,0,2,2,1,2,0,2,2,2,0,1,3,4,1,0,4,3,3,8,4,5,8,5,3,6,7,9,9,4,3,4,8,11,8,9,8,11,4,8,6,10,5,3,4,11,12,11,21,33,22,22,35,28,35,22,37,39,36,48,49,48,53,52,60,62,54,53,67,86,69,100,76,85,86,71,106,92,97,129,107,100,137,149,114,164,165,177,172,166,177,173,220,212,239,239,257,248,251,290,275,291,334,322,342,331,377,415,409,466,483,449,472,469,485,508,566,589,546,593,615,621,637,669,681,678,728,708,789,773,790,857,857,829,852,846,860,934,857,876,923,923,890,967,841,885,875,948,909,872,919,887,886,850,882,878,854,871,867,874,860,792,750,781,797,769,794,774,767,704,737,660,670,674,678,669,646,632,661,602,639,614,603,640,667,603,594,597,583,623,616,593,598,683,633,603,664,633,608,627,635,678,633,608,604,614,586,622,608,594,595,524,540,523,551,485,474,444,425,412,393,373,333,333,260,289,259,241,221,198,206,156,145,160,135,135,97,100,88,70,60,48,44,31,34,28,17,18,18,8,5,5,7,0,2,1,0,0,0,0,0,0,0,0,0,0,0,0,0,0,0,0,0,0,0,0,0,0,0,0
30.45,0,0,0,0,0,0,1,0,1,1,1,1,0,2,1,0,0,1,0,3,2,1,2,3,2,2,0,4,3,1,5,3,2,4,2,1,3,2,5,7,4,3,7,6,8,8,9,6,7,6,7,9,2,5,8,12,6,9,13,4,7,4,7,5,10,5,9,14,18,24,18,35,22,28,42,35,25,33,31,34,55,39,57,59,61,54,63,60,52,81,59,68,88,80,95,88,103,72,102,116,113,121,131,120,110,111,139,152,166,178,178,176,199,217,214,232,211,244,267,263,304,299,330,342,345,344,374,385,399,428,418,449,464,472,526,506,536,528,578,630,650,691,630,684,720,728,774,740,773,753,834,795,771,848,788,839,870,860,907,871,933,884,898,882,902,950,893,874,893,892,867,863,875,868,880,836,840,865,917,795,825,836,810,785,774,799,762,728,731,759,656,687,674,669,653,687,599,661,651,646,597,598,585,629,683,585,608,579,601,612,632,601,603,652,632,598,642,649,608,615,620,675,628,650,583,628,590,603,580,586,591,540,523,523,528,503,465,453,418,411,383,382,337,326,246,288,256,224,215,200,202,161,145,155,131,128,93,101,92,73,60,47,46,30,37,28,19,17,18,6,5,3,8,0,2,1,0,0,0,0,0,0,0,0,0,0,0,0,0,0,0,0,0,0,0,0,0,0,0,0
30.55,1,1,0,0,0,0,1,0,0,0,1,0,2,1,0,1,0,1,1,0,0,2,2,3,0,2,1,0,4,2,2,2,0,5,0,2,0,2,9,2,2,4,6,1,3,11,6,6,8,9,11,5,9,8,12,3,12,6,4,9,9,7,5,5,16,6,8,20,12,16,27,27,21,29,37,34,28,45,46,48,43,37,42,40,43,53,72,56,54,55,79,72,86,69,84,86,103,123,107,91,121,109,121,128,132,148,144,152,166,176,170,181,190,218,192,237,235,227,290,275,278,324,332,341,341,410,367,394,424,424,445,479,509,483,498,569,547,582,585,601,586,650,672,634,671,729,757,788,749,804,781,791,828,789,865,816,775,831,961,844,854,913,913,901,893,909,867,847,905,931,937,842,887,865,833,823,886,806,818,824,833,773,762,773,783,793,694,751,718,701,767,688,683,628,689,622,647,660,642,660,601,614,595,620,622,641,613,546,609,642,621,631,606,606,604,644,638,615,639,619,607,647,651,627,586,617,599,592,572,580,560,563,509,525,524,510,463,472,404,401,373,392,333,326,244,279,260,229,210,196,202,144,153,164,129,120,94,100,89,77,60,48,46,27,35,28,20,17,15,7,5,3,8,0,2,1,0,0,0,0,0,0,0,0,0,0,0,0,0,0,0,0,0,0,0,0,0,0,0,0
30.65,0,1,0,0,0,1,1,1,0,0,1,1,0,0,1,0,1,0,0,2,2,1,3,0,2,1,2,0,2,2,2,2,2,1,0,4,3,3,3,7,8,4,5,3,6,6,5,6,3,7,6,9,6,5,7,6,10,4,5,8,9,3,10,11,13,7,5,13,15,16,21,32,42,38,39,37,26,37,45,50,38,47,41,46,51,62,67,69,65,69,69,80,91,91,82,81,86,113,100,124,111,115,118,137,130,138,140,153,167,171,188,199,193,203,222,223,218,275,267,261,281,286,304,327,351,363,404,392,428,437,438,444,465,483,495,556,541,573,576,587,665,658,661,700,688,712,676,752,808,806,824,796,810,807,802,783,870,856,913,866,906,910,859,856,889,860,893,888,882,879,895,887,892,894,886,822,790,843,859,779,802,776,815,783,757,723,762,719,714,697,732,724,710,631,622,665,659,637,641,638,650,610,613,585,603,644,564,553,595,626,632,621,620,571,652,636,616,616,628,632,619,628,637,603,596,626,577,599,572,580,553,557,496,533,500,537,450,470,394,419,358,378,341,316,244,284,255,226,201,197,204,145,150,162,125,128,84,100,87,75,62,46,46,28,32,26,21,17,14,7,5,3,8,0,2,1,0,0,0,0,0,0,0,0,0,0,0,0,0,0,0,0,0,0,0,0,0,0,0,0
30.75,0,0,0,2,0,0,0,0,0,0,0,0,0,0,0,2,1,1,1,1,0,2,2,0,3,4,1,1,2,2,2,1,6,6,0,2,7,3,2,5,3,4,5,5,7,4,4,9,6,7,7,8,5,7,8,4,4,10,9,5,6,5,10,11,7,6,9,6,13,18,22,25,25,29,36,34,44,32,53,29,51,37,61,43,51,71,54,62,72,81,73,63,78,73,88,84,80,97,90,121,119,112,116,143,140,132,139,144,178,166,189,205,200,226,211,226,267,240,249,265,308,320,322,334,328,332,351,417,406,423,445,445,469,469,515,553,572,533,623,586,609,656,647,631,684,699,709,710,739,806,810,824,833,874,823,856,897,820,915,875,939,862,887,894,840,855,880,888,833,868,934,843,911,861,864,913,828,782,807,803,780,750,795,782,738,713,784,747,731,716,731,730,705,677,671,621,660,669,612,595,650,640,623,563,595,607,552,583,588,604,639,639,627,554,666,666,598,654,598,647,645,584,642,581,626,604,558,580,586,587,534,550,500,516,496,540,447,466,403,396,361,373,334,313,252,278,254,238,207,181,206,142,151,156,124,120,90,99,81,77,63,45,45,24,34,23,19,20,13,6,5,4,8,1,1,1,0,0,0,0,0,0,0,0,0,0,0,0,0,0,0,0,0,0,0,0,0,0,0,0
30.85,0,0,0,1,1,0,0,0,0,0,1,0,1,2,1,0,0,0,0,3,0,2,1,0,0,0,0,3,1,1,6,2,2,2,1,3,4,2,6,5,5,3,5,6,4,4,5,14,8,3,3,7,3,9,3,5,7,9,5,10,10,3,16,11,6,12,7,10,13,30,31,22,48,37,31,41,39,31,39,33,43,53,44,60,46,52,52,49,60,79,68,88,80,82,81,85,99,90,109,102,111,97,140,124,115,155,146,178,141,197,150,202,186,224,194,240,232,249,274,279,294,316,342,335,344,365,373,373,411,423,442,470,482,517,553,572,522,561,583,539,592,593,673,688,677,700,721,731,742,779,755,779,794,826,825,832,844,889,885,842,928,893,906,863,864,901,941,934,883,879,891,924,846,890,792,859,812,831,831,813,809,787,714,787,755,786,723,752,757,719,695,704,742,683,662,666,642,660,642,613,609,626,628,618,573,568,589,585,616,589,629,646,626,585,610,659,592,653,615,661,629,565,631,609,609,582,553,568,602,577,536,530,498,510,487,526,455,445,395,390,375,365,341,316,256,265,251,253,203,168,205,148,149,153,122,118,97,95,83,73,61,47,42,26,31,21,19,19,13,6,4,3,9,1,1,1,0,0,0,0,0,0,0,0,0,0,0,0,0,0,0,0,0,0,0,0,0,0,0,0
30.95,0,0,0,0,1,0,0,0,1,0,1,0,2,0,2,0,0,0,0,0,2,0,3,1,0,2,0,2,3,1,4,2,1,1,2,4,1,1,7,3,2,8,7,1,3,8,2,6,5,7,3,5,10,12,9,11,8,4,8,8,8,8,10,7,7,7,7,15,22,29,28,25,30,28,33,27,27,31,29,38,33,53,42,50,64,64,60,66,49,64,67,66,94,79,82,96,86,80,95,86,122,111,121,128,151,137,132,156,191,190,166,175,182,191,228,229,232,232,262,262,234,282,320,322,334,348,356,385,403,420,454,429,459,471,476,484,558,602,573,596,607,666,661,615,696,706,724,782,807,747,787,749,836,861,806,833,837,886,875,871,879,887,860,892,852,901,885,878,856,824,879,892,848,842,852,837,852,848,835,815,827,768,780,766,705,735,765,753,730,735,730,707,715,690,690,647,682,635,642,611,614,631,626,607,564,553,576,632,580,583,599,644,642,600,596,640,612,621,662,634,634,580,616,608,597,609,548,577,603,578,527,550,462,501,491,504,459,455,389,383,375,358,355,308,270,258,253,249,205,159,203,148,146,145,120,117,99,95,87,71,61,44,46,28,30,21,20,18,14,5,4,3,9,1,1,1,0,0,0,0,0,0,0,0,0,0,0,0,0,0,0,0,0,0,0,0,0,0,0,0
31.05,1,0,0,0,0,1,0,0,1,0,0,1,0,0,1,2,1,2,0,1,1,4,1,1,2,0,2,3,3,3,3,0,4,3,3,3,4,6,5,3,1,4,6,8,5,4,4,10,6,6,3,7,9,13,9,7,6,7,10,6,9,3,12,8,8,3,4,18,17,24,27,23,30,32,30,33,52,51,51,52,44,51,50,59,44,56,79,62,75,74,78,79,87,83,93,88,93,96,102,106,128,116,107,122,146,149,137,165,157,162,205,221,176,203,219,226,258,267,285,274,270,306,327,316,384,338,352,420,405,439,448,446,480,508,497,545,536,588,594,597,591,594,629,643,728,719,755,685,778,803,787,770,802,786,821,830,883,907,903,877,868,897,844,909,904,863,917,866,887,894,810,849,845,847,853,837,792,849,821,842,783,777,772,734,774,745,766,750,744,746,736,729,674,659,671,678,697,635,642,612,610,637,610,612,536,563,622,611,591,568,610,638,598,622,588,623,621,595,678,635,626,581,592,613,613,592,569,562,565,573,521,536,494,470,486,521,453,459,392,375,376,352,360,303,272,253,259,243,207,160,199,149,147,136,120,117,100,94,88,69,61,47,47,27,27,21,19,21,15,5,4,3,8,1,1,1,0,0,0,0,0,0,0,0,0,0,0,0,0,0,0,0,0,0,0,0,0,0,0,0
31.15,0,0,1,0,0,0,0,0,0,0,0,1,0,0,4,0,1,1,2,1,0,1,1,2,3,1,2,3,1,1,1,2,2,4,2,1,4,7,3,2,3,4,2,8,6,5,4,8,3,9,10,12,9,6,4,9,7,6,5,6,9,6,7,8,5,9,13,10,19,24,22,27,28,35,36,34,33,46,27,46,40,39,44,47,64,56,58,66,60,67,81,73,81,78,78,116,101,105,86,112,125,121,132,148,138,182,150,161,161,168,195,179,188,221,240,220,254,246,241,289,282,309,296,349,316,389,399,367,404,447,428,509,465,506,464,514,541,570,534,618,606,624,630,603,641,677,762,708,753,811,830,810,803,840,818,841,857,874,934,867,928,888,939,922,913,915,878,848,854,895,860,852,872,802,854,900,854,801,862,808,816,819,777,756,782,709,769,761,732,719,714,692,678,677,650,643,666,666,624,630,625,598,603,583,574,570,608,615,594,582,615,642,586,617,593,609,626,625,674,607,631,590,590,598,618,584,579,570,575,554,525,534,478,473,490,511,459,432,390,385,370,348,346,302,281,253,248,248,202,167,192,146,143,124,121,118,95,94,97,68,57,49,45,29,28,19,18,21,17,5,4,3,8,1,1,1,0,0,0,0,0,0,0,0,0,0,0,0,0,0,0,0,0,0,0,0,0,0,0,0
31.25,1,0,0,0,0,0,0,0,0,0,0,0,0,1,0,1,0,1,1,0,0,1,1,2,2,4,0,1,1,2,3,3,4,0,6,4,0,0,3,8,6,3,3,7,4,6,8,7,4,5,12,7,12,5,13,11,10,8,8,7,7,7,6,8,4,11,8,11,17,23,22,26,28,31,33,44,30,30,36,45,39,42,41,43,52,61,58,59,64,58,74,66,85,93,94,89,98,93,81,100,117,121,102,116,152,142,132,151,139,192,189,211,209,216,239,234,253,252,259,288,304,282,301,316,345,345,377,379,430,411,439,487,475,502,532,539,595,563,611,618,633,642,677,675,671,703,768,770,770,804,803,796,841,826,845,860,874,939,831,880,867,878,934,863,887,906,908,929,901,919,848,922,830,847,875,842,834,839,800,813,798,794,857,809,786,709,731,700,722,741,690,656,671,716,673,702,608,677,626,635,592,599,631,567,595,588,586,623,601,563,601,607,615,600,597,624,636,637,663,610,626,599,585,618,601,564,594,557,572,522,527,543,476,470,474,490,447,441,398,359,376,342,342,297,268,261,241,246,195,165,189,143,141,120,124,119,89,93,100,66,53,45,44,29,27,17,21,21,16,6,5,3,5,2,1,1,0,0,0,0,0,0,0,0,0,0,0,0,0,0,0,0,0,0,0,0,0,0,0,0
31.35,0,0,0,1,0,2,1,2,0,0,2,0,0,2,2,0,0,3,2,1,4,0,0,2,1,1,1,0,2,0,1,1,3,2,1,5,2,6,3,4,6,5,3,5,5,6,9,6,3,9,4,11,3,7,6,6,6,7,12,10,7,6,5,4,6,5,7,14,23,18,30,23,36,25,36,39,42,36,38,46,35,45,60,59,47,53,64,53,53,67,62,76,80,80,76,106,100,82,114,110,117,111,125,139,123,155,162,144,169,191,217,187,209,208,213,242,256,232,239,242,299,281,324,307,340,302,342,368,438,442,434,470,438,505,503,561,540,579,629,615,645,636,694,687,730,695,725,757,776,800,801,785,750,796,857,856,829,836,878,918,897,885,877,872,906,901,851,893,898,881,878,883,889,862,877,868,831,822,831,806,784,840,820,821,791,762,749,726,735,701,694,675,653,700,706,667,610,614,646,620,623,616,569,588,597,602,613,595,585,631,579,602,615,606,601,651,593,636,657,643,641,575,589,581,613,560,605,544,555,537,513,556,459,468,466,482,442,419,404,360,374,332,331,293,277,258,240,246,183,169,184,138,139,117,122,127,86,90,99,65,49,45,43,30,27,14,21,20,16,5,4,3,5,3,1,1,0,0,0,0,0,0,0,0,0,0,0,0,0,0,0,0,0,0,0,0,0,0,0,0
31.45,1,0,0,0,1,0,0,1,0,1,1,0,0,1,1,0,0,0,0,3,1,4,0,0,1,3,4,2,1,2,2,4,2,3,3,4,7,1,2,1,7,7,2,3,3,6,8,10,4,10,5,4,11,5,4,9,5,7,12,11,7,7,6,5,8,11,3,14,10,17,26,30,31,33,37,33,42,48,42,44,43,62,54,56,52,53,54,73,82,77,67,67,77,73,84,97,107,103,115,132,108,123,118,126,124,148,159,157,174,181,191,191,189,205,226,253,221,239,252,285,267,299,285,337,337,360,384,388,432,433,441,392,454,492,501,483,551,551,585,642,638,652,619,633,687,726,723,735,723,732,754,804,790,852,827,848,876,827,852,872,905,853,930,928,914,878,909,825,918,836,877,885,924,870,851,858,890,828,798,839,782,824,795,775,790,775,786,743,720,708,686,690,713,653,633,677,665,611,615,642,614,623,574,581,570,644,610,612,595,583,563,587,597,630,615,626,618,642,634,669,617,602,563,553,614,596,574,573,527,525,507,539,466,447,475,483,426,406,422,359,359,337,343,275,272,240,245,237,198,161,179,136,143,127,114,125,86,88,96,60,49,47,44,30,26,13,21,22,16,5,4,3,5,3,1,1,0,0,0,0,0,0,0,0,0,0,0,0,0,0,0,0,0,0,0,0,0,0,0,0
31.55,0,0,0,2,0,2,0,0,0,0,0,1,1,1,0,3,3,1,0,0,0,2,0,1,2,1,3,1,5,2,4,2,3,0,7,6,4,2,2,5,9,1,5,1,4,7,8,12,7,10,8,7,9,6,10,10,11,7,4,1,5,7,8,16,11,8,9,12,16,23,26,17,27,28,23,48,24,47,38,48,46,42,50,53,55,56,64,60,55,65,82,78,92,69,89,95,80,112,97,114,98,108,130,141,129,161,141,170,179,171,182,206,212,207,222,241,238,262,246,313,287,293,311,353,326,339,343,393,436,412,449,493,468,517,515,524,532,549,615,577,578,601,608,701,723,681,782,720,764,769,802,830,808,844,784,842,861,825,794,882,896,882,901,868,969,933,887,863,920,872,882,868,874,899,865,872,853,865,844,813,804,812,755,787,786,783,790,746,764,728,621,708,698,643,649,612,677,650,622,633,653,594,573,581,584,570,660,604,572,562,613,567,607,638,612,586,673,621,619,666,630,594,561,569,610,580,563,571,537,533,494,534,473,455,471,469,424,410,407,374,345,343,346,271,274,233,244,230,203,160,178,139,140,127,109,119,86,91,90,58,45,51,41,29,26,14,22,21,17,5,5,2,5,2,1,1,0,0,0,0,0,0,0,0,0,0,0,0,0,0,0,0,0,0,0,0,0,0,0,0
31.65,0,0,0,1,1,0,0,0,0,0,2,1,0,0,0,0,1,1,0,1,1,6,1,0,1,1,0,4,3,3,5,0,1,1,4,4,4,2,4,2,8,5,6,13,6,5,8,7,10,8,5,10,14,8,3,9,9,10,8,4,13,4,5,5,7,4,6,10,16,21,24,38,31,29,33,39,46,42,45,32,44,47,54,40,46,58,49,74,70,82,68,75,81,79,82,84,105,107,101,99,114,118,102,130,134,147,155,165,175,165,169,202,204,199,238,250,235,256,233,281,303,307,290,340,340,332,393,428,412,431,455,469,506,481,489,506,577,580,580,658,669,652,672,708,718,733,729,715,742,778,778,829,816,844,912,820,909,875,905,888,907,939,895,877,870,910,930,941,855,912,916,925,873,860,858,844,818,830,816,853,802,756,778,757,785,778,750,761,723,723,682,706,663,669,626,659,707,670,609,625,625,582,560,586,572,602,605,604,580,582,587,572,602,667,604,579,650,626,636,622,619,580,547,597,602,565,572,567,550,509,496,542,490,452,459,457,430,404,394,393,337,341,323,262,277,226,232,229,197,157,175,140,136,128,105,120,85,84,93,63,45,48,42,29,25,15,19,20,18,5,5,2,5,2,1,1,0,0,0,0,0,0,0,0,0,0,0,0,0,0,0,0,0,0,0,0,0,0,0,0
31.75,0,0,1,0,0,1,0,0,0,0,1,1,0,0,2,1,3,2,1,1,1,0,0,1,3,0,6,0,5,4,4,5,2,2,1,3,6,5,5,4,3,4,8,1,7,11,6,8,11,4,7,4,4,7,6,4,8,6,3,10,11,7,6,7,15,4,5,12,10,17,20,30,35,42,26,43,39,36,33,32,42,45,54,44,59,56,67,51,79,70,61,65,92,99,83,75,94,82,116,96,108,119,147,139,142,146,140,137,160,188,190,184,182,194,229,208,228,249,267,281,280,300,291,311,330,327,365,437,406,402,435,443,472,488,498,521,586,562,588,610,618,628,687,682,696,682,733,778,751,775,837,853,832,817,842,785,882,872,852,878,898,846,886,968,871,879,975,831,877,887,931,928,893,897,818,824,851,805,846,827,819,794,791,733,787,738,779,766,671,686,725,656,678,642,693,638,614,707,630,602,639,582,599,573,589,617,587,590,602,595,534,569,584,660,641,571,655,649,640,617,595,567,572,604,557,575,579,544,559,514,504,548,493,450,456,444,420,412,395,396,335,333,330,260,271,224,229,222,202,155,171,138,135,117,114,118,86,87,92,61,44,45,41,28,21,18,18,21,16,6,5,2,5,2,0,1,0,0,0,0,0,0,0,0,0,0,0,0,0,0,0,0,0,0,0,0,0,0,0,0
31.85,2,1,1,2,0,1,0,2,0,1,0,1,0,0,0,0,2,2,3,1,1,1,1,2,2,1,2,2,3,1,1,2,4,4,5,5,3,5,2,3,1,0,5,5,6,9,5,7,6,8,6,9,5,10,1,7,6,8,11,6,6,8,8,8,10,11,6,9,16,23,32,27,25,39,42,31,40,36,25,44,49,40,45,58,50,57,62,62,51,71,83,69,69,77,85,94,71,86,86,97,118,121,107,143,120,126,150,162,180,173,179,199,210,190,228,177,258,235,249,307,287,316,304,349,322,380,400,384,396,428,463,441,440,449,527,522,538,557,557,564,610,661,668,645,676,710,707,709,734,766,842,837,774,796,843,887,831,865,872,910,887,883,887,861,917,911,890,916,947,940,880,852,801,895,929,864,877,832,770,795,807,765,732,795,719,760,759,706,763,711,678,679,637,679,637,641,661,634,649,584,586,604,609,606,601,611,578,575,606,597,580,541,590,655,632,588,625,654,641,594,570,586,551,623,588,573,557,548,553,486,507,516,499,448,453,433,425,395,394,393,335,331,315,261,269,234,214,221,213,157,161,142,131,116,114,115,88,84,96,61,45,44,38,30,18,19,18,21,16,5,6,2,5,1,0,1,0,0,0,0,0,0,0,0,0,0,0,0,0,0,0,0,0,0,0,0,0,0,0,0
31.95,0,0,1,0,0,0,0,0,0,0,1,0,1,1,0,2,1,0,0,1,0,2,0,0,0,2,1,2,1,3,1,3,4,7,4,4,5,6,6,6,6,6,4,2,2,6,12,10,6,5,5,2,5,6,6,7,5,5,8,7,4,11,3,5,12,4,11,11,16,23,24,19,30,23,30,30,43,55,45,36,33,40,41,51,66,48,59,59,57,59,76,62,67,83,72,76,71,106,106,100,120,128,136,136,137,128,164,144,164,157,164,165,194,211,195,220,250,231,226,286,286,260,331,330,382,335,384,398,407,449,410,436,457,474,503,510,522,588,603,606,604,633,651,710,644,665,696,722,771,799,777,829,883,857,878,871,852,913,851,871,896,859,906,873,958,887,899,873,904,846,873,907,850,822,826,841,845,850,768,824,769,757,818,732,777,733,679,748,689,736,689,670,649,624,655,642,643,601,634,612,553,611,599,619,619,597,576,545,582,598,590,552,587,634,641,608,609,649,612,606,548,598,567,622,584,565,548,543,546,476,502,508,492,455,432,430,441,395,372,390,323,325,325,268,269,235,220,213,215,165,153,137,130,116,111,113,87,82,94,63,42,44,38,29,19,19,18,19,17,4,7,2,5,1,0,1,0,0,0,0,0,0,0,0,0,0,0,0,0,0,0,0,0,0,0,0,0,0,0,0
32.05,0,0,0,0,1,0,1,0,0,2,1,0,1,2,0,2,0,0,1,0,0,1,1,1,4,1,4,0,1,2,3,2,4,2,3,0,3,3,5,5,6,4,3,3,6,8,8,3,2,6,6,10,5,9,9,6,7,10,4,7,5,8,5,8,4,3,9,18,15,22,27,27,39,39,36,34,31,48,55,45,47,55,52,44,59,64,68,62,56,54,76,70,84,71,80,93,76,87,102,114,115,103,148,116,136,139,131,174,163,183,193,167,205,193,231,220,202,245,238,259,252,298,292,315,337,390,338,383,387,431,413,450,485,463,439,523,531,550,583,629,613,654,616,680,704,709,791,752,768,793,817,806,834,820,852,876,836,900,844,841,956,897,921,911,828,927,876,861,922,908,883,862,876,857,858,869,804,881,845,820,792,812,745,751,723,709,745,683,693,694,673,683,665,646,641,629,630,618,578,618,570,581,597,623,613,559,587,547,556,601,592,585,592,613,642,588,599,632,627,594,561,587,596,607,574,560,522,564,529,495,488,489,481,451,423,432,434,389,365,383,309,333,298,275,272,228,219,214,199,164,150,128,134,113,114,108,90,80,91,58,41,44,37,30,20,20,18,17,18,5,7,2,5,1,0,1,0,0,0,0,0,0,0,0,0,0,0,0,0,0,0,0,0,0,0,0,0,0,0,0
32.15,0,0,0,0,0,0,0,1,1,2,0,0,0,0,0,0,1,0,1,0,0,1,2,1,1,2,2,2,3,2,2,0,3,2,2,1,4,0,0,8,2,5,4,3,3,8,5,6,7,4,6,8,6,10,9,8,4,8,6,8,3,10,9,8,8,8,8,8,17,18,18,35,30,22,30,31,29,33,34,40,45,36,43,47,56,65,47,53,67,68,77,79,71,74,83,88,90,91,103,115,124,115,111,129,149,173,145,145,180,158,184,194,179,241,219,225,229,258,267,274,315,273,344,278,336,369,400,376,414,405,391,470,452,457,534,524,563,595,606,619,654,650,594,684,720,691,776,715,776,744,783,849,767,827,855,818,878,844,863,894,865,885,862,886,883,863,877,924,852,895,868,840,817,888,870,838,865,855,823,816,851,791,759,726,763,730,718,700,710,697,697,661,681,681,639,664,595,644,528,618,567,582,542,630,613,564,559,557,561,580,590,557,621,611,617,609,602,625,629,584,562,578,597,606,551,575,522,560,524,496,491,467,494,443,420,436,447,366,374,380,313,329,288,275,255,235,222,216,193,164,153,122,136,111,112,112,88,82,89,57,42,40,33,31,22,19,18,16,15,7,7,2,5,1,0,1,0,0,0,0,0,0,0,0,0,0,0,0,0,0,0,0,0,0,0,0,0,0,0,0
32.25,0,0,1,0,2,0,0,1,0,1,0,1,0,1,1,1,1,0,1,1,2,0,0,2,0,2,1,2,2,3,0,2,4,7,1,2,3,3,4,6,6,3,10,6,6,5,7,8,7,4,9,3,9,9,10,3,4,5,2,4,11,8,4,9,3,5,4,12,16,19,31,27,23,31,39,52,40,26,47,37,41,54,43,50,46,60,43,58,64,78,62,97,81,71,96,78,85,109,125,114,120,117,106,128,153,141,156,156,193,191,206,175,207,214,208,239,219,260,264,256,283,325,311,312,363,363,385,360,442,410,415,506,470,508,481,528,560,565,613,566,628,633,673,698,724,740,754,708,780,789,797,794,747,852,868,852,875,868,843,922,879,923,897,900,893,926,916,854,867,834,883,872,933,840,880,892,781,797,860,815,809,816,768,763,737,766,712,721,672,701,674,663,698,648,679,643,594,626,563,593,602,538,567,637,566,574,554,564,578,549,604,568,596,598,600,609,596,606,620,606,556,577,580,620,560,557,528,540,512,502,496,480,469,448,419,444,435,352,380,370,316,331,293,273,246,240,219,209,189,160,156,124,128,112,115,110,89,79,86,54,46,39,34,28,23,20,17,17,15,5,8,2,5,2,0,1,0,0,0,0,0,0,0,0,0,0,0,0,0,0,0,0,0,0,0,0,0,0,0,0
32.35,0,0,0,1,1,1,1,0,1,0,1,0,0,1,0,0,1,0,1,0,3,0,1,0,1,4,2,0,1,2,3,7,3,3,3,3,3,2,7,4,5,3,4,9,9,4,10,7,11,5,3,7,5,3,9,8,8,10,6,0,5,9,13,4,7,10,5,10,14,23,28,24,34,25,29,25,40,29,44,26,51,30,48,69,57,53,67,46,71,81,64,65,79,94,89,85,86,92,99,94,118,121,129,124,127,143,139,150,139,155,145,181,190,206,200,205,226,250,249,290,304,328,309,341,354,353,357,382,398,410,434,435,445,504,503,497,538,564,606,591,639,643,671,655,655,683,709,731,760,783,793,805,767,845,841,888,821,846,817,931,915,854,913,912,899,844,862,875,927,922,892,804,885,860,847,874,842,859,825,836,836,745,777,820,740,738,781,690,705,624,695,696,697,612,632,654,607,578,637,553,555,587,606,590,587,576,516,565,583,556,575,593,587,605,586,605,591,631,617,576,559,548,580,621,572,557,509,557,490,526,486,459,498,446,416,438,431,359,370,378,316,309,294,278,249,234,218,200,187,163,153,122,127,117,116,110,90,75,85,53,48,38,33,28,23,21,17,17,13,6,7,2,5,2,0,1,0,0,0,0,0,0,0,0,0,0,0,0,0,0,0,0,0,0,0,0,0,0,0,0
32.45,0,0,0,0,0,0,1,0,0,0,0,1,1,0,1,0,1,2,1,2,1,1,0,1,0,3,2,4,4,1,2,4,0,4,2,4,4,3,6,5,3,4,5,5,2,3,7,6,5,3,6,7,4,7,7,7,11,8,2,2,9,6,12,10,8,4,6,11,21,20,22,26,32,46,35,38,40,55,46,48,48,51,47,49,48,59,55,48,73,62,69,80,75,80,77,84,105,113,107,100,106,128,131,128,141,140,163,158,165,159,162,197,201,202,235,227,229,236,289,275,251,260,305,309,346,373,373,367,358,383,408,431,439,495,516,538,577,568,543,602,623,682,707,679,665,700,707,771,773,736,760,765,814,829,859,813,915,885,822,858,893,927,894,919,889,907,882,896,848,883,870,972,857,823,913,868,813,775,796,809,808,829,818,759,775,757,724,716,697,686,689,651,677,690,619,605,660,599,597,574,569,607,629,575,593,562,531,552,584,547,591,589,566,605,596,587,610,612,594,576,562,550,578,607,571,564,520,532,484,499,491,451,498,458,416,427,424,378,344,374,322,309,280,289,243,231,205,202,184,158,150,126,125,114,111,110,86,79,82,48,47,39,31,28,23,21,17,16,13,6,6,2,6,2,0,1,0,0,0,0,0,0,0,0,0,0,0,0,0,0,0,0,0,0,0,0,0,0,0,0
32.55,0,0,0,0,0,1,0,1,1,0,1,2,0,1,1,0,0,2,2,1,2,1,1,3,2,1,2,2,2,0,2,2,0,5,4,3,3,5,5,2,2,7,5,4,5,4,8,4,7,7,8,6,4,6,9,8,9,7,7,8,8,9,5,11,7,6,8,9,17,24,24,32,26,24,31,32,28,37,36,40,42,53,40,64,50,66,64,61,69,73,70,56,80,80,95,79,95,99,122,116,113,119,127,141,130,153,129,142,162,176,172,158,194,204,221,199,231,244,255,242,289,299,317,323,322,364,364,390,468,421,449,426,491,486,495,602,516,535,553,560,612,692,634,668,664,702,742,697,778,731,741,760,805,813,878,892,838,839,913,890,835,868,920,885,903,944,924,873,902,897,829,850,831,932,872,811,824,800,778,846,826,798,736,788,775,710,690,726,715,703,617,665,676,688,619,604,657,572,598,576,563,601,584,591,596,546,573,569,539,549,562,633,591,569,595,612,595,619,583,575,568,554,578,593,576,556,519,531,503,491,486,446,504,450,406,423,422,371,350,376,328,296,288,288,242,229,199,200,186,153,144,132,115,114,108,113,85,77,77,45,51,41,31,25,21,23,18,13,14,6,7,2,6,2,0,1,0,0,0,0,0,0,0,0,0,0,0,0,0,0,0,0,0,0,0,0,0,0,0,0
32.65,0,0,0,0,1,1,0,1,1,0,0,0,0,2,1,0,0,4,0,0,3,3,0,1,1,1,1,0,0,1,1,2,4,0,2,2,3,2,3,2,1,5,5,6,3,3,11,5,9,5,5,6,5,10,10,8,3,7,4,7,6,7,3,11,5,9,11,17,16,16,19,40,33,33,38,37,34,34,30,37,44,43,45,32,56,47,57,68,50,69,83,83,95,74,92,81,99,99,97,96,102,130,139,135,137,151,137,164,161,170,169,198,194,215,202,237,233,271,247,287,273,300,277,300,305,356,391,371,391,403,436,430,451,502,502,556,525,540,605,587,651,591,632,665,671,649,739,772,755,746,797,792,830,743,829,845,812,843,825,887,872,862,849,881,864,876,889,896,849,836,859,874,846,826,811,848,891,852,859,808,855,770,792,788,676,735,757,743,714,720,708,626,633,667,641,648,563,627,554,580,606,572,582,599,586,553,584,551,538,595,531,629,602,546,585,602,618,606,559,591,586,564,570,587,554,575,531,529,493,495,473,456,507,455,417,399,434,362,352,370,328,290,275,303,230,237,189,192,190,151,140,129,113,107,108,112,84,76,76,46,47,38,33,25,21,22,20,14,13,7,6,3,6,2,0,1,0,0,0,0,0,0,0,0,0,0,0,0,0,0,0,0,0,0,0,0,0,0,0,0
32.75,0,0,0,0,0,0,0,0,0,0,2,1,0,0,1,0,1,0,3,0,2,1,0,2,1,1,2,4,2,0,3,1,3,3,2,2,2,3,5,4,2,2,1,4,10,5,7,4,5,9,6,7,9,6,3,6,8,5,4,6,6,4,7,7,6,10,9,16,21,22,24,31,18,32,31,35,41,44,44,29,29,58,47,53,44,62,58,58,64,68,69,82,88,77,83,71,95,79,96,101,102,123,129,149,123,150,148,179,150,195,186,184,202,217,211,226,254,254,259,275,253,283,309,343,322,338,383,365,387,415,407,445,455,481,505,504,613,555,555,572,611,639,689,675,642,702,711,706,743,763,764,791,838,836,852,813,796,796,830,870,846,867,852,872,816,891,845,853,880,908,856,888,825,814,814,845,836,847,818,832,777,803,768,726,766,758,718,705,697,705,707,668,631,634,675,615,598,597,578,604,619,562,557,576,596,573,598,535,522,589,557,588,616,568,578,587,620,579,567,579,614,576,539,596,554,562,524,538,481,509,479,457,470,472,425,386,420,363,343,376,323,295,276,288,229,237,177,190,184,149,142,133,108,102,112,109,83,73,73,48,46,40,32,25,21,22,20,14,12,7,5,3,5,2,0,1,0,0,0,0,0,0,0,0,0,0,0,0,0,0,0,0,0,0,0,0,0,0,0,0
32.85,0,0,0,0,0,0,1,1,1,0,0,0,0,0,1,1,0,0,0,2,0,2,1,0,0,3,2,3,1,1,3,1,5,0,3,3,4,3,5,6,3,5,3,2,6,10,8,4,4,8,10,10,9,12,6,9,6,5,6,9,7,6,7,3,5,5,7,12,10,18,26,34,23,31,42,26,34,37,35,38,48,48,43,52,46,49,61,46,62,72,87,76,75,89,87,92,105,81,94,100,123,115,111,108,120,147,154,144,153,187,158,168,192,196,204,203,224,226,273,272,272,294,296,325,351,379,361,372,415,401,401,423,459,482,520,596,577,519,568,595,660,676,635,674,705,659,676,731,729,735,742,783,806,793,782,798,822,903,819,814,877,812,836,900,875,817,895,835,843,827,824,894,821,806,823,836,833,800,793,786,775,778,811,767,752,723,700,718,682,688,702,701,641,626,675,619,571,595,604,582,602,574,564,569,544,574,593,552,518,577,557,611,575,556,557,613,606,584,567,578,628,583,556,592,558,553,516,529,488,499,502,439,472,468,415,381,425,354,366,362,312,299,277,288,213,242,177,198,179,153,138,135,103,98,118,105,80,72,70,52,43,40,36,23,23,22,20,13,12,7,6,3,5,2,0,1,0,0,0,0,0,0,0,0,0,0,0,0,0,0,0,0,0,0,0,0,0,0,0,0
32.95,1,0,0,0,0,1,0,2,0,1,0,0,0,1,1,1,0,0,1,2,1,2,3,1,4,2,2,1,2,1,1,3,3,2,3,4,3,5,4,4,5,5,6,10,4,7,4,6,6,11,8,6,8,7,6,10,8,7,5,5,5,8,7,7,11,4,11,4,18,21,31,26,35,23,42,38,41,34,40,44,51,48,56,48,38,54,66,56,66,75,58,78,101,83,69,79,72,92,73,110,100,97,116,123,141,163,146,152,145,173,166,190,174,205,235,215,260,242,251,254,267,281,292,337,312,359,365,400,390,426,412,470,463,464,489,558,554,535,570,585,598,673,619,668,713,720,690,745,743,763,811,789,847,824,830,874,897,852,843,881,869,889,881,908,846,852,863,854,867,824,808,810,825,862,811,775,795,754,808,759,758,835,785,781,740,735,722,684,692,656,672,696,682,625,667,592,610,596,569,604,581,558,591,576,552,567,584,552,527,530,575,587,604,549,565,586,608,579,561,583,616,585,595,580,569,538,512,530,499,498,503,431,475,484,412,372,425,353,372,361,297,304,276,288,217,230,171,200,177,154,132,127,106,93,113,102,79,68,72,51,41,44,35,22,23,23,21,12,12,8,6,3,5,2,0,1,0,0,0,0,0,0,0,0,0,0,0,0,0,0,0,0,0,0,0,0,0,0,0,0
33.05,0,0,1,1,0,0,0,0,0,1,2,2,2,3,2,1,0,1,2,0,3,1,0,0,2,1,2,0,2,3,2,3,5,2,1,3,2,3,6,5,3,5,5,7,8,3,7,8,8,7,5,10,6,9,6,2,4,8,3,5,7,9,11,8,7,9,6,10,23,28,26,23,31,26,32,45,33,38,41,45,50,52,53,37,60,50,58,65,70,74,69,58,62,73,87,91,104,88,89,117,119,131,110,133,123,130,149,153,144,163,184,191,206,197,213,215,234,247,259,248,253,290,304,286,344,344,342,373,430,408,426,423,439,489,523,494,495,537,550,639,622,651,683,669,689,702,690,759,752,773,818,801,839,757,804,825,801,827,875,863,877,850,856,880,876,901,911,857,819,879,862,875,825,848,742,808,765,800,797,781,803,799,762,718,800,768,731,664,680,677,660,676,666,628,599,622,586,580,591,626,568,596,565,580,528,571,553,579,535,528,595,571,625,515,552,589,605,572,557,578,580,570,615,558,580,523,500,531,496,500,507,428,461,482,414,377,411,360,359,343,300,301,275,283,227,219,172,198,180,154,132,127,110,89,109,103,79,67,74,52,38,45,34,22,22,22,22,12,11,8,6,3,4,2,0,1,0,0,0,0,0,0,0,0,0,0,0,0,0,0,0,0,0,0,0,0,0,0,0,0
33.15,0,0,0,0,0,0,0,1,0,0,1,2,0,1,0,0,0,0,2,0,3,1,1,3,1,1,2,2,5,3,2,2,2,2,1,2,5,4,2,5,5,3,7,3,1,6,4,9,3,7,7,8,14,7,5,5,3,7,7,5,6,3,9,8,7,8,4,17,14,22,27,34,27,28,29,25,31,30,42,30,52,43,53,46,42,60,54,50,60,60,73,57,67,69,81,92,103,101,97,107,126,127,98,142,136,148,159,162,180,153,186,180,189,220,219,198,229,227,236,275,270,277,286,335,370,381,371,391,375,403,442,452,451,506,511,555,516,606,583,574,620,629,687,614,685,689,708,721,736,776,808,770,865,860,824,829,862,867,838,918,910,916,881,928,925,867,857,844,896,893,870,866,817,785,824,785,790,817,825,761,759,809,742,763,747,724,719,733,665,665,659,672,635,640,552,635,584,566,612,600,548,588,543,576,547,548,558,549,528,543,603,571,587,529,552,580,610,549,576,564,596,578,592,560,570,516,499,527,493,503,501,428,473,477,405,378,419,356,359,328,306,299,270,277,220,217,177,198,176,154,127,130,105,87,103,103,81,64,75,50,38,45,33,22,22,21,22,10,11,8,6,3,4,2,0,1,0,0,0,0,0,0,0,0,0,0,0,0,0,0,0,0,0,0,0,0,0,0,0,0
33.25,1,0,0,0,0,0,0,0,1,0,1,2,1,3,2,0,1,1,4,0,0,1,0,0,1,2,1,2,2,2,2,1,0,3,0,0,2,3,4,4,4,6,2,8,11,10,8,8,8,6,5,7,6,4,4,7,5,6,8,7,8,6,10,8,5,12,9,15,22,26,18,42,26,31,39,39,48,32,32,50,52,61,53,53,67,60,70,63,65,68,82,56,67,87,83,89,98,88,116,123,118,128,127,119,120,147,137,118,162,177,173,175,176,197,213,231,239,243,261,247,295,289,318,359,348,336,403,363,372,422,400,433,467,486,488,541,602,535,597,627,571,657,690,678,668,730,705,702,745,780,748,718,800,780,904,822,840,861,858,831,862,898,856,852,887,901,891,849,891,908,853,831,793,842,803,778,799,815,767,794,803,744,793,721,661,730,727,723,716,694,670,642,638,625,564,594,635,571,566,593,565,558,556,568,554,541,566,563,535,546,582,571,597,534,545,587,599,547,573,551,584,574,585,565,581,516,518,510,487,509,497,423,471,471,411,392,407,358,346,330,308,287,281,253,219,217,176,197,164,153,127,128,108,85,107,101,79,63,72,53,37,44,35,24,22,20,22,10,10,8,7,3,4,2,0,0,0,0,0,0,0,0,0,0,0,0,0,0,0,0,0,0,0,0,0,0,0,0,0,0
33.35,0,0,0,1,0,0,2,0,1,2,1,0,0,0,0,0,2,0,1,0,1,2,1,4,2,1,1,2,2,1,3,2,4,2,5,3,3,4,5,7,6,4,3,3,3,7,7,8,9,4,6,7,8,6,8,5,6,2,5,4,8,8,5,6,5,11,2,15,14,20,23,36,26,33,33,40,35,41,38,39,49,45,50,55,55,50,62,71,65,75,65,61,70,67,84,92,90,92,100,98,120,104,110,116,109,151,144,173,154,189,194,197,213,187,210,216,241,210,289,248,279,282,298,305,345,324,363,379,394,465,478,455,506,476,498,521,519,553,559,576,611,646,666,642,682,688,697,729,744,770,767,746,819,810,839,878,868,813,844,853,881,872,851,871,907,891,852,860,943,876,892,906,877,857,825,833,813,777,798,768,783,752,745,714,703,754,685,755,734,700,667,623,613,632,600,582,641,575,549,598,585,517,533,545,574,568,567,552,562,510,587,584,586,532,545,578,588,539,581,557,562,591,578,547,555,522,533,495,498,503,505,423,458,467,411,401,398,360,348,323,316,269,282,247,221,215,186,186,165,151,124,127,105,87,103,101,78,58,68,53,33,45,35,26,21,22,20,11,8,8,6,3,4,2,0,0,0,0,0,0,0,0,0,0,0,0,0,0,0,0,0,0,0,0,0,0,0,0,0,0
33.45,1,0,0,0,0,1,0,0,0,0,0,0,0,0,0,0,1,0,2,1,1,1,0,2,4,4,2,0,1,4,2,2,3,1,3,3,7,1,5,4,4,7,4,8,1,7,5,2,5,6,9,7,5,6,11,7,10,8,4,6,10,4,6,6,6,8,5,16,20,26,26,25,26,43,37,38,42,38,49,42,43,46,54,51,54,53,66,47,68,56,74,71,67,82,87,81,103,90,93,101,109,131,121,135,135,136,135,142,162,155,185,207,213,186,222,200,221,211,277,272,262,304,303,341,339,366,373,385,386,427,397,473,481,460,481,484,537,531,555,652,596,609,641,686,735,665,734,765,746,751,773,792,734,804,810,921,829,843,825,861,859,863,887,852,850,918,858,905,856,851,867,879,864,877,876,868,814,830,797,766,720,763,731,741,735,697,700,704,708,733,641,644,623,604,640,600,583,632,569,548,600,513,538,526,562,587,553,563,562,538,554,571,570,561,526,564,564,570,579,563,569,580,581,535,560,503,539,482,512,511,471,438,446,484,396,396,402,346,342,316,318,267,278,237,214,209,188,181,168,155,111,130,105,88,100,98,82,58,68,51,34,41,33,28,21,21,19,10,8,8,6,3,4,2,0,0,0,0,0,0,0,0,0,0,0,0,0,0,0,0,0,0,0,0,0,0,0,0,0,0
33.55,3,0,0,0,1,0,0,1,0,1,1,0,0,0,0,0,2,1,1,0,1,4,1,3,2,2,1,1,1,4,2,1,4,2,5,1,2,7,2,2,6,5,1,6,6,4,7,10,5,7,4,3,6,5,6,9,9,1,5,11,3,6,11,5,7,9,8,14,18,19,21,36,26,18,30,38,31,44,40,37,41,59,45,52,54,64,65,77,75,78,63,75,89,75,90,102,90,97,88,113,122,108,121,130,120,133,146,155,177,169,187,213,197,218,208,222,238,247,234,254,295,298,287,326,331,351,372,351,399,402,434,482,434,473,561,514,554,553,616,618,638,635,661,667,677,698,704,718,768,802,719,817,781,745,825,825,804,862,871,832,902,857,845,861,890,868,848,816,864,916,845,849,778,881,870,828,860,843,812,787,824,749,712,737,751,692,669,737,658,668,682,646,612,605,657,595,603,594,617,578,532,550,557,543,580,579,516,540,566,563,551,557,545,596,521,574,550,581,568,540,592,588,564,515,536,531,562,443,524,519,452,427,461,466,406,379,408,333,347,307,317,269,281,230,205,211,181,177,162,160,118,127,101,89,94,98,83,55,70,50,32,42,33,27,21,23,17,11,8,8,5,3,4,2,0,0,0,0,0,0,0,0,0,0,0,0,0,0,0,0,0,0,0,0,0,0,0,0,0,0
33.65,0,0,0,0,1,0,0,0,1,2,0,0,0,1,1,1,0,1,2,0,0,1,3,0,0,3,0,3,2,2,3,0,1,1,4,0,4,3,5,4,6,3,2,3,6,3,5,3,8,8,12,6,7,8,4,11,3,3,4,5,5,8,5,8,13,8,12,7,23,13,21,34,32,36,35,36,37,24,35,39,51,44,61,57,60,64,59,50,68,68,65,77,57,68,90,78,94,85,98,112,96,118,141,135,120,128,138,143,159,164,147,185,198,221,234,209,220,233,231,257,271,277,324,334,317,355,340,361,383,377,429,469,458,487,495,510,566,532,546,644,626,621,683,679,711,660,706,691,764,754,774,784,810,814,838,825,815,811,831,885,843,899,908,930,856,864,882,883,832,850,837,880,866,842,804,871,866,827,845,781,753,793,737,752,699,696,720,649,694,653,688,651,601,670,617,596,590,595,589,589,537,567,548,543,575,548,550,510,537,611,529,563,534,581,551,573,520,591,560,526,583,578,565,522,523,525,561,441,517,508,480,433,462,464,412,357,398,339,346,295,319,270,272,226,206,212,190,170,158,164,122,127,98,86,93,97,80,53,71,49,33,44,30,28,22,22,17,11,8,7,6,3,4,2,0,0,0,0,0,0,0,0,0,0,0,0,0,0,0,0,0,0,0,0,0,0,0,0,0,0
33.75,0,0,0,0,0,0,0,0,0,0,0,0,1,0,1,0,0,1,1,1,0,2,0,2,4,3,3,3,1,1,4,3,4,4,5,3,1,4,4,5,4,8,8,7,10,4,6,12,8,12,8,2,3,6,10,10,5,6,5,5,6,4,6,5,7,8,6,13,14,22,28,29,38,28,33,33,38,35,29,46,39,40,34,48,53,44,67,69,56,66,89,71,81,75,72,89,89,86,116,110,113,111,120,114,131,153,152,145,156,159,196,215,190,203,219,233,243,261,268,274,257,323,319,321,320,334,372,391,370,414,401,431,469,506,493,531,544,525,611,549,633,626,660,627,676,768,711,756,700,735,776,776,747,805,831,865,791,904,853,883,855,849,837,876,870,865,894,886,875,902,821,856,883,855,881,851,821,884,817,817,765,768,787,715,719,685,714,640,703,684,645,646,639,618,613,608,587,576,618,555,540,549,557,505,587,568,533,530,561,548,560,580,523,548,571,559,538,583,557,553,574,574,550,537,498,523,557,446,508,504,459,458,449,460,416,363,394,347,335,296,310,265,269,227,202,217,198,166,164,164,116,127,94,87,91,91,82,52,66,51,34,45,31,27,23,20,19,11,7,8,6,2,4,2,0,0,0,0,0,0,0,0,0,0,0,0,0,0,0,0,0,0,0,0,0,0,0,0,0,0
33.85,0,1,0,0,3,0,1,1,0,0,1,0,0,1,0,0,2,2,2,1,1,2,0,1,0,3,2,0,2,0,1,1,5,5,2,6,4,4,3,4,3,3,7,5,5,6,7,12,10,8,4,9,5,9,7,7,5,4,7,11,3,4,4,4,8,7,9,12,17,24,30,25,32,41,29,44,33,39,43,55,35,49,38,66,62,45,65,65,59,69,69,74,73,76,76,93,92,90,102,109,97,111,142,131,124,139,141,158,158,169,172,192,179,213,233,229,224,244,264,231,285,285,326,279,314,350,367,381,386,396,464,445,482,484,492,510,535,549,601,566,552,616,600,649,658,711,680,665,764,755,771,755,796,771,818,839,849,816,802,834,875,859,888,880,880,887,880,872,910,871,872,861,842,857,801,857,860,811,851,855,775,767,734,768,723,717,676,674,687,671,639,675,667,566,599,618,572,599,586,582,567,561,492,552,557,606,493,535,552,558,590,541,538,559,558,549,543,564,552,544,574,569,533,548,482,523,551,471,504,495,464,469,445,446,420,362,392,367,331,292,312,261,269,218,202,220,192,165,163,162,118,122,99,80,91,91,81,50,64,52,33,43,32,26,22,19,17,13,6,7,6,2,4,3,0,0,0,0,0,0,0,0,0,0,0,0,0,0,0,0,0,0,0,0,0,0,0,0,0,0
33.95,2,0,0,0,0,0,0,0,1,1,1,0,0,1,0,1,1,2,1,1,0,0,3,3,1,5,3,3,0,2,1,0,0,1,3,2,1,4,4,4,3,4,5,5,4,7,7,3,6,7,11,7,8,11,5,10,9,6,8,5,12,4,9,7,1,6,8,7,23,13,26,21,38,34,41,36,32,30,32,39,62,48,49,45,50,61,64,67,48,61,80,74,58,85,79,108,89,93,99,98,87,129,145,134,152,143,144,171,157,172,159,184,202,218,224,219,251,242,245,267,261,253,322,320,346,339,322,367,416,386,374,436,490,473,481,507,554,572,540,579,594,605,688,644,656,709,729,770,770,771,745,762,831,800,797,872,817,864,840,886,868,871,890,835,888,906,868,874,848,891,861,876,810,770,843,869,771,784,837,827,851,815,745,716,768,720,730,671,672,678,663,653,646,615,584,555,613,608,546,588,569,567,502,523,553,579,519,551,557,574,551,543,539,536,556,556,532,567,553,554,572,543,526,557,485,519,533,491,513,504,452,469,446,437,422,368,382,341,347,295,305,256,257,225,194,217,194,156,157,166,115,124,91,74,93,88,77,50,64,48,32,43,33,26,22,19,16,13,5,7,6,2,5,3,0,0,0,0,0,0,0,0,0,0,0,0,0,0,0,0,0,0,0,0,0,0,0,0,0,0
34.05,0,0,0,0,0,0,0,0,0,1,2,1,1,0,1,0,0,0,0,1,1,2,1,3,3,3,0,1,2,0,4,1,2,2,3,4,2,3,4,8,5,6,5,5,4,5,9,8,5,4,7,9,6,6,10,6,14,10,5,9,4,7,11,7,7,11,4,14,20,17,22,39,30,28,24,51,39,39,36,49,44,50,44,47,61,52,65,57,59,73,75,65,85,77,85,97,75,103,101,105,121,113,144,132,142,153,147,156,154,178,188,191,199,192,213,228,213,259,242,273,256,296,322,304,320,335,369,368,381,442,408,411,457,458,502,514,534,550,585,599,594,673,669,668,712,671,707,720,775,761,725,820,818,821,826,817,857,853,868,783,888,853,872,851,863,893,884,913,905,850,861,847,821,822,816,842,829,806,797,805,787,795,799,693,738,744,708,678,665,655,657,622,652,656,558,591,605,620,534,565,555,578,505,541,564,539,539,558,532,556,555,530,526,542,569,561,537,565,546,578,545,550,517,558,486,483,550,481,531,484,459,466,449,433,412,370,382,342,343,296,318,243,268,220,192,214,189,159,156,165,115,119,91,76,89,83,77,51,64,43,34,42,32,26,22,19,16,12,5,7,6,2,5,4,0,0,0,0,0,0,0,0,0,0,0,0,0,0,0,0,0,0,0,0,0,0,0,0,0,0
34.15,0,0,1,0,1,1,0,1,0,0,0,0,1,2,1,0,1,1,1,0,0,2,1,0,1,1,0,0,1,3,2,2,1,1,3,4,2,4,4,6,4,3,5,1,2,1,6,2,8,1,5,5,6,2,8,4,9,7,5,4,10,7,8,2,12,7,10,7,26,17,28,17,27,23,33,28,34,41,37,44,49,46,34,38,53,49,53,65,70,69,75,77,75,85,81,88,96,100,90,107,124,122,117,121,123,148,149,160,138,149,203,185,206,181,170,229,257,245,269,264,275,278,328,330,344,319,315,367,401,419,433,377,466,472,494,515,556,525,595,568,632,669,646,598,661,712,713,732,741,764,719,808,858,827,808,801,883,847,833,823,881,917,827,867,843,917,899,879,885,905,847,767,870,837,784,767,836,810,854,769,769,770,773,751,745,686,716,750,667,629,654,622,640,646,602,574,616,580,561,532,613,522,506,547,548,523,544,547,565,540,553,505,532,556,554,553,554,544,561,559,545,554,503,559,487,485,542,502,503,482,461,473,444,425,416,381,375,333,327,290,319,243,269,212,199,211,182,152,155,168,113,114,97,74,85,87,81,51,63,39,36,42,34,27,21,16,17,11,5,8,6,2,6,2,0,0,0,0,0,0,0,0,0,0,0,0,0,0,0,0,0,0,0,0,0,0,0,0,0,0
34.25,0,0,0,0,2,0,0,0,1,2,0,0,1,0,2,0,1,0,0,4,1,0,2,1,2,3,2,0,1,2,1,0,2,4,1,1,1,2,4,3,0,2,5,6,8,7,5,7,8,7,4,12,5,5,13,8,0,3,10,7,5,8,13,9,5,4,2,15,23,24,31,24,31,39,29,38,39,47,36,53,45,53,50,57,50,55,53,56,64,69,79,65,79,83,90,67,76,94,111,94,97,115,118,139,124,150,126,147,147,164,163,177,173,188,217,214,271,240,266,255,286,268,286,316,348,366,335,355,417,408,462,427,448,511,506,476,521,529,578,568,599,631,660,685,658,724,642,789,749,756,792,834,772,802,833,803,814,821,936,897,911,934,861,916,834,846,927,834,838,833,863,878,833,862,907,831,760,811,811,765,772,756,717,809,694,689,714,697,693,665,635,656,596,617,618,618,601,581,558,549,580,530,541,517,539,507,568,556,569,570,523,504,531,547,546,556,575,520,551,581,519,548,529,531,488,502,518,514,511,473,478,480,445,405,426,378,375,336,313,288,309,255,264,210,195,212,179,152,148,160,120,116,93,70,83,87,74,50,61,40,35,41,33,27,21,17,16,10,6,8,5,2,6,1,0,0,0,0,0,0,0,0,0,0,0,0,0,0,0,0,0,0,0,0,0,0,0,0,0,0
34.35,0,0,1,0,2,0,0,0,1,0,1,0,1,0,0,2,1,1,0,1,1,2,1,5,3,1,2,0,1,1,2,3,0,2,3,2,2,4,6,3,3,5,6,6,10,6,5,8,7,8,9,10,6,7,7,6,11,7,4,5,5,13,8,4,8,6,9,18,21,28,36,24,41,36,52,41,27,46,44,37,47,55,56,55,56,69,57,71,71,72,57,78,74,71,93,82,96,101,102,92,119,137,133,138,150,138,123,154,158,183,150,183,177,214,212,222,217,231,240,257,258,281,290,329,329,339,342,411,413,376,466,458,482,501,498,533,509,556,548,582,613,610,625,679,720,685,717,750,728,800,744,840,823,767,806,854,866,806,875,836,874,867,847,833,918,893,923,846,857,824,825,880,869,816,841,852,786,788,753,799,782,766,728,728,783,714,657,684,734,647,621,634,643,625,634,645,571,548,601,542,577,536,555,532,520,511,559,575,548,566,515,529,540,522,566,564,552,537,534,560,536,536,540,529,476,514,503,512,519,483,470,484,415,418,416,374,367,347,314,292,313,244,262,207,193,205,182,151,147,154,122,107,96,66,79,81,81,45,64,38,33,41,32,26,22,15,15,10,5,8,6,2,6,1,0,0,0,0,0,0,0,0,0,0,0,0,0,0,0,0,0,0,0,0,0,0,0,0,0,0
34.45,0,2,0,0,0,0,0,0,0,1,0,0,2,0,0,1,0,1,0,0,1,0,0,0,1,2,2,1,2,3,2,1,1,2,4,3,4,3,3,4,3,5,1,5,10,2,7,2,9,6,2,6,12,8,9,8,3,8,5,7,7,9,8,5,3,3,7,14,17,29,28,31,30,24,30,44,22,47,38,53,57,45,49,42,45,69,61,50,59,75,81,63,79,103,69,95,90,93,102,98,110,118,100,102,138,137,141,167,161,159,180,180,209,206,214,194,236,242,250,285,282,302,288,332,335,363,307,391,412,375,412,443,482,479,474,466,526,585,583,607,575,639,620,704,679,717,716,740,752,714,802,810,864,784,845,852,861,826,819,862,829,895,863,923,858,850,886,853,913,860,911,854,782,832,841,796,800,776,806,767,780,751,722,759,750,736,738,670,655,664,657,635,612,594,648,613,558,592,585,568,511,563,553,548,504,530,555,561,556,565,513,540,541,538,556,553,553,511,525,561,539,537,548,497,495,514,483,521,503,489,471,475,422,420,400,383,367,351,312,295,299,247,249,222,191,195,180,150,141,153,119,104,91,68,83,80,77,45,59,39,32,41,32,25,23,15,13,10,4,7,5,2,5,1,0,0,0,0,0,0,0,0,0,0,0,0,0,0,0,0,0,0,0,0,0,0,0,0,0,0
34.55,0,0,1,0,0,1,0,1,1,0,1,0,0,0,0,1,0,2,2,3,2,3,0,2,0,1,2,1,2,2,1,2,2,2,2,2,2,3,2,1,6,2,5,5,10,6,4,6,7,6,9,6,7,8,8,6,3,4,6,9,9,6,6,6,3,5,4,8,11,21,24,24,32,46,27,36,30,34,34,42,34,38,41,46,53,51,51,51,67,65,77,66,68,68,76,90,86,82,108,98,110,125,127,147,134,121,158,150,149,156,168,177,175,195,242,215,250,232,251,260,264,310,321,330,339,356,387,389,422,391,429,468,496,489,473,505,525,526,582,569,625,629,696,696,655,731,727,742,762,742,772,771,800,853,792,855,823,880,824,918,890,896,877,890,907,862,863,879,878,886,838,880,828,801,805,841,818,832,799,751,775,731,750,729,696,703,696,685,683,680,684,610,603,617,647,641,543,553,607,594,531,547,535,560,493,545,573,545,549,531,497,567,517,550,552,536,550,489,553,578,533,509,548,490,516,497,485,535,496,475,479,468,427,409,402,391,362,344,323,288,294,248,255,224,197,200,175,147,147,148,116,99,98,66,87,73,72,44,59,38,33,41,33,25,21,15,13,10,3,7,5,2,5,1,0,0,0,0,0,0,0,0,0,0,0,0,0,0,0,0,0,0,0,0,0,0,0,0,0,0
34.65,0,1,0,2,0,0,1,1,0,0,0,0,0,1,0,4,0,0,0,2,0,2,1,4,4,1,0,1,2,4,4,3,2,2,4,4,1,2,4,5,4,5,5,3,5,3,4,5,8,7,8,6,5,5,7,9,9,7,5,6,5,2,8,6,9,7,8,9,21,24,37,31,36,29,39,26,38,40,36,39,49,55,46,41,51,60,64,60,61,64,75,71,79,89,74,95,94,99,97,100,102,122,123,125,133,162,157,174,152,151,178,193,181,188,206,207,236,217,248,306,277,294,278,305,339,356,369,376,392,364,446,477,448,486,521,516,530,540,615,592,630,634,642,638,662,716,677,708,714,809,711,761,752,820,823,836,831,826,861,854,906,903,863,933,918,864,938,860,841,856,825,832,845,820,842,805,832,787,782,815,722,821,737,688,734,675,710,674,652,662,684,609,641,612,643,597,606,545,587,567,547,549,570,535,506,502,574,551,560,528,514,539,508,545,560,525,550,489,559,566,530,512,569,478,523,489,484,541,485,470,482,475,431,397,418,375,356,335,312,293,298,242,253,215,199,200,185,147,144,142,119,93,97,65,86,71,71,40,59,37,33,41,33,26,20,14,12,10,3,7,5,2,5,1,0,0,0,0,0,0,0,0,0,0,0,0,0,0,0,0,0,0,0,0,0,0,0,0,0,0
34.75,1,0,0,0,0,0,0,0,0,0,0,0,0,0,0,1,0,1,2,1,2,2,0,1,0,2,1,1,3,5,1,4,0,1,2,2,4,4,0,8,3,5,7,8,5,5,7,6,8,7,11,8,6,9,1,8,8,13,6,8,5,4,7,6,9,14,9,20,28,23,23,18,31,34,41,39,35,45,45,44,52,36,47,34,48,53,69,79,67,79,76,88,68,70,80,87,102,108,99,128,93,122,125,138,143,141,135,168,154,176,179,196,190,194,211,221,228,236,267,289,262,304,299,310,311,359,357,324,428,404,419,429,460,486,494,484,540,591,581,564,604,633,699,637,712,702,698,729,744,784,791,785,800,831,839,849,844,834,877,923,829,857,894,884,895,912,900,843,859,852,906,826,810,844,849,793,764,769,738,777,748,752,782,722,668,688,689,699,694,623,659,660,647,601,596,606,579,577,542,565,550,533,544,551,513,514,559,560,551,527,524,535,505,579,522,531,509,511,560,567,538,520,561,490,506,500,478,524,491,468,472,465,436,408,388,389,339,333,312,285,292,244,253,217,194,196,174,151,140,145,111,102,97,65,83,70,71,42,55,39,32,39,33,24,22,13,12,9,3,8,5,2,5,1,0,0,0,0,0,0,0,0,0,0,0,0,0,0,0,0,0,0,0,0,0,0,0,0,0,0
34.85,0,0,0,0,0,0,0,1,0,0,0,1,0,2,0,0,1,0,2,1,1,1,0,1,2,2,2,1,2,3,3,4,2,4,4,1,3,2,2,5,3,8,6,7,4,11,5,4,6,5,6,5,4,6,8,5,2,4,10,3,5,6,7,2,7,8,8,7,22,26,24,28,36,41,37,32,43,37,37,56,40,41,36,50,40,57,61,61,64,67,86,73,72,80,83,84,106,105,91,98,96,114,125,103,121,130,155,176,155,163,194,175,181,202,216,196,237,233,264,275,271,291,336,305,310,341,328,367,391,419,423,418,433,458,503,508,539,570,549,556,628,611,677,645,677,706,742,738,718,787,747,794,818,714,832,856,860,807,900,863,815,890,879,848,875,888,871,884,884,868,845,923,895,806,838,805,779,809,783,769,769,749,703,708,719,701,676,685,659,642,641,649,679,597,580,585,602,591,566,563,575,546,551,524,544,524,520,571,545,509,529,530,510,576,540,523,500,518,558,578,541,508,545,501,495,509,489,523,498,463,471,464,442,400,393,389,328,342,305,282,289,242,246,208,193,183,181,149,145,145,108,101,98,65,82,67,68,44,56,39,30,36,33,25,21,14,12,10,3,8,5,2,5,1,0,0,0,0,0,0,0,0,0,0,0,0,0,0,0,0,0,0,0,0,0,0,0,0,0,0
34.95,1,0,0,1,0,0,0,0,0,0,0,1,1,1,0,0,0,2,1,0,0,0,0,1,1,1,0,0,4,1,1,3,7,1,1,3,1,6,4,2,6,5,1,5,2,9,7,4,6,4,13,6,5,9,6,6,7,4,1,10,9,5,1,6,5,6,8,10,20,21,26,26,36,25,37,39,34,32,42,47,43,47,44,60,55,43,53,66,69,63,78,75,90,74,65,84,90,88,86,99,108,143,119,128,108,127,153,134,141,159,167,189,182,212,209,194,231,229,254,273,275,283,299,289,357,365,341,388,365,445,417,444,463,484,504,496,519,570,591,569,617,624,655,636,705,721,704,707,762,808,783,753,805,822,846,847,814,855,792,855,864,887,904,857,911,850,793,843,894,870,887,829,769,853,825,763,809,788,764,786,772,681,688,687,758,699,693,628,663,667,616,665,647,620,600,588,573,620,591,562,555,528,540,567,540,522,532,548,549,509,522,512,519,576,515,525,499,555,560,582,529,501,546,500,494,479,499,503,500,461,457,466,423,404,392,389,321,342,308,287,277,241,242,209,197,178,182,144,144,145,104,101,101,68,82,66,60,44,54,43,30,35,31,25,20,14,13,9,5,8,4,3,5,1,0,0,0,0,0,0,0,0,0,0,0,0,0,0,0,0,0,0,0,0,0,0,0,0,0,0
35.05,2,0,0,0,0,0,1,1,1,0,1,2,0,2,0,0,0,0,1,2,2,2,0,0,0,1,3,2,1,1,1,2,2,2,0,3,1,2,2,3,4,7,4,5,4,4,4,2,7,6,5,6,4,3,11,5,9,6,6,7,4,1,5,7,6,6,4,12,15,29,34,31,26,26,32,29,33,44,35,52,45,46,41,43,66,55,45,62,59,66,70,75,84,72,78,75,72,103,117,110,107,123,127,133,140,135,122,138,134,163,186,178,202,205,193,248,238,247,281,264,286,285,294,308,351,376,383,414,371,390,410,415,431,449,490,500,554,586,531,573,624,604,667,635,724,711,754,762,777,754,756,780,748,763,828,791,814,849,900,845,888,885,852,846,853,880,884,827,865,829,815,866,851,822,829,805,809,779,812,722,730,712,666,732,704,727,665,652,688,677,627,678,595,634,600,584,597,597,568,595,534,554,538,559,526,545,538,532,524,524,519,522,540,565,519,528,511,557,537,568,533,518,545,510,492,476,487,496,491,473,464,449,433,399,387,381,325,345,302,277,268,241,245,209,196,182,180,143,137,146,106,93,103,66,81,64,63,44,53,44,30,34,30,26,20,14,12,10,5,8,4,3,5,1,0,0,0,0,0,0,0,0,0,0,0,0,0,0,0,0,0,0,0,0,0,0,0,0,0,0
35.15,2,1,0,0,0,1,1,0,0,0,0,0,1,0,1,1,2,0,2,0,0,3,2,2,4,3,1,1,1,3,2,1,3,0,4,5,1,6,2,5,1,6,3,3,0,1,10,6,7,4,7,8,7,8,8,8,7,7,8,3,3,6,4,5,3,4,4,16,22,26,21,25,28,26,38,46,42,48,42,48,52,36,42,50,58,50,44,51,69,77,52,81,62,76,90,86,88,80,82,89,117,90,115,148,134,138,140,128,159,144,174,190,185,191,196,216,252,247,254,268,261,284,318,327,331,327,367,350,380,380,419,458,458,455,468,503,498,552,591,611,623,675,607,651,736,691,685,772,735,743,779,776,829,786,853,870,895,847,868,834,852,851,797,869,858,897,902,891,891,833,832,840,859,841,794,853,757,823,762,822,716,719,713,720,715,715,639,683,676,662,675,636,610,631,633,551,606,608,584,548,542,596,524,523,537,546,513,522,523,537,523,527,546,535,547,537,468,554,531,560,537,518,543,501,493,472,493,486,486,478,452,455,432,400,386,377,333,334,301,287,255,248,241,198,192,179,183,140,140,141,106,93,97,67,80,64,61,43,51,41,31,30,31,25,19,14,12,9,6,7,4,4,5,1,0,0,0,0,0,0,0,0,0,0,0,0,0,0,0,0,0,0,0,0,0,0,0,0,0,0
35.25,1,0,0,1,0,0,0,0,1,1,0,0,0,1,0,1,0,0,2,3,0,1,0,2,1,0,5,1,3,0,2,1,3,3,3,5,4,2,3,4,4,2,4,2,5,4,9,4,9,5,4,4,10,5,10,9,5,9,8,2,2,9,5,8,14,12,7,11,10,29,20,33,32,26,33,44,38,46,36,33,44,50,35,52,59,65,48,56,64,69,61,70,73,61,92,77,94,97,91,102,109,109,125,142,141,130,137,128,166,140,172,162,195,157,216,226,235,238,253,252,266,324,316,318,312,324,353,384,369,414,369,467,457,452,490,493,532,538,514,582,610,587,623,639,624,678,672,729,753,779,737,758,798,795,835,818,821,837,901,908,887,834,935,867,916,860,823,880,882,861,861,909,861,875,776,765,795,778,815,746,754,735,754,705,679,681,696,695,684,636,713,635,620,618,594,579,596,574,565,567,555,549,529,517,515,576,514,517,497,548,543,505,558,517,577,522,485,522,556,547,531,504,549,490,499,481,484,494,485,464,454,462,429,389,390,370,336,331,296,295,250,245,242,185,189,181,172,146,141,142,104,96,96,72,77,63,56,44,50,42,31,31,30,26,16,14,12,9,4,7,4,4,5,1,0,0,0,0,0,0,0,0,0,0,0,0,0,0,0,0,0,0,0,0,0,0,0,0,0,0
35.35,0,0,0,1,0,0,0,1,0,1,1,1,1,0,1,2,0,1,1,2,0,0,1,0,2,1,3,2,1,2,1,0,1,3,4,2,4,3,5,3,5,4,5,1,4,6,9,3,11,5,9,4,2,7,6,6,6,6,6,7,8,6,4,7,3,6,5,7,21,30,20,23,23,50,32,33,41,36,32,40,40,52,54,45,58,56,51,69,68,60,73,75,74,75,85,82,97,95,112,106,131,117,113,122,120,124,143,150,144,148,169,169,187,219,189,229,232,239,262,270,278,266,305,313,338,332,364,395,410,459,445,462,458,481,508,528,556,561,586,583,635,588,655,651,672,700,765,719,765,742,709,796,779,777,882,890,817,839,898,842,883,864,862,863,886,867,904,890,830,874,849,841,891,823,832,785,790,799,735,777,778,740,693,700,639,694,660,698,654,711,677,660,587,619,580,616,585,546,594,553,561,551,496,533,517,532,542,523,461,538,536,514,541,510,578,522,485,528,588,526,513,504,538,471,524,473,491,482,487,466,462,464,425,383,383,363,348,324,291,292,253,244,235,193,190,176,168,147,144,136,112,99,88,72,78,62,55,44,51,40,30,28,29,27,18,12,11,10,4,7,4,5,4,1,0,0,0,0,0,0,0,0,0,0,0,0,0,0,0,0,0,0,0,0,0,0,0,0,0,0
35.45,0,0,0,0,2,0,0,0,0,3,0,0,2,1,0,0,1,0,0,1,0,2,3,1,2,1,1,1,0,1,2,2,2,0,0,3,3,1,3,3,3,1,6,5,3,5,10,9,4,2,6,8,7,4,5,4,8,9,3,7,6,5,8,8,4,4,7,11,30,28,37,34,32,41,28,41,41,37,53,50,41,70,45,58,59,46,59,65,52,71,76,77,79,80,85,63,97,96,100,111,106,116,120,133,132,152,129,159,151,162,182,173,174,207,201,224,220,256,231,250,269,265,289,294,320,350,352,376,405,383,387,424,476,477,481,504,518,546,534,605,637,620,680,628,697,757,739,732,737,760,771,768,781,867,843,794,883,890,824,918,883,880,909,833,890,842,869,884,848,873,869,856,842,786,816,807,799,779,795,724,778,738,709,689,686,637,682,642,704,670,660,605,622,587,608,599,587,567,579,527,572,534,519,528,544,508,524,533,495,502,505,515,553,511,572,533,499,527,572,530,507,511,533,483,501,484,506,476,494,461,464,457,429,380,374,341,360,330,275,303,244,240,234,194,185,173,171,149,145,132,112,95,86,70,78,64,55,43,47,40,29,28,28,27,17,13,10,10,5,7,4,5,4,1,0,0,0,0,0,0,0,0,0,0,0,0,0,0,0,0,0,0,0,0,0,0,0,0,0,0
35.55,0,2,0,0,0,0,1,0,0,0,0,1,0,2,1,0,0,2,0,2,0,0,1,0,1,0,0,0,2,1,1,1,3,3,3,4,1,4,2,3,3,7,5,6,4,5,2,11,5,9,6,6,8,2,2,5,5,4,10,5,7,10,5,5,10,7,5,11,19,23,24,28,22,24,27,32,28,38,45,56,47,42,33,58,43,60,60,53,72,58,60,67,83,83,86,80,84,86,102,105,109,98,113,111,140,138,141,140,155,166,169,151,194,203,202,242,236,228,249,265,277,272,286,341,339,378,346,346,415,428,445,417,501,473,504,511,537,532,591,622,653,639,663,641,703,681,723,748,689,757,743,842,752,824,853,812,817,873,865,874,903,874,905,857,813,871,875,777,903,824,859,823,812,835,839,784,785,777,774,761,728,747,770,696,655,694,662,631,679,665,650,606,625,603,589,584,637,552,581,532,566,530,519,514,569,505,530,533,485,508,501,526,527,521,548,533,485,548,574,523,502,511,516,484,497,474,498,481,505,459,459,455,436,380,376,332,354,321,283,302,252,246,228,192,188,172,171,152,148,135,105,92,85,67,74,67,51,43,47,37,30,26,29,28,18,13,10,11,4,7,4,5,4,1,0,0,0,0,0,0,0,0,0,0,0,0,0,0,0,0,0,0,0,0,0,0,0,0,0,0
35.65,1,1,0,0,0,0,0,1,0,1,0,1,2,2,0,1,1,1,1,1,0,3,1,2,0,0,2,3,1,1,5,2,2,2,1,5,2,1,1,3,2,1,6,2,5,6,7,6,7,10,4,4,9,8,5,7,5,8,2,5,8,8,4,5,10,5,8,12,15,21,21,39,43,38,33,31,41,39,43,43,46,58,47,48,52,45,58,67,57,71,55,77,73,73,85,77,74,87,98,104,119,90,122,128,145,125,123,173,140,167,166,181,180,212,193,226,237,199,233,271,250,287,288,322,290,326,347,347,355,404,443,431,476,436,433,519,555,541,534,620,603,642,638,685,644,723,781,741,731,738,732,770,765,810,786,799,854,823,819,834,858,840,840,899,870,914,895,883,832,826,833,854,826,859,842,847,770,793,788,758,746,733,743,714,679,690,702,674,662,666,588,664,604,607,617,618,606,564,554,543,563,507,540,508,576,504,523,521,493,510,484,525,526,510,558,519,483,537,584,519,510,500,502,500,484,475,495,470,505,451,466,450,414,379,369,343,345,319,287,304,251,242,232,184,181,169,178,147,151,125,104,94,88,66,75,64,51,44,46,38,29,25,29,29,17,14,10,10,5,7,4,5,4,1,0,0,0,0,0,0,0,0,0,0,0,0,0,0,0,0,0,0,0,0,0,0,0,0,0,0
35.75,0,1,1,0,0,1,1,0,1,1,0,1,0,0,2,0,1,0,2,0,1,0,1,1,0,2,1,0,3,1,1,1,4,4,1,3,4,6,2,6,1,3,3,4,8,3,8,9,9,3,7,3,7,2,2,7,4,7,9,3,8,7,2,8,10,12,8,9,24,20,27,26,27,28,31,30,35,53,40,36,46,42,56,43,53,59,58,71,53,79,82,77,85,72,73,87,81,70,92,83,102,113,120,124,134,137,138,140,160,146,165,174,186,178,218,230,220,256,241,274,265,265,316,322,316,382,338,376,382,428,439,414,460,485,498,531,538,526,568,576,580,638,631,646,649,703,700,711,754,752,778,796,754,756,827,832,811,856,816,854,909,853,846,877,909,907,838,850,847,829,831,840,802,870,799,821,808,755,821,764,754,693,741,699,731,692,675,700,650,655,599,627,625,624,635,604,583,561,532,561,551,501,537,506,533,517,509,521,494,495,507,521,529,520,559,513,487,533,590,530,503,515,502,504,455,488,467,489,489,460,465,456,404,383,368,355,333,314,300,298,244,242,228,193,180,165,176,149,144,129,105,91,91,61,70,63,48,45,48,38,30,24,27,29,18,14,11,9,5,7,3,5,4,1,0,0,0,0,0,0,0,0,0,0,0,0,0,0,0,0,0,0,0,0,0,0,0,0,0,0
35.85,0,1,0,1,0,0,0,2,0,1,1,0,0,0,2,1,0,1,2,0,2,1,0,0,0,1,4,1,4,3,2,2,1,3,1,2,1,6,2,1,4,7,1,3,5,4,7,9,11,6,4,8,4,8,10,9,6,4,6,8,8,4,8,5,5,8,5,11,10,17,28,31,32,31,36,46,39,40,44,38,52,66,46,50,58,52,71,54,56,52,70,60,83,59,99,96,96,98,90,90,100,109,106,115,114,139,157,144,163,153,168,163,175,182,209,220,239,233,259,276,292,263,300,300,324,350,349,361,379,369,411,483,426,500,525,512,487,566,507,576,581,630,635,631,639,721,694,714,743,720,796,763,804,774,857,844,821,854,832,823,861,848,826,866,818,858,885,868,864,831,907,808,839,784,812,805,774,829,792,786,772,742,722,746,701,738,674,696,679,617,633,580,622,647,596,594,572,563,515,596,507,527,526,486,514,536,498,504,491,508,491,527,498,540,573,510,492,550,568,515,517,515,498,510,448,472,466,482,485,456,462,457,392,382,374,351,325,319,295,298,249,241,224,197,175,165,176,151,139,133,101,92,95,58,65,66,47,40,48,40,25,26,27,28,18,14,11,9,5,7,3,5,4,0,0,0,0,0,0,0,0,0,0,0,0,0,0,0,0,0,0,0,0,0,0,0,0,0,0,0
35.95,0,1,0,0,0,1,0,0,2,3,0,0,0,1,0,0,0,2,0,0,1,1,1,0,2,1,1,2,4,1,3,2,2,2,1,1,2,3,5,4,6,2,6,8,6,8,6,1,7,9,7,5,10,6,9,3,4,6,5,5,7,7,4,5,7,10,6,11,24,22,38,33,31,29,42,25,35,37,49,42,49,47,56,48,66,57,45,53,69,65,68,69,84,78,90,71,92,91,104,97,103,119,108,128,138,142,154,149,175,170,184,184,209,208,210,233,249,230,256,281,296,278,330,335,359,334,357,360,341,403,411,413,466,486,449,511,532,559,545,563,633,645,680,698,662,717,750,713,778,766,776,773,847,774,780,820,805,863,864,829,852,883,804,857,889,858,856,867,897,820,828,856,847,849,808,742,842,767,768,755,776,738,750,694,687,719,702,663,667,619,608,627,595,636,578,614,570,548,536,550,506,545,544,488,518,541,482,500,510,494,490,529,512,543,559,504,495,567,557,506,510,504,503,524,445,472,473,471,487,465,456,453,384,371,376,351,309,326,286,287,250,239,219,194,175,170,167,147,131,130,96,95,89,62,62,65,49,41,47,41,25,26,27,26,19,14,11,9,5,8,3,5,4,0,0,0,0,0,0,0,0,0,0,0,0,0,0,0,0,0,0,0,0,0,0,0,0,0,0,0
36.05,1,2,1,0,0,0,1,0,3,0,0,0,0,0,1,0,1,4,2,0,0,1,1,0,0,1,2,3,2,0,0,3,1,6,3,1,3,1,5,6,2,2,3,3,8,8,5,5,6,4,0,6,2,8,9,4,5,6,5,8,3,5,5,6,10,4,5,14,27,35,35,26,31,43,41,29,42,38,44,35,36,37,47,50,48,65,55,61,55,61,63,64,80,80,93,79,86,89,90,83,103,108,119,124,110,123,133,156,156,168,171,183,196,201,194,207,208,244,233,262,294,286,293,340,328,335,373,398,371,392,385,436,484,476,511,505,513,566,552,583,610,655,636,669,702,698,690,747,753,763,818,791,748,780,806,815,836,854,850,871,832,818,895,847,858,840,884,850,813,872,822,844,834,829,786,842,833,796,711,763,744,740,749,678,694,690,735,640,619,639,594,629,606,612,575,581,520,564,545,558,511,521,509,521,514,519,490,479,512,505,485,545,504,547,551,525,498,543,550,516,508,490,495,516,450,473,480,462,471,459,445,445,389,372,372,367,305,323,288,286,246,237,215,190,171,169,162,141,132,128,93,97,87,61,65,61,48,38,45,43,24,25,29,23,18,13,11,9,5,8,3,5,3,0,0,0,0,0,0,0,0,0,0,0,0,0,0,0,0,0,0,0,0,0,0,0,0,0,0,0
36.15,1,0,0,0,1,0,1,0,0,0,1,0,0,1,0,1,0,1,1,3,2,2,1,1,1,0,0,1,2,2,0,0,3,3,5,5,4,3,4,4,7,1,4,6,2,6,3,8,4,7,7,10,7,10,9,6,6,5,5,6,6,2,3,6,9,6,6,14,25,19,34,30,35,42,37,26,31,47,35,37,30,49,33,60,56,49,52,63,62,52,62,71,71,91,83,86,104,101,111,112,110,109,104,123,118,142,146,152,152,154,133,169,215,199,194,221,207,246,243,240,275,272,353,278,324,365,385,365,381,428,412,429,487,470,508,485,518,498,568,546,567,615,603,602,690,704,662,732,727,741,785,815,817,781,799,806,831,824,823,856,860,796,831,861,859,888,845,846,832,830,885,864,849,841,778,769,810,719,775,774,724,750,699,735,659,728,689,694,616,623,607,623,623,547,562,588,542,557,548,532,521,509,504,500,495,501,505,472,499,508,517,519,519,540,533,507,536,541,546,482,502,497,495,509,451,482,479,462,469,479,432,438,389,383,373,370,310,318,289,281,241,234,210,196,167,170,161,142,130,126,92,98,87,64,62,60,46,38,43,41,21,27,29,23,17,14,10,8,6,8,3,5,3,0,0,0,0,0,0,0,0,0,0,0,0,0,0,0,0,0,0,0,0,0,0,0,0,0,0,0
36.25,0,0,0,0,0,0,1,0,1,1,1,1,0,0,0,1,1,1,1,0,0,0,0,1,1,1,0,0,1,2,2,1,0,4,2,3,3,2,2,1,3,6,3,6,3,7,0,3,8,4,6,7,9,4,9,3,2,5,4,8,8,5,5,7,4,7,12,21,21,20,23,32,32,24,44,56,46,44,52,38,46,54,52,55,44,43,65,68,64,59,71,81,92,91,91,83,101,104,103,105,91,94,115,121,125,128,118,154,160,186,176,176,179,201,207,222,230,241,242,263,263,298,276,316,305,335,336,360,370,371,423,432,438,470,489,487,535,504,548,582,603,611,684,684,759,699,732,741,731,762,723,745,769,809,785,770,824,819,851,844,847,843,868,901,846,827,892,903,869,847,823,880,808,799,871,790,761,780,796,789,711,726,693,729,674,725,665,699,608,609,653,621,594,550,578,570,568,553,566,516,548,542,517,505,461,514,508,465,500,510,507,527,492,540,534,510,538,533,537,493,498,517,479,507,451,490,481,459,467,479,431,435,392,375,381,350,318,315,289,287,231,234,221,198,169,157,165,137,126,126,93,91,88,66,61,59,47,39,44,41,21,27,29,23,16,15,11,8,5,9,3,5,3,0,0,0,0,0,0,0,0,0,0,0,0,0,0,0,0,0,0,0,0,0,0,0,0,0,0,0
36.35,0,1,0,0,0,1,0,0,0,0,1,0,0,0,0,0,3,1,0,3,1,2,0,0,1,0,1,0,1,3,2,3,1,3,4,6,1,5,1,4,6,0,3,4,4,7,6,5,9,7,4,6,5,7,6,9,9,3,3,4,4,4,7,6,4,9,12,12,17,20,39,22,32,25,41,39,30,29,29,44,48,42,46,45,61,59,47,68,55,65,67,75,66,67,90,92,96,88,112,104,112,123,93,129,126,138,137,159,158,162,177,183,188,189,206,209,226,246,253,283,285,286,307,303,342,306,390,401,375,376,423,426,481,475,483,523,511,575,558,577,572,596,638,652,699,718,790,765,759,734,788,779,796,804,809,802,835,836,855,804,878,906,845,842,870,842,843,883,887,839,839,803,871,825,816,829,767,802,768,736,755,735,717,684,756,668,671,651,651,617,663,635,580,574,570,529,558,560,573,513,555,522,548,506,483,512,493,498,487,483,511,499,503,510,545,521,548,536,531,493,493,497,489,503,460,494,461,469,452,481,444,431,391,375,385,329,316,312,294,287,234,237,221,197,168,157,164,137,126,123,91,93,89,66,62,58,45,35,48,39,23,26,30,24,16,16,12,7,5,9,3,4,3,0,0,0,0,0,0,0,0,0,0,0,0,0,0,0,0,0,0,0,0,0,0,0,0,0,0,0
36.45,0,0,0,0,1,0,0,1,0,0,0,2,1,1,0,1,1,1,2,0,0,2,2,0,0,0,0,2,2,1,3,2,2,0,1,0,3,2,1,4,4,4,6,7,5,3,5,10,10,7,7,6,5,3,7,15,4,4,4,5,7,3,3,8,6,3,5,17,16,17,25,25,25,41,30,36,36,40,43,40,38,36,61,43,56,57,54,59,47,62,83,73,73,74,93,97,83,114,97,114,120,97,129,130,132,131,157,151,163,137,164,190,181,203,221,211,214,220,227,262,291,268,323,300,330,363,322,385,399,383,397,425,450,456,477,473,553,558,541,563,620,626,668,687,693,674,739,687,770,699,785,788,777,797,845,825,854,844,826,857,895,823,835,879,889,818,862,847,841,877,851,829,879,824,797,835,805,774,831,761,717,788,725,741,725,643,683,653,635,631,650,625,573,539,581,545,559,579,584,510,523,506,520,509,508,488,493,467,509,476,496,484,512,508,554,499,551,525,529,488,511,499,475,500,473,482,468,459,442,475,430,436,389,369,373,325,325,311,289,289,226,238,224,191,170,154,153,134,131,121,92,91,88,72,57,58,42,35,48,39,24,27,29,25,16,15,14,7,4,9,3,3,3,0,0,0,0,0,0,0,0,0,0,0,0,0,0,0,0,0,0,0,0,0,0,0,0,0,0,0
36.55,0,0,0,0,1,0,2,0,0,0,0,0,0,1,1,0,0,1,1,0,0,1,3,0,0,5,2,3,2,0,4,4,0,1,4,2,0,2,3,6,4,5,9,3,2,4,10,2,4,5,5,7,3,4,2,8,11,4,2,7,7,5,6,4,7,5,9,14,21,32,28,35,28,23,35,42,36,35,54,31,43,51,48,60,44,53,60,55,63,74,61,75,74,67,82,81,89,93,103,81,111,104,97,133,123,136,130,125,168,162,180,166,165,194,200,245,230,206,239,251,237,283,288,335,339,340,313,371,421,407,442,423,432,456,485,515,546,507,577,597,606,606,654,650,729,666,703,749,690,723,765,706,773,773,812,783,837,835,844,815,888,916,878,813,899,839,784,880,846,857,843,875,829,845,778,813,850,782,723,810,771,765,725,732,687,673,655,668,628,665,635,596,560,578,572,563,552,592,561,509,533,504,487,505,515,468,478,483,485,465,474,479,522,512,528,508,557,548,498,497,508,490,482,489,475,485,463,459,428,474,443,440,395,351,374,319,328,300,292,288,221,231,230,188,169,154,159,134,131,118,90,95,84,69,59,58,42,39,45,40,24,26,29,25,16,14,13,7,4,9,3,3,3,0,0,0,0,0,0,0,0,0,0,0,0,0,0,0,0,0,0,0,0,0,0,0,0,0,0,0
36.65,0,0,1,0,0,0,1,1,0,0,2,1,3,0,2,0,0,0,1,1,0,3,0,2,1,0,1,1,1,2,5,2,3,1,5,1,1,4,3,2,3,3,2,7,8,7,10,5,4,5,8,4,8,7,4,5,6,3,9,2,5,5,5,4,9,4,10,16,20,20,27,40,26,34,23,31,40,37,48,37,39,46,50,54,51,60,63,42,62,71,80,70,90,65,72,84,92,83,106,118,99,100,127,125,117,130,149,166,139,157,175,185,182,216,221,220,251,232,244,271,302,263,292,340,346,350,350,381,425,383,411,395,403,443,505,531,539,541,559,584,589,596,612,653,680,699,706,729,745,739,780,741,774,782,792,801,769,852,778,850,871,863,829,864,831,827,850,835,842,871,852,856,885,811,848,775,797,826,767,741,805,693,787,715,671,713,655,653,636,683,635,588,566,580,550,545,569,570,546,539,518,524,510,513,510,445,448,503,473,473,482,472,506,528,525,500,563,559,501,487,508,492,473,483,473,475,448,459,431,473,452,441,372,357,366,330,323,297,299,276,228,227,224,197,169,158,149,137,129,113,88,99,80,66,55,59,42,38,46,41,24,25,28,26,13,15,13,7,4,9,3,3,3,0,0,0,0,0,0,0,0,0,0,0,0,0,0,0,0,0,0,0,0,0,0,0,0,0,0,0
36.75,0,1,0,1,2,0,1,1,0,1,3,1,0,2,1,2,1,1,1,0,1,2,1,3,1,1,3,1,1,1,4,1,2,1,2,0,2,3,6,2,6,2,3,1,4,5,5,4,7,12,6,7,7,8,6,4,8,3,8,7,7,4,6,7,9,4,5,13,24,23,29,31,39,28,34,36,42,36,33,58,58,38,35,55,62,59,58,52,69,56,72,82,75,81,85,69,89,80,96,95,100,113,122,113,136,141,138,155,149,164,160,170,209,199,228,212,232,235,272,260,262,307,289,306,317,289,342,404,382,371,451,429,442,486,514,496,527,531,553,641,585,579,623,666,652,710,670,709,695,711,799,734,750,798,808,814,838,825,842,881,825,886,853,838,910,868,849,788,887,830,816,829,829,854,801,817,824,780,766,770,745,709,750,753,721,692,686,636,667,651,637,577,583,607,554,542,557,540,540,548,500,522,517,521,495,434,447,500,456,486,486,454,509,505,511,506,538,570,488,502,516,478,475,478,481,468,463,451,431,475,450,450,369,359,371,319,332,302,293,276,224,229,222,195,174,152,149,131,129,107,88,94,84,66,60,57,42,34,47,38,24,24,28,24,14,13,13,8,6,8,3,3,3,0,0,0,0,0,0,0,0,0,0,0,0,0,0,0,0,0,0,0,0,0,0,0,0,0,0,0
36.85,0,0,0,0,0,0,0,0,0,1,0,1,0,0,1,0,2,1,1,0,1,0,1,0,3,2,0,3,2,2,4,0,2,4,3,0,2,2,2,4,4,3,9,6,2,7,4,8,10,8,5,6,5,6,5,5,5,4,5,7,5,4,8,4,6,2,9,12,11,23,18,21,32,27,38,41,34,40,44,35,48,41,40,53,67,45,60,44,54,63,68,70,92,84,79,77,99,79,94,118,96,117,107,121,115,130,147,139,133,172,153,170,182,183,199,225,228,272,249,261,275,293,287,292,345,369,366,372,382,396,451,440,450,482,489,510,524,524,588,605,579,631,608,625,650,702,705,699,736,750,751,747,833,780,828,846,789,807,857,869,881,856,817,845,835,890,819,826,870,841,835,819,776,819,816,838,825,774,794,732,712,741,707,733,732,693,681,624,655,624,642,582,616,593,572,563,563,522,569,530,495,500,528,523,491,437,441,502,449,462,515,454,507,493,497,527,540,556,489,491,507,491,474,482,490,464,456,454,427,468,446,452,370,362,377,311,330,299,292,275,225,227,224,189,173,151,146,128,126,107,93,94,80,64,61,59,41,34,47,38,21,23,29,24,14,12,12,8,6,9,3,3,3,0,0,0,0,0,0,0,0,0,0,0,0,0,0,0,0,0,0,0,0,0,0,0,0,0,0,0
36.95,1,0,0,0,0,0,0,2,0,0,3,2,1,0,0,0,1,0,1,0,0,0,2,1,2,0,4,1,2,0,6,4,1,3,1,7,2,3,2,2,4,3,5,3,8,5,6,5,0,5,9,5,4,5,7,3,7,8,5,3,5,6,7,7,11,5,10,8,27,22,35,34,37,28,28,33,33,44,39,41,35,43,47,56,50,49,54,77,76,66,74,60,54,68,87,84,71,91,86,113,109,120,119,126,150,141,141,151,140,144,155,171,166,207,209,224,204,228,239,256,289,302,280,311,330,338,358,370,379,402,432,423,449,488,492,516,520,553,546,550,584,616,649,700,666,696,725,708,763,792,757,783,786,775,769,827,806,849,864,825,866,828,878,901,863,909,824,871,843,864,823,811,806,767,873,806,772,777,750,765,767,735,729,673,733,663,681,645,615,643,639,559,637,600,581,547,539,560,549,512,495,483,516,513,494,421,476,460,448,462,491,486,503,487,486,520,540,540,487,483,506,496,484,476,490,447,456,448,433,470,429,451,375,351,370,312,330,307,289,274,230,214,232,182,183,144,145,129,125,109,94,96,78,61,60,52,45,33,47,36,23,22,29,24,14,13,10,9,6,8,3,3,3,0,0,0,0,0,0,0,0,0,0,0,0,0,0,0,0,0,0,0,0,0,0,0,0,0,0,0
37.05,1,0,0,0,0,0,1,1,0,0,1,0,0,0,1,0,1,1,2,2,2,0,1,1,0,0,0,3,0,4,2,2,2,5,3,4,2,4,2,0,5,4,3,3,3,8,9,1,3,4,8,6,4,8,3,7,2,8,6,5,6,6,4,10,8,5,3,14,21,23,31,33,30,40,31,36,33,39,55,42,42,47,52,50,77,60,44,77,57,69,58,80,64,65,74,71,92,106,89,103,121,94,128,144,120,108,156,134,152,161,183,197,178,216,233,234,217,208,262,249,253,292,327,314,296,354,348,364,381,389,433,435,425,456,468,480,491,536,586,595,614,598,618,688,694,719,768,734,721,760,769,777,723,744,842,802,804,793,815,831,896,842,812,869,870,906,908,829,835,811,793,840,795,827,839,787,804,775,724,781,778,714,713,666,713,684,653,627,645,651,592,623,606,589,592,577,543,574,543,542,501,489,512,523,487,447,480,452,419,480,501,473,493,509,473,525,529,548,478,487,493,509,477,467,463,458,462,431,431,482,431,446,371,351,367,306,333,308,289,265,236,211,232,178,177,148,137,128,124,107,95,92,70,61,60,51,46,33,45,39,21,22,30,22,13,12,12,9,6,7,3,3,3,0,0,0,0,0,0,0,0,0,0,0,0,0,0,0,0,0,0,0,0,0,0,0,0,0,0,0
37.15,0,0,0,0,0,0,0,1,2,2,0,0,0,0,1,1,2,1,0,2,1,2,0,0,1,2,0,2,0,4,3,2,3,2,4,1,5,1,3,1,2,6,5,5,5,4,10,4,8,5,4,7,10,12,6,4,6,9,6,2,5,5,5,2,4,11,7,8,30,30,24,41,21,28,33,27,31,33,41,41,48,40,53,44,46,61,46,48,53,66,56,77,68,80,83,73,98,108,90,92,121,113,109,121,121,141,152,158,135,149,157,225,190,193,202,244,239,248,261,242,282,279,311,286,306,340,381,380,416,419,434,462,439,464,492,483,540,520,568,603,578,605,669,650,703,674,669,721,740,801,750,769,814,826,808,831,845,868,837,868,839,815,889,900,870,836,833,832,815,869,891,811,829,798,763,808,775,746,779,756,786,774,677,700,648,689,662,631,681,651,608,573,621,569,561,577,575,559,542,538,525,505,510,513,464,464,464,462,435,477,511,490,496,484,489,511,533,533,477,483,485,509,472,480,451,461,468,441,434,475,432,433,369,349,363,310,336,308,292,256,229,212,221,185,172,142,138,132,126,101,96,89,68,64,59,49,46,32,45,36,21,23,30,20,13,12,10,10,6,7,3,3,3,0,0,0,0,0,0,0,0,0,0,0,0,0,0,0,0,0,0,0,0,0,0,0,0,0,0,0
37.25,0,0,0,0,0,2,1,0,0,0,0,0,0,0,0,0,1,3,0,0,3,1,1,4,0,0,0,3,2,2,0,0,3,1,2,4,3,1,2,3,3,2,3,5,4,4,5,7,7,7,4,11,7,9,4,4,7,8,8,3,9,5,12,4,5,8,10,13,22,25,25,38,33,32,33,33,45,47,58,36,41,37,63,42,32,50,47,59,53,67,82,54,72,87,71,86,86,77,105,98,79,112,123,127,126,116,148,154,147,161,172,176,173,196,200,204,227,208,250,256,256,314,292,279,305,330,339,393,386,402,410,435,435,450,492,518,558,504,546,562,578,600,621,652,695,694,674,683,744,739,757,759,812,825,795,822,815,886,852,931,857,879,835,826,831,817,890,802,868,842,843,864,773,825,828,743,777,778,747,745,803,726,747,733,612,673,653,633,659,634,603,611,585,588,543,582,586,554,532,532,514,513,504,544,436,476,466,461,442,467,497,528,468,495,489,509,529,522,486,465,484,499,494,471,451,460,469,427,443,463,434,431,372,333,375,300,335,302,287,259,226,210,211,192,163,139,135,132,130,99,96,88,68,66,58,49,44,32,42,37,18,24,27,20,13,10,10,10,6,7,3,3,3,0,0,0,0,0,0,0,0,0,0,0,0,0,0,0,0,0,0,0,0,0,0,0,0,0,0,0
37.35,0,2,1,1,0,0,0,0,0,1,0,1,0,1,0,2,0,1,1,0,1,1,1,1,2,1,0,2,3,1,1,0,2,0,6,3,0,3,4,1,2,3,2,2,3,5,11,6,3,2,8,8,4,6,5,7,6,9,5,2,7,9,3,8,14,3,3,14,21,33,31,31,26,23,27,32,41,32,42,29,42,54,48,49,50,78,57,64,69,58,70,79,72,81,85,89,89,86,86,95,94,110,128,141,115,134,129,143,144,156,184,167,207,189,225,212,217,255,258,248,238,269,290,289,337,344,316,380,407,383,392,410,451,453,480,502,532,538,549,546,550,633,635,625,629,726,731,739,717,695,787,819,813,788,810,826,869,865,834,881,890,880,840,826,882,809,813,849,828,839,866,845,805,832,813,809,799,748,755,784,705,753,737,711,661,627,669,695,649,635,603,595,588,579,538,619,572,546,545,508,536,505,517,499,463,483,472,446,438,457,509,510,483,506,495,493,530,525,495,441,493,499,490,466,449,448,468,441,443,453,425,432,373,328,365,304,333,293,278,262,222,209,212,192,163,134,136,132,128,99,94,90,67,63,58,45,43,32,44,37,18,23,27,20,15,10,10,10,5,6,4,3,3,0,0,0,0,0,0,0,0,0,0,0,0,0,0,0,0,0,0,0,0,0,0,0,0,0,0,0
37.45,1,0,0,0,0,0,4,0,1,0,0,0,0,0,0,1,0,2,0,0,1,2,0,1,2,1,0,2,2,1,2,3,0,2,4,3,0,5,2,3,0,1,6,2,7,7,8,6,3,8,6,4,7,4,4,5,9,8,7,3,6,6,7,4,6,9,4,16,17,20,36,23,32,42,34,42,29,36,48,56,44,46,44,52,48,52,49,63,70,64,87,68,67,76,71,98,82,101,118,111,96,104,117,120,135,150,144,157,134,171,172,171,182,203,199,206,225,253,252,260,240,290,315,291,329,319,364,375,355,367,459,406,458,516,486,546,511,573,538,564,619,597,635,648,694,675,668,716,737,745,775,769,717,799,800,808,802,833,816,879,771,902,830,878,843,837,821,840,890,900,811,837,862,839,803,784,793,795,797,711,735,757,718,725,700,607,698,655,641,624,606,592,575,573,557,604,577,550,508,534,522,536,503,479,447,483,463,452,442,483,495,499,487,497,503,480,546,518,480,446,480,501,485,468,448,446,471,435,439,451,430,430,380,333,354,307,323,296,266,264,221,210,205,189,165,137,131,131,126,91,93,87,65,67,53,47,44,31,44,39,17,24,26,18,16,11,10,10,4,5,3,3,3,0,1,0,0,0,0,0,0,0,0,0,0,0,0,0,0,0,0,0,0,0,0,0,0,0,0,0
37.55,0,0,0,1,0,0,0,0,0,0,0,0,0,0,0,1,1,3,2,1,0,1,0,0,0,6,1,0,1,1,3,4,2,0,3,1,5,0,5,4,2,3,2,5,4,6,3,5,5,4,4,4,6,6,3,7,3,3,5,3,5,1,5,5,8,8,8,22,24,19,32,18,27,36,35,29,33,26,51,37,46,30,47,42,52,63,47,64,55,61,73,60,73,68,71,95,90,88,91,113,99,99,111,122,114,121,149,146,166,155,182,154,170,188,219,212,215,256,268,261,248,259,311,268,345,315,330,362,370,401,416,429,425,474,444,498,555,570,553,520,599,632,616,673,696,674,684,731,723,723,776,778,752,833,768,841,829,774,821,827,809,857,851,868,808,828,835,877,762,870,810,842,825,875,799,818,854,749,765,712,721,718,715,712,701,695,662,701,647,615,585,591,562,562,558,550,596,554,505,534,507,525,499,482,471,486,463,425,449,496,490,509,468,497,502,498,555,503,471,465,475,494,496,457,440,468,458,439,424,460,419,426,369,340,355,304,316,296,267,262,222,216,205,184,162,133,126,124,122,95,95,84,64,67,50,48,42,32,45,37,17,25,24,18,15,12,10,9,4,5,3,3,3,0,1,0,0,0,0,0,0,0,0,0,0,0,0,0,0,0,0,0,0,0,0,0,0,0,0,0
37.65,0,0,0,0,0,1,0,0,0,0,0,0,1,1,1,0,1,1,0,2,2,2,2,1,3,1,3,4,4,2,2,0,5,2,1,2,3,3,5,7,4,1,4,4,5,12,6,7,3,5,4,3,5,3,8,6,8,6,2,11,4,5,7,8,6,7,7,12,25,29,28,26,26,36,37,36,36,31,42,47,41,42,52,54,51,48,54,55,67,61,66,69,63,79,88,83,77,76,84,72,107,84,92,124,133,153,161,136,164,150,156,174,181,208,200,232,240,242,249,215,288,266,288,322,328,351,330,366,380,386,409,421,451,453,503,546,495,546,545,566,609,612,643,629,696,730,682,741,735,739,730,765,782,768,780,870,834,831,827,860,830,850,832,849,826,788,874,869,820,774,851,786,822,815,858,820,733,795,763,722,716,739,688,732,670,770,653,678,670,616,599,551,586,557,549,588,550,560,525,514,507,512,501,475,495,465,475,422,464,487,487,509,448,505,488,502,552,497,453,487,472,482,491,461,449,464,453,434,435,463,406,439,350,350,341,304,318,291,261,266,215,218,202,183,155,136,128,121,123,89,93,84,60,65,51,46,39,34,44,37,18,22,26,18,15,12,9,9,3,5,3,2,3,0,1,0,0,0,0,0,0,0,0,0,0,0,0,0,0,0,0,0,0,0,0,0,0,0,0,0
37.75,0,0,1,0,2,0,0,0,1,0,0,0,0,0,0,0,0,0,0,0,1,0,0,5,2,0,4,1,1,6,4,3,3,3,2,3,2,2,2,5,2,0,2,5,3,5,5,8,7,4,3,9,8,5,5,4,1,6,7,5,4,3,6,6,4,6,9,15,24,22,31,26,31,30,38,27,33,43,39,40,43,38,34,46,61,44,53,65,61,85,75,73,71,80,89,91,102,98,87,90,91,120,124,112,127,132,142,155,144,154,187,177,174,211,193,225,212,220,262,268,261,270,274,267,304,341,315,339,359,345,391,432,428,504,514,494,539,552,574,593,606,628,615,631,645,694,726,776,739,778,701,773,726,793,806,842,793,816,876,860,898,834,848,847,862,831,780,806,817,844,790,829,822,850,817,750,792,761,718,743,723,729,728,646,747,742,688,625,651,650,613,555,588,554,547,584,548,528,513,496,534,508,487,456,465,469,460,414,459,503,495,508,456,494,485,512,534,508,451,474,464,482,495,461,443,476,430,440,422,462,412,426,356,356,339,309,312,294,264,257,214,221,196,184,156,132,130,117,124,89,92,80,61,64,50,43,38,33,39,36,19,22,23,18,15,11,9,8,4,5,3,2,3,0,1,0,0,0,0,0,0,0,0,0,0,0,0,0,0,0,0,0,0,0,0,0,0,0,0,0
37.85,0,0,0,0,1,0,1,1,0,0,0,0,0,3,0,0,2,0,3,1,3,0,1,1,0,1,2,2,1,1,1,1,5,1,2,4,5,1,4,7,2,5,2,3,5,1,4,15,5,6,8,6,11,7,7,6,10,3,5,6,5,7,6,4,5,5,6,15,22,16,28,31,27,25,41,32,42,36,32,44,51,41,46,56,56,71,52,57,64,56,79,68,78,64,88,89,79,89,91,89,105,125,128,122,124,150,132,153,161,140,169,170,188,187,189,231,242,252,247,246,245,277,312,312,320,321,339,362,351,438,430,473,437,472,462,461,486,490,527,578,630,547,608,605,704,662,717,679,755,750,718,744,809,820,808,820,804,798,815,820,844,897,880,841,851,796,872,819,862,810,842,771,830,811,805,834,789,762,782,721,745,713,729,696,771,663,716,634,637,623,641,579,570,540,564,586,555,520,509,505,510,513,493,432,447,470,463,433,461,494,481,519,454,513,462,520,525,501,462,464,480,470,479,454,434,472,446,415,432,455,423,420,353,344,347,303,318,291,263,257,204,221,194,180,152,131,123,118,119,94,90,78,62,66,48,41,42,33,38,36,18,23,22,20,15,11,9,8,4,5,3,2,2,1,1,0,0,0,0,0,0,0,0,0,0,0,0,0,0,0,0,0,0,0,0,0,0,0,0,0
37.95,0,0,1,0,0,0,0,0,0,0,2,0,1,1,0,1,0,0,1,0,0,1,0,0,0,1,3,0,1,4,0,1,2,3,1,7,4,1,3,3,5,4,6,2,7,7,3,5,6,5,5,7,12,6,3,11,4,7,5,5,8,7,4,4,4,3,8,12,19,21,22,36,33,29,31,43,30,41,50,54,57,53,47,46,48,49,60,56,70,65,69,83,66,62,70,84,90,86,89,86,128,120,112,129,125,140,153,160,170,138,168,173,180,197,214,231,231,246,248,236,264,283,280,314,347,333,328,341,342,405,422,410,454,491,477,479,499,559,581,608,614,618,644,654,646,685,669,734,792,761,751,795,820,773,836,797,802,792,799,833,792,826,836,895,817,903,844,842,862,852,864,814,767,786,844,815,768,776,742,752,756,685,695,725,704,657,692,647,639,632,639,590,529,580,559,562,542,529,514,484,502,507,482,426,457,469,430,450,466,493,496,486,464,493,462,520,550,503,462,454,491,448,492,447,427,495,437,427,428,459,412,402,347,345,343,297,318,292,261,254,208,211,197,180,151,127,121,124,119,91,93,78,60,64,49,43,38,32,38,36,18,21,22,19,13,12,9,7,4,4,3,2,2,1,1,0,0,0,0,0,0,0,0,0,0,0,0,0,0,0,0,0,0,0,0,0,0,0,0,0
38.05,0,0,0,0,0,0,0,1,0,1,0,0,2,1,1,1,0,1,0,0,1,1,0,2,2,2,0,1,1,0,1,3,1,2,2,1,1,2,4,3,5,2,4,4,3,7,4,6,1,7,8,9,5,5,5,5,3,7,5,4,3,3,2,6,1,3,5,11,15,31,27,24,24,32,28,17,45,38,42,31,48,37,40,46,44,57,51,49,55,65,73,53,71,72,86,97,78,73,90,114,110,122,125,106,122,140,152,132,152,154,187,172,155,167,197,222,220,246,217,242,248,279,291,330,311,322,354,354,398,394,433,422,458,464,451,504,540,545,618,576,605,645,710,658,676,635,712,700,758,744,757,758,750,788,811,804,822,848,796,840,829,889,817,817,846,872,911,865,834,899,852,881,830,762,808,783,764,738,780,785,713,676,679,768,661,701,637,682,608,657,576,646,547,602,580,550,535,515,498,510,498,483,501,454,455,451,433,458,456,489,489,490,462,486,471,523,532,504,464,439,487,445,487,456,435,484,438,425,432,462,411,390,348,347,332,294,323,286,257,252,210,203,196,176,149,124,122,119,121,92,89,78,60,66,48,41,40,32,36,37,18,19,23,19,13,12,9,7,5,3,3,3,2,1,1,0,0,0,0,0,0,0,0,0,0,0,0,0,0,0,0,0,0,0,0,0,0,0,0,0
38.15,0,0,0,0,0,0,0,0,0,1,0,1,1,0,1,0,0,0,0,3,0,1,0,2,2,1,1,1,2,4,3,0,1,3,4,3,2,0,6,1,2,5,4,1,1,3,7,3,4,6,8,4,7,8,7,3,9,4,3,7,10,5,9,5,1,4,8,16,18,22,25,34,32,37,48,30,45,37,37,38,52,56,39,58,54,74,37,60,57,53,63,77,79,90,75,86,106,81,115,118,110,102,113,117,128,141,152,140,145,180,175,196,199,205,218,241,223,243,231,283,236,268,311,305,291,343,348,376,361,371,379,432,417,480,470,561,526,530,531,566,581,611,651,639,658,701,678,736,712,780,734,779,798,772,765,836,831,835,816,870,836,784,867,884,840,801,870,857,875,822,855,809,860,803,789,781,775,753,780,757,715,677,668,725,665,683,697,652,636,617,572,630,548,594,583,538,521,506,503,491,519,475,475,464,456,441,449,454,456,488,496,501,460,467,463,536,518,501,454,454,464,455,486,461,438,482,450,421,421,451,418,388,362,340,327,291,317,292,253,245,216,194,199,175,148,121,121,118,117,90,90,77,62,63,49,40,41,31,36,38,17,19,23,19,12,12,9,6,5,3,3,2,3,1,1,0,0,0,0,0,0,0,0,0,0,0,0,0,0,0,0,0,0,0,0,0,0,0,0,0
38.25,0,0,0,1,0,0,0,0,1,0,0,1,1,0,1,0,0,1,0,1,0,0,0,0,2,2,2,2,1,1,0,3,3,2,2,1,6,3,4,2,1,2,7,1,4,3,7,6,2,5,3,2,9,5,3,3,5,0,4,8,7,5,7,4,4,7,8,19,17,26,23,19,17,33,35,42,34,46,52,34,48,31,39,57,61,56,55,52,61,77,69,64,72,78,75,89,97,90,77,89,110,133,124,124,140,132,141,156,153,171,188,170,187,193,189,225,205,240,251,255,281,262,317,290,349,326,333,361,359,413,423,415,434,505,487,495,502,575,588,566,584,611,628,658,662,690,694,696,701,806,770,789,761,819,830,797,866,900,902,819,882,860,809,808,882,844,812,811,926,794,809,821,833,878,754,771,789,730,720,752,678,722,674,668,710,660,681,686,628,598,623,568,587,587,603,498,509,502,508,501,486,484,491,469,441,446,435,442,465,493,485,488,484,441,471,524,511,499,455,473,454,468,475,469,433,484,440,431,412,438,414,383,370,337,336,294,315,292,245,245,218,198,191,175,148,123,119,120,114,90,87,77,63,63,49,40,38,33,36,35,18,19,23,18,12,12,8,6,4,3,3,2,3,1,1,0,0,0,0,0,0,0,0,0,0,0,0,0,0,0,0,0,0,0,0,0,0,0,0,0
38.35,1,0,0,0,0,0,1,1,0,0,0,1,1,0,2,1,1,0,1,2,2,0,2,2,1,0,2,1,2,3,1,2,1,2,1,3,2,2,4,4,4,3,7,1,4,6,6,7,4,6,8,11,3,2,2,5,2,2,5,5,5,7,4,7,7,6,5,11,19,19,23,29,32,31,26,39,30,33,34,43,42,39,44,39,57,52,52,61,61,79,68,62,71,70,84,61,75,82,76,91,98,108,126,107,123,132,133,139,170,170,139,195,179,196,200,231,227,227,250,250,289,279,301,280,339,322,362,383,376,374,427,425,442,460,459,508,501,519,555,585,556,619,655,658,688,685,658,711,757,714,751,788,806,840,774,829,808,807,844,846,865,851,842,855,897,859,838,810,789,812,864,776,815,819,800,772,752,763,750,689,729,712,674,702,685,656,694,659,623,615,641,539,601,599,596,507,502,501,542,491,491,478,499,474,441,434,416,475,461,473,513,480,480,437,460,512,507,509,449,474,450,480,461,473,432,469,442,442,409,433,411,376,367,334,332,297,309,289,245,245,223,192,188,178,145,117,120,116,115,89,83,78,62,62,48,40,38,31,36,36,18,18,25,17,12,12,8,6,4,3,3,2,3,2,1,0,0,0,0,0,0,0,0,0,0,0,0,0,0,0,0,0,0,0,0,0,0,0,0,0
38.45,0,0,0,0,1,1,0,0,0,0,0,1,1,1,0,0,0,1,0,1,1,0,0,1,2,1,2,3,1,2,3,2,1,3,3,2,3,3,2,6,1,2,4,1,4,4,8,3,3,4,3,5,4,3,7,4,5,5,5,9,9,2,6,5,7,5,6,8,12,24,29,33,29,32,31,28,27,42,49,45,49,39,49,41,53,50,62,61,64,72,69,77,83,71,81,89,93,81,87,87,103,123,104,133,118,121,126,132,167,152,170,172,191,198,211,194,234,248,261,262,248,263,279,319,280,336,374,435,393,393,397,405,450,463,528,502,488,550,520,588,632,631,624,651,644,679,695,719,717,714,759,754,816,781,778,879,804,821,835,856,867,874,878,870,812,913,843,827,796,796,788,800,797,821,820,755,759,761,738,676,738,734,710,692,674,671,650,654,649,597,634,574,635,576,563,542,499,486,559,478,492,459,524,463,429,457,444,439,465,472,513,483,458,446,466,512,516,497,446,473,448,470,472,466,444,456,443,442,406,431,408,367,365,331,330,300,301,284,249,245,220,195,185,171,144,114,120,112,117,88,80,79,62,62,48,40,38,29,35,35,18,18,23,18,11,10,9,6,4,2,3,2,3,2,1,0,0,0,0,0,0,0,0,0,0,0,0,0,0,0,0,0,0,0,0,0,0,0,0,0
38.55,0,1,0,0,1,2,0,0,2,0,0,0,0,1,0,1,1,2,0,0,1,1,0,0,2,1,1,1,1,0,1,1,1,1,3,2,2,6,4,4,5,2,3,4,2,5,4,8,5,6,2,3,4,4,2,4,4,7,7,5,8,2,5,5,7,1,3,14,19,20,19,21,26,28,34,19,39,45,30,47,48,43,37,53,54,57,52,56,68,61,58,71,71,61,71,75,81,84,97,96,100,120,114,103,110,124,135,136,153,148,181,158,160,172,213,175,233,218,228,234,288,265,292,274,330,308,352,365,360,399,397,382,432,438,455,473,501,541,514,567,560,617,626,663,652,687,719,754,761,721,773,758,768,799,850,791,803,865,827,853,868,859,927,908,921,840,848,810,842,845,776,796,762,820,793,781,776,782,736,721,727,713,719,719,661,683,636,669,657,590,585,580,621,599,539,537,493,505,552,483,446,463,500,448,459,454,427,442,475,481,529,468,465,447,466,502,510,501,453,477,449,469,463,471,453,441,437,445,396,426,415,360,364,338,322,302,297,279,241,256,204,204,186,174,146,119,113,105,118,87,82,78,61,62,47,41,39,28,34,35,18,19,23,18,11,10,9,6,4,2,2,2,3,1,1,0,0,0,0,0,0,0,0,0,0,0,0,0,0,0,0,0,0,0,0,0,0,0,0,0
38.65,1,0,0,0,0,0,0,0,1,0,0,0,1,1,1,1,0,1,0,1,0,2,3,0,1,2,1,1,2,3,2,2,2,3,3,2,2,3,4,2,1,5,3,3,4,8,5,7,1,4,4,3,5,5,3,2,6,2,5,4,3,11,4,5,5,7,7,18,17,20,24,27,34,29,30,31,36,36,41,40,42,51,55,50,52,38,56,65,72,57,70,62,71,76,70,82,75,82,90,82,111,113,101,108,127,135,147,132,148,157,175,171,190,186,204,174,239,233,236,230,267,269,293,305,317,354,369,340,387,363,449,437,457,442,498,522,496,511,588,548,600,592,645,633,641,693,730,683,754,695,766,709,758,777,794,791,811,820,858,843,845,848,864,931,790,862,832,869,840,809,846,794,774,733,772,778,772,791,747,705,713,745,713,668,664,679,679,650,639,605,566,598,619,588,558,519,497,549,521,472,454,478,468,466,446,452,435,423,479,481,523,455,459,450,471,487,509,522,457,463,446,466,458,487,443,445,437,441,395,418,428,363,364,325,321,303,291,277,241,252,198,207,187,168,146,122,111,108,109,91,83,76,56,62,45,41,36,29,33,35,20,19,24,18,10,11,8,6,4,2,2,2,2,1,1,0,0,0,0,0,0,0,0,0,0,0,0,0,0,0,0,0,0,0,0,0,0,0,0,0
38.75,0,0,1,0,0,2,2,0,1,1,1,0,0,1,1,1,0,0,0,1,0,2,1,1,0,1,1,2,2,0,3,2,3,1,6,3,0,3,3,4,2,3,6,2,6,5,9,4,5,2,2,7,5,2,5,5,4,5,4,4,6,5,7,0,10,5,7,17,21,22,21,36,30,34,37,34,28,31,37,37,39,40,37,45,44,53,70,63,53,53,66,66,75,79,74,70,69,86,102,86,113,87,105,116,140,124,137,133,146,174,183,156,182,171,197,184,221,228,231,252,246,262,290,300,359,330,323,360,378,387,418,441,423,471,477,507,535,525,545,572,632,636,644,613,658,650,679,756,682,761,751,767,795,776,831,803,842,831,825,815,872,790,813,811,846,856,911,806,851,851,784,799,784,744,772,784,802,753,748,733,753,717,756,683,665,677,654,652,635,608,578,619,597,591,521,550,518,542,507,492,448,499,476,494,422,435,442,428,488,481,531,448,467,466,469,470,507,501,454,484,453,463,453,475,454,440,453,435,404,421,416,367,358,331,321,307,289,276,240,256,197,211,185,168,147,122,112,103,108,91,81,72,56,61,49,39,36,29,30,35,22,19,22,19,10,11,8,6,5,1,2,2,2,1,1,0,0,0,0,0,0,0,0,0,0,0,0,0,0,0,0,0,0,0,0,0,0,0,0,0
38.85,0,0,0,1,0,0,0,1,1,1,0,1,0,2,1,1,2,0,1,0,0,0,4,0,0,0,0,0,2,1,1,0,2,3,2,4,3,5,7,4,2,3,6,4,2,8,7,7,1,7,5,5,4,4,4,4,4,5,6,3,7,4,1,2,5,7,7,10,22,29,25,25,28,31,38,41,34,29,38,32,48,60,53,46,61,63,68,65,62,52,78,73,74,71,67,98,89,86,98,83,97,106,93,130,139,136,118,135,138,146,170,178,200,169,204,234,220,235,242,245,262,284,300,332,303,352,344,388,385,385,443,421,454,473,491,484,504,520,590,569,588,618,650,664,694,727,705,730,761,766,783,760,801,818,790,806,843,860,916,807,841,855,825,842,812,859,812,873,869,849,855,774,804,776,798,731,776,728,728,767,707,809,739,685,684,655,671,629,637,580,611,609,582,579,538,535,520,523,507,513,430,485,478,473,435,444,451,442,472,479,531,435,469,467,466,480,510,497,457,475,450,473,446,471,450,450,443,441,410,429,411,361,368,323,326,310,285,268,243,251,203,203,191,163,138,131,108,106,107,89,81,71,61,58,49,38,35,29,29,34,21,18,22,18,11,11,8,6,5,1,2,2,2,1,1,0,0,0,0,0,0,0,0,0,0,0,0,0,0,0,0,0,0,0,0,0,0,0,0,0
38.95,0,1,0,0,1,0,0,0,1,0,1,0,1,2,0,1,2,2,0,0,1,1,0,1,2,3,2,1,4,0,4,2,1,2,2,2,0,3,0,1,3,4,3,5,4,5,6,5,11,4,5,5,9,5,11,8,4,10,5,5,5,5,9,6,9,4,6,18,25,28,45,30,41,32,45,36,41,36,48,40,43,36,51,50,56,66,46,56,59,59,53,78,72,82,71,75,74,99,107,99,95,115,108,115,107,135,132,147,144,142,162,180,202,175,205,241,221,238,223,255,262,280,312,300,316,320,341,364,362,366,389,432,444,510,501,504,505,564,539,574,565,611,625,674,665,715,692,695,733,762,777,711,793,797,832,814,826,828,846,787,876,828,822,804,808,828,862,837,886,848,890,851,815,846,744,752,756,707,740,715,726,780,733,688,737,668,665,649,606,588,598,631,589,578,534,539,506,555,505,503,452,477,484,461,440,424,450,439,483,472,518,453,462,460,472,505,503,490,457,469,451,480,435,460,450,449,435,436,411,424,413,362,370,317,314,307,281,269,240,253,198,201,188,164,141,132,106,105,108,88,79,66,62,56,49,41,34,29,29,34,22,18,22,17,13,11,7,6,5,1,2,2,2,1,1,0,0,0,0,0,0,0,0,0,0,0,0,0,0,0,0,0,0,0,0,0,0,0,0,0
39.05,0,0,0,0,0,0,1,0,0,1,1,0,2,0,0,0,2,0,0,1,0,2,0,1,3,1,2,2,1,1,2,1,3,2,1,1,2,4,4,3,1,8,3,10,4,9,4,4,7,6,6,6,5,10,4,1,3,7,4,3,5,5,3,4,4,4,5,11,18,21,32,34,35,33,36,32,39,49,35,44,47,48,45,44,57,49,63,58,49,67,68,79,70,76,74,90,67,107,78,116,142,128,127,124,142,142,137,148,169,152,157,195,167,190,220,204,227,225,270,248,259,253,320,289,309,327,386,346,367,383,418,443,450,438,493,517,514,530,551,569,574,652,631,645,684,730,722,726,684,774,744,763,747,784,810,814,789,868,850,826,867,824,799,847,850,878,831,831,771,836,823,862,835,799,761,751,781,717,747,719,783,691,723,695,681,701,624,614,620,620,597,618,568,554,560,546,533,504,500,496,459,484,473,441,450,418,461,460,479,468,523,444,446,469,482,497,498,492,443,474,446,481,439,455,449,452,430,434,412,431,405,357,371,315,311,303,283,267,239,248,198,202,185,162,144,133,104,101,104,82,76,64,67,57,46,41,33,28,28,34,21,18,21,18,13,11,7,6,5,1,2,2,2,1,1,0,0,0,0,0,0,0,0,0,0,0,0,0,0,0,0,0,0,0,0,0,0,0,0,0
39.15,0,1,0,1,0,0,1,1,1,1,1,0,0,1,0,0,0,1,1,0,1,0,2,0,3,1,1,2,2,2,2,2,0,0,7,4,2,2,4,3,4,2,1,4,6,3,4,6,8,3,7,5,7,4,5,6,9,4,1,4,3,7,6,2,4,1,11,17,20,24,21,32,34,31,36,38,27,30,35,49,49,48,37,36,40,51,56,55,54,64,61,71,73,70,95,76,84,95,102,101,119,117,98,138,122,145,143,131,162,143,173,194,172,185,179,201,204,227,231,257,236,302,284,304,316,296,340,380,365,383,413,475,463,465,466,479,509,493,525,585,573,638,592,602,647,723,726,697,685,734,752,765,777,795,796,804,844,829,820,884,858,822,836,848,899,847,738,807,823,824,904,815,846,796,792,777,771,757,757,758,712,706,741,703,720,691,646,587,622,602,610,613,556,573,549,535,548,525,506,479,467,473,476,429,462,434,444,453,492,454,495,445,462,483,474,495,508,473,446,479,447,466,449,451,449,450,434,434,415,417,403,367,366,313,304,315,288,259,240,247,201,200,183,159,143,132,104,101,103,82,74,62,69,55,46,42,32,27,27,31,21,18,21,17,12,12,7,6,5,1,2,2,2,0,1,0,0,0,0,0,0,0,0,0,0,0,0,0,0,0,0,0,0,0,0,0,0,0,0,0
39.25,1,2,0,0,1,1,0,0,0,1,1,0,1,0,0,0,1,1,2,0,1,0,1,0,1,0,2,1,5,0,1,7,2,1,5,5,2,4,6,3,3,5,1,2,6,5,4,2,3,8,5,8,11,6,6,5,3,4,6,8,4,7,2,7,4,3,4,16,25,27,29,40,32,31,40,36,38,51,47,47,55,62,60,41,56,53,66,48,60,63,65,74,92,80,76,114,84,90,79,104,102,139,121,123,102,130,112,150,166,169,173,174,161,190,202,214,240,226,229,261,272,278,298,298,285,335,358,327,392,439,384,444,439,467,466,522,505,557,611,571,597,651,612,622,665,679,704,706,760,752,803,802,799,817,839,836,794,811,850,843,839,876,837,879,808,829,811,868,827,784,823,864,772,863,776,760,807,781,733,774,759,679,735,718,675,726,660,599,605,628,634,566,555,562,569,545,546,519,522,458,460,465,483,428,463,429,439,447,480,486,462,443,455,450,480,485,517,476,453,477,441,457,447,454,437,454,427,437,423,410,405,365,366,318,298,321,279,259,236,245,203,194,187,161,138,133,98,108,96,82,75,61,67,54,46,43,32,27,27,30,19,18,21,18,12,12,7,6,5,0,2,2,2,0,1,0,0,0,0,0,0,0,0,0,0,0,0,0,0,0,0,0,0,0,0,0,0,0,0,0
39.35,0,0,0,0,0,0,0,0,0,1,0,1,1,0,0,2,0,1,0,0,1,0,3,0,0,0,0,0,1,1,2,0,2,2,2,4,5,4,3,1,2,5,1,4,4,3,4,0,1,2,5,9,4,8,4,3,11,7,0,7,5,6,3,7,3,7,5,15,27,21,32,36,31,34,25,30,35,46,29,41,36,41,48,44,48,59,52,58,55,81,63,64,65,83,82,71,80,86,79,92,105,125,125,120,106,110,133,152,165,151,166,201,169,197,208,208,239,237,262,254,242,295,280,344,317,331,350,322,384,416,375,429,453,467,485,513,523,482,567,596,605,647,596,602,672,654,751,751,753,718,771,792,790,791,802,863,869,866,874,798,862,828,855,836,829,834,857,816,809,817,785,842,795,800,827,789,777,788,739,762,714,709,755,705,658,732,668,634,610,606,666,571,569,557,575,553,543,514,511,468,453,465,477,405,466,441,427,439,478,485,451,456,455,441,469,490,492,474,490,458,430,457,452,450,427,458,439,426,418,410,404,352,369,319,302,316,267,251,238,245,201,190,184,165,138,127,96,108,98,79,75,62,65,53,48,42,28,28,27,30,17,20,21,17,11,11,8,7,5,0,2,2,2,0,1,0,0,0,0,0,0,0,0,0,0,0,0,0,0,0,0,0,0,0,0,0,0,0,0,0
39.45,0,0,0,1,0,0,0,0,0,0,0,0,0,0,1,0,0,1,1,1,0,1,0,1,2,0,2,2,1,2,2,0,1,2,4,2,4,3,5,5,2,0,5,2,3,5,7,5,7,5,8,3,4,3,3,4,6,3,5,5,2,4,4,7,4,7,9,14,25,27,24,25,31,26,28,31,39,38,39,36,45,54,46,39,52,71,47,50,57,75,55,82,74,53,71,88,79,95,103,106,106,118,91,112,118,119,131,154,167,152,166,161,183,172,226,222,231,221,234,242,296,300,277,308,310,328,332,355,387,387,412,396,487,458,498,515,515,535,562,613,594,594,616,648,621,692,696,742,701,782,772,750,764,819,838,801,810,804,831,816,877,810,853,863,815,805,877,830,830,831,834,808,815,790,798,786,799,796,737,750,679,710,715,703,735,685,664,641,589,630,626,582,572,551,578,535,568,494,500,466,468,452,466,415,468,435,423,445,471,504,445,471,463,434,457,490,482,468,481,456,444,463,447,448,423,460,439,415,418,408,416,345,376,318,304,313,272,255,238,242,206,195,183,164,132,129,97,103,98,82,75,60,65,51,49,41,29,29,27,28,17,22,21,16,10,11,8,7,4,0,2,2,2,0,1,0,0,0,0,0,0,0,0,0,0,0,0,0,0,0,0,0,0,0,0,0,0,0,0,0
39.55,1,0,0,0,0,0,0,1,0,0,1,1,1,1,1,0,1,1,0,1,0,1,2,1,0,1,2,1,1,2,1,2,2,2,1,2,2,2,2,1,3,4,4,5,2,6,2,5,7,2,7,8,2,6,3,5,3,7,6,7,2,10,3,7,6,7,5,10,19,33,23,26,32,35,42,31,37,28,42,48,47,47,53,54,63,46,55,55,71,56,61,83,74,76,88,79,77,86,101,93,100,115,98,111,106,133,127,142,175,173,180,154,171,224,211,217,223,235,223,243,297,268,326,330,336,344,331,333,408,400,397,482,459,469,472,518,505,570,569,584,554,602,637,659,636,687,710,716,773,747,787,795,770,734,835,821,764,874,845,816,805,811,870,875,843,850,817,874,831,800,854,797,842,799,795,792,801,792,728,741,656,723,692,704,721,717,665,666,618,663,569,589,576,534,569,520,564,508,479,436,466,467,433,432,463,436,427,455,462,499,452,481,461,439,462,481,488,463,480,468,438,457,451,449,431,456,433,411,403,414,422,333,373,316,306,310,281,250,239,234,206,199,183,163,138,126,92,102,96,82,71,61,63,53,50,42,28,28,27,28,15,21,21,16,10,9,9,7,4,0,3,2,2,0,1,0,0,0,0,0,0,0,0,0,0,0,0,0,0,0,0,0,0,0,0,0,0,0,0,0
39.65,0,0,1,0,0,0,1,0,2,0,1,0,1,0,0,0,0,0,0,0,0,0,1,4,0,3,0,1,3,2,1,0,3,2,5,3,4,3,0,1,4,3,1,1,3,5,7,6,2,5,7,7,4,5,5,4,2,5,3,7,3,4,10,5,4,6,6,14,17,32,23,36,18,27,24,30,48,43,25,47,47,46,52,50,48,48,59,49,53,67,76,66,56,72,86,65,99,97,88,111,88,100,105,109,144,151,144,124,151,148,150,170,200,169,218,226,198,216,236,226,223,285,303,313,339,383,379,344,361,407,379,418,416,492,480,536,504,531,558,545,583,559,634,641,682,675,700,718,702,720,721,703,777,816,774,809,825,857,791,803,879,862,832,849,887,828,859,826,834,826,801,868,801,790,820,825,800,775,741,690,701,698,718,730,677,705,678,649,616,611,606,596,574,529,578,528,556,516,463,444,468,462,413,443,471,419,415,457,461,504,432,478,435,469,453,489,495,463,471,460,451,441,458,439,440,462,427,421,401,409,421,340,370,315,299,314,272,249,238,228,205,198,181,165,138,126,94,100,96,85,71,62,63,51,48,42,28,28,27,28,16,20,20,16,11,9,9,6,4,0,3,2,2,0,1,0,0,0,0,0,0,0,0,0,0,0,0,0,0,0,0,0,0,0,0,0,0,0,0,0
39.75,0,0,0,0,0,0,0,0,0,0,0,0,0,0,1,0,0,1,1,1,2,0,0,0,3,0,1,2,1,2,0,0,1,3,1,2,4,3,3,1,3,3,5,3,4,5,10,4,5,12,6,7,2,8,4,3,4,9,7,1,5,4,5,2,4,4,7,12,31,13,39,34,28,16,24,41,48,29,54,43,48,37,45,51,49,38,54,55,61,51,81,65,89,75,91,78,90,101,87,113,121,119,108,119,128,118,153,148,158,150,186,190,165,179,233,201,216,233,229,243,246,251,263,312,323,351,368,378,373,405,402,440,419,463,516,487,522,532,551,536,605,670,631,600,660,684,673,674,724,747,791,790,746,754,841,797,793,803,830,842,818,848,851,888,859,847,821,847,870,857,853,787,824,854,792,850,776,726,745,693,728,663,699,699,710,680,657,630,674,608,594,569,584,525,560,552,556,522,451,449,464,474,403,459,444,422,418,488,444,492,438,474,435,465,473,477,489,461,481,466,446,422,472,430,454,443,433,419,407,407,421,338,371,318,300,317,265,246,242,226,201,194,178,166,140,124,91,100,92,85,70,63,61,51,48,40,30,28,28,25,16,19,20,16,10,9,8,5,5,0,3,1,2,0,1,0,0,0,0,0,0,0,0,0,0,0,0,0,0,0,0,0,0,0,0,0,0,0,0,0
39.85,0,0,1,0,0,0,2,2,0,0,1,0,0,2,0,0,0,1,1,2,0,1,1,1,0,1,1,3,1,1,0,0,0,1,2,2,4,2,2,3,3,0,7,3,3,4,3,4,3,8,5,9,5,7,4,5,5,2,3,12,4,5,6,8,2,2,13,13,21,25,24,36,24,28,25,42,36,43,39,38,42,45,48,54,48,59,61,58,63,64,68,83,69,94,81,83,82,104,109,99,100,117,111,112,132,125,147,155,159,147,177,156,189,212,198,194,207,247,283,295,241,293,300,318,318,310,398,358,357,361,399,450,419,456,502,512,531,501,556,572,601,579,612,660,636,671,730,732,708,746,751,789,751,818,808,813,843,851,844,803,798,832,802,823,860,841,894,893,845,862,877,829,820,821,838,840,779,739,751,692,753,732,685,673,726,684,659,649,650,594,575,581,578,567,495,580,533,520,462,464,467,456,401,458,416,411,477,466,466,465,441,463,441,461,473,467,481,447,479,461,445,434,481,415,451,456,433,412,401,408,421,340,366,320,295,320,266,247,235,222,200,197,175,160,144,125,84,99,95,84,64,65,58,53,46,41,31,28,28,25,16,19,20,16,10,9,8,5,5,0,2,2,2,0,1,0,0,0,0,0,0,0,0,0,0,0,0,0,0,0,0,0,0,0,0,0,0,0,0,0
39.95,0,0,1,0,0,0,1,1,0,1,2,0,1,2,0,1,0,2,2,0,1,0,3,1,4,1,2,1,1,1,1,0,4,1,1,5,0,1,2,2,6,4,1,4,2,8,4,3,8,8,4,5,4,6,2,4,6,7,7,6,8,4,5,5,4,7,11,21,21,26,29,30,23,41,34,28,46,41,48,51,46,51,44,59,56,68,64,74,76,73,66,69,55,69,69,80,95,79,108,108,104,109,106,102,150,126,149,144,140,164,160,183,202,198,153,198,213,229,222,252,262,276,282,303,332,315,318,396,402,400,439,420,420,453,479,521,565,514,602,558,556,575,569,674,692,701,708,699,751,760,741,742,758,845,852,885,839,849,840,800,844,805,888,806,866,806,848,851,849,849,901,826,856,824,835,814,754,738,711,751,708,738,657,665,691,684,653,681,632,619,572,521,580,581,535,542,530,536,493,449,477,453,414,467,399,404,473,454,466,472,447,454,440,465,476,466,468,453,484,459,452,429,477,418,457,450,430,400,402,404,430,336,371,311,288,317,268,244,236,220,192,202,177,164,144,123,85,95,95,79,61,64,59,51,45,42,31,28,28,25,16,19,18,16,10,9,9,4,5,0,2,2,2,0,1,0,0,0,0,0,0,0,0,0,0,0,0,0,0,0,0,0,0,0,0,0,0,0,0,0
40.05,0,0,0,0,1,0,0,0,0,0,1,0,0,1,0,4,0,0,2,1,0,2,0,1,0,1,0,0,1,0,1,2,2,1,1,2,2,4,5,1,1,4,2,1,6,4,1,6,3,4,3,7,3,2,6,5,6,10,6,6,7,2,7,4,4,1,2,13,21,28,28,21,32,31,17,34,34,33,47,40,32,46,46,48,48,62,53,58,62,69,77,62,66,80,77,74,82,81,88,92,77,120,103,118,140,129,135,151,145,143,182,171,156,181,180,209,232,241,227,254,230,292,288,318,311,314,331,357,364,358,396,424,414,490,507,493,544,556,555,589,598,671,628,643,639,671,680,739,744,754,732,775,813,777,801,798,822,844,818,871,839,872,842,890,858,842,852,793,856,849,836,892,842,857,831,774,810,770,703,715,768,740,675,661,718,642,644,675,652,597,584,569,541,608,540,541,526,541,461,475,481,426,443,440,402,439,441,460,459,456,438,455,449,475,472,475,472,471,463,474,452,425,468,414,451,460,436,389,405,396,427,338,371,317,281,317,259,246,239,221,187,201,178,161,150,121,84,92,93,78,61,64,59,51,46,41,30,28,25,26,17,17,18,16,10,9,9,4,5,0,2,2,2,0,1,0,0,0,0,0,0,0,0,0,0,0,0,0,0,0,0,0,0,0,0,0,0,0,0,0
40.15,0,0,0,0,1,0,0,1,0,1,0,1,0,0,0,2,0,2,1,0,0,1,1,0,0,3,1,0,3,1,1,2,2,1,1,1,0,4,1,6,2,6,1,4,6,5,6,3,2,3,8,2,4,7,1,1,3,8,5,2,4,6,6,4,1,5,3,16,17,31,23,28,29,37,34,35,33,19,61,43,42,44,37,45,49,43,57,51,53,54,73,53,69,78,80,92,89,84,81,106,100,113,116,129,117,120,128,141,149,158,168,188,156,197,206,212,204,233,259,283,235,278,294,298,364,344,352,367,389,393,404,408,416,472,464,487,534,508,564,558,563,594,600,648,681,639,686,718,730,733,774,815,739,742,818,829,808,795,835,840,857,891,872,796,814,910,904,835,851,855,801,794,862,869,808,805,768,753,712,728,732,723,683,696,672,656,644,652,652,599,599,573,561,577,531,541,530,519,485,460,494,431,440,456,418,424,458,455,441,466,428,454,461,471,475,491,476,460,454,467,440,434,465,431,456,460,440,384,406,381,436,330,384,309,288,323,260,251,249,212,187,199,175,164,143,128,83,88,89,79,60,67,57,50,44,41,30,29,26,26,17,17,18,16,10,9,9,3,6,0,2,1,2,0,1,0,0,0,0,0,0,0,0,0,0,0,0,0,0,0,0,0,0,0,0,0,0,0,0,0
40.25,0,0,0,0,1,0,0,0,1,0,0,0,0,1,1,1,0,2,1,0,0,0,0,0,0,0,1,1,2,2,2,1,6,3,2,2,2,2,2,6,2,2,4,2,5,5,4,6,9,2,6,7,2,8,3,5,6,2,7,7,6,3,3,6,9,8,4,14,22,20,37,34,28,33,34,26,45,34,52,40,42,55,47,50,43,63,62,63,64,60,63,69,69,85,67,72,77,87,95,90,92,120,96,129,119,132,129,153,131,135,156,172,176,177,224,209,255,244,231,237,283,278,269,313,328,351,339,378,361,415,416,477,441,424,473,513,489,511,551,578,563,647,581,601,695,669,689,682,741,699,752,737,761,778,768,807,802,814,871,855,847,783,867,848,833,871,829,837,881,821,807,814,837,845,785,801,767,787,752,677,714,696,701,711,650,656,667,606,632,625,590,564,586,605,520,522,533,536,467,460,496,442,435,440,434,444,438,445,449,471,427,453,449,477,462,488,463,453,456,465,438,434,461,430,449,463,431,389,408,377,438,324,374,306,295,314,259,257,240,208,191,192,172,160,143,131,84,87,85,77,60,65,55,48,44,41,27,33,25,25,18,15,18,17,9,9,9,3,6,0,2,1,2,0,1,0,0,0,0,0,0,0,0,0,0,0,0,0,0,0,0,0,0,0,0,0,0,0,0,0
40.35,0,0,0,2,1,1,0,0,0,0,0,0,2,1,1,0,0,1,0,1,0,0,0,1,1,1,1,1,2,1,1,0,1,2,4,2,1,4,1,3,5,4,3,6,1,7,2,6,2,7,5,6,6,10,5,6,9,5,4,3,5,4,2,6,5,4,9,9,17,28,18,29,31,28,35,31,39,42,34,41,44,39,57,56,49,49,48,61,47,53,69,75,62,69,85,74,88,77,91,117,104,110,105,114,133,127,137,130,149,162,147,173,185,202,195,201,229,233,227,253,260,310,313,308,314,329,306,365,373,410,438,431,450,458,500,479,508,513,530,557,574,589,646,611,649,663,711,709,717,727,757,792,770,771,858,848,820,832,818,836,850,812,887,869,849,840,856,860,850,833,788,851,816,821,795,764,806,762,760,722,690,741,680,693,648,657,682,610,622,655,607,557,606,584,537,513,537,519,464,471,477,432,427,449,444,425,437,437,466,463,411,451,451,481,457,481,459,448,461,450,444,429,476,426,460,457,427,386,412,376,429,330,371,299,291,319,254,251,238,212,184,193,167,154,140,130,83,87,84,75,62,63,56,48,44,40,29,33,25,25,18,13,19,17,10,8,10,3,6,0,2,1,2,0,1,0,0,0,0,0,0,0,0,0,0,0,0,0,0,0,0,0,0,0,0,0,0,0,0,0
40.45,0,1,1,0,1,0,1,1,0,0,0,0,0,0,0,1,2,1,1,1,1,0,3,1,0,4,2,1,3,0,0,0,1,4,2,2,4,2,3,0,5,0,2,7,0,11,3,6,6,3,6,5,6,4,7,12,4,2,3,5,6,5,3,7,2,6,9,16,26,29,35,32,29,36,31,28,30,38,48,48,35,43,37,46,37,54,63,53,51,50,59,59,74,102,78,74,77,87,101,91,114,85,114,118,117,128,155,155,153,146,156,184,187,196,188,219,221,229,243,253,243,275,278,313,323,312,306,383,391,388,383,432,448,481,461,526,534,548,545,565,609,669,616,629,638,690,690,703,713,709,786,784,822,813,804,836,854,832,863,813,834,918,907,905,856,851,824,830,819,841,829,815,843,789,807,764,791,783,710,771,708,720,731,640,644,634,680,645,588,675,603,582,579,590,534,533,521,528,463,472,465,437,429,435,435,446,452,422,477,451,406,449,445,475,464,466,457,451,472,422,448,420,467,425,463,453,429,381,410,383,423,343,363,300,294,313,259,251,239,208,186,192,165,151,139,131,85,89,87,74,63,58,54,50,44,34,30,31,27,24,17,12,18,18,10,8,10,3,6,0,2,1,2,0,0,0,0,0,0,0,0,0,0,0,0,0,0,0,0,0,0,0,0,0,0,0,0,0,0,0
40.55,0,1,2,0,0,1,1,0,2,2,0,1,0,0,0,1,1,1,0,1,0,1,0,1,0,3,0,1,0,1,0,2,0,4,2,4,2,2,1,2,4,1,5,5,5,8,4,4,3,3,4,4,2,8,6,8,5,5,6,6,3,6,6,5,2,10,10,13,26,31,36,30,23,28,41,34,29,40,44,50,39,62,56,57,60,63,56,53,55,69,62,72,55,65,67,75,80,89,90,88,99,98,100,115,122,140,143,138,155,174,157,180,185,165,177,178,219,236,242,263,259,263,276,323,340,324,330,346,343,386,406,456,464,458,487,538,536,507,539,545,567,593,673,644,681,647,692,759,733,748,818,762,820,791,766,806,779,828,865,841,852,850,862,840,831,851,816,790,846,771,879,796,837,785,804,791,772,772,736,760,740,693,756,640,661,645,650,651,577,663,619,553,561,577,539,510,499,516,462,459,476,432,415,431,439,423,448,447,461,459,395,436,455,460,480,456,456,453,467,428,441,404,466,426,473,442,425,390,411,382,410,344,365,292,295,314,264,239,237,206,188,190,161,150,139,133,83,90,89,73,62,57,55,48,45,32,29,29,27,24,17,12,17,19,10,6,11,2,5,0,2,1,2,0,0,0,0,0,0,0,0,0,0,0,0,0,0,0,0,0,0,0,0,0,0,0,0,0,0,0
40.65,0,0,0,0,0,0,0,0,1,0,2,1,2,0,0,0,0,0,1,0,0,0,1,0,0,1,2,1,2,1,2,0,2,2,0,2,8,5,2,2,4,3,3,2,5,3,5,3,6,3,4,2,4,4,5,8,2,5,3,5,4,5,3,6,2,6,9,13,17,26,31,28,33,36,32,39,32,36,41,36,43,44,49,34,48,48,59,51,61,69,70,77,83,58,89,85,86,95,95,102,97,114,123,97,116,121,153,147,176,155,185,187,192,211,196,215,189,252,215,254,266,247,298,322,338,348,362,389,379,378,423,454,442,447,483,507,519,522,547,601,584,603,558,663,623,651,682,697,729,724,794,770,797,787,800,731,804,767,804,828,806,848,831,806,824,859,795,841,848,850,833,810,805,790,784,781,778,737,763,733,730,671,727,653,675,658,651,617,593,660,609,579,562,566,531,499,514,535,430,490,464,438,417,428,433,447,435,479,436,464,404,443,447,461,478,451,453,443,453,423,436,400,460,433,469,437,421,390,409,382,405,345,367,292,302,312,260,234,233,201,193,181,158,158,134,130,84,89,90,73,60,58,56,48,43,31,30,26,28,24,16,11,18,20,10,6,11,2,5,0,2,1,2,0,0,0,0,0,0,0,0,0,0,0,0,0,0,0,0,0,0,0,0,0,0,0,0,0,0,0
40.75,1,1,0,0,0,0,0,0,0,0,0,0,2,0,1,1,1,1,0,1,0,0,3,1,0,2,2,0,3,1,1,1,0,1,2,2,1,3,5,6,3,3,3,4,3,5,0,7,8,5,7,8,5,1,5,3,4,5,5,5,5,2,6,4,4,5,5,11,23,28,28,26,31,36,38,43,36,36,39,47,36,36,52,46,40,54,49,52,35,59,78,71,76,71,79,87,93,95,94,112,108,119,125,133,144,118,144,137,140,145,147,168,182,184,204,235,206,245,231,268,238,276,274,313,319,342,325,351,386,397,443,449,433,422,474,517,548,516,532,539,582,665,640,626,662,664,671,709,698,688,750,811,763,816,765,818,817,885,844,785,867,792,847,814,844,803,801,842,853,836,792,825,782,809,770,762,788,767,772,729,731,702,665,683,618,679,588,624,627,636,598,586,547,540,553,495,497,507,447,510,451,426,434,402,441,457,457,468,431,453,416,445,433,448,486,456,446,443,435,430,431,409,454,420,491,437,412,384,414,375,402,347,358,293,301,312,259,228,233,204,188,182,156,155,140,125,81,90,89,71,58,63,52,49,40,29,31,25,26,25,16,11,18,19,10,7,11,2,5,0,2,1,2,0,0,0,0,0,0,0,0,0,0,0,0,0,0,0,0,0,0,0,0,0,0,0,0,0,0,0
40.85,0,0,0,0,1,1,0,0,0,1,0,0,1,1,1,1,0,1,1,2,0,2,0,1,0,1,4,3,1,2,0,1,1,1,1,4,4,0,4,1,0,3,1,2,3,7,5,7,5,6,5,5,3,10,4,7,2,4,2,5,4,2,7,4,10,6,3,11,21,18,21,29,26,31,42,33,30,27,33,38,39,46,56,56,51,46,66,60,63,67,57,82,86,81,87,76,95,81,81,106,99,96,118,119,132,123,123,141,159,162,191,171,167,183,204,202,224,239,272,229,240,251,265,292,301,320,331,360,349,381,359,430,448,454,487,491,561,498,508,596,597,575,627,663,657,685,747,698,766,697,789,772,738,816,791,803,814,829,865,835,870,834,799,824,849,853,869,849,824,806,792,770,823,770,817,736,757,783,751,723,713,703,658,665,615,637,581,632,655,556,623,559,564,523,552,470,510,498,438,506,450,423,443,404,451,458,449,465,435,453,426,442,434,436,477,464,465,422,441,426,422,414,443,430,470,428,418,388,405,384,397,343,359,290,309,308,264,233,228,199,193,177,155,153,141,121,81,88,93,65,59,63,54,51,43,30,30,24,26,26,16,10,18,19,10,7,11,2,5,0,2,1,2,0,0,0,0,0,0,0,0,0,0,0,0,0,0,0,0,0,0,0,0,0,0,0,0,0,0,0
40.95,1,0,0,1,0,1,0,0,1,0,0,0,0,0,0,0,1,0,0,1,1,1,0,0,3,1,4,2,3,0,3,0,2,3,3,1,3,3,2,2,3,2,3,3,2,4,2,3,7,5,6,8,4,4,3,9,5,6,5,5,3,6,4,3,6,2,3,24,19,19,25,31,33,35,29,27,31,36,37,41,34,51,47,41,43,51,54,45,62,64,70,54,81,73,77,77,93,84,95,95,100,99,104,109,133,131,137,145,134,168,161,186,181,186,207,200,201,228,210,255,287,278,295,287,332,304,340,373,361,395,376,418,448,495,495,522,495,547,547,588,604,580,599,626,646,717,735,683,690,753,762,776,773,778,796,774,810,789,865,824,838,831,819,837,856,841,833,895,840,856,802,793,752,777,772,734,797,763,752,760,693,683,647,628,657,608,604,627,629,568,616,564,545,542,506,490,506,492,440,511,460,420,446,417,433,458,457,455,446,443,427,453,447,425,465,455,467,423,449,437,423,413,439,434,459,426,400,397,412,389,394,333,363,290,304,310,267,238,228,186,195,176,163,147,139,122,85,89,94,63,58,62,57,49,41,28,31,25,25,26,16,11,19,18,11,7,11,2,5,0,2,1,2,0,0,0,0,0,0,0,0,0,0,0,0,0,0,0,0,0,0,0,0,0,0,0,0,0,0,0
41.05,1,0,0,0,0,0,0,1,0,0,0,0,1,0,0,1,1,0,0,1,0,0,0,2,1,0,0,0,1,0,4,3,0,1,1,1,1,4,0,6,2,4,5,3,3,2,5,6,3,5,5,4,5,6,2,6,8,5,5,3,5,3,4,8,5,7,8,10,28,28,28,27,31,29,33,54,31,39,42,53,47,38,38,37,37,50,62,52,66,65,52,67,76,68,82,82,84,95,79,89,116,106,97,117,110,134,151,156,166,130,156,151,145,175,215,203,207,211,238,229,267,248,269,299,310,306,350,377,361,368,419,384,436,491,486,504,518,487,586,616,568,639,643,665,667,700,689,754,731,738,744,730,815,781,815,819,804,789,811,843,812,774,870,830,815,833,867,869,861,821,790,796,757,752,765,704,798,722,740,704,758,680,671,618,630,614,596,652,641,583,595,569,538,591,486,473,495,489,488,478,467,435,415,416,434,468,453,460,442,435,426,439,426,435,451,465,461,441,435,442,413,412,436,432,459,429,398,396,416,388,399,327,364,291,302,302,268,235,231,188,190,175,166,145,137,120,89,85,90,63,56,65,54,47,41,29,30,24,25,25,16,10,18,16,12,7,11,2,5,0,2,1,2,0,0,0,0,0,0,0,0,0,0,0,0,0,0,0,0,0,0,0,0,0,0,0,0,0,0,0
41.15,2,3,0,0,0,0,0,0,0,0,0,0,0,1,0,0,1,1,1,0,0,0,2,0,0,1,3,1,1,3,4,0,1,1,1,1,2,5,2,3,1,3,3,6,7,4,4,7,5,8,8,2,5,3,2,4,4,8,11,9,7,2,2,6,7,7,3,11,23,21,29,33,31,38,26,26,33,37,35,36,48,59,40,46,45,55,56,45,58,62,56,76,69,109,85,75,99,88,97,99,103,122,108,148,113,132,138,133,135,157,152,165,158,174,182,186,214,239,237,243,239,245,317,289,295,304,357,354,385,373,415,385,410,446,472,481,499,511,604,537,530,591,664,676,649,632,714,716,716,746,757,755,851,791,810,805,762,817,834,847,802,847,896,872,874,865,807,828,850,859,831,779,741,772,740,774,760,757,689,725,705,650,626,684,587,647,583,655,600,578,594,546,576,559,507,491,516,481,501,499,447,432,437,418,432,450,455,436,455,440,420,455,448,422,449,456,456,446,434,443,410,406,443,422,447,445,387,402,412,382,397,330,358,294,296,297,270,230,225,192,190,178,166,144,134,117,86,86,89,60,57,63,49,47,40,29,28,23,23,24,17,10,18,16,11,7,11,2,4,0,2,1,2,0,0,0,0,0,0,0,0,0,0,0,0,0,0,0,0,0,0,0,0,0,0,0,0,0,0,0
41.25,0,0,0,0,0,0,0,0,1,0,1,0,0,0,0,1,0,1,2,0,3,0,0,2,0,2,1,1,0,3,2,3,5,6,2,3,1,3,3,2,5,5,1,2,3,5,5,3,6,3,7,4,5,4,2,4,11,2,4,4,4,3,6,14,8,2,3,18,26,19,24,29,24,21,33,39,32,41,35,30,46,35,41,46,49,50,68,70,52,65,72,79,66,64,77,58,96,99,102,103,121,99,109,121,130,138,151,155,134,168,171,172,181,166,191,202,209,213,253,249,263,271,273,316,310,332,352,356,355,380,368,409,456,480,426,507,514,548,534,557,587,586,616,628,667,673,680,733,732,729,754,759,768,773,806,826,847,838,827,828,861,902,878,817,845,841,825,795,885,853,827,815,737,741,736,741,770,733,717,739,697,660,622,661,650,602,604,653,638,582,577,557,572,550,509,488,507,456,517,493,452,427,445,430,431,440,451,434,473,423,446,443,452,420,446,467,443,455,430,434,409,402,447,410,449,437,387,399,401,391,399,335,351,297,294,295,267,234,222,196,189,174,168,145,130,116,87,88,88,59,55,60,49,47,41,30,27,23,23,25,18,10,18,16,9,7,11,2,4,0,2,1,2,0,0,0,0,0,0,0,0,0,0,0,0,0,0,0,0,0,0,0,0,0,0,0,0,0,0,0
41.35,0,0,1,0,1,1,0,0,0,0,2,1,0,0,0,0,2,0,0,3,0,3,1,2,0,1,2,1,3,3,1,1,0,3,4,3,4,3,5,3,1,1,3,2,1,2,4,6,6,4,6,5,5,6,4,9,4,4,1,4,5,4,8,4,2,4,6,10,22,34,15,24,29,37,28,30,39,42,36,55,35,41,47,42,51,49,69,61,48,59,70,71,66,77,76,73,75,94,93,103,102,123,106,130,119,126,133,140,152,166,180,166,175,193,192,224,222,221,225,258,236,270,280,285,327,335,352,325,352,413,377,432,437,454,452,493,515,570,592,552,558,603,618,623,674,667,692,714,701,735,742,751,778,762,744,781,857,771,850,787,852,846,793,811,880,868,834,864,799,896,798,816,788,739,715,800,715,760,690,693,728,698,640,625,676,638,621,622,637,577,536,596,583,531,491,498,511,456,537,466,452,436,443,425,426,445,434,431,457,431,434,422,461,408,460,462,463,432,440,442,411,402,458,410,441,444,391,387,394,393,387,335,343,310,277,302,267,228,215,197,184,172,168,139,127,116,88,87,88,60,55,59,49,44,41,30,28,24,22,23,19,12,17,14,9,7,11,2,4,0,2,1,2,0,0,0,0,0,0,0,0,0,0,0,0,0,0,0,0,0,0,0,0,0,0,0,0,0,0,0
41.45,0,0,0,0,0,1,0,1,0,0,0,0,0,1,0,0,0,2,0,0,0,0,1,0,2,1,0,2,0,1,2,2,2,3,3,3,1,2,5,2,2,3,4,6,3,2,3,1,0,2,4,4,6,3,2,6,4,1,5,4,3,5,4,5,6,6,8,21,26,19,26,23,40,30,30,34,35,37,38,42,56,45,50,37,67,69,50,56,46,56,80,70,80,64,77,88,76,104,97,91,105,117,112,101,121,128,147,135,131,153,143,163,174,166,172,191,200,229,236,274,257,264,303,304,272,295,312,337,353,402,376,461,458,427,451,491,518,560,543,550,560,637,605,665,654,667,683,736,684,706,774,804,762,809,743,830,802,809,856,881,769,788,803,852,859,847,844,822,896,834,832,823,769,753,745,777,772,682,708,728,695,692,663,646,620,643,637,624,631,596,516,604,570,497,522,519,486,456,535,472,458,448,429,418,445,428,454,406,465,435,438,430,447,419,461,456,456,422,446,439,422,400,449,416,453,445,390,382,398,394,390,336,340,315,268,304,267,227,214,198,178,171,168,135,127,117,88,86,87,61,56,55,48,44,39,30,28,25,23,22,19,12,15,14,9,7,11,2,4,0,2,1,2,0,0,0,0,0,0,0,0,0,0,0,0,0,0,0,0,0,0,0,0,0,0,0,0,0,0,0
41.55,0,0,0,0,0,0,0,0,0,1,0,1,0,1,0,0,2,1,1,1,1,3,1,2,0,1,0,0,0,3,1,0,1,2,1,4,1,1,2,5,4,2,2,2,8,2,3,1,4,2,7,4,4,1,5,10,6,7,9,5,7,3,2,4,6,8,5,6,32,20,35,37,26,30,33,40,31,48,34,38,43,55,42,56,60,51,71,65,56,65,66,77,82,78,77,81,89,100,93,99,114,113,115,127,126,135,142,144,159,158,163,163,203,188,215,196,240,223,212,263,255,294,272,294,355,336,347,339,374,411,372,383,447,447,467,512,545,523,530,555,596,565,611,619,659,628,658,693,703,707,725,747,789,779,799,819,840,807,839,825,860,870,817,787,901,880,844,831,853,829,818,796,797,740,794,749,760,698,739,715,718,725,634,651,625,653,673,609,605,602,481,581,563,523,526,526,486,493,516,476,456,449,435,431,428,410,457,413,463,431,434,435,429,415,455,449,448,421,454,426,418,413,449,414,457,431,398,372,412,394,379,334,346,308,273,306,263,226,209,201,173,173,166,137,120,117,88,84,86,59,57,53,48,46,39,30,27,24,22,21,19,11,16,14,9,7,11,2,4,0,2,1,1,1,0,0,0,0,0,0,0,0,0,0,0,0,0,0,0,0,0,0,0,0,0,0,0,0,0,0
41.65,0,0,1,0,0,0,1,0,0,0,0,0,2,1,1,1,0,0,1,1,0,1,1,0,0,1,2,4,2,1,3,2,1,0,0,1,0,2,1,4,1,1,5,1,4,5,7,3,7,4,6,7,5,4,3,3,3,6,4,6,7,3,4,3,6,2,4,11,18,21,36,26,25,43,35,24,43,35,39,34,42,42,40,48,55,56,38,65,56,56,65,68,74,86,79,86,90,87,77,97,113,121,117,108,119,117,118,160,143,163,166,164,185,200,202,198,201,230,233,252,255,262,287,332,300,344,364,346,355,381,396,418,432,463,477,474,499,510,534,620,612,582,625,675,632,658,675,697,686,768,685,759,777,816,828,749,838,830,816,794,782,819,897,891,824,844,888,825,828,820,822,813,756,808,798,707,747,753,710,667,699,701,685,614,624,628,673,622,569,555,501,551,577,528,508,547,482,489,531,463,452,444,428,433,422,418,448,422,467,432,446,434,415,406,472,451,455,416,447,426,414,422,438,424,467,432,394,380,410,386,376,336,345,300,276,307,259,224,210,196,177,169,170,138,119,116,89,83,85,57,54,51,51,46,38,28,28,21,22,21,20,11,15,14,9,7,10,2,4,0,2,1,1,1,0,0,0,0,0,0,0,0,0,0,0,0,0,0,0,0,0,0,0,0,0,0,0,0,0,0
41.75,0,0,0,1,0,2,1,0,2,0,0,0,1,0,0,0,0,1,0,0,2,2,1,0,0,0,3,1,4,1,2,2,2,1,1,0,1,5,2,2,4,3,2,3,4,4,6,6,5,3,3,7,3,2,4,4,5,7,3,6,6,5,4,5,5,5,3,16,19,24,31,31,23,41,28,42,38,43,39,40,43,56,57,43,45,41,58,62,45,61,56,66,72,72,77,66,79,86,103,92,106,83,94,121,112,138,132,147,142,133,148,162,182,217,205,205,181,233,222,249,311,244,271,282,301,312,324,356,358,365,383,349,465,437,412,474,541,490,577,553,549,621,597,629,645,740,705,713,783,716,774,784,756,729,789,812,793,784,813,823,783,811,885,860,840,836,837,826,792,805,798,840,824,776,760,747,756,770,713,658,673,720,692,648,624,637,683,603,581,530,521,552,599,500,536,539,492,472,500,473,447,451,425,440,425,424,449,412,445,427,454,430,417,415,464,453,452,418,434,416,421,414,435,430,458,429,389,379,413,390,376,333,345,289,279,314,254,220,204,198,174,167,170,135,119,115,90,82,87,56,55,52,47,47,38,28,26,20,22,22,20,11,15,13,9,7,10,2,4,0,2,1,1,1,0,0,0,0,0,0,0,0,0,0,0,0,0,0,0,0,0,0,0,0,0,0,0,0,0,0
41.85,0,0,0,0,0,0,0,0,3,0,0,1,1,2,0,0,4,0,0,0,1,0,0,2,3,1,2,1,0,2,1,2,2,2,4,1,2,1,4,3,3,1,3,5,5,8,4,3,3,4,2,4,7,6,4,2,3,5,4,5,10,6,4,4,6,5,10,9,18,32,19,26,37,40,30,27,33,32,39,36,54,30,43,51,40,62,69,58,57,57,73,69,76,74,76,73,68,82,97,108,100,111,111,127,128,115,126,129,143,167,163,153,177,176,174,206,223,221,217,259,234,258,266,291,316,318,307,348,348,392,455,377,409,473,485,497,489,494,527,489,558,611,609,627,641,656,697,655,686,724,698,762,809,727,795,798,805,837,787,822,869,865,767,863,830,828,844,808,842,803,802,826,819,781,768,730,763,731,720,686,677,695,652,685,631,664,636,617,582,514,517,545,559,498,527,516,512,487,469,467,452,437,413,436,451,445,428,423,442,437,468,422,438,410,444,465,433,429,423,416,417,409,432,426,454,418,398,380,405,384,373,339,348,289,278,317,250,219,200,199,171,170,172,130,115,115,88,80,89,56,54,51,47,45,37,26,24,21,21,22,19,10,14,13,9,7,10,2,4,0,2,1,1,0,0,0,0,0,0,0,0,0,0,0,0,0,0,0,0,0,0,0,0,0,0,0,0,0,0,0
41.95,0,0,0,0,2,0,0,0,0,0,0,0,0,1,3,0,0,0,0,0,2,0,0,3,1,1,4,3,0,2,0,1,0,3,1,2,0,2,3,2,4,7,3,4,2,2,1,3,2,3,4,2,6,2,6,6,6,2,6,2,9,2,3,12,4,5,12,20,20,24,33,30,28,29,29,36,29,27,41,26,38,58,34,55,57,45,52,52,45,52,71,68,74,70,56,75,77,83,89,113,102,98,102,116,110,137,111,149,150,152,154,163,141,211,197,202,238,220,219,271,253,260,297,296,297,325,319,359,393,373,418,398,437,450,497,526,499,569,556,546,601,566,601,657,639,701,658,646,688,751,775,739,815,816,748,813,792,773,832,878,857,837,830,782,835,834,836,824,832,804,783,787,856,814,756,758,741,737,744,698,671,664,673,648,665,649,646,634,560,559,488,558,544,494,535,497,497,507,477,436,453,444,399,433,456,430,416,429,456,427,460,422,425,422,449,474,425,439,425,426,413,410,426,437,452,409,402,385,397,383,371,338,348,292,279,319,252,218,204,198,171,172,168,130,116,117,83,79,90,56,50,50,47,44,38,25,24,20,21,21,19,9,14,12,9,8,10,2,4,0,2,1,1,0,0,0,0,0,0,0,0,0,0,0,0,0,0,0,0,0,0,0,0,0,0,0,0,0,0,0
42.05,0,1,1,0,0,0,0,0,0,0,0,0,0,0,0,1,0,0,1,1,0,1,0,1,1,2,0,1,1,0,0,1,1,0,2,2,5,1,2,4,1,1,5,2,3,1,0,5,5,0,4,7,5,5,2,4,8,4,6,1,6,6,5,4,4,7,11,12,19,22,27,20,34,26,32,31,41,45,34,52,47,50,41,58,63,39,58,57,63,71,62,62,80,77,69,85,76,83,75,101,107,97,129,121,110,128,129,129,150,156,174,150,186,176,173,204,208,204,235,261,295,278,263,329,326,313,344,349,340,363,404,410,433,473,492,512,494,544,576,566,586,595,606,618,675,694,686,663,726,779,723,760,753,743,804,785,798,860,832,827,831,845,771,797,789,891,784,822,829,818,805,781,811,776,767,770,733,725,755,659,656,698,660,681,622,652,642,621,589,528,514,546,548,518,511,494,471,507,488,431,440,450,427,431,448,424,406,428,468,415,457,421,431,408,439,463,437,442,415,433,408,420,431,425,451,415,410,387,401,376,368,336,345,297,277,330,250,215,204,188,174,178,164,130,116,114,82,83,88,54,49,51,48,44,39,24,24,20,20,19,20,10,13,12,9,8,10,2,4,0,2,1,1,1,0,0,0,0,0,0,0,0,0,0,0,0,0,0,0,0,0,0,0,0,0,0,0,0,0,0
42.15,0,0,0,0,0,0,0,0,0,0,0,0,0,1,2,0,0,0,1,0,0,1,0,1,1,0,1,1,1,0,2,3,1,2,2,1,3,3,4,2,1,1,3,5,3,3,3,5,7,2,8,6,1,5,3,6,9,2,4,4,9,2,5,4,6,5,6,9,23,19,23,28,34,29,40,24,29,41,43,35,52,29,44,54,44,39,43,56,60,59,57,76,73,82,92,88,72,80,89,99,95,104,116,112,142,145,108,137,138,160,159,166,162,201,218,210,232,223,219,268,245,288,291,305,298,328,324,369,340,389,399,389,424,430,444,502,493,453,526,538,612,607,650,619,684,656,724,698,711,753,747,707,807,778,834,799,767,807,829,822,850,814,822,843,848,817,793,810,812,766,799,808,775,797,777,778,730,730,723,695,708,666,682,666,628,624,627,614,578,542,543,561,528,507,510,498,472,517,472,440,443,450,435,450,429,433,412,433,466,411,445,430,432,428,448,467,424,441,421,424,409,417,433,421,442,414,417,391,396,373,374,323,356,290,281,331,251,209,201,190,174,176,163,130,117,114,81,84,85,54,49,50,48,44,37,21,24,20,19,20,20,9,13,12,8,8,10,2,4,0,1,1,1,1,0,0,0,0,0,0,0,0,0,0,0,0,0,0,0,0,0,0,0,0,0,0,0,0,0,0
42.25,1,0,0,0,0,0,1,1,0,0,1,0,0,2,2,1,0,1,2,0,3,1,0,0,0,1,0,1,1,1,1,1,1,1,2,1,3,1,2,3,3,2,4,2,3,6,4,6,5,5,8,3,7,2,3,4,2,4,6,5,3,6,4,8,6,5,5,18,20,31,24,39,32,35,30,33,35,32,29,44,51,50,53,43,49,45,53,53,53,71,62,80,74,73,85,70,85,84,91,101,104,91,95,112,123,118,149,123,144,134,165,172,179,175,172,212,224,215,258,253,245,260,316,271,333,341,345,360,381,363,370,452,443,451,472,476,457,522,538,570,572,622,546,610,656,641,693,690,643,753,732,751,877,787,818,825,839,775,800,800,812,855,882,837,836,805,815,826,805,798,790,821,762,808,802,761,709,727,684,743,719,651,665,648,642,612,624,588,568,551,534,581,525,494,491,491,491,516,462,442,461,451,447,454,436,431,394,444,453,412,448,409,425,420,442,464,420,447,422,432,394,414,431,421,450,410,420,394,392,379,370,320,359,288,279,331,245,206,203,191,168,185,158,126,116,119,80,82,85,54,49,50,46,45,34,20,25,21,18,21,20,9,12,12,9,8,9,4,4,0,1,1,1,1,0,0,0,0,0,0,0,0,0,0,0,0,0,0,0,0,0,0,0,0,0,0,0,0,0,0
42.35,0,1,1,0,0,0,1,0,0,0,0,0,1,0,0,0,1,0,0,2,1,0,0,0,2,2,1,2,1,2,1,2,2,2,1,2,1,2,4,3,3,5,3,3,4,7,4,12,8,2,4,6,6,6,7,7,7,5,6,2,7,5,3,1,5,10,4,17,19,23,34,26,37,30,38,30,30,41,33,40,49,44,52,49,54,51,51,67,60,57,58,71,73,73,72,91,88,76,99,102,88,90,109,126,125,107,128,133,129,164,163,159,182,184,182,206,226,215,219,259,234,286,295,261,300,350,303,355,370,389,407,411,415,463,490,506,507,542,592,575,608,629,619,641,671,640,713,696,700,727,716,783,770,819,792,816,852,854,818,780,834,829,852,843,796,870,818,809,821,804,770,789,774,798,808,759,739,678,662,727,694,634,642,669,656,599,601,612,556,556,570,547,527,508,476,508,488,501,464,479,431,428,463,430,434,445,405,440,452,387,454,403,423,420,443,457,437,436,429,421,398,410,443,426,447,411,428,392,403,370,361,322,352,291,276,329,253,203,207,186,166,191,151,127,115,118,81,83,83,55,49,48,47,46,33,20,24,20,16,22,19,8,12,13,8,9,9,4,4,0,1,1,1,1,0,0,0,0,0,0,0,0,0,0,0,0,0,0,0,0,0,0,0,0,0,0,0,0,0,0
42.45,0,0,1,1,0,0,0,0,0,0,0,0,1,0,2,2,1,0,1,1,0,0,2,0,0,0,0,0,1,1,0,2,2,1,2,1,2,1,1,1,4,2,2,3,3,8,1,4,5,3,2,7,5,3,6,2,4,4,2,4,3,4,6,7,3,6,6,11,27,37,25,36,30,25,28,32,32,37,35,37,33,33,39,42,60,55,51,47,65,68,75,54,77,93,78,67,96,103,102,84,114,93,104,111,133,130,138,142,155,152,165,166,173,182,158,228,203,240,245,232,292,267,278,259,311,291,342,364,405,384,429,415,408,431,473,536,485,525,494,586,574,572,614,664,626,661,721,699,720,734,751,720,717,759,762,797,789,797,802,836,876,756,793,866,807,763,871,836,819,736,841,799,797,759,757,746,726,703,690,692,665,625,688,656,686,587,568,574,608,548,545,550,533,504,508,483,493,498,494,469,432,440,448,425,448,445,408,434,445,392,441,410,421,426,449,450,433,446,423,420,389,395,440,435,438,412,431,398,401,370,366,316,354,289,274,326,250,208,207,189,171,183,150,127,113,118,77,82,84,52,52,48,44,43,31,22,21,20,16,22,19,8,12,13,8,9,10,4,4,0,1,1,1,1,0,0,0,0,0,0,0,0,0,0,0,0,0,0,0,0,0,0,0,0,0,0,0,0,0,0
42.55,0,1,0,0,1,0,0,1,0,0,0,1,1,0,2,0,1,0,0,1,0,1,1,2,0,0,0,1,1,0,2,1,1,2,1,5,3,1,1,2,1,5,2,3,5,3,6,7,3,5,3,4,3,7,4,4,6,4,5,3,3,5,4,5,1,6,6,16,20,20,19,20,30,36,40,46,29,30,28,28,44,44,45,46,49,50,52,46,50,59,58,65,66,68,76,73,79,90,92,81,106,102,101,112,125,110,135,151,154,143,150,182,170,168,195,215,188,231,233,250,234,236,272,289,317,335,342,325,352,360,403,431,404,446,502,494,495,499,559,604,587,584,608,643,660,654,706,743,702,729,771,783,823,813,782,800,797,825,807,820,819,850,761,775,809,842,788,823,820,798,799,826,805,752,778,769,704,701,700,671,700,616,711,681,677,618,577,571,599,541,540,553,533,505,505,486,497,488,486,455,426,446,446,442,436,444,414,441,435,405,426,425,432,435,451,438,435,436,417,417,386,393,441,430,437,415,431,389,402,369,363,315,357,284,274,332,248,206,207,187,169,183,150,131,116,113,79,80,83,52,51,48,42,43,32,22,21,20,16,22,20,8,12,13,7,9,10,4,4,0,1,1,1,0,0,0,0,0,0,0,0,0,0,0,0,0,0,0,0,0,0,0,0,0,0,0,0,0,0,0
42.65,0,1,0,0,0,1,1,3,1,0,0,0,0,1,0,2,0,1,0,1,1,1,0,2,0,2,0,3,2,0,2,0,1,2,0,1,5,2,4,2,2,6,4,4,2,6,3,2,3,6,5,4,7,5,3,2,4,7,3,6,3,13,4,2,5,6,4,15,13,36,26,28,30,26,30,42,32,32,51,36,41,55,40,48,34,51,65,58,59,52,60,73,65,72,89,89,78,86,74,86,97,92,104,114,117,114,152,147,152,161,166,172,189,194,189,211,215,233,261,222,255,267,274,280,304,299,336,337,362,384,383,451,448,479,476,458,506,552,522,554,579,574,592,602,636,662,683,713,689,729,755,771,726,771,780,831,741,819,801,802,832,757,826,832,801,871,777,787,811,826,779,842,824,757,759,766,740,688,700,668,708,652,680,678,657,622,576,549,577,512,537,554,513,504,511,486,504,463,468,466,439,428,460,441,438,444,415,445,427,400,426,432,430,434,447,442,423,437,418,429,376,397,432,428,444,415,426,381,397,365,362,314,361,286,266,329,248,207,207,186,166,178,150,131,113,119,76,80,86,50,49,48,42,43,32,22,21,19,15,21,20,8,12,14,6,9,10,5,4,0,1,1,1,0,0,0,0,0,0,0,0,0,0,0,0,0,0,0,0,0,0,0,0,0,0,0,0,0,0,0
42.75,1,0,1,0,0,1,0,0,0,0,0,1,0,0,0,0,0,2,1,3,1,1,1,0,0,1,0,3,1,1,2,1,2,0,1,3,3,6,6,5,6,3,8,2,4,1,7,1,3,1,3,8,5,3,3,3,4,3,5,4,3,2,4,3,5,3,8,9,22,15,29,20,21,36,30,30,33,43,41,34,39,39,42,56,71,50,62,59,74,58,58,63,62,68,72,85,93,93,98,100,116,114,99,97,117,117,122,135,136,152,145,164,176,181,212,211,215,210,238,229,254,263,272,290,287,323,318,362,375,408,412,407,427,490,478,489,510,549,478,569,588,624,571,638,688,693,692,635,710,673,740,702,717,806,764,818,781,791,837,814,748,811,808,796,843,812,827,783,842,822,771,835,736,796,757,730,733,704,698,658,699,666,647,686,645,627,604,534,565,532,538,540,466,563,482,497,499,456,459,449,440,414,459,418,453,442,426,449,413,398,432,435,434,433,453,424,406,430,430,429,373,404,426,424,451,398,431,379,383,364,365,320,347,285,273,313,250,208,201,185,168,172,152,132,117,116,75,80,83,51,51,47,39,44,33,21,21,19,15,21,20,7,13,11,7,8,10,5,4,0,1,1,1,0,0,0,0,0,0,0,0,0,0,0,0,0,0,0,0,0,0,0,0,0,0,0,0,0,0,0
42.85,0,0,0,1,1,0,0,1,0,1,0,0,0,1,1,0,0,0,2,1,0,4,2,0,0,0,1,1,1,1,5,1,1,4,3,0,4,2,2,3,3,5,3,3,2,4,5,9,1,7,7,5,4,6,7,8,5,6,4,5,6,4,8,5,4,4,7,11,23,30,32,30,27,36,36,43,38,43,34,43,39,55,42,42,61,49,48,71,61,60,64,81,64,81,86,74,96,89,94,94,113,119,110,113,114,121,127,110,176,160,145,154,171,171,213,186,217,220,224,269,246,287,265,311,317,311,343,323,387,374,415,441,463,455,471,453,504,531,556,513,581,579,619,574,646,643,681,723,737,731,760,759,733,753,811,815,786,808,851,783,830,829,824,824,786,822,803,818,783,838,788,752,803,769,743,727,756,732,667,689,676,692,635,644,645,634,599,558,542,538,527,552,467,553,489,510,497,477,455,435,457,408,454,430,441,465,436,442,407,407,419,435,431,439,445,427,413,423,433,431,365,406,414,423,449,393,441,383,382,366,355,320,344,295,275,308,244,214,201,182,168,167,153,130,116,117,75,77,84,48,47,47,39,45,34,21,20,19,15,21,19,7,13,11,4,8,11,5,4,0,0,1,1,0,0,0,0,0,0,0,0,0,0,0,0,0,0,0,0,0,0,0,0,0,0,0,0,0,0,0
42.95,0,1,1,1,2,0,0,0,1,0,0,0,0,0,1,1,1,0,0,1,0,1,0,0,1,0,0,2,1,1,0,2,2,1,2,1,1,1,3,2,3,4,3,5,11,3,5,8,5,6,4,5,5,9,6,5,9,0,5,4,2,6,3,2,4,6,3,18,20,24,27,27,27,29,33,46,48,46,39,41,46,50,42,53,52,51,54,66,52,65,65,46,66,69,90,83,76,100,94,105,86,108,116,137,121,138,128,145,138,147,168,140,181,204,207,186,204,222,227,248,277,297,299,290,320,306,371,327,380,370,405,436,472,488,481,504,484,559,565,574,600,602,635,599,660,668,692,695,715,704,716,717,751,745,731,807,778,794,833,804,845,843,806,844,838,812,827,820,776,799,801,756,826,776,719,709,707,735,716,660,684,683,678,647,626,631,597,530,543,550,517,541,520,545,489,495,524,439,456,428,452,401,462,423,429,468,414,441,387,409,399,441,422,432,450,424,416,430,435,422,373,401,408,427,442,398,439,381,377,375,355,319,337,295,280,303,239,211,202,182,171,169,149,131,116,119,74,78,82,50,44,45,40,46,33,20,19,19,15,20,18,7,13,11,4,8,11,4,4,1,0,1,1,0,0,0,0,0,0,0,0,0,0,0,0,0,0,0,0,0,0,0,0,0,0,0,0,0,0,0
43.05,0,0,0,0,0,0,1,0,0,1,0,0,0,2,0,1,1,0,0,3,0,1,0,1,0,0,1,2,2,0,1,4,4,3,1,1,2,3,4,0,5,2,6,3,7,5,5,5,3,3,2,5,3,6,3,2,2,2,2,6,3,5,4,7,6,1,5,13,21,33,26,29,34,39,28,44,41,39,40,35,47,52,37,36,49,60,46,56,47,61,61,59,69,71,75,76,90,83,78,95,104,117,110,140,120,137,146,139,150,152,158,164,170,192,180,193,202,216,201,250,257,299,285,314,295,315,330,297,345,389,390,419,456,442,464,525,486,523,559,538,602,618,590,629,696,680,707,712,714,715,724,752,719,714,827,756,772,766,796,816,823,849,812,819,844,755,841,824,803,730,811,800,789,770,721,703,733,740,718,654,685,712,656,639,627,648,596,529,531,552,522,520,527,528,491,507,516,428,455,425,453,396,455,433,436,454,414,445,387,403,418,433,426,435,445,426,414,427,435,420,378,402,398,430,429,387,430,385,383,378,353,323,344,295,278,303,232,214,202,186,167,165,147,134,116,118,74,80,77,52,43,44,40,44,33,19,18,19,15,19,18,7,13,11,4,8,11,4,4,1,0,1,1,0,0,0,0,0,0,0,0,0,0,0,0,0,0,0,0,0,0,0,0,0,0,0,0,0,0,0
43.15,0,0,0,1,0,1,0,0,0,0,0,1,0,1,0,0,0,0,1,1,0,0,0,3,0,2,2,0,1,2,1,0,3,1,2,2,6,2,3,0,4,6,2,4,2,6,4,5,7,3,3,3,4,3,6,8,7,4,5,6,1,4,2,3,8,5,5,7,20,27,23,27,30,28,37,31,35,26,46,44,39,43,35,40,48,57,52,55,70,45,55,71,64,62,77,81,84,80,84,102,108,113,100,102,115,114,130,136,152,132,169,150,169,197,188,181,180,219,232,250,242,265,290,329,287,349,339,366,351,367,417,435,415,440,496,483,463,522,576,553,600,565,576,644,613,712,716,731,753,712,728,749,753,733,838,812,791,879,748,791,817,843,839,833,836,809,822,828,815,750,810,750,836,749,796,660,750,751,690,684,664,721,654,632,642,643,566,555,530,564,550,507,546,531,501,506,500,448,423,455,431,395,446,440,445,451,425,437,395,398,412,433,426,427,455,416,407,430,428,413,376,403,401,431,434,390,438,375,387,374,352,323,345,293,276,296,234,220,195,182,164,163,149,135,115,120,74,80,78,53,42,43,40,42,33,19,18,19,14,18,17,6,14,11,4,8,10,4,4,1,0,1,1,0,0,0,0,0,0,0,0,0,0,0,0,0,0,0,0,0,0,0,0,0,0,0,0,0,0,0
43.25,0,0,0,2,0,0,0,0,0,0,1,1,0,0,0,3,0,1,0,1,1,0,0,1,2,1,1,1,0,1,1,0,1,3,2,2,2,0,4,0,2,3,2,4,1,4,2,3,4,2,5,3,10,6,4,4,2,4,5,3,4,5,6,4,4,7,9,11,22,20,27,26,22,38,43,35,43,34,39,42,42,44,41,57,52,38,45,53,42,52,67,62,66,75,58,75,86,106,81,98,95,116,105,118,130,133,115,122,148,144,158,170,171,204,178,182,228,231,232,258,250,287,296,331,297,332,334,367,387,364,383,418,425,429,458,504,539,534,543,512,570,606,574,618,660,610,665,714,750,740,758,703,741,763,758,797,819,780,871,807,801,817,866,852,897,808,779,812,800,862,782,797,826,743,722,709,703,732,685,685,690,698,672,650,606,653,591,530,579,532,563,512,554,520,526,483,499,473,418,442,441,414,455,425,432,438,417,439,390,395,410,428,427,445,454,406,403,441,425,413,376,404,416,415,433,389,433,368,390,361,355,333,343,296,279,298,225,220,198,172,160,160,151,132,116,118,74,81,76,53,42,42,39,42,34,19,18,17,15,18,17,6,15,11,4,8,10,4,4,1,0,1,1,0,0,0,0,0,0,0,0,0,0,0,0,0,0,0,0,0,0,0,0,0,0,0,0,0,0,0
43.35,0,0,0,1,0,1,2,0,0,0,2,0,0,1,0,0,0,0,2,1,0,1,1,2,1,0,1,0,1,0,1,0,1,0,2,2,4,2,3,0,3,3,3,2,3,3,3,2,3,7,1,2,5,6,3,4,5,11,5,3,5,9,8,5,6,6,5,16,22,22,29,33,46,30,32,37,41,40,52,52,28,37,43,47,44,50,54,69,65,65,81,68,53,70,60,82,81,79,97,98,110,105,93,114,138,125,124,127,151,159,176,172,198,173,177,193,199,232,231,225,240,234,272,317,299,363,343,346,360,381,411,382,433,451,458,506,453,503,559,555,557,620,622,672,645,621,722,700,719,732,732,768,771,762,750,797,769,812,764,828,828,789,823,884,830,865,776,834,802,809,779,774,745,784,717,714,716,718,678,724,683,693,669,672,618,608,592,541,586,533,544,518,560,522,523,488,485,485,408,455,424,404,455,411,441,437,409,431,400,393,386,416,444,437,441,405,403,436,420,410,386,395,417,412,431,387,429,367,392,364,350,334,336,304,276,297,226,216,196,175,158,156,154,132,118,117,76,78,76,54,41,42,39,42,34,18,18,16,15,18,17,6,15,11,4,8,9,4,4,1,0,1,1,0,0,0,0,0,0,0,0,0,0,0,0,0,0,0,0,0,0,0,0,0,0,0,0,0,0,0
43.45,0,0,0,0,0,1,0,1,1,1,0,1,0,1,0,0,0,1,0,0,0,1,1,1,0,1,1,2,1,2,1,2,3,4,3,4,1,2,1,2,0,3,1,3,2,4,4,7,3,5,5,6,4,4,9,6,2,2,2,5,7,5,2,6,7,4,4,18,22,25,27,25,27,31,33,29,36,36,39,42,36,44,47,62,57,53,59,52,66,44,65,66,71,67,87,81,89,102,75,82,103,92,104,128,119,138,135,119,170,144,163,179,182,203,206,188,227,224,261,238,247,247,289,298,285,303,334,325,419,406,367,390,396,445,468,479,505,552,532,533,564,555,570,601,624,675,641,656,724,672,752,764,773,740,782,771,811,813,827,806,844,779,784,862,811,866,802,796,793,746,789,776,704,796,716,712,732,704,691,689,689,698,689,637,615,601,592,557,582,552,535,520,540,516,543,479,496,460,415,484,418,405,444,410,453,450,420,424,397,390,388,418,440,444,432,415,396,431,429,398,383,403,431,415,423,388,433,369,389,367,350,336,334,302,275,294,229,211,197,173,158,154,153,130,113,113,74,77,75,54,41,40,40,41,32,19,18,17,15,17,18,6,14,11,4,7,8,4,4,1,0,1,1,0,0,0,0,0,0,0,0,0,0,0,0,0,0,0,0,0,0,0,0,0,0,0,0,0,0,0
43.55,0,0,2,0,0,0,0,0,0,0,0,1,0,1,0,0,0,0,1,1,3,0,2,2,1,2,3,1,0,0,3,5,2,1,1,2,3,0,4,2,3,2,2,6,1,4,9,3,1,5,4,5,1,2,7,1,6,4,2,5,6,4,5,3,5,7,4,12,17,22,24,30,27,27,24,28,36,32,36,37,39,37,52,46,51,48,51,47,53,57,61,55,65,61,76,82,98,102,88,112,101,102,118,110,129,121,131,154,133,165,171,163,177,186,187,208,242,217,221,257,250,274,275,297,305,317,342,350,364,398,387,398,424,468,459,485,461,483,559,554,587,586,631,624,637,644,678,706,729,692,735,757,723,761,754,815,788,750,777,816,812,815,819,783,842,766,812,751,836,761,794,786,785,769,692,739,733,717,691,666,687,682,705,600,579,617,573,583,588,536,528,538,530,520,527,498,467,453,425,451,410,423,439,423,458,446,413,420,405,381,387,427,424,449,435,408,392,436,428,402,377,405,435,414,419,391,430,367,387,357,355,323,334,296,279,287,231,205,199,178,157,155,153,130,115,112,70,78,75,53,43,39,41,41,32,18,17,14,15,17,18,6,13,11,4,7,8,4,3,2,0,1,2,0,0,0,0,0,0,0,0,0,0,0,0,0,0,0,0,0,0,0,0,0,0,0,0,0,0,0
43.65,0,1,0,0,0,1,0,1,0,0,2,0,0,1,1,1,0,0,1,1,0,0,1,0,0,0,1,0,2,1,2,3,5,2,1,1,3,1,2,2,1,1,4,3,3,3,5,4,5,4,1,6,7,2,5,1,1,6,5,7,8,4,4,1,7,6,7,13,24,23,26,36,29,20,30,33,32,36,38,44,38,48,54,35,45,53,44,48,52,61,66,69,73,68,74,84,77,75,98,107,111,81,116,122,119,125,141,129,131,139,153,175,191,191,212,199,195,197,234,252,261,276,261,266,313,352,324,345,318,365,379,420,475,428,441,446,503,483,540,557,581,608,628,607,639,680,667,659,713,705,705,713,767,763,718,778,763,750,777,786,791,844,820,818,805,855,819,763,813,760,769,810,815,753,769,757,710,714,731,694,683,646,699,605,564,625,565,585,547,536,547,490,533,530,539,503,465,456,431,421,411,427,432,426,439,442,414,413,396,378,388,423,418,444,433,401,408,438,423,409,368,411,433,404,423,389,432,366,395,351,359,323,330,295,278,286,228,209,199,177,154,156,154,129,117,113,70,78,76,54,41,39,40,41,32,17,17,14,15,17,17,5,14,11,4,7,8,4,3,2,0,1,2,0,0,0,0,0,0,0,0,0,0,0,0,0,0,0,0,0,0,0,0,0,0,0,0,0,0,0
43.75,0,0,0,0,1,0,0,0,1,0,0,0,0,3,1,0,0,0,1,1,0,1,1,2,1,2,1,2,0,1,1,0,1,3,2,3,2,3,4,2,5,3,3,3,8,5,2,6,3,10,7,7,8,1,4,4,2,6,7,10,2,4,7,5,2,3,5,18,18,17,31,20,22,31,35,37,38,37,35,47,33,46,45,47,56,48,53,36,66,47,60,59,58,93,71,87,80,75,79,103,101,112,95,111,118,126,138,142,130,145,158,179,163,186,185,218,194,235,218,257,240,254,288,303,322,305,336,335,395,367,384,420,499,454,499,469,510,529,542,571,566,583,583,608,668,647,668,687,686,713,707,776,762,785,794,774,770,821,782,778,773,874,788,768,836,783,834,794,764,786,723,797,799,773,768,723,728,707,723,702,685,612,707,647,562,605,573,583,567,535,541,501,518,537,521,495,480,467,450,412,418,439,420,421,428,439,414,419,400,373,374,430,405,441,426,410,398,435,402,409,371,414,431,405,423,396,434,374,383,349,352,326,322,294,278,290,234,201,198,180,156,150,155,132,117,111,71,76,77,51,42,37,37,40,32,17,17,14,15,17,16,5,14,11,4,7,8,4,3,2,0,1,2,0,0,0,0,0,0,0,0,0,0,0,0,0,0,0,0,0,0,0,0,0,0,0,0,0,0,0
43.85,1,0,0,0,1,0,0,0,0,1,0,1,1,1,0,0,1,2,1,0,1,1,0,0,0,2,1,0,2,1,1,1,0,3,3,4,1,2,0,4,4,1,3,1,1,4,5,4,4,5,1,3,4,3,4,2,0,3,3,9,1,3,6,5,8,4,8,21,18,30,22,29,29,19,38,40,36,37,41,36,40,31,38,48,55,40,54,64,63,65,64,60,71,86,95,88,74,89,99,92,110,124,102,122,112,135,135,150,161,135,159,176,144,176,184,218,229,230,223,256,232,259,284,289,272,303,325,341,357,394,369,425,418,425,429,473,493,553,500,553,575,596,614,638,621,678,701,718,753,698,713,766,748,805,736,875,781,755,813,785,776,814,729,802,810,790,800,809,772,750,749,771,763,761,772,746,771,729,706,706,686,664,677,619,571,614,548,603,538,555,529,522,503,507,502,505,470,473,454,418,417,431,423,414,413,434,436,395,404,374,373,431,403,446,424,403,403,442,398,408,374,406,435,406,424,400,423,374,386,348,355,326,323,291,282,289,236,202,205,179,151,151,151,134,116,110,70,73,78,51,40,38,36,41,31,16,15,16,15,17,15,5,12,11,4,7,8,4,4,2,0,1,2,0,0,0,0,0,0,0,0,0,0,0,0,0,0,0,0,0,0,0,0,0,0,0,0,0,0,0
43.95,0,0,0,0,0,0,0,0,0,0,2,0,0,2,0,1,1,1,2,0,1,0,0,2,1,2,2,0,1,1,0,3,0,2,2,2,1,2,2,2,4,1,8,0,1,0,3,10,3,4,6,6,4,4,3,1,2,7,4,3,5,2,5,6,3,3,6,17,25,23,24,23,32,37,36,40,38,44,34,43,30,40,49,47,54,56,47,47,56,71,70,73,65,69,84,92,70,74,87,101,102,91,111,115,99,118,126,137,146,166,150,157,175,163,185,181,229,203,210,268,257,257,291,279,303,327,323,321,346,356,386,417,439,429,480,493,506,521,526,575,545,612,630,612,686,640,686,685,691,761,812,730,758,744,777,788,849,763,800,788,820,753,739,792,787,779,830,785,800,767,797,734,769,744,738,735,741,711,719,685,675,678,647,633,594,605,553,605,571,554,539,521,517,504,511,516,457,466,452,419,409,442,423,406,409,439,415,425,396,376,385,417,403,431,415,395,408,432,392,411,366,406,444,413,416,394,421,376,384,348,351,326,323,301,284,284,235,205,206,177,148,152,149,133,117,109,70,74,74,53,40,38,35,41,30,16,14,16,15,17,15,5,12,10,5,7,8,4,4,2,0,1,1,0,0,0,0,0,0,0,0,0,0,0,0,0,0,0,0,0,0,0,0,0,0,0,0,0,0,0
44.05,0,0,0,0,0,0,0,0,0,1,1,1,1,2,0,0,0,0,1,2,0,1,0,0,1,0,4,2,3,2,1,1,1,2,1,3,2,2,4,2,1,4,3,3,2,4,3,4,3,3,2,7,3,4,9,3,4,6,7,4,3,4,2,4,6,7,7,18,24,27,32,36,36,35,38,37,46,37,48,36,39,44,47,34,61,44,62,49,55,60,55,76,62,70,70,90,90,91,70,89,117,100,98,114,123,122,112,130,160,153,161,143,163,156,186,184,195,250,264,252,249,268,303,320,319,324,327,354,394,415,375,431,420,461,456,484,531,476,527,569,592,638,623,623,637,716,719,751,727,693,695,726,722,778,757,831,757,769,783,755,850,760,746,770,825,796,773,819,826,799,764,739,763,729,738,739,720,732,710,652,674,693,628,601,573,627,545,591,560,562,520,525,531,502,515,528,446,461,459,417,404,441,429,398,421,436,400,433,384,387,399,414,405,429,405,400,409,424,397,416,368,405,445,417,405,400,418,378,383,346,353,314,319,301,276,288,235,204,207,183,147,150,149,132,113,104,69,75,74,54,38,39,35,41,28,17,14,15,15,17,15,5,12,10,5,7,8,4,4,2,0,1,1,0,0,0,0,0,0,0,0,0,0,0,0,0,0,0,0,0,0,0,0,0,0,0,0,0,0,0
44.15,0,0,0,0,0,1,0,0,0,0,0,0,1,0,1,1,1,0,0,0,0,0,1,0,1,3,2,2,1,3,0,3,1,2,0,1,4,0,5,1,2,2,1,4,6,2,3,5,4,6,4,4,7,4,8,8,0,7,3,3,4,7,6,5,7,7,3,12,21,25,17,28,44,26,37,47,26,38,35,37,40,50,44,56,51,53,49,69,68,53,61,56,63,74,88,81,81,83,85,74,90,107,102,123,122,125,117,128,139,137,150,169,178,188,195,176,190,246,248,225,249,279,285,311,306,321,375,332,368,407,412,404,464,461,511,468,461,540,582,606,582,620,601,651,695,694,701,674,707,672,734,751,724,765,769,740,779,801,743,789,775,793,769,821,790,747,754,830,789,852,797,756,773,699,763,744,737,735,712,649,683,665,639,607,576,588,592,587,548,556,533,522,544,502,498,477,481,457,443,417,394,432,431,409,413,415,409,431,392,390,399,404,403,412,400,400,411,411,387,419,372,398,427,418,408,399,421,379,379,349,350,308,323,302,271,282,235,200,204,182,150,150,147,130,115,102,70,76,74,53,37,39,35,41,27,19,15,13,16,17,15,5,12,10,5,7,8,4,4,2,0,1,1,0,0,0,0,0,0,0,0,0,0,0,0,0,0,0,0,0,0,0,0,0,0,0,0,0,0,0
44.25,0,0,0,0,0,0,0,0,0,0,2,0,0,1,0,0,1,0,1,1,0,0,0,0,0,1,1,1,3,1,1,0,2,3,3,2,3,2,2,2,3,1,4,5,5,5,1,4,6,6,2,6,3,2,5,2,6,5,7,4,6,3,4,2,3,7,4,14,24,18,20,21,27,27,41,27,44,39,27,30,30,25,37,42,46,52,49,61,49,56,64,72,82,79,80,72,99,88,81,75,98,95,129,120,116,122,127,134,135,164,160,153,168,187,196,197,208,235,228,262,243,264,297,275,291,299,320,372,355,384,384,428,433,403,440,482,525,496,529,527,592,624,602,598,652,684,635,666,712,746,703,728,754,840,736,794,775,773,743,701,750,767,812,797,798,749,772,786,805,810,842,725,738,772,775,741,778,714,731,669,637,657,631,626,588,577,621,578,556,536,511,522,512,507,504,489,475,463,435,419,413,416,418,409,418,415,409,447,383,388,412,400,409,416,391,389,419,401,396,420,378,389,416,420,413,388,410,395,379,345,346,304,325,301,264,283,234,202,204,180,152,146,147,129,115,103,67,76,75,55,37,38,33,41,27,19,13,12,16,16,15,5,10,11,5,7,8,4,4,2,0,1,1,0,0,0,0,0,0,0,0,0,0,0,0,0,0,0,0,0,0,0,0,0,0,0,0,0,0,0
44.35,0,0,0,1,0,1,0,0,0,0,1,0,1,1,0,1,0,0,0,0,0,0,0,0,1,2,4,1,1,2,0,3,2,3,3,3,3,2,1,0,3,6,5,1,4,9,6,3,3,6,4,2,7,5,10,4,5,7,5,7,6,4,5,9,3,5,4,13,17,25,27,28,33,36,40,33,27,45,49,43,41,36,34,35,33,37,50,48,61,59,61,69,77,52,67,90,78,74,92,82,98,107,109,107,124,128,129,144,150,140,139,159,169,207,202,194,194,225,230,227,270,265,285,286,285,305,306,331,384,381,393,401,464,438,474,455,439,464,571,524,569,582,581,583,637,671,668,678,691,706,770,720,697,698,792,790,794,707,792,764,741,798,812,781,770,773,799,753,751,771,748,792,737,767,800,763,747,750,712,671,647,653,645,620,617,547,630,584,556,528,526,519,537,508,524,496,464,465,460,410,412,399,441,413,434,387,418,440,387,400,411,400,405,414,390,389,421,387,397,413,376,395,415,419,404,395,414,393,376,347,343,313,323,297,265,280,229,199,209,176,154,143,145,129,115,104,65,77,72,56,36,35,33,41,27,20,13,11,15,16,14,5,10,11,5,7,8,4,4,2,0,1,1,0,0,0,0,0,0,0,0,0,0,0,0,0,0,0,0,0,0,0,0,0,0,0,0,0,0,0
44.45,0,0,1,0,0,1,0,0,1,1,0,0,0,0,2,1,0,2,0,1,1,0,0,2,1,2,1,0,1,1,2,3,2,2,2,4,0,2,1,2,6,4,2,3,5,6,3,1,8,3,11,6,3,3,4,2,1,2,3,7,2,8,5,2,5,3,6,16,17,31,32,31,33,37,26,37,34,30,37,46,42,50,35,50,60,56,46,58,66,57,62,65,67,71,82,60,68,98,87,108,103,99,104,93,114,134,123,130,146,147,161,155,204,188,205,204,198,228,233,220,280,266,295,264,321,296,343,343,382,409,422,414,406,446,469,512,475,499,514,584,572,594,601,566,677,671,680,639,710,718,717,733,741,766,692,724,818,791,767,759,784,771,807,777,824,750,823,773,742,744,790,730,766,777,766,785,749,687,737,689,649,649,614,589,637,568,641,581,551,525,531,533,516,507,492,503,471,462,442,393,428,404,435,415,419,400,429,434,383,400,414,408,407,411,393,384,416,383,389,410,381,387,412,416,407,402,411,402,372,353,346,314,325,303,264,276,233,200,207,176,152,145,143,130,114,104,65,74,72,57,37,35,33,36,28,19,13,11,14,16,14,5,10,9,4,6,8,4,4,2,0,1,1,0,0,0,0,0,0,0,0,0,0,0,0,0,0,0,0,0,0,0,0,0,0,0,0,0,0,0
44.55,0,0,1,1,0,0,0,0,1,0,0,0,0,1,0,0,1,1,3,0,0,0,0,1,1,0,1,0,1,0,5,1,1,1,0,2,0,2,3,2,3,2,3,2,3,3,5,7,7,6,2,5,4,3,5,2,4,7,4,6,3,6,4,5,7,2,10,12,31,24,25,26,31,16,47,38,47,43,36,44,48,42,39,49,47,61,65,51,54,59,61,60,63,67,80,89,97,92,100,86,107,99,107,113,106,130,146,135,154,139,184,168,168,201,190,203,231,222,216,250,297,258,310,323,308,312,290,370,357,342,370,397,403,457,467,463,465,525,579,527,568,578,610,612,599,633,634,625,676,741,695,732,764,729,753,749,797,750,823,789,820,761,735,751,801,799,753,784,790,757,756,798,761,785,780,773,725,735,739,660,682,629,615,603,586,576,623,560,554,541,533,569,511,506,480,473,474,458,431,392,428,403,411,417,423,402,428,419,383,395,414,413,405,412,390,390,415,382,390,395,382,385,422,422,403,406,407,401,368,352,347,312,324,298,262,273,228,206,204,175,152,146,143,128,111,108,66,71,73,56,37,36,32,35,29,19,14,11,13,15,14,5,10,9,4,6,9,4,4,2,0,0,1,0,0,0,0,0,0,0,0,0,0,0,0,0,0,0,0,0,0,0,0,0,0,0,0,0,0,0
44.65,0,1,0,0,0,1,2,0,0,0,1,0,2,0,1,1,0,0,0,1,0,1,3,1,0,2,0,1,1,1,1,2,1,4,1,3,1,2,4,1,2,5,2,2,1,0,5,7,7,3,3,4,0,3,4,2,4,3,3,3,4,1,3,4,7,3,8,16,18,23,31,32,25,25,29,41,36,38,35,35,46,39,49,34,56,54,44,68,73,70,56,70,67,57,66,66,92,89,94,100,117,100,99,108,111,116,133,114,137,154,155,166,181,174,160,180,212,227,233,231,276,280,281,249,291,305,322,359,324,382,367,378,428,447,468,532,518,448,519,549,574,533,642,575,653,705,713,670,680,754,741,757,698,773,787,771,757,749,815,792,817,819,804,735,819,798,776,772,763,779,726,758,754,744,760,741,697,735,709,682,639,653,566,598,577,580,579,564,550,536,535,554,522,512,487,474,457,455,404,398,440,410,408,421,419,413,432,409,376,400,410,406,398,415,390,392,409,390,390,396,378,393,414,418,402,406,409,408,358,349,347,316,319,297,263,272,227,206,210,172,150,147,137,132,111,108,65,72,74,51,37,35,33,31,29,19,13,11,12,13,14,5,10,8,4,6,9,3,4,2,0,0,1,0,0,0,0,0,0,0,0,0,0,0,0,0,0,0,0,0,0,0,0,0,0,0,0,0,0,0
44.75,0,0,0,0,0,0,0,0,2,0,0,0,0,0,1,2,0,0,0,0,1,0,1,0,1,0,1,2,1,1,2,0,2,3,2,1,1,1,0,1,2,5,2,2,4,6,2,5,4,5,5,3,4,5,2,2,3,3,4,4,6,5,6,3,6,7,8,13,25,27,21,30,27,20,31,28,34,33,46,33,50,39,53,49,44,64,51,68,45,69,61,69,50,77,67,93,74,82,75,97,102,95,96,110,111,119,148,137,144,166,169,171,182,208,199,192,220,214,250,257,240,268,296,306,335,321,338,358,367,390,377,402,380,412,480,460,532,515,484,547,598,580,631,621,609,670,679,745,769,670,730,718,761,758,732,785,831,763,793,830,823,783,803,763,765,876,807,788,759,731,735,746,726,765,750,733,688,703,683,655,657,657,570,606,557,563,573,582,551,518,557,554,521,512,484,482,473,434,378,399,447,407,407,435,417,419,439,401,382,409,403,413,398,419,401,392,399,390,392,400,382,381,405,420,403,397,411,409,353,347,347,305,326,293,263,271,227,212,208,172,147,148,139,131,112,110,63,73,77,49,40,34,33,31,29,18,13,11,13,14,12,6,9,8,4,6,9,3,4,2,0,0,1,0,0,0,0,0,0,0,0,0,0,0,0,0,0,0,0,0,0,0,0,0,0,0,0,0,0,0
44.85,0,0,0,0,0,1,0,0,0,0,0,1,0,0,0,2,0,1,0,0,1,1,1,0,0,1,1,1,0,3,0,0,4,0,1,1,3,2,1,5,1,4,2,5,2,5,3,1,5,1,5,5,2,2,6,5,4,3,3,4,1,5,2,5,5,4,3,14,21,23,34,29,27,28,40,31,32,30,31,36,43,40,52,40,43,51,57,60,54,61,54,84,71,76,76,84,79,98,91,85,97,102,96,97,114,140,122,109,132,156,148,161,158,176,202,190,227,229,217,227,239,229,283,270,292,338,323,354,364,345,395,454,443,445,424,467,473,564,531,550,601,589,598,632,690,734,710,671,674,722,732,766,738,802,751,768,804,812,828,798,828,803,752,818,805,786,795,769,789,713,775,764,731,739,797,699,741,732,682,716,658,639,599,586,544,572,565,567,550,526,529,559,506,509,479,475,471,451,380,399,445,421,393,438,413,420,432,384,383,394,415,402,395,420,400,389,391,398,392,400,370,381,418,417,397,402,411,405,354,352,339,305,329,295,268,262,230,213,212,173,144,149,138,130,111,108,67,73,78,51,40,34,33,32,27,19,13,11,10,15,11,7,9,8,4,6,9,3,4,2,0,0,1,0,0,0,0,0,0,0,0,0,0,0,0,0,0,0,0,0,0,0,0,0,0,0,0,0,0,0
44.95,0,1,0,0,0,0,0,0,0,0,1,0,0,0,1,0,0,1,0,3,1,1,0,0,2,1,2,0,0,3,1,1,1,1,3,2,2,4,3,1,1,4,2,3,5,4,2,3,4,3,3,5,3,4,5,3,4,1,2,6,1,4,0,4,0,5,7,8,20,31,23,37,27,26,26,40,31,32,35,40,41,51,42,55,58,52,44,54,54,52,56,74,70,67,71,81,103,97,95,75,105,89,108,127,124,148,139,126,153,146,139,157,176,181,177,207,214,224,240,230,277,255,263,307,301,289,343,319,391,383,420,400,445,454,491,513,530,536,527,499,598,609,604,592,629,700,662,725,722,719,757,767,803,781,830,810,786,802,856,825,826,826,778,785,750,764,756,768,731,776,695,751,738,721,770,719,721,708,688,697,678,631,592,568,552,576,560,538,547,531,529,552,505,495,502,477,471,441,391,406,433,443,391,447,407,432,436,393,378,397,409,385,403,422,396,392,394,411,384,405,363,384,422,421,383,398,419,392,346,354,345,303,328,290,266,252,233,214,209,179,143,148,143,128,110,106,67,73,76,51,39,32,34,31,27,19,13,11,9,15,11,7,8,8,4,6,9,3,4,2,0,0,1,0,0,0,0,0,0,0,0,0,0,0,0,0,0,0,0,0,0,0,0,0,0,0,0,0,0,0
45.05,0,0,0,0,0,0,0,0,0,0,0,1,1,1,0,0,1,1,0,0,0,0,1,1,1,0,0,0,1,1,0,1,1,2,0,0,2,4,1,6,4,4,1,2,5,4,2,4,3,1,6,6,6,3,5,3,5,4,3,4,3,3,3,5,3,2,6,18,22,26,37,28,29,24,21,42,31,30,43,41,36,37,47,56,31,49,53,57,53,53,58,63,64,68,70,74,91,90,102,83,98,109,80,107,129,119,120,127,120,131,154,139,175,179,229,196,232,192,238,241,274,270,282,305,306,310,348,396,385,369,400,429,415,461,497,482,501,531,532,551,614,584,641,631,644,649,672,748,742,732,670,828,727,779,803,830,859,804,822,877,822,810,802,855,740,735,770,779,724,753,755,745,730,696,767,751,723,730,685,686,654,623,634,562,542,592,566,549,539,541,519,546,477,520,505,465,458,443,387,419,442,453,389,439,416,423,426,394,383,402,431,381,406,414,402,388,406,392,382,403,372,387,419,427,382,400,422,391,347,351,342,307,328,292,264,250,232,211,209,177,140,151,147,126,108,105,64,76,75,53,39,32,33,31,27,19,14,10,9,14,11,7,7,9,4,6,9,3,4,2,0,0,1,0,0,0,0,0,0,0,0,0,0,0,0,0,0,0,0,0,0,0,0,0,0,0,0,0,0,0
45.15,0,0,0,0,1,0,1,1,0,0,0,1,0,0,0,1,1,2,0,0,0,2,1,1,0,3,0,1,0,1,2,3,2,6,5,1,3,6,1,6,3,3,4,7,3,6,4,3,4,6,6,5,2,1,4,5,1,3,4,8,6,4,2,4,7,7,8,14,26,21,31,22,35,27,34,34,21,35,35,47,43,43,42,39,45,44,54,61,49,55,62,53,62,73,81,75,78,89,92,90,118,117,115,102,108,138,121,158,174,153,148,151,180,192,193,203,214,229,215,240,256,293,270,280,277,306,327,381,370,398,378,429,423,406,475,462,531,581,559,532,575,628,620,649,717,688,697,661,685,758,763,730,773,802,787,856,823,828,763,804,789,840,871,793,817,704,756,772,777,738,736,733,722,727,714,735,730,692,733,664,666,595,620,586,550,580,569,549,535,553,522,537,480,506,500,457,486,449,407,426,436,460,395,440,411,418,421,406,394,401,430,385,407,398,405,399,398,386,390,392,368,387,420,423,378,406,420,390,355,347,338,306,324,290,262,252,232,208,208,179,140,149,148,124,110,104,64,76,72,55,39,35,34,30,27,18,14,10,9,14,11,7,7,8,4,6,9,3,4,2,0,0,1,0,0,0,0,0,0,0,0,0,0,0,0,0,0,0,0,0,0,0,0,0,0,0,0,0,0,0
45.25,0,0,0,0,0,0,1,0,0,0,0,1,1,0,1,0,0,0,0,2,1,0,3,0,0,0,0,0,1,1,2,1,2,3,2,2,2,0,4,5,6,2,5,1,5,6,4,3,3,3,2,7,8,4,5,1,4,6,3,2,5,6,2,1,4,8,3,17,24,17,32,41,34,28,23,40,44,29,39,41,36,42,42,58,45,66,55,65,42,46,74,65,64,77,70,74,86,90,118,92,98,93,90,112,119,111,116,154,137,150,153,171,180,196,187,195,219,222,216,251,261,280,269,304,283,312,350,363,339,386,393,435,425,452,506,485,479,506,541,588,573,623,610,680,670,682,720,677,730,719,729,738,739,783,824,767,828,829,819,786,832,814,846,833,766,773,735,757,795,786,748,767,724,730,740,769,702,713,721,647,661,600,616,587,574,589,556,558,532,569,516,505,477,510,505,470,466,437,414,432,437,434,391,437,411,413,441,409,384,403,418,391,409,397,391,407,393,389,376,390,363,394,407,422,374,404,423,383,355,347,332,306,328,284,268,247,230,203,208,179,138,148,149,121,110,103,64,74,74,55,39,35,31,31,27,16,14,10,9,14,11,7,6,8,4,6,9,3,4,1,0,0,1,0,0,0,0,0,0,0,0,0,0,0,0,0,0,0,0,0,0,0,0,0,0,0,0,0,0,0
45.35,0,5,1,0,1,0,0,1,0,0,1,0,0,2,0,2,0,0,2,0,1,0,1,1,1,1,0,2,0,1,2,0,3,2,0,0,6,3,2,3,3,2,1,3,4,4,2,3,5,6,2,2,4,1,6,4,3,5,6,4,1,0,3,4,6,5,5,19,23,24,27,35,25,31,33,27,32,37,37,45,32,56,53,45,41,45,64,54,59,62,68,68,67,68,82,68,73,93,104,100,92,120,105,121,131,134,147,124,140,148,160,160,181,194,200,170,186,234,221,248,270,274,283,281,294,297,310,360,365,367,395,444,409,420,431,486,522,541,534,583,546,570,624,614,653,641,668,688,740,723,784,773,748,738,791,768,779,805,850,775,792,826,815,767,793,810,755,724,750,818,769,735,725,755,727,751,695,740,706,630,662,602,595,583,627,599,566,548,541,555,528,495,471,512,513,457,468,433,411,436,434,425,383,457,401,416,434,399,400,410,419,387,427,397,394,405,396,389,378,385,367,413,398,421,376,401,429,384,367,335,334,309,325,278,273,247,235,202,207,181,134,149,151,120,111,102,66,71,75,53,38,35,30,31,29,15,13,9,9,14,10,7,6,8,4,6,8,3,4,1,0,0,1,0,0,0,0,0,0,0,0,0,0,0,0,0,0,0,0,0,0,0,0,0,0,0,0,0,0,0
45.45,0,0,0,0,0,0,0,1,0,0,1,1,0,0,1,0,0,0,1,0,2,0,1,0,1,1,0,2,4,0,1,0,4,1,1,3,2,4,3,2,4,4,4,3,5,2,3,2,3,2,3,3,4,2,1,2,3,1,5,4,3,7,2,6,3,1,8,11,21,26,43,25,25,30,37,25,27,38,33,44,51,44,41,39,53,49,45,53,67,69,69,67,76,64,72,77,102,94,72,103,108,105,117,123,117,121,114,123,141,151,154,169,161,182,174,200,204,232,225,259,242,275,280,275,319,336,341,379,388,395,381,379,421,448,483,497,535,521,521,531,560,569,606,611,630,680,673,663,671,716,724,769,726,772,759,768,783,780,809,820,811,767,781,789,830,813,720,736,822,832,732,779,782,722,724,717,694,695,698,624,654,635,551,589,648,587,541,596,507,555,489,492,482,525,513,476,466,440,412,432,442,420,388,440,400,428,417,409,389,413,429,392,426,393,369,410,407,387,377,375,362,409,404,422,384,400,426,392,363,343,337,308,323,278,272,248,234,203,207,180,138,146,148,116,112,99,67,70,73,53,37,36,31,31,27,15,12,10,9,14,9,7,5,9,4,6,8,3,4,1,0,0,1,0,0,0,0,0,0,0,0,0,0,0,0,0,0,0,0,0,0,0,0,0,0,0,0,0,0,0
45.55,1,0,0,0,0,0,0,1,1,0,0,1,0,0,2,1,0,0,1,1,0,1,1,0,2,0,1,0,0,1,1,2,2,1,3,1,2,4,0,1,1,2,5,5,2,2,2,1,2,5,1,4,3,5,4,5,6,6,1,2,3,6,4,5,4,4,5,12,23,21,25,31,27,25,36,30,41,46,37,46,51,37,37,50,62,42,52,41,63,66,71,60,63,81,79,86,82,95,83,109,120,103,119,113,136,138,126,146,139,170,160,153,175,196,197,196,248,207,257,231,232,259,265,309,303,300,337,372,350,375,408,431,424,453,467,455,510,514,554,532,596,589,615,633,630,694,706,714,676,717,715,731,760,750,737,786,771,783,802,783,811,792,789,794,780,764,808,761,802,818,768,769,770,709,718,680,712,692,675,648,627,659,549,597,628,580,544,580,534,554,471,486,504,502,496,483,468,437,434,429,442,436,375,439,413,406,423,397,382,424,422,389,423,394,367,405,407,389,375,372,378,417,393,427,382,398,433,379,372,343,336,311,323,273,267,252,228,205,204,176,138,145,148,116,108,98,69,66,72,53,36,34,32,32,26,15,12,10,9,13,9,7,5,9,4,6,8,3,4,1,0,0,1,0,0,0,0,0,0,0,0,0,0,0,0,0,0,0,0,0,0,0,0,0,0,0,0,0,0,0
45.65,0,0,0,2,0,1,0,0,0,1,0,0,0,0,1,0,3,1,0,1,0,0,0,1,1,0,1,1,2,1,2,2,1,2,2,1,2,2,0,1,2,2,1,2,2,0,2,5,4,4,5,1,3,2,3,6,1,4,3,7,7,5,6,3,4,2,4,8,21,32,31,34,37,29,29,46,30,44,42,38,56,41,44,37,53,55,58,53,74,53,70,65,69,66,79,76,60,113,88,90,107,95,111,105,113,125,105,166,147,126,158,131,176,193,199,180,196,211,262,248,233,239,275,230,287,307,322,331,323,397,366,373,412,459,434,459,527,483,546,567,543,574,634,673,601,681,689,674,692,684,709,703,741,806,810,793,793,811,748,807,759,825,817,765,799,776,836,798,811,808,774,747,776,705,713,652,762,659,704,624,609,654,566,598,588,593,549,575,534,533,492,510,475,510,491,482,471,428,432,457,428,417,369,429,410,414,425,402,378,410,440,393,430,404,357,418,402,388,390,377,362,411,393,420,386,397,442,367,375,340,338,309,318,273,272,253,233,198,204,181,137,146,147,113,109,98,69,64,72,51,36,32,30,33,25,15,12,10,9,12,9,7,5,9,4,6,8,3,4,1,0,0,1,0,0,0,0,0,0,0,0,0,0,0,0,0,0,0,0,0,0,0,0,0,0,0,0,0,0,0
45.75,0,0,1,0,1,1,0,0,0,1,0,0,0,3,0,0,1,0,0,0,0,1,0,1,1,0,1,0,0,1,2,0,1,4,2,0,1,2,0,1,2,0,5,5,5,3,5,6,6,4,5,5,4,5,1,1,3,2,2,6,2,4,7,5,6,5,9,16,23,35,36,31,27,30,32,38,37,35,40,37,38,48,46,50,53,58,50,52,69,60,64,55,93,75,80,94,106,75,90,85,83,106,106,104,120,125,104,146,142,114,159,155,176,189,198,196,215,211,209,263,254,274,290,285,318,302,329,340,391,379,401,400,409,393,494,513,547,503,540,543,524,579,613,595,667,664,656,680,712,697,708,757,718,744,794,844,813,799,808,732,776,801,793,839,795,791,770,831,803,738,783,768,796,716,715,671,753,663,685,632,632,652,588,609,580,612,533,560,537,540,508,505,480,513,478,481,469,436,439,434,433,416,380,419,412,422,418,396,388,408,423,401,427,411,364,405,402,388,379,380,372,414,399,417,373,393,436,375,368,337,339,305,317,282,265,253,229,200,204,178,137,146,147,116,111,96,68,65,69,49,36,33,30,33,25,15,12,10,9,12,8,8,5,9,4,6,8,3,4,1,0,0,1,0,0,0,0,0,0,0,0,0,0,0,0,0,0,0,0,0,0,0,0,0,0,0,0,0,0,0
45.85,0,0,0,1,1,1,0,0,1,0,0,0,0,0,0,0,0,0,0,0,0,0,2,1,1,2,0,0,0,3,0,2,1,2,5,2,2,5,4,1,4,3,4,0,5,3,7,6,2,5,4,3,2,4,3,3,2,6,4,3,7,2,6,5,6,4,7,13,21,26,38,36,38,40,32,41,33,33,40,39,45,52,51,55,65,58,54,62,58,68,65,71,68,67,78,81,68,100,89,88,87,100,110,118,103,128,153,129,151,163,157,173,191,193,165,190,203,206,243,229,265,250,272,296,279,328,317,340,340,359,397,395,451,443,479,491,494,532,537,564,595,618,601,627,614,653,650,712,632,739,702,727,712,757,776,804,735,789,807,801,737,725,811,824,833,791,765,835,770,784,760,758,787,737,725,683,696,681,705,673,641,627,580,619,571,579,522,535,514,575,495,523,477,498,452,484,468,433,437,415,417,422,378,420,411,429,417,396,390,411,427,404,425,415,367,408,406,392,362,380,376,411,389,424,368,388,436,373,365,334,342,306,320,278,264,260,226,197,206,178,137,145,146,115,108,95,69,64,70,50,37,33,30,32,26,14,12,10,8,11,8,8,5,9,3,6,8,3,4,1,0,0,1,0,0,0,0,0,0,0,0,0,0,0,0,0,0,0,0,0,0,0,0,0,0,0,0,0,0,0
45.95,0,0,0,0,1,0,0,1,0,1,2,0,0,1,3,0,0,1,1,1,1,1,2,0,0,2,1,1,1,1,3,3,2,3,1,5,1,2,2,3,2,0,2,7,1,1,5,4,2,9,3,2,4,5,8,3,1,4,4,7,3,4,6,2,9,2,5,11,17,36,31,20,27,29,28,35,35,29,48,37,44,39,35,48,47,50,58,70,47,73,67,62,76,67,67,95,79,90,101,105,100,92,103,108,116,137,143,104,138,164,150,153,147,154,187,201,202,215,237,258,232,272,291,293,291,292,352,340,353,396,373,429,422,485,474,473,503,515,535,532,555,562,632,665,662,663,655,720,704,656,719,741,749,780,746,771,779,760,806,795,732,750,734,816,867,824,786,803,796,746,806,769,751,742,747,664,686,679,671,691,627,619,603,562,598,574,554,514,533,584,481,508,486,479,440,471,458,438,432,425,403,433,380,433,394,432,436,394,389,411,408,412,416,426,368,408,415,388,375,379,365,410,389,422,367,396,429,377,357,335,346,300,322,277,261,261,225,191,206,177,135,150,147,115,102,97,64,65,68,50,37,33,31,33,24,14,12,10,8,11,8,8,5,8,3,6,8,3,4,1,0,0,1,0,0,0,0,0,0,0,0,0,0,0,0,0,0,0,0,0,0,0,0,0,0,0,0,0,0,0
46.05,0,0,0,0,1,0,1,0,2,2,0,2,0,0,0,0,0,0,0,0,1,1,1,1,1,1,0,2,0,1,3,1,7,3,2,1,3,4,3,5,0,3,7,6,3,4,4,3,3,5,7,5,1,2,4,6,4,4,3,1,6,6,2,8,6,8,3,21,19,26,23,34,39,37,36,40,41,31,34,34,41,37,48,47,42,54,63,49,63,75,64,58,61,81,84,66,90,82,90,101,93,91,129,122,112,116,136,138,133,154,177,146,168,168,184,220,212,215,238,237,256,272,290,290,295,315,399,371,369,377,365,420,447,444,477,524,472,495,575,598,591,589,588,585,612,655,705,681,746,729,750,780,774,769,809,740,750,803,758,784,796,789,786,792,855,807,857,808,764,759,768,779,727,756,749,657,662,667,636,666,620,576,599,574,574,592,546,527,524,552,509,527,482,477,451,485,451,440,428,430,392,448,390,437,399,428,433,386,398,419,400,396,414,423,366,404,416,376,386,364,354,417,394,417,368,389,427,382,353,337,340,305,316,279,262,256,229,189,204,170,137,152,143,117,102,98,61,66,68,50,36,34,29,31,25,13,13,9,8,11,8,8,4,8,3,6,8,3,4,1,0,0,1,0,0,0,0,0,0,0,0,0,0,0,0,0,0,0,0,0,0,0,0,0,0,0,0,0,0,0
46.15,0,0,0,0,0,0,0,0,0,0,0,0,0,1,0,0,0,0,0,0,1,0,3,0,2,0,3,2,2,0,0,0,3,1,4,4,0,2,0,0,3,4,3,3,5,7,6,3,2,6,5,4,10,3,4,4,6,4,3,4,1,2,5,6,0,2,7,12,23,18,39,20,31,21,32,35,29,36,34,34,52,47,40,40,68,44,39,58,57,71,53,59,74,65,75,78,70,93,79,87,87,119,104,119,121,122,127,137,130,146,162,176,192,168,203,207,188,212,235,266,265,247,287,289,329,345,363,369,378,372,374,377,440,436,472,475,524,543,583,532,587,577,602,623,662,656,691,697,731,790,738,732,777,738,761,752,804,747,835,790,819,828,796,748,775,792,820,808,752,783,788,720,784,723,725,723,667,640,667,655,651,569,596,579,559,595,552,535,534,545,502,536,498,490,459,490,449,456,433,411,394,458,373,439,406,440,425,371,400,417,393,396,409,414,380,400,421,370,394,362,348,414,392,415,368,394,419,378,354,327,339,303,312,283,263,254,227,188,203,172,138,151,142,113,101,98,66,64,66,50,35,35,29,29,25,13,13,9,8,11,8,8,4,8,3,6,8,3,4,1,0,0,1,0,0,0,0,0,0,0,0,0,0,0,0,0,0,0,0,0,0,0,0,0,0,0,0,0,0,0
46.25,0,0,0,1,1,0,0,0,0,0,0,0,0,0,0,0,0,1,1,0,0,0,0,1,1,2,2,1,1,1,1,2,2,2,1,0,2,2,1,1,1,0,1,4,6,6,2,5,2,2,3,4,3,10,2,5,1,5,4,6,7,5,4,3,6,3,1,14,21,19,23,30,27,38,29,27,30,33,36,40,36,40,62,50,50,52,53,52,57,50,61,60,61,59,72,64,72,93,89,80,95,108,90,85,109,114,120,135,136,128,137,158,170,169,195,188,230,209,220,238,270,260,267,282,316,329,333,361,358,379,407,411,446,465,436,473,484,530,535,609,627,620,638,649,632,672,684,693,722,718,725,784,738,727,745,772,781,754,785,760,822,856,786,789,743,775,791,770,772,792,809,799,735,714,731,705,639,687,656,644,665,576,605,588,569,586,537,558,544,565,502,517,489,475,462,492,459,458,435,416,409,459,375,441,390,430,423,371,392,410,391,397,404,418,377,394,421,372,388,363,357,415,394,419,363,395,425,374,355,324,340,305,313,281,260,254,223,181,203,172,137,152,143,115,98,100,66,65,65,49,35,34,28,29,25,13,12,12,7,11,7,8,4,7,3,6,8,3,4,1,0,0,1,0,0,0,0,0,0,0,0,0,0,0,0,0,0,0,0,0,0,0,0,0,0,0,0,0,0,0
46.35,0,0,0,0,0,0,0,0,0,1,1,0,0,0,0,0,1,1,1,0,1,4,0,2,0,1,1,0,3,0,1,0,3,2,3,4,1,8,1,3,2,2,1,1,2,4,5,4,5,4,4,1,2,4,9,6,5,6,4,0,9,4,2,5,9,3,6,17,26,31,36,27,28,29,31,33,35,32,32,36,49,39,25,46,49,50,56,70,40,56,82,73,52,78,70,95,77,82,83,93,98,93,93,117,141,125,137,107,156,142,193,160,190,174,189,203,242,231,267,240,255,279,280,292,337,290,321,340,378,367,392,412,403,447,450,477,536,517,517,531,595,575,585,675,659,653,711,694,724,708,707,682,742,727,763,762,733,780,801,812,846,810,816,724,781,780,781,762,790,822,777,764,701,764,695,686,622,660,645,638,636,591,601,602,584,610,543,533,551,557,524,526,466,507,450,495,458,444,447,417,406,449,380,438,391,424,424,380,371,403,389,409,405,414,383,390,418,370,392,366,346,411,390,422,352,393,425,376,354,327,340,305,310,286,268,249,228,177,201,176,131,155,140,117,97,99,66,63,64,50,34,34,28,29,25,13,11,12,7,11,7,7,4,7,2,5,8,3,4,1,0,0,1,0,0,0,0,0,0,0,0,0,0,0,0,0,0,0,0,0,0,0,0,0,0,0,0,0,0,0
46.45,0,0,0,0,0,0,0,0,0,0,1,0,1,0,0,1,1,1,1,2,2,1,2,0,0,1,0,0,1,1,3,0,3,1,2,2,2,4,2,1,3,4,1,3,2,4,5,2,3,1,2,3,1,6,3,1,3,4,3,1,2,6,6,2,6,3,3,17,20,22,21,21,30,44,29,35,26,32,38,36,47,57,32,54,47,58,44,69,62,61,72,62,72,72,62,88,79,87,96,96,109,112,98,101,113,149,134,132,134,171,162,168,170,164,207,190,196,228,217,261,271,258,254,288,312,332,344,332,355,366,385,378,448,413,430,471,511,478,523,529,573,549,595,628,699,680,689,679,703,652,694,752,774,753,793,759,783,806,748,825,835,769,819,826,744,745,763,750,787,785,758,745,747,724,732,688,630,650,645,616,635,596,572,603,578,588,555,515,526,560,519,495,467,509,454,487,459,431,467,433,398,435,380,428,391,409,419,372,361,406,381,409,394,410,389,398,408,371,393,368,343,413,395,430,352,392,427,378,354,329,341,307,311,285,267,243,224,177,201,174,134,153,138,118,96,101,67,61,62,50,34,33,28,28,22,13,11,12,7,10,6,7,4,7,2,5,8,2,3,1,0,0,1,0,0,0,0,0,0,0,0,0,0,0,0,0,0,0,0,0,0,0,0,0,0,0,0,0,0,0
46.55,0,0,0,1,0,0,0,0,0,0,0,0,0,0,0,0,0,2,1,0,0,1,1,2,1,0,2,1,1,3,2,2,0,0,2,1,2,0,0,3,1,1,5,4,3,1,7,6,2,5,6,3,2,7,1,4,9,2,9,4,3,3,5,2,2,3,7,17,23,21,28,25,36,30,33,33,41,44,34,50,48,38,42,51,59,60,43,63,60,63,62,73,59,96,75,80,87,94,88,71,100,100,110,89,122,117,134,130,143,142,140,178,192,194,185,192,202,216,222,251,256,239,270,315,296,354,311,346,335,390,397,427,480,425,415,403,517,509,524,587,572,600,602,651,645,650,668,679,717,724,722,778,714,767,762,790,797,800,771,816,802,811,807,846,794,740,757,790,801,769,783,750,778,746,737,684,653,661,646,620,621,597,587,581,592,545,552,499,566,510,496,512,493,492,465,466,461,427,472,427,417,438,380,440,390,418,414,364,366,406,376,409,385,406,400,404,409,371,394,367,344,408,387,422,348,388,434,366,359,326,340,308,304,292,261,243,231,175,205,176,134,154,136,120,97,100,70,61,59,50,36,33,27,28,23,14,11,12,8,9,6,7,4,7,2,5,7,2,3,1,0,0,1,0,0,0,0,0,0,0,0,0,0,0,0,0,0,0,0,0,0,0,0,0,0,0,0,0,0,0
46.65,0,0,0,0,0,0,0,0,0,0,0,0,2,0,0,0,0,2,0,0,1,2,2,1,1,0,1,3,3,0,1,0,1,2,1,2,0,1,0,1,0,3,5,1,1,1,6,6,3,6,5,3,1,6,4,5,1,7,6,4,5,2,7,5,7,1,4,28,25,27,26,33,33,24,24,26,33,41,44,38,42,36,38,47,67,36,48,47,71,64,74,72,59,76,88,93,71,70,96,96,100,96,89,124,114,142,118,155,133,130,158,157,150,176,191,182,222,222,233,256,286,262,253,288,321,321,336,311,358,376,402,400,427,393,441,409,523,549,537,542,576,597,597,607,615,668,645,659,701,738,745,764,740,749,755,808,779,803,824,755,770,803,779,803,821,769,768,807,773,776,820,764,784,739,729,709,676,666,634,595,620,629,562,603,571,534,557,491,554,507,505,497,489,467,477,461,458,427,456,438,405,427,410,426,402,420,404,344,367,416,371,405,403,405,385,401,400,376,402,366,349,404,389,419,350,395,437,370,370,321,340,312,302,293,258,244,228,183,203,178,131,156,132,122,99,100,70,60,58,50,36,35,25,27,22,13,12,12,9,10,6,7,4,7,2,5,7,2,3,1,0,0,1,0,0,0,0,0,0,0,0,0,0,0,0,0,0,0,0,0,0,0,0,0,0,0,0,0,0,0
46.75,2,1,0,1,1,0,0,0,0,0,1,0,0,1,0,1,0,0,0,0,2,1,1,0,0,0,0,0,1,0,1,3,1,1,0,3,2,2,2,0,1,0,9,1,4,3,4,4,4,5,3,3,3,3,6,1,2,1,1,5,4,5,4,9,3,3,3,22,27,23,21,25,33,31,35,30,29,42,31,39,41,32,49,42,47,44,48,62,54,49,56,52,52,71,73,63,68,80,103,80,93,99,96,106,102,126,142,145,147,141,164,163,173,173,185,205,210,218,211,230,264,276,290,287,344,330,329,333,383,356,395,416,431,464,473,483,468,520,530,570,543,586,586,588,674,639,670,703,709,778,706,748,823,753,747,784,763,801,811,776,786,798,770,797,778,767,767,827,749,790,807,777,783,730,668,697,683,652,648,617,617,629,569,611,555,533,543,515,542,517,509,475,494,481,482,441,442,433,455,453,410,427,411,420,414,410,400,339,366,407,387,395,416,396,373,408,398,368,403,374,341,407,388,412,346,399,436,371,370,318,337,314,295,293,255,236,223,185,209,176,133,153,132,120,102,97,68,60,59,49,38,34,25,27,22,14,11,11,9,8,6,7,4,6,3,5,7,2,3,1,0,0,1,0,0,0,0,0,0,0,0,0,0,0,0,0,0,0,0,0,0,0,0,0,0,0,0,0,0,0
46.85,1,0,0,0,0,0,0,1,2,0,0,0,0,0,0,0,0,0,1,0,1,1,1,0,0,0,1,1,0,3,0,1,1,1,1,1,1,3,1,5,1,0,2,4,3,2,5,3,2,7,2,4,2,3,2,4,6,7,5,2,5,1,2,4,3,5,7,13,28,26,27,32,30,35,30,42,41,29,41,37,44,34,48,47,47,56,60,70,56,59,57,71,66,71,86,74,92,104,95,94,108,126,109,122,117,111,129,156,147,148,161,173,184,195,165,210,220,244,242,232,260,276,287,275,291,341,341,341,345,362,381,399,428,448,462,516,535,570,540,526,616,618,639,652,597,644,670,703,714,750,769,740,807,763,775,714,762,785,811,847,766,771,825,727,785,793,754,759,770,762,722,714,724,724,680,716,670,649,676,620,608,597,600,593,550,522,546,510,527,517,510,481,483,470,490,428,418,440,475,451,386,434,427,406,414,417,391,332,373,399,391,389,431,394,369,405,396,354,412,377,338,406,399,409,350,395,435,369,370,323,333,315,296,296,259,234,223,185,211,176,133,151,133,119,99,101,68,60,57,50,38,34,25,27,21,15,11,10,9,8,6,8,3,6,3,5,6,2,3,1,0,0,1,0,0,0,0,0,0,0,0,0,0,0,0,0,0,0,0,0,0,0,0,0,0,0,0,0,0,0
46.95,0,0,0,0,0,0,0,1,0,1,0,0,0,0,0,0,1,0,0,1,0,1,1,2,2,1,2,1,0,2,0,0,2,2,3,1,4,3,2,1,3,1,3,2,2,5,7,3,2,3,4,3,3,3,1,3,2,3,2,5,4,2,4,7,4,3,6,13,14,18,36,37,29,35,46,35,27,39,28,32,38,37,37,46,42,49,57,53,52,67,66,64,73,76,65,84,88,81,96,86,97,120,110,111,124,133,125,123,128,150,174,155,173,151,200,178,190,220,264,244,232,236,263,282,286,320,319,369,360,425,419,450,435,465,456,546,533,476,548,589,615,611,627,608,641,688,682,675,713,735,745,773,748,801,729,762,758,778,758,760,736,761,743,811,752,836,813,747,781,722,715,720,694,714,681,715,642,669,645,587,593,576,630,598,568,534,529,514,515,504,512,488,482,470,485,451,409,449,475,442,385,420,427,407,406,421,392,333,374,414,392,390,423,406,374,402,383,360,412,373,340,411,393,407,349,394,435,369,377,326,333,309,293,298,261,235,223,183,212,174,132,154,127,119,100,101,69,59,59,49,38,34,25,26,21,15,11,10,9,8,6,8,2,6,3,4,7,2,3,1,0,0,1,0,0,0,0,0,0,0,0,0,0,0,0,0,0,0,0,0,0,0,0,0,0,0,0,0,0,0
47.05,1,2,0,0,1,0,0,0,0,0,1,0,0,0,0,0,1,3,1,1,0,1,1,2,1,2,1,1,0,2,0,1,2,1,2,2,1,1,1,4,4,3,4,3,9,5,3,3,3,1,3,3,6,8,6,5,6,6,4,7,8,4,2,3,7,6,7,17,21,33,26,21,33,25,29,33,26,35,50,38,30,57,45,35,45,52,47,57,58,69,43,65,64,67,70,90,100,88,107,110,90,104,100,101,111,121,139,130,125,143,158,150,163,160,194,192,213,233,209,239,245,241,261,256,299,309,306,372,377,384,402,395,438,466,436,496,528,489,537,570,517,613,603,613,669,694,677,721,754,725,721,749,786,781,820,767,774,752,800,772,791,765,733,754,851,776,779,767,769,726,739,712,707,679,688,706,653,652,676,597,575,580,637,571,555,548,528,506,511,504,545,474,484,476,489,441,412,428,473,434,400,418,429,407,403,419,396,343,374,411,386,398,423,405,372,388,394,367,406,361,348,410,394,410,340,398,432,367,378,325,332,302,296,298,269,239,223,183,210,175,133,149,126,121,98,98,70,60,59,49,39,33,24,26,21,15,11,10,9,8,6,8,2,6,3,4,7,2,3,1,0,0,1,0,0,0,0,0,0,0,0,0,0,0,0,0,0,0,0,0,0,0,0,0,0,0,0,0,0,0
47.15,0,0,0,0,1,0,0,0,0,0,0,1,0,0,1,0,0,1,1,0,0,1,1,1,1,3,0,2,2,0,2,1,1,3,1,4,3,1,1,2,3,3,4,4,3,6,7,0,3,3,4,7,3,6,4,3,4,5,2,1,6,4,4,2,5,4,5,19,25,32,26,26,30,26,39,33,32,26,39,44,31,46,46,51,46,39,56,45,56,72,56,60,66,80,72,72,87,96,95,96,90,95,90,100,112,127,144,129,148,152,165,165,185,190,172,182,220,241,240,230,237,295,282,289,296,308,300,335,358,390,440,436,395,426,501,459,514,522,557,580,595,607,608,655,681,675,703,678,712,684,712,768,752,739,786,845,770,789,782,774,758,805,774,757,783,816,755,821,820,775,713,727,702,686,679,675,661,671,661,628,580,590,616,570,542,543,536,525,518,495,546,484,489,474,465,439,402,426,467,433,407,431,420,393,409,415,404,347,369,409,385,407,412,399,379,393,391,372,401,364,344,413,397,410,351,396,432,364,385,325,335,302,295,298,268,236,219,186,210,170,131,149,124,122,98,98,68,59,58,49,41,32,24,26,21,15,11,10,9,8,6,8,2,6,3,4,7,2,3,1,0,0,1,0,0,0,0,0,0,0,0,0,0,0,0,0,0,0,0,0,0,0,0,0,0,0,0,0,0,0
47.25,0,0,0,0,0,0,0,0,0,0,0,1,0,0,0,1,0,0,0,0,0,2,2,0,3,0,0,1,0,0,0,3,1,2,2,1,4,4,1,2,1,1,3,4,0,4,3,3,3,5,5,4,5,2,3,5,4,5,7,7,3,3,6,4,4,3,4,12,18,27,34,23,26,30,36,31,30,34,44,35,40,46,43,40,45,48,63,34,63,59,58,54,57,75,69,63,77,86,83,89,97,90,96,99,115,151,129,124,153,160,158,157,164,176,197,172,209,235,206,245,255,244,278,274,317,333,346,325,381,364,400,428,436,437,471,500,522,505,520,569,552,589,632,638,610,694,686,688,706,750,663,749,740,790,784,805,794,770,790,779,761,761,773,744,781,794,775,844,753,781,696,752,660,699,690,677,669,677,649,635,603,603,612,608,548,543,530,534,501,502,523,496,475,475,473,454,422,416,448,432,387,424,405,408,388,422,405,342,366,398,392,408,411,391,376,387,386,362,398,361,345,407,392,412,359,396,425,353,383,328,331,304,296,293,267,238,220,193,205,173,134,151,124,122,98,98,71,57,57,49,42,32,25,25,21,15,11,10,9,8,6,8,2,6,3,4,7,2,3,1,0,0,1,0,0,0,0,0,0,0,0,0,0,0,0,0,0,0,0,0,0,0,0,0,0,0,0,0,0,0
47.35,0,0,0,0,0,0,0,0,0,1,0,0,0,1,0,1,1,1,1,1,0,0,0,2,3,0,0,1,3,1,0,1,0,2,2,3,0,1,0,1,5,1,1,3,2,1,1,3,6,6,4,7,0,2,3,4,3,3,5,9,3,5,7,3,6,5,5,19,26,22,23,39,38,47,46,35,34,36,45,38,41,37,44,50,44,53,64,66,65,58,56,65,66,66,93,77,88,74,89,115,87,122,114,93,139,135,127,138,138,151,140,178,160,181,203,176,192,227,239,251,276,231,264,299,319,348,317,328,387,353,365,389,443,444,494,481,490,511,541,589,640,631,602,616,643,668,682,702,685,756,705,769,736,757,840,773,776,748,765,804,778,734,735,766,785,796,785,810,759,783,661,688,694,686,697,686,661,648,647,629,591,584,617,606,570,542,537,529,513,494,503,501,464,496,467,444,407,437,446,428,403,427,411,402,391,440,387,332,369,392,385,404,400,387,374,379,391,374,400,357,350,414,387,399,360,399,415,353,379,329,333,303,298,293,264,247,218,197,202,175,131,153,123,121,99,97,68,57,58,47,41,32,24,25,21,15,11,10,8,8,6,8,2,5,4,4,7,2,3,1,0,0,1,0,0,0,0,0,0,0,0,0,0,0,0,0,0,0,0,0,0,0,0,0,0,0,0,0,0,0
47.45,0,0,0,0,0,0,0,0,0,0,0,2,0,0,0,1,0,0,0,1,1,0,0,2,0,1,1,0,2,1,1,3,1,1,1,0,2,3,1,4,1,3,3,3,2,2,6,2,2,5,2,2,1,2,3,4,3,4,2,3,3,3,9,3,3,0,6,14,27,18,24,33,30,36,31,34,31,31,36,32,34,39,49,58,46,55,46,52,63,60,66,68,70,74,85,66,71,84,93,92,97,99,98,124,105,120,132,122,154,153,178,170,165,195,200,211,208,220,199,268,307,246,285,306,313,348,344,341,383,370,388,427,383,487,481,443,516,529,503,585,557,582,646,628,589,636,653,690,698,756,774,743,738,750,787,769,781,744,783,801,780,769,710,763,770,764,835,772,741,738,740,701,680,691,717,659,673,661,614,601,598,597,625,570,575,555,517,540,512,503,525,526,461,471,442,445,421,444,431,438,390,439,422,396,402,449,392,331,376,386,380,401,401,378,374,367,390,369,400,350,348,407,387,393,360,391,415,350,383,335,332,304,299,291,265,245,215,195,203,173,129,153,123,120,99,96,68,57,58,47,41,32,25,25,21,15,11,10,8,7,6,8,2,5,4,4,7,2,3,1,0,0,1,0,0,0,0,0,0,0,0,0,0,0,0,0,0,0,0,0,0,0,0,0,0,0,0,0,0,0
47.55,0,1,0,2,0,0,0,0,0,0,0,0,1,1,0,1,2,0,0,0,1,0,2,1,1,1,1,0,1,4,2,2,1,1,2,2,3,3,0,0,2,2,3,2,4,5,5,3,5,4,4,2,6,1,4,4,6,5,1,2,8,5,4,5,5,8,5,16,25,19,34,26,30,30,32,37,39,27,38,46,51,39,45,42,58,59,52,57,58,50,76,52,70,75,87,92,68,91,94,99,105,94,111,99,129,114,132,148,156,136,148,163,166,183,177,193,223,268,225,246,255,250,275,304,289,306,342,333,337,364,395,402,418,451,444,482,494,485,530,536,536,583,614,605,656,705,690,700,758,681,731,720,757,742,771,763,770,825,764,768,853,782,751,831,719,770,835,790,722,758,728,732,690,699,676,683,689,644,586,614,572,600,622,586,568,545,516,523,545,505,497,543,435,475,446,447,434,456,426,457,389,431,418,392,407,454,375,339,375,391,382,404,422,368,376,363,390,371,397,360,352,415,387,389,365,384,413,351,379,345,321,304,303,287,267,246,211,194,202,168,134,151,121,121,96,98,68,57,60,44,40,32,25,25,20,15,11,10,8,6,6,7,3,5,4,4,7,2,3,1,0,0,1,0,0,0,0,0,0,0,0,0,0,0,0,0,0,0,0,0,0,0,0,0,0,0,0,0,0,0
47.65,1,0,0,0,0,0,1,0,1,0,1,0,0,0,1,1,1,1,1,0,0,0,1,3,1,1,1,2,0,1,2,1,1,0,2,2,4,1,0,4,1,1,4,2,0,2,3,5,7,8,1,9,6,3,1,6,5,2,4,3,4,5,2,1,7,3,4,15,29,20,18,16,28,40,28,36,23,42,27,48,45,34,39,44,35,51,54,60,50,51,75,88,79,75,70,63,83,95,82,87,89,85,117,110,122,115,128,117,144,156,157,147,154,170,182,192,180,217,218,244,253,257,278,286,321,305,318,350,344,401,380,392,412,468,433,466,466,514,513,522,570,590,637,651,635,716,680,696,687,724,757,705,694,737,757,771,768,762,765,806,757,801,761,780,755,803,789,806,744,714,704,741,681,673,677,738,682,662,566,634,575,610,607,571,541,530,542,498,523,507,514,516,448,469,450,462,440,454,441,448,405,420,434,389,401,441,385,347,369,392,379,395,420,374,384,362,392,375,394,346,358,406,396,387,356,386,406,351,376,346,323,309,307,287,265,250,204,191,208,166,136,148,122,118,96,97,64,58,58,44,40,32,24,25,20,15,10,11,8,6,6,7,3,5,4,4,7,2,3,1,0,0,1,0,0,0,0,0,0,0,0,0,0,0,0,0,0,0,0,0,0,0,0,0,0,0,0,0,0,0
47.75,0,0,0,0,0,1,0,0,0,1,0,2,2,1,1,2,0,0,0,1,1,3,1,1,1,0,2,4,2,1,0,2,4,2,2,2,4,2,2,0,1,1,5,2,7,4,7,3,4,6,9,3,3,3,4,2,6,8,2,6,5,2,1,4,4,4,6,15,26,27,18,33,28,33,44,43,47,39,36,39,35,41,37,57,44,46,61,51,43,51,49,52,64,56,76,77,82,92,100,85,111,129,111,117,121,122,110,129,151,151,159,158,160,176,192,224,191,192,208,229,225,239,252,288,324,326,351,335,359,384,406,421,426,399,435,442,499,507,547,559,621,574,627,662,634,650,654,667,687,690,730,690,692,714,777,723,765,806,755,760,768,819,779,781,770,788,760,748,742,716,738,687,697,665,702,695,702,667,602,670,586,572,590,562,540,530,525,497,532,491,477,514,441,468,440,452,451,467,432,432,421,416,437,389,394,436,377,358,363,392,377,391,416,375,374,369,390,372,394,356,351,414,396,392,344,385,405,354,372,345,322,307,304,292,264,250,204,195,206,163,135,151,122,117,98,97,62,56,58,43,38,33,24,27,20,15,10,11,8,6,7,7,3,5,4,4,7,1,3,1,0,0,1,0,0,0,0,0,0,0,0,0,0,0,0,0,0,0,0,0,0,0,0,0,0,0,0,0,0,0
47.85,0,0,0,0,0,0,1,0,1,0,1,0,0,0,0,0,1,0,0,2,0,2,0,0,2,0,0,0,1,0,0,2,1,2,2,3,4,2,3,3,5,1,5,4,2,3,7,4,4,2,2,1,3,4,6,5,6,4,2,3,2,3,2,4,4,2,4,15,20,20,17,33,36,33,32,39,40,32,28,45,42,37,28,40,56,46,55,44,49,62,69,72,62,51,73,64,63,74,98,93,92,103,103,109,121,124,117,123,137,142,166,179,158,166,201,192,226,226,237,231,245,262,268,282,266,300,293,365,360,400,394,381,370,453,480,512,521,540,565,589,562,599,630,594,603,605,673,669,658,710,718,663,715,708,769,791,761,798,802,772,763,767,796,781,791,748,751,745,754,708,782,693,692,684,692,694,701,663,611,641,604,589,563,559,530,510,544,486,521,495,481,508,434,482,430,442,451,454,426,428,417,432,443,385,388,421,354,359,363,383,380,384,414,384,372,366,394,366,394,355,354,416,398,396,344,390,395,359,369,349,322,311,303,290,259,247,204,197,203,163,130,149,120,117,97,97,62,55,60,43,37,34,24,26,21,15,10,10,8,6,7,7,3,5,4,4,7,1,3,1,0,0,1,0,0,0,0,0,0,0,0,0,0,0,0,0,0,0,0,0,0,0,0,0,0,0,0,0,0,0
47.95,0,0,0,0,0,0,0,1,0,0,0,1,0,0,0,1,0,1,0,0,1,1,1,1,1,0,1,0,3,2,1,2,0,1,1,2,1,3,1,3,1,5,0,5,2,3,2,3,3,1,4,9,4,3,2,3,6,3,4,6,1,3,3,1,3,5,5,18,21,22,28,25,35,25,32,34,25,28,39,37,43,28,37,44,44,41,49,47,69,58,73,65,72,72,70,77,73,83,99,105,106,103,109,107,120,114,119,134,144,156,177,151,169,178,174,171,205,207,239,262,233,269,240,274,297,346,309,357,362,368,413,419,449,426,470,510,499,466,533,524,556,591,590,602,613,629,674,675,642,699,706,706,696,751,740,732,766,786,764,746,765,763,778,778,748,733,737,800,756,729,726,675,735,678,683,676,704,679,576,626,554,628,556,548,525,514,543,514,482,489,465,488,456,481,440,433,438,447,427,420,431,423,434,396,392,429,363,363,364,390,382,389,413,387,378,360,377,378,404,358,360,417,390,394,339,393,392,357,371,348,321,311,299,289,256,249,202,195,205,160,130,146,124,118,96,96,63,52,58,43,36,31,24,26,21,15,11,10,8,6,7,6,3,5,4,4,7,1,3,1,0,0,1,0,0,0,0,0,0,0,0,0,0,0,0,0,0,0,0,0,0,0,0,0,0,0,0,0,0,0
48.05,0,0,2,0,0,0,0,0,0,0,1,0,1,0,1,1,1,1,0,1,0,1,1,2,1,1,1,0,0,1,2,0,2,3,2,2,0,6,2,4,1,5,0,3,5,1,0,4,3,4,3,6,2,3,5,3,2,3,6,4,4,4,2,6,2,2,6,12,21,24,33,28,24,34,25,48,30,30,32,51,34,38,41,52,52,47,46,47,49,57,56,77,62,70,86,82,79,73,79,102,88,106,105,106,114,119,107,117,132,153,159,174,186,147,204,199,228,184,227,261,272,256,286,298,306,354,325,358,370,364,401,425,433,440,448,471,493,455,556,541,523,579,578,606,671,644,640,659,678,712,652,735,746,719,748,710,758,771,791,754,811,786,754,791,728,727,755,730,758,735,689,708,714,699,669,669,663,639,584,589,550,633,575,528,530,528,532,518,504,496,460,492,459,485,455,435,430,432,433,409,440,409,436,393,387,420,365,362,362,387,386,395,409,395,378,361,378,376,405,359,372,409,396,388,342,395,389,357,371,348,320,314,293,282,256,246,205,195,205,157,130,147,125,116,97,93,62,52,59,43,37,31,24,26,22,15,11,10,8,6,7,5,4,4,4,4,7,1,3,1,0,0,1,0,0,0,0,0,0,0,0,0,0,0,0,0,0,0,0,0,0,0,0,0,0,0,0,0,0,0
48.15,0,1,0,0,0,0,0,0,0,1,0,1,0,0,0,1,0,0,1,0,0,0,2,1,1,1,0,2,3,1,2,1,1,3,0,1,3,3,0,3,2,4,2,4,2,7,1,2,1,5,2,5,3,2,1,1,10,6,4,3,6,1,3,2,2,1,4,13,23,25,34,22,24,37,16,32,30,34,36,36,38,47,38,49,46,56,48,65,53,67,72,63,71,74,74,62,76,81,104,93,116,96,91,128,116,124,131,152,130,140,172,148,158,179,188,199,214,205,214,223,239,272,301,302,275,295,300,362,325,359,391,353,437,454,503,485,500,486,523,540,559,576,602,560,609,624,662,659,679,766,712,735,704,781,794,782,758,749,769,846,801,744,761,773,748,727,697,793,733,739,685,687,680,662,695,670,652,589,602,578,558,596,578,516,556,551,505,526,508,486,468,504,457,476,454,460,448,418,429,402,426,408,426,394,391,425,354,361,355,389,391,390,420,390,385,360,383,379,399,360,372,399,401,396,339,395,382,359,367,349,320,316,291,280,255,249,193,198,205,152,133,147,124,114,96,93,62,55,59,43,35,32,24,27,22,13,11,10,8,6,6,5,4,4,4,4,6,1,3,1,0,0,1,0,0,0,0,0,0,0,0,0,0,0,0,0,0,0,0,0,0,0,0,0,0,0,0,0,0,0
48.25,0,0,0,0,0,0,0,1,0,0,0,0,0,1,0,1,0,1,0,0,0,1,3,0,0,2,0,1,0,0,0,1,1,4,1,5,2,2,3,5,2,1,2,3,8,1,1,3,3,3,5,6,6,8,3,2,4,6,5,2,3,6,6,5,3,4,5,14,17,19,29,37,22,29,40,44,34,34,38,37,41,35,39,32,36,37,46,51,52,48,58,75,58,61,67,83,81,90,95,87,100,94,87,111,113,102,131,115,144,140,136,151,153,169,167,199,176,201,194,245,238,230,249,284,321,314,322,320,335,359,373,380,411,434,429,475,528,507,539,559,556,586,561,616,590,652,661,621,691,693,690,725,713,769,772,737,798,723,793,855,751,805,756,797,793,744,722,743,721,729,697,680,724,654,716,655,615,576,590,606,575,565,586,516,538,530,537,524,515,472,479,492,443,471,434,452,432,412,420,390,426,413,410,392,383,428,352,369,352,389,388,398,417,389,380,363,376,380,395,367,375,394,399,382,345,395,383,357,368,345,318,318,294,277,257,250,188,199,205,154,128,148,123,115,93,92,64,54,59,44,35,32,24,24,22,13,11,10,8,6,6,5,4,4,4,4,6,1,3,1,0,0,1,0,0,0,0,0,0,0,0,0,0,0,0,0,0,0,0,0,0,0,0,0,0,0,0,0,0,0
48.35,0,0,0,1,0,0,0,0,0,0,0,1,0,0,0,0,0,0,0,0,0,0,1,2,0,0,1,2,0,3,0,1,0,2,1,1,3,2,1,0,2,3,3,4,3,4,3,3,2,3,2,5,3,4,5,4,3,1,4,3,4,3,6,2,5,1,4,7,16,19,24,25,28,31,37,42,35,49,40,37,38,35,50,43,43,60,48,56,72,65,70,61,80,80,83,76,74,101,89,85,87,111,114,104,119,124,114,132,165,133,153,181,167,170,209,186,195,201,240,232,232,252,299,280,275,313,327,362,357,351,412,402,429,388,432,463,458,493,535,502,561,624,607,603,645,651,627,675,681,653,680,678,789,738,698,770,767,769,801,780,827,794,818,794,790,716,698,752,721,661,699,748,665,690,682,649,627,610,602,613,566,537,585,509,527,548,559,538,509,452,492,488,440,469,446,449,408,419,417,387,421,420,411,391,391,426,350,367,357,379,386,388,410,392,368,363,386,380,377,373,376,397,401,377,349,399,383,354,362,344,320,317,296,281,257,247,188,203,206,151,129,146,125,113,93,90,65,52,58,45,36,31,23,24,22,13,11,9,9,5,6,8,4,4,4,4,6,1,3,1,0,0,1,0,0,0,0,0,0,0,0,0,0,0,0,0,0,0,0,0,0,0,0,0,0,0,0,0,0,0
48.45,0,0,2,1,2,0,0,0,1,0,0,1,0,0,0,0,0,1,0,0,0,0,3,0,1,0,1,1,2,0,0,1,2,0,3,1,1,4,3,1,2,3,4,1,1,2,3,1,5,3,6,6,5,4,5,4,7,4,9,4,2,8,2,4,4,5,6,15,25,33,43,33,35,40,33,22,36,34,40,43,39,36,44,44,58,51,43,56,64,59,66,58,62,86,93,73,91,85,101,89,100,118,100,114,114,130,134,144,144,157,159,195,143,201,187,221,204,202,238,244,259,252,300,302,322,327,343,361,348,375,407,391,434,437,492,477,469,552,513,548,583,594,593,580,647,634,635,689,646,704,725,729,676,731,761,703,752,767,779,792,840,779,771,784,761,757,773,729,693,687,703,707,679,685,651,653,609,619,608,612,590,574,538,530,523,551,554,551,504,434,481,475,453,474,441,454,399,418,405,378,426,428,412,397,365,415,351,373,362,388,394,380,409,391,372,360,383,378,370,374,394,386,391,379,349,410,372,360,361,340,321,321,296,285,257,244,186,201,209,153,131,144,124,113,94,88,65,52,55,45,35,31,22,24,22,13,11,9,9,5,6,8,3,5,4,4,5,1,3,1,0,0,1,0,0,0,0,0,0,0,0,0,0,0,0,0,0,0,0,0,0,0,0,0,0,0,0,0,0,0
48.55,0,0,0,0,0,0,0,0,1,0,0,0,0,0,0,0,0,0,0,1,1,1,0,0,0,1,1,0,2,1,1,0,0,0,0,2,1,2,2,3,2,7,2,4,4,4,5,0,4,6,3,5,5,7,7,3,2,3,4,3,3,2,4,3,5,4,13,17,17,26,30,35,31,29,36,37,34,34,42,32,45,45,47,45,48,51,50,46,52,61,63,79,85,75,71,74,77,85,79,94,95,97,116,141,113,109,103,131,133,137,122,160,144,162,189,191,208,239,204,222,253,253,261,283,293,316,320,312,386,369,390,424,426,432,417,507,500,502,518,546,548,595,655,609,614,680,641,631,720,685,707,689,732,747,712,793,787,764,762,792,770,803,766,777,727,768,817,736,690,676,683,708,697,701,658,613,602,629,635,606,590,573,532,542,528,538,562,522,516,447,461,463,444,486,431,469,383,421,405,364,436,428,425,403,359,408,360,369,368,387,391,385,421,379,375,368,386,384,364,372,395,390,387,370,353,411,371,363,355,342,321,329,292,282,258,245,186,201,207,155,130,145,123,111,94,89,64,52,54,45,36,31,22,24,22,13,11,9,9,5,6,8,3,5,4,4,5,1,3,1,0,0,1,0,0,0,0,0,0,0,0,0,0,0,0,0,0,0,0,0,0,0,0,0,0,0,0,0,0,0
48.65,0,0,0,1,0,0,0,1,0,0,0,1,1,0,0,0,0,1,0,0,0,1,1,1,0,0,0,4,0,2,2,0,0,1,0,2,2,0,2,2,3,4,9,2,4,2,5,5,5,8,4,7,4,6,4,3,3,3,2,6,3,4,1,10,2,2,4,15,19,19,26,26,40,31,28,33,29,36,36,47,48,41,42,38,53,44,49,48,61,48,72,54,72,92,73,94,84,68,86,103,107,95,140,120,113,109,139,140,141,150,179,151,156,185,186,185,216,214,225,256,242,286,275,321,309,297,341,347,333,354,382,402,370,412,438,450,494,511,500,528,535,582,560,610,625,662,694,742,722,709,695,724,715,726,726,747,774,741,745,762,787,828,752,741,738,785,754,710,753,714,697,667,702,702,654,601,598,655,610,619,603,570,565,577,507,547,556,535,505,468,453,438,457,455,431,460,377,427,392,360,453,423,427,393,366,400,350,366,385,386,379,383,417,380,388,356,386,386,362,383,389,395,390,373,353,404,373,363,357,343,313,323,294,279,257,242,187,204,209,153,129,143,121,111,94,88,66,52,54,45,36,30,23,24,22,13,11,9,9,5,6,8,3,5,4,4,6,1,3,1,0,0,1,0,0,0,0,0,0,0,0,0,0,0,0,0,0,0,0,0,0,0,0,0,0,0,0,0,0,0
48.75,0,0,0,0,0,0,1,0,0,0,1,0,0,1,0,0,0,0,0,2,1,0,0,0,0,6,0,1,2,1,1,2,0,3,3,2,4,2,3,1,2,2,3,1,1,2,3,3,4,4,4,4,3,6,1,1,6,2,3,5,3,1,4,7,0,2,4,11,24,20,32,20,28,35,27,31,37,41,48,36,42,42,47,55,35,51,51,52,57,69,63,74,71,83,75,77,75,85,95,93,89,107,101,114,106,146,123,133,124,149,162,167,177,189,177,212,215,237,229,225,251,254,277,297,252,287,304,311,329,372,378,402,402,451,443,461,502,501,504,543,525,605,554,625,655,665,707,680,683,726,744,677,697,760,722,760,734,779,755,788,723,796,768,743,747,769,760,686,714,736,710,660,729,712,659,627,613,661,602,613,623,589,595,562,523,565,571,514,490,464,452,431,471,440,430,460,393,420,393,366,442,440,416,380,361,395,355,365,375,376,386,375,415,378,374,358,392,383,368,375,390,399,385,371,346,408,369,359,363,343,301,321,291,282,253,240,188,206,207,155,129,146,121,108,93,89,63,52,54,45,37,29,23,24,22,11,11,9,9,5,6,8,3,5,4,4,6,1,3,1,0,0,1,0,0,0,0,0,0,0,0,0,0,0,0,0,0,0,0,0,0,0,0,0,0,0,0,0,0,0
48.85,0,0,0,0,0,0,1,0,0,1,0,0,0,0,0,0,0,2,1,0,1,1,0,2,1,0,2,0,1,0,0,2,4,2,3,2,2,1,4,1,4,0,2,3,1,3,7,6,6,5,5,1,5,2,4,6,5,5,6,3,5,5,5,5,3,4,3,19,20,22,24,34,20,36,31,37,28,25,47,34,42,51,51,49,58,47,51,55,63,58,61,65,75,80,86,79,92,98,84,86,94,109,118,108,108,107,120,130,133,133,153,155,159,171,201,199,228,238,221,247,243,250,281,322,292,324,314,300,372,363,388,381,438,396,450,483,501,518,518,550,588,574,613,665,647,654,604,664,749,709,719,693,730,723,754,721,710,801,771,749,760,759,777,750,772,736,788,703,678,716,708,671,709,701,678,635,581,610,622,604,625,612,566,579,507,552,542,519,494,457,431,446,462,456,439,447,393,421,406,365,436,443,409,375,374,407,363,359,384,374,388,374,420,377,383,353,389,376,380,375,391,392,393,365,356,411,370,363,365,343,302,317,290,283,251,238,194,207,208,154,126,143,121,107,94,89,63,54,55,42,37,28,22,23,23,11,10,9,9,5,6,8,3,5,4,4,6,1,3,1,0,0,1,0,0,0,0,0,0,0,0,0,0,0,0,0,0,0,0,0,0,0,0,0,0,0,0,0,0,0
48.95,0,0,1,1,1,1,2,1,1,0,1,4,0,0,1,0,2,1,0,0,0,4,1,2,0,0,0,0,1,2,1,2,1,1,1,0,1,3,2,2,2,4,5,2,5,6,3,7,3,4,11,3,3,5,2,2,6,5,3,9,5,4,5,3,7,3,1,22,28,21,23,25,34,32,36,30,34,42,46,43,44,49,39,54,56,58,57,62,51,73,64,57,73,73,60,76,74,71,71,107,97,90,100,99,104,111,124,115,127,128,186,185,182,142,178,170,214,209,220,234,252,264,263,312,315,333,313,362,339,385,389,392,438,448,452,478,484,523,517,579,603,627,590,559,628,676,659,688,689,706,716,729,714,720,709,779,815,749,750,785,745,726,745,788,768,766,727,746,674,709,711,704,700,680,672,659,571,581,643,614,613,575,584,575,537,548,498,510,482,451,458,450,448,443,450,455,399,399,407,372,454,450,400,365,387,415,368,369,399,382,390,378,414,379,387,351,389,369,379,372,392,402,391,364,358,395,374,363,365,342,306,314,293,277,251,240,192,206,208,155,125,141,122,107,93,90,62,54,56,40,38,28,22,23,23,13,11,9,9,4,6,8,3,5,4,4,6,1,3,1,0,0,1,0,0,0,0,0,0,0,0,0,0,0,0,0,0,0,0,0,0,0,0,0,0,0,0,0,0,0
49.05,0,0,0,0,0,0,1,0,0,0,1,1,0,1,0,1,2,1,0,0,0,0,1,2,1,1,0,2,0,1,2,2,0,4,3,1,1,0,1,1,9,1,4,2,5,4,1,3,5,3,4,3,5,3,6,3,4,6,4,3,5,4,3,4,3,3,8,9,29,26,25,21,38,34,30,40,26,42,23,33,32,52,49,46,51,50,61,53,52,54,58,71,57,75,62,72,94,86,93,74,89,106,105,123,97,102,153,159,139,138,159,149,162,190,178,197,207,201,235,239,250,255,263,287,310,345,345,329,350,390,372,402,418,426,421,444,511,495,524,571,603,593,634,626,628,643,628,703,673,647,687,709,701,724,764,718,768,779,729,792,706,767,736,787,769,774,740,675,681,695,708,705,692,680,677,638,598,624,635,616,597,580,538,552,572,542,489,518,496,450,482,456,451,421,453,455,408,402,383,372,453,460,403,374,388,412,370,364,407,373,394,372,409,375,392,358,389,362,381,367,398,394,393,357,358,392,371,362,358,341,307,311,296,276,250,241,194,203,204,155,125,142,122,104,95,89,66,53,55,39,37,28,20,24,22,13,11,10,9,4,6,8,3,5,4,4,6,1,3,1,0,0,1,0,0,0,0,0,0,0,0,0,0,0,0,0,0,0,0,0,0,0,0,0,0,0,0,0,0,0
49.15,1,0,0,0,1,0,0,0,0,1,0,0,0,0,0,0,2,0,1,1,0,0,3,1,0,0,3,0,0,1,1,1,0,2,1,2,3,2,1,3,1,3,2,1,1,2,3,1,9,4,8,3,4,3,2,8,2,7,2,2,2,3,1,4,3,1,2,13,25,30,22,38,38,43,28,36,33,35,28,33,51,30,40,53,51,55,46,52,52,48,73,45,62,77,59,76,73,89,64,98,116,91,99,94,122,127,131,125,126,130,162,172,183,186,197,210,191,201,218,236,262,224,266,268,290,300,312,345,378,398,386,418,433,425,481,479,481,502,503,536,548,577,599,632,635,661,634,646,690,697,698,666,713,745,792,797,776,766,718,768,707,776,752,755,782,755,724,703,707,715,733,746,669,708,712,671,585,608,653,598,601,592,537,544,548,552,479,522,481,457,488,433,440,440,465,464,397,400,382,388,436,444,410,355,384,410,374,362,388,387,391,375,402,378,384,358,398,363,379,369,388,392,380,370,361,389,374,360,354,345,304,312,295,277,246,237,198,203,206,154,126,145,122,103,96,89,65,53,55,39,38,27,20,24,22,13,11,10,9,4,6,8,3,5,4,3,6,1,3,1,0,0,1,0,0,0,0,0,0,0,0,0,0,0,0,0,0,0,0,0,0,0,0,0,0,0,0,0,0,0
49.25,0,0,0,0,0,0,0,0,0,0,1,0,0,0,0,0,1,1,2,0,0,2,0,0,2,1,1,1,2,1,1,2,4,1,2,3,6,3,2,2,1,3,3,1,5,4,2,1,2,5,6,6,5,5,3,2,4,3,3,5,7,4,7,2,5,3,8,12,20,19,22,23,27,27,44,38,34,39,43,35,46,36,41,45,43,62,69,50,64,72,66,68,63,75,72,87,71,87,87,98,83,96,110,107,111,114,137,145,139,151,157,169,174,201,188,184,226,242,231,205,226,241,295,277,311,308,287,350,356,366,354,394,391,423,440,488,511,506,536,555,549,548,564,600,618,613,648,654,672,725,690,741,737,806,807,785,748,746,815,771,747,838,769,771,743,745,695,722,749,693,726,745,682,689,688,683,589,605,641,574,587,597,539,562,515,547,476,521,471,438,499,416,439,447,456,463,421,388,373,399,427,446,420,351,404,410,365,359,385,392,388,385,405,378,379,369,391,356,385,367,384,392,383,375,354,385,373,365,354,346,305,305,303,272,244,236,200,201,206,151,127,145,124,100,96,90,64,52,54,40,38,27,21,23,22,12,12,10,9,4,6,8,3,5,3,3,6,1,3,1,0,0,1,0,0,0,0,0,0,0,0,0,0,0,0,0,0,0,0,0,0,0,0,0,0,0,0,0,0,0
49.35,0,0,0,0,0,0,0,0,1,0,0,1,0,0,0,0,1,0,0,0,0,0,1,2,0,0,1,0,3,3,0,0,1,1,0,2,3,1,5,4,6,0,3,3,2,3,2,7,3,1,3,0,3,5,2,2,1,8,5,3,5,1,1,4,3,3,5,13,22,28,25,33,28,30,38,24,40,39,49,36,42,48,39,56,44,56,45,64,54,52,78,52,57,79,83,73,75,79,84,98,87,93,99,93,127,131,122,144,172,150,140,177,181,186,193,185,221,211,216,254,232,269,261,308,316,311,332,336,351,389,397,394,457,423,465,498,514,486,534,560,567,596,599,581,619,637,661,651,662,672,733,766,745,769,796,807,710,779,803,750,749,759,803,700,769,751,733,751,721,679,763,725,693,670,658,648,621,608,619,586,575,597,559,557,544,531,456,541,490,464,483,409,471,458,445,465,425,380,379,396,423,439,424,363,402,400,361,361,391,391,373,393,404,368,369,383,392,367,388,362,381,394,390,374,360,382,369,368,352,346,307,308,305,273,243,240,193,204,206,153,127,143,123,99,98,89,65,50,55,40,39,26,21,23,22,12,12,10,9,4,6,8,3,6,3,3,6,1,3,1,0,0,1,0,0,0,0,0,0,0,0,0,0,0,0,0,0,0,0,0,0,0,0,0,0,0,0,0,0,0
49.45,0,0,0,0,0,1,2,0,1,1,1,0,0,1,0,0,0,1,2,0,0,0,0,0,1,0,1,0,1,0,0,1,0,0,1,3,1,1,2,3,4,2,3,5,0,4,4,3,2,3,3,4,4,5,6,3,5,6,0,5,4,7,6,6,8,2,4,21,17,28,24,25,24,24,31,35,39,41,40,35,53,37,48,37,50,51,66,49,52,58,65,49,73,81,71,79,80,107,83,84,101,94,100,94,102,114,120,111,119,155,148,157,164,176,178,183,242,189,247,238,272,245,277,282,280,311,331,334,367,402,370,398,398,472,428,478,478,553,547,564,609,576,588,585,625,675,694,690,671,654,728,728,706,733,734,755,761,769,753,783,765,738,812,771,727,721,710,712,771,691,721,685,663,663,652,661,620,603,633,592,578,569,570,552,554,534,486,526,508,462,474,434,490,437,442,466,410,398,376,402,419,426,407,369,393,400,350,380,386,391,386,383,404,368,373,379,390,371,394,363,380,400,394,370,358,384,373,366,349,351,313,306,305,274,248,233,196,199,205,158,125,144,124,97,98,90,65,50,55,40,39,25,21,23,22,13,11,10,9,4,6,8,3,6,2,4,6,1,3,1,0,0,1,0,0,0,0,0,0,0,0,0,0,0,0,0,0,0,0,0,0,0,0,0,0,0,0,0,0,0
49.55,0,1,0,1,0,1,0,0,0,0,1,0,0,0,2,0,1,0,1,0,0,1,0,0,2,1,0,1,0,1,0,0,0,0,1,0,1,2,2,0,6,1,2,4,3,4,3,8,1,5,5,5,1,3,4,5,6,2,1,3,3,5,6,2,4,1,10,14,20,23,34,25,29,30,31,30,40,34,34,39,35,37,50,39,40,54,52,58,56,59,55,59,62,70,87,77,84,87,90,86,111,85,96,108,112,121,134,124,139,152,180,150,164,165,163,222,213,201,211,229,245,267,259,282,326,319,358,335,356,370,411,370,430,423,464,489,536,512,538,532,568,586,584,626,671,587,699,696,704,700,693,703,707,735,721,738,816,777,733,783,772,724,760,740,724,714,734,728,733,741,745,660,721,619,648,653,626,595,656,606,567,564,559,562,551,514,470,504,496,463,457,449,470,428,454,444,418,399,361,400,412,435,407,364,408,395,350,379,378,384,380,395,391,372,370,369,384,374,395,372,371,398,402,371,361,379,376,365,342,349,315,308,304,275,249,235,195,200,204,157,124,146,123,97,98,90,67,49,55,38,38,25,21,23,22,11,11,10,9,4,6,8,3,6,2,4,5,1,3,1,0,0,1,0,0,0,0,0,0,0,0,0,0,0,0,0,0,0,0,0,0,0,0,0,0,0,0,0,0,0
49.65,0,1,0,0,0,0,0,1,0,1,0,1,0,0,0,1,0,0,2,1,1,0,0,1,3,0,0,2,1,2,0,0,0,1,0,2,4,3,5,2,2,3,3,4,7,2,4,4,1,4,5,2,3,6,3,6,3,5,4,4,6,4,7,4,2,2,5,4,27,40,30,27,32,29,36,37,33,29,25,34,37,33,38,60,46,44,42,54,60,58,64,63,63,79,65,76,84,71,81,98,107,109,108,109,120,120,103,128,146,151,135,159,164,189,181,180,191,194,186,230,244,225,274,262,291,303,333,347,335,352,385,439,385,441,460,472,473,480,493,584,551,585,613,633,632,671,647,695,668,706,674,662,747,729,693,733,758,740,793,722,793,808,697,776,720,704,746,765,726,744,689,673,705,639,597,651,593,588,616,605,563,544,560,556,512,514,482,497,486,462,447,457,452,429,450,435,416,396,363,417,400,430,409,373,400,387,344,371,379,376,381,388,401,371,376,363,375,381,388,368,370,401,396,372,367,376,371,364,343,354,309,310,293,275,247,234,199,198,209,159,125,145,121,98,98,88,66,49,56,38,38,25,21,23,21,12,11,10,8,4,6,8,3,6,2,4,5,1,2,1,0,0,1,0,0,0,0,0,0,0,0,0,0,0,0,0,0,0,0,0,0,0,0,0,0,0,0,0,0,0
49.75,0,0,0,0,0,0,0,1,0,0,0,0,1,2,1,0,0,0,0,0,0,0,2,0,0,0,0,0,1,1,1,3,2,1,1,2,1,3,0,3,5,4,2,4,6,6,9,2,6,8,7,4,4,6,7,6,6,1,5,3,0,7,5,1,5,5,1,14,17,31,22,25,33,36,34,32,27,32,34,40,41,47,40,48,44,44,53,38,63,69,71,70,64,62,68,88,80,86,95,95,101,101,129,101,128,125,109,142,148,165,142,133,186,155,195,209,216,203,215,243,238,241,263,285,306,301,349,338,339,355,414,370,388,415,475,468,499,552,541,523,522,603,577,604,631,655,640,707,681,687,700,695,697,701,761,720,752,752,681,766,813,809,729,752,705,744,714,747,699,755,678,664,708,619,619,609,642,568,614,607,545,578,568,545,540,499,462,508,492,464,431,475,471,414,446,421,413,377,356,409,409,412,430,374,398,388,350,369,381,379,375,392,408,368,367,376,371,382,378,369,374,395,393,369,376,385,363,361,346,356,310,314,291,274,247,230,207,198,206,162,126,144,119,103,97,86,68,46,57,38,38,24,21,23,21,11,11,10,8,4,6,8,3,6,2,4,5,1,2,1,0,0,1,0,0,0,0,0,0,0,0,0,0,0,0,0,0,0,0,0,0,0,0,0,0,0,0,0,0,0
49.85,0,1,0,0,0,0,0,2,0,0,1,0,1,0,1,0,0,0,0,0,0,1,0,1,0,0,0,1,1,1,2,2,3,1,1,2,3,2,2,1,1,7,3,4,3,4,2,5,2,7,3,3,1,5,2,2,0,2,4,4,3,6,8,8,3,3,3,15,20,33,26,24,41,29,37,28,30,30,34,33,39,38,42,44,37,63,48,55,42,47,54,73,71,68,72,99,100,85,98,110,104,84,112,111,116,131,111,113,138,145,154,137,180,176,184,208,219,216,199,188,254,246,256,273,305,338,321,350,375,350,399,426,425,454,491,457,484,528,551,521,591,620,590,614,642,645,705,626,655,716,732,693,679,693,731,746,693,744,750,772,792,799,805,744,766,675,747,735,741,719,698,704,680,637,619,606,672,579,602,626,546,570,558,566,527,492,481,489,467,507,437,468,485,421,445,405,413,393,342,400,420,419,408,377,409,392,359,370,370,391,374,380,407,367,367,369,365,388,384,362,389,390,396,359,371,383,363,363,348,360,311,313,294,274,242,225,211,196,208,160,119,143,119,99,98,87,66,45,57,38,37,23,21,24,22,11,10,10,8,4,6,8,3,6,2,4,5,1,2,1,0,0,1,0,0,0,0,0,0,0,0,0,0,0,0,0,0,0,0,0,0,0,0,0,0,0,0,0,0,0
49.95,0,0,0,0,0,0,0,0,0,0,1,0,0,1,0,2,0,1,0,1,0,1,0,0,0,1,2,2,0,2,0,3,2,0,3,2,1,1,3,4,1,2,1,4,6,7,2,9,7,5,9,0,6,4,2,8,1,5,6,1,2,4,2,4,3,4,5,12,17,25,32,38,33,25,32,27,48,29,28,42,31,39,51,50,41,55,48,46,54,54,62,76,75,62,66,81,65,100,68,82,103,99,101,101,119,113,134,123,114,155,153,124,189,175,170,197,185,194,208,254,248,258,253,271,319,315,366,333,386,407,379,405,407,450,456,448,496,521,474,533,557,582,649,586,596,661,602,636,713,700,706,634,731,694,698,712,752,774,756,769,751,768,839,766,766,763,743,675,729,710,652,693,678,633,606,603,658,609,615,617,576,586,545,554,520,457,493,478,482,495,436,466,472,432,442,409,419,396,335,407,398,426,418,384,400,398,346,366,372,400,364,388,398,365,367,364,365,381,386,365,390,389,391,358,362,386,358,369,347,361,307,314,296,271,241,229,207,196,209,161,119,143,116,99,97,87,65,46,57,38,38,23,20,24,25,12,10,10,8,4,6,8,3,6,2,3,5,1,3,1,0,0,1,0,0,0,0,0,0,0,0,0,0,0,0,0,0,0,0,0,0,0,0,0,0,0,0,0,0,0
50.05,0,1,0,0,1,0,0,1,1,0,0,0,1,0,0,1,0,0,2,0,0,2,1,1,0,1,0,1,0,2,2,0,3,2,2,2,1,0,2,3,1,5,2,5,3,4,4,3,4,8,3,5,2,3,4,4,4,4,5,1,2,2,3,2,3,4,6,12,13,24,31,23,13,28,37,42,39,25,44,32,43,40,45,32,44,57,44,48,64,54,49,57,70,70,91,81,74,70,88,91,89,92,112,103,121,131,133,136,156,133,160,162,178,155,174,186,211,201,237,217,244,243,281,284,320,317,318,377,335,355,387,381,407,399,470,463,467,514,512,552,560,536,603,591,599,645,631,714,684,662,697,687,734,714,720,707,726,736,752,803,718,778,764,774,766,750,756,732,731,664,630,673,677,638,626,600,640,605,604,594,594,572,536,559,552,463,510,485,476,503,437,451,465,411,430,401,403,385,369,405,408,422,424,395,398,384,341,363,377,392,360,394,391,374,362,359,363,383,385,366,384,389,389,354,365,385,359,365,346,360,307,310,297,275,242,227,203,194,214,160,120,144,116,99,95,86,66,45,59,38,38,23,20,24,23,12,10,10,8,4,6,8,3,6,2,3,5,1,3,1,0,0,1,0,0,0,0,0,0,0,0,0,0,0,0,0,0,0,0,0,0,0,0,0,0,0,0,0,0,0
50.15,1,1,0,0,1,0,0,0,0,0,0,1,0,1,1,3,0,1,0,1,1,0,1,1,1,2,3,1,2,2,1,0,2,2,0,4,1,4,2,1,3,3,3,1,4,2,7,3,2,4,3,3,6,1,2,5,2,2,1,2,1,2,5,1,4,3,2,17,16,20,27,20,25,31,35,28,44,30,38,36,36,42,47,46,47,49,55,54,61,41,67,62,66,65,74,83,75,91,83,107,101,97,97,99,108,111,144,133,152,162,149,146,154,166,170,191,215,193,214,229,249,288,239,298,272,324,284,340,349,371,376,459,445,427,454,490,469,499,533,485,509,565,554,584,589,660,643,694,668,652,731,728,722,722,713,726,751,734,753,774,737,761,776,777,732,744,722,745,687,701,643,671,678,628,619,633,606,652,581,579,581,546,545,541,571,490,508,479,441,482,434,449,457,398,427,419,398,375,379,405,415,424,445,392,390,377,337,354,382,388,358,403,392,366,358,357,367,381,386,366,385,383,391,357,357,377,359,366,350,362,309,308,298,276,244,226,205,196,214,162,117,146,117,98,97,84,66,46,58,33,38,23,20,25,22,12,10,10,8,5,6,8,3,6,2,3,4,1,3,1,0,0,1,0,0,0,0,0,0,0,0,0,0,0,0,0,0,0,0,0,0,0,0,0,0,0,0,0,0,0
50.25,0,0,0,0,0,0,0,0,0,0,0,0,0,0,0,0,2,2,1,2,1,0,0,1,0,0,2,0,0,0,0,1,1,6,2,1,1,3,3,1,3,0,1,4,6,1,0,3,2,4,0,2,7,3,3,1,5,1,4,6,4,3,1,6,2,4,5,9,22,21,34,27,28,33,31,29,33,30,31,47,29,43,57,48,47,49,61,52,54,62,52,58,66,74,60,75,92,69,98,105,87,96,112,103,110,123,142,149,111,166,164,177,193,187,171,197,204,234,226,245,234,253,282,327,289,293,314,376,338,347,355,394,422,414,425,485,480,484,513,536,556,593,573,615,645,662,656,663,661,673,713,763,731,719,757,769,788,776,784,704,806,745,722,761,727,761,736,723,685,666,655,678,687,650,582,610,641,646,582,565,575,542,555,527,553,473,506,471,435,464,430,447,468,390,428,416,406,392,371,403,424,409,431,385,405,369,336,354,382,387,359,392,383,362,367,361,348,389,388,366,395,380,395,351,354,384,355,359,355,357,307,307,295,275,244,229,204,194,214,165,119,145,116,96,99,83,64,47,57,34,38,21,21,25,22,12,10,10,8,4,6,8,3,6,2,3,3,1,3,1,0,0,1,0,0,0,0,0,0,0,0,0,0,0,0,0,0,0,0,0,0,0,0,0,0,0,0,0,0,0
50.35,0,0,0,0,0,0,0,0,0,0,3,0,0,1,0,0,1,0,0,1,0,0,0,0,2,1,0,2,1,1,3,0,3,1,2,2,1,1,0,1,4,5,3,2,7,6,4,3,3,2,1,1,5,2,5,6,0,4,4,5,3,3,0,3,2,7,9,20,22,26,24,29,31,42,30,34,36,30,43,27,45,35,55,49,32,58,52,49,58,55,66,64,78,70,67,80,86,82,82,83,90,82,111,120,131,114,117,130,136,126,174,154,156,178,193,202,212,212,210,250,252,242,245,285,277,335,327,346,328,375,333,421,406,444,450,457,512,548,529,568,569,628,610,634,644,665,671,629,623,657,701,732,746,741,729,792,737,750,786,716,762,703,720,784,743,793,711,743,672,675,668,630,705,659,615,617,638,672,554,613,572,531,555,544,545,452,501,465,437,462,414,478,450,390,430,399,398,387,378,404,416,413,430,372,408,357,327,362,384,382,358,391,380,360,370,357,350,390,392,359,388,382,395,344,354,385,355,361,351,358,305,307,302,273,242,230,206,196,212,167,120,148,112,96,98,84,63,45,57,33,38,21,21,24,22,13,10,10,8,4,6,8,3,6,2,3,3,1,3,1,0,0,1,0,0,0,0,0,0,0,0,0,0,0,0,0,0,0,0,0,0,0,0,0,0,0,0,0,0,0
50.45,0,0,0,0,0,1,1,0,0,0,0,0,0,1,0,0,1,0,0,1,1,2,1,0,1,0,0,1,1,2,2,0,1,1,2,1,0,2,1,1,5,2,2,1,4,0,5,5,4,2,5,4,4,2,3,1,4,6,6,3,3,2,3,2,3,6,3,10,11,25,15,25,37,20,34,38,27,38,39,30,52,39,54,37,47,46,58,42,52,54,73,63,55,64,81,88,66,79,90,102,107,99,102,105,117,123,125,126,132,142,157,160,171,162,179,163,183,200,211,244,229,272,257,281,292,306,308,333,359,377,381,403,411,398,490,487,485,520,526,535,570,613,598,603,639,651,619,727,687,717,688,627,743,758,762,772,797,714,714,747,693,727,763,757,768,718,731,731,698,682,686,630,656,663,599,615,672,639,572,623,584,535,555,546,522,497,496,444,434,457,405,469,446,390,440,393,390,386,374,396,417,415,417,377,427,353,335,356,376,391,353,391,374,354,374,346,350,390,383,364,390,379,398,343,355,390,352,362,349,359,308,313,299,272,241,231,206,199,210,164,117,146,112,94,96,86,63,45,57,33,37,21,21,24,22,13,12,10,8,4,6,8,3,6,2,3,3,1,3,1,0,0,1,0,0,0,0,0,0,0,0,0,0,0,0,0,0,0,0,0,0,0,0,0,0,0,0,0,0,0
50.55,0,0,0,0,1,1,1,0,0,0,0,0,1,1,0,0,1,0,1,1,0,2,1,0,2,0,3,0,0,0,1,0,2,3,0,1,2,0,1,3,3,1,5,7,1,2,4,4,1,2,4,7,2,2,1,7,6,3,3,6,4,2,1,2,5,4,5,11,20,24,18,24,30,34,20,41,24,29,33,37,35,35,33,43,50,43,58,46,56,76,65,64,58,76,64,60,79,77,97,97,89,104,96,114,99,134,120,159,151,150,166,157,163,176,202,183,206,205,209,224,253,258,255,264,289,306,321,327,374,347,357,403,411,427,490,458,507,485,474,521,541,575,592,651,584,636,658,670,744,735,664,656,679,772,795,772,776,731,730,787,661,737,683,779,764,714,682,724,710,667,683,674,651,650,593,600,672,616,570,634,567,546,555,560,541,484,480,441,455,466,428,442,447,401,436,400,391,401,368,400,403,403,414,388,416,357,327,355,382,389,360,392,378,366,367,345,359,379,388,370,387,372,395,345,359,383,352,362,349,354,309,311,297,273,242,232,210,200,209,159,116,145,111,94,95,89,61,45,57,33,37,21,21,24,22,14,12,10,9,4,7,7,4,6,2,2,4,1,3,1,0,0,1,0,0,0,0,0,0,0,0,0,0,0,0,0,0,0,0,0,0,0,0,0,0,0,0,0,0,0
50.65,0,1,1,1,1,1,1,0,0,2,1,1,0,0,0,1,1,0,1,0,0,2,0,0,1,0,0,0,1,0,1,1,0,1,2,6,3,2,1,5,2,5,1,4,8,1,2,5,1,5,6,5,8,3,2,2,3,4,4,4,2,6,3,8,3,4,4,14,30,32,27,28,19,28,35,38,41,33,30,49,34,36,37,62,56,64,54,55,64,65,68,75,65,91,70,81,82,107,72,101,117,114,108,109,129,132,138,158,141,148,159,159,186,172,168,206,190,201,211,222,237,242,259,294,306,326,332,325,343,378,383,370,388,396,451,419,470,450,525,536,518,557,575,599,642,655,664,629,700,710,700,731,727,715,769,726,738,769,756,733,712,724,695,727,719,723,703,690,692,690,694,670,652,595,639,591,638,599,582,593,569,547,542,546,516,479,468,435,479,470,431,432,434,395,454,391,398,395,375,385,434,396,395,395,413,366,328,362,380,398,361,397,383,366,369,348,348,382,390,366,384,368,389,340,357,385,349,368,351,354,308,309,296,271,246,227,208,205,206,156,117,147,105,96,94,90,59,45,57,34,37,21,21,23,22,14,9,11,9,4,7,7,4,6,2,2,4,1,3,1,0,0,1,0,0,0,0,0,0,0,0,0,0,0,0,0,0,0,0,0,0,0,0,0,0,0,0,0,0,0
50.75,0,0,0,0,1,0,0,1,0,0,0,0,3,0,0,0,0,0,0,1,1,1,0,0,3,0,1,4,0,1,0,0,0,1,3,1,1,3,1,3,2,2,5,4,2,2,4,6,5,4,1,0,1,5,4,1,4,4,3,4,4,1,5,5,4,3,6,15,22,22,23,27,32,34,32,31,33,32,41,35,45,44,39,44,49,46,49,45,68,55,69,71,64,69,68,88,69,65,76,89,91,97,101,111,103,118,120,149,137,158,137,164,147,179,168,199,198,206,212,268,230,259,248,278,301,310,332,345,337,363,357,414,417,426,478,465,505,528,486,522,566,599,596,589,627,643,661,652,649,700,760,744,753,718,741,700,779,733,814,741,687,694,765,716,723,691,744,670,664,670,683,666,645,574,631,581,631,593,569,575,560,536,505,547,517,490,450,453,467,475,429,464,448,392,459,383,395,371,378,384,428,396,381,389,423,356,332,358,390,400,361,396,386,372,381,350,350,383,391,372,388,366,392,336,354,381,347,370,346,357,308,309,296,271,245,229,203,203,203,157,117,147,105,96,93,89,59,45,57,34,37,21,21,23,22,14,9,11,9,4,7,7,4,6,2,2,4,1,3,1,0,0,1,0,0,0,0,0,0,0,0,0,0,0,0,0,0,0,0,0,0,0,0,0,0,0,0,0,0,0
50.85,0,0,0,0,0,0,0,2,1,1,0,0,1,1,0,0,0,0,1,0,0,0,1,1,1,0,1,4,0,0,2,2,1,1,0,1,4,2,1,1,0,0,3,0,4,5,7,7,8,0,4,5,1,4,5,4,3,5,6,5,5,2,4,3,3,5,6,17,30,13,21,21,29,33,38,21,35,37,39,34,30,44,52,46,42,63,59,33,51,61,53,75,53,71,59,83,73,89,100,81,82,104,101,110,123,143,125,113,150,139,133,168,142,188,190,171,218,218,226,238,237,250,257,264,285,313,350,300,345,353,408,417,405,453,454,526,531,470,534,542,520,574,561,603,612,628,670,648,691,708,700,756,733,717,689,749,752,756,759,758,691,684,723,731,733,676,701,701,676,688,661,627,619,579,605,586,605,573,574,577,544,497,511,498,540,499,477,442,473,464,437,441,461,401,467,372,392,376,374,391,407,393,381,386,431,364,328,349,395,395,357,391,393,377,367,354,345,379,394,371,383,368,394,345,361,377,355,365,344,356,311,310,296,270,252,223,201,204,201,157,117,147,102,98,94,88,59,46,56,33,38,21,21,23,22,14,9,11,9,4,7,7,4,6,2,2,4,1,3,1,0,0,1,0,0,0,0,0,0,0,0,0,0,0,0,0,0,0,0,0,0,0,0,0,0,0,0,0,0,0
50.95,0,1,0,0,0,0,1,0,0,1,0,0,2,2,1,0,1,2,2,0,1,0,0,0,0,0,1,2,1,2,3,0,4,0,2,2,2,1,2,0,2,1,3,5,1,2,3,6,6,3,3,4,3,4,6,2,3,4,4,0,2,3,2,3,3,4,4,20,25,21,19,20,27,25,22,36,29,38,26,31,40,55,42,34,47,51,55,55,51,45,69,74,62,54,64,78,77,77,82,83,105,94,87,116,132,119,116,144,138,136,142,167,168,148,179,183,227,198,209,196,173,238,280,305,321,320,359,348,365,373,349,375,434,439,451,469,473,479,548,531,579,565,569,602,629,655,643,653,717,667,664,729,706,732,714,731,719,763,699,722,728,705,710,701,757,722,704,693,656,696,650,645,595,617,589,591,591,579,585,555,569,498,532,497,545,490,496,443,453,479,452,433,467,395,454,364,377,383,378,377,407,394,369,379,431,372,323,359,398,398,368,387,395,372,361,367,344,375,390,364,383,358,395,341,370,367,350,365,344,350,311,308,299,269,253,221,200,206,199,156,112,148,102,95,94,88,58,45,57,34,38,21,21,23,22,14,8,11,9,4,7,7,4,6,2,2,4,1,3,1,0,0,1,0,0,0,0,0,0,0,0,0,0,0,0,0,0,0,0,0,0,0,0,0,0,0,0,0,0,0
51.05,0,0,0,0,0,1,0,0,0,0,0,0,2,0,1,0,0,0,0,0,2,1,1,3,0,2,3,1,1,1,3,0,1,2,4,1,2,3,1,3,1,2,5,1,7,2,3,0,8,2,5,1,3,6,4,2,3,2,4,1,4,4,3,2,4,2,6,18,22,19,36,35,39,34,32,41,26,41,39,47,42,43,40,26,43,42,49,48,71,49,45,66,55,76,70,101,68,81,85,91,105,101,95,100,105,122,128,110,148,133,136,172,150,180,171,186,192,206,212,228,289,264,269,303,315,317,342,298,352,372,379,398,418,404,459,433,536,507,488,540,554,608,607,636,570,636,645,684,628,698,725,752,700,744,772,703,723,754,736,710,724,732,703,691,721,658,697,670,669,701,653,645,578,588,578,606,572,601,570,571,567,528,524,499,513,496,485,455,443,472,464,434,465,409,455,368,386,386,379,388,404,404,360,401,416,369,325,357,386,406,365,407,380,378,362,367,349,377,387,365,380,355,385,345,373,368,354,365,342,350,310,313,295,268,252,219,200,206,198,154,113,148,102,94,93,88,58,45,57,34,36,21,21,23,21,13,8,11,9,4,7,7,4,6,2,2,4,1,1,1,0,0,0,0,0,0,0,0,0,0,0,0,0,0,0,0,0,0,0,0,0,0,0,0,0,0,0,0,0,0
51.15,0,1,0,0,1,0,0,0,0,0,1,0,0,1,0,0,1,1,0,1,0,0,1,2,3,2,1,0,2,0,5,0,1,0,2,4,1,1,1,1,1,3,2,3,2,4,2,3,6,2,6,5,0,2,3,4,5,2,6,7,2,3,2,2,6,3,3,12,28,21,27,29,35,28,34,26,30,21,36,32,45,47,35,50,42,42,50,61,51,67,67,55,67,78,79,68,78,89,97,103,103,90,108,115,105,133,131,129,157,141,157,175,167,186,182,205,214,224,229,259,234,289,264,296,304,292,309,304,358,387,405,428,417,459,456,493,486,487,574,576,545,533,611,572,638,621,645,630,622,699,766,696,739,763,719,725,743,733,711,702,765,701,690,705,697,661,702,676,683,682,679,664,584,583,601,616,562,592,590,570,584,533,520,497,485,509,489,440,436,477,463,426,458,414,463,367,386,386,374,401,407,400,369,401,422,377,327,367,385,397,364,404,378,376,367,359,355,379,384,367,380,354,382,346,362,367,362,368,336,354,317,311,295,270,255,221,198,206,199,155,114,147,102,94,93,88,58,45,57,34,35,21,21,23,21,13,8,11,9,4,7,7,4,6,1,2,4,1,1,1,0,0,0,0,0,0,0,0,0,0,0,0,0,0,0,0,0,0,0,0,0,0,0,0,0,0,0,0,0,0
51.25,0,0,0,0,0,0,2,0,1,0,1,2,1,2,0,0,0,0,0,1,0,0,2,0,1,0,1,1,0,2,1,2,1,2,3,1,1,0,1,1,3,7,7,2,2,0,3,1,1,4,5,5,6,4,5,3,5,3,2,5,3,1,8,3,1,7,6,12,22,21,35,34,31,32,30,34,31,42,41,37,35,47,47,42,55,53,45,54,59,49,56,62,68,76,78,75,82,71,79,103,113,85,99,121,114,115,115,157,116,136,144,170,184,175,191,192,206,205,212,247,224,269,264,286,300,313,329,347,362,355,388,384,433,422,467,483,476,570,510,513,561,547,637,568,631,625,698,656,682,681,709,705,763,710,717,728,778,711,736,771,733,775,735,737,631,684,682,674,670,646,670,664,592,607,627,628,552,600,579,574,572,590,500,500,449,519,502,471,458,457,451,446,459,402,439,383,394,383,368,400,401,410,350,407,408,378,328,372,388,388,366,405,371,380,364,362,353,380,380,377,370,357,382,344,361,377,358,365,341,349,314,307,299,271,255,220,198,205,198,157,113,149,100,94,93,88,59,45,55,34,35,21,20,22,22,13,8,11,9,4,7,6,4,6,1,2,3,1,2,1,0,0,0,0,0,0,0,0,0,0,0,0,0,0,0,0,0,0,0,0,0,0,0,0,0,0,0,0,0,0
51.35,1,0,0,1,0,0,0,0,0,0,1,1,0,0,0,0,0,2,0,0,0,0,1,1,0,0,2,1,0,0,1,3,4,0,2,1,3,1,0,5,1,3,0,3,6,7,1,2,4,4,3,4,3,5,3,0,0,1,6,1,3,1,4,4,5,4,2,25,25,26,22,30,34,32,38,25,35,39,33,46,40,49,41,32,39,43,43,52,60,57,49,67,57,64,69,75,82,98,81,81,98,108,95,101,124,114,121,130,135,139,162,165,154,165,182,188,175,215,206,196,248,277,272,275,290,308,333,344,369,355,377,406,430,436,460,440,503,505,494,564,593,565,613,583,592,654,614,726,692,702,669,681,726,678,725,749,720,722,739,778,760,749,736,736,640,725,668,666,700,659,646,675,542,587,645,636,588,611,579,558,585,554,538,498,451,486,496,468,462,443,461,455,462,415,430,385,372,378,355,413,405,416,357,396,406,357,331,371,392,402,353,407,374,377,368,359,356,379,379,372,371,364,379,352,357,374,355,368,343,348,314,307,299,267,256,222,202,204,196,154,117,148,100,95,93,86,60,45,55,33,35,21,20,22,22,13,8,11,9,4,6,5,4,6,1,2,3,1,2,1,0,0,0,0,0,0,0,0,0,0,0,0,0,0,0,0,0,0,0,0,0,0,0,0,0,0,0,0,0,0
51.45,0,0,0,0,0,0,0,0,0,0,0,0,1,0,0,0,2,0,1,0,0,0,1,1,0,1,1,2,0,1,0,2,2,3,1,2,3,3,4,3,0,5,1,1,4,2,3,5,0,4,1,4,3,3,1,3,4,1,3,3,12,1,4,3,0,4,5,19,17,31,25,24,37,37,29,32,35,44,26,31,35,56,41,31,64,55,47,55,54,63,62,60,62,79,88,86,64,71,85,100,98,101,100,120,109,124,133,125,115,146,147,148,192,182,165,195,197,184,221,217,250,261,310,292,244,306,308,329,365,403,362,393,393,459,418,433,454,483,505,503,594,600,572,605,671,589,696,685,683,662,634,679,708,748,703,724,713,735,704,753,728,726,755,727,652,716,670,691,698,673,657,645,576,595,631,609,575,606,604,555,538,548,512,508,438,487,516,461,447,464,451,446,453,416,416,386,364,376,352,405,411,410,363,401,420,341,331,373,397,400,363,407,365,380,369,364,351,375,383,367,370,366,376,349,355,372,350,371,334,344,309,302,296,268,258,220,204,203,194,153,119,147,101,91,93,86,60,44,55,33,34,22,20,22,22,13,8,10,9,4,6,5,4,6,1,2,3,1,2,1,0,0,0,0,0,0,0,0,0,0,0,0,0,0,0,0,0,0,0,0,0,0,0,0,0,0,0,0,0,0
51.55,0,1,0,0,1,0,1,0,0,0,0,0,1,0,0,0,0,1,2,0,1,0,0,0,1,2,2,0,1,3,1,0,1,0,2,0,5,1,4,3,2,4,1,2,3,3,2,7,4,5,4,4,1,7,2,4,3,4,3,3,8,2,4,4,5,4,3,16,24,21,33,29,22,31,28,40,27,46,41,40,36,39,44,39,55,59,46,51,71,58,65,77,76,79,55,78,57,69,82,87,88,109,101,125,136,110,126,131,140,146,154,139,175,162,168,188,193,220,205,219,246,260,256,272,277,294,319,328,385,331,381,408,370,437,419,464,477,467,465,553,533,586,567,594,623,652,666,652,669,685,645,662,687,749,733,710,671,733,713,733,810,727,760,725,693,683,678,655,720,708,663,613,584,587,606,636,568,609,618,572,527,552,504,526,428,463,513,474,456,469,459,442,457,422,396,373,368,380,365,406,414,413,363,399,422,340,331,359,400,391,362,400,357,375,370,363,351,384,380,366,372,364,378,349,348,371,349,370,332,344,301,299,302,271,260,216,204,200,195,155,120,148,102,88,90,87,61,43,54,33,34,22,20,22,22,13,8,10,9,4,6,5,4,6,1,2,3,1,2,1,0,0,0,0,0,0,0,0,0,0,0,0,0,0,0,0,0,0,0,0,0,0,0,0,0,0,0,0,0,0
51.65,0,1,0,0,0,1,0,0,0,0,1,1,1,0,0,2,0,0,0,0,2,0,0,0,1,0,0,2,1,0,2,1,1,0,0,3,1,4,3,2,2,1,2,2,2,3,4,3,2,3,3,4,1,4,3,4,4,4,5,7,4,5,0,1,4,3,3,18,24,38,32,16,34,27,34,33,29,36,42,35,38,43,35,45,52,38,49,51,67,58,69,77,46,68,87,72,77,82,100,92,105,109,102,114,117,126,131,122,145,155,162,140,173,190,196,196,171,208,220,207,238,241,275,262,315,276,304,313,331,344,378,381,413,415,452,445,472,479,539,542,535,556,567,602,615,605,630,670,658,679,689,635,654,697,761,704,736,678,731,723,743,787,690,716,734,668,710,659,688,679,663,616,592,572,613,615,568,609,624,559,558,545,522,484,418,472,539,460,480,456,426,452,441,428,397,362,355,386,368,397,401,433,351,387,416,336,326,369,401,390,370,393,362,368,369,350,352,388,380,363,372,361,379,342,349,376,349,363,331,337,303,298,298,270,258,226,202,201,195,154,123,149,102,87,90,87,60,43,53,33,34,22,20,21,21,14,8,10,9,4,5,5,4,6,1,2,3,1,2,1,0,0,0,0,0,0,0,0,0,0,0,0,0,0,0,0,0,0,0,0,0,0,0,0,0,0,0,0,0,0
51.75,0,0,0,0,1,0,0,0,0,0,0,0,1,0,0,0,1,0,2,0,0,0,0,0,0,1,1,0,1,0,0,1,3,2,3,1,0,3,3,3,2,1,4,4,2,3,4,3,4,3,5,4,1,5,5,6,4,6,6,2,3,3,7,5,5,2,3,11,25,22,29,24,26,34,28,33,35,34,40,49,35,36,39,48,39,52,40,55,48,60,54,52,70,91,64,72,81,86,80,85,94,91,108,105,104,114,153,139,160,143,163,153,158,167,157,178,193,224,209,254,255,241,288,281,304,307,306,339,316,375,381,409,413,438,401,450,434,511,520,520,530,561,553,567,618,638,605,652,646,674,655,670,711,696,701,697,692,730,726,698,751,745,727,688,741,725,712,647,674,717,663,590,572,558,608,609,580,599,606,580,552,547,536,481,435,485,525,469,482,449,457,434,425,424,382,376,350,395,362,382,417,439,341,381,416,327,320,379,426,387,366,395,369,377,368,340,349,383,381,368,373,354,371,340,337,372,347,356,333,335,300,296,302,271,259,229,198,203,193,154,126,148,105,86,90,87,59,43,53,33,34,22,20,21,19,14,8,10,9,4,5,5,4,6,1,2,3,1,2,1,0,0,0,0,0,0,0,0,0,0,0,0,0,0,0,0,0,0,0,0,0,0,0,0,0,0,0,0,0,0
51.85,0,0,0,0,0,1,0,1,0,0,1,0,0,0,1,1,0,0,1,0,0,0,0,1,1,0,0,3,2,1,2,0,1,3,2,1,3,3,3,4,0,2,1,2,0,4,1,0,2,5,2,4,5,3,1,3,3,3,2,7,4,2,7,3,1,4,7,17,17,14,23,19,24,20,33,32,31,29,33,44,39,42,31,50,42,53,57,47,67,46,55,65,54,67,73,65,79,71,75,82,65,99,100,105,125,145,104,121,143,154,151,187,170,166,145,163,225,213,230,253,228,248,251,279,310,313,321,330,343,353,395,404,411,413,458,402,446,489,478,562,523,621,565,600,636,640,615,665,648,660,668,663,691,726,734,711,743,744,749,750,715,786,736,695,744,735,686,700,644,654,681,622,545,548,606,617,578,619,618,592,576,537,503,494,432,492,504,439,477,416,448,440,411,420,376,363,351,391,354,393,422,430,345,383,407,339,318,385,416,391,374,398,373,370,364,344,345,379,387,370,370,361,368,340,337,372,352,363,334,334,293,294,301,270,263,231,192,206,193,154,124,147,105,85,91,88,59,44,53,34,33,22,20,21,19,14,8,10,9,2,5,5,4,6,1,2,3,0,2,1,0,0,0,0,0,0,0,0,0,0,0,0,0,0,0,0,0,0,0,0,0,0,0,0,0,0,0,0,0,0
51.95,0,0,0,0,0,1,1,0,0,0,0,1,1,0,1,0,0,1,0,1,0,0,0,1,3,0,0,1,0,1,0,0,1,3,0,2,2,2,2,1,1,1,1,0,2,3,4,4,5,5,1,5,2,5,3,4,6,5,3,4,3,1,6,6,5,3,6,16,8,19,23,31,30,34,24,34,41,37,38,47,43,43,42,38,57,51,40,50,58,61,70,61,53,87,70,87,73,77,81,76,112,106,92,117,107,103,104,107,134,140,177,169,161,183,176,205,189,210,230,227,232,255,281,301,303,344,370,322,385,362,377,403,430,451,426,491,522,495,510,544,520,541,584,587,569,660,645,645,657,692,659,675,696,708,703,685,761,750,752,750,733,724,718,682,766,719,702,678,674,654,673,580,582,573,597,595,614,607,608,589,574,513,505,507,453,502,488,444,463,436,456,446,393,412,367,362,352,388,352,408,409,426,333,383,393,336,318,375,421,379,370,400,364,367,365,351,345,382,385,374,367,359,369,338,332,362,349,356,331,333,290,295,305,267,258,230,189,203,193,153,122,151,105,85,90,88,59,44,53,33,33,22,21,20,19,12,9,10,9,2,5,5,4,5,1,2,3,0,2,1,0,0,0,0,0,0,0,0,0,0,0,0,0,0,0,0,0,0,0,0,0,0,0,0,0,0,0,0,0,0
52.05,0,0,1,0,0,0,0,0,0,0,0,0,0,0,0,0,0,0,0,1,1,1,2,1,1,3,0,0,0,2,2,1,2,0,1,2,2,7,0,2,2,1,2,1,1,3,0,4,3,4,2,4,1,1,3,1,0,1,2,1,4,6,4,1,4,2,3,10,10,21,23,33,24,33,38,35,35,32,41,41,39,41,35,49,36,44,49,46,44,55,48,64,89,71,74,76,65,72,88,82,80,101,121,111,151,105,133,116,121,141,142,164,164,168,187,180,209,217,227,253,248,242,283,299,321,304,303,340,367,341,406,380,430,434,455,451,519,499,496,561,572,546,574,621,580,588,625,636,623,665,663,640,724,677,686,761,728,753,747,726,771,719,711,721,732,723,673,708,644,638,648,619,550,578,597,569,604,614,617,584,596,525,479,496,465,504,477,436,476,440,457,460,388,403,354,368,337,403,356,402,415,443,324,390,396,334,331,381,402,383,372,391,366,350,372,345,349,379,391,370,370,357,371,335,333,363,353,349,336,329,291,296,304,263,257,231,188,203,193,155,124,149,107,84,89,87,58,42,53,32,33,22,21,20,19,12,9,10,8,2,5,5,4,5,1,2,3,0,2,1,0,0,0,0,0,0,0,0,0,0,0,0,0,0,0,0,0,0,0,0,0,0,0,0,0,0,0,0,0,0
52.15,0,0,0,0,0,0,1,0,1,1,0,0,0,0,0,2,1,0,0,0,1,0,0,0,0,0,2,1,0,0,0,0,1,1,0,1,2,2,3,2,0,6,1,2,2,3,1,6,1,1,5,6,5,4,1,2,2,5,1,4,5,2,3,2,3,2,4,14,19,16,32,24,35,26,39,28,36,39,32,44,42,42,34,45,47,39,54,45,65,59,75,52,67,80,69,68,91,87,62,84,103,91,108,100,109,125,120,133,124,133,172,161,145,168,169,191,192,217,196,260,272,220,280,278,304,320,324,358,376,372,429,398,436,429,455,456,477,483,580,500,606,628,561,551,590,657,643,625,659,677,694,674,659,672,773,750,758,739,736,749,757,672,698,752,720,696,672,712,623,667,656,611,579,554,608,550,613,602,628,582,603,517,499,495,485,512,488,453,455,443,439,466,388,402,380,353,348,402,356,410,407,437,331,385,386,332,345,386,395,390,360,396,373,356,366,355,344,389,389,372,369,354,370,335,328,369,354,345,340,329,290,296,302,261,259,235,186,204,193,155,123,147,106,85,88,89,58,44,53,32,33,22,21,20,19,12,9,10,8,2,5,5,4,5,1,2,3,0,2,1,0,0,0,0,0,0,0,0,0,0,0,0,0,0,0,0,0,0,0,0,0,0,0,0,0,0,0,0,0,0
52.25,1,0,0,0,0,0,0,0,0,0,1,0,0,0,1,1,0,0,0,0,0,0,0,0,2,0,1,1,0,2,0,0,0,1,3,1,2,2,2,1,3,1,0,3,2,3,3,3,2,1,2,1,1,4,4,5,2,7,2,2,3,2,4,2,6,4,4,14,18,22,25,37,40,40,31,34,28,38,35,37,45,35,48,46,44,53,50,51,45,71,63,75,69,68,67,78,88,71,89,74,112,103,108,112,100,127,134,129,116,160,153,151,169,192,185,193,190,217,186,204,224,240,255,266,302,297,326,357,337,342,357,395,434,411,432,492,531,508,504,523,552,547,574,596,647,675,612,614,647,659,670,696,651,716,721,778,707,684,711,737,735,684,683,725,735,711,704,662,626,651,605,633,609,579,576,569,591,629,597,629,598,507,486,482,496,524,481,449,454,450,443,456,381,430,373,352,353,399,365,414,421,436,338,382,394,336,344,378,398,382,355,393,374,349,358,355,350,384,378,370,372,348,371,339,324,364,359,343,334,333,288,296,298,261,257,236,186,205,192,157,126,145,109,84,85,89,58,44,54,32,32,22,21,20,19,11,9,10,8,2,5,5,4,5,1,2,3,0,2,1,0,0,0,0,0,0,0,0,0,0,0,0,0,0,0,0,0,0,0,0,0,0,0,0,0,0,0,0,0,0
52.35,0,0,0,0,0,0,0,0,0,0,0,1,0,1,0,1,0,1,1,2,0,2,0,2,1,1,2,0,2,1,2,0,1,1,2,1,2,3,2,1,3,2,3,3,3,3,8,1,0,8,2,4,3,4,4,4,3,3,2,6,3,8,2,4,4,3,2,16,23,28,32,33,36,26,20,38,27,43,36,34,45,49,52,52,46,56,46,44,58,67,59,64,54,73,60,83,70,86,87,100,99,107,97,112,91,137,123,170,150,141,159,137,173,174,173,220,219,181,233,249,265,297,249,268,307,333,324,313,303,365,376,405,411,383,445,473,523,534,497,551,540,557,573,608,595,598,595,611,669,659,735,674,707,707,697,687,734,709,713,719,725,746,712,725,722,708,711,715,631,619,628,623,638,611,598,584,600,632,631,601,589,514,470,481,519,518,469,462,439,437,444,452,392,424,392,347,348,395,357,406,419,416,345,388,384,341,351,375,393,373,363,379,377,349,361,359,349,397,381,363,369,353,370,334,325,369,360,340,333,333,289,293,294,260,253,233,185,206,190,156,126,143,107,84,81,91,57,44,52,32,32,22,21,20,20,11,9,10,8,2,5,5,4,5,1,2,3,0,1,1,0,0,0,0,0,0,0,0,0,0,0,0,0,0,0,0,0,0,0,0,0,0,0,0,0,0,0,0,0,0
52.45,0,0,0,1,0,1,0,0,0,1,0,0,0,0,0,0,0,0,0,0,0,0,0,1,1,1,0,1,1,0,1,0,1,2,4,1,2,2,1,1,2,4,2,3,0,5,5,3,0,5,4,3,2,3,2,1,3,8,6,2,6,6,6,4,3,4,5,17,23,29,25,38,26,29,22,30,34,30,25,38,37,41,53,43,45,54,46,43,54,62,62,54,71,74,67,79,78,99,69,88,87,106,100,107,125,125,128,146,131,148,133,163,183,154,201,185,212,229,199,228,252,291,252,275,306,311,340,316,353,343,362,392,423,419,429,501,455,465,524,543,586,579,569,587,596,646,665,611,665,713,646,660,734,709,741,669,765,749,722,686,670,730,720,730,690,675,718,702,641,636,621,615,674,567,604,535,581,620,610,585,563,520,494,473,535,498,452,472,451,420,448,460,384,425,382,337,345,378,367,409,423,413,349,390,370,336,350,385,399,369,370,381,382,339,362,367,353,391,386,361,370,354,369,331,323,363,358,341,342,331,287,289,297,262,251,235,186,205,192,154,125,143,106,84,81,90,55,43,50,32,32,22,21,20,19,11,9,10,7,2,5,5,4,5,1,2,3,0,1,1,0,0,0,0,0,0,0,0,0,0,0,0,0,0,0,0,0,0,0,0,0,0,0,0,0,0,0,0,0,0
52.55,0,0,0,0,0,0,0,3,0,0,0,0,0,0,0,0,0,1,1,0,0,1,0,1,1,0,1,1,2,2,1,0,2,1,2,2,3,1,0,5,1,5,2,3,2,2,1,2,6,3,4,3,4,0,3,1,5,2,2,6,2,4,0,2,5,4,4,18,25,23,37,34,33,31,37,36,39,32,45,33,41,33,33,38,44,48,53,50,53,63,56,53,61,61,77,66,66,84,104,99,80,115,88,118,98,117,109,119,119,168,136,152,165,178,152,184,188,218,225,199,221,245,253,287,283,282,322,334,346,358,369,421,416,399,417,444,507,502,550,514,513,585,569,615,588,579,618,648,697,648,682,694,688,750,707,648,717,769,730,744,699,737,752,718,704,691,680,647,667,630,609,622,640,572,549,564,566,613,569,545,558,513,522,466,500,478,450,468,454,404,446,453,384,429,388,339,341,362,364,411,407,407,358,393,365,324,350,392,392,371,381,391,376,340,357,372,347,387,378,357,371,352,375,326,321,365,358,331,341,326,291,285,297,261,253,235,182,204,193,155,119,143,107,84,82,87,57,44,50,31,31,22,19,20,19,11,9,10,7,2,5,5,4,5,1,2,3,0,1,1,0,0,0,0,0,0,0,0,0,0,0,0,0,0,0,0,0,0,0,0,0,0,0,0,0,0,0,0,0,0
52.65,0,0,0,0,0,0,1,0,1,0,0,1,2,0,0,0,0,2,1,2,0,2,0,1,0,1,0,3,0,0,0,0,1,1,1,4,1,1,2,1,4,4,5,4,2,3,4,4,1,5,4,2,5,5,2,4,5,5,2,0,4,3,3,1,2,7,10,16,27,17,18,26,26,28,31,31,26,25,43,39,34,36,45,29,54,46,44,47,57,58,67,66,61,69,61,80,93,79,86,88,115,78,114,114,130,115,134,166,167,145,154,152,194,164,166,173,193,224,235,271,230,271,266,265,279,313,323,327,309,380,358,384,385,414,433,428,478,504,496,540,516,573,574,584,636,607,631,660,635,668,702,680,706,723,714,677,688,746,723,731,715,708,757,706,726,674,673,666,634,612,618,609,639,614,547,558,608,605,573,498,542,534,470,449,522,490,446,464,451,415,457,436,390,425,376,345,339,355,362,401,416,418,367,392,364,324,347,394,378,375,373,401,369,332,358,383,343,382,379,361,375,353,363,332,318,361,348,331,343,323,289,285,297,261,254,234,183,203,189,154,117,144,107,82,86,82,58,44,50,32,28,22,19,20,19,10,9,10,7,2,5,5,5,5,1,2,3,0,1,1,0,0,0,0,0,0,0,0,0,0,0,0,0,0,0,0,0,0,0,0,0,0,0,0,0,0,0,0,0,0
52.75,0,0,0,0,0,0,0,1,1,0,1,2,1,0,0,0,0,0,0,1,2,3,0,0,0,1,0,1,2,0,0,1,1,0,2,3,2,5,1,2,4,3,2,3,2,2,2,4,4,7,2,5,2,8,4,1,0,7,4,4,4,3,7,9,5,5,7,14,18,20,26,26,25,32,31,25,28,30,37,25,37,36,37,37,46,53,57,57,57,56,56,62,65,78,67,68,67,75,100,82,113,99,103,110,118,128,103,127,134,130,161,154,176,150,164,181,215,211,220,224,248,235,275,281,316,305,304,331,350,332,390,351,420,433,445,457,445,480,494,528,554,530,596,650,621,689,654,639,652,685,701,647,668,692,700,695,635,684,748,691,725,675,754,663,694,710,718,634,665,607,614,580,618,623,559,569,609,575,556,522,513,527,487,451,521,467,467,454,450,420,451,436,401,428,372,357,333,353,364,403,410,430,363,387,357,328,355,398,375,372,382,403,368,333,355,378,347,376,383,360,376,351,362,331,319,365,350,333,341,325,289,285,298,258,256,231,182,202,187,152,119,147,107,81,85,82,57,43,49,31,28,23,18,19,20,10,9,10,7,2,5,5,5,5,1,2,3,0,1,1,0,0,0,0,0,0,0,0,0,0,0,0,0,0,0,0,0,0,0,0,0,0,0,0,0,0,0,0,0,0
52.85,1,0,0,0,0,1,0,0,0,0,0,0,0,0,1,1,0,2,1,1,1,1,0,0,1,1,0,2,2,0,2,0,2,1,2,2,1,1,4,3,4,1,1,4,4,1,5,2,2,2,5,5,3,3,1,2,5,4,3,1,3,3,3,3,7,7,5,11,28,20,26,30,26,23,35,40,28,36,40,29,35,42,45,44,45,45,55,58,55,63,70,54,59,66,72,94,76,88,76,93,79,107,91,120,103,102,128,130,132,138,142,165,167,175,166,173,189,214,244,228,216,247,263,265,275,266,296,334,325,371,327,378,414,430,483,412,461,500,512,558,495,567,598,603,628,619,655,677,654,634,667,718,700,674,665,694,671,650,726,748,718,730,729,683,703,701,707,671,654,632,622,603,585,610,576,579,602,561,555,522,524,546,474,467,486,490,483,461,451,418,450,436,404,431,377,354,349,361,359,402,413,412,359,379,358,321,347,392,373,369,377,399,369,329,359,381,347,371,376,359,376,350,358,330,320,365,354,330,339,325,288,287,294,261,258,229,184,205,185,154,115,146,104,83,84,81,58,43,49,31,27,22,18,19,18,10,9,10,7,2,5,5,5,5,1,2,3,0,1,1,0,0,0,0,0,0,0,0,0,0,0,0,0,0,0,0,0,0,0,0,0,0,0,0,0,0,0,0,0,0
52.95,0,0,1,1,0,0,0,0,1,0,0,0,0,1,0,0,0,0,1,0,0,0,2,1,2,0,0,2,0,1,2,0,2,0,1,3,3,2,2,0,1,1,4,2,3,3,0,2,4,0,2,3,6,9,8,7,2,1,0,1,3,4,3,6,3,5,6,15,21,29,35,26,25,23,33,41,36,30,40,43,44,50,49,44,46,53,58,64,60,66,57,75,80,70,87,83,96,88,87,89,82,111,101,97,107,126,135,130,146,135,161,150,152,161,179,201,203,234,215,239,228,270,281,262,301,342,316,316,361,354,374,408,419,421,440,469,427,472,484,495,541,584,562,587,615,655,634,650,681,663,679,660,709,634,639,710,713,671,703,717,711,710,662,660,658,731,698,686,674,595,603,608,604,609,576,572,594,556,552,506,521,555,451,446,488,498,472,447,455,416,441,443,416,424,378,358,353,370,356,386,405,402,361,388,347,324,342,394,378,366,377,399,359,330,360,386,345,374,373,351,371,353,358,335,326,365,354,325,334,325,289,293,291,257,261,228,184,204,183,153,115,148,105,84,82,83,58,43,49,31,27,21,18,18,15,10,9,10,7,2,5,4,5,5,1,2,3,0,1,1,0,0,0,0,0,0,0,0,0,0,0,0,0,0,0,0,0,0,0,0,0,0,0,0,0,0,0,0,0,0
53.05,0,0,0,1,0,2,0,0,0,0,1,0,0,1,1,1,1,0,0,2,1,1,0,0,1,0,0,0,0,2,1,1,2,2,2,3,0,4,1,1,6,2,1,1,7,2,1,4,5,0,5,4,2,2,4,2,1,0,6,9,4,3,4,3,2,3,3,16,19,25,27,34,34,22,35,32,27,41,32,36,43,48,45,38,42,49,54,47,55,62,71,57,61,61,66,74,72,90,99,76,104,103,100,104,115,112,125,149,130,131,156,163,155,165,158,169,195,195,224,233,255,258,258,288,293,311,308,346,325,378,416,376,406,413,458,456,470,444,486,545,551,536,577,542,565,601,680,610,637,703,691,702,667,632,648,711,685,699,687,720,711,704,723,701,643,715,687,717,659,576,597,618,573,619,544,550,577,532,542,504,531,517,486,414,509,498,471,438,448,411,443,427,449,410,378,340,365,369,353,394,401,392,368,391,346,317,347,387,389,357,379,396,365,323,368,377,336,370,360,352,369,352,356,340,326,362,351,325,333,326,290,295,285,256,261,230,184,202,181,153,115,147,105,84,83,80,58,41,51,31,27,21,17,18,15,10,9,10,7,2,5,4,4,5,1,2,3,0,1,1,0,0,0,0,0,0,0,0,0,0,0,0,0,0,0,0,0,0,0,0,0,0,0,0,0,0,0,0,0,0
53.15,0,0,0,0,0,0,0,1,0,0,0,0,0,0,0,0,0,0,1,1,1,0,1,0,3,2,1,0,0,0,0,1,0,0,0,0,0,3,3,0,2,3,1,4,3,4,3,3,3,4,6,2,5,3,3,3,3,2,5,2,3,3,3,6,2,1,5,16,27,24,25,30,19,39,29,24,28,33,34,30,48,39,40,45,55,43,51,62,46,50,70,63,62,89,64,74,83,80,84,82,100,82,106,106,133,107,119,135,128,152,152,164,185,168,184,199,209,195,244,227,232,274,281,286,276,290,299,325,356,375,366,420,402,428,431,418,477,511,484,510,496,534,570,546,557,596,611,623,659,658,695,650,673,643,662,659,714,691,671,719,713,722,679,716,672,654,707,691,633,606,576,630,618,605,565,543,571,551,542,486,526,516,513,421,501,473,484,455,443,422,440,438,446,417,386,321,371,350,363,381,410,387,372,381,348,313,350,380,386,361,370,385,369,326,364,385,332,366,366,360,369,348,365,335,332,369,348,331,334,325,288,301,281,254,262,230,184,202,180,151,115,147,108,83,85,80,57,41,51,31,27,21,17,18,17,10,9,10,6,2,5,4,2,5,1,2,3,0,1,1,0,0,0,0,0,0,0,0,0,0,0,0,0,0,0,0,0,0,0,0,0,0,0,0,0,0,0,0,0,0
53.25,0,0,0,0,0,1,0,0,0,0,0,0,0,0,0,0,0,0,0,0,1,0,0,0,0,2,0,0,0,1,0,1,3,0,0,1,0,2,0,2,2,3,2,3,4,4,2,1,3,3,1,4,6,1,4,3,1,4,4,1,4,5,0,6,2,6,6,8,14,23,21,27,19,33,29,23,26,36,24,51,48,45,43,42,40,49,55,71,53,53,63,77,67,70,59,76,52,81,101,81,102,84,94,109,115,116,117,138,138,156,167,139,148,155,183,170,173,202,199,215,252,249,267,263,286,307,326,316,312,342,329,403,415,454,430,464,486,479,500,514,540,554,557,541,607,619,632,601,674,635,691,643,695,711,692,692,684,665,663,700,712,723,684,737,706,648,712,645,658,610,569,606,602,617,576,562,567,585,534,481,540,507,504,455,465,483,463,458,433,404,444,440,431,418,378,332,348,351,358,398,410,380,371,375,352,305,349,378,378,352,362,389,365,332,364,385,331,370,365,355,366,343,361,336,334,370,343,332,338,319,284,299,281,250,263,229,183,200,182,149,117,147,108,83,85,80,57,40,51,31,27,21,17,18,17,9,9,10,6,2,5,4,2,5,1,2,3,0,1,1,0,0,0,0,0,0,0,0,0,0,0,0,0,0,0,0,0,0,0,0,0,0,0,0,0,0,0,0,0,0
53.35,0,0,0,0,0,0,1,1,1,0,0,0,0,0,2,0,0,0,0,0,1,1,0,3,0,0,0,0,1,0,3,0,1,1,2,0,1,2,2,3,3,2,1,3,7,4,2,4,3,2,6,2,6,2,3,3,5,5,5,4,2,3,2,5,7,5,3,23,23,23,34,42,21,40,29,23,30,45,31,26,43,25,47,35,43,28,38,49,61,59,73,60,56,75,73,74,68,95,84,79,99,95,108,101,133,102,115,124,119,135,127,151,161,179,157,228,178,215,228,238,245,249,254,281,288,292,317,302,349,371,342,411,394,402,467,471,510,517,482,530,504,539,527,594,592,662,605,620,617,598,677,665,651,712,645,713,632,672,707,727,723,685,728,735,718,663,700,679,668,650,560,613,601,585,565,554,582,587,560,495,519,520,490,450,474,496,466,450,433,397,434,435,418,393,379,320,352,352,359,393,411,376,370,383,359,293,347,369,372,349,356,391,364,333,362,383,328,373,359,354,359,345,362,338,329,375,337,329,337,322,284,299,277,252,261,226,183,200,180,151,118,147,108,83,87,80,58,40,51,31,27,21,17,19,16,9,9,10,6,2,5,4,2,5,1,2,3,0,1,1,0,2,0,0,0,0,0,0,0,0,0,0,0,0,0,0,0,0,0,0,0,0,0,0,0,0,0,0,0,0
53.45,0,0,0,0,0,0,0,1,0,0,1,0,1,0,1,0,0,1,1,1,1,2,0,1,4,0,1,2,1,1,1,0,1,2,2,4,4,2,5,0,1,3,5,0,1,2,1,6,2,2,4,4,5,4,3,5,1,3,2,2,6,2,8,2,5,4,9,24,16,23,30,30,28,31,32,27,29,35,38,43,37,39,41,35,47,47,40,50,50,69,60,74,77,64,74,88,92,82,70,80,100,75,85,100,108,136,136,132,135,163,150,150,171,194,172,180,224,189,243,233,247,253,228,269,256,312,291,317,357,358,356,392,429,385,455,412,467,485,519,543,505,565,578,559,598,581,620,653,660,649,657,642,677,657,705,678,696,692,753,698,708,729,676,725,758,693,689,683,666,600,567,628,613,590,557,531,556,572,581,504,516,503,463,458,458,512,461,464,414,411,418,447,409,400,387,322,360,352,341,389,401,383,366,371,359,292,357,371,379,360,337,397,351,330,368,368,320,374,363,349,360,346,368,333,329,379,336,329,333,322,285,298,278,250,262,222,181,199,180,151,120,146,109,83,83,81,59,40,53,31,27,21,17,19,16,10,8,10,6,2,5,4,2,4,1,2,3,0,1,1,0,2,0,0,0,0,0,0,0,0,0,0,0,0,0,0,0,0,0,0,0,0,0,0,0,0,0,0,0,0
53.55,0,0,0,0,0,0,0,1,0,3,0,0,0,2,0,1,0,0,2,2,0,1,2,2,1,1,1,1,2,1,1,0,0,1,2,1,1,4,1,5,2,0,4,3,3,2,1,6,5,2,3,3,6,2,1,4,6,4,2,6,5,0,5,2,2,3,6,21,15,27,28,26,34,29,40,29,37,41,36,40,36,40,54,37,42,55,52,49,63,62,62,62,63,70,67,59,55,80,81,107,80,105,96,92,103,106,151,142,125,147,139,146,176,172,185,184,193,203,213,233,244,258,269,265,281,312,292,344,329,315,396,407,427,436,400,455,484,470,506,556,540,561,585,610,581,598,567,641,654,631,647,698,639,675,654,651,673,703,701,708,705,687,673,726,731,661,686,678,636,605,582,638,575,581,545,544,540,582,556,505,505,495,469,449,464,484,452,459,412,405,417,433,380,400,374,329,362,357,342,398,393,381,363,377,359,290,368,366,382,353,340,389,355,334,369,359,330,379,366,348,361,357,356,334,334,385,339,333,330,324,284,301,277,251,263,221,180,202,178,153,121,140,106,81,83,81,59,40,52,32,27,21,17,19,16,11,8,11,6,2,4,4,2,4,1,2,3,0,1,1,0,2,0,0,0,0,0,0,0,0,0,0,0,0,0,0,0,0,0,0,0,0,0,0,0,0,0,0,0,0
53.65,0,1,0,0,0,0,0,1,0,0,0,0,0,0,1,0,0,0,0,0,0,1,0,2,2,2,0,0,3,2,1,1,0,3,3,0,2,1,1,0,2,3,1,4,2,3,2,3,4,3,5,3,4,4,1,1,8,3,5,3,3,6,1,3,1,4,2,13,14,25,27,30,20,28,40,33,38,22,40,26,33,44,32,46,51,40,49,43,55,39,35,60,62,69,50,77,72,78,95,91,84,109,94,100,101,120,138,134,129,161,141,142,145,170,169,212,200,192,201,235,222,226,266,273,283,303,357,333,320,335,393,386,400,398,476,456,478,515,515,542,579,575,577,603,545,638,668,615,598,637,629,675,675,677,647,672,699,729,687,712,691,647,689,689,716,711,655,671,640,623,598,605,601,574,563,560,564,543,532,502,502,533,459,457,479,485,464,455,406,421,411,429,398,400,359,339,360,359,351,404,391,374,362,372,363,305,361,365,376,356,343,386,350,330,376,354,329,380,365,342,360,360,349,332,331,384,341,336,326,324,277,304,277,253,263,222,182,202,177,153,122,140,106,81,84,80,61,40,52,32,26,21,17,19,16,11,8,11,6,2,4,4,2,4,1,2,3,0,1,1,0,2,0,0,0,0,0,0,0,0,0,0,0,0,0,0,0,0,0,0,0,0,0,0,0,0,0,0,0,0
53.75,0,0,0,0,0,0,0,0,2,1,0,0,0,1,1,0,0,4,1,0,1,1,0,1,0,1,3,2,2,2,0,1,1,3,0,3,0,2,1,3,3,3,2,3,2,2,4,3,1,3,3,4,4,1,4,6,3,3,8,4,8,3,3,5,5,3,4,14,19,24,21,24,36,32,29,25,34,37,33,42,44,56,47,42,52,43,60,52,53,73,64,47,66,62,62,71,62,74,89,80,105,106,99,129,110,101,148,144,135,144,150,142,178,155,172,188,199,180,224,204,218,269,265,274,315,288,289,348,302,366,361,408,445,446,449,431,484,513,497,532,514,560,566,595,633,638,625,626,584,612,669,619,672,626,682,700,684,706,713,703,698,672,676,668,713,723,655,677,639,591,627,590,631,563,583,578,552,561,512,524,498,558,465,457,470,478,447,462,394,434,426,412,394,402,357,341,340,347,359,400,397,373,364,357,361,307,360,363,377,365,329,383,348,324,375,353,329,374,362,339,355,354,350,334,331,386,339,342,331,320,276,309,275,254,260,221,181,204,177,154,120,140,107,80,84,80,60,40,51,32,26,21,17,19,16,11,8,11,6,2,4,4,2,4,1,2,3,0,1,1,0,2,0,0,0,0,0,0,0,0,0,0,0,0,0,0,0,0,0,0,0,0,0,0,0,0,0,0,0,0
53.85,0,0,0,0,0,1,0,0,1,0,0,0,1,0,1,2,2,0,1,1,0,0,1,2,0,1,3,2,0,1,1,1,1,0,0,0,2,1,1,0,2,2,2,3,0,4,2,2,2,4,4,4,4,3,2,2,3,3,3,3,3,5,2,4,2,5,4,12,21,30,27,41,35,27,38,40,34,33,40,38,42,47,36,51,44,49,53,58,48,59,66,49,64,68,80,98,93,68,82,79,93,93,104,99,119,118,137,135,138,140,164,179,175,189,202,177,191,214,237,244,259,268,291,276,290,289,310,320,363,353,381,398,419,446,467,451,433,477,503,534,539,536,506,587,602,607,646,641,639,668,640,582,655,693,666,681,656,726,679,680,663,656,703,708,713,710,711,656,650,626,650,617,596,569,575,540,547,523,516,513,492,539,459,453,470,457,466,467,397,427,421,456,377,404,347,329,347,349,356,402,378,377,360,353,359,308,355,356,373,373,339,376,349,331,378,349,329,365,356,345,354,350,343,337,338,384,340,339,332,324,275,305,275,249,263,215,181,201,178,157,120,137,109,78,84,80,58,40,49,33,26,21,17,19,16,11,8,11,5,2,4,4,2,4,1,2,4,0,1,1,0,1,0,0,0,0,0,0,0,0,0,0,0,0,0,0,0,0,0,0,0,0,0,0,0,0,0,0,0,0
53.95,0,0,0,0,0,0,0,1,0,0,0,0,0,0,0,1,0,2,2,0,0,0,2,0,0,1,0,1,2,0,0,3,2,3,0,1,2,2,2,8,3,3,5,2,1,3,3,7,1,4,5,2,5,2,3,5,2,2,2,3,3,4,3,1,5,4,6,9,17,21,21,27,37,27,34,24,33,37,34,45,57,49,47,48,39,55,52,57,57,44,67,50,57,63,70,73,91,81,82,117,89,88,119,114,119,101,129,113,116,144,163,154,161,182,174,210,186,191,217,207,280,247,275,300,322,319,311,313,374,338,373,400,404,423,435,433,472,466,520,514,550,536,545,566,617,607,637,676,635,661,619,652,656,690,677,697,652,755,714,668,670,674,708,702,696,707,674,586,631,623,644,605,588,549,600,545,555,494,501,511,460,527,472,468,475,470,482,463,423,425,430,441,373,389,371,332,347,349,348,386,395,379,358,356,358,323,359,352,365,375,342,368,346,335,370,350,330,366,360,343,351,349,347,338,336,384,341,340,332,322,277,308,277,249,265,215,183,197,176,155,121,136,110,78,84,78,58,40,49,34,25,20,17,20,17,10,8,11,5,2,4,4,2,4,1,2,4,0,1,1,0,1,0,0,0,0,0,0,0,0,0,0,0,0,0,0,0,0,0,0,0,0,0,0,0,0,0,0,0,0
54.05,0,0,0,0,0,1,0,0,0,0,1,1,0,2,1,0,0,0,1,0,0,0,2,0,0,0,0,3,1,0,0,3,0,1,1,0,1,1,2,2,2,4,3,2,4,3,4,4,6,5,3,3,4,4,3,5,3,7,3,4,5,2,4,3,4,2,6,12,25,23,32,30,36,21,30,32,33,37,37,41,33,36,56,39,43,45,55,62,59,54,66,57,66,63,79,75,62,88,76,96,77,120,119,94,118,123,142,126,156,143,165,152,162,140,182,165,192,241,212,250,224,268,271,254,299,295,318,344,326,363,354,387,388,356,433,442,495,501,526,478,539,557,603,611,567,579,615,629,658,675,647,637,668,678,693,730,697,694,722,661,651,705,694,666,720,662,680,613,635,645,600,610,578,563,622,555,552,499,485,512,444,518,460,487,479,444,472,456,436,419,434,423,380,393,368,342,339,340,349,384,401,372,353,347,352,322,354,355,358,371,339,364,342,332,356,351,342,359,366,345,353,351,345,344,337,382,338,334,340,316,277,306,276,249,261,213,181,197,174,156,123,137,110,75,84,78,60,40,48,34,25,20,17,20,16,11,7,10,5,2,4,4,2,4,1,2,4,0,1,1,0,1,0,0,0,0,0,0,0,0,0,0,0,0,0,0,0,0,0,0,0,0,0,0,0,0,0,0,0,0
54.15,0,0,0,1,0,0,0,0,0,0,0,0,0,0,1,1,0,0,0,0,0,1,1,1,2,0,0,0,1,2,1,0,0,0,0,0,1,0,4,0,2,2,2,1,0,2,3,5,5,2,4,4,1,2,0,3,4,2,3,3,5,3,3,3,4,4,5,10,17,31,23,24,30,39,28,33,30,26,38,33,37,41,38,34,59,43,44,48,50,49,56,73,59,53,72,70,85,68,86,94,88,88,109,101,105,133,115,132,137,138,151,146,191,162,204,185,218,212,225,199,234,265,217,287,270,322,336,327,381,374,394,413,385,432,455,451,462,479,482,512,507,544,566,534,625,596,599,649,644,659,650,674,673,680,711,686,724,679,718,661,678,686,676,664,625,722,649,653,619,630,581,584,574,565,575,544,558,499,483,485,447,495,478,484,461,430,484,447,437,418,434,393,391,402,356,342,339,354,374,373,404,372,355,352,353,331,367,343,353,376,341,372,342,335,361,348,337,357,364,336,353,351,344,351,334,384,342,334,334,315,274,304,275,247,260,210,182,197,174,157,122,137,112,75,81,78,59,40,50,34,25,20,17,20,16,11,7,10,4,2,4,4,2,4,1,2,4,0,1,1,0,1,0,0,0,0,0,0,0,0,0,0,0,0,0,0,0,0,0,0,0,0,0,0,0,0,0,0,0,0
54.25,0,0,0,1,0,0,0,0,0,0,0,1,0,0,0,0,1,0,1,0,0,0,1,1,1,0,0,1,1,1,2,2,2,1,2,0,1,2,4,3,3,3,2,2,4,2,3,1,2,4,2,4,4,5,4,4,2,2,3,3,2,5,1,3,8,1,5,17,19,21,30,19,30,24,23,42,34,42,35,27,35,36,34,47,43,50,55,50,61,49,65,83,63,58,68,85,74,70,81,57,92,92,115,103,94,110,114,131,136,130,158,154,155,177,173,192,215,212,217,216,239,258,257,261,276,287,306,308,349,332,364,387,385,398,445,446,510,462,471,519,501,526,548,576,602,621,589,626,637,713,670,666,611,653,719,714,767,716,730,687,680,728,686,625,662,670,642,641,602,624,600,549,569,545,600,542,538,508,479,500,450,488,479,479,446,431,465,429,434,432,421,382,408,393,355,327,343,355,377,372,392,370,361,346,341,341,362,339,375,364,345,378,334,336,367,339,338,358,361,331,353,350,347,352,337,376,354,332,337,323,272,303,273,243,263,213,186,196,175,157,119,138,111,76,81,78,59,38,48,34,25,20,17,18,15,11,7,10,4,2,4,4,2,4,1,2,4,0,1,1,0,1,0,0,0,0,0,0,0,0,0,0,0,0,0,0,0,0,0,0,0,0,0,0,0,0,0,0,0,0
54.35,0,0,0,0,0,0,0,0,0,0,0,1,1,1,0,3,0,0,0,2,1,0,1,2,1,0,2,1,0,1,3,2,0,1,2,1,2,0,2,3,4,4,1,5,3,5,5,3,2,4,3,2,5,5,2,4,3,2,3,3,3,4,2,2,8,6,6,13,28,24,25,23,28,28,19,37,30,36,21,25,43,51,33,45,47,51,46,50,46,59,55,81,68,54,68,72,70,92,73,111,101,95,102,111,101,109,128,133,127,121,157,167,178,190,188,200,202,220,206,243,231,260,251,268,272,298,297,343,339,345,373,355,384,418,454,469,458,504,487,540,469,495,603,534,545,603,625,636,648,633,679,678,614,682,719,756,691,651,690,687,699,739,654,641,692,681,621,638,602,645,609,545,541,531,593,577,510,527,466,493,442,495,471,474,439,426,455,430,441,415,425,369,394,382,362,327,330,359,363,366,393,356,361,343,349,339,357,339,378,363,347,375,335,337,366,333,339,358,358,329,352,352,351,351,339,377,347,328,333,318,274,304,274,242,265,217,184,195,174,156,118,136,109,75,81,79,59,38,48,34,25,20,17,18,14,11,7,10,4,2,4,4,2,4,1,2,4,0,1,1,0,1,0,0,0,0,0,0,0,0,0,0,0,0,0,0,0,0,0,0,0,0,0,0,0,0,0,0,0,0
54.45,0,0,0,0,0,0,0,0,0,0,1,0,1,0,0,0,1,0,0,0,0,0,0,1,0,0,0,0,0,1,3,0,2,2,0,0,1,3,3,1,2,2,0,2,1,6,4,2,4,2,2,0,5,2,3,2,1,1,3,7,3,1,6,3,2,1,2,16,25,16,19,24,39,25,26,28,25,31,32,39,34,52,33,38,45,46,51,35,53,53,58,56,67,50,69,73,78,91,74,72,96,83,104,106,116,125,107,132,130,134,146,162,163,166,171,210,182,175,203,221,223,285,273,257,291,314,331,316,325,357,387,395,407,388,399,458,492,462,457,518,517,540,526,560,575,611,610,653,656,633,648,666,704,647,706,741,670,671,706,670,639,723,694,635,660,624,624,591,615,601,614,543,565,534,582,585,483,495,455,501,465,477,481,459,453,440,439,420,445,419,428,365,383,368,356,326,348,346,354,373,405,367,360,338,340,340,359,333,377,368,348,381,346,344,367,339,339,357,355,333,351,356,344,345,341,369,346,325,335,315,277,300,275,242,264,218,188,192,172,157,118,135,109,75,82,76,58,37,48,34,25,21,17,17,13,11,7,10,4,2,4,4,2,4,1,2,4,0,1,1,0,1,0,0,0,0,0,0,0,0,0,0,0,0,0,0,0,0,0,0,0,0,0,0,0,0,0,0,0,0
54.55,0,0,0,0,0,0,0,0,0,0,1,1,1,0,0,1,1,0,1,1,0,0,0,0,1,1,3,3,2,2,3,1,2,0,3,2,3,1,3,0,4,2,2,1,3,1,3,4,3,10,1,3,5,3,1,1,2,5,6,3,9,6,3,5,4,1,4,18,12,22,20,23,25,32,25,23,35,38,23,38,32,32,33,43,50,43,61,46,51,54,57,62,64,64,62,65,85,86,74,97,104,92,116,102,104,89,117,136,146,144,160,162,161,162,177,188,178,210,242,222,204,271,246,256,305,303,304,333,339,372,406,395,386,427,439,442,435,480,483,521,515,533,556,552,558,623,634,654,628,659,655,685,691,712,692,708,698,693,648,677,694,709,690,620,641,619,629,611,584,606,603,583,558,579,578,552,510,499,463,521,468,462,485,470,452,455,414,424,463,428,429,383,403,358,350,311,361,346,355,365,403,355,374,344,340,339,349,332,379,348,351,382,342,358,365,339,345,354,362,336,353,358,343,343,342,369,347,325,338,315,279,304,274,247,263,218,190,191,173,157,117,137,108,75,84,76,58,37,47,35,25,21,17,17,13,11,7,10,4,2,4,4,2,4,1,2,4,0,1,1,0,1,0,0,0,0,0,0,0,0,0,0,0,0,0,0,0,0,0,0,0,0,0,0,0,0,0,0,0,0
54.65,0,0,0,0,0,1,0,0,0,1,1,0,0,0,0,0,0,0,0,1,0,2,0,1,3,0,2,0,0,1,0,0,1,0,1,0,2,0,3,2,0,1,1,4,2,0,5,0,3,4,1,7,4,3,1,9,5,4,3,1,4,1,2,3,3,5,7,11,28,31,23,30,25,34,29,21,25,29,41,33,45,41,35,44,43,38,46,53,47,51,64,65,60,65,64,66,78,65,89,68,83,95,100,99,118,116,124,133,139,139,162,139,163,187,190,193,177,201,192,219,221,243,245,262,291,321,284,309,356,356,349,374,440,447,446,484,483,472,463,503,513,494,572,590,575,615,623,677,665,633,670,696,695,680,703,703,666,722,624,691,699,678,686,659,628,624,653,642,557,618,592,584,589,615,553,545,505,519,463,518,450,478,469,464,450,453,420,424,468,427,452,387,398,364,346,312,374,337,350,378,396,351,376,348,335,334,342,338,381,353,340,383,339,358,361,342,347,357,361,336,362,357,342,346,343,362,351,321,340,314,279,307,278,250,266,218,191,190,176,155,118,135,108,75,85,77,57,37,48,34,25,21,17,16,13,11,6,11,4,2,4,4,2,4,1,2,4,0,1,1,0,1,0,0,0,0,0,0,0,0,0,0,0,0,0,0,0,0,0,0,0,0,0,0,0,0,0,0,0,0
54.75,0,0,0,1,0,0,0,0,0,0,0,1,1,0,0,0,0,1,1,0,2,0,0,0,2,0,0,1,4,2,1,1,0,4,1,1,2,3,2,3,2,3,2,3,4,4,4,3,6,0,2,3,1,4,2,1,2,3,3,3,8,4,3,3,2,3,7,13,25,31,29,34,19,34,40,28,22,37,42,30,40,44,42,40,45,42,59,47,53,39,60,76,57,71,75,60,68,69,78,94,68,105,103,106,104,116,136,121,135,139,138,163,171,179,191,176,203,208,226,232,243,259,240,278,297,295,337,320,329,371,416,369,385,408,408,443,482,456,539,509,526,527,572,582,637,637,606,559,699,688,614,682,652,672,688,697,708,663,660,706,705,676,658,662,585,606,661,608,600,619,595,551,587,602,521,574,507,512,483,495,454,441,479,470,471,440,420,453,461,433,449,411,387,360,345,308,379,327,358,373,390,349,375,355,328,332,345,346,383,351,343,385,341,361,351,340,351,362,355,344,364,356,347,346,341,364,351,324,335,316,275,307,279,248,264,219,190,190,178,155,118,135,105,75,88,76,57,37,49,33,26,21,17,16,13,11,6,11,3,2,4,4,2,4,1,2,4,0,1,1,0,1,0,0,0,0,0,0,0,0,0,0,0,0,0,0,0,0,0,0,0,0,0,0,0,0,0,0,0,0
54.85,0,0,0,0,0,0,0,1,0,0,0,0,1,1,0,0,0,1,0,0,0,0,0,1,0,0,0,0,1,0,1,1,1,2,0,2,1,2,4,2,0,0,4,3,5,4,1,4,2,2,3,1,3,3,1,4,8,5,4,3,2,2,2,4,3,4,8,21,17,32,19,36,21,24,22,35,30,29,35,38,41,28,44,37,35,42,53,39,54,64,50,65,71,56,58,72,61,71,77,85,86,85,91,117,88,114,118,118,131,138,134,145,160,153,177,210,180,204,181,223,221,233,254,238,272,274,297,303,297,352,368,356,370,425,443,455,478,491,529,502,562,558,528,624,585,614,608,601,619,668,686,656,669,692,698,708,678,682,671,670,683,704,674,676,602,603,653,613,617,646,598,554,599,576,541,555,485,488,491,484,449,431,487,463,463,453,430,425,451,436,444,399,383,342,340,319,376,317,361,369,390,342,365,353,320,335,338,351,397,350,353,369,346,361,339,337,350,359,357,346,363,359,345,343,345,359,351,322,329,316,269,307,276,250,263,216,186,187,183,150,118,136,105,74,86,76,58,38,50,32,26,21,17,16,13,11,6,11,3,2,4,4,2,4,1,2,4,0,1,1,0,1,0,0,0,0,0,0,0,0,0,0,0,0,0,0,0,0,0,0,0,0,0,0,0,0,0,0,0,0
54.95,0,0,0,0,0,0,0,1,1,0,1,1,0,1,0,0,2,0,1,1,1,0,1,1,0,0,2,2,1,2,1,1,5,1,2,0,2,2,1,1,2,4,1,3,1,4,0,2,2,3,0,2,1,4,2,4,5,2,2,3,0,3,4,1,8,2,9,20,19,22,28,22,24,29,29,27,34,28,36,43,38,39,47,41,43,44,35,39,50,56,64,69,65,60,72,65,65,61,88,96,91,90,103,101,119,111,114,134,127,135,152,162,150,153,189,172,223,210,206,229,229,281,275,287,315,297,321,316,318,357,371,365,404,404,468,419,489,462,520,518,510,578,578,604,573,604,617,608,609,652,672,655,654,638,670,651,680,704,680,657,670,660,646,683,586,612,621,630,650,627,621,580,581,551,546,494,487,495,509,493,442,427,479,454,448,441,440,421,448,432,427,397,404,331,344,313,390,310,352,373,383,345,360,350,316,329,345,361,393,364,351,359,349,352,343,338,355,351,356,348,363,362,346,345,342,360,349,321,325,316,267,308,271,252,261,218,184,190,184,149,119,135,104,76,83,78,56,37,51,32,26,21,18,16,13,11,6,11,3,2,4,4,2,4,1,2,4,0,1,1,0,1,0,0,0,0,0,0,0,0,0,0,0,0,0,0,0,0,0,0,0,0,0,0,0,0,0,0,0,0
55.05,0,0,0,0,0,0,0,0,1,1,0,0,0,1,0,0,1,1,0,1,1,0,1,1,1,1,2,0,0,0,4,0,0,3,0,4,0,0,3,2,6,1,2,1,4,4,1,4,5,5,5,4,4,3,3,3,6,5,3,0,3,0,1,7,6,4,4,9,19,28,15,19,37,35,26,26,34,31,23,36,38,31,34,46,47,40,48,51,60,51,53,60,63,78,73,70,75,77,88,91,86,104,105,103,119,120,113,128,147,146,149,163,165,176,181,168,225,217,199,240,267,227,261,274,279,299,317,324,366,361,362,367,417,417,416,428,435,465,469,533,588,540,578,573,539,621,632,627,581,614,670,625,674,667,695,654,667,689,704,640,677,661,671,655,586,634,597,636,626,605,590,590,564,543,537,510,470,476,513,478,461,449,495,454,441,437,461,421,428,441,415,402,401,329,349,318,388,313,354,379,384,349,357,360,308,338,361,360,387,371,351,366,347,350,340,333,354,357,354,347,362,369,344,349,347,356,345,316,324,314,268,311,268,254,259,219,183,190,185,149,117,133,105,76,83,78,56,37,51,32,26,21,18,16,13,11,6,9,3,2,4,4,2,4,1,2,4,0,1,1,0,1,0,0,0,0,0,0,0,0,0,0,0,0,0,0,0,0,0,0,0,0,0,0,0,0,0,0,0,0
55.15,1,0,0,0,1,0,0,0,0,0,0,0,0,0,0,0,1,2,0,0,0,0,0,0,0,0,0,0,1,1,0,2,0,3,1,1,4,1,4,3,1,1,3,5,3,2,2,2,2,5,3,2,6,6,5,7,5,3,4,6,3,2,4,7,2,2,4,14,25,24,21,26,25,28,28,30,24,36,44,37,38,43,35,40,36,46,54,59,49,53,58,57,54,68,58,71,91,82,66,94,86,79,99,105,84,115,116,133,141,111,159,161,156,168,174,179,190,223,171,260,229,233,245,269,278,294,310,344,324,360,381,372,415,403,413,458,469,493,473,503,523,568,569,574,622,590,589,617,618,580,628,657,643,707,686,665,668,659,686,663,696,691,665,632,648,594,595,633,633,615,603,568,569,545,525,494,485,478,524,488,469,438,487,466,419,443,472,433,427,454,404,391,395,336,352,328,380,316,343,374,377,360,336,369,310,338,371,352,388,371,353,368,343,355,344,338,358,356,354,344,366,370,348,345,343,348,347,315,326,315,267,311,264,254,259,220,187,188,184,144,116,132,106,76,83,77,57,37,51,32,26,21,18,16,13,11,6,9,3,2,4,4,2,4,1,2,4,0,1,1,0,1,0,0,0,0,0,0,0,0,0,0,0,0,0,0,0,0,0,0,0,0,0,0,0,0,0,0,0,0
55.25,0,0,0,0,0,0,0,0,0,0,0,1,0,3,1,2,0,0,1,0,0,1,1,0,0,0,0,0,1,2,0,2,0,1,0,1,3,1,3,1,4,2,0,3,3,3,2,2,2,3,1,7,4,2,3,0,6,1,8,2,3,5,6,6,4,3,3,14,24,20,24,24,37,31,32,44,36,29,32,41,47,48,41,39,42,43,47,58,53,68,56,54,70,57,64,73,83,77,88,88,99,99,99,94,115,105,127,135,145,136,149,151,149,171,191,183,194,195,205,240,247,274,282,269,318,321,326,315,326,342,355,381,415,418,433,463,475,437,518,490,509,537,556,534,554,648,657,604,638,613,622,660,702,731,678,653,653,682,636,669,671,700,619,661,647,606,514,656,650,615,580,531,575,551,513,493,487,475,511,481,478,447,485,458,450,448,465,425,411,444,401,409,385,348,343,363,378,326,356,365,366,355,331,360,315,338,362,363,379,369,352,373,336,342,344,343,358,355,356,344,360,364,346,346,338,350,348,319,324,316,271,310,266,253,258,219,187,188,184,143,115,133,106,75,85,77,57,37,51,32,26,21,20,16,13,11,6,9,3,2,4,4,2,3,1,2,4,0,1,0,0,1,0,0,0,0,0,0,0,0,0,0,0,0,0,0,0,0,0,0,0,0,0,0,0,0,0,0,0,0
55.35,0,0,0,0,0,0,0,0,1,0,1,2,1,0,1,0,0,0,0,1,2,0,0,0,0,2,1,0,2,2,1,0,1,2,2,3,0,3,2,1,2,2,3,3,3,3,4,6,1,3,5,1,3,4,6,4,5,4,2,3,6,2,3,3,2,3,1,14,17,20,17,20,24,19,38,33,26,34,32,37,40,31,33,42,39,52,58,48,60,55,65,54,63,59,72,73,74,83,88,87,95,95,104,111,105,106,135,131,139,143,162,149,139,185,171,159,193,196,189,209,242,244,283,283,282,290,304,299,340,355,370,356,378,399,446,435,472,477,503,544,516,539,548,583,555,609,575,605,568,603,624,654,672,688,717,628,658,673,695,695,639,661,650,613,657,562,557,662,612,597,576,547,573,532,504,519,470,474,511,482,476,434,465,475,434,431,464,417,419,435,414,401,371,344,349,374,374,331,356,381,350,358,323,361,315,341,366,351,382,359,358,380,329,349,347,345,361,350,354,349,355,363,341,342,340,349,346,321,321,315,270,312,267,254,258,217,190,188,183,145,117,134,105,75,85,75,55,37,51,32,24,21,19,15,13,11,6,9,4,2,4,4,2,3,1,2,4,0,1,0,0,1,0,0,0,0,0,0,0,0,0,0,0,0,0,0,0,0,0,0,0,0,0,0,0,0,0,0,0,0
55.45,0,0,0,0,0,0,0,1,0,0,0,1,0,0,1,0,0,0,0,0,0,1,2,2,1,0,0,1,0,0,0,1,1,3,1,0,1,0,3,0,1,1,2,2,3,3,4,3,3,1,4,2,3,2,3,3,8,4,0,4,1,4,1,5,6,1,4,12,17,17,32,26,27,30,40,26,25,29,32,31,41,36,34,36,38,49,39,48,48,60,53,70,63,76,75,67,80,95,75,81,97,112,122,99,108,104,117,130,133,124,146,149,148,163,158,196,185,183,210,207,258,237,260,271,290,276,307,307,309,339,342,383,406,399,415,473,467,446,489,521,515,574,560,546,640,516,616,598,635,637,625,683,648,691,705,640,603,699,629,715,640,666,666,618,638,545,548,609,611,620,573,561,568,538,503,548,463,486,496,476,472,420,445,491,436,437,441,427,412,434,414,392,373,352,351,353,387,339,361,378,347,352,317,375,316,349,365,357,379,359,364,378,329,345,342,337,360,345,364,349,348,364,343,339,348,344,349,325,321,313,266,313,271,252,258,220,191,190,181,147,115,135,105,75,84,70,55,37,51,32,24,21,19,15,15,11,6,9,4,2,4,4,1,4,1,2,4,0,1,0,0,1,0,0,0,0,0,0,0,0,0,0,0,0,0,0,0,0,0,0,0,0,0,0,0,0,0,0,0,0
55.55,0,0,0,1,0,2,0,0,0,0,0,0,2,0,1,0,0,0,3,1,0,0,0,2,1,1,1,0,0,0,0,2,0,0,0,4,5,3,2,0,1,0,4,3,2,2,0,5,2,3,4,4,0,2,4,2,1,4,3,4,4,3,4,3,2,3,5,17,24,20,26,19,25,30,33,28,29,27,36,28,42,48,44,45,47,44,50,55,57,57,70,70,60,65,63,60,76,89,97,111,86,103,91,110,116,103,126,118,122,133,149,184,178,187,165,175,188,191,240,207,224,250,269,303,287,276,324,307,324,366,339,369,400,410,442,455,453,491,497,508,506,504,594,578,570,575,590,601,588,616,624,635,701,703,688,674,656,642,631,706,714,638,640,619,626,549,557,598,605,593,549,557,567,567,490,574,458,494,472,494,459,432,437,482,470,444,405,424,406,425,404,397,358,346,344,342,383,331,357,379,347,349,305,381,313,340,359,362,390,357,360,367,331,350,341,339,363,351,366,350,352,361,341,342,348,340,350,325,325,314,268,311,274,250,260,217,186,191,177,148,115,138,104,75,84,70,55,37,51,32,24,21,19,15,15,11,6,9,4,2,4,4,1,3,1,2,5,0,1,0,0,1,0,0,0,0,0,0,0,0,0,0,0,0,0,0,0,0,0,0,0,0,0,0,0,0,0,0,0,0
55.65,0,0,0,0,0,0,0,0,1,0,1,0,0,0,1,0,1,1,1,1,1,1,0,0,0,0,1,1,1,0,0,1,0,2,2,1,2,3,3,2,1,1,1,3,3,8,2,1,5,2,3,6,3,7,1,6,4,2,1,3,2,3,2,7,5,8,11,11,20,22,27,19,30,33,28,35,32,40,40,32,44,39,46,48,50,46,48,48,66,48,70,75,59,69,73,76,93,69,77,99,94,97,100,98,110,124,126,150,137,133,141,160,139,164,164,193,187,221,224,242,227,250,278,257,306,285,309,321,328,341,333,410,404,413,417,445,438,473,502,490,528,549,548,598,577,606,602,598,648,636,667,628,635,675,677,689,709,677,661,654,657,658,610,620,597,529,592,569,598,620,585,519,584,536,499,529,484,486,469,497,460,441,440,523,434,437,410,429,409,423,401,388,361,354,347,348,390,339,352,383,359,350,314,372,310,346,360,355,391,360,360,356,327,346,339,335,359,351,359,351,351,359,342,336,357,341,347,328,323,315,269,310,274,247,259,218,185,191,178,146,115,140,104,75,85,69,55,37,51,32,24,21,19,15,15,11,6,8,4,2,4,4,1,3,1,2,5,0,1,0,0,1,0,0,0,0,0,0,0,0,0,0,0,0,0,0,0,0,0,0,0,0,0,0,0,0,0,0,0,0
55.75,1,0,0,1,0,0,0,0,0,0,1,1,0,0,0,0,1,0,0,3,0,0,0,2,0,1,2,1,0,0,0,2,1,0,2,2,1,1,1,1,0,1,2,4,2,1,5,2,3,6,4,4,3,3,5,4,2,3,5,4,5,2,2,3,2,2,9,20,20,26,18,28,27,37,30,34,26,36,37,39,36,51,37,53,35,43,46,48,48,56,40,48,65,46,60,65,61,78,74,79,91,82,94,101,104,108,99,104,127,142,116,133,149,174,160,196,182,220,219,189,224,269,257,249,257,280,288,329,355,362,362,343,387,390,411,435,501,444,446,540,523,541,564,570,587,609,667,623,587,684,639,620,669,631,679,664,679,641,671,671,665,615,613,585,616,545,551,563,618,585,563,524,567,565,523,508,481,491,489,495,453,444,442,485,431,410,411,427,411,424,408,382,351,355,342,339,387,334,358,365,355,354,325,374,312,348,357,360,398,359,351,354,330,354,326,335,353,353,356,356,356,362,339,340,357,336,344,333,324,314,269,310,278,250,259,219,184,191,181,145,114,146,103,75,86,67,56,37,50,32,23,21,19,15,15,11,6,7,4,2,4,4,1,3,1,2,5,0,1,0,0,1,0,0,0,0,0,0,0,0,0,0,0,0,0,0,0,0,0,0,0,0,0,0,0,0,0,0,0,0
55.85,0,0,0,0,0,0,0,0,0,0,0,0,0,1,0,0,1,1,0,1,1,0,0,0,0,1,0,1,0,1,0,0,2,1,1,0,2,4,1,0,2,2,0,3,2,6,6,4,4,3,5,2,3,3,8,2,3,5,2,5,4,3,2,4,5,4,3,9,14,30,19,30,22,29,27,35,37,36,32,45,37,39,42,41,45,35,53,42,57,56,52,61,80,69,68,63,70,87,88,91,73,78,96,113,88,113,139,129,122,126,149,149,170,163,181,154,188,215,207,249,216,226,257,278,307,297,315,312,344,340,361,406,398,415,457,416,446,465,513,514,531,526,523,560,582,580,613,630,613,648,666,650,595,619,647,667,683,618,655,639,668,632,664,573,552,558,558,564,610,571,531,573,511,597,530,503,466,457,487,490,451,447,447,489,424,419,419,431,409,420,398,391,367,366,350,337,382,332,365,363,350,348,334,374,305,345,355,364,397,347,353,348,335,356,330,336,351,354,354,348,358,363,337,339,356,338,339,338,325,319,268,312,280,254,262,220,184,190,181,143,110,146,104,77,86,67,55,37,50,32,22,22,19,15,15,11,6,7,4,2,4,4,1,3,1,2,5,0,1,0,0,1,0,0,0,0,0,0,0,0,0,0,0,0,0,0,0,0,0,0,0,0,0,0,0,0,0,0,0,0
55.95,0,0,0,0,0,1,1,0,1,0,0,0,0,0,0,0,0,0,0,0,1,1,0,0,1,0,0,2,1,2,0,0,1,0,4,1,1,0,3,3,3,1,4,2,2,5,0,3,1,1,2,4,6,6,3,2,6,3,6,1,5,3,7,1,6,2,2,20,19,27,38,21,22,23,24,32,30,36,43,36,48,32,36,40,47,38,43,53,52,55,84,66,62,61,58,74,72,83,93,83,94,95,97,121,106,111,122,127,146,143,122,166,154,153,167,184,192,201,210,227,219,268,259,259,289,306,302,326,308,372,353,388,385,429,450,475,465,455,452,520,523,523,550,565,558,585,577,623,608,636,649,597,573,636,652,705,662,646,650,624,663,662,661,611,545,548,595,584,602,570,514,556,534,586,506,497,468,491,472,482,440,434,441,483,428,430,427,421,402,401,394,375,384,362,341,340,373,334,381,363,354,350,348,375,308,345,355,356,395,348,343,343,329,359,330,339,355,354,356,354,349,353,334,339,354,337,338,339,327,321,267,310,278,256,259,219,184,189,180,142,112,144,104,76,87,67,57,39,49,32,22,20,20,14,15,11,6,7,4,2,3,3,1,2,1,2,4,0,1,0,0,1,0,0,0,0,0,0,0,0,0,0,0,0,0,0,0,0,0,0,0,0,0,0,0,0,0,0,0,0
56.05,1,0,1,0,0,0,0,0,0,0,0,0,0,0,1,0,0,0,1,0,0,0,0,0,0,3,1,2,1,1,1,1,1,0,0,2,1,1,1,1,3,3,1,1,4,6,4,2,2,4,4,5,4,1,2,4,3,3,3,2,2,7,3,3,4,1,10,14,13,24,38,20,31,31,31,38,34,31,27,30,42,38,37,36,43,45,42,61,55,57,53,52,59,67,81,72,84,77,65,90,86,89,88,96,108,114,114,122,142,148,149,144,155,183,181,176,208,214,223,241,234,272,249,266,278,285,315,319,331,350,348,367,417,428,431,423,447,458,536,485,549,540,507,540,594,559,584,577,626,632,631,608,594,592,641,682,677,654,615,670,646,622,608,656,566,567,576,609,568,549,528,551,540,562,514,503,455,474,469,495,457,418,443,457,431,440,418,433,421,407,394,384,392,355,348,338,368,330,380,371,335,349,356,390,311,352,344,354,396,352,341,343,338,353,333,339,359,356,357,356,355,344,341,332,357,336,340,342,327,323,271,308,277,256,267,214,183,194,180,144,110,142,103,75,87,67,56,39,49,32,22,20,20,13,15,11,6,7,4,2,3,3,1,2,1,1,4,0,1,0,0,1,0,0,0,0,0,0,0,0,0,0,0,0,0,0,0,0,0,0,0,0,0,0,0,0,0,0,0,0
56.15,0,0,0,0,0,0,0,0,0,0,0,1,0,0,0,1,1,1,2,2,1,0,0,1,3,0,0,0,2,1,0,3,0,0,1,2,1,3,0,1,4,2,5,1,4,2,2,2,5,1,5,5,3,2,3,0,4,6,2,1,4,4,4,4,1,4,3,14,19,17,23,31,27,27,30,22,28,41,29,49,43,51,38,59,44,47,62,37,49,58,51,67,55,65,55,79,67,110,79,71,71,82,100,103,97,124,117,109,135,162,143,146,171,164,199,181,192,207,205,232,246,230,261,274,285,295,299,370,345,358,393,361,358,353,422,430,459,485,456,533,489,501,581,539,563,592,553,595,600,606,643,616,630,614,641,668,692,635,650,658,635,623,630,656,537,575,558,621,565,552,541,581,553,577,536,493,460,471,483,496,468,418,462,467,417,445,420,423,410,410,393,390,409,357,336,338,364,335,395,384,343,347,356,395,320,344,359,354,393,360,344,350,342,354,336,340,360,349,358,360,343,351,349,335,362,334,348,341,329,324,268,312,271,255,271,211,181,192,180,146,112,139,101,76,87,67,56,39,49,32,21,20,20,13,15,10,6,7,4,2,3,3,1,2,1,1,4,0,1,0,0,1,0,0,0,0,0,0,0,0,0,0,0,0,0,0,0,0,0,0,0,0,0,0,0,0,0,0,0,0
56.25,0,0,0,0,0,0,0,0,0,0,0,0,0,0,1,0,0,0,0,1,0,0,0,1,1,1,1,1,0,1,0,1,2,1,3,5,2,1,2,2,0,1,0,0,2,5,5,2,1,5,4,2,1,2,3,4,4,1,1,5,0,1,3,4,6,3,4,11,24,16,31,23,28,32,29,25,34,30,41,34,34,39,42,39,38,39,49,65,58,62,61,51,70,74,75,64,76,74,74,85,97,92,113,89,113,120,111,121,133,153,141,139,154,184,169,206,183,196,195,207,209,235,253,258,271,295,286,298,371,347,346,408,387,401,409,453,417,457,477,479,530,520,505,589,594,584,574,569,613,647,629,637,654,617,606,674,679,710,618,644,625,606,599,617,552,547,592,565,576,568,533,586,529,583,518,499,445,459,484,459,475,429,469,473,422,429,403,428,416,388,393,394,397,363,331,334,362,336,390,384,346,353,352,406,330,338,356,342,382,348,343,345,345,352,344,340,351,353,353,360,344,355,343,337,358,338,348,340,331,321,268,310,265,252,274,211,181,194,179,139,113,137,102,75,87,65,56,39,49,31,21,20,20,13,16,9,6,6,4,2,3,3,1,2,1,1,4,0,1,0,0,1,0,0,0,0,0,0,0,0,0,0,0,0,0,0,0,0,0,0,0,0,0,0,0,0,0,0,0,0
56.35,0,0,0,0,1,0,0,0,0,0,0,0,0,0,0,0,1,0,2,0,2,0,2,0,1,2,1,0,1,0,2,1,3,0,1,0,1,1,1,1,2,3,3,3,4,3,2,6,3,3,5,1,3,3,4,4,6,2,7,3,3,5,6,0,3,4,3,23,18,25,26,26,38,34,34,30,36,32,28,34,34,34,41,35,43,46,54,51,63,56,62,39,70,59,79,64,81,73,93,109,94,114,94,105,104,125,125,114,127,123,153,159,162,174,155,166,186,210,206,214,225,262,244,257,285,276,292,288,294,323,369,373,406,424,418,446,451,455,484,494,563,514,549,518,578,525,577,570,598,601,617,592,654,602,583,679,710,711,628,639,616,631,629,610,564,562,603,608,577,563,537,558,534,554,511,486,462,482,471,490,457,426,478,487,427,426,392,445,428,378,385,398,403,347,324,358,389,329,406,375,347,362,361,405,317,340,348,339,381,350,345,350,349,359,346,344,355,353,348,354,346,352,349,331,360,340,343,344,331,323,269,312,264,256,274,208,182,194,176,139,113,137,104,75,87,65,56,39,49,30,22,20,19,13,16,9,6,6,4,2,3,3,1,2,1,1,4,0,1,0,0,1,0,0,0,0,0,0,0,0,0,0,0,0,0,0,0,0,0,0,0,0,0,0,0,0,0,0,0,0
56.45,0,0,0,1,0,0,2,0,2,0,1,0,0,0,0,1,1,0,1,0,0,2,1,0,0,0,0,0,1,3,0,0,1,1,1,3,3,2,1,4,3,3,1,1,5,0,2,1,3,2,2,3,1,5,3,0,2,4,3,2,4,2,3,6,0,1,4,12,19,13,28,24,20,28,28,29,32,34,33,32,35,44,43,52,41,41,47,56,45,54,63,68,63,66,65,70,73,83,72,81,82,102,92,77,115,100,120,113,131,159,136,166,155,177,173,166,193,206,212,230,251,235,267,284,256,282,303,307,356,364,368,345,420,402,413,450,452,481,519,518,527,565,516,563,528,559,542,593,584,624,643,605,659,612,603,662,709,680,670,641,606,654,639,603,557,545,574,568,562,562,567,562,523,565,506,459,503,475,481,480,485,444,475,466,432,414,398,433,429,388,374,387,399,339,341,344,385,327,408,388,343,358,352,400,320,358,353,347,380,348,347,347,344,349,344,341,351,361,350,353,348,347,344,330,355,335,347,345,327,324,272,313,267,258,275,206,184,193,177,141,113,136,103,75,86,65,56,40,49,30,22,20,17,13,16,9,6,6,4,2,2,3,1,2,1,1,4,0,1,0,0,1,0,0,0,0,0,0,0,0,0,0,0,0,0,0,0,0,0,0,0,0,0,0,0,0,0,0,0,0
56.55,0,0,1,1,1,0,0,0,0,0,0,0,1,0,0,1,0,0,0,0,1,0,0,1,0,1,1,1,2,0,4,0,3,1,0,3,6,1,1,0,4,0,2,3,1,6,1,2,3,3,8,3,4,5,3,3,1,5,2,4,4,4,4,4,3,4,4,15,19,21,18,30,26,31,22,30,18,25,36,48,38,39,47,39,40,56,41,46,53,57,55,52,64,64,73,66,70,83,79,83,98,96,96,97,116,106,121,108,141,147,143,156,169,183,164,198,208,190,208,226,249,229,254,237,270,306,310,314,342,353,370,371,395,435,420,437,465,476,516,511,558,555,562,568,517,567,571,561,612,599,604,637,614,623,624,661,666,681,667,622,609,643,648,596,569,546,581,536,577,564,529,551,516,523,527,431,499,491,459,460,512,466,461,431,417,411,384,443,431,391,372,374,398,339,342,343,372,348,402,373,352,377,355,386,336,346,350,344,378,343,343,338,340,342,346,342,358,365,361,351,355,346,343,333,350,334,354,342,331,319,279,310,270,259,273,209,183,191,177,141,112,135,106,75,86,65,56,39,49,30,22,21,17,13,16,9,6,6,4,2,2,3,1,2,1,1,4,0,1,0,0,1,0,0,0,0,0,0,0,0,0,0,0,0,0,0,0,0,0,0,0,0,0,0,0,0,0,0,0,0
56.65,0,0,0,0,0,0,0,0,0,0,0,1,0,0,0,0,0,0,1,1,1,0,0,2,1,2,0,0,1,1,1,3,1,0,0,3,2,2,4,3,2,0,2,2,2,1,3,1,4,4,4,4,3,7,2,2,5,3,8,3,4,3,1,3,3,1,7,17,24,21,24,18,25,41,19,33,38,34,38,38,36,39,50,40,42,45,66,47,60,46,56,56,76,74,79,74,84,74,81,94,95,93,105,114,97,114,140,131,103,137,141,138,134,149,154,196,198,199,219,219,230,216,269,261,270,307,293,323,297,337,357,392,396,402,430,439,460,499,493,510,528,550,544,611,562,552,590,557,584,611,644,622,614,628,625,644,620,693,665,598,623,619,664,621,581,560,545,550,591,555,549,540,529,513,532,455,493,469,469,457,489,471,442,451,421,416,363,452,440,399,373,360,401,353,337,345,360,362,391,367,367,382,351,374,339,348,350,348,376,343,338,343,333,339,353,335,354,354,372,353,360,345,347,332,344,331,353,343,329,324,284,312,269,256,277,209,185,192,176,142,115,133,106,75,86,65,57,41,48,30,22,21,17,13,14,9,5,7,4,2,2,3,1,2,1,1,4,0,1,0,0,1,0,0,0,0,0,0,0,0,0,0,0,0,0,0,0,0,0,0,0,0,0,0,0,0,0,0,0,0
56.75,1,1,0,0,0,0,0,0,0,0,0,0,0,0,0,0,0,0,0,0,1,0,0,0,0,0,0,0,0,1,2,1,0,1,1,0,0,2,3,0,2,1,3,0,2,4,4,1,3,2,5,2,3,4,1,3,6,4,3,7,2,6,7,2,2,3,4,12,19,24,26,25,31,14,32,28,39,35,36,29,40,40,31,49,38,39,30,57,45,56,54,67,60,51,81,64,79,92,91,80,81,86,105,106,122,110,114,123,151,142,156,150,195,180,200,209,213,229,209,234,237,249,278,281,265,296,287,328,345,349,375,399,432,441,436,433,498,474,506,477,503,558,530,569,574,587,601,583,610,604,598,636,611,636,615,629,599,686,693,644,659,611,613,636,633,619,547,523,559,564,546,552,551,493,528,450,472,480,485,452,478,459,458,452,441,396,362,431,434,394,369,360,409,348,321,333,359,355,389,376,358,377,349,367,346,333,350,348,371,342,337,343,334,340,352,325,358,351,369,351,357,345,345,332,351,334,354,346,329,323,284,310,271,254,277,207,189,192,176,141,116,133,106,75,86,65,55,41,48,30,21,21,18,13,14,9,5,7,4,2,2,3,1,2,1,1,4,0,1,0,0,1,0,0,0,0,0,0,0,0,0,0,0,0,0,0,0,0,0,0,0,0,0,0,0,0,0,0,0,0
56.85,0,0,0,0,0,0,1,0,0,0,0,0,0,0,0,0,0,0,0,0,0,1,0,0,2,0,1,1,0,2,3,1,3,2,1,0,0,2,2,2,2,0,3,2,1,2,4,6,1,3,2,3,5,4,6,3,8,3,1,4,3,2,2,3,3,6,5,11,22,26,26,23,26,45,30,20,32,37,38,37,48,35,43,42,46,41,39,65,50,64,59,52,65,69,86,76,68,73,81,76,86,110,90,93,121,112,146,132,127,138,143,156,136,179,162,161,176,232,216,217,226,249,257,311,291,346,288,331,322,360,356,381,426,416,424,450,474,481,476,502,531,518,600,561,574,561,598,617,601,619,581,623,618,629,630,651,641,676,649,671,639,644,612,623,590,617,573,520,575,542,559,536,544,474,532,464,499,489,479,458,462,476,428,470,433,399,364,415,406,395,366,368,390,361,321,351,362,363,391,359,380,369,347,361,350,340,339,352,359,351,336,342,332,343,353,326,362,345,361,345,362,344,346,327,350,336,353,347,337,320,292,309,267,252,275,209,189,192,177,141,120,132,107,75,86,65,55,42,48,30,21,21,17,13,14,9,5,7,4,2,2,3,1,2,1,1,2,0,1,0,0,1,0,0,0,0,0,0,0,0,0,0,0,0,0,0,0,0,0,0,0,0,0,0,0,0,0,0,0,0
56.95,0,0,0,0,1,0,0,0,0,0,0,0,0,0,0,2,0,0,2,0,0,0,0,0,0,0,0,0,1,0,0,2,2,0,1,2,2,4,2,1,1,2,4,0,4,4,5,4,2,1,2,3,0,2,4,4,2,5,4,2,1,4,3,3,4,2,10,11,21,15,19,35,18,23,36,21,32,28,29,34,33,47,45,43,44,40,51,51,55,49,61,69,65,56,67,68,83,73,91,61,91,118,88,104,116,95,104,109,140,134,165,162,157,173,177,205,176,214,236,228,251,266,266,272,291,304,304,360,328,358,387,414,445,407,432,439,463,483,472,478,541,483,554,585,561,565,571,551,606,556,592,625,641,637,655,585,681,654,679,640,639,587,600,618,626,634,565,536,589,545,602,526,508,494,511,464,487,470,451,454,469,440,430,447,442,407,375,430,404,391,358,375,367,355,321,358,364,366,386,360,386,362,342,359,351,337,337,357,347,358,343,345,326,342,347,328,363,342,356,341,362,345,342,331,352,334,350,347,337,316,302,306,266,257,277,211,189,190,178,141,122,133,106,75,86,63,55,42,48,30,21,20,15,13,14,9,5,7,4,2,2,3,1,2,1,1,2,0,1,0,0,1,0,0,0,0,0,0,0,0,0,0,0,0,0,0,0,0,0,0,0,0,0,0,0,0,0,0,0,0
57.05,0,0,0,0,0,0,0,0,0,0,0,0,1,0,0,0,1,0,0,0,1,1,0,0,1,0,0,1,2,2,1,2,2,1,1,1,0,0,4,0,3,1,1,3,1,5,3,5,1,4,5,5,4,3,4,5,4,1,4,4,4,6,2,4,4,1,7,14,14,19,27,29,24,27,35,31,41,26,37,35,45,42,51,56,52,43,57,44,54,49,48,63,61,70,67,79,92,82,90,93,84,82,102,96,101,124,118,124,126,151,132,159,161,178,197,217,208,194,235,230,235,236,237,301,286,321,297,347,315,314,372,388,384,405,416,457,440,450,521,502,481,533,541,577,590,568,568,601,580,573,602,598,647,616,675,561,698,636,630,606,624,652,620,596,604,604,606,538,573,520,563,521,516,471,533,475,479,454,459,454,479,441,421,463,440,402,354,413,421,385,358,373,376,355,342,362,358,368,378,366,390,354,334,354,349,335,347,360,350,347,335,352,322,338,343,338,365,347,352,342,356,344,342,332,351,338,349,344,340,315,302,306,265,256,277,206,189,193,176,139,122,133,103,76,85,63,55,44,46,30,21,20,15,13,14,9,5,7,4,2,2,3,1,2,1,1,2,0,1,0,0,1,0,0,0,0,0,0,0,0,0,0,0,0,0,0,0,0,0,0,0,0,0,0,0,0,0,0,0,0
57.15,0,0,0,0,1,1,0,0,0,0,0,0,0,0,0,0,0,1,0,1,0,0,5,1,0,0,0,2,0,0,3,2,0,0,3,0,1,2,0,2,1,2,3,3,2,4,4,3,4,5,6,4,2,5,5,1,0,2,4,3,2,1,3,6,5,3,6,18,26,25,16,34,18,24,19,31,25,30,41,33,51,36,39,35,35,55,48,50,58,54,50,60,51,70,68,76,84,72,83,85,94,104,87,107,111,119,117,137,141,132,165,161,151,162,173,199,204,191,190,213,228,242,258,244,332,330,343,322,343,349,355,375,400,390,478,461,439,509,473,488,502,541,554,569,530,589,608,590,598,597,617,598,643,649,649,610,620,610,630,635,626,652,619,604,619,609,574,537,548,523,576,505,517,462,539,471,483,468,477,458,505,431,424,456,436,387,363,410,401,401,368,389,383,359,334,364,367,384,376,379,387,359,324,366,337,332,347,360,355,339,334,355,315,342,345,344,364,349,354,345,349,347,346,327,351,332,345,344,337,319,303,311,261,257,280,204,191,191,174,138,124,131,103,76,83,63,56,43,46,30,21,20,15,12,14,9,5,7,4,2,2,3,1,2,1,1,2,0,1,0,0,1,0,0,0,0,0,0,0,0,0,0,0,0,0,0,0,0,0,0,0,0,0,0,0,0,0,0,0,0
57.25,0,0,1,0,1,0,0,1,0,0,1,0,0,1,1,1,0,0,0,1,0,0,0,0,0,0,2,0,0,1,0,2,1,2,1,3,0,1,1,1,2,1,0,4,3,2,3,3,3,1,3,3,5,4,3,5,8,3,2,7,3,8,4,4,3,4,4,19,14,17,23,29,28,23,19,41,35,22,46,28,34,36,39,42,41,45,44,45,57,44,62,66,73,74,84,61,70,67,91,81,87,85,78,96,97,96,132,123,135,155,159,178,146,162,187,178,195,199,225,232,240,253,245,246,258,291,345,335,352,349,369,370,402,407,400,446,466,524,513,508,553,536,528,585,587,578,624,581,580,602,620,642,639,636,656,629,611,600,623,623,658,630,612,598,580,600,593,553,540,526,558,491,501,467,516,521,491,456,504,455,473,441,421,452,435,402,379,401,405,403,383,388,395,365,335,368,369,381,378,370,391,364,337,359,334,339,345,365,352,333,336,354,312,339,345,352,362,348,354,339,356,345,337,319,354,335,349,350,341,323,302,310,258,258,278,205,192,190,173,139,124,133,102,76,84,62,56,43,46,30,20,21,15,12,14,9,5,7,4,2,2,3,1,2,1,1,2,0,1,0,0,1,0,0,0,0,0,0,0,0,0,0,0,0,0,0,0,0,0,0,0,0,0,0,0,0,0,0,0,0
57.35,0,0,0,0,0,0,0,0,0,1,2,0,0,0,0,0,2,1,0,1,0,1,1,1,0,0,3,0,0,2,1,1,1,0,0,1,1,0,2,3,2,2,1,3,3,1,1,2,3,6,3,0,5,3,2,1,5,2,6,3,2,3,2,5,6,1,6,11,20,31,35,23,40,23,30,35,24,44,39,38,35,38,40,44,46,39,42,42,52,55,71,60,66,82,62,98,86,61,83,85,98,86,107,97,101,107,114,126,126,140,146,139,184,181,160,175,166,198,213,229,233,247,252,227,260,340,295,319,344,322,372,362,420,393,440,438,447,482,470,504,496,547,545,539,566,596,570,577,566,635,582,626,631,582,663,663,633,612,609,650,620,594,580,584,564,593,577,552,560,533,546,514,484,491,526,507,490,464,484,452,471,435,446,463,407,410,387,385,401,405,395,385,380,360,330,356,371,374,363,368,392,360,332,360,325,343,341,353,352,336,333,351,315,340,340,351,359,352,355,341,355,338,340,321,356,334,345,346,340,319,305,305,263,255,278,207,195,188,173,139,123,134,102,76,85,62,56,43,46,29,21,22,15,12,14,9,4,7,3,2,2,3,1,2,1,1,2,0,1,0,0,1,0,0,0,0,0,0,0,0,0,0,0,0,0,0,0,0,0,0,0,0,0,0,0,0,0,0,0,0
57.45,0,0,1,0,0,1,0,1,0,1,0,1,0,0,0,1,0,0,0,0,0,2,1,0,0,0,0,1,1,0,0,2,1,2,1,2,0,1,2,2,4,3,3,2,3,3,0,3,7,0,3,2,6,5,4,1,4,2,8,0,6,0,1,3,3,6,6,14,18,21,28,27,27,32,23,22,28,35,41,48,39,42,38,39,40,43,35,54,50,59,60,64,56,73,60,61,73,60,76,87,84,95,97,105,111,141,119,119,122,142,143,165,163,173,167,163,193,218,244,204,215,224,241,220,279,321,324,309,343,381,329,392,381,413,385,444,483,458,468,497,527,511,552,570,597,586,573,592,558,641,599,627,598,642,627,623,606,623,619,678,561,618,579,569,543,622,601,579,558,521,558,521,475,483,490,491,474,479,460,444,453,436,409,470,418,416,392,378,397,420,388,386,369,370,326,336,364,377,348,356,396,352,345,347,320,340,353,354,348,331,340,360,313,340,330,350,355,345,356,341,353,343,333,319,357,329,345,345,331,326,309,308,258,253,280,204,196,190,174,139,121,135,101,76,86,63,56,43,45,29,21,22,15,12,14,9,4,7,3,2,2,3,1,2,1,1,2,0,1,0,0,1,0,0,0,0,0,0,0,0,0,0,0,0,0,0,0,0,0,0,0,0,0,0,0,0,0,0,0,0
57.55,0,0,0,0,0,0,0,0,0,0,0,0,1,0,0,1,0,0,0,1,1,0,0,0,0,1,0,2,2,3,2,0,1,2,4,2,0,2,3,0,1,4,2,0,0,1,4,7,4,3,5,2,5,6,5,0,5,1,3,5,4,2,1,0,4,2,4,19,18,22,29,24,32,33,33,38,33,29,44,34,39,42,46,49,39,52,45,47,44,61,64,54,72,67,71,57,63,81,82,76,81,95,93,104,105,124,118,132,125,148,152,147,176,177,167,193,201,224,230,218,244,233,243,267,297,250,284,308,290,320,386,371,441,388,452,440,455,482,445,456,496,542,592,595,574,581,609,585,595,606,646,624,609,635,629,625,617,598,587,660,602,616,606,550,573,602,594,589,549,534,536,510,467,492,495,509,461,471,459,437,452,429,408,464,442,409,399,388,402,413,381,370,377,386,316,350,360,376,354,357,390,353,338,350,322,350,349,357,350,324,343,364,317,337,331,349,358,345,357,346,354,347,336,324,354,328,348,347,334,328,309,306,262,251,275,204,191,188,174,140,121,132,100,77,83,62,56,43,45,28,21,22,15,12,14,9,4,7,3,2,2,3,1,2,1,1,2,0,1,0,0,1,0,0,0,0,0,0,0,0,0,0,0,0,0,0,0,0,0,0,0,0,0,0,0,0,0,0,0,0
57.65,0,1,0,0,0,0,0,0,0,0,0,0,0,0,0,0,0,0,1,1,1,0,1,2,0,0,0,1,1,0,2,1,2,1,2,0,1,0,1,1,2,3,3,1,1,5,5,1,3,1,6,3,4,2,1,1,2,4,4,4,3,5,2,1,3,7,1,8,9,16,17,22,30,26,25,29,22,30,29,33,22,40,41,42,34,38,46,38,52,51,44,50,56,68,55,80,64,80,89,101,88,77,94,99,105,122,125,120,120,146,135,154,138,170,139,181,198,189,230,234,215,255,250,276,271,276,304,316,332,342,354,378,395,393,443,487,468,439,465,515,487,529,562,578,607,580,601,608,625,621,657,618,573,612,631,631,581,591,624,613,643,598,587,533,552,575,556,590,527,557,527,506,471,493,488,517,469,460,455,455,458,437,424,470,460,411,385,384,384,421,384,375,385,384,311,358,352,374,355,361,392,354,328,359,314,344,345,359,359,318,345,357,325,329,335,350,364,345,354,337,350,348,332,330,354,326,349,344,330,328,307,304,263,252,274,204,192,185,175,140,120,132,98,76,83,62,56,43,45,27,21,22,15,12,14,9,4,7,3,2,2,3,1,2,1,1,2,0,1,0,0,1,0,0,0,0,0,0,0,0,0,0,0,0,0,0,0,0,0,0,0,0,0,0,0,0,0,0,0,0
57.75,1,0,0,0,0,0,0,0,0,0,0,0,0,0,2,1,0,0,1,0,0,0,1,0,0,1,0,0,1,1,1,1,2,1,1,3,1,2,1,2,2,1,4,1,4,2,2,1,3,5,3,1,3,2,2,2,3,2,2,4,2,5,10,1,5,0,5,20,14,28,41,30,19,18,28,37,28,39,43,33,37,31,41,40,36,47,28,49,36,70,70,55,58,63,54,60,71,68,76,72,86,98,110,118,113,130,130,137,132,143,161,166,158,168,146,187,180,224,185,206,225,274,215,272,268,291,293,318,327,340,393,381,412,410,411,422,444,496,491,514,509,483,517,572,596,556,630,590,639,597,605,615,641,595,657,680,613,611,637,620,623,600,569,522,634,610,545,577,541,534,521,504,476,500,494,543,488,459,445,450,438,448,421,480,450,426,368,376,390,412,372,378,350,383,303,344,352,363,363,355,394,341,328,348,311,346,339,349,344,329,347,363,321,333,335,353,362,354,351,333,353,344,330,329,346,334,344,342,327,331,313,302,260,251,275,204,194,182,177,138,123,130,100,76,82,62,55,43,45,27,21,22,15,12,14,9,4,7,3,2,2,3,1,2,1,1,2,0,1,0,0,1,0,0,0,0,0,0,0,0,0,0,0,0,0,0,0,0,0,0,0,0,0,0,0,0,0,0,0,0
57.85,0,0,0,0,0,0,1,0,0,1,0,0,2,1,0,1,0,1,1,0,0,0,1,1,1,0,1,1,0,0,1,1,4,1,1,3,1,2,1,2,2,3,2,2,3,1,4,3,3,3,0,5,4,3,0,4,4,4,4,4,3,2,6,5,6,2,3,15,13,14,32,33,32,20,18,32,35,32,24,37,24,44,41,27,41,35,60,57,56,58,58,55,62,56,63,73,79,70,81,82,80,96,99,124,110,100,111,130,121,112,160,160,148,165,182,165,209,221,189,244,227,230,247,290,279,289,318,327,354,397,392,375,391,414,428,435,471,494,422,508,536,489,521,575,575,616,629,596,589,596,639,629,571,616,636,644,569,576,635,630,578,596,541,581,588,602,523,577,510,520,543,503,473,502,466,513,484,424,463,449,433,444,413,444,439,406,384,364,383,400,370,394,341,361,302,327,362,370,356,362,387,326,325,347,315,343,331,355,340,335,348,353,322,325,328,353,355,358,351,333,356,339,333,327,347,331,344,345,326,333,308,305,260,250,274,204,194,180,179,139,123,130,100,75,83,63,55,43,44,27,21,22,15,12,14,9,4,7,3,2,2,3,1,2,1,1,2,0,1,0,0,1,0,0,0,0,0,0,0,0,0,0,0,0,0,0,0,0,0,0,0,0,0,0,0,0,0,0,0,0
57.95,0,0,1,0,0,0,0,0,0,0,0,0,0,0,0,0,0,0,2,1,0,0,0,2,0,1,0,1,0,1,1,2,1,1,2,2,0,3,2,2,0,2,5,3,3,4,2,3,4,7,1,1,1,1,2,2,0,1,5,2,3,4,4,4,4,3,8,17,15,23,21,20,31,36,27,33,35,31,30,46,33,42,44,47,44,58,42,52,56,52,52,59,71,72,62,90,65,90,87,76,88,94,103,98,86,107,116,146,128,149,144,144,147,203,197,185,200,197,233,242,246,253,290,290,261,296,314,340,321,372,347,408,413,401,427,416,443,467,508,514,497,522,560,518,616,584,579,598,597,609,623,607,637,579,612,584,586,627,635,638,609,610,524,597,613,571,528,592,519,536,532,465,486,511,448,526,468,425,479,444,424,419,407,453,426,407,387,362,380,400,372,398,342,380,303,345,343,370,354,352,396,340,338,337,313,351,328,370,341,342,352,351,322,327,335,350,360,363,357,331,355,343,335,326,349,327,341,350,331,336,310,302,264,246,274,203,192,179,175,144,121,130,100,75,83,63,55,43,44,27,21,22,17,13,14,9,4,7,3,2,2,3,1,2,1,1,2,0,1,0,0,1,0,0,0,0,0,0,0,0,0,0,0,0,0,0,0,0,0,0,0,0,0,0,0,0,0,0,0,0
58.05,0,0,0,1,0,0,0,0,0,1,0,0,1,0,0,0,1,1,1,0,0,1,2,2,1,0,1,0,1,3,1,1,0,1,4,1,0,3,3,0,1,3,3,0,4,3,2,3,4,1,3,2,2,5,1,6,5,2,3,2,3,5,3,2,2,6,3,17,17,25,27,28,35,26,31,41,38,31,47,26,44,33,36,44,52,40,46,52,54,62,57,52,66,49,50,71,65,74,77,96,83,92,109,101,101,115,117,147,124,151,133,157,151,183,184,192,214,218,219,229,237,261,263,247,274,289,284,343,356,340,337,397,395,386,452,420,425,452,503,452,549,511,527,532,545,581,591,611,616,654,634,605,624,634,552,601,626,597,569,602,651,620,527,590,608,565,566,568,507,559,493,480,499,529,457,515,455,441,451,470,417,452,421,473,413,401,368,366,376,385,373,407,335,372,305,332,349,345,361,361,394,350,341,345,320,345,339,377,343,325,349,352,321,333,334,352,353,361,356,327,354,341,341,324,355,328,338,347,331,332,309,300,273,250,277,199,192,179,176,143,121,130,100,76,82,64,55,43,44,27,21,22,17,13,14,9,4,7,3,2,2,3,1,2,1,1,2,0,1,0,0,1,0,0,0,0,0,0,0,0,0,0,0,0,0,0,0,0,0,0,0,0,0,0,0,0,0,0,0,0
58.15,1,0,0,0,0,0,0,0,0,0,0,0,0,1,1,1,0,1,1,1,1,0,1,1,2,0,1,0,2,0,0,0,0,1,5,1,2,5,2,0,2,5,3,2,1,2,2,3,4,1,2,0,3,6,1,5,8,3,1,1,3,7,1,4,5,6,3,18,16,28,22,31,24,23,37,29,27,33,40,38,34,31,52,43,50,36,43,52,56,51,57,59,60,58,59,70,73,84,67,79,82,102,82,99,101,112,132,111,125,140,161,132,161,177,187,175,198,223,199,203,213,226,245,270,256,290,315,308,322,366,388,368,436,409,434,440,470,494,445,491,524,526,505,556,528,540,613,567,639,663,619,603,590,614,559,601,625,586,575,666,628,626,557,586,577,571,575,581,523,526,485,451,476,491,467,495,467,452,455,465,432,435,414,458,407,385,363,375,384,381,380,399,355,354,302,326,350,338,361,354,388,343,346,345,328,330,348,367,339,330,340,352,328,330,329,365,348,362,357,327,355,343,339,325,360,334,336,347,332,332,309,302,273,249,273,199,194,179,178,143,121,131,102,78,82,64,55,43,44,27,21,22,17,13,14,9,4,7,3,2,2,3,1,2,1,1,2,0,1,0,0,1,0,0,0,0,0,0,0,0,0,0,0,0,0,0,0,0,0,0,0,0,0,0,0,0,0,0,0,0
58.25,0,0,0,0,0,1,1,0,0,0,1,0,0,0,0,0,0,1,1,0,0,1,0,0,1,0,0,0,1,1,0,2,2,1,0,0,0,2,3,3,0,0,2,1,4,5,2,2,2,1,3,5,5,3,3,2,6,7,2,0,0,3,9,1,3,3,4,18,21,21,24,26,35,26,30,36,24,36,35,41,26,50,32,34,42,50,55,56,44,51,54,49,52,63,73,87,62,83,87,114,89,64,89,93,99,103,121,110,143,121,159,154,153,157,217,172,198,180,222,225,242,250,266,250,287,302,277,311,358,332,328,370,389,377,393,461,447,451,442,498,461,508,512,564,562,544,611,600,624,642,611,541,640,607,565,600,618,592,589,614,625,598,538,583,555,598,546,580,520,527,469,478,492,499,451,491,463,465,445,453,435,450,413,453,429,379,372,392,395,365,370,402,360,341,310,334,338,320,355,353,382,344,336,341,325,333,340,364,340,336,349,356,320,326,333,368,342,368,365,323,349,343,342,326,361,334,336,350,327,334,306,299,276,246,274,197,199,179,178,143,125,131,102,78,82,64,57,43,44,28,21,19,17,12,14,9,4,7,3,2,2,3,1,2,1,1,2,0,1,0,0,1,0,0,0,0,0,0,0,0,0,0,0,0,0,0,0,0,0,0,0,0,0,0,0,0,0,0,0,0
58.35,0,0,0,0,0,0,1,1,0,0,0,0,0,0,0,0,0,0,0,1,0,0,0,0,1,0,0,0,1,0,0,3,0,1,3,3,2,0,2,1,3,0,1,2,2,3,1,7,3,2,1,6,3,0,1,6,4,2,2,4,5,2,1,4,3,4,9,20,28,17,20,25,23,25,25,31,28,36,25,47,37,33,39,39,44,47,37,43,60,52,43,58,64,66,66,63,62,88,87,77,90,85,89,93,94,102,112,123,145,140,115,148,140,193,176,179,177,198,207,209,241,240,263,245,280,267,315,307,334,355,354,354,350,420,415,409,428,471,486,482,500,513,533,541,560,599,541,593,625,603,622,590,613,589,598,619,626,626,575,619,644,573,561,574,553,572,549,566,492,523,463,471,512,485,462,476,424,489,432,464,464,437,405,447,397,390,367,391,372,368,381,391,352,343,325,325,346,319,366,352,395,348,332,351,336,333,339,362,346,321,352,355,320,330,329,373,346,367,365,322,352,345,338,336,357,332,337,349,332,334,309,298,277,246,273,199,197,177,178,143,123,130,103,78,82,64,57,43,43,28,21,19,18,11,14,9,4,7,3,2,2,3,1,2,1,1,2,0,1,0,0,1,0,0,0,0,0,0,0,0,0,0,0,0,0,0,0,0,0,0,0,0,0,0,0,0,0,0,0,0
58.45,0,0,0,0,0,0,0,0,0,0,0,0,1,0,0,1,0,0,2,0,1,1,0,1,0,1,1,0,3,1,1,1,3,0,0,2,1,2,1,1,1,4,0,1,2,1,1,3,4,1,3,5,2,1,4,0,4,1,1,1,6,6,1,4,4,2,3,16,31,21,14,16,19,37,29,29,33,28,34,42,42,39,42,41,30,43,39,35,45,49,42,52,59,61,60,71,71,68,95,85,100,77,93,115,122,114,108,128,115,130,148,169,148,173,182,193,210,207,212,215,208,244,239,276,266,281,319,318,320,338,361,435,397,370,398,439,462,432,527,487,525,547,555,538,579,562,565,613,647,588,638,633,627,631,587,612,647,617,561,605,601,595,583,526,530,566,557,529,508,481,487,478,530,510,502,481,432,464,439,475,478,408,412,434,403,393,394,379,383,358,373,404,358,338,334,309,328,330,376,351,383,343,333,357,340,333,332,365,348,314,349,361,320,326,335,365,342,375,360,317,352,343,341,337,358,338,336,348,328,331,308,293,277,243,273,200,199,177,179,144,122,130,103,78,82,62,57,43,44,27,21,19,18,10,14,9,4,7,3,2,2,3,1,2,1,1,2,0,1,0,0,1,0,0,0,0,0,0,0,0,0,0,0,0,0,0,0,0,0,0,0,0,0,0,0,0,0,0,0,0
58.55,1,1,0,0,0,0,0,2,0,0,0,0,1,0,0,0,1,1,0,0,1,1,0,0,0,0,1,2,0,0,1,1,0,2,1,1,0,1,1,1,4,2,6,3,1,3,1,6,1,3,3,3,1,4,3,8,1,4,7,4,2,1,2,3,2,6,6,11,15,23,25,26,25,28,27,23,33,28,38,26,31,31,41,37,41,43,44,40,51,60,54,65,63,58,68,64,79,73,83,97,96,95,116,103,95,140,114,122,122,159,158,156,181,192,196,167,198,216,208,223,231,234,253,288,265,272,296,307,341,336,382,348,378,407,423,446,457,492,449,528,487,556,574,554,562,563,554,635,610,586,591,659,638,559,607,592,625,637,585,617,567,589,558,539,537,560,546,547,508,490,508,486,499,498,500,478,433,465,437,446,467,380,432,419,412,386,393,365,388,366,356,401,350,339,325,311,333,343,379,349,392,344,333,357,342,338,330,355,358,311,348,363,319,329,333,363,346,373,359,326,352,344,341,332,367,335,337,345,330,334,310,292,271,244,268,199,199,175,179,144,122,131,103,78,82,62,55,44,43,28,20,19,18,10,13,9,4,7,3,2,2,3,1,2,1,0,2,0,1,0,0,1,0,0,0,0,0,0,0,0,0,0,0,0,0,0,0,0,0,0,0,0,0,0,0,0,0,0,0,0
58.65,0,0,0,0,0,1,0,0,0,0,0,0,0,2,0,0,0,0,0,0,1,2,0,0,2,0,0,0,2,2,0,0,1,0,0,1,3,0,1,2,3,2,2,3,3,0,4,1,1,1,5,1,2,3,5,5,3,5,4,3,2,3,4,5,8,3,4,16,21,24,30,19,28,19,40,36,29,40,43,25,31,47,41,38,56,44,38,60,36,43,66,53,68,65,66,63,59,69,78,79,90,76,82,103,112,112,138,138,127,148,142,145,163,165,206,170,196,210,198,233,244,254,243,276,281,292,278,348,351,342,378,365,401,424,423,426,511,422,497,478,488,508,551,584,541,582,560,584,592,630,585,619,598,581,622,615,593,670,633,569,629,623,575,559,547,567,526,535,502,505,494,475,478,487,478,497,450,450,417,457,446,395,417,421,397,400,385,377,377,376,348,392,356,340,328,330,338,333,375,354,383,346,333,365,325,342,332,351,357,306,354,360,311,331,336,368,351,369,363,325,358,348,346,333,368,336,335,347,329,333,308,294,270,244,266,199,197,175,179,146,122,131,101,79,82,62,55,44,43,28,20,19,18,10,13,9,4,7,3,2,2,3,1,2,1,0,2,0,1,0,0,1,0,0,0,0,0,0,0,0,0,0,0,0,0,0,0,0,0,0,0,0,0,0,0,0,0,0,0,0
58.75,0,0,0,0,0,0,0,0,0,0,0,1,0,0,0,0,0,1,0,2,0,1,2,0,2,1,0,1,0,3,0,1,3,2,2,1,2,2,2,0,2,1,6,1,0,2,5,2,3,2,1,1,2,5,4,3,3,5,1,2,0,7,2,1,3,5,6,17,31,17,28,32,26,25,24,36,41,27,30,29,47,24,31,27,47,43,49,45,58,60,63,62,61,54,60,65,58,75,74,77,88,82,96,113,105,117,103,125,114,131,151,178,157,163,182,190,204,170,213,213,227,249,232,258,228,270,289,347,356,318,339,366,385,421,437,428,478,504,492,486,532,525,518,544,562,542,597,598,622,589,588,610,618,582,581,612,586,620,632,584,619,589,575,547,540,551,568,573,494,492,513,462,478,517,466,485,455,452,417,430,449,396,403,408,402,384,384,383,362,372,366,368,354,314,311,330,336,345,368,349,378,348,340,359,327,348,335,347,345,312,348,357,312,336,329,371,349,368,364,324,356,346,351,340,360,338,335,347,326,332,311,293,268,243,266,198,197,175,180,143,122,131,102,79,82,62,55,44,40,28,20,19,18,10,12,9,4,7,3,2,2,3,1,2,1,0,2,0,1,0,0,1,0,0,0,0,0,0,0,0,0,0,0,0,0,0,0,0,0,0,0,0,0,0,0,0,0,0,0,0
58.85,0,1,0,0,0,1,0,0,1,0,1,0,0,0,0,1,0,1,0,1,1,0,0,0,1,2,0,0,0,0,0,3,1,1,1,1,2,2,2,1,3,2,2,4,2,6,3,0,3,3,2,6,1,5,0,1,2,3,1,4,2,3,1,6,3,5,4,10,15,21,31,16,22,27,24,34,17,34,32,34,31,40,45,27,41,28,44,41,48,61,64,57,60,67,66,72,81,89,93,74,88,78,114,97,101,97,126,125,122,131,123,135,174,164,188,187,196,191,203,192,216,242,274,288,282,312,289,317,352,319,394,368,400,383,445,437,425,519,509,524,536,538,511,562,556,609,608,546,569,613,589,637,584,598,599,636,649,642,605,616,613,563,540,554,555,546,580,543,496,541,508,477,466,502,469,439,455,463,396,427,458,410,421,394,399,388,357,377,359,364,361,356,358,314,318,318,339,340,365,351,372,339,332,369,333,348,343,355,341,319,345,366,311,338,323,370,359,362,355,327,353,348,344,338,360,339,334,343,327,329,314,293,266,244,266,203,198,177,178,143,122,131,104,78,82,62,55,44,41,27,20,19,18,10,11,9,4,7,3,2,2,3,1,2,1,0,2,0,1,0,0,1,0,0,0,0,0,0,0,0,0,0,0,0,0,0,0,0,0,0,0,0,0,0,0,0,0,0,0,0
58.95,0,0,0,0,0,0,0,0,0,0,1,0,0,1,0,0,0,0,0,0,1,0,1,0,0,1,0,2,2,1,0,2,1,1,1,1,1,0,1,1,2,4,2,3,4,4,0,2,2,2,3,5,4,3,8,2,7,4,3,7,1,4,5,2,3,3,7,17,19,21,29,23,32,35,31,33,42,31,38,31,27,38,33,34,46,31,42,43,68,46,57,71,66,69,70,67,67,76,79,70,92,102,102,110,107,116,101,107,140,130,144,145,146,154,207,195,195,205,218,236,240,268,273,285,304,299,306,312,333,369,417,360,415,432,396,440,461,463,467,524,534,539,557,531,558,590,582,550,526,592,595,604,608,578,609,612,620,596,635,576,609,599,536,539,555,564,597,556,532,540,493,473,461,472,452,435,430,458,407,423,429,393,425,426,420,374,358,362,365,360,363,371,350,308,335,318,336,327,364,358,363,332,332,361,333,355,329,351,341,314,350,362,315,344,332,377,364,367,348,323,351,347,337,340,361,335,336,340,327,327,314,294,268,245,269,198,199,177,182,142,119,131,101,79,82,60,54,44,41,26,20,19,18,10,10,9,4,7,3,2,2,3,1,2,1,0,2,0,1,0,0,1,0,0,0,0,0,0,0,0,0,0,0,0,0,0,0,0,0,0,0,0,0,0,0,0,0,0,0,0
59.05,0,0,0,0,0,1,0,0,0,0,0,0,1,1,0,0,1,0,1,1,1,0,1,0,0,1,0,1,2,1,1,2,0,0,0,2,1,2,0,2,1,2,0,3,2,1,3,8,1,4,8,1,3,2,2,4,8,4,4,3,3,4,5,4,2,5,1,16,20,29,29,35,28,21,35,21,31,38,46,41,30,40,51,44,40,44,51,69,52,49,58,53,54,62,68,75,89,61,93,95,94,91,107,87,110,117,120,139,112,133,141,161,160,155,178,210,228,197,215,249,265,238,292,283,308,304,319,318,341,318,349,364,445,404,409,404,463,466,486,494,525,514,582,546,553,545,587,525,558,548,672,634,590,596,628,611,574,568,631,602,588,593,540,574,545,573,632,565,525,524,527,468,475,459,431,445,442,457,410,425,421,417,403,406,424,369,361,360,376,355,362,373,345,302,315,328,350,329,342,356,348,335,331,356,326,349,327,352,344,316,353,359,321,334,333,377,365,363,347,318,352,348,343,334,362,339,328,342,328,325,312,294,267,244,267,198,200,178,183,142,118,131,101,79,82,58,54,44,41,26,20,19,18,10,10,9,4,7,3,2,2,3,1,2,1,0,2,0,1,0,0,1,0,0,0,0,0,0,0,0,0,0,0,0,0,0,0,0,0,0,0,0,0,0,0,0,0,0,0,0
59.15,0,0,0,0,0,0,0,1,0,0,0,0,0,0,0,0,1,0,0,0,0,1,0,2,0,0,1,0,1,1,1,1,0,2,1,1,1,1,3,2,1,1,6,2,7,1,2,8,2,2,1,6,2,1,2,4,6,4,3,5,5,0,3,5,5,4,3,12,27,23,27,8,29,26,24,35,30,29,41,37,32,39,42,40,45,52,41,49,45,53,58,65,57,55,51,81,72,88,79,78,85,91,123,96,90,127,119,147,136,139,158,133,161,149,164,194,185,190,213,205,214,251,272,269,319,302,302,301,335,350,342,388,365,385,403,447,436,472,490,498,524,465,553,573,547,591,576,564,509,558,704,586,592,658,613,607,601,617,614,617,581,572,573,548,496,548,614,524,484,533,498,474,472,441,430,457,431,437,418,447,441,430,411,404,415,369,357,361,387,362,352,370,318,308,316,338,338,314,353,365,350,335,319,366,331,345,330,355,340,305,360,357,312,333,335,371,362,368,346,320,354,348,347,335,361,339,332,341,330,326,313,292,267,242,269,198,201,177,183,142,119,130,101,78,83,57,54,44,41,26,20,19,18,10,12,9,4,7,3,2,2,3,1,2,1,0,2,0,1,0,0,1,0,0,0,0,0,0,0,0,0,0,0,0,0,0,0,0,0,0,0,0,0,0,0,0,0,0,0,0
59.25,0,0,0,0,0,0,0,1,0,0,0,0,0,0,0,1,0,0,1,0,1,0,0,0,1,0,1,0,1,1,0,1,1,0,0,2,3,3,2,5,1,3,3,1,2,7,2,2,1,6,5,1,2,2,3,4,3,3,4,5,2,3,4,3,3,4,4,11,21,23,30,21,34,42,23,24,28,38,24,44,35,36,42,34,52,43,42,55,51,61,52,72,78,56,62,60,62,74,93,80,92,93,99,97,106,116,102,119,139,142,140,146,147,168,152,201,210,189,213,214,228,223,231,227,262,290,296,341,360,332,361,345,387,407,412,443,417,465,488,486,452,512,499,569,604,562,582,569,517,559,633,588,626,632,626,608,573,579,601,614,553,562,575,535,490,553,612,523,511,508,498,498,491,469,442,424,426,423,431,447,459,416,400,406,425,373,359,343,380,370,360,368,324,301,318,347,343,317,350,368,369,335,329,361,344,331,332,351,340,308,356,354,321,325,339,372,359,359,350,320,353,335,348,334,368,342,335,332,334,326,308,289,266,247,264,197,201,177,184,142,118,129,101,80,81,57,52,44,39,25,20,19,18,10,12,9,4,7,3,2,2,3,1,2,1,0,2,0,1,0,0,1,0,0,0,0,0,0,0,0,0,0,0,0,0,0,0,0,0,0,0,0,0,0,0,0,0,0,0,0
59.35,0,0,0,0,0,0,0,0,0,0,0,0,0,0,0,1,1,1,0,1,2,1,0,0,2,1,0,0,1,0,2,0,4,1,1,2,1,2,0,0,2,1,0,2,1,1,2,2,3,2,5,2,2,6,6,1,3,3,3,1,2,4,5,2,2,2,9,16,17,17,23,24,29,28,33,22,26,32,31,29,51,38,40,48,37,53,44,48,48,53,52,58,61,72,66,60,77,71,72,83,86,90,108,109,95,111,104,113,137,122,133,143,190,175,170,183,179,191,198,182,236,242,271,250,283,284,301,327,320,314,389,372,394,394,402,419,467,432,456,492,503,534,510,508,590,573,548,587,588,564,620,582,610,656,610,605,599,592,589,596,564,614,595,551,517,534,601,531,514,525,485,472,479,453,453,423,417,424,444,444,419,426,397,403,420,386,350,338,374,372,361,351,326,303,320,334,328,327,347,368,371,330,327,372,342,331,329,355,337,314,351,355,320,323,342,369,359,368,353,317,351,337,348,327,367,341,335,332,334,324,302,289,266,247,262,199,202,176,182,141,118,129,101,82,81,57,50,42,39,25,21,19,18,10,12,9,4,7,3,2,2,3,1,2,1,0,2,0,1,0,0,1,0,0,0,0,0,0,0,0,0,0,0,0,0,0,0,0,0,0,0,0,0,0,0,0,0,0,0,0
59.45,0,0,0,1,0,1,0,0,0,0,0,0,0,0,0,0,0,0,0,0,0,0,0,0,3,0,0,1,0,1,0,0,0,3,1,1,1,1,1,2,3,0,0,2,3,4,6,4,2,4,2,6,2,2,6,3,4,2,5,3,4,4,5,5,3,7,3,14,27,18,25,30,29,24,33,50,28,28,25,31,29,30,43,35,38,55,33,52,54,62,50,50,74,56,70,56,60,87,84,87,85,82,94,102,112,128,118,126,164,120,157,128,156,161,192,183,172,183,193,204,236,228,253,278,271,284,274,294,295,337,338,380,430,395,405,433,439,434,450,459,491,483,550,553,562,567,569,528,605,612,635,617,578,633,612,617,590,604,565,574,540,593,614,538,539,550,583,519,530,531,455,506,464,452,448,400,428,434,451,447,444,412,400,404,428,376,357,331,386,365,355,358,328,314,315,339,326,306,351,366,355,332,334,366,324,336,334,355,338,317,341,351,320,325,334,366,356,365,353,320,351,339,349,330,367,345,340,326,332,326,304,292,269,246,264,197,205,178,183,140,118,129,101,80,81,59,48,42,39,25,21,19,18,10,12,9,4,7,3,2,2,3,1,2,1,0,2,0,1,0,0,1,0,0,0,0,0,0,0,0,0,0,0,0,0,0,0,0,0,0,0,0,0,0,0,0,0,0,0,0
59.55,0,1,0,1,0,0,1,0,0,0,1,0,1,0,0,0,0,0,0,2,0,1,0,0,0,1,1,0,3,0,2,3,0,0,2,1,1,2,1,1,1,4,4,2,2,0,1,2,3,3,4,3,4,4,3,5,4,1,2,5,3,3,3,1,3,9,9,20,26,28,31,23,26,38,33,45,30,41,39,48,46,61,55,45,36,37,45,51,40,66,47,65,65,74,61,58,87,65,99,85,91,85,97,105,91,116,116,145,104,134,155,140,180,180,166,158,192,202,187,221,224,218,235,218,263,274,320,319,323,351,378,353,335,404,407,421,464,408,442,461,509,522,512,573,554,576,579,552,602,588,580,619,584,651,583,596,569,661,582,574,540,573,618,552,544,544,567,499,534,517,476,507,460,428,441,418,404,427,426,427,445,411,382,432,429,351,377,332,375,377,353,355,330,313,312,338,324,305,355,360,352,332,330,360,324,339,335,355,336,327,343,349,321,324,336,360,358,362,355,322,353,341,347,324,360,348,340,327,336,327,301,293,268,245,266,198,204,176,184,137,120,130,99,80,81,58,48,40,39,25,18,18,18,10,12,9,4,7,3,2,2,3,1,1,1,0,2,0,1,0,0,1,0,0,0,0,0,0,0,0,0,0,0,0,0,0,0,0,0,0,0,0,0,0,0,0,0,0,0,0
59.65,1,0,0,0,0,0,0,0,1,0,0,0,0,0,0,1,0,0,1,1,0,0,0,0,1,0,1,1,0,0,0,1,1,1,2,2,0,3,1,1,1,0,1,2,3,1,1,1,5,6,2,3,8,3,2,1,4,2,4,3,7,5,2,3,4,4,5,16,23,25,32,26,31,31,38,28,29,32,30,40,41,43,39,37,50,47,56,52,45,54,66,61,59,65,64,69,74,67,68,81,82,76,106,92,92,93,126,138,146,131,141,163,182,165,179,190,182,210,213,214,232,253,268,265,273,296,284,296,297,361,373,368,406,385,430,411,402,475,442,516,484,522,527,554,524,549,571,574,574,609,604,589,594,584,651,619,597,652,604,569,553,560,629,556,565,521,546,539,534,481,497,481,463,459,445,426,376,458,441,418,429,398,399,416,426,357,381,335,352,380,343,355,309,304,324,334,318,320,358,364,350,327,339,365,316,334,347,354,344,327,335,346,325,318,342,363,356,359,352,325,352,344,346,321,360,343,339,327,335,327,297,293,267,249,267,197,206,176,185,137,120,130,99,80,81,58,48,42,37,25,18,18,18,10,12,9,4,7,3,2,2,3,1,1,1,0,2,0,1,0,0,1,0,0,0,0,0,0,0,0,0,0,0,0,0,0,0,0,0,0,0,0,0,0,0,0,0,0,0,0
59.75,0,0,0,0,0,0,0,1,1,1,0,0,0,0,0,0,0,1,2,0,1,0,2,0,0,1,0,0,4,0,1,2,1,2,0,0,2,1,1,3,1,2,3,1,2,1,2,3,2,4,2,2,6,2,6,3,6,6,1,3,4,0,3,4,7,2,5,13,17,23,30,22,28,36,21,34,27,33,43,32,34,38,51,42,35,41,41,48,52,49,55,57,59,60,73,81,82,75,70,83,68,102,88,90,108,122,102,127,132,134,136,160,182,176,204,191,202,205,201,214,226,219,250,261,292,290,312,322,311,345,326,366,372,402,379,406,432,474,466,463,485,478,540,544,564,545,551,571,579,635,545,615,601,609,609,629,680,603,607,563,534,556,596,579,534,502,504,556,541,482,497,468,462,433,461,400,405,411,437,431,436,394,418,443,417,358,368,347,351,373,351,356,301,309,313,332,314,307,359,357,351,331,332,362,319,319,349,356,345,336,339,345,323,321,342,362,360,361,352,324,352,351,341,321,368,342,337,329,341,326,292,297,265,249,272,192,208,179,184,138,118,130,99,81,81,58,47,42,37,25,18,18,18,10,12,9,4,7,3,2,2,3,1,1,1,0,2,0,1,0,0,1,0,0,0,0,0,0,0,0,0,0,0,0,0,0,0,0,0,0,0,0,0,0,0,0,0,0,0,0
59.85,0,0,0,0,0,0,0,0,1,0,0,0,0,0,0,0,0,2,0,0,0,0,0,0,1,1,2,1,0,0,1,0,2,2,3,0,2,1,2,1,1,2,1,3,2,5,3,0,3,2,2,7,2,3,2,2,1,3,2,3,2,4,8,3,1,2,5,6,14,25,23,23,38,31,22,22,32,28,41,38,39,35,44,37,51,54,44,67,40,49,55,57,77,64,77,76,95,69,74,67,61,95,94,102,121,89,113,114,129,128,154,144,159,140,166,174,178,215,185,220,223,249,280,261,277,311,300,307,321,326,372,367,370,407,393,429,463,432,482,515,485,494,505,544,605,550,585,598,618,611,553,625,594,628,616,588,664,604,599,585,526,549,571,573,549,466,510,541,545,493,496,457,467,421,427,398,414,422,446,436,417,396,420,448,389,356,366,350,343,357,346,358,299,309,312,340,315,311,379,351,345,328,339,356,314,319,351,350,344,339,344,336,322,325,339,349,355,358,353,318,353,348,344,322,368,341,334,327,338,326,289,298,268,251,271,194,210,178,186,136,120,128,96,81,81,59,47,41,37,25,18,18,18,10,12,9,4,7,3,2,2,3,1,1,1,0,2,0,1,0,0,1,0,0,0,0,0,0,0,0,0,0,0,0,0,0,0,0,0,0,0,0,0,0,0,0,0,0,0,0
59.95,0,0,0,0,1,0,0,0,1,1,0,0,0,0,0,1,2,0,0,0,0,0,0,1,1,1,1,0,1,1,1,1,0,1,0,2,0,1,2,3,0,3,2,0,1,3,4,1,2,4,4,3,3,1,3,3,3,9,0,2,3,1,2,2,2,4,3,15,22,27,24,24,22,35,27,38,34,42,35,40,47,41,55,39,45,57,51,45,54,58,48,73,58,68,78,75,86,80,89,96,103,88,113,120,90,109,121,94,109,134,153,177,153,177,179,191,194,190,204,230,238,248,234,246,273,277,304,344,337,313,353,393,356,385,404,400,454,472,444,512,511,547,497,541,571,555,553,628,589,581,588,558,593,592,620,588,614,623,607,576,562,541,555,553,541,509,484,531,539,513,478,497,494,418,434,393,432,401,439,435,429,397,431,444,394,357,355,350,353,361,354,333,293,308,302,349,314,319,366,342,351,330,338,352,308,307,351,346,340,346,340,337,311,328,335,342,355,359,350,322,353,349,345,324,372,338,333,325,344,324,292,297,267,250,271,194,212,178,186,136,120,128,96,81,79,61,46,40,37,25,18,18,18,10,12,9,4,7,3,2,2,3,1,1,1,0,2,0,1,0,0,1,0,0,0,0,0,0,0,0,0,0,0,0,0,0,0,0,0,0,0,0,0,0,0,0,0,0,0,0
60.05,1,0,0,0,0,0,1,0,1,0,0,0,0,0,0,0,0,0,0,0,0,1,0,0,0,0,0,2,0,3,0,1,2,3,0,1,1,3,2,2,1,0,4,1,1,1,2,0,3,3,1,5,1,2,1,5,4,3,1,7,4,4,4,3,1,3,5,20,15,17,23,26,22,18,23,33,30,21,37,27,38,21,31,36,44,43,44,49,47,62,50,59,65,63,50,64,55,78,67,71,77,81,96,79,117,81,101,128,117,150,126,149,161,191,171,199,172,205,223,202,209,238,249,243,254,304,297,316,336,313,344,336,406,395,407,417,462,467,439,494,491,511,521,536,528,555,558,604,596,603,590,595,607,575,615,623,609,570,565,567,555,537,545,542,548,496,514,488,539,495,467,506,509,439,413,374,429,411,428,419,420,400,436,439,397,347,354,366,349,390,367,318,289,305,300,343,310,326,353,340,345,322,325,355,323,309,347,343,341,339,344,339,308,329,329,343,353,359,348,317,351,349,350,329,367,342,331,320,338,328,291,297,267,251,268,196,212,181,184,135,118,128,96,81,79,61,47,40,37,25,18,20,18,10,12,9,4,7,3,2,2,3,1,1,1,0,2,0,1,0,0,1,0,0,0,0,0,0,0,0,0,0,0,0,0,0,0,0,0,0,0,0,0,0,0,0,0,0,0,0
60.15,0,1,0,0,0,0,0,0,0,0,0,0,1,0,1,2,0,0,0,0,1,0,1,0,1,1,0,2,1,1,0,1,0,0,5,2,1,2,2,5,0,0,2,4,1,1,7,2,3,3,3,6,4,6,2,6,2,5,4,2,6,2,4,2,1,2,9,18,19,16,22,25,31,26,19,27,37,23,45,36,37,32,43,25,49,46,46,45,46,63,50,51,49,55,53,78,56,68,63,72,71,89,76,94,94,96,114,124,124,122,142,146,167,171,156,170,168,200,189,220,243,241,247,271,307,309,295,301,334,315,356,383,373,380,414,429,453,496,466,463,502,477,558,517,492,524,577,556,652,591,581,560,599,572,594,627,600,597,580,589,580,529,551,556,550,484,523,465,544,498,496,497,507,437,408,371,434,429,414,417,423,398,406,441,396,354,365,363,345,390,369,319,290,298,317,337,316,325,355,341,348,328,327,352,312,315,352,342,342,341,342,341,307,332,331,344,353,363,349,310,346,349,348,331,363,344,333,322,331,330,293,300,267,246,271,197,211,181,186,135,118,128,93,81,79,63,45,40,37,25,18,20,18,10,12,9,4,7,3,2,1,3,1,1,1,0,2,0,1,0,0,1,0,0,0,0,0,0,0,0,0,0,0,0,0,0,0,0,0,0,0,0,0,0,0,0,0,0,0,0
60.25,1,0,1,0,1,0,0,1,0,0,1,0,0,0,0,0,0,0,0,0,1,1,1,1,3,1,1,1,2,2,0,3,2,1,3,2,0,0,2,6,4,3,4,1,2,7,1,3,1,1,3,2,3,3,0,5,2,2,4,1,2,3,3,7,1,1,4,16,18,21,19,25,24,29,28,18,29,23,30,30,43,30,33,39,50,42,47,48,56,46,57,83,75,67,73,57,57,81,68,74,84,97,113,121,106,109,117,121,120,122,144,136,139,139,129,173,186,186,200,195,221,246,219,266,273,305,292,317,313,340,357,371,346,401,427,451,441,418,453,460,480,498,536,530,511,553,574,620,587,586,564,596,586,548,575,590,553,598,618,602,563,524,589,575,556,461,529,508,510,496,447,493,497,437,418,372,446,417,416,409,435,419,399,413,407,359,362,368,347,380,381,324,278,304,311,333,320,325,359,341,352,338,328,338,311,329,346,337,341,339,333,344,305,333,325,343,349,358,351,317,341,345,351,335,360,343,335,318,330,330,291,302,265,244,269,198,214,180,186,131,118,130,92,81,79,63,45,40,37,25,18,20,18,10,14,9,4,7,3,2,1,3,1,1,1,0,2,0,1,0,0,1,0,0,0,0,0,0,0,0,0,0,0,0,0,0,0,0,0,0,0,0,0,0,0,0,0,0,0,0
60.35,0,0,0,0,0,1,1,0,1,0,0,0,0,0,0,0,1,0,1,1,0,0,1,0,1,0,1,1,1,1,2,0,1,1,1,3,2,0,3,0,1,2,3,3,0,2,3,4,4,4,2,4,3,2,3,3,1,4,6,0,1,7,6,5,1,2,4,11,19,15,25,27,28,20,32,32,41,26,43,39,36,39,50,38,40,53,50,46,59,53,58,53,59,71,60,61,69,60,75,80,77,112,101,108,109,130,122,126,125,139,127,127,164,143,184,195,195,179,205,243,225,222,239,244,259,253,307,294,322,359,380,368,363,397,417,427,457,462,436,506,463,486,549,521,555,541,553,581,564,594,573,572,571,561,589,636,628,554,591,545,521,528,597,598,528,434,510,523,541,501,481,478,470,394,421,375,431,429,398,411,450,422,392,411,394,355,360,382,352,380,397,319,276,313,306,324,313,333,352,339,366,328,325,340,314,330,346,330,335,342,342,344,307,330,326,346,346,363,348,318,342,351,346,336,363,338,335,328,333,329,289,299,266,244,269,197,209,176,186,129,117,131,92,81,79,63,45,40,37,25,18,20,18,10,14,9,4,7,3,2,1,3,1,1,1,0,2,0,1,0,0,1,0,0,0,0,0,0,0,0,0,0,0,0,0,0,0,0,0,0,0,0,0,0,0,0,0,0,0,0
60.45,0,0,0,0,0,0,0,0,0,0,0,0,0,0,0,0,1,1,1,0,0,1,0,0,1,1,2,2,1,1,1,0,0,2,3,4,3,1,1,6,4,5,2,3,2,1,4,3,1,1,3,1,3,2,4,3,5,6,2,1,5,4,2,1,6,3,4,17,14,16,33,19,32,29,23,39,30,28,32,26,39,46,37,40,44,48,46,51,58,63,54,66,63,63,57,73,62,68,89,104,79,94,96,100,104,112,115,129,141,118,161,158,147,155,184,186,200,200,189,247,212,226,250,255,245,284,285,335,336,314,323,369,390,391,389,396,416,452,494,466,455,510,490,529,556,549,583,590,580,614,630,576,559,566,602,621,574,544,604,538,527,506,576,609,516,462,511,493,516,478,480,541,478,426,428,402,414,444,387,411,447,429,405,404,406,366,356,385,354,387,393,336,279,313,300,345,308,336,350,354,354,329,344,330,308,324,349,335,319,344,347,348,312,334,327,346,342,363,345,319,337,358,348,334,361,339,341,328,333,327,289,303,264,244,270,199,209,176,186,133,117,132,91,81,79,63,45,39,37,25,18,20,18,10,14,8,4,7,3,2,1,3,1,1,1,0,2,0,1,0,0,1,0,0,0,0,0,0,0,0,0,0,0,0,0,0,0,0,0,0,0,0,0,0,0,0,0,0,0,0
60.55,0,0,1,0,0,0,0,0,0,1,0,0,0,1,0,0,0,0,0,2,1,1,0,0,0,1,2,0,2,0,3,0,1,0,2,0,1,0,0,1,2,1,5,2,3,4,0,1,2,4,3,4,3,5,4,1,3,6,1,3,4,4,1,3,4,6,9,18,22,27,31,27,30,35,35,42,29,27,41,32,31,41,39,40,54,62,67,41,58,51,57,66,74,71,83,64,92,79,74,86,90,100,89,95,103,111,120,120,117,126,139,159,157,172,180,169,173,200,219,239,258,236,274,269,259,308,321,309,309,336,375,341,371,386,399,410,418,443,420,486,478,534,505,548,511,588,573,591,573,588,600,573,582,564,604,614,560,574,595,560,534,520,539,569,500,481,473,493,479,506,486,504,506,431,421,425,401,431,385,412,431,461,412,387,386,365,354,386,343,381,379,329,290,321,304,334,321,323,339,359,350,330,336,339,301,316,352,329,336,349,342,341,308,324,328,341,342,367,342,313,337,356,348,330,355,342,340,328,333,327,291,302,263,249,267,197,208,175,185,133,118,132,91,81,79,61,45,41,37,25,18,20,18,10,14,8,4,7,3,2,1,3,1,1,1,0,2,0,1,0,0,1,0,0,0,0,0,0,0,0,0,0,0,0,0,0,0,0,0,0,0,0,0,0,0,0,0,0,0,0
60.65,0,0,0,0,0,0,1,0,0,1,0,1,0,0,0,2,0,0,0,0,1,1,3,2,0,1,0,1,1,0,2,1,0,1,1,1,3,1,2,5,1,0,3,2,1,6,0,0,4,1,5,4,4,3,3,2,6,3,3,3,0,2,2,2,4,6,5,15,20,28,18,19,27,30,24,26,32,26,34,27,44,30,47,54,42,28,39,47,48,47,44,61,70,71,53,65,75,82,70,85,87,103,85,80,107,112,110,132,143,154,119,136,152,162,154,153,185,218,242,210,250,278,228,255,267,267,289,330,317,363,344,384,368,396,378,422,439,424,446,480,522,448,516,482,584,544,563,599,594,604,597,603,544,567,599,588,590,591,573,520,576,537,532,588,559,515,454,507,474,481,466,512,503,432,439,431,389,413,406,395,436,444,415,362,387,348,348,387,339,377,382,330,288,337,299,331,314,333,343,360,348,331,326,338,309,312,366,329,331,353,355,336,308,325,326,342,342,364,343,314,334,358,346,330,351,344,336,324,335,321,291,305,263,252,266,197,208,175,187,134,117,131,91,81,79,61,45,39,37,25,18,20,18,10,14,8,4,7,3,2,1,3,1,1,1,0,2,0,1,0,0,1,0,0,0,0,0,0,0,0,0,0,0,0,0,0,0,0,0,0,0,0,0,0,0,0,0,0,0,0
60.75,1,0,0,2,0,0,0,0,0,0,0,0,0,0,0,2,0,1,0,0,1,1,1,0,0,2,1,0,1,0,0,3,1,2,0,4,2,0,3,1,3,0,3,1,2,1,5,2,6,3,3,6,3,4,1,5,4,2,3,3,3,4,3,3,3,4,3,12,26,20,29,30,23,29,24,26,44,33,35,34,39,32,32,36,60,41,40,40,54,60,51,52,70,62,53,71,65,71,84,73,71,97,94,118,94,104,111,139,120,135,145,164,165,140,160,182,193,183,188,206,210,251,247,256,267,288,329,327,347,332,349,401,355,379,443,425,402,476,465,464,490,488,509,517,586,550,581,590,592,579,570,624,512,569,599,604,549,572,546,524,545,525,542,561,555,494,451,481,457,483,506,520,488,433,455,459,396,429,422,396,434,430,394,372,401,345,344,383,348,374,370,324,297,332,310,335,306,337,362,345,348,333,331,337,306,311,364,328,323,348,339,327,306,324,326,334,344,364,346,304,333,363,343,328,357,345,337,324,336,322,290,302,262,252,267,191,207,172,182,135,115,132,90,81,79,61,45,39,37,25,18,20,18,10,14,8,4,7,2,2,1,2,1,1,1,0,2,0,1,0,0,1,0,0,0,0,0,0,0,0,0,0,0,0,0,0,0,0,0,0,0,0,0,0,0,0,0,0,0,0
60.85,0,0,0,0,0,0,0,0,0,0,0,0,0,0,0,0,0,0,1,0,1,0,1,0,3,1,1,1,1,1,1,1,1,1,1,4,1,2,0,1,3,4,4,0,2,1,7,2,0,2,4,3,2,4,3,3,2,4,4,1,3,2,4,4,2,6,5,14,21,21,19,26,24,32,28,29,34,28,29,44,32,23,35,47,46,62,46,48,54,55,47,46,60,57,68,66,66,76,66,88,83,84,83,115,106,98,115,121,127,146,136,164,149,161,185,180,167,183,195,233,209,261,286,251,287,300,300,322,331,335,343,384,409,424,436,433,442,431,473,487,451,522,468,533,531,565,568,523,607,563,564,560,558,594,591,560,569,598,584,552,546,553,541,553,532,504,484,477,436,474,494,504,476,458,460,439,408,427,412,418,426,430,420,356,386,344,366,385,335,361,376,328,292,327,309,349,297,332,356,346,350,333,331,342,320,314,365,322,326,340,337,329,308,327,326,329,340,364,350,303,332,361,338,331,354,346,340,322,335,319,293,299,262,254,266,189,207,173,182,133,112,134,91,80,79,63,45,39,37,25,18,20,18,8,14,8,4,7,2,2,1,2,1,1,1,0,2,0,1,0,0,1,0,0,0,0,0,0,0,0,0,0,0,0,0,0,0,0,0,0,0,0,0,0,0,0,0,0,0,0
60.95,0,0,0,0,0,0,0,0,0,0,0,1,0,0,0,0,1,1,0,1,1,0,1,0,1,0,0,0,3,1,0,0,1,1,1,1,0,3,2,1,2,4,0,4,0,3,3,4,1,2,4,2,1,2,2,2,5,5,3,6,3,2,2,6,3,1,4,14,16,15,17,30,32,26,29,24,20,25,26,30,32,40,33,44,39,41,38,55,50,46,68,54,67,53,59,63,79,83,66,76,86,99,107,111,109,115,112,122,119,136,145,142,176,196,161,197,193,202,209,215,257,223,262,281,289,284,315,306,312,336,382,348,372,400,380,395,450,446,459,422,501,544,511,560,503,554,587,557,623,590,551,590,572,615,593,600,544,564,565,540,549,567,574,531,513,514,484,489,433,483,531,518,501,448,430,440,421,412,377,436,436,438,424,342,403,348,364,378,334,357,375,330,310,321,302,338,309,327,357,348,346,348,328,342,320,307,362,325,327,341,322,332,304,329,329,325,346,362,335,306,332,357,338,332,351,340,337,326,339,320,293,301,263,251,269,190,206,174,181,133,112,134,90,81,78,63,45,39,39,25,18,20,17,8,14,8,4,7,2,2,1,2,1,1,1,0,2,0,1,0,0,1,0,0,0,0,0,0,0,0,0,0,0,0,0,0,0,0,0,0,0,0,0,0,0,0,0,0,0,0
61.05,0,0,1,0,0,0,0,0,0,0,0,0,1,0,0,0,0,2,0,0,0,0,0,1,0,1,1,0,1,1,2,0,0,1,1,1,2,0,1,2,0,3,1,0,1,5,2,2,2,3,5,2,2,2,3,1,6,4,1,0,2,1,2,3,5,2,3,11,20,23,25,31,23,31,20,29,27,34,48,26,44,36,46,53,49,46,35,50,44,47,63,68,66,65,69,73,73,82,85,91,97,99,115,93,129,107,131,111,140,140,165,170,190,182,183,188,230,207,193,215,233,236,225,256,262,308,314,322,292,327,313,384,373,343,438,425,446,408,453,460,513,494,539,504,543,569,574,537,614,579,588,538,525,606,607,567,554,564,560,552,564,546,542,537,520,470,476,491,453,493,497,515,493,398,425,443,444,428,395,428,425,464,411,330,413,361,344,369,332,368,367,328,299,310,294,336,303,323,346,347,344,350,330,336,330,313,356,322,334,343,319,330,316,312,330,325,348,359,337,306,330,357,339,335,355,344,338,327,328,322,291,296,261,252,264,190,202,175,178,133,112,134,90,81,78,63,43,39,39,25,18,20,17,8,14,8,4,7,2,2,1,2,1,1,1,0,2,0,1,0,0,1,0,0,0,0,0,0,0,0,0,0,0,0,0,0,0,0,0,0,0,0,0,0,0,0,0,0,0,0
61.15,0,0,0,0,0,0,0,0,0,0,0,1,0,0,0,0,3,0,0,0,1,1,1,1,0,1,1,1,0,1,1,1,0,0,1,1,1,2,1,2,2,2,1,2,2,5,1,4,3,3,3,4,2,0,5,2,4,6,7,4,3,1,4,0,5,3,3,10,26,28,24,31,28,21,26,26,27,26,34,28,33,34,30,40,30,46,56,42,41,58,61,54,63,78,67,55,72,68,74,87,80,90,100,99,98,103,111,120,135,150,165,129,136,163,172,191,218,228,243,206,206,242,247,271,264,269,277,306,359,316,349,354,366,418,360,417,453,438,444,489,476,525,564,484,498,562,532,552,588,563,603,516,534,571,617,548,562,540,601,550,574,518,504,559,490,491,466,476,462,472,502,493,464,409,434,456,439,421,399,419,431,449,406,341,393,359,342,372,316,365,388,328,292,323,298,324,297,316,351,350,344,340,324,340,316,308,351,336,327,347,311,321,319,314,333,324,349,360,342,307,327,355,340,333,355,341,339,323,324,318,293,297,261,252,264,188,202,173,179,133,114,129,90,81,78,63,42,39,39,25,18,20,17,6,14,8,4,7,2,2,1,2,1,1,1,0,2,0,1,0,0,1,0,0,0,0,0,0,0,0,0,0,0,0,0,0,0,0,0,0,0,0,0,0,0,0,0,0,0,0
61.25,0,1,0,0,0,0,1,0,0,0,0,0,0,1,0,0,0,0,0,0,0,0,0,0,0,1,0,1,0,2,0,0,1,0,2,4,1,1,2,0,1,5,2,1,2,2,2,3,2,2,3,3,2,3,5,1,2,4,3,4,2,2,2,1,5,3,5,11,16,20,17,16,23,23,32,29,37,24,37,36,46,51,36,37,45,40,48,59,44,47,52,54,59,68,68,69,59,73,69,79,91,91,95,94,98,113,111,139,130,136,149,143,153,160,201,169,180,188,190,208,216,217,251,241,266,260,297,289,336,333,359,375,375,375,442,412,453,463,457,433,481,490,515,517,532,535,547,600,524,625,601,555,562,592,588,556,589,538,577,547,610,578,531,535,507,514,482,469,469,475,471,466,452,390,459,441,435,419,424,403,446,437,406,354,383,367,354,384,326,351,393,320,295,321,302,321,298,323,341,355,343,339,314,339,312,314,362,326,337,345,309,330,316,316,341,318,353,368,340,313,326,354,343,331,351,337,339,321,324,319,292,293,265,250,265,189,202,172,179,133,115,133,92,81,78,63,42,39,39,25,18,20,17,6,14,8,4,7,2,2,1,2,1,1,1,0,2,0,1,0,0,1,0,0,0,0,0,0,0,0,0,0,0,0,0,0,0,0,0,0,0,0,0,0,0,0,0,0,0,0
61.35,0,0,0,0,0,1,1,0,0,0,0,0,0,2,0,0,0,0,1,0,0,0,0,0,1,3,1,0,1,0,1,0,1,2,2,0,0,2,1,2,3,2,1,0,3,2,3,1,4,2,3,3,0,4,1,2,6,3,6,3,7,4,0,3,3,2,6,16,14,19,24,27,28,25,34,27,34,22,22,29,38,34,33,38,43,42,47,54,45,47,63,51,67,64,74,67,74,85,84,73,71,91,81,93,106,115,113,129,120,142,128,155,171,156,142,154,190,186,198,197,215,193,247,247,292,324,264,293,334,340,353,385,379,404,404,421,438,436,455,460,484,486,498,493,558,539,544,574,568,623,601,591,590,573,558,530,581,540,566,539,553,544,509,546,520,495,520,479,467,480,487,492,451,396,459,419,431,417,427,414,441,427,412,340,379,365,358,373,342,352,384,317,302,334,303,330,314,324,337,343,352,328,317,325,321,308,356,328,329,342,307,333,310,310,334,327,343,371,331,316,322,356,345,333,352,333,336,324,323,313,295,290,263,249,264,187,204,173,180,131,115,135,92,81,78,63,41,39,39,25,18,20,17,6,14,8,4,7,2,2,1,2,1,1,1,0,2,0,1,0,0,1,0,0,0,0,0,0,0,0,0,0,0,0,0,0,0,0,0,0,0,0,0,0,0,0,0,0,0,0
61.45,0,0,0,0,0,0,0,0,0,0,0,0,0,0,0,1,0,0,1,1,0,0,0,1,0,2,1,2,0,0,1,1,0,2,1,1,2,1,1,2,2,2,3,1,2,4,2,4,2,5,8,1,6,3,4,3,6,4,2,1,4,1,10,3,1,5,1,13,22,24,26,23,24,24,35,24,27,31,33,39,32,33,40,36,35,47,44,58,50,59,48,44,59,60,71,80,89,82,75,84,87,119,88,96,109,97,122,123,124,148,141,146,149,159,191,185,167,195,222,250,215,218,233,261,261,272,288,296,324,302,378,368,381,356,389,402,470,462,472,454,510,488,479,502,537,543,530,548,541,624,588,612,541,576,573,547,597,547,512,546,548,531,524,519,543,511,516,465,447,496,501,462,444,388,466,422,429,426,417,402,444,437,412,352,372,354,345,364,359,345,379,315,314,336,305,338,297,333,337,334,352,330,326,324,334,308,347,338,327,339,304,336,312,308,331,327,341,373,332,319,319,356,341,330,349,330,334,330,327,315,295,288,264,243,263,187,204,173,180,130,116,133,90,81,79,63,41,39,39,25,18,20,17,6,14,9,4,7,2,2,1,2,1,1,1,0,2,0,1,0,0,1,0,0,0,0,0,0,0,0,0,0,0,0,0,0,0,0,0,0,0,0,0,0,0,0,0,0,0,0
61.55,1,0,0,0,0,1,0,0,0,1,0,1,1,1,0,1,0,0,0,0,1,1,1,0,1,0,1,1,0,0,0,0,0,1,1,0,2,1,2,1,3,3,6,0,4,2,2,5,3,0,2,2,2,3,5,2,3,2,3,5,3,4,2,1,4,4,7,11,18,21,21,22,22,28,30,29,30,42,38,33,37,34,43,31,40,37,42,40,43,39,40,58,49,58,59,57,63,73,82,84,79,88,86,96,118,134,107,121,105,124,151,141,156,172,174,175,179,210,221,198,247,236,249,278,270,268,289,323,333,320,337,336,405,384,425,433,417,469,476,467,458,488,473,480,516,549,558,512,554,565,598,552,628,557,530,547,576,556,498,542,535,518,497,531,509,501,510,472,507,508,470,467,448,389,447,457,452,446,391,394,422,429,405,354,395,344,350,367,371,347,359,331,329,341,308,356,297,342,335,327,349,340,321,328,331,304,350,337,323,332,305,339,306,302,330,325,339,370,340,317,321,355,340,329,344,331,327,333,327,314,290,283,265,243,263,189,201,175,180,130,114,135,90,81,79,63,41,39,39,25,18,20,17,6,14,9,4,7,2,2,1,2,1,1,1,0,2,0,1,0,0,1,0,0,0,0,0,0,0,0,0,0,0,0,0,0,0,0,0,0,0,0,0,0,0,0,0,0,0,0
61.65,0,0,0,0,0,0,0,0,0,0,0,0,1,0,0,0,0,0,0,1,0,0,0,0,0,1,0,1,2,1,0,0,1,0,1,2,0,0,3,2,1,1,3,0,2,1,2,2,2,3,3,5,4,6,4,4,6,4,4,3,4,1,1,2,1,4,5,12,25,24,21,26,25,22,29,34,35,40,27,32,39,50,38,50,41,53,52,43,47,57,64,57,65,63,74,72,80,99,79,73,89,114,97,97,111,136,134,138,106,128,142,157,166,161,196,183,200,219,201,187,222,222,221,259,276,314,282,293,345,315,350,363,396,406,394,437,445,477,454,447,474,493,493,528,537,585,557,509,590,550,588,584,608,593,592,544,577,572,490,523,514,541,477,544,489,490,488,506,503,457,489,470,448,387,453,446,427,453,394,388,402,432,405,357,391,371,361,352,363,335,345,339,335,331,308,353,286,341,338,323,345,328,320,331,330,301,340,344,321,328,307,338,303,305,330,315,341,373,346,311,317,351,341,324,346,333,329,331,329,316,286,279,263,245,263,191,200,174,178,130,114,135,90,82,78,63,41,39,39,25,18,21,18,6,14,9,4,7,2,2,1,2,1,1,1,0,2,0,1,0,0,1,0,0,0,0,0,0,0,0,0,0,0,0,0,0,0,0,0,0,0,0,0,0,0,0,0,0,0,0
61.75,0,0,0,0,0,0,0,0,1,0,2,1,0,0,0,0,0,0,0,0,0,1,0,0,0,1,0,1,0,1,0,2,0,1,0,3,2,4,0,2,0,1,0,1,4,5,5,3,3,3,4,2,3,7,2,3,4,4,0,1,8,3,4,2,3,7,3,14,30,15,24,22,32,25,26,32,27,27,29,34,37,36,37,45,45,40,45,53,50,43,52,46,67,54,65,48,64,63,75,91,84,104,91,102,95,111,113,116,134,135,145,126,173,149,164,160,174,187,211,220,221,247,241,270,247,298,257,316,295,331,345,340,383,367,383,425,433,421,473,486,476,467,482,514,523,561,588,510,620,551,594,597,576,589,584,568,605,547,541,523,547,533,463,539,479,477,486,494,496,448,483,479,437,440,397,450,406,449,383,358,370,415,407,353,386,369,346,336,370,345,363,341,340,318,320,349,287,336,335,338,349,339,323,332,341,294,351,352,321,329,305,343,306,308,331,319,340,375,340,311,316,348,343,335,351,338,333,329,328,311,286,282,267,249,268,190,201,173,178,129,115,133,90,82,80,63,43,39,39,25,18,21,18,6,14,9,4,7,2,2,1,2,1,1,1,0,2,0,1,0,0,1,0,0,0,0,0,0,0,0,0,0,0,0,0,0,0,0,0,0,0,0,0,0,0,0,0,0,0,0
61.85,1,0,0,0,1,0,0,0,1,0,0,0,0,0,1,0,0,0,1,0,0,0,0,1,0,0,1,0,1,1,1,1,0,1,1,2,2,0,1,0,3,0,3,2,1,5,2,6,3,1,0,0,4,2,2,3,2,1,4,3,3,3,2,4,6,4,6,16,21,24,27,32,22,28,29,30,24,30,31,29,34,43,43,39,57,51,47,39,51,48,51,57,63,63,72,75,70,65,88,104,83,101,82,83,109,109,116,127,128,132,142,142,144,166,178,190,196,175,212,207,232,267,262,224,278,307,282,317,311,308,372,350,370,407,424,386,414,446,452,459,471,502,527,517,519,540,556,513,580,541,564,559,583,545,564,552,560,524,555,495,541,534,463,522,473,501,445,487,465,452,483,476,421,412,398,430,431,428,388,364,376,407,397,344,393,367,345,344,354,356,384,353,323,320,345,352,293,332,328,348,366,327,328,310,334,289,349,349,318,320,309,342,310,311,333,321,346,383,335,304,311,351,347,337,351,334,337,322,323,309,283,283,266,247,266,190,198,170,177,128,114,134,90,82,80,63,44,37,39,25,18,21,18,6,14,9,4,7,2,2,1,2,1,1,1,0,2,0,1,0,0,1,0,0,0,0,0,0,0,0,0,0,0,0,0,0,0,0,0,0,0,0,0,0,0,0,0,0,0,0
61.95,0,2,1,0,0,0,0,0,1,0,0,0,0,0,0,0,0,0,2,0,1,0,1,0,2,1,1,3,0,0,0,0,3,0,2,0,1,1,0,2,5,1,1,2,1,3,5,1,4,6,4,2,1,4,5,1,3,3,3,1,5,1,3,5,4,6,6,15,23,24,32,32,20,22,28,37,32,39,38,33,46,39,31,44,45,44,42,41,59,51,56,54,64,71,71,69,67,65,68,91,80,82,93,90,103,95,103,101,146,121,129,151,170,160,172,200,188,208,230,219,195,248,226,264,270,274,295,310,344,323,346,357,369,364,430,432,390,426,459,479,483,493,530,552,488,518,540,529,540,541,573,611,606,568,579,551,567,547,484,499,556,549,476,549,505,509,480,459,471,431,477,456,446,402,411,458,404,438,389,370,373,397,383,344,398,359,338,339,348,350,370,341,315,323,342,356,274,330,328,343,382,321,320,313,333,290,333,350,325,315,307,343,317,314,329,319,343,382,332,301,315,351,348,341,352,341,341,316,328,304,279,281,265,247,263,191,194,170,176,130,114,134,88,83,81,65,44,37,39,25,18,21,18,6,14,9,4,7,2,2,1,2,1,1,1,0,2,0,1,0,0,1,0,0,0,0,0,0,0,0,0,0,0,0,0,0,0,0,0,0,0,0,0,0,0,0,0,0,0,0
62.05,0,0,0,0,1,0,0,0,0,0,0,0,0,0,0,0,0,0,0,2,2,1,0,1,0,1,0,1,0,1,0,2,2,0,0,1,0,2,2,0,1,5,2,1,2,2,5,2,0,4,2,2,2,2,5,5,2,2,7,4,1,5,1,4,3,0,4,16,18,18,23,26,14,26,34,39,30,28,27,41,33,41,40,49,43,52,54,73,44,44,48,58,56,61,74,65,70,77,71,80,92,101,88,112,110,109,109,120,132,130,144,162,173,172,208,182,183,175,221,208,252,232,257,265,260,293,280,304,308,327,337,363,348,396,405,423,428,408,439,437,510,515,489,504,509,524,538,514,543,580,551,575,619,560,546,584,521,537,497,511,511,545,516,513,538,484,488,462,501,439,492,454,423,387,409,469,418,418,392,380,378,400,381,344,394,362,337,357,351,346,358,340,311,318,354,347,283,327,325,346,386,321,314,317,337,288,342,357,324,329,301,340,317,313,337,320,344,379,329,303,317,348,345,341,354,342,342,318,331,307,278,281,265,249,264,191,194,172,173,130,114,134,87,83,79,67,46,36,39,25,18,21,18,6,14,9,4,7,2,2,1,2,1,1,1,0,2,0,1,0,0,1,0,0,0,0,0,0,0,0,0,0,0,0,0,0,0,0,0,0,0,0,0,0,0,0,0,0,0,0
62.15,0,0,0,0,1,0,0,0,1,1,1,0,0,0,1,0,1,0,0,1,0,0,0,0,2,2,3,1,3,2,1,1,0,0,1,0,0,1,2,1,5,2,1,5,3,2,2,3,2,2,2,1,2,4,1,2,5,2,1,4,1,3,2,4,2,3,6,9,21,31,26,25,30,21,34,28,51,36,43,34,41,48,53,43,38,37,42,48,51,55,60,47,60,65,62,75,76,87,103,79,74,90,102,114,118,131,121,128,126,132,148,155,172,158,159,162,184,186,211,248,246,243,285,267,269,277,289,323,323,354,325,341,347,383,395,408,426,449,454,459,461,485,524,521,559,520,505,540,542,553,548,551,611,572,580,598,550,529,499,524,509,548,543,513,523,463,517,449,475,460,440,457,392,409,411,428,408,422,397,390,378,397,366,340,386,378,341,373,356,353,359,335,303,302,343,334,288,341,333,354,398,321,308,318,333,291,337,345,326,335,307,344,313,313,338,324,343,377,328,302,321,344,344,337,356,338,334,318,327,314,275,280,264,247,263,193,192,171,176,130,112,134,87,82,79,67,46,36,39,25,18,21,18,6,14,9,4,7,2,2,1,2,1,1,1,0,2,0,1,0,0,1,0,0,0,0,0,0,0,0,0,0,0,0,0,0,0,0,0,0,0,0,0,0,0,0,0,0,0,0
62.25,0,0,0,0,0,0,0,0,0,0,0,0,0,0,1,1,0,1,0,1,0,1,1,1,0,0,0,0,0,0,1,0,1,1,3,1,3,5,2,3,2,3,1,2,0,2,0,2,2,1,4,2,5,3,2,2,4,2,6,2,4,2,2,6,2,6,0,10,16,20,25,13,31,27,31,36,27,28,32,40,43,46,41,37,51,40,45,46,44,56,53,78,63,76,62,71,66,67,81,81,87,101,109,110,106,117,108,125,127,136,134,154,136,167,160,199,183,190,198,197,223,220,267,267,291,269,306,326,336,326,352,341,389,385,396,458,427,462,477,458,472,507,500,545,553,472,498,525,556,552,577,561,616,587,556,597,558,519,474,501,526,553,540,549,531,491,505,444,443,459,463,412,392,425,401,429,386,404,407,379,365,397,369,333,364,363,345,385,358,345,355,348,315,299,340,321,287,349,333,341,386,317,315,317,340,294,346,354,325,336,312,348,309,314,339,321,343,376,328,303,326,341,352,333,353,338,342,317,331,315,272,281,258,244,267,191,195,166,178,129,113,135,87,81,79,67,46,36,39,25,18,21,18,6,13,9,4,7,2,2,1,2,1,1,1,0,2,0,1,0,0,1,0,0,0,0,0,0,0,0,0,0,0,0,0,0,0,0,0,0,0,0,0,0,0,0,0,0,0,0
62.35,0,1,1,0,0,1,0,0,0,0,1,1,0,0,0,0,1,0,2,1,0,0,2,1,1,2,0,1,0,0,3,5,3,2,1,1,1,3,3,1,1,1,2,3,2,1,3,3,2,2,1,3,5,4,1,5,3,3,2,3,1,6,5,5,2,3,6,21,29,29,23,34,28,31,32,27,13,29,26,34,43,46,42,46,42,41,41,53,47,58,65,72,68,66,71,63,59,82,65,73,89,85,97,92,108,116,126,139,142,136,140,141,151,150,143,162,197,189,181,206,208,218,249,268,267,246,304,320,315,356,357,389,393,383,390,450,451,454,454,454,512,484,502,506,530,512,499,565,486,522,568,528,644,571,558,621,567,529,503,528,523,500,544,512,523,495,465,476,436,483,457,405,377,426,409,410,406,406,441,401,352,408,366,353,365,352,354,361,358,354,353,360,317,301,349,317,281,337,333,337,376,323,318,314,346,292,345,360,319,339,318,347,308,321,342,317,342,382,327,307,325,345,351,337,353,336,344,323,333,313,270,281,259,244,269,191,192,166,182,129,113,135,87,81,79,68,45,36,39,25,18,21,18,6,13,10,4,7,2,2,1,2,1,1,1,0,2,0,1,0,0,1,0,0,0,0,0,0,0,0,0,0,0,0,0,0,0,0,0,0,0,0,0,0,0,0,0,0,0,0
62.45,1,0,0,0,0,0,0,0,0,0,0,0,0,1,0,0,0,0,0,2,0,0,1,2,0,2,0,2,0,1,1,3,1,0,5,0,3,0,3,1,0,3,1,3,4,5,5,3,1,4,4,2,3,1,5,2,4,3,3,1,2,8,4,4,4,2,5,14,26,23,34,17,30,26,20,30,38,33,38,29,28,39,36,30,55,56,59,40,48,59,63,51,63,63,79,71,61,81,95,76,89,88,106,90,118,87,138,130,140,120,136,151,164,194,166,183,195,223,193,234,226,242,232,283,296,254,282,338,332,365,352,380,374,379,420,395,424,458,432,460,498,531,481,522,500,515,506,548,519,554,550,571,575,613,530,579,569,512,490,533,517,515,516,482,500,513,484,477,439,463,459,415,379,421,416,394,402,411,413,396,356,398,395,358,376,362,350,372,332,351,357,354,317,304,352,304,293,352,320,321,372,310,333,326,347,290,341,360,319,334,320,350,305,333,332,313,345,377,328,307,322,351,344,334,356,335,343,325,335,311,271,280,258,246,269,193,193,166,185,126,113,135,87,81,79,68,45,36,39,25,18,21,18,6,13,10,4,7,2,2,1,2,1,1,1,0,2,0,1,0,0,1,0,0,0,0,0,0,0,0,0,0,0,0,0,0,0,0,0,0,0,0,0,0,0,0,0,0,0,0
62.55,0,0,0,0,0,0,0,0,0,0,0,0,1,0,0,0,0,0,1,0,0,0,1,1,0,1,0,3,0,1,3,2,1,1,0,3,0,0,0,1,2,2,3,0,1,0,2,2,3,9,2,1,2,3,4,7,3,2,3,4,2,2,3,4,2,6,2,20,23,21,19,23,33,34,31,25,20,24,30,39,36,37,42,39,40,53,50,53,65,58,56,71,64,65,69,63,70,76,88,88,84,79,104,98,108,92,125,131,121,135,153,138,142,186,169,173,189,210,219,215,238,248,212,260,287,304,297,322,340,326,331,375,382,396,373,450,417,398,448,481,504,509,511,482,493,526,511,514,519,593,587,575,586,586,583,561,570,533,504,527,570,524,532,461,498,493,499,489,464,469,479,416,386,442,406,389,402,395,402,386,376,392,402,367,373,357,343,382,324,343,360,362,331,299,352,303,284,351,326,320,380,309,329,318,336,291,341,360,314,331,324,341,313,333,332,314,346,383,336,305,323,343,344,333,349,332,339,323,331,311,270,281,260,245,271,194,190,167,187,124,113,135,87,81,79,68,45,36,39,25,18,21,18,6,13,10,4,7,2,2,1,2,1,1,1,0,2,0,1,0,0,1,0,0,0,0,0,0,0,0,0,0,0,0,0,0,0,0,0,0,0,0,0,0,0,0,0,0,0,0
62.65,0,0,1,0,0,0,0,0,0,0,0,1,1,0,0,0,0,1,1,0,2,0,0,2,1,1,2,0,1,1,0,3,0,1,1,2,2,0,0,1,1,1,4,0,2,1,1,2,0,1,1,2,2,4,8,2,4,6,1,3,4,4,4,2,4,1,8,12,17,21,27,22,27,40,28,26,29,28,27,33,35,39,39,40,50,41,42,40,48,71,56,59,75,66,55,66,80,73,78,76,88,88,107,86,102,103,126,111,111,140,155,133,164,166,161,164,170,202,195,212,210,237,234,249,263,290,317,305,334,335,337,349,368,377,369,412,444,433,433,472,490,498,572,526,481,506,510,533,540,555,578,556,560,596,586,561,585,537,514,539,590,541,506,479,490,505,521,478,452,482,478,442,390,417,408,370,397,408,394,382,354,384,397,368,367,360,329,368,326,341,362,352,327,299,353,303,281,359,319,317,375,316,322,319,331,299,337,357,316,340,328,334,311,341,333,317,346,383,331,311,323,339,341,329,347,334,341,320,334,314,271,279,262,247,267,195,187,166,185,125,109,133,85,81,79,68,45,36,39,25,18,21,18,6,13,10,4,7,2,2,1,2,1,1,1,0,2,0,1,0,0,1,0,0,0,0,0,0,0,0,0,0,0,0,0,0,0,0,0,0,0,0,0,0,0,0,0,0,0,0
62.75,0,0,0,0,0,0,1,0,0,1,2,0,0,1,2,0,1,1,0,0,1,1,1,1,0,0,0,0,1,0,1,0,1,2,0,4,1,0,2,5,0,2,1,1,3,4,1,2,4,3,1,4,3,4,1,4,1,3,4,6,0,5,3,1,5,1,2,12,17,22,25,23,32,21,29,22,35,29,33,28,31,61,47,45,45,57,40,41,50,54,50,59,58,63,84,63,41,85,77,102,85,102,107,106,106,106,93,114,116,133,136,165,148,163,147,161,196,173,181,189,213,229,256,296,294,243,281,294,314,314,339,370,342,407,429,413,395,448,447,449,536,498,515,518,505,514,531,528,522,543,563,556,561,553,548,589,543,531,519,515,534,534,529,485,543,511,493,473,482,481,475,458,395,403,421,407,395,412,378,405,376,368,385,369,350,373,343,374,319,332,364,352,335,297,345,306,280,364,331,324,371,317,327,320,332,298,336,358,319,346,327,334,312,338,333,312,343,376,327,312,322,340,339,326,346,339,340,318,326,316,269,282,260,247,266,193,185,170,184,127,110,132,85,81,79,68,45,36,37,25,18,19,18,6,13,10,4,7,2,2,1,2,1,1,1,0,2,0,1,0,0,1,0,0,0,0,0,0,0,0,0,0,0,0,0,0,0,0,0,0,0,0,0,0,0,0,0,0,0,0
62.85,0,0,0,1,0,1,0,0,0,0,0,0,1,0,0,0,1,2,0,2,1,0,2,1,0,0,0,0,0,0,0,2,2,0,2,1,2,0,2,0,2,2,1,2,1,5,5,5,1,3,1,0,0,2,2,5,1,1,2,4,1,2,2,3,5,0,4,18,15,22,28,23,30,28,34,30,29,38,43,28,44,33,35,48,44,51,40,52,37,59,57,58,60,63,54,62,79,66,83,85,108,103,98,81,117,131,121,123,141,142,119,159,160,147,175,171,195,199,227,223,252,220,216,240,258,264,295,276,343,323,335,342,396,359,387,401,430,445,424,438,482,479,515,484,474,504,564,531,530,532,574,578,566,589,574,564,552,539,501,502,544,515,549,473,523,492,461,456,482,440,457,448,390,436,420,407,415,407,396,408,382,362,398,369,356,378,340,359,334,337,342,365,345,291,347,308,287,360,324,329,367,320,318,327,328,294,338,351,324,345,328,325,312,342,335,311,341,379,327,313,321,341,340,321,342,339,342,314,323,315,270,277,268,247,270,192,187,171,184,128,111,130,85,81,79,68,45,36,37,25,18,19,18,6,13,8,5,7,2,2,1,2,1,1,1,0,2,0,1,0,0,1,0,0,0,0,0,0,0,0,0,0,0,0,0,0,0,0,0,0,0,0,0,0,0,0,0,0,0,0
62.95,0,0,0,0,0,0,0,0,0,1,0,0,0,0,1,0,1,1,0,0,1,1,0,1,1,0,0,1,1,0,0,1,2,2,1,3,2,0,5,3,4,0,3,4,4,1,4,3,6,4,3,6,4,3,2,4,5,5,2,3,7,1,3,2,5,2,3,6,27,25,24,25,25,28,33,27,20,40,39,33,39,48,44,50,38,39,41,43,46,52,72,41,71,69,58,70,78,83,90,96,91,71,90,111,97,123,119,101,138,135,125,179,127,168,177,172,190,193,233,200,220,246,216,264,271,294,305,323,301,330,322,359,374,378,392,424,408,428,473,478,464,479,474,493,515,520,569,555,551,516,563,557,544,537,548,528,547,539,518,492,557,526,542,464,493,501,442,469,483,447,456,409,400,420,425,382,390,385,403,413,400,373,391,393,357,372,328,374,338,348,343,376,346,313,347,310,284,354,328,335,355,324,310,324,326,296,334,355,317,346,329,333,308,342,331,308,343,382,325,312,323,339,340,318,337,340,342,319,328,319,273,274,266,248,268,189,186,169,184,128,110,130,85,83,79,68,45,37,37,25,18,19,18,6,13,8,5,7,2,2,1,2,1,1,1,0,1,0,1,0,0,1,0,0,0,0,0,0,0,0,0,0,0,0,0,0,0,0,0,0,0,0,0,0,0,0,0,0,0,0
63.05,0,0,0,0,0,0,0,1,1,0,0,0,0,0,0,2,0,1,2,0,1,0,0,0,2,0,1,0,0,0,0,2,0,0,1,0,3,3,0,2,5,5,0,2,1,0,5,3,2,6,3,4,1,3,3,3,5,7,4,2,1,0,3,5,4,2,6,10,22,24,22,23,19,31,31,26,24,42,30,29,44,36,40,33,35,40,38,65,53,42,53,71,49,66,81,68,56,86,71,99,75,100,98,100,88,88,108,131,153,140,148,155,142,170,170,192,224,175,233,222,227,226,262,249,293,298,308,287,300,339,364,359,351,390,375,415,412,394,447,491,432,463,472,497,522,516,525,544,527,552,594,561,522,547,562,541,510,542,539,497,539,556,516,426,493,512,427,461,492,427,467,417,427,444,436,382,393,421,406,422,399,380,398,401,364,370,342,353,329,338,353,382,346,316,330,308,283,353,334,324,348,313,312,327,321,298,324,360,312,343,334,337,304,339,330,307,346,384,319,314,315,340,336,316,341,343,343,325,330,319,275,271,267,248,268,189,186,169,184,132,108,130,85,83,79,70,45,37,37,25,18,19,18,6,13,7,5,7,2,2,1,2,1,1,1,0,1,0,1,0,0,1,0,0,0,0,0,0,0,0,0,0,0,0,0,0,0,0,0,0,0,0,0,0,0,0,0,0,0,0
63.15,0,0,0,0,0,0,0,0,0,0,0,0,0,0,1,0,0,2,0,2,0,0,2,1,0,0,1,0,2,1,0,1,1,0,1,0,0,0,1,2,2,4,4,2,2,3,5,6,1,4,3,4,5,2,7,0,1,4,2,11,3,4,3,1,6,6,5,8,23,26,27,21,30,23,28,44,24,32,34,28,39,37,45,32,42,43,40,47,55,58,52,72,61,56,66,63,71,79,82,91,99,98,102,114,106,114,128,135,121,130,158,153,163,151,163,204,202,194,190,230,245,256,240,298,286,269,305,314,315,339,319,379,404,372,410,392,424,401,459,462,451,454,468,492,536,526,509,546,535,495,611,549,535,535,592,533,555,549,560,509,545,479,513,450,492,510,458,438,462,414,467,432,432,455,441,397,400,449,389,389,383,401,379,394,364,366,338,347,309,324,365,393,326,304,325,298,273,343,343,328,343,307,311,330,310,298,322,359,313,339,327,336,305,339,334,309,343,379,321,315,318,338,340,311,341,344,337,325,331,321,273,274,265,247,267,188,186,169,184,132,108,130,85,82,79,69,45,39,37,25,18,19,18,6,13,7,5,7,2,2,1,2,1,1,1,0,1,0,1,0,0,1,0,0,0,0,0,0,0,0,0,0,0,0,0,0,0,0,0,0,0,0,0,0,0,0,0,0,0,0
63.25,0,0,0,1,0,0,0,0,0,0,0,1,0,1,0,0,0,0,0,0,0,0,0,0,0,2,3,0,2,1,1,2,1,2,1,3,0,1,0,4,3,1,4,0,1,0,2,3,0,0,8,5,2,1,7,4,3,4,2,4,3,8,2,5,1,3,3,15,17,18,19,25,23,26,26,19,24,29,32,32,39,37,49,41,59,48,49,49,48,63,63,54,71,70,61,72,76,67,84,90,76,89,104,85,96,100,117,123,134,156,144,143,183,174,165,166,191,183,209,199,236,220,221,258,248,265,332,316,345,332,362,343,404,391,396,440,399,462,445,470,449,470,484,492,551,528,495,524,525,526,605,543,501,544,566,549,543,604,520,522,528,465,518,475,512,499,440,458,438,413,466,421,449,438,432,428,400,432,404,379,398,399,378,368,370,357,372,341,321,330,367,371,335,300,318,288,268,345,342,327,340,317,317,323,314,300,318,357,315,345,327,341,310,342,331,301,347,375,324,318,320,337,339,312,339,343,336,331,326,322,273,272,267,247,270,189,187,169,184,131,107,130,85,82,79,69,45,39,37,25,18,19,18,6,13,7,3,7,2,2,1,2,1,1,1,0,1,0,1,0,0,1,0,0,0,0,0,0,0,0,0,0,0,0,0,0,0,0,0,0,0,0,0,0,0,0,0,0,0,0
63.35,0,0,1,0,0,1,0,1,0,0,0,0,1,0,0,0,0,1,1,1,1,0,0,0,1,2,1,0,2,3,1,0,3,0,1,1,1,4,1,3,1,0,2,4,2,6,2,1,2,1,4,4,4,6,3,3,2,4,1,4,5,2,0,6,2,0,4,10,18,19,20,24,33,27,38,30,35,44,38,23,36,36,38,40,38,46,29,44,49,44,56,64,55,75,70,69,79,78,81,71,94,84,101,96,111,121,102,126,103,142,134,145,133,184,173,176,198,168,237,217,219,210,229,253,264,298,304,310,365,340,361,331,330,410,402,400,469,430,483,470,437,447,478,512,500,515,476,505,525,510,523,568,497,553,580,600,527,539,539,489,537,452,538,464,529,502,477,462,406,413,464,431,431,411,431,421,392,432,395,386,418,369,364,370,378,362,368,346,330,344,364,356,325,302,318,302,268,353,332,325,341,318,318,331,318,306,325,347,318,344,328,342,314,341,337,301,348,378,318,321,321,340,343,315,333,345,336,329,325,317,274,269,266,250,269,190,187,171,185,130,106,130,85,82,79,69,45,40,37,25,18,19,18,6,13,7,3,7,2,2,1,2,1,1,1,0,1,0,1,0,0,1,0,0,0,0,0,0,0,0,0,0,0,0,0,0,0,0,0,0,0,0,0,0,0,0,0,0,0,0
63.45,0,0,0,0,0,0,0,0,0,0,0,0,0,0,0,0,1,0,0,0,0,0,1,2,0,0,2,0,0,1,0,1,0,2,0,1,1,4,0,2,1,2,3,1,1,3,4,3,3,3,2,3,2,1,5,1,3,2,3,5,2,3,4,2,5,0,6,13,24,28,16,27,27,12,29,33,40,40,23,51,32,37,33,36,45,38,44,52,41,61,63,66,71,72,67,61,78,83,83,96,61,90,100,100,83,123,121,125,131,140,140,147,163,167,179,187,187,185,203,196,193,218,232,259,230,271,287,290,347,326,357,328,367,379,371,434,434,441,456,397,456,445,464,517,510,540,501,479,488,541,514,536,492,520,556,593,539,515,536,470,558,459,500,443,490,485,468,438,433,420,469,421,417,420,445,422,390,435,392,386,431,359,357,360,377,329,359,352,332,351,358,355,313,295,323,294,268,349,330,339,336,315,316,332,302,307,334,342,315,335,327,342,312,336,339,303,348,369,318,319,319,337,341,316,333,348,337,331,321,316,272,270,266,252,271,192,187,174,185,129,108,130,85,82,80,70,45,40,37,25,18,19,18,6,13,7,3,7,2,2,1,2,1,1,1,0,1,0,1,0,0,1,0,0,0,0,0,0,0,0,0,0,0,0,0,0,0,0,0,0,0,0,0,0,0,0,0,0,0,0
63.55,0,0,0,0,0,0,0,1,0,0,0,0,0,0,0,3,0,0,0,0,1,0,0,2,1,0,1,1,0,0,1,1,1,4,2,0,1,1,3,3,3,0,1,1,4,3,1,4,5,2,2,5,2,2,7,4,3,2,5,3,2,5,2,3,5,4,0,17,21,22,28,38,20,21,28,32,34,35,47,39,35,50,36,45,43,42,48,52,58,42,70,60,64,59,56,67,59,79,107,67,87,92,106,89,103,104,133,124,131,143,131,139,153,186,162,182,177,199,222,220,232,253,258,249,253,278,313,293,291,318,370,391,392,380,380,431,456,478,452,427,448,434,491,560,530,509,519,518,530,564,546,520,527,535,549,551,542,523,529,516,526,484,522,469,507,475,478,428,454,434,448,396,412,401,422,401,400,413,382,408,429,359,345,366,380,329,362,353,347,345,375,353,320,288,326,292,274,347,327,351,333,309,315,326,301,308,330,341,314,339,322,343,316,332,337,312,348,372,321,322,322,333,344,315,335,345,339,329,321,317,274,270,270,248,271,192,188,174,183,130,108,128,85,82,80,70,45,40,37,24,18,19,18,6,13,7,3,7,2,2,1,2,1,1,1,0,1,0,1,0,0,1,0,0,0,0,0,0,0,0,0,0,0,0,0,0,0,0,0,0,0,0,0,0,0,0,0,0,0,0
63.65,0,0,0,0,1,0,0,0,0,0,0,0,0,0,0,0,0,0,0,0,1,0,1,0,0,1,1,1,1,0,0,1,0,2,1,2,0,1,2,2,1,3,4,3,0,2,1,4,1,4,3,1,3,2,2,2,3,2,2,2,2,1,4,4,4,4,4,14,27,27,23,23,20,28,27,26,27,32,28,33,35,42,33,38,38,55,54,50,39,44,58,54,53,74,56,71,69,80,81,89,88,83,120,83,106,87,108,142,101,122,126,179,161,152,200,166,173,219,219,222,213,241,240,274,294,304,294,304,275,296,353,370,390,389,399,405,448,444,423,428,448,457,498,504,521,536,506,489,560,563,557,515,512,520,605,547,496,537,537,478,562,497,488,498,477,469,457,413,438,460,438,404,390,425,419,403,433,407,379,382,401,358,354,362,361,348,347,350,359,341,391,358,323,283,318,280,282,339,338,354,333,327,322,324,302,309,323,347,325,338,313,349,312,335,340,314,353,376,319,314,321,334,342,320,333,343,341,330,316,319,272,269,274,248,275,190,183,171,180,130,106,128,85,82,79,71,43,39,37,24,18,19,18,6,13,7,3,5,2,2,1,2,1,1,1,0,1,0,1,0,0,1,0,0,0,0,0,0,0,0,0,0,0,0,0,0,0,0,0,0,0,0,0,0,0,0,0,0,0,0
63.75,0,0,0,0,0,0,1,0,0,0,1,0,0,0,0,0,0,1,0,0,1,0,0,1,1,1,0,2,2,0,1,1,0,2,0,0,1,2,0,1,1,2,3,1,2,2,0,4,3,2,3,0,5,5,2,3,2,3,3,4,4,4,5,5,1,1,4,8,30,27,25,30,34,25,27,33,29,18,33,32,36,41,47,33,50,55,52,41,63,56,60,59,57,66,82,70,68,89,83,78,97,95,97,105,82,128,115,124,118,137,154,169,157,168,168,190,186,190,200,210,231,239,265,264,282,278,283,318,334,319,349,342,372,401,438,407,411,424,464,462,419,431,489,492,564,533,521,492,564,545,508,514,569,528,548,552,492,524,502,510,534,466,489,483,463,469,465,444,431,436,438,400,424,391,393,413,426,409,376,354,397,324,362,365,364,361,343,343,350,356,398,348,321,289,313,288,291,343,332,352,332,317,319,324,303,318,331,339,329,342,317,349,315,330,335,316,348,378,322,314,317,336,344,317,341,341,335,335,319,319,272,271,274,248,275,188,183,173,179,130,108,128,85,82,79,71,43,39,37,24,18,19,18,6,13,7,3,5,2,2,1,2,1,1,1,0,1,0,1,0,0,1,0,0,0,0,0,0,0,0,0,0,0,0,0,0,0,0,0,0,0,0,0,0,0,0,0,0,0,0
63.85,0,0,1,0,1,0,0,0,0,1,0,1,1,0,1,0,0,0,0,2,0,0,1,1,0,1,0,0,0,0,0,0,1,0,1,0,1,2,2,1,1,0,2,4,4,1,4,0,8,3,2,2,2,6,3,2,3,5,0,3,2,8,3,4,6,4,3,18,17,15,29,19,20,25,23,20,37,39,34,25,22,40,38,49,48,42,45,41,45,51,66,73,59,81,68,72,82,90,76,75,96,81,81,97,121,102,104,123,132,130,137,155,149,151,168,163,199,223,179,240,254,245,272,276,262,275,290,340,356,316,351,336,354,412,386,419,410,425,457,455,438,437,498,502,564,546,503,530,553,548,498,486,532,502,570,548,489,551,534,517,509,471,476,494,463,445,488,431,438,430,453,404,408,388,415,404,414,421,364,360,382,315,370,356,363,356,345,344,338,354,389,324,333,282,333,291,288,340,326,342,329,310,316,321,299,321,339,339,339,336,314,355,320,331,339,318,340,383,325,316,318,337,344,322,346,343,342,335,321,321,272,271,271,247,276,188,183,172,179,130,106,128,87,82,79,71,43,39,37,24,18,19,19,6,11,7,3,5,2,2,1,2,1,1,1,0,1,0,1,0,0,1,0,0,0,0,0,0,0,0,0,0,0,0,0,0,0,0,0,0,0,0,0,0,0,0,0,0,0,0
63.95,0,0,0,0,0,1,0,0,0,0,0,0,1,1,0,0,0,1,2,1,0,0,0,1,0,0,0,1,1,1,1,2,1,1,1,1,0,1,2,2,0,4,1,5,3,1,0,3,3,2,3,4,5,2,6,3,4,2,1,3,0,1,1,5,3,2,2,6,21,30,25,21,31,28,17,25,40,40,41,30,31,34,34,40,41,37,36,46,55,63,51,67,60,59,67,61,69,74,89,77,75,101,97,94,110,119,129,140,112,155,144,155,153,176,173,187,164,205,211,214,252,238,257,272,255,276,294,303,300,360,352,372,348,370,406,412,415,444,436,429,511,474,480,514,513,542,526,515,525,522,504,555,499,497,591,528,487,532,526,549,485,505,457,508,462,446,497,451,419,435,432,419,400,400,412,417,449,389,376,358,364,321,376,341,381,349,342,336,355,360,383,314,340,293,339,285,300,336,325,336,335,314,320,314,299,319,334,336,343,332,310,360,315,331,336,308,334,382,324,316,322,336,345,321,343,338,344,338,325,320,271,273,268,248,276,188,185,172,178,130,104,128,87,82,79,71,43,39,37,24,18,19,17,6,11,7,3,5,2,2,1,2,1,1,1,0,1,0,1,0,0,1,0,0,0,0,0,0,0,0,0,0,0,0,0,0,0,0,0,0,0,0,0,0,0,0,0,0,0,0
64.05,1,0,0,0,0,1,0,1,0,0,0,0,0,1,0,0,0,0,0,0,0,2,0,1,0,1,0,3,2,2,1,2,2,1,2,1,0,0,4,3,5,3,2,4,4,0,5,3,1,5,2,4,5,7,5,2,3,5,2,4,5,6,4,3,0,4,2,17,15,18,28,29,27,26,31,23,36,29,36,26,30,28,50,50,43,45,52,45,51,62,49,71,71,66,62,62,72,75,86,75,91,92,96,98,104,105,139,139,144,138,144,161,159,168,162,205,178,220,219,235,221,242,232,292,267,289,254,277,326,325,348,385,338,376,400,400,395,435,424,411,477,499,461,491,489,512,504,478,517,533,505,518,498,514,533,516,516,514,521,543,513,515,474,523,463,449,455,450,411,453,424,404,381,398,420,423,442,377,377,364,370,338,372,355,358,336,348,330,344,356,376,318,341,295,334,295,283,337,328,355,324,311,321,323,307,312,332,338,344,337,310,366,320,333,331,302,330,385,325,316,318,338,347,318,341,341,347,339,325,317,267,272,263,248,279,186,185,172,176,134,104,130,87,82,79,71,43,37,37,24,18,19,17,6,11,9,3,5,2,2,1,2,1,1,1,0,1,0,1,0,0,1,0,0,0,0,0,0,0,0,0,0,0,0,0,0,0,0,0,0,0,0,0,0,0,0,0,0,0,0
64.15,0,0,0,1,0,0,0,0,0,0,0,0,0,0,0,0,0,0,1,0,0,1,0,2,0,0,1,1,0,0,0,4,2,1,3,2,1,3,1,2,3,2,3,3,3,4,7,2,1,5,3,3,0,1,1,3,4,1,0,4,1,2,4,2,2,3,8,19,20,30,16,19,29,27,26,40,23,32,29,29,30,45,37,31,48,54,31,57,57,53,47,51,65,71,58,69,82,87,76,77,104,91,107,114,115,115,110,139,142,121,131,136,143,142,165,193,201,192,208,235,235,272,259,247,274,254,287,283,340,297,343,344,377,363,407,376,396,407,406,457,477,511,476,469,464,477,488,491,498,550,515,487,507,531,517,474,531,529,489,544,481,488,468,496,487,458,465,462,420,450,421,380,379,401,397,401,422,364,378,361,376,347,384,353,338,350,361,340,343,348,370,325,328,292,321,273,280,333,338,368,325,306,317,328,316,313,331,339,348,327,303,366,318,333,324,302,336,384,319,321,320,339,340,318,344,343,348,338,322,317,265,274,260,250,278,182,183,172,174,134,108,128,87,82,79,71,43,37,37,24,19,19,17,6,11,9,3,5,2,2,1,2,1,1,1,0,1,0,1,0,0,1,0,0,0,0,0,0,0,0,0,0,0,0,0,0,0,0,0,0,0,0,0,0,0,0,0,0,0,0
64.25,0,0,0,0,2,0,0,1,0,0,1,1,0,0,0,0,2,0,2,0,0,0,0,0,0,0,1,1,0,1,2,1,0,2,4,1,1,3,1,3,4,4,0,1,5,1,4,2,0,4,1,2,5,2,1,4,3,3,5,3,1,1,4,2,2,4,7,15,22,29,28,25,19,29,30,34,29,29,31,32,41,39,42,47,36,35,45,55,49,64,56,54,55,59,57,61,73,83,75,91,95,90,102,93,113,109,96,117,111,156,135,132,158,146,181,172,183,181,185,230,227,246,243,270,255,268,296,330,333,339,375,363,359,372,386,436,439,427,449,472,467,503,477,469,473,499,503,538,488,547,507,533,537,541,510,521,540,499,472,516,507,506,454,495,489,467,446,435,434,434,401,400,367,391,420,374,417,358,370,381,372,359,394,339,356,323,361,336,326,344,372,314,331,279,325,270,290,333,331,364,334,300,324,330,308,312,341,349,341,328,311,364,322,331,320,313,332,385,316,321,319,337,340,317,352,342,346,340,323,318,267,274,262,249,275,183,184,172,172,136,108,128,85,82,79,71,43,37,38,23,19,19,17,6,11,9,3,5,2,2,1,2,1,1,1,0,1,0,1,0,0,1,0,0,0,0,0,0,0,0,0,0,0,0,0,0,0,0,0,0,0,0,0,0,0,0,0,0,0,0
64.35,1,0,0,0,0,0,0,0,0,0,0,0,1,0,1,0,0,0,0,0,0,0,1,2,0,1,2,0,0,0,1,1,1,2,1,0,1,0,1,2,3,1,1,4,2,6,3,6,0,1,0,2,3,1,1,2,2,3,3,4,2,2,7,3,2,5,3,16,25,28,22,26,27,26,24,19,33,37,32,16,37,40,49,35,46,44,47,65,49,35,65,47,50,63,69,62,67,81,78,94,80,75,112,107,122,99,133,155,132,132,158,164,146,177,180,170,179,173,207,213,190,220,240,263,282,287,302,283,311,323,357,331,365,350,412,389,420,421,453,444,490,460,467,477,485,530,501,522,526,524,492,550,489,526,542,489,504,500,491,518,510,514,458,478,493,484,471,432,419,419,401,408,353,378,396,403,429,396,364,380,369,355,405,350,345,323,355,348,318,342,363,308,318,279,320,287,281,339,322,361,347,307,326,336,299,322,334,343,337,325,308,371,318,333,321,317,329,384,313,322,317,334,339,318,352,344,345,338,326,318,267,276,260,247,272,184,186,172,173,135,104,127,86,82,77,70,43,37,40,23,19,19,17,6,11,9,3,5,2,2,1,2,1,1,0,0,1,0,1,0,0,1,0,0,0,0,0,0,0,0,0,0,0,0,0,0,0,0,0,0,0,0,0,0,0,0,0,0,0,0
64.45,0,0,0,0,0,0,0,0,0,0,0,1,0,1,3,0,1,0,0,0,0,1,0,1,1,0,0,1,0,0,1,1,2,0,0,1,3,3,1,1,1,2,1,0,0,2,0,3,1,1,4,4,4,5,1,2,3,4,2,2,4,6,8,1,2,2,2,18,27,25,28,23,29,25,28,33,29,35,40,34,26,28,47,40,44,39,49,50,57,46,66,53,47,69,61,65,75,65,81,65,109,102,97,93,104,127,133,136,127,115,156,153,165,171,167,168,188,194,201,227,229,232,240,271,243,300,281,254,313,342,349,365,358,380,397,400,417,420,411,466,517,459,470,495,478,510,510,451,522,539,466,490,546,508,579,498,504,482,496,544,535,514,480,487,487,476,468,441,410,414,406,388,355,389,386,408,412,379,351,379,366,335,396,363,352,328,358,342,312,333,354,301,307,293,325,289,274,355,318,356,347,298,317,332,302,313,328,344,339,321,313,373,326,346,324,314,329,388,313,327,321,335,345,321,353,340,348,341,319,314,269,279,261,245,272,183,183,172,173,135,106,127,82,82,77,70,43,37,40,21,19,19,17,6,11,9,3,4,2,2,1,2,1,1,0,0,1,0,1,0,0,1,0,0,0,0,0,0,0,0,0,0,0,0,0,0,0,0,0,0,0,0,0,0,0,0,0,0,0,0
64.55,1,1,0,0,0,0,0,0,0,0,0,0,0,0,1,1,0,0,1,1,1,0,0,0,3,0,0,1,0,0,1,0,3,1,1,4,1,3,3,1,3,1,0,3,6,4,2,2,2,2,0,4,7,1,3,5,4,7,2,3,5,3,3,2,4,2,7,10,21,16,18,31,26,32,23,22,22,21,37,30,31,42,33,33,39,49,42,40,50,47,56,59,39,58,61,65,71,73,63,75,88,80,89,100,106,124,125,112,129,125,142,158,156,159,160,173,168,201,194,230,215,240,238,274,258,263,254,333,309,340,341,368,380,383,432,407,394,427,423,485,473,486,491,493,455,480,494,473,488,510,472,526,552,498,561,502,491,498,496,530,483,490,469,499,478,460,442,416,414,431,375,389,338,368,400,408,427,360,346,378,360,323,387,357,369,342,364,329,330,318,346,297,304,291,323,280,266,350,319,343,355,300,322,323,297,298,323,338,349,311,311,371,325,338,327,314,326,394,315,329,319,334,340,321,355,346,351,341,319,314,268,278,259,246,273,185,185,175,172,134,109,126,82,83,74,70,43,37,40,21,19,19,17,6,11,9,3,4,2,2,1,2,1,1,0,0,1,0,1,0,0,1,0,0,0,0,0,0,0,0,0,0,0,0,0,0,0,0,0,0,0,0,0,0,0,0,0,0,0,0
64.65,0,0,0,0,0,0,0,0,0,0,0,0,0,0,0,0,0,1,1,1,0,0,0,0,0,0,1,1,3,0,2,1,1,0,0,1,6,0,0,3,1,0,1,2,1,1,2,3,2,4,3,2,6,3,4,2,2,3,1,2,2,2,4,7,4,2,2,15,15,18,24,22,23,26,29,19,28,38,29,35,38,29,45,42,32,41,33,43,42,40,53,47,59,66,70,66,78,63,78,85,95,104,86,121,102,97,104,132,118,121,146,159,143,172,162,192,173,181,193,221,230,212,265,246,228,251,283,279,335,334,323,346,368,412,374,385,439,413,445,446,471,527,502,436,456,495,469,503,511,514,513,509,515,524,565,479,482,501,517,509,472,497,467,470,447,459,421,449,434,416,374,369,366,390,420,414,411,366,356,387,349,333,372,322,351,371,372,332,337,318,335,307,309,300,305,297,269,349,318,348,359,299,323,326,301,302,318,334,345,310,315,368,323,343,320,313,331,401,322,331,321,331,340,324,356,350,349,342,322,312,270,278,259,246,273,185,184,178,174,134,109,126,82,83,74,69,44,37,40,21,19,19,17,6,11,9,3,4,2,2,1,2,1,1,0,0,1,0,1,0,0,1,0,0,0,0,0,0,0,0,0,0,0,0,0,0,0,0,0,0,0,0,0,0,0,0,0,0,0,0
64.75,0,0,0,0,0,0,1,0,0,0,0,0,0,1,1,0,0,1,0,0,0,0,1,0,0,1,1,0,1,0,1,1,3,1,1,2,3,2,2,1,1,0,3,2,4,4,1,4,2,2,2,2,1,1,1,0,0,0,1,5,5,3,2,5,0,4,4,17,21,21,27,21,24,27,24,39,24,33,29,31,35,29,42,34,44,46,37,44,62,42,52,54,57,54,64,59,76,61,72,68,85,79,96,108,120,104,106,111,113,115,151,144,154,148,166,165,161,180,198,224,202,241,250,236,266,281,322,274,336,332,324,338,378,369,375,449,422,440,457,440,460,505,520,430,463,467,481,501,481,521,491,489,534,509,524,514,485,511,498,476,460,502,463,486,476,481,422,447,439,424,382,400,397,409,408,411,380,385,340,389,352,325,356,308,332,361,377,319,342,318,351,311,311,289,317,288,267,339,314,341,376,295,322,327,298,300,324,333,354,312,319,363,318,339,324,318,337,406,326,332,318,335,344,319,354,349,348,345,323,307,270,276,258,246,272,185,181,180,176,132,108,126,82,83,72,70,43,37,40,21,19,19,17,6,11,9,3,4,2,2,1,2,1,1,0,0,1,0,1,0,0,1,0,0,0,0,0,0,0,0,0,0,0,0,0,0,0,0,0,0,0,0,0,0,0,0,0,0,0,0
64.85,1,0,0,0,1,0,0,1,0,1,0,0,0,0,0,1,0,0,1,0,1,0,0,1,1,0,0,0,0,0,1,1,0,3,2,1,0,0,2,4,1,2,0,3,3,2,3,3,1,3,2,2,5,2,2,2,3,3,3,2,5,5,2,6,3,4,4,12,24,21,23,26,22,20,24,34,30,35,38,40,36,35,40,37,37,36,54,52,46,40,49,54,57,69,63,56,78,63,73,78,83,100,98,98,98,101,106,108,120,120,138,153,142,138,185,208,172,209,196,205,218,239,256,260,254,269,302,297,317,296,364,386,323,373,372,416,457,471,430,443,448,519,482,434,492,449,472,494,497,509,473,508,513,554,525,480,483,510,453,503,447,507,462,468,469,443,437,449,430,421,382,425,391,387,406,388,406,355,341,382,351,354,366,338,351,347,368,330,352,327,356,315,322,284,318,279,276,339,311,344,371,306,330,321,307,305,323,334,347,331,320,355,318,340,316,322,340,410,328,333,312,335,343,320,359,345,342,341,321,307,267,279,259,245,268,183,181,180,178,133,105,127,82,83,72,70,43,37,40,21,19,19,17,6,11,9,3,4,2,2,1,2,1,1,0,0,1,0,1,0,0,1,0,0,0,0,0,0,0,0,0,0,0,0,0,0,0,0,0,0,0,0,0,0,0,0,0,0,0,0
64.95,0,0,0,0,1,0,0,0,0,0,1,0,0,0,0,0,0,2,0,0,0,0,1,0,0,2,2,0,2,1,1,0,3,3,0,2,2,1,2,1,1,6,1,5,6,2,0,2,4,4,2,3,1,3,1,1,5,2,7,3,3,1,0,0,3,6,6,14,19,23,33,25,19,18,36,30,29,29,40,40,29,30,44,46,44,47,45,51,35,51,55,54,55,62,68,74,81,76,53,82,88,107,92,81,104,117,120,141,126,148,150,147,179,162,157,187,183,188,185,222,223,218,231,291,258,242,288,298,306,328,331,339,384,352,397,388,447,459,461,425,474,484,480,457,464,463,487,493,498,483,520,494,548,547,549,476,488,492,482,482,444,513,441,464,454,413,472,438,396,418,392,408,372,403,425,373,387,336,345,357,343,371,366,316,336,344,387,343,348,333,350,316,307,282,310,280,279,343,307,333,372,323,340,319,314,305,330,340,348,332,314,350,319,345,312,319,335,408,332,327,314,336,337,319,360,341,344,337,319,310,267,279,260,244,267,181,179,181,179,133,105,127,82,83,72,70,43,37,40,20,19,19,17,6,11,7,3,4,2,2,1,2,1,1,0,0,1,0,1,0,0,1,0,0,0,0,0,0,0,0,0,0,0,0,0,0,0,0,0,0,0,0,0,0,0,0,0,0,0,0
65.05,1,1,0,0,0,0,0,0,1,0,0,0,1,0,1,0,1,1,0,1,0,0,0,0,0,0,1,1,0,2,0,0,0,1,0,2,2,4,1,3,2,1,3,1,2,5,1,1,2,4,6,3,3,3,3,4,3,1,7,2,0,1,4,5,8,7,6,18,24,25,21,26,22,25,25,28,26,38,29,28,37,37,43,41,46,43,44,49,53,49,55,43,71,68,62,68,63,69,73,92,102,114,80,97,94,109,114,125,130,124,160,158,172,166,179,166,209,171,190,202,241,240,238,265,246,298,293,316,309,324,337,329,363,387,370,420,396,453,443,473,475,460,448,486,436,441,463,526,498,487,526,532,511,533,511,459,512,484,469,487,449,491,448,465,442,412,485,424,428,411,377,397,355,388,387,375,393,325,357,369,345,389,369,327,344,336,384,332,341,346,361,312,301,275,310,290,295,341,307,332,375,328,343,315,319,301,329,340,347,329,315,352,319,342,308,316,335,403,330,333,310,333,341,316,358,340,342,338,313,306,266,280,265,248,264,181,180,182,175,135,107,130,81,83,72,70,43,37,40,20,19,19,17,6,11,7,3,4,2,2,1,2,1,1,0,0,1,0,1,0,0,1,0,0,0,0,0,0,0,0,0,0,0,0,0,0,0,0,0,0,0,0,0,0,0,0,0,0,0,0
65.15,0,0,0,0,0,0,1,0,0,0,0,2,0,0,2,1,0,0,0,0,0,0,1,0,1,1,3,0,0,2,1,1,0,3,0,2,3,0,0,4,1,1,0,2,4,8,2,2,2,2,5,3,2,2,2,5,3,5,4,5,2,7,5,2,1,5,8,14,23,26,33,25,34,36,24,32,27,31,36,28,34,32,35,43,47,47,58,65,57,51,43,53,49,45,56,69,70,78,79,70,83,89,113,96,96,99,124,115,109,147,146,131,148,152,191,178,194,208,230,227,227,225,224,248,270,253,279,309,295,338,372,368,390,364,394,380,397,438,446,439,492,438,438,484,453,444,454,521,495,444,588,498,549,516,486,460,522,489,468,501,453,497,452,471,421,408,466,412,412,439,389,413,377,372,382,384,419,341,333,367,356,361,367,336,359,326,385,330,324,366,359,313,296,280,309,294,302,351,313,325,372,325,346,316,318,297,335,350,339,326,328,361,314,340,311,311,338,399,317,335,308,335,337,322,357,338,337,338,315,306,267,283,269,248,268,181,181,181,177,133,108,129,81,83,72,71,42,37,40,20,19,19,17,6,11,7,3,4,2,2,1,2,1,1,0,0,1,0,1,0,0,1,0,0,0,0,0,0,0,0,0,0,0,0,0,0,0,0,0,0,0,0,0,0,0,0,0,0,0,0
65.25,0,0,0,0,1,0,0,1,0,0,0,0,0,0,0,0,0,0,1,0,1,0,2,0,1,0,1,0,0,2,1,2,2,2,0,0,1,0,2,3,2,1,5,3,3,2,5,0,6,2,3,3,2,1,3,4,1,4,8,4,4,1,2,3,1,4,7,11,18,18,27,21,26,37,21,32,33,39,36,41,38,36,32,41,40,36,45,56,49,57,56,52,64,58,62,63,66,71,79,64,89,85,109,99,111,111,109,114,129,143,133,149,156,134,171,193,163,177,219,210,215,275,259,229,243,285,300,321,344,326,343,378,377,354,372,411,420,459,412,477,449,441,461,474,475,466,480,501,467,473,527,492,519,509,493,453,517,455,481,487,479,481,459,470,425,401,458,422,400,425,362,393,381,361,356,390,421,331,323,365,373,365,370,333,354,344,372,329,319,360,350,315,302,273,305,290,297,367,299,314,371,329,341,318,313,294,329,349,339,316,330,363,315,336,305,311,333,402,319,333,306,328,341,323,359,336,336,336,313,303,266,283,265,253,268,182,180,179,175,133,108,129,82,83,72,71,42,37,42,20,19,19,17,6,11,7,3,4,2,2,1,2,1,1,0,0,1,0,1,0,0,1,0,0,0,0,0,0,0,0,0,0,0,0,0,0,0,0,0,0,0,0,0,0,0,0,0,0,0,0
65.35,0,0,0,1,0,0,0,0,1,0,1,0,0,0,0,1,0,0,0,0,0,0,0,1,1,1,3,1,1,0,1,0,1,1,0,2,2,3,2,1,2,2,5,1,3,2,3,5,4,3,3,3,2,2,4,4,5,3,7,2,1,4,8,2,1,4,3,8,14,28,26,16,24,26,23,19,25,28,27,33,29,33,39,39,42,44,39,44,56,51,54,61,57,57,67,65,81,83,63,79,83,89,89,84,113,95,124,139,128,135,151,131,146,141,177,160,174,209,183,188,211,211,249,243,257,244,301,311,330,351,326,340,360,357,386,404,452,418,434,479,473,438,480,487,484,446,465,517,461,462,509,445,502,494,508,439,521,473,467,508,446,453,479,478,437,402,465,413,396,423,369,376,365,374,367,396,415,339,342,350,346,370,345,331,355,339,361,320,325,349,339,320,299,274,298,286,297,368,293,325,371,324,336,314,329,293,326,350,342,309,326,366,316,335,305,300,333,406,320,335,306,320,339,325,361,333,335,336,319,300,263,282,271,252,265,180,181,178,175,135,106,129,82,83,74,72,42,37,40,20,19,19,17,6,11,7,3,4,2,2,1,2,1,1,0,0,1,0,1,0,0,1,0,0,0,0,0,0,0,0,0,0,0,0,0,0,0,0,0,0,0,0,0,0,0,0,0,0,0,0
65.45,0,0,0,0,0,0,0,0,0,0,1,0,0,0,0,1,0,1,0,0,0,0,1,1,2,0,0,2,1,0,0,2,0,1,1,0,1,0,1,3,5,2,3,4,3,3,2,4,4,2,0,1,3,2,4,2,3,1,5,4,2,4,0,2,4,3,3,19,10,21,18,28,22,18,33,32,33,28,31,32,39,32,32,42,37,45,42,46,51,55,48,53,65,59,76,52,66,78,72,77,91,90,84,106,91,114,113,133,136,146,146,148,145,164,143,169,185,193,184,181,198,226,252,265,257,278,307,325,295,325,375,394,330,366,383,426,438,441,443,461,470,430,502,457,437,480,521,464,514,454,498,472,479,467,469,454,544,505,500,466,451,439,477,473,443,431,450,424,378,420,379,379,358,383,397,403,397,348,358,356,360,353,330,325,372,344,368,316,326,363,334,335,304,281,295,289,291,362,292,320,373,325,328,316,322,291,320,353,344,310,329,371,317,330,307,300,337,408,320,327,310,314,341,326,359,332,332,332,319,300,266,280,271,251,265,179,181,178,173,135,107,130,81,83,74,72,43,36,40,20,19,19,17,6,11,7,3,4,2,2,1,2,1,1,0,0,1,0,1,0,0,1,0,0,0,0,0,0,0,0,0,0,0,0,0,0,0,0,0,0,0,0,0,0,0,0,0,0,0,0
65.55,0,0,1,0,0,0,0,0,0,1,0,0,0,0,0,0,0,0,1,1,0,0,1,0,1,1,2,3,1,2,1,1,0,2,1,1,1,0,0,2,2,0,2,2,3,3,1,0,2,1,2,3,1,1,1,2,4,1,3,4,2,4,5,3,3,0,7,9,18,25,22,17,29,17,18,30,36,27,34,50,34,33,44,45,36,45,44,47,52,44,76,59,64,57,65,82,75,59,76,86,81,87,91,91,126,88,112,129,122,140,136,137,136,143,155,143,200,197,218,214,229,237,220,261,262,297,286,298,291,292,370,351,378,372,384,406,419,431,411,487,425,495,435,486,455,497,488,467,511,477,494,487,485,480,461,465,529,497,498,486,461,437,455,478,462,431,459,418,375,435,400,412,351,431,372,400,403,355,351,355,352,361,335,327,347,348,354,314,330,364,335,331,301,273,282,288,285,349,287,322,358,330,334,321,311,289,326,355,342,320,319,376,321,331,310,297,335,400,321,320,304,310,347,322,357,328,335,332,319,301,265,280,271,252,261,177,181,179,173,134,107,130,78,83,74,72,44,36,40,20,19,21,17,6,11,7,3,4,2,2,1,2,1,1,0,0,1,0,1,0,0,1,0,0,0,0,0,0,0,0,0,0,0,0,0,0,0,0,0,0,0,0,0,0,0,0,0,0,0,0
65.65,0,0,0,0,0,0,0,0,0,0,0,0,2,0,0,0,1,1,0,0,0,0,1,1,0,0,0,1,0,2,1,3,0,1,1,0,2,0,1,1,4,0,3,3,2,3,3,2,4,5,3,3,5,3,2,5,6,3,3,4,0,8,6,5,2,5,8,16,22,25,23,46,27,37,25,41,41,35,42,35,42,41,39,40,48,55,55,51,50,68,68,54,61,75,51,72,71,90,74,63,91,102,83,107,111,126,135,141,124,130,137,160,145,168,180,182,188,179,177,211,214,203,220,249,264,269,269,295,330,322,347,374,353,354,372,404,387,454,453,462,456,478,460,508,496,466,491,436,502,478,474,457,474,499,466,460,503,495,489,438,441,421,448,501,450,446,435,421,390,433,396,390,351,420,372,371,384,392,345,340,360,340,335,311,324,358,331,329,335,352,332,323,285,278,293,302,287,344,291,323,347,326,330,320,315,281,336,347,332,318,330,371,318,337,309,300,334,401,326,315,307,308,343,323,357,328,337,328,316,301,263,282,272,253,263,178,183,176,173,134,109,130,78,83,76,72,44,36,40,20,19,21,17,6,11,7,3,3,2,2,1,2,1,1,0,0,1,0,1,0,0,1,0,0,0,0,0,0,0,0,0,0,0,0,0,0,0,0,0,0,0,0,0,0,0,0,0,0,0,0
65.75,0,0,0,0,0,0,0,0,0,0,0,0,0,0,0,0,0,0,0,1,0,1,1,0,2,2,0,1,0,0,1,2,2,1,5,2,0,2,1,2,1,1,5,2,2,1,2,3,2,3,4,0,4,3,2,3,3,3,3,5,1,3,3,6,2,2,6,11,21,23,24,24,26,23,31,25,25,23,27,29,39,35,47,36,42,42,46,53,54,50,50,54,76,61,61,68,70,69,74,85,88,96,109,94,100,119,113,111,116,124,145,172,150,142,150,164,169,175,195,217,197,244,210,238,252,270,278,311,326,309,339,341,350,386,402,353,424,423,456,454,452,493,475,453,471,469,488,484,483,463,496,463,453,481,493,495,499,440,499,442,465,419,474,483,437,468,427,414,380,410,382,387,358,388,378,367,364,378,364,320,381,347,341,314,333,362,334,318,344,354,336,317,284,291,298,298,285,364,293,320,340,326,346,318,310,278,330,347,333,315,329,366,316,341,314,297,334,397,315,315,311,307,336,323,356,330,339,330,315,301,265,283,269,255,262,176,181,176,173,134,109,130,76,83,76,71,43,36,40,20,19,23,17,6,11,7,3,3,2,2,1,2,1,1,0,0,1,0,1,0,0,1,0,0,0,0,0,0,0,0,0,0,0,0,0,0,0,0,0,0,0,0,0,0,0,0,0,0,0,0
65.85,0,0,0,0,0,0,0,2,0,0,1,0,0,0,0,0,0,0,0,0,0,1,0,1,0,0,0,2,0,0,3,0,2,2,0,1,2,0,3,2,1,3,4,3,1,5,2,4,1,2,3,2,4,2,4,3,1,6,3,2,1,0,4,2,3,3,7,11,18,20,25,28,28,29,26,26,28,36,36,33,36,54,37,37,31,33,37,42,35,43,47,50,76,67,73,73,71,72,64,74,75,94,80,72,113,138,111,114,134,136,171,156,132,167,179,170,187,195,200,215,243,224,194,237,262,262,256,283,295,335,338,345,391,388,361,354,353,463,451,447,458,440,494,490,461,487,492,478,461,483,477,497,466,488,470,465,522,440,506,446,442,433,459,495,427,440,405,407,356,408,366,373,348,390,378,371,354,397,354,340,372,350,351,315,327,348,348,318,346,340,347,323,288,292,306,284,300,353,299,322,346,329,351,318,313,277,335,349,345,317,321,369,316,349,317,299,337,394,320,318,312,305,337,318,354,330,335,330,308,305,266,285,267,257,261,175,181,172,173,134,107,130,76,83,76,71,43,36,40,21,18,23,17,6,11,7,3,3,2,2,1,2,1,1,0,0,1,0,1,0,0,1,0,0,0,0,0,0,0,0,0,0,0,0,0,0,0,0,0,0,0,0,0,0,0,0,0,0,0,0
65.95,0,1,0,1,0,0,1,0,1,0,0,1,0,1,1,0,1,1,0,0,2,0,0,0,0,2,0,2,1,2,0,0,3,0,2,1,1,2,0,2,2,1,1,1,2,2,0,1,3,3,2,2,7,2,2,1,1,0,4,1,7,1,5,5,1,2,5,20,17,28,18,21,25,30,27,34,35,24,42,33,45,33,40,32,45,39,49,40,54,58,52,61,56,61,64,70,65,74,59,91,79,90,101,112,91,117,99,126,145,134,153,119,159,159,186,167,196,212,179,181,223,224,205,246,256,247,300,270,284,294,326,375,366,394,363,414,392,413,440,417,418,454,476,461,476,503,492,439,466,503,472,517,430,505,465,495,499,504,480,450,467,437,473,481,422,435,368,400,385,386,348,383,350,380,364,408,357,389,369,332,352,341,339,313,328,351,360,314,336,330,345,326,283,276,311,302,289,355,301,321,360,325,349,323,318,278,322,358,349,322,321,372,311,349,310,303,339,395,316,320,314,307,337,320,346,330,333,334,308,304,265,283,269,257,259,176,182,173,175,134,107,130,76,83,76,71,43,36,41,20,18,23,17,6,11,7,3,3,2,2,1,2,1,1,0,0,1,0,1,0,0,1,0,0,0,0,0,0,0,0,0,0,0,0,0,0,0,0,0,0,0,0,0,0,0,0,0,0,0,0
66.05,0,0,0,0,0,0,0,0,0,0,0,0,0,1,1,0,1,1,1,0,1,0,0,0,1,0,1,2,1,1,0,3,1,1,0,2,2,0,2,1,0,2,8,1,2,1,5,4,1,2,2,2,1,7,3,3,2,1,2,2,3,1,5,0,2,3,1,7,21,20,22,34,26,27,27,28,31,31,33,21,40,26,23,40,48,40,27,37,50,60,58,79,64,55,69,81,70,72,75,76,70,99,83,95,106,113,112,127,114,164,138,159,156,162,145,181,167,162,188,224,224,222,246,232,255,285,285,287,280,327,354,366,351,374,406,385,417,398,398,413,452,464,461,458,493,493,501,468,475,516,476,498,476,507,466,499,458,464,494,479,462,428,479,457,445,420,407,387,377,400,351,358,366,394,384,412,376,387,352,329,356,333,345,307,334,360,364,300,332,330,351,318,284,282,298,294,291,355,302,316,365,312,343,323,315,279,323,357,344,324,321,368,302,347,306,306,349,397,314,321,314,301,337,317,347,328,335,334,310,304,260,283,268,261,261,176,186,171,173,134,107,130,76,83,74,71,43,36,41,20,18,23,17,6,11,7,3,3,2,2,1,2,1,1,0,0,1,0,1,0,0,1,0,0,0,0,0,0,0,0,0,0,0,0,0,0,0,0,0,0,0,0,0,0,0,0,0,0,0,0
66.15,1,0,1,0,0,0,0,0,0,0,0,0,1,0,0,1,1,0,1,0,1,0,0,1,1,0,0,1,1,1,1,1,0,0,0,0,0,1,0,3,1,3,3,0,3,2,0,3,2,2,2,1,4,2,3,4,4,2,4,4,2,1,2,3,2,4,4,8,19,27,17,20,29,28,26,34,39,28,39,32,31,41,21,49,37,39,43,57,53,54,67,56,76,72,54,73,77,81,84,80,83,73,99,117,99,109,102,105,119,139,125,144,154,167,180,157,187,157,180,208,195,232,239,256,246,262,257,281,319,329,365,359,387,384,366,368,390,418,405,445,449,452,481,415,487,502,469,478,488,499,510,479,444,529,498,516,478,481,490,458,430,422,483,460,458,416,385,363,384,408,368,376,356,367,351,375,363,372,349,312,350,329,358,307,333,357,356,310,335,336,357,316,278,293,293,287,287,342,312,317,371,306,334,328,312,281,326,364,351,338,321,363,301,346,309,314,348,392,310,326,311,300,338,315,346,334,334,335,315,306,257,283,266,259,261,176,186,169,173,135,105,130,76,83,74,71,43,36,41,20,18,23,17,6,11,7,3,3,2,2,1,2,1,1,0,0,1,0,1,0,0,1,0,0,0,0,0,0,0,0,0,0,0,0,0,0,0,0,0,0,0,0,0,0,0,0,0,0,0,0
66.25,0,0,0,0,0,0,0,0,1,0,1,0,0,0,0,0,0,0,0,0,0,0,0,2,0,0,0,0,1,1,0,2,2,2,3,1,1,3,1,1,1,2,2,1,4,1,3,6,1,1,5,4,3,4,8,1,4,6,2,4,6,4,4,3,2,1,7,11,20,26,23,20,26,30,27,26,34,36,23,39,25,34,49,57,51,42,59,52,37,58,52,49,66,76,62,70,74,92,83,85,86,83,96,80,87,116,103,141,117,143,144,146,139,161,156,167,192,193,204,226,238,227,225,239,228,297,272,318,291,310,360,332,342,342,369,386,404,432,449,451,471,442,472,403,477,540,466,462,429,506,484,484,471,511,474,493,428,468,450,488,409,444,486,466,449,428,388,339,406,406,362,360,345,369,367,376,363,365,318,337,340,329,373,322,340,349,355,325,334,339,343,307,281,287,296,293,292,339,311,324,363,316,327,338,315,287,327,360,355,344,325,365,302,348,306,317,347,390,313,325,310,303,342,311,341,335,327,339,311,307,260,284,263,258,263,176,181,172,173,135,106,130,76,83,74,70,43,36,41,20,15,23,17,6,11,7,3,3,2,2,1,2,1,1,0,0,1,0,1,0,0,1,0,0,0,0,0,0,0,0,0,0,0,0,0,0,0,0,0,0,0,0,0,0,0,0,0,0,0,0
66.35,0,0,0,0,1,0,0,0,1,0,0,1,0,1,1,0,1,0,0,1,0,0,1,0,2,0,1,2,1,0,0,2,1,1,0,0,0,4,5,0,3,1,4,4,3,1,0,2,4,3,0,3,3,3,2,4,1,2,4,3,5,4,1,7,1,4,7,18,17,21,31,26,20,28,33,36,26,23,29,35,32,34,47,43,35,38,48,49,49,59,58,67,65,67,49,70,73,61,83,85,94,73,103,84,97,96,115,105,135,121,144,164,141,168,174,180,186,187,201,193,206,208,228,251,251,238,261,303,337,323,320,346,356,332,376,396,416,413,409,453,482,414,474,453,502,509,487,477,444,510,490,445,453,508,489,488,457,475,444,455,433,441,453,475,465,429,430,360,423,410,348,368,338,374,354,354,379,362,349,343,356,336,354,314,359,337,355,304,328,337,338,297,281,289,292,302,294,341,313,325,352,314,312,333,314,286,333,367,347,351,318,365,304,351,305,316,348,390,310,323,307,306,341,313,337,333,326,345,305,299,263,283,262,258,262,176,181,172,171,135,106,128,75,83,74,70,43,35,41,20,15,23,17,6,11,7,3,3,2,2,1,2,1,1,0,0,1,0,1,0,0,1,0,0,0,0,0,0,0,0,0,0,0,0,0,0,0,0,0,0,0,0,0,0,0,0,0,0,0,0
66.45,0,0,0,0,0,0,1,0,0,0,1,1,0,0,0,0,0,0,0,0,0,2,1,0,1,1,0,1,1,3,2,1,0,1,2,1,1,1,4,0,1,1,2,2,0,4,0,3,4,1,5,3,4,3,4,3,2,1,3,3,3,1,4,3,3,3,5,17,24,22,12,26,24,23,22,32,28,26,31,29,34,43,45,47,35,41,41,50,50,54,41,59,53,59,74,74,87,72,74,93,95,94,102,87,107,109,104,126,112,137,160,133,132,181,145,147,165,178,198,174,214,202,241,246,240,284,281,291,308,326,313,331,335,364,364,385,408,420,438,465,473,449,432,495,473,463,457,464,431,471,501,478,432,480,467,492,443,462,477,452,422,455,435,494,464,409,418,378,397,440,350,373,364,362,334,374,375,403,345,329,340,349,369,314,357,333,346,317,329,342,339,295,295,298,285,296,299,338,316,325,352,312,313,327,311,281,339,362,345,349,311,365,311,352,311,311,343,383,305,325,309,308,341,317,338,336,326,345,305,295,259,283,266,253,260,175,180,172,173,134,109,130,76,79,77,70,43,35,43,20,15,23,17,6,11,7,3,3,2,2,1,2,1,1,0,0,1,0,1,0,0,1,0,0,0,0,0,0,0,0,0,0,0,0,0,0,0,0,0,0,0,0,0,0,0,0,0,0,0,0
66.55,0,0,0,0,0,0,0,0,1,0,0,0,0,0,0,0,2,0,0,0,0,0,0,0,0,0,0,1,1,0,2,1,1,2,0,1,0,3,0,2,0,3,2,1,2,0,1,1,4,0,3,4,3,4,2,6,0,4,2,3,2,4,4,3,5,2,8,17,18,32,22,25,29,31,27,30,37,31,37,32,43,37,43,47,51,53,50,42,57,46,54,59,71,58,65,78,60,88,67,82,88,92,93,104,94,110,98,118,122,132,137,130,141,134,151,178,158,198,177,172,232,209,245,260,292,268,268,296,287,351,291,323,321,334,341,394,414,393,427,464,466,436,438,483,480,489,449,456,434,482,455,448,459,507,466,526,474,486,499,470,407,443,434,486,445,434,445,418,404,405,361,384,379,352,306,391,384,378,343,335,372,357,372,314,360,322,325,328,336,332,343,300,310,313,286,293,303,337,318,338,353,308,314,327,306,284,343,361,342,348,310,370,311,347,313,307,342,380,311,327,312,307,341,316,341,337,323,347,307,291,257,283,265,250,255,175,180,172,173,132,107,132,76,79,77,70,43,35,43,20,15,23,17,6,11,7,3,3,2,2,1,2,1,1,0,0,1,0,1,0,0,1,0,0,0,0,0,0,0,0,0,0,0,0,0,0,0,0,0,0,0,0,0,0,0,0,0,0,0,0
66.65,0,0,0,0,0,0,0,0,0,0,0,0,0,0,0,1,0,0,0,0,2,0,1,0,0,1,1,0,0,1,1,5,1,1,2,2,1,2,4,2,5,1,2,4,1,3,3,1,4,0,2,2,1,2,2,2,2,4,0,4,5,2,2,2,0,1,3,9,17,20,28,25,29,31,30,27,27,27,31,37,38,46,47,44,43,35,53,40,49,46,58,64,73,36,67,71,71,70,88,80,93,82,78,90,83,105,119,126,155,116,150,156,134,154,185,167,198,170,186,181,195,233,232,259,275,234,300,308,307,284,304,305,326,334,354,394,407,426,424,431,454,423,442,474,477,524,472,467,463,486,471,448,464,470,432,468,494,452,498,439,406,441,450,468,443,443,466,400,401,389,369,355,357,357,324,373,360,362,340,323,368,357,368,320,333,317,311,329,336,317,331,293,311,310,283,296,309,348,314,326,356,302,312,327,303,284,347,363,342,357,298,363,309,341,309,305,347,384,311,330,312,311,333,319,337,338,321,345,301,291,256,282,264,250,257,178,179,170,173,132,107,132,76,79,77,70,43,35,42,20,15,23,17,6,11,7,3,3,2,2,1,2,1,1,0,0,1,0,1,0,0,1,0,0,0,0,0,0,0,0,0,0,0,0,0,0,0,0,0,0,0,0,0,0,0,0,0,0,0,0
66.75,0,1,0,0,0,0,0,0,0,0,1,0,1,0,0,0,0,0,1,0,0,0,0,0,1,0,1,0,0,0,0,3,0,1,2,3,1,2,2,1,2,1,0,2,1,2,1,3,2,1,1,6,5,3,5,2,0,3,2,3,4,3,1,3,4,3,7,7,17,33,21,26,20,16,23,25,34,30,31,29,36,43,44,36,41,40,48,39,45,51,61,59,57,60,71,70,63,84,80,92,92,100,90,120,98,104,114,114,109,134,130,132,147,151,166,177,147,200,197,224,218,224,243,235,254,275,244,317,269,312,273,324,336,344,320,383,405,431,397,424,455,415,432,491,495,495,478,479,476,473,476,454,495,499,442,504,506,447,463,460,415,454,420,486,444,399,429,390,370,417,369,373,335,352,345,383,362,359,338,317,350,347,344,322,337,309,318,339,314,312,333,294,315,320,278,293,291,340,330,320,353,298,307,319,326,278,347,362,336,356,296,364,310,342,315,308,350,383,308,331,315,312,336,320,335,338,322,345,299,294,255,279,264,248,261,177,179,170,174,132,107,127,76,79,76,72,42,35,42,20,15,23,17,6,11,7,3,3,2,2,1,2,1,1,0,0,1,0,1,0,0,1,0,0,0,0,0,0,0,0,0,0,0,0,0,0,0,0,0,0,0,0,0,0,0,0,0,0,0,0
66.85,0,0,0,0,0,0,0,0,0,1,0,0,0,0,0,1,0,0,0,0,0,0,1,1,1,2,1,0,0,2,0,0,1,0,2,2,3,1,2,2,2,2,0,4,2,3,1,1,3,2,3,3,4,2,2,1,4,3,2,1,4,1,3,3,2,1,2,15,22,19,33,18,21,27,25,30,32,27,30,45,37,33,34,26,36,38,41,46,52,43,59,59,57,60,60,69,55,82,81,67,66,75,100,90,95,101,100,109,124,127,136,133,138,160,166,187,178,153,200,206,207,232,267,249,242,272,301,272,295,285,306,299,332,327,363,384,381,441,435,404,441,410,490,495,490,504,459,449,441,448,500,453,483,449,448,508,471,491,489,459,438,446,425,442,461,407,430,366,339,394,363,356,344,342,381,362,366,349,319,316,353,339,325,315,322,310,317,342,310,321,318,303,310,326,279,291,296,333,319,319,351,299,309,323,323,281,348,364,337,370,295,368,304,341,312,302,351,382,306,322,313,314,341,319,336,338,322,344,302,293,257,283,266,249,260,175,179,170,176,128,107,130,75,79,76,72,42,35,42,20,15,23,17,6,11,7,3,3,2,2,1,2,1,1,0,0,1,0,1,0,0,1,0,0,0,0,0,0,0,0,0,0,0,0,0,0,0,0,0,0,0,0,0,0,0,0,0,0,0,0
66.95,1,1,0,0,0,0,0,1,0,0,0,0,1,0,0,0,1,1,1,0,2,1,0,1,1,2,0,1,2,0,1,1,0,0,0,2,0,1,1,2,1,0,4,3,3,4,2,1,2,2,1,4,6,3,6,2,2,1,4,4,4,2,4,2,4,5,4,19,27,21,35,30,23,24,27,39,33,29,24,36,29,35,36,32,34,63,47,58,51,52,40,55,58,54,54,73,71,81,78,83,81,91,99,108,109,111,121,134,128,133,167,163,170,147,155,173,186,204,198,204,205,213,206,252,275,268,254,246,296,280,302,311,330,409,386,372,376,470,433,391,449,434,459,448,486,493,456,483,477,466,502,451,480,470,414,489,487,488,455,428,424,471,459,425,435,407,410,385,361,382,378,355,353,345,381,373,363,348,311,351,334,340,323,308,316,307,344,341,324,305,321,301,302,325,273,295,307,330,315,321,351,295,309,333,323,284,349,364,343,376,291,368,303,334,306,297,348,385,305,320,318,312,343,318,329,340,321,342,301,292,256,282,266,253,256,176,181,172,177,125,107,128,75,78,76,72,42,35,42,20,15,23,17,6,11,7,3,3,2,2,1,2,1,1,0,0,1,0,1,0,0,1,0,0,0,0,0,0,0,0,0,0,0,0,0,0,0,0,0,0,0,0,0,0,0,0,0,0,0,0
67.05,0,0,0,0,1,1,0,1,0,0,1,0,0,0,0,0,2,1,1,1,0,0,0,0,0,1,0,0,0,0,0,0,0,4,1,1,1,0,1,3,4,2,2,1,2,4,3,7,3,1,2,2,2,3,2,3,4,4,4,2,2,1,2,2,2,6,2,10,18,24,29,20,19,28,24,18,30,34,42,30,44,40,38,52,37,47,46,59,57,49,56,59,63,66,66,64,77,84,70,75,72,83,109,82,102,149,132,121,134,129,149,143,159,180,181,190,197,193,181,215,212,179,238,258,235,243,279,249,255,305,314,330,333,374,397,389,402,419,405,421,415,454,437,462,489,479,469,473,471,467,480,463,463,447,445,488,488,459,446,442,417,438,465,396,461,417,394,400,334,372,366,363,384,341,397,372,376,355,310,382,320,342,346,299,328,303,345,323,322,313,323,308,297,331,285,285,305,321,314,324,339,308,310,329,316,278,352,366,337,387,287,369,300,337,309,301,346,381,303,321,313,310,344,320,333,335,322,338,305,290,260,282,268,253,255,178,184,171,175,123,107,126,75,78,76,72,44,35,42,20,15,23,17,6,11,7,3,3,2,2,1,2,1,1,0,0,1,0,1,0,0,1,0,0,0,0,0,0,0,0,0,0,0,0,0,0,0,0,0,0,0,0,0,0,0,0,0,0,0,0
67.15,0,1,0,0,0,0,0,0,0,0,0,0,1,0,1,0,0,0,1,0,0,1,0,1,1,1,1,1,1,0,0,0,0,0,1,2,2,1,2,0,1,1,2,1,2,1,1,6,4,1,2,1,5,1,3,5,1,5,5,6,2,2,4,3,3,6,2,20,15,17,31,17,21,25,29,23,28,36,31,33,35,30,42,27,43,39,41,41,38,40,55,48,59,62,55,80,63,68,58,84,81,90,75,84,93,101,97,110,112,141,127,144,142,152,154,172,186,168,205,206,216,224,229,224,247,261,273,289,306,307,303,343,339,349,389,390,410,398,374,432,395,446,451,493,480,449,444,475,495,458,478,446,456,443,449,500,491,456,468,443,409,449,459,438,451,408,420,408,360,358,364,360,385,343,380,343,356,352,329,393,328,339,355,311,322,301,341,313,317,315,306,297,314,330,270,277,303,323,320,336,338,311,309,328,312,286,351,373,339,379,286,362,299,333,311,308,347,382,300,322,313,310,346,316,334,332,329,339,309,290,258,281,270,254,252,180,184,171,173,125,107,126,75,78,76,72,44,35,42,22,15,23,17,6,11,7,3,3,2,2,1,2,0,1,0,0,1,0,1,0,0,1,0,0,0,0,0,0,0,0,0,0,0,0,0,0,0,0,0,0,0,0,0,0,0,0,0,0,0,0
67.25,0,1,0,0,0,0,1,0,0,1,1,0,1,1,0,1,1,0,0,1,1,2,0,0,0,0,3,0,2,0,1,2,2,2,1,0,0,2,1,2,3,1,3,1,4,4,1,1,1,5,1,1,1,2,2,2,4,3,7,1,4,4,3,4,3,4,3,6,23,31,25,22,37,23,24,25,38,39,24,31,22,29,42,31,24,51,53,46,36,55,71,38,53,59,54,67,66,69,56,84,80,92,96,105,89,99,107,105,90,107,130,122,162,162,158,183,181,189,171,201,199,240,210,235,241,279,254,306,275,294,330,321,342,347,364,362,374,363,365,412,387,464,466,495,472,461,461,450,495,434,497,438,477,449,463,483,480,487,446,461,399,471,490,448,438,441,382,370,357,349,350,374,367,371,359,331,360,369,350,384,335,355,355,323,310,300,325,293,323,312,300,297,307,327,264,281,301,327,324,345,344,314,315,323,310,286,351,374,333,385,280,355,295,327,313,312,345,381,298,321,318,315,344,319,334,330,325,341,311,295,259,281,270,255,252,180,180,173,169,125,105,126,77,78,76,72,44,35,42,22,15,23,17,6,11,7,3,3,2,2,1,2,0,1,0,0,1,0,1,0,0,1,0,0,0,0,0,0,0,0,0,0,0,0,0,0,0,0,0,0,0,0,0,0,0,0,0,0,0,0
67.35,0,0,0,0,0,0,0,0,1,0,0,0,1,0,0,2,0,2,0,0,1,0,1,0,0,0,0,1,0,0,0,0,0,0,0,1,2,4,1,1,0,5,2,4,3,5,1,1,3,3,4,1,5,4,5,3,5,3,1,2,1,3,4,5,1,2,4,14,24,19,29,23,25,28,25,22,36,29,30,37,31,27,40,30,44,45,48,53,41,48,63,50,71,52,69,71,82,69,77,84,78,79,72,88,91,101,120,114,111,121,128,131,135,149,135,167,166,205,177,211,207,206,252,255,253,263,299,267,279,280,325,333,372,325,373,394,380,392,377,410,385,454,457,480,452,468,452,482,481,443,500,464,455,468,449,491,470,435,474,434,376,463,456,393,465,419,369,363,349,340,344,366,334,389,351,331,349,366,354,379,347,352,376,310,308,298,326,293,318,306,308,309,292,328,270,274,295,340,329,340,342,307,317,325,304,296,352,362,336,378,288,351,298,331,316,316,339,379,303,326,315,318,349,316,333,328,324,346,313,296,259,283,266,255,249,184,181,171,167,125,105,128,77,76,76,71,44,35,42,22,15,23,17,6,11,7,3,3,2,2,1,2,0,1,0,0,1,0,1,0,0,1,0,0,0,0,0,0,0,0,0,0,0,0,0,0,0,0,0,0,0,0,0,0,0,0,0,0,0,0
67.45,0,0,0,0,0,0,0,0,0,1,0,0,0,0,0,0,1,1,0,0,0,2,3,0,0,2,0,0,1,0,0,0,0,0,2,2,3,3,2,3,2,0,2,1,2,1,4,3,4,2,4,3,2,2,0,3,5,6,1,3,1,2,4,2,4,4,9,7,20,29,18,23,32,27,31,32,31,41,33,49,40,40,35,35,35,36,40,42,52,43,45,54,48,68,69,69,70,65,63,61,86,100,100,92,98,122,106,119,127,120,137,133,134,136,148,143,181,199,179,214,206,223,237,248,260,279,247,299,316,298,296,357,345,375,398,378,390,387,360,399,402,422,458,476,466,486,476,469,482,446,487,450,468,478,458,485,473,487,483,447,382,442,444,372,468,413,371,372,358,340,358,361,325,393,342,334,342,397,374,352,341,346,369,305,290,302,315,296,303,301,304,310,291,323,269,277,287,331,329,333,342,313,324,319,303,296,353,356,334,373,289,350,303,334,311,320,337,373,308,327,313,319,346,319,332,326,332,342,321,299,262,281,264,253,249,184,181,171,167,123,105,128,77,76,76,71,44,35,42,22,15,23,17,6,11,7,3,3,2,2,1,2,0,1,0,0,1,0,1,0,0,1,0,0,0,0,0,0,0,0,0,0,0,0,0,0,0,0,0,0,0,0,0,0,0,0,0,0,0,0
67.55,0,0,0,0,0,0,0,0,1,1,0,0,0,0,0,1,1,1,0,1,0,0,0,1,1,1,1,0,1,1,2,2,0,4,2,0,2,1,1,3,3,4,1,4,5,2,4,5,2,5,3,6,3,4,1,3,3,0,3,5,2,5,6,4,9,5,6,17,22,27,23,27,21,28,30,29,50,21,33,32,30,37,34,40,37,47,52,49,51,62,46,52,56,59,59,78,79,68,75,85,79,72,104,91,106,108,117,109,125,134,120,126,130,153,150,158,163,178,206,184,220,231,252,231,258,249,297,296,308,306,326,346,360,371,374,431,377,356,390,361,434,442,456,490,447,471,472,481,517,443,482,465,444,451,464,495,483,424,450,440,389,459,461,427,468,432,388,383,347,342,368,336,347,377,339,350,354,369,358,344,348,354,373,317,299,284,327,306,305,297,301,308,281,322,278,270,295,335,329,320,346,320,312,315,308,302,357,348,329,364,290,352,303,331,312,324,339,367,306,327,315,315,346,318,335,329,331,343,322,301,262,280,268,254,248,184,181,171,167,123,105,131,78,74,76,71,44,35,42,21,15,21,17,6,11,7,3,3,2,2,1,2,0,1,0,0,1,0,1,0,0,1,0,0,0,0,0,0,0,0,0,0,0,0,0,0,0,0,0,0,0,0,0,0,0,0,0,0,0,0
67.65,0,0,0,1,0,0,1,0,0,0,0,1,1,0,0,0,0,0,0,0,0,0,0,1,0,1,6,0,0,1,0,1,3,0,1,2,2,3,1,1,1,1,2,4,1,0,2,4,2,4,5,4,4,2,1,1,2,1,1,4,3,4,1,1,2,3,7,14,17,22,30,25,27,33,18,20,35,23,25,32,39,36,42,33,38,32,54,48,51,54,50,56,54,64,60,76,64,73,67,64,85,95,90,82,87,100,106,114,138,119,136,147,138,166,172,183,189,166,207,180,215,217,230,251,251,287,269,288,289,329,324,305,324,375,375,393,371,396,342,368,439,439,453,468,492,433,479,477,484,462,452,449,436,409,443,483,469,449,426,465,415,430,439,420,476,433,383,382,361,373,352,337,327,367,327,331,358,350,387,357,347,339,367,313,296,290,329,321,298,306,304,300,277,309,280,278,298,336,325,320,358,320,314,306,309,297,359,347,335,367,298,343,309,333,313,325,341,370,307,319,311,317,348,319,340,329,328,343,326,299,261,281,267,257,247,184,183,173,167,123,103,131,78,74,76,71,44,35,42,21,15,21,17,6,11,7,3,3,2,2,1,2,0,1,0,0,1,0,1,0,0,1,0,0,0,0,0,0,0,0,0,0,0,0,0,0,0,0,0,0,0,0,0,0,0,0,0,0,0,0
67.75,0,0,0,0,0,0,0,0,0,0,1,0,0,0,0,1,1,0,0,0,0,0,1,0,2,1,2,0,1,0,3,1,2,0,1,0,0,0,1,0,1,3,2,2,3,3,1,3,3,1,2,2,2,4,1,3,5,4,5,3,7,0,1,5,2,3,5,18,21,24,27,31,25,33,26,33,38,36,39,35,41,36,48,40,35,53,46,39,50,56,51,50,71,73,64,60,70,80,80,84,91,92,96,108,101,109,132,121,115,139,112,128,134,143,149,181,171,181,185,197,208,221,260,265,256,259,292,268,253,320,337,335,369,331,401,354,395,358,364,416,413,421,450,457,499,466,475,429,477,450,426,483,461,412,409,508,472,468,412,436,385,414,431,423,464,407,380,358,373,410,327,338,341,379,320,338,381,335,399,343,330,348,353,340,302,311,327,325,296,299,307,292,288,313,275,286,297,326,331,324,355,316,310,302,312,292,358,350,336,359,296,348,307,330,312,327,340,369,307,324,313,315,351,316,338,325,329,342,322,305,264,278,271,256,248,184,187,173,169,123,105,131,78,75,75,71,44,35,42,21,15,21,17,6,11,7,3,3,2,2,1,2,0,0,0,0,1,0,1,0,0,1,0,0,0,0,0,0,0,0,0,0,0,0,0,0,0,0,0,0,0,0,0,0,0,0,0,0,0,0
67.85,0,0,0,0,0,0,0,1,0,0,0,0,0,0,0,1,2,0,0,0,2,0,0,0,0,0,1,2,0,0,1,0,0,0,4,1,2,2,1,2,2,1,2,3,0,0,1,0,2,3,1,1,2,2,2,2,2,6,1,0,6,3,1,2,1,5,9,14,18,16,25,19,27,24,28,30,25,32,33,36,38,48,38,45,32,43,40,46,47,49,51,58,62,63,69,51,80,64,86,76,105,84,76,105,98,103,106,116,112,120,122,154,139,159,161,172,190,157,192,194,196,200,201,245,227,245,276,263,303,273,351,328,354,335,397,369,395,374,367,447,389,490,426,469,446,473,459,493,429,475,452,480,432,420,424,456,470,445,453,447,373,417,423,408,446,407,359,357,392,405,342,314,338,379,314,338,354,389,396,362,348,351,337,342,302,309,308,332,290,308,307,294,295,297,274,284,284,324,334,316,355,312,310,300,310,290,348,352,339,362,298,339,307,329,316,321,340,373,306,327,312,312,347,316,340,327,329,340,320,307,264,280,273,254,249,186,187,171,171,124,106,132,78,75,75,71,44,35,42,21,15,21,17,6,11,7,3,3,2,2,1,2,0,0,0,0,1,0,1,0,0,1,0,0,0,0,0,0,0,0,0,0,0,0,0,0,0,0,0,0,0,0,0,0,0,0,0,0,0,0
67.95,0,0,0,0,0,0,1,0,0,0,1,0,0,0,0,0,0,0,0,1,1,0,1,1,0,1,0,2,0,1,2,0,1,1,3,1,1,2,3,1,2,0,3,1,3,2,3,3,3,6,5,3,3,3,3,4,4,4,1,5,2,3,4,1,5,4,2,10,16,37,14,20,21,32,36,30,35,30,35,47,36,41,57,42,39,37,44,54,61,45,56,46,72,73,71,60,72,49,83,86,94,103,96,109,120,129,136,118,129,150,133,157,160,152,164,189,172,193,171,193,200,232,218,202,236,247,239,288,292,350,299,362,318,354,368,403,376,367,399,382,424,443,407,475,461,441,424,484,417,453,453,475,426,382,438,457,467,494,425,433,389,413,440,440,442,413,359,357,370,396,322,329,322,368,321,359,335,375,354,349,332,366,338,321,299,306,306,329,296,293,306,290,296,293,276,283,279,323,338,322,351,313,313,303,308,284,344,352,328,360,293,338,311,327,324,321,339,378,304,330,310,314,344,316,344,323,325,336,324,307,262,280,271,254,246,189,187,171,171,122,106,132,78,75,76,70,44,35,42,21,15,23,17,6,11,7,3,3,2,2,1,2,0,0,0,0,1,0,1,0,0,1,0,0,0,0,0,0,0,0,0,0,0,0,0,0,0,0,0,0,0,0,0,0,0,0,0,0,0,0
68.05,0,0,1,0,1,0,0,1,0,0,0,1,0,0,1,0,0,1,0,0,0,2,0,1,0,0,1,0,0,0,1,0,0,0,1,5,4,2,3,1,3,1,0,3,4,2,4,2,1,2,3,0,5,1,5,6,5,1,2,1,1,2,6,3,3,6,7,16,27,18,24,26,25,38,32,25,30,27,31,42,33,32,35,43,46,61,48,41,52,45,53,47,55,58,68,85,75,65,85,89,77,101,87,97,105,107,135,101,117,156,166,128,157,143,178,160,181,178,187,204,224,210,238,233,215,258,263,283,335,313,315,336,317,365,389,388,358,380,398,411,398,449,433,438,463,472,450,458,455,431,469,482,445,390,467,427,445,488,418,482,409,396,445,400,426,395,383,361,379,391,349,315,348,369,341,380,313,343,359,331,330,386,333,320,338,304,295,324,290,294,315,290,288,296,273,281,283,331,321,331,353,313,318,303,312,282,341,350,325,362,293,340,318,322,316,321,345,381,306,321,311,305,338,322,338,323,329,334,318,307,265,277,271,254,248,187,187,173,173,122,106,130,79,74,76,70,44,35,42,21,15,23,17,6,11,7,3,3,2,2,1,2,0,0,0,0,1,0,1,0,0,1,0,0,0,0,0,0,0,0,0,0,0,0,0,0,0,0,0,0,0,0,0,0,0,0,0,0,0,0
68.15,0,0,0,0,0,1,0,0,0,1,0,0,0,0,2,0,0,0,0,0,0,1,1,0,2,0,0,0,2,3,0,4,0,0,0,0,1,3,1,0,0,3,4,2,1,2,2,2,1,1,4,3,5,7,4,1,5,5,6,4,1,1,5,6,4,1,4,19,13,21,15,22,23,23,21,31,27,39,39,33,37,38,38,42,37,38,36,35,46,50,50,78,59,46,65,67,72,84,73,69,85,76,93,94,97,102,101,83,125,130,125,124,173,159,189,176,167,216,173,204,203,214,245,246,245,257,284,295,311,310,345,315,327,333,385,399,374,395,432,382,440,464,439,442,438,413,438,457,455,453,451,466,461,399,476,439,430,451,443,462,407,441,429,429,432,412,388,367,388,380,332,337,345,361,317,364,322,337,353,335,320,382,328,315,349,318,307,324,285,294,313,308,289,309,269,289,288,334,326,334,347,316,321,310,318,289,343,363,327,360,293,346,315,324,316,320,343,380,312,324,308,309,341,319,340,324,330,337,313,303,266,277,271,254,248,186,184,173,173,122,106,130,79,74,76,70,44,36,44,21,15,21,17,6,11,7,3,3,2,2,1,2,0,0,0,0,1,0,1,0,0,1,0,0,0,0,0,0,0,0,0,0,0,0,0,0,0,0,0,0,0,0,0,0,0,0,0,0,0,0
68.25,0,0,0,0,0,0,2,0,1,0,1,1,0,1,0,0,0,1,1,1,1,0,0,0,2,0,1,0,0,3,0,0,1,1,1,1,1,3,1,2,1,3,4,4,1,2,2,3,3,2,2,3,3,5,4,4,4,2,3,4,3,6,1,4,3,4,3,15,19,27,20,27,24,29,27,32,38,36,34,29,28,39,32,34,37,38,37,38,48,50,54,69,70,58,59,66,73,64,88,79,91,84,76,96,99,100,109,99,112,139,127,112,136,156,151,190,180,185,212,197,235,220,245,230,239,271,277,278,278,277,326,319,353,359,384,365,356,406,412,370,419,459,451,401,466,460,427,436,450,455,444,447,448,398,505,434,445,456,457,450,405,435,418,428,431,396,398,380,387,340,328,344,334,353,319,355,325,344,350,323,308,356,334,314,331,316,310,325,302,291,316,301,299,312,277,281,298,323,320,334,343,320,321,303,317,288,346,361,331,364,295,352,311,316,312,320,345,374,316,322,307,311,339,319,336,329,328,336,313,304,265,273,269,252,248,188,186,173,175,122,106,130,79,74,78,70,44,36,44,21,15,21,17,6,11,7,3,3,2,2,1,2,0,0,0,0,1,0,1,0,0,1,0,0,0,0,0,0,0,0,0,0,0,0,0,0,0,0,0,0,0,0,0,0,0,0,0,0,0,0
68.35,0,0,0,1,0,0,0,1,1,0,0,1,0,0,0,0,1,0,2,0,0,2,0,0,0,0,1,3,3,0,1,1,1,2,2,3,0,4,1,0,4,1,0,1,1,2,4,2,3,3,0,4,1,4,4,6,1,3,3,1,3,2,1,1,4,3,3,18,17,19,27,31,19,29,32,33,35,31,35,35,36,40,35,32,42,39,51,37,41,51,53,49,61,74,49,58,63,69,95,77,86,89,91,95,96,106,105,111,109,110,134,144,155,165,152,166,147,193,178,203,199,224,219,248,280,266,272,261,270,307,286,326,366,319,343,376,375,393,392,398,432,432,463,430,443,467,440,464,448,450,472,474,468,376,458,426,450,460,420,441,397,392,433,395,439,391,378,383,383,358,331,327,358,348,330,346,312,353,343,328,317,351,321,314,353,330,315,332,311,289,326,301,295,321,274,290,301,317,318,327,343,318,315,299,331,289,339,359,329,364,295,344,315,315,317,320,343,380,319,321,305,307,335,321,340,332,334,337,312,303,266,272,274,250,244,188,184,173,175,122,106,130,79,74,78,70,44,36,44,21,15,21,17,6,11,7,3,3,2,2,1,2,0,0,0,0,1,0,0,0,0,1,0,0,0,0,0,0,0,0,0,0,0,0,0,0,0,0,0,0,0,0,0,0,0,0,0,0,0,0
68.45,0,0,0,0,0,0,0,0,0,0,0,1,0,0,0,0,1,1,0,1,0,0,1,2,0,0,0,3,1,3,3,0,1,1,0,2,0,0,4,0,1,3,4,2,3,6,1,3,2,1,1,1,3,1,2,1,3,5,5,4,4,4,2,5,4,2,5,11,18,20,23,16,26,26,25,27,24,37,36,33,37,38,33,41,47,44,51,54,47,49,53,55,45,75,58,75,64,77,74,79,82,83,87,80,117,108,97,102,117,121,136,156,155,150,152,166,159,179,186,177,229,211,234,220,228,255,268,268,281,314,311,311,362,338,372,359,428,405,416,413,430,408,465,438,444,457,452,441,417,458,494,460,457,394,443,442,469,459,423,440,379,440,423,391,430,388,429,388,377,347,322,351,351,365,342,360,300,358,351,339,318,371,318,323,343,334,317,319,315,294,323,289,300,307,287,286,289,322,307,323,337,321,313,297,318,283,335,358,335,359,296,339,318,316,321,323,342,384,317,323,306,308,334,322,343,333,333,339,312,303,271,271,272,250,248,188,184,173,173,122,106,130,79,74,78,70,44,36,44,21,15,21,17,6,11,7,3,3,2,2,1,2,0,0,0,0,1,0,0,0,0,1,0,0,0,0,0,0,0,0,0,0,0,0,0,0,0,0,0,0,0,0,0,0,0,0,0,0,0,0
68.55,0,0,0,1,0,0,0,0,0,0,0,0,0,0,0,0,0,1,0,0,0,0,0,0,2,1,1,1,1,0,0,1,2,0,0,0,1,1,1,1,0,3,1,1,5,0,2,1,3,1,6,2,0,1,2,5,3,0,3,4,7,0,4,3,3,7,6,11,21,24,28,21,29,42,30,41,35,41,39,45,35,37,40,41,47,41,53,40,50,47,69,61,61,59,55,61,71,84,102,64,95,97,92,89,112,109,92,107,118,129,129,118,141,144,165,162,173,180,170,214,223,216,225,233,268,259,260,308,278,267,293,337,343,361,340,377,392,420,403,392,411,415,448,444,450,440,440,445,433,481,440,495,428,422,436,437,425,463,423,434,402,402,414,398,420,393,401,386,396,339,317,359,357,359,335,348,299,342,362,333,313,357,308,327,327,345,321,327,316,300,315,283,300,297,283,283,293,317,315,326,349,320,311,298,316,282,333,353,338,365,294,341,324,325,321,320,341,387,312,323,309,305,335,323,342,334,332,337,308,303,270,271,272,250,249,191,184,173,173,122,106,128,77,74,80,70,44,36,46,21,15,21,17,6,11,7,3,3,2,2,1,2,0,0,0,0,1,0,0,0,0,1,0,0,0,0,0,0,0,0,0,0,0,0,0,0,0,0,0,0,0,0,0,0,0,0,0,0,0,0
68.65,0,0,1,0,0,0,0,0,0,0,0,0,0,0,0,0,0,0,0,0,1,0,0,0,0,0,0,1,1,4,0,1,1,0,0,1,1,1,4,1,1,3,3,3,4,4,2,4,1,4,4,2,3,4,5,4,1,3,3,1,3,3,2,4,2,1,6,13,19,26,15,30,25,21,17,31,32,35,28,31,39,38,38,50,41,47,47,36,61,41,53,56,57,51,65,66,60,78,63,70,77,83,105,103,107,113,113,112,122,105,128,132,148,123,154,178,164,179,209,196,222,229,238,266,232,269,288,288,296,301,323,290,338,306,332,331,414,411,415,392,391,437,452,432,451,430,435,441,459,477,443,468,444,418,417,432,431,453,453,429,369,372,407,400,396,376,404,397,403,359,304,355,364,362,342,343,297,354,358,326,307,368,307,322,306,334,309,318,312,289,322,286,306,300,276,281,293,304,317,324,355,324,310,298,310,287,333,346,327,365,293,346,319,320,323,317,342,392,316,327,305,307,337,324,341,334,334,339,308,303,264,273,272,251,249,191,182,173,171,122,108,127,77,74,80,70,44,36,46,21,15,21,17,6,11,7,3,3,2,2,1,2,0,0,0,0,1,0,0,0,0,1,0,0,0,0,0,0,0,0,0,0,0,0,0,0,0,0,0,0,0,0,0,0,0,0,0,0,0,0
68.75,0,0,0,0,0,0,0,0,0,0,1,0,0,0,1,2,1,1,2,0,0,0,1,0,0,1,2,1,2,1,1,0,0,2,2,0,1,3,2,3,1,0,3,2,2,1,5,3,3,2,3,0,5,5,4,1,2,1,1,4,2,1,2,3,4,7,1,15,21,17,23,26,19,28,31,36,20,29,44,35,31,32,35,55,47,44,43,39,53,50,59,66,73,62,68,65,70,66,77,91,90,78,89,98,91,114,93,115,105,131,136,148,133,152,169,178,198,172,171,201,223,228,238,224,246,249,289,247,304,309,308,288,357,326,332,343,373,377,388,431,388,467,389,454,451,442,460,418,461,468,422,453,495,447,428,436,428,444,428,400,356,383,404,417,423,343,404,382,384,332,331,352,379,334,343,329,303,347,356,336,316,364,302,331,304,334,311,325,318,291,316,286,311,298,264,291,291,298,312,322,352,335,316,305,300,293,334,348,330,357,295,344,309,329,318,322,343,390,317,324,307,308,338,322,343,328,330,338,309,301,264,274,273,244,249,191,182,175,167,122,106,127,77,74,80,70,44,37,45,21,15,21,17,7,11,7,3,3,2,2,1,2,0,0,0,0,1,0,0,0,0,1,0,0,0,0,0,0,0,0,0,0,0,0,0,0,0,0,0,0,0,0,0,0,0,0,0,0,0,0
68.85,0,0,0,0,0,0,0,0,0,0,0,0,1,1,0,0,0,2,2,1,0,0,0,0,0,0,0,1,0,1,0,1,0,2,2,0,5,3,3,4,2,0,3,2,2,2,2,1,1,6,4,2,4,2,2,1,2,2,5,6,1,4,4,6,5,1,7,13,27,30,34,26,26,27,28,22,30,34,28,43,47,43,50,48,54,49,40,47,50,56,55,58,52,54,60,82,72,75,88,79,77,81,88,105,105,113,110,105,112,113,145,153,175,150,186,167,196,206,187,210,184,226,226,236,264,263,249,304,297,271,282,323,306,341,316,366,355,389,406,446,414,455,420,441,428,435,466,433,459,476,479,466,454,430,413,392,454,422,416,400,381,412,421,411,415,345,386,370,396,349,303,355,355,357,344,371,342,336,321,332,296,361,312,327,304,332,313,316,315,277,324,278,302,314,267,294,297,308,306,331,338,330,319,301,303,286,334,350,335,354,298,345,309,320,314,315,338,389,320,326,309,306,341,326,345,328,335,338,311,303,267,270,276,245,249,191,182,175,165,122,106,131,79,76,80,68,44,37,45,21,15,21,17,5,11,5,3,3,2,2,1,2,0,0,0,0,1,0,0,0,0,1,0,0,0,0,0,0,0,0,0,0,0,0,0,0,0,0,0,0,0,0,0,0,0,0,0,0,0,0
68.95,0,1,0,0,0,1,1,0,0,0,0,1,0,0,1,0,0,0,0,1,0,0,1,0,0,1,3,1,0,2,1,2,0,2,2,1,1,0,1,1,2,0,1,1,2,2,2,5,1,4,1,4,4,5,3,2,1,4,2,2,2,2,3,2,2,3,4,12,22,18,23,23,28,27,28,36,44,29,36,31,38,31,41,30,45,39,48,40,43,53,62,72,64,42,72,68,63,64,82,70,80,70,95,90,105,121,127,134,129,118,146,160,157,164,164,169,176,191,170,196,173,205,213,238,247,244,234,272,276,291,300,315,325,317,372,352,370,398,389,418,460,417,433,436,434,428,424,459,439,461,475,456,433,415,432,390,441,443,423,402,386,418,447,399,436,324,369,401,395,331,319,329,363,349,340,392,345,330,334,330,305,352,319,328,294,313,325,321,314,284,317,293,300,311,278,287,295,309,309,347,336,330,321,300,304,293,331,345,327,344,304,347,308,329,315,324,336,384,315,325,307,305,341,322,345,334,335,336,304,304,271,271,274,244,249,191,180,175,165,124,106,131,79,76,80,68,44,37,45,21,15,21,15,5,11,5,3,3,2,2,1,2,0,0,0,0,1,0,0,0,0,1,0,0,0,0,0,0,0,0,0,0,0,0,0,0,0,0,0,0,0,0,0,0,0,0,0,0,0,0
69.05,0,0,0,0,0,0,0,0,0,0,0,0,0,0,0,0,1,1,1,0,2,0,0,0,2,0,1,2,1,3,3,0,3,0,1,0,1,0,0,1,1,3,4,4,1,5,6,1,1,0,3,1,5,4,2,2,4,4,4,5,2,4,1,2,3,3,4,11,24,26,23,26,24,29,17,24,30,22,43,37,32,33,34,36,45,40,42,38,54,51,46,56,80,56,70,67,73,82,82,97,91,91,97,125,114,124,109,102,122,143,133,150,159,144,155,149,127,200,180,180,210,202,188,192,239,251,255,279,282,300,307,294,306,326,342,364,338,359,417,406,427,426,440,432,389,426,430,461,460,457,452,470,432,421,431,394,437,415,399,387,423,425,461,389,415,335,369,348,448,328,362,321,357,350,341,347,341,342,312,337,295,333,302,343,299,324,317,345,312,289,330,288,308,305,282,309,292,314,313,333,334,331,318,298,306,290,338,357,333,351,304,355,310,326,316,323,340,374,312,319,311,305,337,320,341,335,334,332,306,298,269,271,269,244,249,191,180,173,165,123,108,130,79,76,80,68,44,37,45,19,15,21,15,5,11,5,3,3,2,2,1,2,0,0,0,0,1,0,0,0,0,1,0,0,0,0,0,0,0,0,0,0,0,0,0,0,0,0,0,0,0,0,0,0,0,0,0,0,0,0
69.15,0,1,1,0,0,1,2,0,0,1,1,1,0,0,0,0,0,0,1,0,2,2,0,0,1,0,1,1,1,2,2,0,0,2,0,0,2,0,3,2,3,4,1,0,1,3,2,5,1,5,2,1,3,1,1,0,3,4,1,3,3,4,3,3,2,2,6,20,25,24,15,30,35,35,29,31,33,38,43,40,37,37,48,40,44,34,50,40,40,42,49,56,62,59,69,66,73,66,70,93,77,86,96,98,77,97,109,106,102,131,125,122,136,151,153,164,171,177,186,215,212,209,218,240,221,256,262,272,301,320,280,328,303,362,354,362,359,371,408,404,409,425,427,420,443,457,432,422,476,481,463,449,430,390,439,436,449,419,414,412,421,408,426,394,396,392,405,365,413,329,347,336,371,358,343,345,334,350,311,318,297,330,308,353,303,322,307,313,305,269,323,281,314,307,280,321,288,318,312,333,335,334,321,302,303,291,347,349,326,343,301,360,311,329,315,319,333,371,314,325,309,307,337,320,339,339,334,326,311,299,268,268,265,247,249,189,180,173,167,124,106,130,79,76,78,68,44,37,45,19,15,21,15,5,11,5,3,3,2,2,1,2,0,0,0,0,1,0,0,0,0,1,0,0,0,0,0,0,0,0,0,0,0,0,0,0,0,0,0,0,0,0,0,0,0,0,0,0,0,0
69.25,0,0,0,0,0,0,0,0,0,0,0,0,0,1,0,1,1,0,0,1,1,0,0,0,0,1,0,1,1,2,1,0,0,2,1,2,0,1,2,1,1,1,2,5,3,3,3,5,3,4,2,5,3,3,1,4,6,3,2,3,2,4,5,2,3,1,4,15,23,21,16,29,24,17,22,26,27,30,30,32,40,34,37,41,52,34,42,45,52,57,53,51,58,55,54,70,71,84,66,69,62,89,85,83,81,96,102,110,102,142,122,137,146,158,141,165,170,153,184,181,210,213,237,235,211,260,261,271,281,312,321,320,340,348,365,360,372,330,412,400,432,403,424,429,416,485,429,414,442,464,460,436,427,384,473,399,444,406,421,376,392,415,420,420,392,390,368,359,433,315,312,325,373,335,357,365,325,353,317,330,309,330,312,354,289,308,310,298,302,273,317,271,308,290,272,320,291,317,315,331,336,332,318,297,311,295,336,351,326,332,306,359,313,324,315,328,343,374,312,324,306,309,338,317,335,337,334,328,309,297,271,269,265,247,249,187,182,173,165,124,106,130,79,76,78,68,44,37,45,19,15,21,15,5,11,5,3,3,2,2,1,2,0,0,0,0,1,0,0,0,0,1,0,0,0,0,0,0,0,0,0,0,0,0,0,0,0,0,0,0,0,0,0,0,0,0,0,0,0,0
69.35,0,0,0,0,0,1,0,0,0,1,0,0,0,0,0,0,1,0,2,0,0,0,2,0,0,3,0,0,0,3,0,3,1,2,0,1,0,2,0,1,3,0,0,2,1,1,5,4,1,2,0,1,3,3,5,1,1,2,4,3,5,2,4,1,3,3,6,17,17,24,22,29,18,30,20,28,27,26,24,43,28,44,39,36,29,42,49,48,52,60,49,45,56,65,48,60,66,77,71,75,71,78,81,74,105,101,102,110,119,131,145,145,130,144,166,140,163,164,210,203,204,187,196,234,258,244,285,298,309,311,311,304,329,338,355,338,363,361,425,411,408,387,436,419,448,476,423,446,461,459,457,401,453,401,454,425,452,412,398,371,419,427,432,422,384,364,360,348,421,344,309,352,373,340,374,336,338,336,301,335,310,326,325,335,287,297,302,304,316,280,313,275,315,296,268,318,286,319,319,323,327,327,317,306,313,295,334,351,332,330,311,351,315,323,316,317,345,378,314,328,312,314,334,312,339,333,332,331,313,294,271,273,267,246,251,188,184,174,164,124,106,132,79,78,76,68,44,37,45,19,15,21,15,5,11,5,3,3,2,2,1,2,0,0,0,0,1,0,0,0,0,1,0,0,0,0,0,0,0,0,0,0,0,0,0,0,0,0,0,0,0,0,0,0,0,0,0,0,0,0
69.45,0,0,0,0,0,0,0,0,0,0,0,0,0,0,0,1,0,0,0,0,1,1,1,0,0,0,0,0,0,2,2,2,2,2,1,0,2,3,4,0,0,3,0,1,3,3,2,3,4,3,5,1,3,1,3,3,4,3,1,5,2,0,4,3,4,4,4,13,21,20,22,28,33,21,21,29,23,23,37,33,55,30,41,38,45,51,40,49,60,55,48,61,68,64,75,64,63,70,86,83,80,77,78,92,96,101,115,112,102,122,99,113,132,132,142,173,171,176,178,208,212,214,230,236,245,257,277,287,308,279,315,348,320,343,328,338,329,412,405,423,404,426,454,381,434,417,419,429,484,437,440,415,440,384,425,421,443,402,394,377,432,399,408,407,403,360,330,362,428,340,325,348,354,338,370,331,342,325,297,327,314,340,339,333,280,304,301,297,313,281,318,277,312,288,255,321,282,320,321,333,331,323,318,313,319,303,336,346,321,333,320,349,313,323,316,319,344,379,316,329,313,313,338,311,338,331,326,331,313,294,270,270,269,246,255,186,184,174,164,124,106,132,79,78,76,68,44,37,45,19,15,21,15,5,11,5,3,3,2,2,1,2,0,0,0,0,1,0,0,0,0,1,0,0,0,0,0,0,0,0,0,0,0,0,0,0,0,0,0,0,0,0,0,0,0,0,0,0,0,0
69.55,0,0,0,0,0,0,0,0,1,0,0,0,0,0,0,1,0,0,1,0,1,3,2,0,0,0,1,0,0,1,1,1,2,0,0,0,2,2,1,4,3,3,0,3,3,2,1,2,2,4,1,1,2,3,3,7,4,4,0,5,2,4,4,1,4,4,5,12,16,20,20,24,33,30,24,29,33,26,25,36,35,53,32,52,46,36,46,47,39,65,52,50,53,66,44,74,62,66,67,85,80,87,88,96,103,119,97,131,120,122,142,172,163,133,150,188,158,174,199,207,167,222,251,210,268,257,247,291,292,300,306,338,362,360,324,326,353,411,397,436,412,437,432,404,452,414,420,479,455,454,427,417,475,377,421,454,435,432,427,377,451,396,411,405,392,340,356,361,433,351,337,352,326,378,348,319,324,309,316,324,303,344,328,340,277,317,314,307,297,276,316,280,292,292,252,312,269,307,316,332,327,329,311,309,315,309,337,356,318,327,309,351,316,324,317,320,350,377,320,324,313,308,337,307,336,338,324,331,311,296,266,270,271,244,253,186,184,176,166,124,106,132,80,77,76,68,44,37,45,19,15,21,15,5,11,5,3,3,2,2,1,2,0,0,0,0,1,0,0,0,0,1,0,0,0,0,0,0,0,0,0,0,0,0,0,0,0,0,0,0,0,0,0,0,0,0,0,0,0,0
69.65,0,0,0,0,1,0,0,0,0,0,0,0,1,0,0,0,0,0,1,0,1,0,0,0,0,0,0,0,1,0,0,3,1,1,1,1,3,1,2,1,3,0,2,3,1,1,2,1,5,3,2,2,1,3,3,5,6,1,3,1,4,4,1,0,4,7,3,12,21,30,25,26,31,24,21,28,27,33,44,30,34,27,29,33,35,44,43,50,52,59,49,40,74,74,54,52,76,83,75,73,94,89,114,121,94,101,110,121,114,127,137,126,149,155,175,171,155,198,190,198,223,220,234,272,232,248,266,251,273,294,350,308,329,324,335,328,350,406,406,400,399,407,430,397,453,415,418,498,432,490,433,419,455,423,418,457,452,389,411,422,452,399,400,399,416,341,366,368,396,349,350,372,341,381,346,321,300,315,306,323,296,343,321,346,290,317,300,309,300,289,314,275,287,298,252,307,269,299,327,342,327,322,319,308,316,302,332,351,311,323,310,351,315,318,319,318,344,371,322,328,315,308,334,308,334,337,322,335,314,298,266,272,271,244,253,186,184,176,167,125,106,130,80,77,76,68,44,37,45,19,15,21,15,3,11,5,3,3,2,2,1,2,0,0,0,0,1,0,0,0,0,1,0,0,0,0,0,0,0,0,0,0,0,0,0,0,0,0,0,0,0,0,0,0,0,0,0,0,0,0
69.75,0,0,0,0,0,0,0,0,1,1,0,0,1,0,2,0,0,0,0,1,0,1,0,1,1,0,1,1,0,2,2,0,3,0,2,0,4,2,0,3,3,0,3,3,7,1,4,2,1,2,2,1,6,2,5,3,3,2,9,3,4,5,3,7,1,6,4,8,32,28,22,25,21,31,29,30,29,45,38,34,29,28,42,29,41,38,33,41,37,53,43,58,46,61,58,63,66,66,94,82,69,93,93,97,91,93,112,101,123,138,137,135,134,138,159,176,199,201,197,190,230,212,240,242,222,261,255,271,248,316,295,335,342,323,342,354,398,400,416,388,417,402,391,386,442,406,459,457,475,491,433,425,436,400,447,453,418,400,422,421,413,391,402,371,404,359,338,364,377,326,322,341,360,398,335,320,300,312,315,318,290,326,297,337,285,303,283,313,305,292,318,273,287,296,254,308,272,306,330,342,318,318,308,302,321,301,337,351,315,318,307,352,321,319,320,316,342,366,320,327,320,309,331,310,338,335,322,335,316,298,265,269,269,246,255,187,185,178,169,125,106,130,80,77,76,68,44,37,45,19,15,21,15,3,11,7,3,3,2,2,1,2,0,0,0,0,1,0,0,0,0,1,0,0,0,0,0,0,0,0,0,0,0,0,0,0,0,0,0,0,0,0,0,0,0,0,0,0,0,0
69.85,0,0,0,0,0,0,0,0,0,0,0,0,0,1,0,0,0,1,1,1,0,2,0,0,0,0,1,0,0,0,1,2,1,0,3,3,2,0,0,2,1,2,2,6,5,3,4,4,4,3,1,6,3,3,0,5,2,3,4,2,3,5,3,7,3,2,2,19,15,27,25,34,28,21,22,32,39,33,35,24,31,35,36,29,40,52,38,36,44,51,54,66,62,70,60,61,61,81,62,73,70,84,64,106,102,87,108,122,107,101,133,136,151,162,169,166,176,173,195,178,212,232,244,241,235,266,264,261,269,280,294,335,317,294,373,353,376,353,408,383,430,389,422,406,456,418,457,440,503,440,423,436,446,406,424,448,403,395,416,477,408,387,428,344,381,351,358,374,416,308,333,342,334,400,335,328,301,317,316,340,281,331,294,330,279,292,292,316,304,296,316,272,289,287,250,304,272,306,321,337,318,321,320,300,318,304,338,347,317,318,304,348,316,328,319,317,345,360,321,327,319,309,326,313,338,343,324,331,318,299,264,266,267,248,257,187,185,178,171,125,104,129,80,78,75,68,46,37,45,19,15,21,15,3,11,7,3,3,2,2,1,2,0,0,0,0,1,0,0,0,0,0,0,0,0,0,0,0,0,0,0,0,0,0,0,0,0,0,0,0,0,0,0,0,0,0,0,0,0,0
69.95,0,0,0,0,0,0,0,0,0,0,0,0,0,0,0,0,0,0,0,0,0,1,1,0,1,1,0,2,1,1,0,0,0,2,1,0,1,2,1,0,2,0,2,6,2,1,4,4,2,3,5,2,4,3,0,3,2,3,2,3,4,5,3,2,3,3,4,14,17,31,23,17,29,28,20,25,25,32,22,29,28,37,32,41,47,36,40,49,51,41,58,50,60,59,56,69,77,82,76,81,85,86,92,111,106,101,124,128,133,134,120,152,146,145,142,174,149,175,193,221,218,231,209,244,219,268,246,296,309,281,316,298,328,318,326,368,383,401,410,426,410,402,403,399,430,411,467,431,451,440,435,402,434,426,425,436,402,414,410,416,406,384,407,350,396,345,357,362,396,321,333,345,357,403,352,326,313,346,328,322,283,338,297,328,273,281,298,309,311,293,325,281,289,288,244,295,270,302,332,333,310,322,331,294,312,311,337,342,325,314,307,353,311,330,318,320,345,366,322,327,321,312,326,315,337,338,324,332,317,302,260,267,265,251,258,189,186,179,171,123,104,129,80,78,75,68,46,37,45,19,16,21,15,3,11,7,3,3,2,2,1,2,0,0,0,0,1,0,0,0,0,0,0,0,0,0,0,0,0,0,0,0,0,0,0,0,0,0,0,0,0,0,0,0,0,0,0,0,0,0
70.05,0,0,1,0,0,0,0,0,0,0,0,0,1,0,1,0,0,0,0,2,3,1,1,0,1,1,1,0,0,0,0,1,0,1,2,5,2,3,2,1,1,1,4,2,1,1,0,1,2,0,4,3,4,7,1,4,4,3,6,2,3,1,1,3,5,4,8,13,20,22,31,30,31,26,22,22,28,33,20,28,37,28,44,36,38,40,42,36,33,51,41,53,62,64,66,72,75,63,82,92,97,99,108,96,104,120,98,109,128,135,164,142,158,142,156,168,180,181,182,188,228,236,223,220,260,218,296,271,281,259,318,321,318,327,357,378,378,363,393,384,434,415,383,414,425,442,442,437,458,465,458,418,446,401,455,438,374,407,395,393,375,393,427,352,371,369,363,358,410,322,312,334,357,379,340,325,311,360,329,322,281,319,275,320,270,286,289,310,309,289,346,285,297,303,252,292,280,311,322,337,312,321,337,293,311,307,325,344,323,315,304,355,311,330,328,320,343,368,320,329,327,312,334,306,340,342,328,336,317,300,259,264,263,252,261,187,186,180,171,125,104,131,80,78,75,69,45,37,45,19,16,21,15,3,11,7,3,3,2,2,1,2,0,0,0,0,1,0,0,0,0,0,0,0,0,0,0,0,0,0,0,0,0,0,0,0,0,0,0,0,0,0,0,0,0,0,0,0,0,0
70.15,0,0,0,0,1,0,0,0,0,0,1,0,1,1,0,0,0,0,0,1,1,0,1,0,1,0,0,0,0,0,0,0,2,1,3,1,1,2,1,1,4,0,1,2,4,3,1,1,4,2,4,1,5,2,3,2,2,1,7,3,3,3,6,3,6,0,4,20,27,22,35,21,26,31,36,43,21,26,27,26,33,34,28,39,41,29,50,47,48,63,62,52,44,60,63,59,67,71,61,67,83,74,88,108,95,94,103,101,105,129,141,133,158,142,164,150,151,209,198,216,220,226,241,214,232,262,277,271,275,295,274,358,317,325,357,364,379,371,375,403,437,399,355,406,369,432,457,416,478,437,439,426,428,404,438,411,390,412,368,401,393,386,399,362,377,362,341,358,434,291,312,328,366,371,331,348,324,354,343,344,276,314,274,314,274,295,280,302,318,286,336,279,293,310,260,283,277,311,319,340,308,322,320,299,311,301,329,342,321,324,307,354,310,330,332,319,344,364,314,330,322,314,338,308,347,340,328,336,317,300,259,262,263,251,261,185,184,178,167,123,102,131,80,76,75,69,45,37,45,19,16,21,15,3,11,7,3,3,2,2,1,2,0,0,0,0,1,0,0,0,0,0,0,0,0,0,0,0,0,0,0,0,0,0,0,0,0,0,0,0,0,0,0,0,0,0,0,0,0,0
70.25,0,0,0,0,0,0,0,0,0,0,0,0,0,0,0,0,0,0,0,0,0,0,0,0,0,4,0,1,0,1,2,1,1,1,1,0,0,2,2,0,1,1,2,1,0,3,1,5,4,1,3,1,2,4,0,3,4,2,1,4,2,1,0,2,2,0,7,9,17,24,26,20,32,31,34,32,24,25,20,30,31,42,37,37,44,39,49,44,34,47,54,62,62,54,54,58,73,69,83,66,84,77,87,86,117,100,120,123,116,120,145,144,141,126,166,163,168,193,205,176,197,194,228,234,250,254,283,268,295,278,301,311,324,366,368,376,375,397,366,419,390,393,354,426,397,412,449,428,492,460,455,447,439,407,418,414,407,368,387,394,370,395,412,367,384,348,336,364,425,288,338,331,359,351,315,360,317,333,351,322,280,316,283,319,282,277,278,294,328,289,319,285,292,301,260,285,285,314,318,338,298,320,319,303,312,308,334,344,329,333,305,357,308,328,327,315,341,366,313,326,317,315,334,312,349,334,329,335,317,300,257,258,261,252,257,185,184,176,167,123,102,131,80,76,73,69,45,37,45,19,16,21,15,3,11,7,3,3,2,2,1,2,0,0,0,0,1,0,0,0,0,0,0,0,0,0,0,0,0,0,0,0,0,0,0,0,0,0,0,0,0,0,0,0,0,0,0,0,0,0
70.35,0,0,0,1,0,0,0,0,0,0,0,0,0,0,0,1,0,0,1,0,0,1,0,1,3,1,0,1,0,0,0,1,0,1,0,2,1,0,2,2,0,1,2,3,2,3,2,3,5,4,2,2,3,3,2,4,4,3,2,4,4,1,4,2,3,5,5,17,25,22,23,16,30,27,26,35,32,35,28,35,34,38,45,29,30,33,54,45,45,53,63,59,53,45,75,65,68,63,67,74,86,72,94,88,100,105,94,107,119,121,122,121,128,160,159,162,163,180,170,201,204,239,230,234,247,255,264,285,286,315,298,338,349,370,356,340,359,350,373,405,384,409,350,433,412,416,467,425,473,470,439,451,440,427,405,444,409,384,391,398,395,390,394,384,382,341,328,368,403,299,348,312,368,321,320,342,297,331,339,319,300,315,275,311,281,279,288,296,337,275,317,283,286,296,265,284,293,321,310,332,300,329,315,301,313,314,340,340,325,335,304,348,314,330,328,310,345,368,313,322,317,317,332,313,350,339,330,339,317,300,257,260,266,251,257,185,182,176,167,124,102,129,80,76,73,69,45,37,45,19,16,21,15,3,11,7,3,3,2,2,1,2,0,0,0,0,1,0,0,0,0,0,0,0,0,0,0,0,0,0,0,0,0,0,0,0,0,0,0,0,0,0,0,0,0,0,0,0,0,0
70.45,0,0,0,0,0,1,0,0,1,0,0,0,0,0,0,1,0,1,0,0,0,0,0,0,0,0,0,1,1,2,0,0,3,0,2,2,1,0,2,2,3,1,1,0,3,2,2,3,6,1,0,3,2,5,3,4,2,4,4,3,3,0,5,0,1,2,4,16,22,28,29,27,21,29,33,24,30,38,28,29,32,39,31,46,35,39,46,40,39,58,53,52,61,56,80,71,59,82,70,84,81,88,76,82,81,88,109,108,112,122,125,159,128,152,157,153,161,169,191,177,199,217,220,232,252,265,276,277,311,285,300,321,343,367,345,357,367,365,371,425,361,409,373,396,388,438,451,408,485,461,422,447,389,414,397,436,401,412,383,401,382,389,359,398,353,336,331,340,402,292,325,327,388,306,302,328,292,332,346,318,302,321,285,313,285,280,286,300,333,282,306,275,287,306,268,284,289,319,303,337,300,323,312,305,303,317,343,345,315,340,310,349,311,319,325,310,347,370,310,324,317,315,334,314,352,339,334,342,313,300,255,261,266,251,253,185,184,176,167,124,101,128,80,74,73,69,45,37,47,19,16,21,15,3,11,7,3,3,2,2,1,2,0,0,0,0,1,0,0,0,0,0,0,0,0,0,0,0,0,0,0,0,0,0,0,0,0,0,0,0,0,0,0,0,0,0,0,0,0,0
70.55,0,0,0,0,0,0,0,0,0,0,1,1,0,1,0,0,0,0,2,1,2,0,0,0,0,0,1,0,2,2,2,1,0,1,2,0,2,2,0,1,3,6,2,2,2,0,0,5,3,2,2,3,3,2,2,4,5,1,2,2,1,8,3,1,1,4,6,14,17,24,20,23,26,24,19,27,26,28,33,27,35,34,40,48,35,44,43,39,44,56,59,44,71,65,55,83,80,86,68,76,90,93,106,100,86,113,113,115,92,91,145,139,124,140,165,149,162,159,179,208,202,217,207,220,250,245,270,269,300,286,297,318,363,349,377,359,343,366,376,407,379,369,378,385,392,420,430,443,507,446,436,434,418,430,437,404,399,443,397,385,362,399,381,405,373,349,315,366,404,287,317,314,369,319,303,337,311,310,356,311,299,333,280,316,296,268,296,300,334,287,311,285,286,310,265,295,282,313,300,348,296,322,309,310,303,320,341,347,312,330,312,346,317,317,323,314,345,366,312,328,319,313,338,314,351,338,337,336,316,302,255,257,264,251,257,185,184,176,170,123,101,128,80,74,73,69,45,37,44,19,16,21,15,3,11,7,3,3,2,2,1,2,0,0,0,0,1,0,0,0,0,0,0,0,0,0,0,0,0,0,0,0,0,0,0,0,0,0,0,0,0,0,0,0,0,0,0,0,0,0
70.65,0,0,0,0,1,0,0,0,0,0,1,0,0,0,0,2,0,0,0,0,0,0,0,0,1,2,0,0,0,0,0,1,2,0,1,1,2,1,1,1,4,2,3,0,2,0,3,3,2,3,3,3,2,4,4,4,3,0,2,2,1,4,2,5,2,4,4,17,22,19,18,19,25,20,31,38,27,28,32,40,39,33,34,38,35,47,52,46,47,55,48,59,60,56,59,62,61,69,80,65,78,71,115,88,105,101,103,115,115,127,123,150,139,154,155,164,165,187,185,202,216,184,216,231,221,264,257,309,253,292,299,322,352,364,373,370,356,397,375,412,371,392,393,367,376,426,439,447,479,470,427,453,423,436,436,393,402,410,385,413,383,411,409,399,357,356,344,385,409,280,310,327,352,320,347,333,299,317,345,309,294,337,278,313,296,278,288,306,331,298,307,284,285,296,267,283,285,321,305,347,298,317,313,317,305,316,340,346,312,332,313,348,324,323,323,315,338,370,304,326,321,313,335,313,348,337,333,334,317,303,257,257,264,251,257,185,186,176,170,123,101,128,80,74,73,71,45,37,44,19,14,21,15,3,11,7,3,3,2,2,1,2,0,0,0,0,1,0,0,0,0,0,0,0,0,0,0,0,0,0,0,0,0,0,0,0,0,0,0,0,0,0,0,0,0,0,0,0,0,0
70.75,0,0,0,0,0,1,0,0,0,0,0,0,0,1,0,0,0,0,1,0,1,1,0,1,0,0,0,1,0,3,2,1,0,3,0,1,1,1,1,2,1,1,2,3,3,4,5,4,4,2,5,4,2,5,1,3,4,0,2,5,0,2,5,2,4,4,8,5,17,19,27,16,32,30,38,41,35,33,33,37,47,32,27,42,39,36,43,56,44,48,52,66,50,68,66,66,66,59,82,91,79,83,73,80,113,96,112,99,112,131,103,117,175,141,131,157,163,185,193,207,186,199,226,221,211,253,285,290,303,270,314,322,361,339,366,416,373,399,369,380,390,386,408,381,346,403,445,442,471,424,440,411,414,430,431,409,440,404,393,416,394,371,395,378,382,358,325,377,365,271,300,340,363,333,380,314,302,297,350,315,292,306,275,325,296,268,271,307,332,292,316,286,289,287,271,276,279,325,303,351,298,319,313,315,301,308,340,357,318,335,313,336,315,318,319,317,335,371,301,325,317,313,339,317,342,334,335,333,317,301,256,256,266,248,255,185,184,174,170,123,101,128,80,74,73,71,45,37,44,19,14,21,15,3,11,7,3,3,2,2,1,2,0,0,0,0,1,0,0,0,0,0,0,0,0,0,0,0,0,0,0,0,0,0,0,0,0,0,0,0,0,0,0,0,0,0,0,0,0,0
70.85,0,0,0,0,1,0,0,0,1,0,1,1,0,0,0,1,1,0,0,0,0,0,1,1,0,1,0,0,1,0,1,0,0,0,2,0,2,2,0,1,0,1,2,2,2,3,2,5,4,2,2,1,4,3,2,3,3,3,0,5,5,5,5,3,1,2,5,12,22,25,22,25,27,27,19,26,30,36,19,36,39,21,32,37,38,44,44,25,46,47,58,49,80,56,61,71,62,78,87,69,89,74,95,74,106,98,110,111,135,143,122,142,144,159,170,151,167,180,197,170,198,212,206,207,234,250,282,284,296,297,305,344,335,356,354,363,390,367,375,364,406,413,405,399,371,405,404,449,456,453,408,404,402,425,405,420,403,372,358,421,371,374,396,350,388,363,338,347,346,289,331,338,365,332,370,298,286,285,353,314,273,312,269,323,294,278,269,307,323,306,316,283,292,283,271,278,289,336,300,339,311,313,314,310,295,305,342,351,315,342,311,330,318,319,318,314,343,373,298,323,315,309,338,315,346,332,329,333,319,303,258,256,264,248,255,187,187,173,171,122,101,128,80,74,73,71,45,37,44,19,14,21,15,3,11,7,3,3,2,2,1,2,0,0,0,0,1,0,0,0,0,0,0,0,0,0,0,0,0,0,0,0,0,0,0,0,0,0,0,0,0,0,0,0,0,0,0,0,0,0
70.95,0,1,0,0,0,0,0,0,0,0,0,0,0,1,0,0,2,1,0,1,0,0,1,0,0,0,0,1,2,0,1,0,0,0,1,1,1,1,2,0,1,3,2,2,3,3,2,1,2,5,3,4,0,3,1,5,2,6,2,3,6,1,1,4,2,4,7,17,27,25,12,37,22,26,22,27,28,43,37,36,33,32,47,45,46,43,46,62,43,45,53,50,67,46,61,63,82,77,83,83,90,88,91,96,94,116,91,95,116,141,123,136,151,134,166,162,181,171,171,189,210,198,222,224,240,255,254,295,292,314,326,330,316,360,361,367,377,361,355,385,369,383,409,393,371,373,401,448,475,437,382,399,421,439,402,419,395,369,338,398,370,374,376,366,365,381,328,353,343,288,317,330,351,321,338,304,307,291,340,306,277,313,276,325,278,288,279,298,316,307,324,273,283,288,268,279,289,327,299,329,301,311,310,302,295,304,337,351,318,343,308,327,320,321,320,313,347,374,295,324,315,310,335,319,344,330,327,333,317,303,260,257,259,245,253,187,187,175,167,122,102,128,80,74,73,71,45,36,44,19,14,21,15,3,11,7,3,3,2,2,1,2,0,0,0,0,1,0,0,0,0,0,0,0,0,0,0,0,0,0,0,0,0,0,0,0,0,0,0,0,0,0,0,0,0,0,0,0,0,0
71.05,0,0,0,0,1,0,0,1,0,0,0,1,0,0,1,1,1,0,1,1,1,0,0,0,0,1,0,0,0,3,0,0,2,1,0,0,0,0,3,2,0,1,3,3,5,3,0,3,3,0,1,2,1,2,4,3,5,3,3,3,2,2,3,1,4,3,5,13,21,14,24,30,35,24,26,30,29,37,21,40,33,26,37,40,40,50,48,35,42,53,59,59,44,67,56,61,78,82,64,77,87,95,101,92,104,116,104,117,135,129,143,127,138,138,163,139,151,176,185,172,194,223,218,229,263,241,278,284,301,303,298,343,359,362,357,360,377,368,379,361,420,384,405,397,378,369,428,450,468,427,389,407,469,448,389,388,411,348,357,375,359,363,388,366,364,388,325,358,347,291,323,330,362,343,337,330,309,277,348,303,280,316,270,335,283,276,269,290,303,306,327,276,276,308,269,276,285,322,301,331,303,319,322,309,294,299,341,344,320,336,317,329,317,316,331,310,345,375,297,323,321,310,333,315,344,333,329,331,314,298,258,257,257,245,253,185,187,175,169,122,102,130,80,74,73,71,47,36,44,19,14,21,15,3,11,7,3,3,2,2,1,2,0,0,0,0,1,0,0,0,0,0,0,0,0,0,0,0,0,0,0,0,0,0,0,0,0,0,0,0,0,0,0,0,0,0,0,0,0,0
71.15,0,1,0,0,0,0,0,0,1,0,0,0,0,0,0,0,0,0,0,1,0,0,1,0,0,0,0,1,0,1,2,0,1,1,1,2,1,0,0,1,1,0,0,1,2,2,5,3,0,2,2,3,6,4,3,2,3,2,4,0,4,4,1,1,3,3,6,21,26,19,28,34,28,15,37,28,28,31,32,34,35,37,33,32,44,37,47,40,43,57,62,53,71,61,52,55,62,69,83,75,89,79,103,84,104,95,104,121,140,121,118,159,165,130,159,148,171,204,166,170,205,211,209,233,225,261,260,293,305,294,320,306,349,370,338,349,388,310,384,381,360,345,426,405,361,386,400,445,449,439,367,380,416,442,396,407,405,360,328,387,369,352,369,374,371,386,312,362,333,281,332,327,349,335,340,328,307,278,347,295,293,302,273,327,300,275,283,299,307,309,324,270,277,314,268,278,283,327,305,338,297,317,325,311,292,296,324,345,321,329,316,323,313,313,339,309,343,372,297,327,320,307,332,320,344,333,335,333,316,296,260,257,257,249,251,189,187,175,169,122,100,130,81,73,73,71,47,36,44,19,14,21,15,3,11,7,3,3,2,2,1,2,0,0,0,0,1,0,0,0,0,0,0,0,0,0,0,0,0,0,0,0,0,0,0,0,0,0,0,0,0,0,0,0,0,0,0,0,0,0
71.25,0,0,0,1,0,0,0,1,0,0,0,0,0,1,0,0,0,2,0,0,1,1,0,2,1,0,1,0,0,0,0,1,0,1,3,1,1,4,2,5,1,5,1,2,3,7,1,2,4,3,4,6,0,2,3,5,3,1,4,3,3,1,5,1,4,6,4,14,19,19,21,19,26,22,24,22,24,26,31,26,31,31,37,44,38,41,43,36,44,47,62,43,63,58,62,62,77,79,94,88,89,101,76,87,99,106,96,110,108,113,106,143,143,149,155,171,168,194,189,187,200,210,191,245,238,219,273,279,307,285,334,268,335,365,352,372,381,367,345,348,389,362,391,401,379,380,405,456,439,429,385,415,440,431,412,398,401,370,364,392,365,364,356,350,392,392,303,336,334,278,340,323,355,357,345,298,298,282,370,322,286,306,270,328,293,279,292,299,313,288,316,269,291,308,264,278,265,323,293,342,295,327,321,315,285,297,330,343,325,325,318,318,316,311,335,311,343,369,294,326,320,306,334,328,342,333,332,335,317,296,260,255,257,251,251,189,187,179,169,122,100,130,81,73,73,73,47,36,44,19,14,21,15,3,11,7,3,3,2,2,1,2,0,0,0,0,1,0,0,0,0,0,0,0,0,0,0,0,0,0,0,0,0,0,0,0,0,0,0,0,0,0,0,0,0,0,0,0,0,0
71.35,0,0,0,1,0,0,0,1,1,0,0,0,0,0,1,0,0,1,0,0,2,0,0,0,1,1,0,1,0,0,0,0,1,0,1,0,0,0,1,0,3,3,0,2,3,2,2,2,6,3,1,6,3,1,1,3,1,6,2,1,2,3,3,4,3,3,4,14,29,21,25,17,31,24,25,28,29,22,29,41,28,34,36,33,33,27,39,49,38,50,47,43,38,44,62,63,72,74,79,77,78,83,89,81,86,106,102,112,113,131,149,130,167,132,147,167,155,173,200,228,202,216,213,229,234,242,260,241,264,332,289,296,342,367,337,366,340,377,351,368,377,371,383,402,378,374,393,462,452,419,374,402,418,430,394,382,381,384,391,395,356,378,360,387,362,394,361,335,321,289,338,346,353,352,362,287,285,281,352,320,282,316,280,313,303,295,299,296,320,296,307,281,296,297,260,284,266,317,300,347,296,325,325,315,286,294,331,344,328,334,320,312,314,310,328,312,334,373,294,322,322,305,329,320,342,337,332,333,313,300,254,253,261,249,253,189,187,181,169,122,100,130,81,73,73,73,47,36,44,19,14,21,15,3,11,7,3,3,2,2,1,2,0,0,0,0,1,0,0,0,0,0,0,0,0,0,0,0,0,0,0,0,0,0,0,0,0,0,0,0,0,0,0,0,0,0,0,0,0,0
71.45,0,0,0,0,0,0,0,0,0,1,0,1,0,0,0,0,0,0,0,0,1,1,0,0,0,0,0,0,0,0,3,1,1,0,0,1,2,3,0,2,3,1,4,2,3,5,6,6,1,3,3,1,6,2,0,0,2,5,3,1,2,3,2,1,8,2,3,17,17,19,24,11,23,18,29,23,23,39,43,33,41,28,40,45,32,56,39,53,37,47,67,58,41,60,56,59,67,75,73,66,79,77,78,90,105,98,111,109,117,123,135,117,134,133,147,174,171,173,189,188,221,240,214,228,234,246,229,256,276,311,293,343,336,326,349,358,327,383,358,362,369,369,393,412,370,385,408,474,423,420,386,367,409,432,411,396,391,373,373,402,387,383,388,392,364,366,369,337,321,268,325,331,356,356,324,296,282,285,351,299,287,297,309,312,287,293,295,299,311,293,298,293,298,302,270,281,282,312,300,336,296,315,325,311,287,295,334,343,319,333,315,311,326,318,324,310,336,373,293,326,330,309,327,320,341,338,328,337,315,301,253,253,262,250,250,187,186,184,169,122,100,128,81,73,73,73,47,36,44,19,14,21,15,3,11,7,3,3,2,2,1,2,0,0,0,0,1,0,0,0,0,0,0,0,0,0,0,0,0,0,0,0,0,0,0,0,0,0,0,0,0,0,0,0,0,0,0,0,0,0
71.55,0,0,0,0,0,0,0,0,1,0,0,1,0,0,0,0,1,0,1,0,0,2,1,0,1,0,2,0,1,1,0,1,3,2,2,0,0,2,2,1,0,1,1,2,2,3,4,2,4,4,2,2,6,5,4,1,3,2,5,4,7,3,1,3,9,2,3,19,16,26,26,29,32,20,24,22,29,32,25,29,31,33,41,36,47,42,36,42,49,42,72,55,54,67,82,70,67,86,79,96,86,94,94,86,106,98,105,123,129,96,136,159,133,141,145,166,169,173,199,183,191,210,245,232,235,279,230,276,265,256,321,335,332,335,350,373,325,353,349,349,371,397,371,431,375,369,422,449,414,416,396,353,416,409,430,374,396,338,382,413,402,378,388,424,375,368,322,363,333,278,352,321,359,347,327,290,286,282,348,314,280,282,319,317,276,285,301,287,313,296,299,296,311,306,252,287,281,307,297,338,300,315,324,309,293,300,333,351,320,331,313,314,323,318,325,310,335,369,295,324,330,307,328,320,341,338,328,341,315,301,253,253,260,252,246,188,182,185,168,122,98,128,80,73,75,73,47,36,44,19,14,21,15,3,11,7,3,3,2,2,1,2,0,0,0,0,1,0,0,0,0,0,0,0,0,0,0,0,0,0,0,0,0,0,0,0,0,0,0,0,0,0,0,0,0,0,0,0,0,0
71.65,0,0,1,0,0,0,0,1,0,0,0,0,0,0,0,0,1,0,1,0,0,0,0,0,0,0,0,0,0,0,0,1,1,1,0,3,1,1,3,0,0,2,1,1,2,3,1,3,1,4,2,3,2,0,4,3,4,1,2,5,5,0,1,2,2,0,4,8,19,27,17,20,18,34,17,30,27,28,30,40,42,41,35,53,27,38,41,43,49,43,44,49,53,71,57,94,59,81,76,75,91,100,71,81,93,121,122,132,101,131,123,152,139,156,162,156,181,182,189,203,231,198,228,225,240,246,260,230,266,271,320,337,319,343,339,394,345,385,393,362,367,385,414,414,376,371,430,484,420,423,395,377,420,403,412,377,371,323,379,404,394,398,392,437,334,348,364,354,345,276,360,330,369,337,328,299,283,265,346,312,279,284,315,313,267,278,293,284,313,304,308,295,314,324,246,295,291,307,286,337,294,317,324,314,302,303,342,353,326,327,309,315,313,320,321,310,339,361,297,328,335,302,324,322,341,336,332,338,316,301,253,253,263,252,247,187,182,182,168,122,96,128,80,73,75,73,47,36,44,19,16,21,15,3,11,7,3,3,2,2,1,2,0,0,0,0,1,0,0,0,0,0,0,0,0,0,0,0,0,0,0,0,0,0,0,0,0,0,0,0,0,0,0,0,0,0,0,0,0,0
71.75,0,0,0,0,1,0,0,1,0,0,0,1,0,1,0,0,1,0,0,1,0,0,0,1,0,0,0,0,1,0,1,0,0,1,1,1,0,1,4,0,2,3,3,1,2,3,2,3,4,1,3,7,3,2,1,4,2,4,1,3,2,4,2,3,2,4,8,15,14,23,25,30,23,24,28,31,27,26,33,34,36,31,36,35,52,39,46,58,34,58,51,42,54,52,64,69,65,84,72,74,75,99,88,96,111,116,102,124,113,104,134,127,158,156,145,166,156,157,210,211,192,207,221,220,214,243,243,269,288,286,305,344,293,345,352,390,397,358,356,367,376,409,382,376,375,385,447,463,409,478,423,365,414,377,430,391,383,317,403,387,395,391,384,399,347,360,358,357,327,285,319,325,350,313,327,293,275,279,357,310,295,285,303,304,279,273,311,272,308,301,315,302,311,327,247,286,294,304,291,341,304,314,318,318,300,294,339,348,333,322,309,319,318,315,323,308,338,357,295,331,339,300,323,319,338,339,330,338,316,303,251,253,264,253,246,189,184,182,168,122,96,126,80,73,75,73,47,37,43,19,16,21,15,3,11,7,3,3,2,2,1,2,0,0,0,0,1,0,0,0,0,0,0,0,0,0,0,0,0,0,0,0,0,0,0,0,0,0,0,0,0,0,0,0,0,0,0,0,0,0
71.85,0,0,0,0,0,1,0,1,0,0,0,0,0,0,0,1,1,0,0,1,1,0,1,0,0,1,0,3,0,0,0,2,1,0,0,1,1,0,3,1,0,0,2,1,0,3,3,2,2,2,1,6,3,3,6,4,1,4,4,7,3,8,2,3,4,2,4,12,22,24,35,16,20,29,21,34,27,29,34,29,27,25,36,37,31,41,40,50,49,46,47,54,61,58,69,70,61,95,74,95,76,77,84,91,92,111,116,115,111,136,149,139,138,172,154,176,190,173,194,189,200,213,214,209,255,250,243,256,287,306,287,295,321,354,320,361,388,374,378,368,384,377,374,368,353,394,405,398,425,435,401,369,416,412,429,418,394,321,372,379,393,370,362,390,356,369,324,328,332,274,305,334,336,307,327,293,277,275,355,305,285,289,326,310,283,277,315,273,313,290,324,294,307,331,244,285,300,308,290,333,297,323,317,318,305,285,337,343,343,318,316,318,316,313,322,307,341,360,297,327,343,301,323,323,340,335,330,337,311,303,253,258,261,253,239,187,182,180,168,122,96,126,80,73,75,73,47,37,43,19,16,21,15,3,11,7,3,3,2,2,1,2,0,0,0,0,1,0,0,0,0,0,0,0,0,0,0,0,0,0,0,0,0,0,0,0,0,0,0,0,0,0,0,0,0,0,0,0,0,0
71.95,0,1,0,0,1,0,0,0,0,1,0,0,2,0,0,0,0,1,0,0,0,0,3,0,0,0,1,2,2,2,0,0,1,0,2,1,1,1,2,0,1,0,1,1,1,4,1,2,4,2,1,6,3,3,3,2,2,2,4,1,2,5,5,4,3,4,6,12,19,26,38,31,26,36,34,34,33,27,25,38,44,33,32,41,42,42,40,32,46,56,53,44,59,50,68,66,73,66,70,83,93,73,96,110,110,107,127,126,133,133,128,141,141,157,155,161,158,175,179,202,182,198,220,221,233,247,274,318,300,260,296,301,329,344,327,369,368,358,360,349,376,356,400,396,377,392,397,422,408,415,445,360,397,438,439,389,409,324,361,390,413,385,379,393,351,367,321,338,354,308,302,326,325,325,311,276,277,265,351,297,279,284,325,314,293,275,318,274,322,295,326,309,299,331,242,284,309,311,279,337,294,326,316,322,307,288,325,343,358,317,308,326,313,316,322,308,341,364,296,329,335,307,323,323,335,336,333,337,307,301,255,258,260,253,239,183,184,182,168,122,96,126,82,73,77,73,47,37,41,19,16,21,15,3,11,7,3,3,2,2,1,2,0,0,0,0,1,0,0,0,0,0,0,0,0,0,0,0,0,0,0,0,0,0,0,0,0,0,0,0,0,0,0,0,0,0,0,0,0,0
72.05,0,0,0,0,0,0,0,0,0,0,0,0,0,0,1,0,1,0,1,0,2,2,0,0,1,3,1,0,0,1,0,2,1,1,2,1,0,2,4,2,0,1,2,1,3,5,4,2,3,4,2,4,1,4,2,3,2,5,3,6,2,2,2,5,3,1,4,16,10,22,19,25,17,32,27,24,32,24,35,37,37,37,33,27,41,35,47,40,47,53,47,60,55,37,64,47,61,87,73,83,73,89,93,78,90,114,111,122,135,118,128,137,137,152,150,151,170,179,179,198,198,208,222,267,216,245,274,289,292,279,294,262,327,345,333,363,366,326,377,356,376,389,399,369,377,380,431,430,421,396,436,376,369,415,420,406,397,330,350,386,400,377,377,382,338,351,322,323,334,297,338,331,313,319,333,289,280,276,361,292,284,281,330,313,285,271,308,268,329,298,330,316,307,336,240,301,304,305,293,338,294,336,305,312,297,289,336,345,354,317,307,328,314,317,320,305,337,356,298,327,339,313,323,325,335,338,331,335,307,296,251,258,261,251,239,183,184,182,170,120,96,126,82,73,77,71,47,37,41,19,16,21,15,3,11,7,3,3,2,2,1,2,0,0,0,0,1,0,0,0,0,0,0,0,0,0,0,0,0,0,0,0,0,0,0,0,0,0,0,0,0,0,0,0,0,0,0,0,0,0
72.15,0,0,0,0,0,0,0,0,0,0,0,0,0,0,1,0,0,1,0,0,0,0,0,0,0,0,1,1,0,1,1,0,0,2,1,1,1,2,2,1,3,0,5,2,0,5,4,1,3,2,3,1,5,0,2,2,0,1,1,4,4,0,1,4,5,2,7,12,14,22,23,17,26,24,21,34,16,24,34,46,41,30,40,32,47,33,53,37,42,36,55,53,69,70,50,64,61,67,65,79,63,83,89,68,95,107,125,96,134,118,142,111,134,150,150,180,167,191,182,171,223,187,210,235,247,235,264,295,281,297,274,284,333,335,320,316,347,341,380,346,379,402,394,366,370,409,408,395,412,397,388,369,381,425,418,403,405,339,345,385,373,393,376,396,348,337,326,328,330,281,361,325,330,308,330,285,279,281,352,288,292,295,306,325,303,274,314,266,320,301,332,309,295,325,249,298,298,303,296,338,293,324,304,313,289,286,342,340,352,317,311,328,312,313,320,305,345,362,298,327,333,314,330,329,333,334,333,333,308,294,252,258,261,252,238,183,182,181,170,120,96,126,80,75,77,71,47,37,41,19,16,21,15,3,11,7,3,3,2,2,1,2,0,0,0,0,1,0,0,0,0,0,0,0,0,0,0,0,0,0,0,0,0,0,0,0,0,0,0,0,0,0,0,0,0,0,0,0,0,0
72.25,0,0,0,0,0,0,0,1,0,0,0,0,1,0,1,1,0,1,0,0,0,0,0,1,1,3,0,1,0,0,0,0,0,2,2,1,2,1,2,0,1,1,1,3,1,2,2,4,3,4,0,2,3,6,2,1,3,3,5,3,3,3,2,6,4,2,2,12,12,17,24,21,26,27,31,30,32,25,21,30,38,43,37,36,36,38,43,36,44,47,45,65,63,65,52,77,66,90,74,79,86,73,90,99,89,93,107,99,110,125,142,140,142,164,160,176,147,168,188,210,214,216,205,231,229,270,250,260,254,267,292,291,354,337,351,340,360,319,354,365,368,371,378,399,407,408,436,387,423,401,403,358,392,427,393,379,418,351,361,391,386,379,406,406,364,360,320,329,349,304,356,316,316,309,316,276,276,265,368,280,301,284,304,330,304,276,304,264,330,305,328,295,290,317,242,302,294,306,307,335,295,307,303,310,284,284,340,341,349,318,316,330,313,318,321,304,341,367,299,325,333,314,328,333,337,334,333,332,310,294,254,258,259,252,238,181,180,179,168,120,94,128,80,75,77,71,47,37,41,19,16,21,15,3,11,7,3,3,2,2,1,2,0,0,0,0,1,0,0,0,0,0,0,0,0,0,0,0,0,0,0,0,0,0,0,0,0,0,0,0,0,0,0,0,0,0,0,0,0,0
72.35,0,0,0,1,1,0,0,0,0,0,0,1,0,0,0,0,0,0,1,0,0,0,0,0,0,1,1,1,0,1,0,1,0,1,1,2,1,4,2,1,0,3,3,3,3,4,1,1,3,3,1,4,4,3,1,1,5,3,1,2,4,2,3,1,5,5,8,14,21,21,24,20,21,25,23,28,29,33,34,28,24,26,36,47,43,44,41,52,50,59,43,57,51,55,44,66,76,69,84,68,86,81,82,82,106,102,117,107,119,117,103,129,143,156,149,165,179,196,179,170,220,237,233,221,246,244,266,229,269,314,287,310,358,333,341,336,371,330,342,365,347,402,445,377,384,407,405,404,391,371,428,370,350,409,392,394,391,353,369,351,411,388,418,425,364,365,301,312,356,264,338,352,298,304,320,281,286,262,384,297,312,268,304,346,309,278,295,258,343,316,322,304,281,321,241,287,285,306,304,346,289,313,301,314,284,283,329,339,353,317,314,324,316,317,319,307,338,369,303,329,333,312,330,336,338,338,329,330,310,300,256,259,261,250,238,183,182,177,166,120,92,128,80,75,77,71,47,37,41,19,16,21,15,3,11,7,3,3,2,2,1,2,0,0,0,0,1,0,0,0,0,0,0,0,0,0,0,0,0,0,0,0,0,0,0,0,0,0,0,0,0,0,0,0,0,0,0,0,0,0
72.45,0,0,0,1,0,0,0,0,0,0,0,0,0,1,1,0,0,1,0,0,0,0,0,2,0,1,0,3,0,1,0,0,0,0,0,2,1,1,2,1,1,4,2,1,4,1,3,4,5,6,3,5,4,2,4,1,1,1,5,1,1,2,1,5,4,3,5,11,24,27,20,14,22,33,24,42,33,26,34,28,29,40,37,48,33,41,39,43,54,43,47,77,55,71,66,61,68,77,75,80,86,84,79,76,114,91,84,83,104,136,120,121,135,132,157,158,180,171,179,195,210,229,236,254,230,234,262,229,280,307,308,308,333,359,325,332,354,330,314,390,349,382,408,377,377,406,420,382,413,372,399,391,396,398,402,354,357,320,360,352,401,395,388,427,367,346,297,327,328,250,334,333,301,315,313,277,287,275,379,323,304,286,280,338,296,270,300,266,341,325,330,304,296,323,237,295,287,313,300,346,294,310,314,314,284,291,336,341,348,315,315,319,313,318,319,307,342,369,300,326,333,315,328,334,335,335,330,329,312,296,256,259,263,250,240,183,182,173,166,120,92,128,78,75,77,71,47,37,41,19,16,21,15,3,11,7,3,3,2,2,1,2,0,0,0,0,1,0,0,0,0,0,0,0,0,0,0,0,0,0,0,0,0,0,0,0,0,0,0,0,0,0,0,0,0,0,0,0,0,0
72.55,0,0,0,0,1,0,0,0,0,1,0,0,0,0,0,0,0,0,0,0,0,1,0,0,1,1,1,1,1,2,0,1,0,0,1,2,2,0,5,2,0,2,1,2,3,4,4,3,2,3,5,1,1,2,1,1,2,1,10,2,3,3,2,3,2,3,2,10,18,21,31,21,30,21,32,28,24,31,32,32,41,43,25,33,50,35,45,43,40,46,48,60,59,66,74,71,64,69,75,80,93,79,93,103,97,100,108,96,116,111,119,110,152,163,160,166,152,150,194,214,202,209,271,239,226,234,240,268,274,288,316,353,336,321,336,354,333,350,345,366,349,367,414,369,376,373,383,409,430,361,422,392,404,418,402,387,351,330,366,342,414,397,373,398,382,370,318,320,355,260,335,338,317,306,308,285,278,281,372,326,295,289,289,316,290,273,291,255,327,336,328,290,298,315,237,302,282,312,300,338,294,315,315,310,288,295,341,347,347,311,319,313,313,312,321,305,342,365,296,326,332,312,332,336,340,334,329,327,311,295,254,259,262,249,240,187,182,172,166,122,92,128,78,75,75,71,47,38,41,19,16,21,15,3,11,7,3,3,2,2,1,2,0,0,0,0,1,0,0,0,0,0,0,0,0,0,0,0,0,0,0,0,0,0,0,0,0,0,0,0,0,0,0,0,0,0,0,0,0,0
72.65,0,0,0,0,0,0,0,0,1,0,0,0,1,0,1,0,1,0,1,1,1,0,0,0,1,0,0,0,4,1,1,2,0,4,1,1,0,1,0,3,0,1,1,2,2,1,1,2,1,2,3,1,6,3,2,4,3,9,1,3,4,4,1,1,8,2,10,14,19,21,31,26,30,31,24,27,40,31,37,34,31,50,44,50,41,52,38,51,43,59,48,67,59,71,64,81,78,73,96,99,98,105,97,78,85,99,106,135,113,123,124,137,144,150,162,167,164,175,215,208,180,206,204,226,245,260,245,271,248,278,310,336,328,325,319,328,348,348,355,362,339,376,420,359,387,401,419,405,420,389,402,379,375,414,388,369,340,345,364,364,396,408,375,374,384,362,346,351,354,259,339,318,319,311,305,287,275,267,364,341,282,273,287,324,287,274,293,254,325,338,318,290,303,316,239,298,276,319,308,341,302,320,316,308,294,291,342,355,354,321,315,307,312,318,321,306,341,367,294,322,333,311,336,330,342,336,329,329,303,291,254,259,262,248,239,187,182,172,166,122,92,126,78,75,77,71,47,38,43,19,16,21,15,3,11,7,3,3,2,2,1,2,0,0,0,0,1,0,0,0,0,0,0,0,0,0,0,0,0,0,0,0,0,0,0,0,0,0,0,0,0,0,0,0,0,0,0,0,0,0
72.75,0,0,0,0,0,0,0,1,0,0,0,2,0,0,1,0,1,0,1,1,0,1,1,1,1,1,0,0,0,0,0,0,2,0,2,2,1,1,1,3,0,1,1,0,5,6,5,1,3,3,1,4,6,5,5,1,6,4,2,1,1,2,2,3,1,4,7,9,23,22,33,23,23,29,29,21,27,25,32,27,41,39,31,25,42,36,42,48,49,57,47,49,62,59,72,50,67,71,74,86,78,79,114,88,113,99,110,121,99,107,123,147,171,161,150,157,192,187,173,206,189,198,222,235,253,253,258,239,258,264,322,295,322,351,309,345,363,361,353,360,373,349,415,353,402,382,405,393,412,389,405,379,399,395,377,380,355,332,346,366,401,406,367,368,351,326,322,371,346,273,333,334,342,303,312,303,290,281,356,328,307,285,292,311,275,272,295,261,321,339,314,284,287,314,233,293,271,320,310,335,308,321,316,310,295,295,342,355,346,322,317,308,313,317,321,300,341,365,290,323,336,309,336,332,340,339,338,327,305,293,255,257,266,248,237,186,181,173,166,122,92,126,76,75,77,71,47,38,43,19,16,21,15,3,11,7,3,3,2,2,1,2,0,0,0,0,1,0,0,0,0,0,0,0,0,0,0,0,0,0,0,0,0,0,0,0,0,0,0,0,0,0,0,0,0,0,0,0,0,0
72.85,0,0,0,0,0,0,0,1,0,0,0,0,0,0,0,0,0,0,2,1,2,0,0,0,1,0,0,1,2,0,0,2,1,0,2,0,1,2,3,4,2,5,3,1,2,4,4,7,2,3,1,7,3,2,0,3,1,4,0,4,2,3,3,1,4,4,5,10,20,24,24,20,22,26,19,31,35,35,32,30,33,24,36,37,41,36,43,36,41,45,60,60,60,55,49,65,67,80,78,67,77,75,87,93,85,93,131,129,129,137,116,130,165,133,170,158,164,170,203,180,187,209,197,221,230,264,254,260,269,280,300,303,305,333,311,339,374,336,365,400,349,369,402,348,397,357,408,399,380,396,379,381,381,406,381,390,382,346,357,373,396,407,380,343,351,326,298,364,346,289,321,333,336,322,309,301,287,277,341,320,312,286,280,314,281,274,290,253,323,330,304,278,285,300,233,289,276,311,324,348,315,311,315,314,296,289,346,355,353,325,317,314,315,323,328,299,337,363,291,325,337,305,333,325,343,340,338,332,305,293,255,255,266,251,234,186,181,173,166,121,92,126,76,75,77,71,47,38,43,19,16,21,15,3,11,7,3,3,2,2,1,2,0,0,0,0,1,0,0,0,0,0,0,0,0,0,0,0,0,0,0,0,0,0,0,0,0,0,0,0,0,0,0,0,0,0,0,0,0,0
72.95,0,0,0,0,0,0,0,0,0,0,0,0,2,0,0,0,0,1,0,0,0,2,1,1,0,1,1,0,1,1,0,1,1,0,1,0,1,2,0,1,2,2,1,5,3,0,1,2,1,0,3,4,5,2,2,2,1,5,1,3,2,2,4,1,4,0,6,12,9,27,31,22,22,20,20,24,17,39,30,38,28,46,36,33,41,30,45,46,56,55,54,50,59,60,60,59,61,78,77,92,101,89,101,105,114,100,109,99,121,101,115,130,137,175,150,157,169,159,176,195,198,190,202,230,237,259,251,269,248,291,313,304,308,330,302,337,352,346,395,350,354,365,369,367,398,385,396,395,385,367,407,396,369,401,370,390,391,356,349,354,398,378,378,356,324,332,292,336,340,262,285,336,318,320,309,305,274,276,330,324,295,282,285,301,312,273,295,269,303,317,301,266,279,309,241,282,283,311,319,353,318,310,313,313,301,296,339,354,351,331,313,310,315,319,328,295,339,370,293,327,327,305,338,323,343,340,334,338,303,295,257,255,262,251,236,186,179,173,166,121,92,126,76,75,77,71,45,38,43,19,16,21,15,3,11,7,3,3,2,2,1,2,0,0,0,0,1,0,0,0,0,0,0,0,0,0,0,0,0,0,0,0,0,0,0,0,0,0,0,0,0,0,0,0,0,0,0,0,0,0
73.05,0,0,0,0,0,0,0,0,0,0,1,2,0,0,0,0,0,1,0,0,0,0,0,2,0,1,1,1,0,0,0,0,3,1,1,0,0,0,3,0,2,3,2,4,4,3,1,3,3,3,2,1,4,3,5,2,0,3,4,1,3,2,0,1,3,4,3,19,17,21,19,23,33,26,31,24,26,34,33,31,34,29,37,41,35,39,39,45,47,53,52,41,54,66,59,65,87,88,95,99,87,99,101,92,97,101,124,115,124,124,124,121,142,124,133,161,151,175,193,187,173,221,235,223,234,247,241,261,282,319,282,280,328,314,330,330,357,322,390,350,357,395,320,375,399,390,392,382,382,379,392,417,387,383,410,379,359,355,351,364,407,399,347,361,324,324,289,346,351,257,294,324,317,325,308,296,261,275,347,323,301,272,281,320,305,267,291,266,295,322,307,274,279,298,233,275,282,307,312,355,316,316,314,309,299,290,338,362,337,325,315,311,312,319,325,290,339,366,293,327,323,305,338,321,336,338,338,334,305,295,259,255,264,251,234,186,180,175,166,121,92,124,76,75,77,71,45,38,43,19,16,21,15,3,11,7,3,3,2,2,1,2,0,0,0,0,1,0,0,0,0,0,0,0,0,0,0,0,0,0,0,0,0,0,0,0,0,0,0,0,0,0,0,0,0,0,0,0,0,0
73.15,0,0,0,0,0,0,0,0,0,0,0,0,0,0,1,1,3,0,0,0,0,1,3,0,0,0,0,2,1,2,1,1,3,0,1,4,0,0,3,3,1,2,3,2,3,1,1,3,3,3,1,5,1,2,0,4,7,4,1,1,5,6,1,2,2,4,7,12,18,29,26,36,19,23,25,23,36,47,26,32,33,31,51,47,52,48,45,57,38,56,48,57,54,69,50,72,70,88,52,68,81,78,100,112,109,102,91,117,104,109,128,100,145,153,152,148,186,195,154,158,195,203,247,222,213,231,265,261,283,290,279,292,332,308,318,347,366,338,384,352,320,397,322,375,400,404,383,362,371,395,382,410,400,371,401,370,401,347,353,369,402,386,344,345,342,327,313,330,381,264,295,322,339,314,302,302,263,270,333,305,286,270,288,290,301,285,293,272,303,328,296,273,290,295,231,283,284,297,304,353,321,313,317,314,299,298,342,364,325,325,313,313,318,319,319,290,340,363,298,322,321,305,336,317,334,338,338,334,309,293,253,255,264,249,234,185,178,171,166,121,92,124,77,74,77,71,45,38,43,19,16,21,15,3,11,7,3,3,2,2,1,2,0,0,0,0,1,0,0,0,0,0,0,0,0,0,0,0,0,0,0,0,0,0,0,0,0,0,0,0,0,0,0,0,0,0,0,0,0,0
73.25,0,1,0,0,1,0,0,0,0,0,0,0,0,0,0,0,0,1,1,2,0,0,0,3,0,0,0,1,2,2,1,0,0,1,2,2,3,1,2,1,3,1,1,0,2,5,2,2,1,0,3,3,3,2,2,2,1,3,1,4,6,2,4,3,0,5,2,11,18,20,24,18,23,27,23,23,21,27,35,35,28,32,50,44,37,34,45,53,49,39,49,42,59,60,75,49,59,62,71,91,70,85,84,107,87,91,100,97,115,129,142,139,142,129,147,173,180,169,168,223,199,211,215,225,237,221,283,267,264,286,269,307,310,326,318,311,360,338,383,354,326,365,331,377,413,370,376,359,393,424,414,401,383,360,378,391,351,325,376,354,395,365,352,349,369,315,316,333,327,273,306,312,314,329,295,288,264,273,332,313,286,275,285,289,299,273,294,269,298,341,298,281,291,287,236,287,276,299,313,353,314,305,315,319,302,298,350,363,333,323,315,316,308,318,319,292,334,359,300,324,324,304,340,315,332,332,341,335,309,291,249,255,262,249,234,185,178,173,164,121,92,124,79,74,79,71,45,38,43,19,16,21,15,3,11,7,3,3,2,2,1,2,0,0,0,0,1,0,0,0,0,0,0,0,0,0,0,0,0,0,0,0,0,0,0,0,0,0,0,0,0,0,0,0,0,0,0,0,0,0
73.35,0,0,0,0,1,0,1,0,1,0,0,0,0,0,1,0,0,0,0,0,0,1,0,0,2,1,0,1,0,1,0,1,1,2,1,2,1,2,5,1,1,2,2,4,1,4,3,2,3,2,2,3,4,1,2,3,2,3,3,1,1,2,4,4,3,3,7,6,12,21,12,17,26,26,21,31,46,35,22,28,32,34,33,43,42,44,46,47,58,47,60,43,55,55,61,74,62,73,96,81,77,81,81,96,100,85,96,105,103,130,136,135,137,156,130,162,160,185,191,231,209,223,215,191,235,248,238,293,291,264,278,289,311,332,309,334,309,336,399,343,314,427,363,359,398,366,395,374,394,390,354,380,422,376,363,376,339,332,369,349,396,380,349,352,344,323,318,326,325,298,288,311,332,323,292,303,260,281,330,301,297,281,285,300,300,271,282,272,299,347,298,276,294,287,230,284,267,308,315,353,312,297,307,324,303,301,343,364,332,328,322,317,310,316,321,296,336,361,298,328,324,307,343,315,332,331,340,332,306,289,251,257,264,251,234,186,178,173,162,121,92,126,79,74,79,71,45,38,43,19,16,21,15,3,11,7,3,3,2,2,1,2,0,0,0,0,1,0,0,0,0,0,0,0,0,0,0,0,0,0,0,0,0,0,0,0,0,0,0,0,0,0,0,0,0,0,0,0,0,0
73.45,0,0,0,0,0,0,0,0,0,0,0,0,0,0,0,0,0,1,4,0,1,0,0,1,1,1,0,1,1,1,2,1,3,1,3,1,0,2,1,0,0,2,1,2,3,2,1,7,6,3,5,3,3,7,1,2,3,4,4,3,6,4,1,1,7,5,4,8,25,18,19,25,25,19,30,23,37,31,31,38,32,38,29,36,36,58,54,48,39,57,48,57,55,67,64,66,69,68,97,87,82,89,93,91,87,101,86,110,124,116,120,111,136,160,151,149,171,182,201,170,223,211,201,212,223,228,239,307,307,284,278,297,317,323,305,337,311,348,378,359,329,371,352,361,390,369,374,349,402,386,387,400,426,370,384,357,339,310,368,353,412,379,350,355,339,344,336,317,341,305,284,331,335,338,309,294,273,285,327,304,290,279,291,293,283,273,279,270,291,340,293,274,293,279,243,294,270,303,322,350,304,300,308,322,293,303,361,358,326,329,314,320,310,315,327,296,338,362,299,326,320,308,340,315,330,337,338,330,308,289,251,259,260,251,234,186,178,174,164,121,94,126,79,76,79,73,45,38,42,19,16,21,15,3,11,7,3,3,2,2,1,2,0,0,0,0,1,0,0,0,0,0,0,0,0,0,0,0,0,0,0,0,0,0,0,0,0,0,0,0,0,0,0,0,0,0,0,0,0,0
73.55,1,0,0,0,0,1,0,0,0,0,0,0,0,2,0,0,1,0,0,0,0,0,1,1,0,1,0,0,0,2,2,0,1,1,1,1,2,3,2,1,0,2,3,6,1,6,1,3,2,3,3,2,1,4,6,3,4,3,1,2,6,3,6,10,4,2,5,20,24,20,24,34,20,29,32,30,36,31,31,45,36,57,51,40,40,49,47,53,51,56,47,51,60,53,74,72,64,73,77,92,80,102,99,92,107,105,92,112,99,114,118,144,136,149,160,174,185,199,172,213,179,196,233,211,229,266,243,275,295,309,306,287,311,313,305,345,313,369,351,350,357,371,349,352,361,386,378,355,395,363,375,404,384,396,371,368,327,327,371,354,424,368,337,363,350,340,321,334,319,308,308,307,331,326,298,284,274,284,325,309,294,278,301,296,283,267,295,267,294,337,291,278,285,278,239,288,272,302,326,349,304,301,307,317,300,299,359,354,324,322,314,321,300,316,332,294,337,362,297,328,320,306,341,312,332,337,334,330,308,289,247,263,260,251,234,185,178,171,167,121,94,124,79,76,79,74,45,38,42,19,16,21,15,3,10,7,3,3,2,2,1,2,0,0,0,0,1,0,0,0,0,0,0,0,0,0,0,0,0,0,0,0,0,0,0,0,0,0,0,0,0,0,0,0,0,0,0,0,0,0
73.65,0,0,0,0,0,0,0,0,0,0,0,0,0,1,0,1,0,0,0,2,0,1,0,0,1,1,1,1,0,0,1,3,1,1,3,1,1,0,0,2,1,0,1,4,3,1,5,3,2,6,4,1,3,3,4,1,2,3,1,2,2,5,5,0,1,9,4,20,17,27,19,19,28,28,30,33,23,30,31,38,35,21,34,32,45,41,46,51,46,58,46,45,68,57,76,56,66,62,68,72,84,92,64,99,103,94,101,110,105,132,134,140,135,129,141,165,178,179,182,147,181,204,188,221,260,227,278,279,283,287,299,295,323,324,305,338,317,375,356,354,344,391,334,360,349,372,395,358,372,357,379,379,419,359,363,389,337,344,361,341,419,359,353,378,331,316,330,341,341,279,301,315,334,317,299,281,254,306,334,277,305,260,293,311,286,268,293,275,290,338,296,276,284,278,238,301,278,304,323,347,292,297,299,311,302,298,362,355,323,323,315,321,302,320,326,296,335,359,299,330,320,306,344,314,334,335,333,333,308,293,247,265,260,253,232,185,174,169,167,121,94,122,79,76,79,74,45,38,42,19,16,21,15,3,10,7,3,3,2,2,1,2,0,0,0,0,1,0,0,0,0,0,0,0,0,0,0,0,0,0,0,0,0,0,0,0,0,0,0,0,0,0,0,0,0,0,0,0,0,0
73.75,0,0,0,0,0,0,0,0,0,0,0,0,0,0,0,0,0,0,0,0,0,1,3,2,3,0,0,0,0,0,0,1,1,1,1,1,0,0,0,4,0,1,3,1,3,0,1,2,0,2,1,3,5,3,3,1,1,2,5,1,4,4,4,7,1,5,8,18,17,18,26,35,20,30,31,22,26,31,27,28,34,36,33,43,40,46,35,47,48,45,50,57,45,65,56,68,60,60,72,80,59,95,88,90,80,112,101,112,108,121,125,127,135,147,161,153,176,157,164,196,192,192,198,218,261,246,251,287,291,273,304,281,310,270,317,334,344,383,362,324,353,379,345,341,368,376,380,358,374,373,395,380,416,396,374,383,338,353,358,343,412,368,346,365,350,332,294,353,303,277,296,343,314,326,298,262,269,301,320,296,299,254,283,322,285,269,282,278,293,339,304,284,283,278,231,294,273,311,326,345,290,313,303,310,294,300,349,356,325,327,310,317,296,321,325,303,330,357,311,328,324,307,344,317,330,331,330,329,308,293,245,265,261,252,232,185,174,169,167,121,94,118,81,76,80,71,45,38,42,19,16,21,15,3,10,7,3,3,2,2,1,2,0,0,0,0,1,0,0,0,0,0,0,0,0,0,0,0,0,0,0,0,0,0,0,0,0,0,0,0,0,0,0,0,0,0,0,0,0,0
73.85,0,0,0,0,0,0,0,0,0,0,2,0,0,1,0,0,0,1,0,0,0,1,1,0,0,1,0,0,0,1,0,1,2,0,0,1,3,1,1,5,3,4,4,4,3,2,7,6,5,4,5,7,6,5,8,5,3,4,1,4,2,5,4,6,3,3,6,23,24,18,31,27,25,27,30,32,28,36,32,40,42,39,41,42,40,47,47,45,41,54,65,46,74,63,66,64,65,59,66,64,72,89,70,104,90,98,112,118,109,140,137,126,146,144,142,172,144,162,193,191,172,195,237,240,255,250,255,285,301,276,306,279,310,270,304,310,292,380,356,331,390,344,368,341,356,387,364,385,378,362,384,423,416,391,373,376,367,347,364,337,368,409,333,347,343,368,281,348,305,270,297,300,337,326,292,285,274,299,330,311,315,264,295,332,283,265,281,283,296,327,305,287,278,281,233,294,276,307,330,346,287,317,305,312,286,285,340,358,321,321,311,320,298,322,325,305,331,360,311,328,320,309,346,318,331,333,326,331,311,292,243,265,263,250,232,185,174,166,166,121,94,118,81,76,82,71,45,38,42,19,16,21,15,3,10,7,3,3,2,2,1,2,0,0,0,0,1,0,0,0,0,0,0,0,0,0,0,0,0,0,0,0,0,0,0,0,0,0,0,0,0,0,0,0,0,0,0,0,0,0
73.95,0,0,1,0,0,1,0,0,0,0,1,0,0,1,0,0,0,1,0,2,1,2,1,0,0,0,0,0,2,0,1,0,4,0,0,1,0,1,3,4,1,2,5,3,6,1,1,4,5,2,1,1,5,5,4,3,5,4,0,2,3,2,4,1,6,1,3,16,20,11,17,26,18,20,20,26,25,37,21,24,37,35,32,30,36,39,41,47,51,66,41,45,49,68,49,65,69,95,77,83,97,78,91,100,90,107,91,111,108,112,116,147,132,142,136,152,156,173,183,169,200,214,219,221,206,281,262,268,301,275,296,272,288,278,315,324,307,348,323,352,384,349,336,376,351,389,352,385,395,375,385,393,406,386,351,375,365,290,338,344,360,382,345,335,340,347,262,353,329,290,298,300,327,320,315,281,274,287,332,318,332,256,301,313,289,261,277,276,292,322,304,290,278,291,224,292,279,304,312,350,289,313,298,312,283,286,332,355,323,322,316,320,296,313,325,309,330,356,314,335,324,307,344,317,331,331,326,333,311,294,248,266,263,250,233,183,174,162,167,118,96,118,83,76,82,69,45,38,42,19,16,21,15,3,10,7,3,3,2,2,1,2,0,0,0,0,1,0,0,0,0,0,0,0,0,0,0,0,0,0,0,0,0,0,0,0,0,0,0,0,0,0,0,0,0,0,0,0,0,0
74.05,0,0,0,0,0,0,0,1,0,0,0,1,0,0,0,0,0,1,0,1,0,0,1,2,2,1,1,0,0,1,0,0,0,2,1,2,0,1,0,1,3,1,1,0,2,3,5,5,1,1,1,1,1,5,3,1,3,6,2,2,3,6,1,2,1,4,3,15,14,32,22,27,18,26,21,23,36,29,34,27,40,29,37,30,38,38,51,41,43,37,51,50,68,60,65,60,73,68,88,81,78,87,74,90,108,111,117,101,129,109,119,134,139,149,139,174,151,173,183,210,193,227,186,241,222,257,257,268,271,275,268,328,272,301,308,319,325,330,348,333,364,341,345,360,353,382,383,334,374,346,389,396,358,389,358,371,365,313,338,325,370,364,374,345,352,315,298,342,310,300,272,292,334,325,309,278,296,281,322,319,309,256,298,307,285,266,302,273,301,318,310,267,284,284,244,283,288,306,309,355,297,311,305,321,283,289,332,348,321,330,314,318,308,318,313,309,332,357,316,339,324,305,342,326,329,332,328,335,309,292,248,268,265,250,231,183,174,162,167,118,96,118,83,76,82,69,45,38,42,19,14,21,15,3,10,7,3,3,2,2,1,2,0,0,0,0,1,0,0,0,0,0,0,0,0,0,0,0,0,0,0,0,0,0,0,0,0,0,0,0,0,0,0,0,0,0,0,0,0,0
74.15,0,0,0,1,0,0,1,0,1,0,1,0,2,3,0,0,0,1,1,0,0,1,0,0,0,0,0,2,1,0,1,1,2,0,2,1,0,1,1,3,2,2,2,1,2,0,5,2,2,2,0,1,2,1,2,3,1,5,6,3,3,6,0,2,2,1,5,15,13,20,23,23,26,22,16,25,24,29,26,35,36,39,40,34,41,35,43,47,52,58,53,45,47,49,81,85,82,66,84,72,80,69,79,84,110,126,99,95,103,114,137,128,119,143,163,148,165,181,198,196,200,205,237,216,248,248,270,266,231,277,254,335,283,304,328,319,337,336,338,342,351,314,353,367,353,419,353,373,357,331,386,400,367,363,395,349,411,317,351,323,367,375,356,369,355,287,307,336,308,290,281,306,325,320,305,267,264,290,323,320,297,255,294,298,283,264,305,267,295,314,305,272,274,280,261,298,285,305,317,349,293,306,301,321,285,291,336,345,314,322,316,317,310,316,309,313,332,354,322,339,322,303,340,328,327,324,330,337,307,292,250,268,265,252,227,186,172,162,166,118,96,118,83,76,82,69,45,38,42,19,14,21,15,3,10,7,3,3,2,2,1,2,0,0,0,0,1,0,0,0,0,0,0,0,0,0,0,0,0,0,0,0,0,0,0,0,0,0,0,0,0,0,0,0,0,0,0,0,0,0
74.25,0,0,0,0,0,0,0,0,0,0,0,1,0,0,2,0,1,0,0,1,0,0,1,0,0,1,0,0,0,0,0,0,0,1,5,0,1,0,2,1,1,2,1,1,4,2,3,3,0,3,1,5,8,3,3,3,1,1,6,1,2,6,7,5,4,4,7,15,17,21,30,24,20,28,30,34,31,30,22,30,26,47,46,46,44,47,33,46,44,48,57,52,51,64,65,61,48,78,61,73,81,82,77,94,106,101,114,96,135,121,150,130,131,151,148,147,170,180,182,217,170,221,201,223,251,234,275,250,244,280,266,319,266,292,322,324,321,323,333,341,367,322,362,374,350,387,368,365,379,325,415,399,378,373,362,358,364,353,364,326,383,386,349,350,337,301,285,327,293,322,292,306,337,350,300,269,259,288,329,314,303,252,294,298,284,260,296,261,290,308,302,260,271,279,270,292,288,305,317,347,292,300,308,326,284,292,329,343,322,322,316,315,312,314,311,313,326,354,318,341,321,299,346,328,325,326,336,331,305,296,252,268,269,252,227,186,172,162,166,118,96,118,83,76,82,69,45,38,40,19,14,21,15,3,10,7,3,3,2,2,1,2,0,0,0,0,1,0,0,0,0,0,0,0,0,0,0,0,0,0,0,0,0,0,0,0,0,0,0,0,0,0,0,0,0,0,0,0,0,0
74.35,1,0,0,1,0,0,0,1,0,0,1,1,0,0,0,0,0,1,0,0,0,1,0,0,0,1,0,1,0,0,0,1,1,3,3,2,1,0,2,2,2,3,2,2,2,1,2,2,0,4,1,2,6,2,2,4,4,5,3,4,3,1,3,4,1,2,3,17,12,28,26,28,22,27,25,24,32,22,34,21,32,44,30,30,43,44,41,51,45,54,48,66,49,46,64,67,63,76,81,62,84,76,68,84,88,92,108,92,110,118,119,131,152,146,138,169,154,165,163,186,181,211,212,240,228,246,243,246,259,276,268,307,253,288,319,302,341,347,313,389,361,296,348,333,346,398,344,344,369,336,387,399,370,385,404,359,394,299,345,339,368,407,339,339,329,305,290,335,299,289,284,304,344,350,318,260,260,293,319,301,295,241,283,290,280,255,300,267,296,310,310,267,270,280,276,295,283,310,319,348,298,292,309,324,283,293,330,333,322,314,314,318,309,317,309,309,329,354,317,343,323,302,344,328,327,330,338,331,307,294,252,275,264,252,229,187,174,162,166,118,96,118,83,76,82,71,45,38,38,19,14,21,15,3,10,7,3,3,2,2,1,2,0,0,0,0,1,0,0,0,0,0,0,0,0,0,0,0,0,0,0,0,0,0,0,0,0,0,0,0,0,0,0,0,0,0,0,0,0,0
74.45,0,0,0,0,0,0,0,0,0,0,0,1,0,0,0,1,0,0,0,1,0,0,1,0,0,3,0,0,0,1,1,3,0,1,1,2,0,0,2,3,5,2,0,2,1,2,2,3,0,4,4,4,4,2,2,2,4,4,3,0,4,5,6,2,3,8,5,12,21,20,23,21,19,20,22,36,22,38,28,34,38,39,46,55,46,37,31,47,44,58,40,55,74,61,63,64,66,65,78,81,86,92,76,109,99,97,106,126,105,131,120,107,136,152,153,160,161,157,185,197,185,206,205,237,227,245,233,256,264,274,282,276,301,280,321,312,330,352,313,370,384,313,317,329,363,364,385,341,367,357,387,419,405,387,388,396,369,323,352,358,362,382,338,352,336,317,298,321,288,320,291,308,343,349,321,281,244,324,330,292,278,244,276,298,276,274,306,274,301,302,310,269,282,277,278,292,285,313,303,347,298,288,305,328,285,299,330,329,328,320,308,318,311,317,311,306,328,357,316,343,320,301,344,334,331,328,340,327,305,294,252,271,264,254,229,189,176,160,164,118,96,120,83,76,82,71,45,38,38,19,14,21,15,3,10,7,3,3,2,2,1,2,0,0,0,0,1,0,0,0,0,0,0,0,0,0,0,0,0,0,0,0,0,0,0,0,0,0,0,0,0,0,0,0,0,0,0,0,0,0
74.55,1,0,0,0,0,0,0,0,0,0,0,0,1,0,0,0,0,0,0,0,0,0,0,1,0,1,1,0,0,1,1,1,1,0,3,0,4,0,1,3,3,3,2,2,3,3,1,3,4,6,2,5,2,0,2,3,3,1,6,2,5,1,6,4,5,2,6,7,22,26,16,25,36,33,28,27,35,32,27,39,40,40,51,39,33,26,32,44,41,63,61,57,59,56,70,73,74,70,85,69,91,76,95,91,81,103,87,101,93,118,99,130,114,130,134,154,175,161,170,188,187,180,230,203,247,238,245,239,250,270,284,249,279,294,306,322,315,328,326,374,353,303,344,331,374,351,380,337,363,366,401,407,392,341,401,387,370,313,347,353,362,356,321,346,320,310,289,355,288,313,287,329,306,362,308,273,258,334,333,278,271,236,287,291,280,260,291,280,297,304,319,266,284,282,271,289,285,308,297,353,290,292,311,324,279,294,330,332,320,315,310,324,306,321,309,308,330,363,316,349,320,305,344,333,330,328,342,329,303,292,249,272,260,254,225,189,176,160,162,118,96,120,83,76,82,71,45,38,38,19,14,21,15,3,10,7,3,3,2,2,1,2,0,0,0,0,1,0,0,0,0,0,0,0,0,0,0,0,0,0,0,0,0,0,0,0,0,0,0,0,0,0,0,0,0,0,0,0,0,0
74.65,0,1,0,0,0,0,1,0,0,1,1,0,1,0,1,0,1,0,0,1,0,0,0,0,1,1,1,0,2,0,1,1,2,2,2,1,2,0,0,2,2,3,3,3,8,2,6,4,3,1,3,3,5,0,6,3,2,4,2,4,3,1,0,5,3,2,3,17,19,16,27,20,18,26,21,27,35,31,26,40,26,27,34,28,41,35,35,47,48,48,47,58,52,46,57,71,67,70,66,91,75,79,88,98,85,87,94,106,103,123,137,134,120,138,140,165,153,188,173,207,171,200,231,240,235,227,233,240,249,269,279,251,293,273,316,275,332,341,327,362,365,323,368,334,374,354,389,317,343,347,362,395,371,340,386,384,340,340,390,351,371,361,323,332,326,297,280,327,299,296,306,311,313,334,293,293,242,343,323,287,283,242,271,302,287,255,305,266,308,306,316,267,299,282,270,289,285,310,313,352,287,294,320,326,282,286,327,326,316,310,310,319,300,319,309,310,330,365,315,343,321,307,342,333,324,326,338,331,305,290,251,273,260,256,225,189,176,160,158,118,96,120,83,76,82,71,45,38,36,19,14,21,15,3,10,7,3,3,2,2,1,2,0,0,0,0,1,0,0,0,0,0,0,0,0,0,0,0,0,0,0,0,0,0,0,0,0,0,0,0,0,0,0,0,0,0,0,0,0,0
74.75,0,0,0,1,0,0,1,0,0,0,0,0,0,0,0,0,0,1,2,0,1,0,0,0,1,0,1,1,0,0,2,0,1,0,1,1,1,3,4,1,1,1,3,1,3,3,6,3,5,6,3,2,2,4,2,5,1,1,1,2,2,1,0,3,5,0,4,13,25,24,16,21,19,29,26,26,39,26,27,31,29,43,40,35,34,50,49,53,34,48,56,51,51,62,69,64,60,74,69,68,81,84,103,81,69,89,96,109,144,101,142,124,150,127,155,187,169,159,189,176,226,215,206,242,225,222,264,240,267,251,302,252,268,288,323,289,321,335,323,368,369,334,339,328,376,354,355,327,351,345,381,396,404,332,361,399,351,355,359,363,341,352,326,354,327,296,273,320,303,305,298,327,316,321,287,313,257,330,327,287,286,238,264,290,283,256,298,268,306,321,318,274,309,280,263,302,281,306,312,355,288,301,317,315,282,296,331,330,318,312,306,323,296,321,309,315,329,362,312,339,325,311,343,336,324,325,335,329,303,292,253,272,257,257,225,189,177,159,158,118,96,120,83,76,82,73,45,38,36,19,14,21,15,3,10,7,3,3,2,2,1,2,0,0,0,0,1,0,0,0,0,0,0,0,0,0,0,0,0,0,0,0,0,0,0,0,0,0,0,0,0,0,0,0,0,0,0,0,0,0
74.85,0,0,0,0,0,0,0,0,0,0,0,0,0,0,0,0,2,0,1,0,0,0,1,1,2,0,1,2,1,3,1,0,3,1,0,1,0,2,2,3,3,1,1,2,1,2,3,3,4,1,2,2,2,2,3,4,1,1,2,6,2,4,2,2,6,2,9,25,16,13,22,22,19,20,26,27,31,25,41,34,31,29,39,42,47,34,45,33,42,46,43,48,50,50,74,58,54,62,91,56,72,75,97,92,99,110,94,112,127,116,122,114,135,160,147,163,166,168,185,184,202,228,207,228,199,263,257,249,267,248,269,269,259,281,308,287,324,309,311,359,369,330,338,313,357,345,356,350,331,332,351,399,385,349,372,430,370,326,339,354,360,361,348,305,333,304,263,316,290,308,311,344,307,332,301,311,249,318,322,273,281,236,267,288,285,247,298,266,301,325,326,270,300,280,257,297,282,306,317,369,291,299,307,308,279,303,336,332,318,308,309,328,298,321,313,315,325,368,311,340,329,309,333,334,322,325,331,331,305,292,253,275,254,257,223,190,176,161,158,116,96,120,83,76,82,73,45,38,36,19,14,21,15,3,10,7,3,3,2,2,1,2,0,0,0,0,1,0,0,0,0,0,0,0,0,0,0,0,0,0,0,0,0,0,0,0,0,0,0,0,0,0,0,0,0,0,0,0,0,0
74.95,0,0,0,0,0,0,0,0,1,0,0,0,0,0,1,0,0,0,1,0,1,0,1,0,0,2,0,2,6,0,5,2,1,0,0,1,2,1,2,2,3,5,3,2,1,0,6,1,2,2,2,4,2,4,2,2,4,2,4,4,3,2,4,1,1,5,6,13,14,27,25,20,23,23,32,22,23,31,26,32,31,27,27,43,44,41,52,43,48,47,52,60,65,59,78,61,67,80,66,76,86,86,96,79,114,102,123,104,153,135,133,127,126,160,157,160,165,177,190,223,179,202,199,232,229,230,254,254,267,248,259,266,257,265,320,309,295,319,311,347,372,337,335,323,361,337,370,366,351,335,368,383,387,321,370,401,331,330,334,352,353,361,325,323,326,313,284,315,287,301,317,370,291,326,296,285,241,312,323,279,276,249,265,285,287,270,306,277,288,314,311,265,308,271,262,297,282,307,309,373,295,296,308,312,279,307,334,330,314,307,315,332,307,325,311,317,332,373,309,334,329,309,333,336,322,325,331,333,303,290,251,273,254,257,223,190,176,161,158,116,96,120,83,76,82,73,45,38,36,17,14,21,15,3,10,7,3,3,2,2,1,2,0,0,0,0,1,0,0,0,0,0,0,0,0,0,0,0,0,0,0,0,0,0,0,0,0,0,0,0,0,0,0,0,0,0,0,0,0,0
75.05,0,0,0,0,0,0,0,0,0,0,0,0,0,0,0,0,0,0,0,1,0,2,0,0,1,1,1,1,0,2,2,0,0,2,1,2,3,1,1,3,0,0,2,2,0,1,3,3,3,4,1,2,2,1,5,3,2,2,4,1,4,6,3,0,1,4,7,15,13,21,22,23,27,24,21,32,33,18,27,33,36,30,24,37,30,51,46,59,52,48,52,63,56,62,59,67,84,75,78,83,84,93,110,83,88,106,103,93,108,108,123,117,136,141,145,149,182,176,208,177,198,192,194,206,243,245,253,268,247,244,249,276,264,284,298,322,304,312,307,346,346,331,346,349,348,407,396,359,372,361,352,387,367,317,332,410,327,335,341,347,330,367,323,335,328,295,264,315,295,292,316,357,277,339,293,265,245,306,320,259,290,244,274,272,284,262,303,266,300,312,307,269,305,270,263,293,280,300,305,383,295,294,312,304,279,303,326,328,317,304,317,328,309,325,313,311,332,375,306,329,329,309,327,338,318,327,325,333,303,290,251,273,254,255,223,192,176,161,156,116,96,120,83,76,82,73,45,38,36,17,14,21,15,3,10,7,3,3,2,2,1,2,0,0,0,0,1,0,0,0,0,0,0,0,0,0,0,0,0,0,0,0,0,0,0,0,0,0,0,0,0,0,0,0,0,0,0,0,0,0
75.15,1,0,0,0,0,0,0,0,1,0,0,0,0,0,0,0,0,0,0,1,0,0,0,1,0,1,0,0,1,3,1,0,2,0,0,1,1,0,0,0,1,4,1,2,1,0,2,3,1,2,5,4,3,2,2,5,0,5,2,3,1,3,1,4,3,1,4,10,18,23,32,21,19,23,31,26,31,30,35,32,36,33,44,47,38,32,37,47,58,62,50,62,60,63,58,63,69,50,62,65,72,73,87,103,103,97,121,105,125,131,117,124,126,125,147,149,158,175,145,196,190,185,225,214,246,227,237,255,244,249,237,253,260,285,295,334,298,310,303,346,340,348,349,350,333,382,391,333,324,359,338,386,354,307,346,418,333,319,336,335,342,368,347,332,342,322,259,332,284,282,303,350,310,327,317,269,243,302,316,264,305,234,262,280,285,265,317,258,303,298,304,260,294,276,250,283,266,297,304,377,292,299,308,303,281,303,330,338,317,312,315,331,306,330,313,310,332,373,308,321,331,313,329,344,320,325,323,337,302,289,249,271,254,255,221,192,176,161,156,116,96,120,83,76,82,73,45,38,36,17,14,21,15,3,10,7,3,3,2,2,1,2,0,0,0,0,1,0,0,0,0,0,0,0,0,0,0,0,0,0,0,0,0,0,0,0,0,0,0,0,0,0,0,0,0,0,0,0,0,0
75.25,0,0,0,0,2,0,0,1,0,0,1,1,0,0,0,0,0,0,0,1,2,1,1,1,0,2,0,0,0,1,1,0,1,0,0,2,1,0,4,1,4,1,3,3,0,1,1,1,3,2,5,7,4,2,2,4,4,2,2,1,1,2,2,5,2,4,6,9,14,17,21,24,28,30,30,26,28,22,22,23,34,33,39,47,42,46,44,40,44,46,53,52,53,39,58,61,73,69,66,79,81,79,81,74,92,90,106,105,104,111,122,132,136,136,150,154,150,166,166,192,196,192,218,228,206,227,247,242,261,265,239,239,281,277,285,336,310,303,305,352,366,349,344,341,376,398,352,334,341,363,328,355,357,328,364,365,380,327,325,318,351,361,304,330,348,313,248,320,274,294,301,347,290,338,322,273,253,312,304,273,309,238,266,272,267,280,313,263,312,304,326,255,289,277,252,289,264,313,300,369,290,301,306,301,290,296,335,336,319,310,309,328,305,327,314,312,334,377,310,317,325,313,333,338,324,325,323,340,305,291,247,269,254,253,219,190,176,163,156,116,96,118,83,77,82,73,45,38,36,17,14,21,17,3,10,7,3,3,2,2,1,2,0,0,0,0,1,0,0,0,0,0,0,0,0,0,0,0,0,0,0,0,0,0,0,0,0,0,0,0,0,0,0,0,0,0,0,0,0,0
75.35,0,0,0,0,0,0,0,0,0,0,0,0,0,0,0,0,1,0,0,0,0,1,0,1,0,0,4,1,0,0,0,1,2,2,1,2,0,4,1,1,2,1,2,0,0,1,3,4,1,1,3,2,3,2,3,0,2,4,3,3,6,4,7,3,1,2,5,10,17,21,16,20,24,29,31,33,30,32,28,35,37,31,34,45,40,39,48,51,53,44,45,58,56,50,72,64,60,58,61,56,68,80,89,87,77,92,88,88,109,104,134,118,148,144,126,157,157,156,193,146,207,211,198,241,228,235,247,252,249,275,253,251,254,291,275,309,313,315,339,351,357,342,350,322,369,389,361,327,329,365,339,377,364,326,359,350,343,399,340,339,350,350,305,339,310,300,262,347,264,279,305,354,293,328,313,272,250,313,304,280,282,243,270,279,274,277,295,269,331,306,343,261,282,276,256,298,259,314,309,369,292,301,300,299,304,304,333,338,323,321,311,323,301,331,308,306,340,377,308,317,325,309,333,336,322,331,325,342,307,291,247,271,256,253,223,190,174,161,156,116,98,120,83,77,84,73,45,38,36,17,14,21,17,3,10,7,3,3,2,2,1,2,0,0,0,0,1,0,0,0,0,0,0,0,0,0,0,0,0,0,0,0,0,0,0,0,0,0,0,0,0,0,0,0,0,0,0,0,0,0
75.45,1,0,0,0,0,1,0,0,0,0,0,0,1,0,0,0,0,0,0,0,0,0,1,1,2,0,2,0,1,1,0,1,0,0,1,1,0,1,1,1,1,2,1,2,3,1,2,7,3,5,2,3,2,6,6,0,1,3,5,4,5,2,4,3,6,1,6,13,16,21,26,32,20,28,20,20,33,28,27,28,33,38,39,43,27,43,51,44,45,53,47,52,71,48,73,64,74,49,83,75,72,71,81,103,90,91,102,118,107,119,125,163,126,130,140,138,163,181,155,174,178,195,213,231,230,204,235,257,263,259,261,246,268,309,280,308,314,314,318,340,336,344,369,313,373,369,325,341,345,357,348,342,369,328,381,370,321,352,332,332,341,323,305,321,328,312,273,358,267,280,286,385,288,357,314,267,248,314,302,279,277,241,274,273,291,281,298,275,331,318,347,258,291,278,259,302,262,314,307,365,286,301,298,307,305,303,331,338,327,325,311,317,297,335,312,304,340,377,298,313,321,305,337,334,320,333,323,336,310,288,243,271,260,249,229,190,172,161,156,116,98,120,83,77,84,73,45,38,36,17,14,21,17,3,10,7,3,3,2,2,1,2,0,0,0,0,1,0,0,0,0,0,0,0,0,0,0,0,0,0,0,0,0,0,0,0,0,0,0,0,0,0,0,0,0,0,0,0,0,0
75.55,0,1,0,0,0,0,0,0,1,0,0,0,1,0,0,1,0,0,1,1,0,2,0,1,0,2,0,0,0,1,2,1,1,2,1,1,0,3,0,1,2,3,2,3,0,5,3,3,5,4,1,2,1,1,1,5,1,1,4,3,5,3,2,4,3,4,4,6,17,16,21,31,17,25,33,26,28,30,38,32,40,43,43,42,40,39,45,43,40,49,53,60,54,50,68,56,69,63,87,55,76,63,95,85,105,83,104,107,123,124,130,127,151,160,154,163,152,175,174,170,185,206,212,210,214,229,225,247,254,254,260,268,255,311,293,299,337,336,344,334,353,332,352,335,358,376,344,304,364,330,357,352,346,343,360,360,311,342,336,317,359,340,289,333,309,311,266,348,279,264,283,382,311,364,311,279,251,334,297,273,274,251,273,265,285,300,299,275,342,342,340,259,286,278,258,307,270,317,309,357,296,293,300,308,301,302,326,334,331,329,313,313,299,331,315,301,347,376,302,311,321,308,336,332,322,335,324,334,310,288,245,267,261,250,228,190,172,163,158,116,98,120,83,77,84,73,47,38,36,16,14,21,17,3,10,7,3,3,2,2,1,2,0,0,0,0,1,0,0,0,0,0,0,0,0,0,0,0,0,0,0,0,0,0,0,0,0,0,0,0,0,0,0,0,0,0,0,0,0,0
75.65,1,0,1,0,0,0,0,0,0,0,0,0,0,1,1,0,0,2,0,1,0,0,1,1,2,1,0,0,0,0,2,2,0,3,2,2,0,2,2,2,2,0,2,2,3,2,2,2,1,1,0,4,3,4,2,3,5,4,3,5,4,2,3,3,2,4,4,19,16,19,13,20,31,23,24,19,33,25,32,34,35,35,29,37,31,33,39,53,41,40,43,44,54,63,63,61,66,63,55,79,81,67,91,85,85,97,94,101,110,137,139,126,139,150,147,173,170,188,190,203,188,180,195,217,210,226,222,258,243,256,233,266,259,309,299,305,333,320,355,348,338,347,348,343,367,372,330,307,366,314,333,351,342,339,404,369,307,310,343,324,357,323,302,325,308,292,259,352,299,282,280,352,332,311,292,275,237,345,295,276,274,251,271,275,285,305,317,282,348,345,354,262,284,280,247,317,276,329,313,365,302,294,299,313,294,296,324,328,325,323,312,315,293,331,311,303,342,373,306,315,320,305,334,330,324,335,324,332,306,288,245,267,255,252,230,188,171,163,158,116,100,122,82,75,82,73,47,38,36,16,14,21,15,3,10,7,3,3,2,2,1,2,0,0,0,0,1,0,0,0,0,0,0,0,0,0,0,0,0,0,0,0,0,0,0,0,0,0,0,0,0,0,0,0,0,0,0,0,0,0
75.75,0,1,1,0,1,0,0,0,1,1,0,0,0,0,1,1,0,0,2,1,0,0,1,1,0,1,0,0,1,0,1,1,0,0,3,0,3,1,2,1,4,1,2,4,1,4,3,5,1,1,1,3,4,4,4,2,3,3,4,4,4,5,5,6,0,3,5,7,22,20,27,25,23,29,32,34,19,28,26,26,27,35,46,47,38,34,35,47,50,48,58,53,66,73,57,60,71,76,66,69,71,82,87,91,107,99,91,109,114,127,139,140,137,159,149,149,189,190,186,193,190,166,211,219,217,237,211,275,255,262,268,264,285,285,328,302,307,318,333,326,330,336,334,333,344,393,312,313,343,342,310,376,352,346,365,385,315,324,333,336,353,321,294,350,308,298,270,355,295,299,281,369,321,320,279,303,250,340,296,284,268,258,291,269,280,295,305,288,340,338,359,252,290,284,245,321,274,330,313,355,292,282,301,306,298,294,326,332,324,320,316,315,288,328,311,299,346,373,302,319,318,305,336,328,326,333,324,336,308,284,247,265,251,252,230,188,174,163,158,114,102,119,82,75,82,73,47,38,36,16,14,21,15,3,10,7,3,3,2,2,1,2,0,0,0,0,1,0,0,0,0,0,0,0,0,0,0,0,0,0,0,0,0,0,0,0,0,0,0,0,0,0,0,0,0,0,0,0,0,0
75.85,0,0,0,0,0,0,1,0,1,0,1,0,0,0,0,1,1,0,0,1,0,0,1,0,1,2,0,0,0,0,3,1,0,1,2,2,2,0,0,3,3,3,2,2,2,2,0,2,3,6,5,1,4,2,2,3,3,2,2,2,4,4,5,1,3,0,5,12,21,19,20,25,22,25,25,26,39,24,28,33,27,25,42,37,35,47,41,44,38,62,61,66,46,55,69,70,66,60,64,86,75,87,95,76,90,81,113,100,116,105,120,120,123,141,154,157,164,181,185,184,196,190,194,208,225,209,234,249,269,268,250,266,285,282,314,306,350,297,356,354,326,354,345,322,335,357,297,294,318,318,355,383,339,323,356,364,305,343,335,342,346,327,291,341,324,273,257,332,283,291,287,352,314,312,295,309,243,340,295,279,274,255,290,271,260,299,310,295,353,344,363,255,286,289,244,327,275,309,315,356,300,286,307,312,292,294,328,326,324,318,316,311,296,328,313,298,345,379,306,317,318,301,328,323,329,333,318,336,312,284,248,266,253,250,234,189,173,163,156,114,102,117,82,75,80,73,47,38,36,16,14,21,15,3,10,7,3,3,2,2,1,2,0,0,0,0,1,0,0,0,0,0,0,0,0,0,0,0,0,0,0,0,0,0,0,0,0,0,0,0,0,0,0,0,0,0,0,0,0,0
75.95,0,0,0,0,0,0,0,0,0,0,0,0,0,1,0,1,0,0,0,0,0,0,1,0,0,0,1,0,1,0,2,2,1,2,2,3,1,3,5,1,1,1,2,5,2,3,2,4,3,2,3,2,3,5,3,1,1,2,3,1,5,4,1,2,5,3,2,9,9,18,20,18,19,23,24,20,31,21,35,33,31,37,41,37,38,26,52,54,44,45,53,49,62,42,70,74,64,75,65,66,84,91,93,95,95,105,115,120,94,117,109,128,153,145,123,171,168,174,167,194,196,203,188,198,229,212,231,237,270,234,274,230,284,291,313,316,324,328,332,377,342,358,337,351,364,351,316,324,333,325,324,389,345,335,346,343,340,325,342,330,333,318,279,295,314,291,272,340,291,294,295,347,318,314,286,306,239,318,294,284,271,245,295,261,268,294,289,306,333,335,356,259,282,290,246,330,266,309,297,361,294,287,305,318,279,295,326,326,322,320,321,312,292,326,314,297,345,379,302,317,320,301,332,326,328,331,320,336,313,290,247,266,251,252,234,189,173,163,152,114,102,117,86,75,78,73,47,38,36,16,14,21,15,3,10,7,3,3,2,2,1,2,0,0,0,0,1,0,0,0,0,0,0,0,0,0,0,0,0,0,0,0,0,0,0,0,0,0,0,0,0,0,0,0,0,0,0,0,0,0
76.05,0,0,0,0,0,0,0,0,0,0,0,2,0,0,0,1,0,1,0,1,0,0,0,0,1,3,0,2,1,0,1,3,0,0,0,1,3,0,0,1,0,1,3,2,7,1,2,0,1,3,3,2,3,3,8,1,3,3,1,2,5,8,4,8,6,3,2,9,19,23,27,30,36,42,39,31,36,39,43,47,48,42,41,46,41,42,39,41,44,47,50,47,66,57,63,72,76,67,94,83,83,69,73,91,109,100,117,97,105,95,116,127,125,146,166,151,158,168,192,162,202,198,225,212,237,199,254,265,235,253,264,249,297,272,296,305,324,325,331,392,369,350,345,346,358,336,322,303,320,342,368,380,357,333,327,355,308,331,343,312,323,320,292,306,306,285,264,320,264,289,329,323,323,309,287,300,244,304,307,276,267,249,291,267,273,291,285,319,330,317,309,260,289,289,245,330,259,311,297,349,288,297,307,324,285,295,330,318,320,312,321,316,302,324,319,303,347,368,301,320,319,303,332,322,332,331,320,338,311,289,247,265,249,250,232,189,173,162,151,114,104,117,86,75,78,73,47,38,36,16,14,21,15,3,10,7,3,3,2,2,1,2,0,0,0,0,1,0,0,0,0,0,0,0,0,0,0,0,0,0,0,0,0,0,0,0,0,0,0,0,0,0,0,0,0,0,0,0,0,0
76.15,0,0,0,0,0,1,0,0,0,0,0,1,0,0,0,0,0,0,0,0,1,0,1,1,0,2,0,0,0,0,1,0,1,1,1,0,0,0,0,0,2,4,1,6,2,1,6,1,0,1,2,2,3,2,2,5,2,4,2,4,4,0,3,1,6,4,9,26,22,20,27,26,22,34,32,20,27,40,34,27,30,30,36,41,32,38,50,51,47,39,45,55,65,66,73,62,52,60,67,68,74,78,101,83,87,105,126,123,127,114,133,146,155,144,143,125,164,159,182,187,197,213,198,220,210,214,256,216,258,264,246,253,282,309,315,301,298,337,308,355,372,319,329,374,357,335,297,309,331,338,334,369,343,321,358,336,316,318,354,335,327,313,292,302,336,284,292,314,291,304,323,325,316,310,294,295,239,308,305,272,270,244,285,277,269,292,298,325,323,293,317,261,277,293,245,329,254,307,295,355,283,300,304,321,285,295,336,326,321,309,325,320,305,325,323,304,347,367,299,328,314,300,334,322,330,331,318,338,307,289,249,271,249,250,230,189,171,161,151,114,106,117,86,75,78,73,47,38,36,16,14,21,15,3,10,7,3,3,2,2,1,2,0,0,0,0,1,0,0,0,0,0,0,0,0,0,0,0,0,0,0,0,0,0,0,0,0,0,0,0,0,0,0,0,0,0,0,0,0,0
76.25,0,0,2,1,0,0,0,0,2,0,1,1,0,1,1,1,0,0,0,0,0,1,0,0,0,1,1,0,1,1,0,1,2,2,3,2,0,4,1,1,3,1,0,0,1,4,1,2,6,0,2,2,2,2,5,4,2,3,6,4,5,2,5,1,4,5,5,19,11,20,21,18,24,28,17,27,27,31,27,32,40,40,50,39,46,45,33,41,30,49,36,52,56,56,56,58,63,63,57,72,64,74,80,80,93,99,97,81,116,118,133,122,133,138,151,131,166,181,170,205,215,205,219,205,232,217,220,235,252,240,242,271,287,293,303,291,293,343,288,338,348,356,333,363,364,364,346,307,344,326,348,367,361,325,340,341,314,332,364,337,321,320,296,306,344,280,291,302,288,306,290,314,349,337,280,291,241,312,309,263,275,249,289,273,269,289,302,340,313,290,321,259,277,281,241,326,252,309,295,356,293,297,310,318,288,299,326,330,319,301,334,327,299,321,327,302,347,367,298,325,318,300,334,326,330,333,316,338,305,287,249,269,247,250,232,187,173,161,151,111,107,117,84,75,78,75,47,38,36,16,14,21,15,3,10,7,3,3,2,2,1,2,0,0,0,0,1,0,0,0,0,0,0,0,0,0,0,0,0,0,0,0,0,0,0,0,0,0,0,0,0,0,0,0,0,0,0,0,0,0
76.35,0,0,0,0,0,0,0,0,1,1,0,2,0,0,0,0,2,1,1,0,1,0,0,1,0,1,1,0,0,2,0,0,0,1,0,2,1,0,0,3,2,4,1,0,2,3,2,1,3,1,2,2,3,1,3,3,3,1,1,3,2,3,2,1,1,5,5,11,17,25,20,19,25,27,18,25,24,39,22,29,40,32,34,25,35,48,36,47,47,42,46,51,65,58,43,55,69,60,85,73,86,76,91,86,92,83,108,106,101,121,120,113,141,141,141,155,152,157,196,201,201,184,235,202,222,220,232,242,241,248,250,286,271,320,305,281,272,373,286,327,344,383,344,350,344,359,295,350,314,337,341,363,373,303,346,323,316,327,355,352,338,336,287,322,319,290,285,293,302,281,285,311,356,354,287,297,231,301,306,276,287,251,285,268,267,300,292,338,320,282,311,261,280,276,241,329,258,304,297,355,299,299,300,313,297,299,330,330,326,305,332,323,299,322,323,303,347,361,300,323,324,300,332,325,331,335,316,338,305,285,249,267,248,248,232,185,173,161,151,111,107,117,82,75,78,75,47,38,36,16,14,21,15,3,10,7,3,3,2,2,1,2,0,0,0,0,1,0,0,0,0,0,0,0,0,0,0,0,0,0,0,0,0,0,0,0,0,0,0,0,0,0,0,0,0,0,0,0,0,0
76.45,0,1,0,0,0,0,0,0,0,0,0,0,1,0,1,0,0,1,0,0,0,2,2,2,0,0,0,0,2,1,1,2,3,0,2,1,2,2,2,0,1,1,2,0,0,2,4,1,2,1,3,2,2,2,3,2,3,4,3,0,4,4,1,2,1,2,2,20,15,28,23,10,35,21,21,26,20,27,29,31,41,30,44,38,38,40,49,44,41,40,68,54,60,64,63,62,74,70,55,75,90,81,93,100,82,93,110,92,121,112,120,133,111,112,153,173,161,161,173,203,187,218,242,203,224,253,221,228,226,247,267,262,269,305,284,303,301,362,306,316,357,357,314,337,347,343,318,320,342,331,338,360,338,308,337,324,307,341,374,350,373,338,275,326,335,304,293,303,299,271,294,322,374,340,290,290,230,316,298,258,297,254,283,261,262,294,289,337,309,305,320,261,284,276,249,339,270,302,296,358,306,293,305,304,299,300,331,338,326,305,326,325,301,319,323,305,345,359,298,323,326,296,330,323,325,344,313,336,303,283,249,265,246,248,230,185,173,161,151,111,107,117,82,75,78,73,47,38,38,16,14,21,15,3,10,7,3,3,2,2,1,2,0,0,0,0,1,0,0,0,0,0,0,0,0,0,0,0,0,0,0,0,0,0,0,0,0,0,0,0,0,0,0,0,0,0,0,0,0,0
76.55,0,0,0,0,0,0,0,0,0,0,1,0,0,1,1,0,0,1,0,0,1,0,1,0,0,0,1,0,1,2,2,0,3,2,1,1,0,0,1,2,0,2,2,3,2,2,2,2,3,2,1,2,1,3,3,1,4,0,2,4,1,2,1,4,6,2,5,9,16,20,21,26,28,21,24,32,20,33,26,35,33,37,40,27,39,28,42,43,46,45,50,55,51,58,64,55,51,75,70,79,83,85,91,91,73,105,98,101,135,112,126,111,119,148,143,152,169,170,174,171,207,200,197,218,220,226,214,251,233,260,255,265,282,286,317,327,264,340,322,320,331,353,338,344,362,341,307,299,310,314,343,370,330,333,331,327,295,316,349,395,376,327,274,323,327,327,280,305,273,265,288,316,339,306,287,272,231,334,304,265,280,250,287,259,265,288,311,306,286,317,318,261,286,270,246,334,267,305,295,367,310,295,307,304,298,301,326,326,324,307,322,325,303,329,325,301,341,361,299,318,330,296,328,326,324,344,314,333,303,283,249,263,246,244,230,183,173,159,153,111,107,117,82,75,78,73,47,38,38,16,14,21,15,3,10,7,3,3,2,2,1,2,0,0,0,0,1,0,0,0,0,0,0,0,0,0,0,0,0,0,0,0,0,0,0,0,0,0,0,0,0,0,0,0,0,0,0,0,0,0
76.65,0,0,0,0,0,0,0,1,0,0,0,0,0,1,1,0,0,0,0,0,2,0,0,0,1,1,1,1,1,2,0,0,3,1,1,0,1,2,0,0,2,1,2,5,2,1,0,4,3,1,1,3,4,2,2,2,4,3,1,4,4,2,1,2,3,3,6,19,12,22,29,21,25,26,34,23,21,24,27,33,33,38,38,50,45,45,39,39,53,42,51,55,56,55,58,64,62,68,71,68,81,78,69,80,105,107,106,102,111,122,104,133,135,129,123,143,159,200,188,172,180,232,198,229,214,238,246,251,232,260,234,268,299,299,302,304,251,315,324,293,306,363,357,356,391,315,310,320,309,315,323,386,334,344,312,332,309,329,351,385,347,316,277,312,312,330,275,303,290,260,268,303,311,315,294,276,232,349,314,279,318,257,282,283,284,292,307,306,294,307,321,256,283,269,245,347,264,306,299,360,302,301,305,306,294,294,333,332,326,308,328,319,309,322,321,297,345,365,296,320,328,302,330,326,322,338,310,333,303,283,247,265,246,244,230,183,173,160,152,111,109,121,82,75,78,73,47,38,38,16,14,21,15,3,10,7,3,3,2,2,1,2,0,0,0,0,1,0,0,0,0,0,0,0,0,0,0,0,0,0,0,0,0,0,0,0,0,0,0,0,0,0,0,0,0,0,0,0,0,0
76.75,0,0,0,0,0,0,0,1,0,0,1,0,0,0,2,0,0,0,0,1,2,0,2,0,0,0,0,1,0,1,0,2,1,0,1,0,1,1,1,2,6,0,1,2,2,0,6,4,2,6,3,2,4,0,1,1,4,0,3,2,2,2,4,4,3,5,6,8,18,20,19,25,17,20,18,29,25,27,39,35,33,34,31,31,32,42,42,40,50,45,45,46,43,57,51,66,68,66,83,69,62,79,79,81,90,96,114,108,129,107,127,142,132,121,156,153,169,185,174,184,190,197,215,205,224,230,244,246,235,252,241,285,295,305,300,310,292,289,310,282,332,336,304,360,375,334,322,335,314,342,327,361,325,361,334,327,292,339,373,386,340,315,276,308,353,318,262,293,282,277,283,294,307,302,293,275,249,345,290,267,312,252,291,281,294,299,296,299,288,299,314,269,289,274,242,343,266,300,304,355,295,296,301,317,291,286,333,328,320,320,327,317,306,326,321,303,341,367,294,322,328,308,324,323,324,342,310,329,301,285,247,267,248,242,230,183,173,160,152,113,109,121,80,75,74,73,47,38,38,16,14,21,15,3,10,7,3,3,2,2,1,2,0,0,0,0,1,0,0,0,0,0,0,0,0,0,0,0,0,0,0,0,0,0,0,0,0,0,0,0,0,0,0,0,0,0,0,0,0,0
76.85,0,0,0,0,1,0,0,0,0,0,0,0,0,1,0,1,0,1,0,0,1,1,0,0,1,1,1,0,1,0,0,0,1,0,1,0,0,2,2,2,0,1,1,1,3,0,6,5,3,3,2,3,2,2,3,3,2,4,2,1,6,3,2,1,1,3,4,16,16,18,17,23,23,20,24,33,30,27,36,25,34,31,33,42,32,38,43,41,53,47,47,49,45,60,63,48,58,68,53,66,65,83,74,80,99,88,110,102,125,119,117,128,160,153,156,175,180,150,183,205,167,173,208,201,225,197,255,210,242,276,271,245,300,317,292,297,295,301,321,299,318,332,341,352,389,326,311,316,294,338,350,359,325,359,338,306,307,319,377,350,357,352,292,303,322,332,278,282,281,301,267,295,294,299,302,281,264,351,295,267,301,247,274,280,280,291,292,299,291,290,322,264,288,278,252,338,263,301,305,359,294,296,298,321,303,287,326,328,326,320,326,308,306,324,322,303,333,365,294,319,331,308,326,323,322,342,308,326,302,289,245,263,250,242,230,183,173,160,152,115,109,121,82,75,74,73,45,38,38,16,14,21,15,3,10,7,3,3,2,2,1,2,0,0,0,0,1,0,0,0,0,0,0,0,0,0,0,0,0,0,0,0,0,0,0,0,0,0,0,0,0,0,0,0,0,0,0,0,0,0
76.95,0,0,0,0,0,0,0,1,1,0,0,0,0,0,1,0,0,0,0,0,0,0,0,1,0,0,1,1,1,0,1,1,1,2,0,0,1,1,2,2,4,1,0,4,1,2,1,2,2,4,1,2,5,2,1,4,3,3,4,1,4,4,1,2,0,5,5,11,22,10,20,20,31,27,30,30,34,27,25,24,41,36,30,46,37,46,44,40,41,38,55,56,56,84,66,74,81,65,69,82,86,79,100,80,97,94,118,99,97,92,137,142,125,147,165,183,142,140,176,145,178,188,202,224,204,228,229,225,248,270,253,256,301,306,280,309,274,313,324,265,326,335,293,379,419,348,288,329,308,310,365,325,329,339,312,307,309,298,347,365,328,317,291,329,310,316,312,277,289,268,251,306,316,292,314,289,262,334,289,277,304,242,272,273,274,283,304,303,293,297,316,263,291,283,261,330,263,309,310,346,297,292,301,319,305,286,329,334,332,319,329,305,304,326,319,298,333,367,295,320,329,310,332,325,324,344,310,328,300,289,251,261,252,244,232,185,171,162,152,115,105,121,82,75,74,73,45,38,38,16,14,21,15,3,10,7,3,3,2,2,1,2,0,0,0,0,1,0,0,0,0,0,0,0,0,0,0,0,0,0,0,0,0,0,0,0,0,0,0,0,0,0,0,0,0,0,0,0,0,0
77.05,1,0,0,0,1,0,0,0,0,1,1,2,0,0,0,0,0,0,0,0,0,0,1,1,0,1,1,1,2,1,1,2,0,1,3,2,0,4,0,4,2,3,2,7,0,1,5,6,1,2,4,3,4,2,2,4,0,2,2,1,0,2,1,4,7,2,4,14,18,22,20,23,27,26,30,25,32,35,32,36,32,31,26,38,39,38,45,42,54,52,50,55,75,64,72,70,68,72,82,85,63,83,86,84,96,89,115,115,105,129,106,109,137,142,148,152,177,153,180,158,190,220,214,227,197,238,215,256,224,256,252,256,292,303,323,300,292,311,316,275,317,321,286,392,397,307,295,338,283,307,337,382,331,328,318,318,323,309,351,340,349,322,290,354,318,338,303,286,280,269,254,298,299,287,314,287,269,350,295,282,294,241,277,271,276,295,297,310,289,282,307,263,281,282,265,323,257,304,304,357,299,294,295,309,317,282,325,336,330,319,334,305,308,324,321,302,335,363,291,322,329,310,328,325,327,342,310,328,300,289,253,261,254,242,230,185,171,160,152,115,105,121,82,75,74,73,45,38,38,16,14,21,15,3,10,7,3,3,2,2,1,2,0,0,0,0,1,0,0,0,0,0,0,0,0,0,0,0,0,0,0,0,0,0,0,0,0,0,0,0,0,0,0,0,0,0,0,0,0,0
77.15,0,0,0,0,0,1,0,0,0,0,0,1,0,0,0,0,0,0,0,0,0,0,0,1,0,1,1,0,1,2,1,0,1,0,2,1,0,0,0,2,0,2,4,2,1,3,2,7,1,4,0,3,1,3,1,4,2,1,3,3,1,5,1,5,4,3,3,19,20,18,22,19,32,34,16,20,38,28,24,38,27,26,29,35,36,45,29,38,49,43,58,52,61,56,59,48,62,55,77,64,80,74,76,86,104,92,99,97,115,111,118,128,127,127,122,156,143,198,157,189,183,211,209,222,208,235,208,243,255,231,271,257,265,281,319,304,279,318,322,301,303,331,277,379,380,327,278,319,294,295,341,330,334,325,308,326,311,297,338,356,362,296,286,336,326,316,289,284,286,287,253,309,313,296,308,283,267,343,294,276,281,239,276,261,279,327,304,310,290,277,313,247,283,280,272,313,265,302,302,344,297,299,300,306,312,279,321,326,330,328,330,313,317,329,316,304,336,359,288,318,329,312,330,325,328,343,316,330,298,289,253,261,256,244,230,187,173,160,152,117,103,119,80,77,74,71,45,38,38,16,14,21,15,3,10,7,3,3,2,2,1,2,0,0,0,0,1,0,0,0,0,0,0,0,0,0,0,0,0,0,0,0,0,0,0,0,0,0,0,0,0,0,0,0,0,0,0,0,0,0
77.25,0,0,0,0,1,0,1,0,0,0,0,0,0,0,0,0,1,1,1,0,0,0,1,1,1,1,0,1,2,1,0,0,1,0,0,3,1,1,0,1,0,1,2,2,3,0,3,3,3,1,2,3,0,1,0,3,4,1,0,3,4,4,3,4,7,1,5,8,22,22,18,20,26,33,25,29,30,33,21,25,30,33,38,35,38,42,36,48,45,39,60,45,60,53,59,52,54,62,66,60,77,82,85,79,96,106,91,104,117,127,122,133,131,136,132,143,162,170,181,191,196,202,192,223,214,222,231,234,262,252,262,259,294,290,300,283,274,311,319,289,331,341,290,368,393,324,278,300,289,312,336,349,324,340,300,329,322,308,345,308,346,299,286,354,322,296,295,283,278,279,265,309,320,287,286,263,259,350,294,289,272,226,279,259,277,328,322,317,288,279,315,243,291,277,262,323,253,310,304,344,281,295,300,312,314,281,327,336,324,319,330,310,319,325,318,301,341,363,291,315,329,308,336,329,328,333,312,328,298,289,253,263,256,244,230,187,173,162,154,119,101,119,80,77,74,73,45,38,38,16,14,21,15,3,10,7,3,3,2,2,1,2,0,0,0,0,1,0,0,0,0,0,0,0,0,0,0,0,0,0,0,0,0,0,0,0,0,0,0,0,0,0,0,0,0,0,0,0,0,0
77.35,0,0,0,0,0,0,0,0,0,0,0,0,0,0,0,0,0,0,0,1,0,0,0,1,0,1,1,0,1,0,2,0,1,0,2,1,1,0,2,3,2,1,3,5,2,5,3,3,3,3,2,1,3,5,1,3,1,5,1,2,3,1,8,1,2,5,7,6,16,19,17,26,26,28,38,13,23,40,31,32,33,39,22,35,38,45,43,44,31,57,53,61,44,51,55,63,79,66,78,75,75,95,92,74,70,84,97,83,113,117,116,123,124,140,154,156,163,176,183,172,190,208,232,194,228,237,213,241,257,239,262,264,277,278,292,310,280,292,288,294,309,328,286,355,339,307,304,279,296,342,373,350,307,340,288,323,298,287,347,305,337,311,300,323,307,268,300,294,269,284,262,299,315,278,303,243,256,321,283,289,288,244,274,251,273,330,327,325,296,274,315,252,290,276,252,325,255,308,308,349,283,288,296,319,318,287,325,338,330,325,334,308,316,330,314,304,334,361,299,314,332,315,333,325,324,333,316,326,299,286,255,265,254,248,230,187,177,162,154,119,99,117,82,77,74,73,45,38,38,16,14,21,15,3,10,7,3,3,2,2,1,2,0,0,0,0,1,0,0,0,0,0,0,0,0,0,0,0,0,0,0,0,0,0,0,0,0,0,0,0,0,0,0,0,0,0,0,0,0,0
77.45,0,0,0,0,1,0,0,0,0,0,0,1,0,0,0,2,0,0,0,2,2,0,0,0,0,0,1,1,1,1,0,0,0,0,2,0,2,0,0,2,0,2,1,5,2,1,2,2,2,1,0,3,2,3,1,2,1,3,3,2,4,3,0,6,3,5,2,12,20,19,25,24,20,21,17,36,24,39,28,34,27,42,32,37,36,32,27,51,44,40,56,36,55,51,54,54,60,71,67,67,68,64,76,80,92,94,97,107,103,95,114,131,151,132,165,165,172,171,177,186,200,197,242,203,214,239,209,211,283,258,264,279,283,267,270,320,280,321,309,293,281,320,283,366,330,299,323,292,295,317,321,364,316,331,278,315,289,286,330,328,343,305,299,335,303,282,298,318,270,279,283,306,324,275,319,240,236,355,294,292,274,236,272,265,282,332,330,315,294,280,309,259,296,276,260,328,253,307,298,353,286,296,291,315,304,285,341,338,322,327,340,306,317,323,316,308,338,359,301,314,333,310,337,325,324,333,316,330,298,279,255,263,256,248,230,187,177,162,152,117,99,117,82,79,74,71,45,38,38,18,14,21,15,3,10,7,3,3,2,2,1,2,0,0,0,0,1,0,0,0,0,0,0,0,0,0,0,0,0,0,0,0,0,0,0,0,0,0,0,0,0,0,0,0,0,0,0,0,0,0
77.55,0,0,0,0,2,0,0,0,1,0,0,0,1,0,0,0,0,0,0,0,0,1,0,0,0,1,0,1,0,1,1,1,0,3,0,1,1,4,2,2,2,1,1,1,5,0,4,4,2,1,3,3,4,6,4,5,3,2,3,2,7,4,1,5,2,1,5,18,20,23,15,27,21,29,29,27,24,44,36,28,32,37,35,40,38,37,46,40,53,52,55,51,57,53,60,72,74,74,65,85,73,69,75,82,88,101,99,108,118,110,114,136,139,155,150,150,164,143,187,185,184,196,197,219,209,232,228,212,287,271,261,302,273,274,274,291,310,306,308,296,274,325,278,348,351,358,272,346,283,303,317,358,329,332,327,319,301,309,327,333,343,300,303,304,315,299,290,303,284,273,285,310,309,268,293,248,238,346,313,306,274,242,265,259,297,337,320,303,293,274,304,280,302,274,254,320,259,309,306,335,290,304,293,309,309,291,336,336,330,315,340,311,317,321,312,312,338,355,299,314,327,306,333,325,322,330,315,332,298,279,255,265,258,250,230,185,181,162,152,119,99,117,84,79,74,71,45,38,38,18,14,21,15,3,10,7,3,3,2,2,1,2,0,0,0,0,1,0,0,0,0,0,0,0,0,0,0,0,0,0,0,0,0,0,0,0,0,0,0,0,0,0,0,0,0,0,0,0,0,0
77.65,0,0,0,0,1,0,0,0,1,0,0,1,0,0,0,1,1,0,0,0,0,0,0,0,0,1,0,0,0,1,2,0,0,2,0,1,1,1,1,2,3,2,1,1,0,2,1,4,2,2,1,2,3,3,1,2,1,4,2,5,3,5,2,1,3,2,5,10,22,21,25,20,23,30,33,31,26,20,25,28,34,27,35,43,29,31,56,41,40,42,56,47,54,39,61,56,69,75,51,82,67,80,87,98,84,104,96,100,103,120,148,126,134,152,155,167,169,169,174,165,183,191,190,232,221,208,231,250,265,267,233,316,269,266,287,298,297,295,283,292,302,303,269,382,358,324,327,305,273,307,348,325,318,337,326,309,281,303,311,308,333,300,312,294,320,290,298,292,284,272,266,316,300,270,299,256,237,342,312,284,277,246,267,256,287,335,312,305,286,273,310,254,297,276,260,322,257,314,307,341,296,308,295,313,310,292,326,334,328,317,342,314,310,321,306,308,343,352,306,317,324,307,332,329,320,332,317,334,298,283,255,263,260,250,230,184,181,162,151,121,101,117,84,79,72,71,45,38,38,18,14,21,15,3,10,7,3,3,2,2,1,2,0,0,0,0,1,0,0,0,0,0,0,0,0,0,0,0,0,0,0,0,0,0,0,0,0,0,0,0,0,0,0,0,0,0,0,0,0,0
77.75,1,0,0,0,0,0,0,0,0,0,0,0,0,0,0,0,0,1,1,0,1,0,0,2,0,0,0,1,0,0,1,2,3,0,0,1,3,2,1,4,2,2,3,4,2,2,5,1,6,3,2,1,1,3,0,4,1,2,3,2,3,1,3,2,4,2,3,8,17,12,29,33,29,29,31,21,27,26,27,35,31,30,38,41,34,35,46,42,50,56,53,66,54,47,65,60,57,56,57,69,68,67,77,79,95,109,94,115,113,119,109,144,147,127,145,153,156,159,183,177,190,186,215,228,196,212,264,235,285,281,251,309,290,291,277,294,281,286,278,290,304,313,296,366,336,338,302,286,268,320,301,333,349,337,311,331,281,287,344,353,383,300,313,297,287,308,297,280,304,259,257,303,295,283,300,282,245,334,317,285,271,244,259,262,294,309,302,294,287,274,312,250,297,279,263,324,262,316,297,337,297,305,299,313,307,285,322,323,323,315,336,316,314,321,308,308,339,358,308,319,322,307,330,328,321,332,319,334,296,283,255,259,260,250,230,184,181,162,153,121,101,115,84,79,72,69,45,38,39,19,13,21,15,3,8,7,3,3,2,2,1,2,0,0,0,0,1,0,0,0,0,0,0,0,0,0,0,0,0,0,0,0,0,0,0,0,0,0,0,0,0,0,0,0,0,0,0,0,0,0
77.85,0,0,0,0,0,0,0,0,0,0,1,0,0,1,0,0,0,0,0,1,0,1,0,0,1,1,1,0,1,2,0,0,1,1,1,2,1,0,4,1,1,3,3,1,2,2,4,0,2,1,3,2,2,2,3,5,2,1,3,3,1,1,3,2,0,4,1,13,13,21,29,23,28,25,20,29,37,21,39,39,35,39,47,45,50,31,47,42,44,41,52,60,64,51,63,68,61,59,85,78,90,89,93,72,95,97,92,106,103,116,115,109,138,142,152,155,143,174,150,182,183,186,203,221,209,230,244,255,252,257,260,308,268,276,290,292,293,305,275,287,322,289,292,366,320,320,295,292,271,314,289,349,320,327,317,299,284,273,339,326,376,296,305,307,306,314,323,276,249,264,267,286,297,287,312,262,248,341,294,285,277,240,263,263,300,275,312,290,301,268,323,249,305,278,260,332,259,320,287,336,288,310,302,315,307,287,324,327,323,320,337,317,317,315,308,304,334,358,310,323,324,305,326,329,316,332,317,334,296,289,257,259,258,252,232,184,181,161,152,121,101,115,84,79,73,69,45,39,38,19,13,21,15,3,8,7,3,3,2,2,1,2,0,0,0,0,1,0,0,0,0,0,0,0,0,0,0,0,0,0,0,0,0,0,0,0,0,0,0,0,0,0,0,0,0,0,0,0,0,0
77.95,0,0,0,2,0,0,1,1,0,0,0,0,0,0,0,0,0,0,1,0,0,1,0,1,0,3,1,1,0,0,1,0,2,0,2,0,0,3,1,1,1,2,2,1,2,5,2,3,1,6,2,3,4,2,1,0,1,2,2,1,3,3,1,2,5,2,5,9,14,20,23,22,28,28,29,20,22,35,26,31,29,40,23,34,47,34,49,41,45,36,46,43,55,59,60,60,64,71,64,63,71,79,85,92,96,96,103,93,113,114,123,126,123,139,141,137,166,170,160,167,201,183,203,211,226,219,234,242,236,274,286,288,280,281,277,269,290,269,292,294,298,302,312,363,306,300,284,297,322,293,293,347,310,318,306,319,275,296,319,328,338,294,325,315,306,295,359,286,250,269,257,297,295,293,302,244,244,363,290,290,261,245,269,253,297,291,314,279,301,267,316,252,318,275,264,329,264,325,279,342,296,311,296,313,310,293,318,333,326,317,339,319,312,313,304,308,336,356,312,325,320,303,326,330,320,334,317,334,296,289,257,259,263,252,234,184,179,161,152,121,101,115,84,80,73,69,45,39,38,19,13,21,15,3,8,7,3,3,2,2,1,2,0,0,0,0,1,0,0,0,0,0,0,0,0,0,0,0,0,0,0,0,0,0,0,0,0,0,0,0,0,0,0,0,0,0,0,0,0,0
78.05,0,0,0,0,0,1,1,2,0,0,0,0,0,0,0,0,0,0,0,2,2,0,1,0,0,0,0,2,0,0,4,2,1,3,0,0,2,0,2,2,3,3,1,2,1,1,4,4,5,3,2,1,4,1,4,3,4,0,4,0,5,4,2,7,4,4,2,18,12,22,20,25,28,16,29,21,28,28,32,35,26,35,28,36,31,46,33,37,52,44,54,57,60,70,67,60,64,69,86,82,75,98,87,114,86,114,121,90,95,122,115,140,133,120,152,168,151,153,174,177,181,173,207,206,221,220,253,254,211,262,263,292,289,260,266,291,300,299,292,296,306,291,291,346,301,323,275,302,313,279,277,307,319,311,306,321,295,303,348,302,333,293,320,314,304,279,288,282,240,266,258,315,313,301,290,244,246,368,287,293,282,249,262,260,279,307,303,290,297,273,342,261,306,280,263,323,260,318,279,343,300,311,295,303,314,292,324,328,323,313,343,315,318,321,308,304,338,358,314,325,320,301,322,326,328,334,319,340,296,289,255,259,265,252,232,184,179,163,152,121,101,113,84,80,73,69,45,39,38,19,13,21,15,3,8,7,3,3,2,2,1,2,0,0,0,0,1,0,0,0,0,0,0,0,0,0,0,0,0,0,0,0,0,0,0,0,0,0,0,0,0,0,0,0,0,0,0,0,0,0
78.15,0,0,0,0,0,0,0,0,1,0,0,0,0,0,1,0,0,0,1,1,1,1,0,0,3,0,1,1,4,1,1,1,1,0,0,1,0,2,3,3,0,3,2,2,2,1,4,4,2,5,2,1,2,1,2,5,0,5,3,3,5,5,4,1,2,4,4,12,15,23,23,16,22,25,22,28,24,32,32,30,28,33,38,38,33,22,47,46,48,66,49,52,41,54,75,64,61,60,71,60,63,86,83,91,82,97,101,120,136,118,129,127,141,152,127,157,155,148,140,176,185,168,212,200,225,229,236,257,246,247,263,279,306,246,269,309,293,287,301,296,280,302,300,354,306,312,288,285,296,296,288,305,304,322,321,298,280,319,342,289,341,292,319,302,295,283,309,314,251,266,253,331,301,298,272,240,250,375,297,291,280,259,260,260,259,290,305,271,293,273,342,257,295,275,247,311,257,324,287,339,299,315,297,305,318,292,324,328,319,309,349,315,319,318,306,306,332,360,316,321,321,301,322,324,324,336,324,342,298,293,255,261,265,252,234,184,181,163,152,119,101,113,84,80,73,69,45,39,38,19,13,21,15,3,8,7,3,3,2,2,1,2,0,0,0,0,1,0,0,0,0,0,0,0,0,0,0,0,0,0,0,0,0,0,0,0,0,0,0,0,0,0,0,0,0,0,0,0,0,0
78.25,0,1,0,0,1,1,0,0,0,0,0,0,0,1,0,0,0,0,0,0,1,1,0,1,1,1,1,1,3,0,0,3,0,0,0,0,2,2,2,1,2,0,3,1,2,3,4,3,6,1,2,3,3,5,5,2,1,2,5,2,4,5,2,2,1,4,3,14,22,20,10,14,20,24,30,28,33,32,29,32,27,22,32,35,30,41,49,44,55,53,55,69,42,45,52,58,47,74,75,55,69,64,82,85,91,111,119,109,117,118,120,131,145,148,142,173,166,150,167,188,171,183,195,207,198,254,242,240,213,260,278,269,290,256,249,320,267,276,296,279,283,306,302,356,307,335,279,296,293,287,274,302,304,297,362,302,291,311,338,296,328,297,311,315,307,277,294,317,251,272,247,354,282,296,290,235,248,355,293,293,275,265,259,266,265,311,299,278,289,275,340,269,294,276,247,314,262,312,301,343,295,312,291,311,319,286,328,329,316,309,349,311,323,320,311,304,334,362,310,321,319,305,318,319,325,333,322,337,296,291,255,259,263,252,232,184,179,165,154,117,101,113,84,80,73,69,43,39,38,19,13,21,15,3,8,7,3,3,2,2,1,2,0,0,0,0,1,0,0,0,0,0,0,0,0,0,0,0,0,0,0,0,0,0,0,0,0,0,0,0,0,0,0,0,0,0,0,0,0,0
78.35,0,0,0,0,0,0,0,0,0,1,0,0,0,0,0,0,1,0,0,0,0,0,0,2,0,3,1,1,0,2,0,1,1,1,0,3,0,1,3,2,1,0,0,4,1,4,2,2,2,1,2,3,1,2,3,5,6,4,1,0,1,1,5,3,2,5,3,7,18,21,20,22,24,28,29,26,25,34,26,39,39,33,31,29,40,44,44,50,42,52,39,53,62,65,66,64,65,57,54,63,75,88,76,85,94,105,95,94,104,131,119,137,123,122,149,160,173,168,181,182,178,204,190,209,195,251,220,237,205,252,287,263,276,268,254,298,281,272,297,275,293,292,306,328,316,327,276,276,284,290,274,293,305,303,362,295,277,317,361,283,334,319,301,312,305,270,286,303,245,262,275,319,281,300,282,241,244,359,299,287,272,259,257,281,272,290,305,277,287,278,340,258,290,277,255,305,248,309,308,339,295,306,291,316,312,289,325,333,312,307,345,309,321,318,315,300,334,358,310,319,317,305,319,317,325,331,326,336,298,287,257,259,265,252,230,184,177,165,154,117,101,115,86,80,73,69,43,39,38,19,13,21,15,3,8,9,3,3,2,2,1,2,0,0,0,0,1,0,0,0,0,0,0,0,0,0,0,0,0,0,0,0,0,0,0,0,0,0,0,0,0,0,0,0,0,0,0,0,0,0
78.45,2,0,0,0,0,0,0,0,0,0,0,0,0,1,0,1,0,0,1,0,1,1,0,0,1,0,0,0,1,0,0,0,0,1,1,0,1,2,1,0,0,1,4,1,2,5,3,5,3,1,5,3,1,2,3,7,3,4,2,3,4,3,2,1,3,3,5,4,13,19,23,21,23,30,17,22,23,31,46,33,37,28,29,39,40,35,48,54,54,44,40,63,49,59,62,57,68,61,63,69,92,82,88,97,87,85,100,118,121,101,133,140,123,149,162,143,147,163,153,158,206,201,192,192,214,240,209,242,205,231,251,256,293,263,265,280,255,283,291,274,293,295,317,320,327,327,293,284,283,296,301,313,290,286,324,298,264,306,339,280,327,300,298,303,298,272,272,289,251,281,273,305,276,294,279,239,245,383,310,288,258,254,262,267,258,284,306,276,303,279,345,254,280,279,245,305,254,332,312,330,291,316,291,319,315,289,325,336,309,311,347,311,317,317,316,298,332,362,318,319,318,303,321,311,323,335,328,338,296,287,255,259,267,246,229,184,177,163,154,116,101,115,88,80,73,69,43,39,38,19,13,21,15,3,8,9,3,3,2,2,1,2,0,0,0,0,1,0,0,0,0,0,0,0,0,0,0,0,0,0,0,0,0,0,0,0,0,0,0,0,0,0,0,0,0,0,0,0,0,0
78.55,0,0,0,0,0,0,0,0,0,0,0,0,0,1,0,0,0,0,0,0,1,0,0,0,0,0,2,0,1,0,1,1,1,1,2,1,0,2,2,1,1,2,2,0,2,1,0,4,1,2,2,2,3,3,4,3,1,4,2,8,2,1,0,3,3,2,3,10,27,17,21,27,26,27,22,22,40,33,31,24,35,34,41,37,37,32,42,53,50,51,52,53,61,49,60,68,72,75,67,73,69,74,75,87,81,90,102,130,110,118,123,116,143,164,123,143,160,172,158,169,180,206,178,185,205,230,238,261,220,247,250,292,272,283,275,281,264,267,290,284,304,311,327,309,314,320,302,266,290,318,285,312,293,287,324,302,252,312,334,280,314,289,301,312,303,289,261,282,252,284,267,323,279,307,269,243,246,365,303,286,262,251,263,270,255,292,294,270,292,278,339,252,273,281,247,304,247,349,310,331,285,316,293,317,315,286,322,335,306,314,351,309,323,315,312,299,334,363,318,321,320,303,323,317,323,341,322,337,296,287,256,259,269,246,231,184,175,163,156,116,99,115,86,80,73,69,43,39,38,19,13,21,15,3,8,9,3,3,2,2,1,2,0,0,0,0,1,0,0,0,0,0,0,0,0,0,0,0,0,0,0,0,0,0,0,0,0,0,0,0,0,0,0,0,0,0,0,0,0,0
78.65,0,0,0,0,0,0,0,0,0,0,0,1,1,0,1,0,1,2,1,1,0,1,0,1,1,1,0,0,1,1,0,0,3,1,2,4,0,2,1,3,2,2,3,2,5,1,0,1,2,4,2,1,3,4,0,4,3,2,1,2,5,0,3,4,4,1,5,15,23,28,29,23,21,23,25,18,24,31,32,32,25,31,50,54,37,46,38,46,44,56,51,48,33,55,62,56,56,76,71,64,86,79,85,83,87,107,119,107,123,125,124,151,136,138,159,169,154,164,175,180,183,184,192,222,204,216,243,239,222,258,263,261,263,275,273,280,263,283,292,301,290,291,309,351,310,313,309,306,276,303,298,308,295,289,304,317,254,331,317,299,325,289,331,318,314,260,272,283,248,276,273,339,300,299,269,245,242,363,285,281,274,245,254,263,263,297,303,270,284,287,330,257,280,275,250,309,255,350,316,332,287,317,299,315,311,284,322,335,308,320,355,312,318,312,311,301,334,367,318,321,320,305,323,311,323,343,320,331,298,287,254,259,269,246,231,184,175,161,156,118,99,113,86,80,71,69,43,40,39,19,13,21,15,3,8,9,3,3,2,2,1,2,0,0,0,0,1,0,0,0,0,0,0,0,0,0,0,0,0,0,0,0,0,0,0,0,0,0,0,0,0,0,0,0,0,0,0,0,0,0
78.75,0,0,1,0,0,0,0,0,0,0,0,1,0,0,0,0,1,1,0,0,1,1,1,2,0,0,0,0,0,0,1,2,2,3,0,0,1,1,2,0,0,3,6,5,1,1,1,2,1,4,2,7,1,2,3,1,3,3,2,0,4,2,3,0,1,2,6,10,16,17,24,22,26,23,30,17,26,26,36,32,31,38,49,34,47,42,36,36,35,50,37,58,62,46,59,55,56,68,62,62,73,79,63,78,102,107,103,114,103,112,128,113,147,135,154,158,149,166,193,180,173,216,186,201,249,213,237,211,231,244,289,254,272,252,263,255,311,278,297,269,300,292,305,319,308,304,299,297,272,304,299,329,294,288,301,299,269,291,324,304,329,280,326,311,299,249,263,272,254,248,271,315,295,303,287,240,239,345,282,294,266,243,255,277,250,286,312,284,286,289,322,258,272,269,245,318,253,355,308,327,286,310,292,310,311,293,314,331,310,316,355,308,310,311,315,304,334,366,319,323,320,299,321,311,323,341,314,331,300,289,252,259,271,248,233,184,177,163,156,118,99,113,86,80,71,69,43,40,39,19,13,21,15,3,8,9,3,3,2,2,1,2,0,0,0,0,1,0,0,0,0,0,0,0,0,0,0,0,0,0,0,0,0,0,0,0,0,0,0,0,0,0,0,0,0,0,0,0,0,0
78.85,1,0,0,0,1,0,0,0,0,0,0,0,0,2,0,0,0,0,0,0,1,0,0,0,0,2,2,1,1,0,0,1,0,0,1,1,0,0,1,3,1,2,1,4,3,1,1,1,1,0,2,2,4,0,4,5,3,2,8,0,3,5,0,1,2,2,1,11,22,20,22,27,25,21,19,27,25,23,28,31,25,35,30,31,38,38,52,46,49,45,38,45,66,47,49,68,85,50,72,80,73,83,86,80,94,90,99,115,110,110,129,126,110,137,117,169,163,174,166,181,190,201,210,195,215,214,231,213,255,242,273,248,268,255,279,238,309,291,307,262,312,294,320,338,318,293,296,290,280,302,301,314,266,315,313,278,267,289,332,303,318,284,324,297,312,254,260,282,239,249,273,304,331,295,292,255,232,340,293,289,267,241,259,275,257,286,305,278,286,270,311,250,268,273,257,307,256,349,304,326,280,300,293,316,307,295,315,333,312,316,353,305,311,317,311,298,332,366,314,322,318,301,321,314,321,334,312,333,298,289,252,257,268,246,233,184,175,162,158,116,98,113,86,80,71,71,42,40,39,19,13,21,15,3,8,9,3,3,2,2,1,2,0,0,0,0,1,0,0,0,0,0,0,0,0,0,0,0,0,0,0,0,0,0,0,0,0,0,0,0,0,0,0,0,0,0,0,0,0,0
78.95,0,0,2,0,0,0,0,0,0,0,0,0,0,1,0,0,0,1,0,1,1,0,2,1,0,2,1,0,0,1,0,0,0,0,0,2,1,2,3,2,1,3,0,0,1,2,2,2,3,2,4,2,4,3,4,5,2,2,1,3,3,4,0,5,3,3,8,9,15,16,16,25,18,23,25,27,27,23,34,32,30,38,30,34,37,42,31,45,48,46,51,50,53,53,48,62,67,62,67,78,81,64,59,92,107,105,89,96,88,109,120,114,147,145,127,132,169,185,164,157,204,187,217,229,222,236,241,207,238,259,271,273,251,248,264,245,306,287,288,276,287,312,300,323,360,339,303,287,285,308,319,325,271,300,331,283,260,291,333,295,335,277,328,303,326,259,255,278,254,242,272,322,319,302,275,249,230,337,296,286,263,232,275,267,261,292,301,278,289,269,306,263,266,275,254,311,255,353,290,330,286,290,293,306,305,299,311,331,312,310,345,309,313,317,309,296,332,360,310,324,314,301,319,320,321,336,310,329,302,293,252,257,266,248,229,184,175,162,156,114,98,111,86,82,71,71,42,40,39,19,13,21,15,3,8,9,3,3,2,2,1,2,0,0,0,0,1,0,0,0,0,0,0,0,0,0,0,0,0,0,0,0,0,0,0,0,0,0,0,0,0,0,0,0,0,0,0,0,0,0
79.05,0,0,0,1,0,1,0,0,0,1,0,0,2,0,0,2,1,0,0,0,2,0,0,1,1,0,0,0,2,1,0,3,0,0,1,0,2,2,0,1,2,1,2,2,1,3,1,2,0,8,2,6,1,1,4,6,1,1,1,4,3,3,3,5,1,4,7,9,17,22,17,22,17,29,36,16,34,25,33,31,34,26,37,42,39,30,43,38,47,57,57,48,49,77,74,66,64,66,73,72,75,72,83,80,102,88,103,104,105,112,126,127,134,130,133,141,164,198,165,192,202,197,199,235,222,234,233,229,254,266,267,266,241,254,280,244,292,299,297,306,296,254,305,325,341,340,316,309,280,283,274,343,265,295,293,298,259,289,335,277,349,289,341,314,351,259,266,296,243,246,267,339,308,304,267,237,236,331,292,296,257,233,271,270,269,292,302,277,294,265,310,267,270,271,256,315,260,350,284,336,293,295,288,306,309,298,316,329,308,316,350,306,313,323,307,296,339,357,309,324,316,303,323,322,325,335,310,331,301,293,252,259,266,254,231,184,175,164,156,114,98,111,86,80,71,71,42,40,39,19,13,21,15,3,8,9,3,3,2,2,1,2,0,0,0,0,1,0,0,0,0,0,0,0,0,0,0,0,0,0,0,0,0,0,0,0,0,0,0,0,0,0,0,0,0,0,0,0,0,0
79.15,1,0,0,0,0,0,0,0,0,0,0,0,0,0,0,0,1,0,0,0,0,0,1,2,2,2,1,1,0,0,1,0,4,1,1,2,2,1,1,0,1,3,1,2,2,0,1,2,3,2,1,4,2,3,4,6,3,2,3,1,3,4,2,2,6,5,2,17,16,19,28,26,22,22,26,21,28,28,27,39,27,34,39,34,44,38,43,44,47,45,54,68,38,71,45,56,64,70,67,81,81,71,82,91,86,103,94,105,107,102,115,112,120,144,146,176,152,167,168,174,191,217,222,236,209,239,247,214,257,238,270,244,260,238,280,244,313,279,312,287,317,292,319,297,306,313,321,279,333,296,281,326,274,319,301,288,260,287,330,267,359,291,326,308,331,268,302,285,251,249,264,377,296,298,266,244,240,337,300,288,267,235,263,265,256,286,301,273,295,272,320,266,275,273,258,305,258,344,292,336,297,298,291,304,303,290,318,331,308,310,356,306,309,321,309,302,348,354,311,320,316,309,321,322,321,333,314,333,298,288,252,261,271,249,233,187,170,166,154,118,100,111,86,80,71,71,42,40,39,19,13,21,15,3,8,9,3,3,2,2,1,2,0,0,0,0,1,0,0,0,0,0,0,0,0,0,0,0,0,0,0,0,0,0,0,0,0,0,0,0,0,0,0,0,0,0,0,0,0,0
79.25,0,0,0,0,1,0,0,0,0,1,0,0,1,1,1,1,1,0,0,0,0,0,2,0,0,0,2,0,0,1,1,0,1,0,0,0,0,1,0,4,2,3,4,0,4,3,0,2,3,0,3,1,3,0,2,3,3,5,2,2,1,2,2,4,3,0,3,18,19,21,21,30,27,19,30,27,24,33,34,30,34,41,29,41,35,27,44,45,56,49,50,54,51,65,57,58,56,56,65,70,72,72,82,90,96,96,98,109,108,101,126,99,134,141,158,185,152,160,175,185,193,203,243,196,211,231,242,232,273,252,255,263,236,272,285,245,296,301,296,279,291,279,333,303,283,331,300,276,327,282,291,319,281,293,312,273,295,299,340,283,341,283,309,301,287,276,288,290,239,266,259,336,281,295,270,239,233,332,298,301,268,243,258,279,259,290,300,265,300,269,311,274,285,273,252,303,252,314,282,332,293,290,283,304,299,289,314,329,308,314,356,312,311,327,310,299,350,354,314,321,316,309,319,325,319,337,318,331,300,286,250,261,267,247,233,185,169,166,154,118,100,111,86,76,71,71,42,40,39,19,13,21,15,3,8,9,3,3,2,2,1,2,0,0,0,0,1,0,0,0,0,0,0,0,0,0,0,0,0,0,0,0,0,0,0,0,0,0,0,0,0,0,0,0,0,0,0,0,0,0
79.35,0,0,0,0,0,0,0,0,1,0,0,1,0,0,0,0,0,0,0,0,0,1,0,0,0,0,0,0,0,0,0,0,2,1,2,1,0,1,4,2,1,4,0,6,4,1,1,1,2,1,2,0,1,4,4,4,3,5,6,2,1,4,3,1,3,4,5,14,18,11,22,17,27,35,24,29,26,21,42,26,43,29,46,46,31,42,40,44,49,49,56,59,54,62,49,62,56,68,64,63,80,73,69,102,88,92,87,111,119,115,122,120,117,151,148,167,159,154,160,174,194,192,237,193,241,224,238,229,261,259,259,244,263,260,280,231,298,296,301,309,307,288,308,300,288,319,325,278,295,294,286,311,267,304,299,267,263,306,338,267,334,274,319,310,287,299,292,284,240,267,272,321,270,319,276,232,236,331,313,313,258,235,267,279,264,288,302,279,288,275,319,282,266,276,252,299,268,317,281,330,293,292,287,308,304,290,318,337,316,314,352,308,309,325,312,295,346,352,310,317,319,304,327,329,317,337,318,329,300,288,252,263,263,249,233,187,169,166,154,116,100,111,86,76,71,71,42,40,39,21,13,21,15,3,8,9,3,3,2,2,1,2,0,0,0,0,1,0,0,0,0,0,0,0,0,0,0,0,0,0,0,0,0,0,0,0,0,0,0,0,0,0,0,0,0,0,0,0,0,0
79.45,1,0,0,0,0,0,0,1,0,0,0,0,0,0,0,0,0,0,0,1,1,0,0,0,0,0,2,0,0,2,2,1,2,2,2,1,0,1,2,1,1,2,0,2,3,3,3,5,1,2,4,3,1,3,2,5,2,2,1,2,4,3,1,1,3,0,5,14,19,21,21,29,22,25,19,28,31,42,31,35,49,32,29,31,42,41,49,43,37,52,58,48,52,46,52,74,70,61,52,61,59,91,59,83,92,102,140,102,95,99,126,133,138,152,137,142,179,177,171,175,200,207,217,213,215,237,225,247,279,240,242,278,266,247,298,235,304,277,290,305,309,279,304,306,285,335,306,294,286,298,306,371,275,294,284,282,270,310,332,270,328,268,315,295,297,323,285,286,251,246,265,298,265,306,280,242,240,310,299,308,261,239,269,273,265,304,296,274,289,279,309,288,266,273,248,294,264,326,278,337,288,292,295,318,306,292,324,337,319,315,350,314,312,325,310,302,350,354,310,315,317,304,325,325,325,337,308,329,300,288,250,267,263,251,231,187,169,170,156,118,102,111,86,74,71,71,42,40,39,21,13,21,15,3,8,9,3,3,2,2,1,2,0,0,0,0,1,0,0,0,0,0,0,0,0,0,0,0,0,0,0,0,0,0,0,0,0,0,0,0,0,0,0,0,0,0,0,0,0,0
79.55,1,0,0,0,0,0,0,0,0,0,1,0,0,0,0,0,0,0,0,0,0,0,0,0,0,1,2,1,1,0,2,0,0,2,0,1,2,0,1,2,3,1,2,1,1,4,4,2,1,6,2,1,4,3,3,2,0,3,3,5,2,2,4,5,1,4,8,10,15,18,17,21,17,26,27,34,19,29,31,25,34,35,43,31,33,36,40,46,37,55,49,38,57,55,54,54,47,35,71,65,62,64,70,86,88,99,102,103,115,109,136,131,140,144,135,172,147,176,188,169,191,192,217,234,229,218,224,233,267,245,245,259,239,274,280,248,286,278,277,288,284,281,329,296,273,311,322,299,276,327,323,351,300,298,295,269,268,306,353,285,315,287,329,310,313,305,319,265,245,268,270,323,275,293,275,252,251,310,283,310,275,237,264,264,264,308,303,274,294,292,301,288,268,271,258,290,252,316,272,339,289,303,297,330,305,298,319,333,319,309,344,312,312,323,312,296,350,360,308,315,313,308,325,327,328,337,308,331,299,292,246,269,261,249,232,186,169,170,156,116,102,111,86,74,71,71,42,40,39,21,13,19,15,3,8,8,3,4,2,2,1,2,0,0,0,0,1,0,0,0,0,0,0,0,0,0,0,0,0,0,0,0,0,0,0,0,0,0,0,0,0,0,0,0,0,0,0,0,0,0
79.65,0,0,0,0,0,0,0,0,0,0,0,0,0,1,0,0,0,1,0,0,0,0,1,0,1,2,0,2,0,0,1,1,2,1,1,1,3,2,0,0,1,2,2,1,3,1,1,2,1,2,0,3,2,1,0,2,1,2,4,2,1,3,6,3,3,0,7,17,20,28,25,31,21,23,31,24,32,27,36,33,26,36,36,42,50,49,35,56,49,49,36,57,42,42,51,40,46,59,59,65,70,86,69,82,96,79,106,87,101,120,128,132,147,134,163,119,166,177,167,179,198,210,204,230,209,224,208,245,229,265,271,232,260,260,264,263,264,287,292,303,290,281,344,281,291,329,310,266,279,289,343,321,280,289,298,279,274,302,302,283,304,278,320,327,306,283,281,281,233,278,272,307,279,290,245,244,249,308,285,303,278,228,268,260,274,301,294,275,304,290,303,292,252,271,262,307,251,316,278,345,285,295,295,333,292,290,311,339,315,312,347,308,312,327,312,294,348,358,304,311,310,306,327,329,328,335,310,327,297,290,244,272,260,251,230,184,173,170,156,118,100,113,86,74,71,71,42,40,39,21,13,19,15,3,8,8,3,4,2,2,1,2,0,0,0,0,1,0,0,0,0,0,0,0,0,0,0,0,0,0,0,0,0,0,0,0,0,0,0,0,0,0,0,0,0,0,0,0,0,0
79.75,0,0,1,0,0,0,0,0,0,0,0,0,1,1,1,0,0,0,2,0,0,1,2,0,1,0,0,1,0,3,2,3,1,0,1,1,0,2,0,0,3,2,2,2,1,2,1,2,0,3,3,3,3,5,3,3,3,1,5,4,3,2,0,3,5,5,2,17,14,18,18,23,36,34,27,28,29,46,27,33,27,49,34,44,42,31,47,44,40,44,42,51,62,50,60,59,61,61,63,72,69,65,76,87,85,99,105,113,130,118,109,124,148,148,160,145,153,158,180,174,184,215,211,217,222,215,213,261,234,268,275,259,246,252,256,300,284,295,278,273,287,296,315,285,291,316,322,284,283,286,291,328,280,289,302,268,276,334,313,278,320,275,311,308,293,268,268,293,236,273,268,330,275,301,253,249,235,299,276,315,266,233,271,254,274,298,295,268,307,290,297,320,264,265,264,310,248,308,289,330,283,289,293,331,288,298,307,339,321,316,345,312,314,323,312,294,346,360,306,313,312,304,325,325,326,339,310,329,293,290,246,270,258,249,232,184,177,170,158,120,100,114,85,74,71,71,42,40,37,21,13,19,15,3,8,8,3,4,2,2,1,2,0,0,0,0,1,0,0,0,0,0,0,0,0,0,0,0,0,0,0,0,0,0,0,0,0,0,0,0,0,0,0,0,0,0,0,0,0,0
79.85,0,0,1,0,0,0,1,1,0,1,1,0,0,0,0,0,0,0,1,1,1,0,2,0,1,0,0,1,0,0,1,0,1,0,0,1,0,2,2,1,0,2,2,1,1,2,1,4,1,3,1,3,2,5,1,2,5,1,2,4,0,1,4,5,4,3,3,13,7,12,23,20,24,13,23,22,29,26,30,22,26,33,37,37,37,38,41,32,46,33,47,55,58,54,64,56,58,46,68,96,74,78,81,98,70,113,112,112,97,107,133,133,160,120,147,156,160,151,182,156,185,208,209,228,200,228,217,275,242,286,256,253,270,285,267,288,283,298,260,296,286,295,314,287,290,334,335,291,263,282,304,340,308,279,296,254,268,306,285,283,328,272,302,324,290,254,271,291,245,298,264,335,268,296,250,238,228,300,274,311,268,237,261,266,269,303,295,275,304,280,301,314,259,267,264,318,243,318,281,327,289,299,287,327,290,298,310,341,315,314,346,313,310,323,312,294,344,356,306,311,314,302,329,323,334,335,310,327,293,290,246,268,253,248,231,180,175,170,158,124,102,114,85,74,71,71,42,42,37,23,13,19,15,3,8,8,3,4,2,2,1,2,0,0,0,0,1,0,0,0,0,0,0,0,0,0,0,0,0,0,0,0,0,0,0,0,0,0,0,0,0,0,0,0,0,0,0,0,0,0
79.95,0,0,0,0,0,1,0,1,0,0,0,2,0,0,0,0,0,0,1,0,1,1,0,0,0,0,0,0,0,0,2,0,1,0,0,2,2,0,0,1,0,4,0,3,3,1,1,1,2,2,3,0,3,2,3,2,2,3,2,2,2,4,2,4,1,6,2,19,17,23,22,23,31,19,14,20,21,26,24,36,31,24,37,40,51,41,43,42,47,44,56,59,81,68,65,56,81,74,81,71,66,73,105,96,101,92,84,109,97,145,111,155,135,157,143,164,149,150,167,172,175,189,195,212,235,220,226,260,240,266,253,241,246,259,272,283,273,316,263,294,311,315,304,272,301,302,317,299,269,276,322,330,306,300,289,254,289,321,297,265,363,305,309,319,283,258,272,277,260,319,270,332,269,291,248,245,224,306,265,308,266,236,276,268,255,289,290,272,298,277,302,325,261,261,262,313,256,315,283,329,285,297,283,325,286,293,314,330,315,307,345,317,310,329,309,299,338,359,309,312,317,300,325,325,331,336,310,330,295,290,242,263,254,248,231,180,177,170,157,121,102,114,85,74,71,71,42,42,37,23,13,19,15,3,8,8,3,4,2,2,1,2,0,0,0,0,1,0,0,0,0,0,0,0,0,0,0,0,0,0,0,0,0,0,0,0,0,0,0,0,0,0,0,0,0,0,0,0,0,0
80.05,0,0,1,0,0,0,0,0,1,0,1,0,0,0,0,0,0,0,0,0,0,0,1,0,1,0,0,0,1,1,2,1,1,1,0,1,0,1,0,3,2,2,2,7,2,3,0,4,5,2,1,1,4,3,0,2,5,3,6,1,1,3,3,6,1,3,3,13,26,15,21,20,29,21,27,31,33,24,32,31,31,45,28,29,33,41,43,42,48,42,55,52,49,70,74,77,80,76,76,82,82,77,85,92,67,89,97,99,114,116,146,131,150,129,157,127,151,151,165,176,195,177,183,220,214,230,218,240,252,266,260,241,237,278,243,294,262,286,258,291,316,296,312,264,279,311,301,324,283,276,293,317,296,287,294,260,264,328,314,302,325,298,301,292,288,268,284,274,238,262,276,371,287,292,249,247,231,302,286,291,277,235,274,257,258,285,292,292,286,279,302,329,263,263,270,302,263,319,277,327,285,296,279,323,287,293,316,334,315,314,347,320,314,331,305,300,335,361,309,316,323,298,329,328,332,339,311,328,297,292,242,263,256,248,229,180,175,172,157,121,102,116,85,74,71,70,42,42,39,23,13,19,15,3,8,8,3,4,2,2,1,2,0,0,0,0,1,0,0,0,0,0,0,0,0,0,0,0,0,0,0,0,0,0,0,0,0,0,0,0,0,0,0,0,0,0,0,0,0,0
80.15,1,0,0,0,0,0,0,0,1,0,0,0,0,2,0,1,1,0,0,0,0,0,0,0,0,0,1,0,0,0,0,2,0,2,3,1,3,0,2,0,1,6,2,3,0,4,3,2,4,1,3,1,3,3,3,2,3,3,3,2,7,1,2,6,2,6,11,11,18,19,26,18,15,25,22,20,37,22,30,31,31,25,27,35,53,38,33,43,43,53,53,54,63,47,47,62,61,58,67,70,77,89,88,86,101,86,111,106,112,115,115,139,145,149,133,127,137,180,166,183,185,184,189,194,224,226,249,231,245,250,256,240,237,264,245,298,291,271,261,287,305,286,321,259,274,301,302,293,276,258,330,311,301,287,306,254,274,278,302,287,324,294,292,287,281,260,265,276,235,265,292,378,279,303,238,250,226,297,279,294,275,230,278,251,265,279,305,283,294,275,298,307,262,271,262,308,261,321,281,329,289,300,284,314,287,294,317,336,309,314,347,316,310,325,307,302,337,361,311,312,319,296,329,324,330,341,309,328,295,292,240,263,256,249,227,180,172,176,157,121,102,118,85,74,71,70,42,42,39,23,13,19,15,3,8,8,3,4,2,2,1,2,0,0,0,0,1,0,0,0,0,0,0,0,0,0,0,0,0,0,0,0,0,0,0,0,0,0,0,0,0,0,0,0,0,0,0,0,0,0
80.25,1,0,0,0,0,0,0,0,0,1,0,0,0,0,0,0,0,0,0,0,0,2,1,2,1,1,0,0,0,1,1,1,0,2,2,2,0,0,0,2,4,2,1,2,3,6,0,4,2,5,1,2,2,3,2,1,2,2,3,3,3,4,2,2,3,4,6,7,20,39,16,18,26,22,21,28,24,38,28,43,30,36,34,47,36,36,60,47,55,44,55,43,40,49,53,51,68,61,66,77,83,80,69,101,105,102,106,115,110,106,105,126,131,164,142,133,141,168,169,200,176,178,193,201,233,220,226,225,263,247,241,248,235,268,247,296,277,302,276,300,275,296,322,292,294,278,317,309,267,253,307,290,288,283,307,247,278,285,290,269,305,289,303,297,282,253,274,291,240,256,287,342,276,315,248,252,221,297,278,311,276,236,274,263,267,287,301,278,299,289,295,315,269,265,249,309,259,308,284,333,282,302,286,315,283,291,317,338,305,312,341,312,314,327,313,300,335,363,309,312,323,294,333,325,328,339,305,326,295,290,240,263,256,251,232,182,172,176,157,121,102,118,85,74,71,70,42,42,39,23,13,19,15,3,8,8,3,4,2,2,1,2,0,0,0,0,1,0,0,0,0,0,0,0,0,0,0,0,0,0,0,0,0,0,0,0,0,0,0,0,0,0,0,0,0,0,0,0,0,0
80.35,1,0,0,1,0,0,0,0,0,0,0,0,0,0,0,1,0,0,0,0,0,1,2,0,1,0,1,0,0,0,0,1,0,1,2,0,1,1,1,2,3,1,3,4,3,2,4,3,3,5,5,1,3,1,4,2,1,7,0,3,2,2,3,4,2,3,4,16,26,21,18,22,23,27,25,37,31,32,37,36,42,46,52,43,40,37,58,34,40,48,45,50,42,71,67,62,56,69,54,71,79,60,84,99,108,93,101,108,114,118,107,118,127,141,124,141,168,137,180,178,174,187,176,205,216,203,213,226,239,253,242,245,249,264,259,300,287,280,302,336,288,303,293,271,270,279,319,298,264,282,298,299,291,304,320,261,272,317,293,273,322,303,296,290,317,262,272,296,246,258,316,320,275,310,249,259,224,306,280,317,270,244,272,257,265,293,299,291,298,287,289,314,266,271,249,304,259,306,280,336,294,300,294,316,284,287,321,328,305,306,343,306,314,321,315,304,332,361,311,314,327,298,333,331,330,333,305,324,299,290,241,260,256,251,234,180,172,176,157,119,102,118,87,74,71,72,42,42,39,21,13,19,15,3,8,8,3,4,2,2,1,2,0,0,0,0,1,0,0,0,0,0,0,0,0,0,0,0,0,0,0,0,0,0,0,0,0,0,0,0,0,0,0,0,0,0,0,0,0,0
80.45,0,1,0,0,0,0,0,0,0,0,1,0,1,2,0,0,0,0,0,1,1,0,1,1,2,1,0,0,0,0,0,1,1,2,1,2,2,2,3,2,2,1,0,3,2,3,3,3,5,2,0,3,5,2,2,4,0,3,4,6,4,2,3,2,2,3,4,13,16,21,18,17,28,20,28,31,19,22,33,30,38,38,36,39,45,42,54,35,46,45,39,42,65,60,71,72,68,59,74,93,96,83,96,87,102,83,103,100,106,132,110,112,112,131,149,146,158,168,165,168,173,191,194,190,212,206,222,228,243,229,247,236,241,262,278,269,277,257,302,333,278,294,295,288,267,291,335,324,254,272,301,296,302,302,285,270,248,296,304,267,327,318,316,324,330,251,267,279,258,256,304,323,277,308,251,252,224,312,274,308,266,230,275,261,265,291,309,293,290,266,289,306,264,269,251,294,255,302,280,328,295,295,288,322,298,283,319,334,303,304,343,306,313,316,319,304,336,361,311,314,327,300,335,333,332,333,309,328,297,294,241,258,254,251,234,180,174,178,155,119,102,118,87,76,71,72,42,42,39,21,13,19,15,3,8,8,3,4,2,2,1,2,0,0,0,0,1,0,0,0,0,0,0,0,0,0,0,0,0,0,0,0,0,0,0,0,0,0,0,0,0,0,0,0,0,0,0,0,0,0
80.55,0,0,0,0,0,0,1,0,0,0,0,0,0,0,0,0,0,1,0,0,0,0,0,0,1,0,1,2,0,0,2,0,1,1,0,0,3,2,3,1,1,0,0,4,1,3,4,4,1,6,1,5,3,2,0,3,2,1,1,3,4,8,2,3,2,3,2,9,19,28,26,23,24,23,27,32,33,35,37,31,43,44,42,34,35,49,53,61,52,56,43,54,51,53,59,69,68,77,56,75,82,78,72,80,84,113,99,115,103,120,127,115,127,120,141,164,172,174,174,170,170,181,204,199,207,219,209,211,229,200,246,260,269,267,246,292,271,284,308,314,263,291,288,280,253,279,309,304,244,259,310,313,290,300,280,295,250,306,303,261,308,301,315,365,336,252,276,298,286,244,312,324,262,289,254,250,222,301,273,300,276,229,266,274,261,299,304,292,289,267,286,297,257,269,256,301,252,309,276,322,293,299,287,324,297,283,311,326,304,305,335,304,311,318,321,304,340,361,311,314,333,304,333,333,330,331,307,328,295,298,241,260,252,253,234,184,174,178,155,117,102,116,87,76,71,72,42,42,39,21,13,19,15,3,8,8,3,4,2,2,1,2,0,0,0,0,1,0,0,0,0,0,0,0,0,0,0,0,0,0,0,0,0,0,0,0,0,0,0,0,0,0,0,0,0,0,0,0,0,0
80.65,0,1,0,0,0,0,0,0,0,0,0,1,1,0,0,1,0,1,0,0,0,0,1,0,1,2,0,1,2,2,3,2,3,2,1,0,1,1,2,2,2,0,1,1,4,0,3,0,4,2,1,5,2,5,2,2,0,0,4,1,7,0,6,3,3,0,1,16,22,24,33,21,19,29,21,18,31,28,36,36,35,47,44,32,31,47,44,58,46,46,56,54,47,48,50,65,65,69,70,57,67,71,63,86,114,95,82,113,128,98,121,119,121,129,147,146,154,180,172,162,160,194,212,200,199,200,210,223,236,202,241,244,271,246,263,277,289,270,330,299,269,275,294,253,254,300,313,318,254,262,299,298,281,316,280,282,238,312,289,265,309,322,358,327,285,228,282,286,274,238,288,344,276,291,245,246,222,292,272,292,266,246,259,283,254,299,286,287,293,270,296,291,261,269,264,314,251,313,283,321,288,298,290,326,297,281,307,324,308,311,331,310,305,322,319,301,339,363,317,314,335,300,333,333,326,329,307,326,296,298,239,258,252,253,232,186,174,176,155,117,102,114,87,76,71,72,42,42,39,21,13,19,15,3,8,8,3,4,2,2,1,2,0,0,0,0,1,0,0,0,0,0,0,0,0,0,0,0,0,0,0,0,0,0,0,0,0,0,0,0,0,0,0,0,0,0,0,0,0,0
80.75,0,0,0,0,0,0,0,0,0,0,0,0,0,0,0,0,0,0,0,0,0,0,0,0,0,1,0,0,0,1,0,0,0,2,0,1,2,3,4,2,1,2,1,4,2,1,6,3,3,4,4,3,4,1,2,5,4,3,3,4,5,1,2,0,1,3,2,18,23,24,17,20,27,21,26,26,29,25,29,29,35,38,46,34,36,49,44,48,43,41,55,42,48,41,52,67,56,69,50,67,69,81,83,78,87,87,100,104,124,120,129,138,120,141,142,136,142,187,169,164,172,197,215,199,217,206,221,217,235,210,240,253,279,225,294,266,313,251,339,284,251,256,299,277,242,287,302,288,261,268,300,286,299,313,281,286,240,307,295,257,290,317,341,315,283,238,276,269,250,260,276,337,289,296,237,252,242,300,277,299,254,235,260,278,269,302,304,290,283,285,293,283,259,270,259,318,253,311,279,311,294,302,294,323,292,280,296,326,314,315,331,310,307,318,311,301,345,365,315,323,328,302,327,327,326,333,305,324,294,299,239,259,252,253,232,190,174,178,155,119,102,114,88,75,71,72,42,42,39,21,13,19,15,3,8,8,3,4,2,2,1,2,0,0,0,0,1,0,0,0,0,0,0,0,0,0,0,0,0,0,0,0,0,0,0,0,0,0,0,0,0,0,0,0,0,0,0,0,0,0
80.85,0,0,0,0,1,0,0,0,0,0,0,1,0,0,0,0,0,0,0,0,1,0,0,1,0,1,0,1,0,2,3,2,1,1,0,1,1,2,2,2,0,2,2,1,3,2,4,2,3,1,2,6,1,4,7,3,0,1,2,2,2,4,4,1,2,4,9,11,19,23,22,24,29,23,27,29,26,29,27,22,38,34,43,43,47,35,37,54,46,52,34,42,49,46,61,62,60,60,61,74,70,71,70,89,95,90,89,107,131,109,141,130,137,139,137,141,164,170,178,176,155,200,223,179,215,195,203,226,228,199,229,241,272,240,285,289,292,247,311,261,229,277,296,276,239,273,308,286,244,262,304,280,272,301,293,270,246,314,282,269,300,306,338,311,278,276,261,271,238,243,268,334,303,285,233,268,225,300,272,303,254,235,265,281,279,296,298,288,284,274,295,276,260,280,269,317,252,319,277,321,292,300,293,322,284,283,297,332,320,325,331,309,305,319,310,301,345,367,314,316,322,306,327,327,320,333,305,324,292,299,239,261,252,255,228,190,174,182,155,119,104,114,86,75,71,72,42,42,39,21,13,19,15,3,8,8,3,4,2,2,1,2,0,0,0,0,1,0,0,0,0,0,0,0,0,0,0,0,0,0,0,0,0,0,0,0,0,0,0,0,0,0,0,0,0,0,0,0,0,0
80.95,0,0,0,0,0,0,0,0,0,0,1,1,0,0,1,0,1,0,1,0,1,0,1,0,0,0,0,1,0,1,1,1,1,2,2,0,0,0,2,1,2,2,1,1,1,0,5,2,0,1,8,3,3,8,1,5,3,2,1,1,2,2,2,2,4,4,4,7,19,19,15,24,23,27,23,24,38,41,33,23,31,31,40,42,26,36,38,46,63,53,56,62,47,56,59,69,72,65,84,71,67,76,84,87,78,85,92,109,100,113,113,110,136,147,145,131,163,169,164,165,164,201,200,190,210,186,208,230,247,197,240,244,271,237,259,290,256,256,330,262,236,267,317,251,243,281,289,282,241,262,296,276,261,307,287,262,233,275,289,274,305,305,335,327,275,249,273,258,239,258,264,342,283,285,235,243,244,299,272,300,260,239,263,271,272,316,300,278,275,282,293,281,262,287,254,309,254,312,283,334,288,303,282,330,280,291,309,322,316,319,335,304,308,314,307,305,341,363,312,314,324,313,326,321,316,333,301,320,292,297,243,261,252,255,228,190,171,182,155,119,104,114,86,75,71,72,42,42,39,21,13,19,15,3,8,8,3,4,2,2,1,2,0,0,0,0,1,0,0,0,0,0,0,0,0,0,0,0,0,0,0,0,0,0,0,0,0,0,0,0,0,0,0,0,0,0,0,0,0,0
81.05,0,0,0,0,0,0,0,0,0,0,0,1,0,0,0,1,1,0,0,0,0,1,2,2,0,1,0,1,1,0,0,0,2,2,1,0,1,1,4,2,0,1,2,3,2,3,1,0,8,4,0,6,3,3,3,2,4,3,2,3,2,2,0,5,3,3,6,9,14,14,20,20,17,24,32,28,24,38,24,27,30,38,41,34,30,46,53,41,46,57,58,67,70,54,49,68,60,63,66,73,84,79,92,95,70,99,96,93,112,100,145,123,140,121,134,166,159,156,161,173,173,197,205,177,206,202,186,207,240,232,235,256,288,252,262,294,264,266,308,259,249,255,295,254,258,291,279,297,240,278,306,288,291,306,315,284,232,281,302,299,300,273,335,344,263,249,286,278,242,251,279,340,274,298,238,247,236,299,281,300,263,235,263,263,263,298,287,278,290,277,285,270,250,289,252,299,252,316,289,330,286,295,280,336,290,293,313,324,307,316,333,306,305,315,305,307,339,363,312,312,322,309,322,321,314,335,298,320,292,293,241,264,247,259,228,190,171,180,155,119,104,114,86,75,71,72,42,42,40,21,13,19,15,3,8,8,3,4,2,2,1,2,0,0,0,0,1,0,0,0,0,0,0,0,0,0,0,0,0,0,0,0,0,0,0,0,0,0,0,0,0,0,0,0,0,0,0,0,0,0
81.15,1,0,0,0,0,0,1,0,0,0,0,2,0,0,0,0,0,0,1,1,0,0,0,0,0,0,2,1,1,0,1,1,0,0,1,2,1,2,1,1,0,1,0,3,0,1,3,2,4,4,1,1,2,0,3,3,3,0,4,3,0,3,4,2,6,2,5,8,24,21,22,21,16,23,46,33,29,36,39,32,19,33,38,42,25,44,48,42,42,45,48,47,54,44,50,61,68,75,74,85,77,87,85,109,88,78,117,123,93,115,119,127,124,147,141,155,162,167,167,179,178,176,206,179,213,189,215,208,243,223,224,234,290,257,251,308,260,248,298,262,243,258,308,266,242,270,282,277,255,250,289,302,260,286,270,271,240,283,313,301,299,270,353,307,277,259,281,256,258,263,274,348,263,293,231,232,234,304,276,297,259,242,260,268,263,288,281,286,288,281,283,277,250,283,258,293,251,315,283,336,284,307,276,334,284,299,315,324,309,320,333,314,311,317,305,307,343,363,310,316,322,310,322,320,310,335,298,318,292,285,239,266,249,259,228,189,170,180,155,119,104,114,86,77,71,70,42,42,40,21,13,19,15,3,8,8,3,4,2,2,1,2,0,0,0,0,1,0,0,0,0,0,0,0,0,0,0,0,0,0,0,0,0,0,0,0,0,0,0,0,0,0,0,0,0,0,0,0,0,0
81.25,0,0,0,0,0,0,0,0,0,0,1,0,0,0,1,0,0,0,0,1,1,1,0,0,0,0,1,0,0,1,1,3,1,1,1,0,0,3,1,0,0,2,2,3,1,2,2,3,4,4,2,5,2,4,1,5,2,3,4,2,4,2,4,3,1,4,3,17,19,21,13,20,25,21,29,18,28,36,26,20,25,30,32,42,35,43,45,41,48,63,56,48,54,41,58,65,51,59,65,65,83,89,76,101,97,97,100,96,109,110,124,104,126,153,148,151,159,167,156,173,171,200,200,179,199,214,207,209,235,234,219,240,277,246,246,297,282,273,282,291,275,276,292,269,244,273,290,276,275,273,322,296,283,276,268,276,269,301,304,282,307,269,313,296,273,247,286,249,249,267,271,350,273,323,230,240,243,300,269,277,253,256,258,272,269,273,282,279,287,274,292,282,251,290,255,295,251,313,287,331,279,301,282,340,284,297,311,324,313,316,335,307,312,325,303,303,341,359,312,314,322,312,324,320,318,333,296,316,292,283,239,268,251,261,230,187,170,174,155,121,104,116,86,77,71,70,42,42,40,21,13,19,15,3,8,8,3,4,2,2,1,2,0,0,0,0,1,0,0,0,0,0,0,0,0,0,0,0,0,0,0,0,0,0,0,0,0,0,0,0,0,0,0,0,0,0,0,0,0,0
81.35,0,1,0,0,0,1,0,0,0,2,0,0,0,0,0,0,0,1,0,0,2,0,0,0,1,1,0,0,2,0,0,3,1,0,0,4,4,1,2,5,0,2,3,3,3,3,4,2,0,2,3,2,1,1,3,1,4,0,5,3,1,0,6,3,3,0,3,21,17,24,19,19,22,38,18,28,35,34,41,38,30,42,44,28,31,34,37,34,54,47,42,36,48,59,61,57,54,58,65,69,64,81,89,88,100,90,107,109,104,114,131,116,132,139,155,140,169,152,158,165,202,212,180,196,175,213,196,215,224,237,213,239,274,258,256,272,278,270,273,287,249,249,294,265,249,275,306,265,275,249,335,277,263,281,278,271,243,300,325,288,297,272,316,304,270,270,298,259,228,261,284,323,270,350,228,242,254,304,269,280,254,255,258,266,267,276,286,276,282,271,284,278,267,300,259,301,248,304,287,337,281,295,278,330,288,297,322,333,317,312,345,305,312,317,303,303,339,361,312,314,322,314,328,322,314,333,298,320,290,285,239,268,251,261,230,189,170,174,153,123,104,116,86,77,73,72,42,42,40,21,13,19,15,3,8,8,3,4,2,2,1,2,0,0,0,0,1,0,0,0,0,0,0,0,0,0,0,0,0,0,0,0,0,0,0,0,0,0,0,0,0,0,0,0,0,0,0,0,0,0
81.45,0,1,0,0,0,0,0,0,0,0,0,1,0,0,0,0,0,1,1,0,0,1,0,0,1,0,0,1,0,1,1,1,2,0,0,1,1,1,3,2,1,0,2,1,2,1,2,4,2,2,4,2,2,2,2,0,3,3,2,2,3,1,4,6,3,3,6,11,18,22,27,26,30,35,20,32,30,42,32,28,31,40,41,33,37,55,46,46,38,48,35,65,57,54,45,49,48,64,64,64,69,72,68,97,86,83,106,106,114,100,125,142,123,137,137,148,155,171,148,163,185,188,187,197,194,221,205,202,209,251,214,257,281,266,256,265,278,264,290,272,287,268,332,259,233,281,319,289,248,250,296,265,266,273,273,271,237,304,285,283,326,267,323,303,276,287,300,250,240,255,303,329,262,331,231,246,258,302,283,277,260,256,255,268,261,284,282,280,276,284,291,284,271,306,263,309,252,302,289,329,291,293,287,314,283,303,316,330,319,315,341,309,311,323,301,309,332,357,318,312,320,312,332,318,312,333,300,318,288,287,239,266,251,257,228,191,170,176,153,121,104,116,86,77,73,74,44,42,40,21,13,19,15,3,8,8,3,4,2,2,1,2,0,0,0,0,1,0,0,0,0,0,0,0,0,0,0,0,0,0,0,0,0,0,0,0,0,0,0,0,0,0,0,0,0,0,0,0,0,0
81.55,0,0,0,1,0,0,0,0,0,0,0,0,0,0,0,0,1,0,0,0,0,1,0,0,0,0,0,0,2,0,2,2,1,1,2,0,0,2,3,0,1,0,1,0,2,3,3,1,2,3,1,3,2,3,4,2,3,1,1,4,6,1,2,2,1,1,3,15,11,16,21,17,18,23,20,32,32,26,24,39,38,31,29,42,26,30,40,42,44,42,42,43,54,53,51,53,61,61,58,92,77,89,80,65,89,98,93,108,98,128,122,119,125,133,143,155,166,165,142,166,186,186,186,204,206,202,203,211,220,250,202,255,263,260,283,287,272,289,261,252,275,285,267,271,240,313,290,260,246,257,310,282,260,301,266,274,260,293,299,276,318,301,286,305,287,259,299,254,242,251,291,347,264,307,230,252,262,287,275,277,264,252,267,268,263,284,286,283,268,280,292,282,269,295,250,325,260,304,283,319,300,298,287,309,283,305,318,332,315,319,335,305,311,315,301,309,334,353,314,314,320,310,326,318,308,333,302,320,286,287,239,268,251,259,230,191,170,176,155,120,103,116,86,79,73,74,44,42,40,21,13,19,15,3,8,8,3,4,2,2,1,2,0,0,0,0,1,0,0,0,0,0,0,0,0,0,0,0,0,0,0,0,0,0,0,0,0,0,0,0,0,0,0,0,0,0,0,0,0,0
81.65,0,0,0,0,1,0,0,1,0,0,1,0,0,0,0,0,0,0,0,0,0,0,0,0,0,0,0,2,1,0,2,1,0,2,0,2,3,0,2,2,2,2,3,2,1,5,2,0,0,4,3,2,2,1,2,2,4,2,1,1,1,3,4,2,2,3,4,10,20,25,25,35,22,26,25,24,24,27,35,39,28,33,44,44,34,45,41,35,59,44,46,40,60,56,40,60,75,64,51,64,64,67,68,98,85,83,81,105,119,116,114,101,116,151,136,161,148,153,168,156,185,166,180,208,195,219,200,219,219,240,207,249,283,236,265,273,272,291,283,248,252,270,262,266,265,342,308,258,241,263,320,332,271,278,269,259,243,313,318,272,323,280,288,284,319,243,290,257,235,260,288,330,291,295,228,244,258,293,274,277,264,247,269,275,279,287,288,273,276,290,290,276,280,288,252,313,256,302,278,318,296,306,284,312,279,307,322,330,309,319,333,307,307,313,309,309,334,355,312,316,318,304,324,318,310,337,302,324,294,287,239,268,248,258,230,191,172,178,155,120,103,116,86,77,73,74,44,42,40,21,13,19,15,3,8,8,3,4,2,2,1,2,0,0,0,0,1,0,0,0,0,0,0,0,0,0,0,0,0,0,0,0,0,0,0,0,0,0,0,0,0,0,0,0,0,0,0,0,0,0
81.75,0,0,0,0,0,0,0,0,0,0,0,0,0,1,0,0,0,1,0,0,0,1,1,0,1,1,1,1,1,0,0,3,0,0,0,3,1,1,0,1,3,2,2,1,5,2,3,2,5,3,2,3,3,2,5,3,2,1,2,3,3,7,0,1,3,8,7,10,14,23,16,21,19,23,21,23,18,27,34,40,29,32,30,50,38,38,30,39,53,39,45,54,47,52,53,63,63,52,59,72,67,86,74,68,87,107,93,89,104,101,131,138,110,146,137,150,155,138,175,157,190,171,182,200,207,207,206,199,216,234,225,243,261,240,258,284,278,273,269,248,250,276,269,251,262,279,325,261,256,295,332,354,272,269,253,257,234,290,292,279,296,285,293,283,296,231,294,250,231,260,282,312,301,305,231,242,274,295,276,273,261,240,258,290,288,283,292,274,278,284,281,269,280,291,262,319,258,296,280,314,286,300,286,314,283,301,324,336,309,321,331,305,305,311,311,307,334,355,318,316,318,306,326,314,310,343,302,328,298,288,240,270,248,258,230,189,172,178,155,120,103,116,86,77,73,74,44,44,40,21,13,19,15,3,8,8,3,4,2,2,1,2,0,0,0,0,1,0,0,0,0,0,0,0,0,0,0,0,0,0,0,0,0,0,0,0,0,0,0,0,0,0,0,0,0,0,0,0,0,0
81.85,1,1,0,0,1,0,0,0,0,0,0,0,0,0,0,1,0,0,0,0,0,0,0,2,1,2,0,0,0,1,0,1,2,0,0,2,3,1,1,1,0,0,5,4,2,3,0,0,2,1,1,2,4,3,1,0,5,3,3,4,3,2,3,3,0,6,8,14,11,22,24,18,18,27,22,26,34,30,30,25,37,33,34,32,34,34,42,54,50,47,31,46,60,60,66,61,64,62,70,75,79,75,87,85,75,83,96,105,109,140,115,140,120,133,145,158,140,156,175,163,154,175,178,181,220,210,200,205,228,226,227,249,268,258,263,268,276,279,252,268,252,283,271,271,258,287,293,280,241,264,342,288,276,279,266,250,257,275,271,278,292,274,281,288,287,229,297,279,235,259,284,324,297,307,227,242,270,291,274,283,261,241,258,298,282,287,292,280,283,278,285,277,282,287,260,329,249,306,285,317,284,299,290,308,282,294,330,340,311,317,335,301,303,313,313,303,331,360,314,312,316,302,324,317,311,338,299,328,298,288,240,268,250,262,230,187,176,178,155,120,103,116,86,77,73,72,44,44,38,21,13,19,15,3,8,8,3,4,2,2,1,2,0,0,0,0,1,0,0,0,0,0,0,0,0,0,0,0,0,0,0,0,0,0,0,0,0,0,0,0,0,0,0,0,0,0,0,0,0,0
81.95,0,0,0,0,0,0,0,1,0,0,0,0,0,0,0,0,1,0,1,0,0,0,2,1,1,0,1,3,1,1,0,1,1,1,1,1,1,1,3,1,2,3,2,1,3,1,5,4,4,2,2,5,2,3,6,0,2,3,4,2,2,2,7,5,4,4,5,12,16,18,21,24,17,22,35,30,17,24,25,27,33,29,32,29,31,37,41,46,59,50,42,65,62,67,60,58,70,69,75,73,66,79,70,81,75,101,103,95,117,134,124,138,123,137,138,138,144,154,172,166,162,175,177,174,206,195,203,219,232,218,238,251,277,246,273,258,251,274,269,258,251,288,267,274,239,299,282,289,250,245,312,272,289,284,264,251,242,281,275,314,286,282,276,285,324,216,275,270,241,269,309,319,263,317,233,243,260,289,277,276,270,247,253,293,256,285,290,270,295,288,277,287,285,290,255,318,253,312,290,316,288,290,298,312,278,290,318,343,312,317,334,301,303,317,313,298,336,364,318,310,318,304,324,315,311,340,297,330,296,286,240,268,253,260,232,187,172,178,154,120,103,116,86,77,73,72,44,44,38,21,13,19,15,3,8,8,3,4,2,2,1,2,0,0,0,0,1,0,0,0,0,0,0,0,0,0,0,0,0,0,0,0,0,0,0,0,0,0,0,0,0,0,0,0,0,0,0,0,0,0
82.05,0,0,0,0,0,0,0,0,0,0,1,0,0,0,0,2,1,0,0,2,0,0,1,0,0,1,0,1,2,0,1,1,1,2,2,0,1,2,4,1,0,0,0,1,1,3,2,3,3,1,1,3,1,3,3,3,2,4,0,1,0,5,5,2,1,1,6,8,16,20,27,22,23,32,28,31,22,30,33,34,25,25,30,36,35,35,39,45,49,43,62,47,58,50,64,56,56,54,90,73,80,71,88,80,99,106,105,99,91,124,116,123,138,149,153,138,148,174,168,177,160,172,182,167,214,191,196,216,230,232,227,243,262,245,245,256,272,252,263,258,253,287,274,271,246,275,287,273,275,242,329,267,286,302,256,254,237,281,275,299,287,294,260,277,333,246,268,278,256,264,308,322,264,315,232,243,248,299,282,278,286,244,252,274,260,278,288,273,295,290,282,273,283,282,259,306,249,310,291,315,288,296,296,324,276,293,317,336,311,319,338,305,303,327,310,300,337,368,316,320,320,304,324,317,313,340,301,334,296,284,240,268,255,262,232,187,172,178,154,120,103,116,86,75,73,72,44,44,38,21,13,19,15,3,8,8,3,4,2,2,1,2,0,0,0,0,1,0,0,0,0,0,0,0,0,0,0,0,0,0,0,0,0,0,0,0,0,0,0,0,0,0,0,0,0,0,0,0,0,0
82.15,1,0,0,0,0,0,0,1,0,0,1,0,1,1,0,0,0,2,0,0,1,0,1,1,0,0,0,2,1,0,0,1,1,1,0,1,0,0,1,1,1,1,2,2,1,4,2,0,3,3,3,2,5,4,0,3,2,2,3,4,2,4,2,6,7,5,4,22,19,19,23,21,16,17,25,30,22,32,25,38,38,36,28,43,34,45,42,44,43,49,58,57,57,69,49,64,72,73,70,69,77,81,95,94,92,91,86,84,134,97,104,125,137,134,149,138,172,170,157,159,180,160,187,194,197,189,202,205,226,223,242,239,249,242,251,242,267,256,268,246,256,280,296,261,272,279,293,276,275,252,311,287,295,280,243,253,236,279,270,302,280,294,264,276,318,254,269,275,247,273,294,320,273,299,230,259,237,302,303,284,282,243,254,283,257,272,280,267,283,302,292,281,281,285,268,312,249,310,293,319,282,302,289,324,284,297,311,330,313,316,329,307,295,331,312,306,331,366,318,318,316,306,324,319,315,343,304,340,294,286,240,267,252,258,232,187,172,176,154,118,102,117,86,75,73,72,44,44,38,21,13,19,15,3,8,8,3,4,2,2,1,2,0,0,0,0,1,0,0,0,0,0,0,0,0,0,0,0,0,0,0,0,0,0,0,0,0,0,0,0,0,0,0,0,0,0,0,0,0,0
82.25,0,0,0,0,0,0,0,0,0,0,0,1,0,0,0,0,0,1,0,0,0,0,1,1,1,0,3,0,1,0,1,2,1,2,2,0,1,2,2,0,2,1,2,2,1,3,2,1,4,5,2,3,3,3,3,4,4,2,3,1,2,4,1,1,2,8,4,14,15,21,13,24,21,15,19,29,34,30,27,25,23,36,39,22,35,31,46,41,35,41,49,52,55,42,53,59,66,49,60,71,85,78,79,82,91,102,95,101,110,114,130,99,119,138,137,150,157,163,172,177,179,141,187,199,179,194,215,221,228,216,236,257,244,267,275,239,252,275,263,273,237,266,268,263,251,278,289,276,288,252,301,283,312,293,243,253,254,282,272,292,310,284,273,300,319,240,251,282,253,255,300,342,276,278,239,232,231,327,304,280,277,244,248,291,257,268,267,279,268,300,288,275,280,304,265,319,245,306,286,320,277,295,301,326,297,290,311,328,319,310,331,309,299,327,310,300,333,362,316,314,315,305,324,317,315,337,304,340,294,288,240,266,252,260,232,187,172,176,154,118,102,115,86,75,75,72,44,42,38,21,13,19,15,3,8,8,3,4,2,2,1,2,0,0,0,0,1,0,0,0,0,0,0,0,0,0,0,0,0,0,0,0,0,0,0,0,0,0,0,0,0,0,0,0,0,0,0,0,0,0
82.35,0,0,1,1,0,0,0,0,0,0,0,0,1,0,0,0,0,0,0,0,0,0,0,0,2,1,0,0,1,1,0,0,0,1,0,0,2,2,0,3,2,1,2,1,3,1,4,3,2,2,2,3,5,1,1,3,3,0,3,6,2,3,2,3,2,1,6,15,17,16,23,18,22,24,21,21,17,33,25,30,23,27,21,31,35,39,43,37,39,38,51,51,50,52,56,76,62,69,64,57,76,69,75,90,98,92,102,114,102,130,126,105,130,150,125,117,162,156,180,171,190,174,181,192,179,214,197,217,236,216,255,273,249,272,283,244,247,299,264,226,248,276,272,266,265,265,275,281,270,234,317,273,279,284,247,263,249,298,276,281,328,302,286,279,290,225,258,273,265,277,279,312,286,276,239,228,221,313,293,295,280,242,243,301,254,270,269,278,273,294,282,269,278,295,268,327,247,300,290,326,279,299,301,322,289,288,305,324,313,310,327,307,293,325,316,300,333,362,314,315,321,305,322,315,315,339,306,340,294,284,238,264,252,260,230,185,172,172,154,118,102,115,86,77,77,70,44,42,38,21,13,19,15,3,8,8,3,4,2,2,1,2,0,0,0,0,1,0,0,0,0,0,0,0,0,0,0,0,0,0,0,0,0,0,0,0,0,0,0,0,0,0,0,0,0,0,0,0,0,0
82.45,0,1,0,0,0,0,0,0,0,0,1,1,0,0,0,1,0,0,0,0,0,0,0,1,0,1,1,2,0,1,0,0,1,0,0,1,1,2,3,3,1,1,1,7,1,0,3,0,2,2,1,5,4,2,5,0,1,4,0,3,3,1,6,3,4,1,5,12,25,21,20,30,17,29,21,23,27,26,38,30,33,43,31,37,43,41,36,50,49,50,43,38,63,58,44,64,55,62,55,78,80,73,61,116,89,88,106,131,117,101,119,123,139,117,133,133,149,155,174,182,194,173,180,196,164,206,188,228,230,207,266,234,231,264,250,241,258,275,257,244,256,289,269,272,258,268,289,279,261,248,304,282,290,286,247,269,249,285,283,291,298,337,281,293,277,208,249,285,269,286,278,298,270,271,235,228,238,316,295,303,284,230,251,295,260,279,275,271,266,289,272,277,272,294,259,337,255,308,278,328,284,303,293,324,294,289,299,321,312,312,329,305,291,330,311,304,333,362,314,311,317,305,320,313,319,339,310,340,292,282,240,262,251,257,232,185,172,172,152,118,102,115,88,77,77,70,44,42,38,21,13,19,15,3,8,8,3,4,2,2,1,2,0,0,0,0,1,0,0,0,0,0,0,0,0,0,0,0,0,0,0,0,0,0,0,0,0,0,0,0,0,0,0,0,0,0,0,0,0,0
82.55,0,0,0,0,0,0,0,2,0,0,0,0,1,0,1,0,1,0,0,0,0,0,1,0,1,0,1,0,0,1,0,0,0,1,2,2,1,1,1,1,0,2,2,2,4,3,8,3,0,2,0,3,4,4,1,2,4,2,2,3,7,2,3,3,1,6,6,13,23,17,17,20,31,27,27,24,39,25,41,29,32,34,39,46,33,35,29,50,38,52,52,56,54,59,44,60,59,51,83,71,63,77,75,101,86,105,98,111,116,108,129,113,120,102,130,156,156,158,165,180,184,183,175,201,179,189,188,213,208,230,227,246,230,260,261,249,255,285,248,223,253,276,263,259,259,267,290,258,263,229,292,266,288,313,245,247,233,285,319,292,294,319,270,306,272,211,252,295,247,301,294,301,272,268,237,224,244,299,307,301,276,232,256,278,268,283,278,276,276,299,273,272,272,282,253,329,259,304,280,326,288,299,285,328,290,291,301,319,310,315,334,307,293,326,307,300,337,364,310,309,319,312,316,313,323,339,310,338,288,278,244,260,249,255,232,185,172,174,152,118,102,115,88,79,77,72,44,42,38,21,13,19,15,3,8,8,3,4,2,2,1,2,0,0,0,0,1,0,0,0,0,0,0,0,0,0,0,0,0,0,0,0,0,0,0,0,0,0,0,0,0,0,0,0,0,0,0,0,0,0
82.65,0,0,1,0,0,0,0,0,1,0,1,0,0,0,0,1,0,1,2,0,0,0,2,0,1,1,1,0,1,2,0,0,0,0,1,1,1,2,1,0,2,2,1,2,2,3,5,3,3,2,0,2,3,5,2,0,2,4,5,1,0,0,2,4,0,3,2,11,27,21,23,21,24,24,26,20,24,15,31,37,32,42,41,35,43,48,47,37,43,47,40,48,63,46,63,44,55,59,70,74,70,65,93,93,103,105,112,106,102,127,114,132,128,131,117,163,164,150,137,209,184,183,168,191,180,195,184,237,225,227,234,214,234,274,235,228,276,259,253,236,256,266,256,260,262,279,299,275,252,234,281,254,276,281,248,269,233,315,334,284,272,331,273,316,282,206,249,280,229,332,271,298,296,279,240,228,240,299,317,300,266,239,244,272,256,275,280,271,276,312,273,277,275,278,253,319,261,306,286,332,280,289,287,331,287,291,303,325,312,325,326,311,293,318,305,304,336,362,306,313,315,312,314,313,323,339,312,338,288,278,244,258,253,255,232,185,170,172,152,116,102,115,88,79,77,72,44,42,38,21,13,19,15,3,8,8,3,4,2,2,1,2,0,0,0,0,1,0,0,0,0,0,0,0,0,0,0,0,0,0,0,0,0,0,0,0,0,0,0,0,0,0,0,0,0,0,0,0,0,0
82.75,0,0,0,0,0,0,0,0,1,0,0,0,0,0,1,1,0,0,1,1,1,1,0,0,1,1,0,1,3,1,1,0,1,1,1,1,1,1,1,2,2,4,0,4,4,3,1,4,3,2,2,0,6,2,3,2,4,3,6,4,1,3,3,3,3,3,3,11,16,22,18,23,22,24,21,29,23,31,33,27,35,34,25,38,37,39,35,42,50,47,36,57,48,60,58,52,60,60,75,78,89,82,64,102,79,100,104,117,123,122,113,108,129,136,123,145,157,167,151,179,186,169,192,181,173,197,189,225,223,214,209,209,251,269,226,255,269,276,270,236,250,258,246,266,264,266,301,277,292,249,280,256,280,287,246,261,251,292,283,288,278,330,269,303,266,215,251,281,235,328,262,285,313,277,233,223,239,301,311,304,272,222,251,280,258,280,275,271,266,315,274,273,279,278,249,315,263,302,292,328,288,292,284,327,285,281,307,331,306,327,314,313,291,314,301,297,337,356,304,313,315,312,322,317,321,341,314,338,284,276,246,258,251,255,230,185,168,168,152,118,102,115,86,79,77,72,44,42,38,21,13,19,15,3,8,8,3,4,2,2,1,2,0,0,0,0,1,0,0,0,0,0,0,0,0,0,0,0,0,0,0,0,0,0,0,0,0,0,0,0,0,0,0,0,0,0,0,0,0,0
82.85,0,0,0,0,1,0,0,0,0,0,0,0,0,0,1,0,0,1,0,2,0,1,2,0,0,1,0,2,0,0,0,1,1,0,1,1,0,0,1,4,2,2,3,0,2,1,4,5,3,2,2,6,4,4,3,6,0,4,5,0,3,5,4,5,3,3,7,17,27,20,21,23,20,17,20,16,26,27,35,31,26,35,34,47,32,41,36,43,47,43,48,44,48,49,54,68,47,63,66,72,81,87,70,101,93,90,117,107,111,114,111,112,130,146,134,160,156,150,169,153,182,182,195,191,187,186,189,215,201,209,231,212,229,260,223,249,286,272,249,243,252,271,248,249,279,277,261,272,280,241,294,250,280,272,248,245,237,299,293,288,309,291,278,286,275,238,258,280,234,314,270,280,272,281,237,221,234,307,289,304,273,226,253,274,264,268,272,276,268,330,278,274,279,267,248,321,267,305,293,327,277,292,282,329,287,282,308,339,308,317,316,313,299,316,297,295,329,353,307,315,309,313,322,316,321,339,312,336,288,279,243,258,251,255,230,185,168,168,152,120,100,115,84,79,77,72,44,42,38,21,13,19,15,3,8,8,3,4,2,2,1,2,0,0,0,0,1,0,0,0,0,0,0,0,0,0,0,0,0,0,0,0,0,0,0,0,0,0,0,0,0,0,0,0,0,0,0,0,0,0
82.95,0,0,0,0,0,0,0,0,0,0,1,2,0,0,1,0,1,0,1,1,0,0,0,0,1,1,1,0,0,0,0,0,0,1,1,0,4,0,1,3,2,1,1,2,0,2,3,4,1,1,0,3,3,5,3,1,1,2,2,3,2,2,4,4,3,3,4,8,25,25,13,26,19,17,35,35,36,24,39,30,37,27,31,33,28,34,39,55,59,45,49,64,57,56,75,67,54,53,57,72,75,75,78,83,102,93,95,83,128,122,106,110,136,134,153,125,185,143,163,155,175,168,189,193,174,183,202,201,190,201,243,209,231,256,221,262,294,269,237,265,264,271,290,247,289,285,271,268,274,236,285,261,284,271,259,253,263,297,321,326,298,273,273,267,258,242,255,266,245,299,255,289,264,284,235,229,233,316,311,316,273,234,252,282,280,276,272,279,263,318,268,272,271,255,250,317,265,305,296,318,289,284,282,329,287,284,306,333,310,315,320,307,295,314,304,294,328,355,305,313,313,312,316,318,321,337,310,339,282,281,243,258,253,253,230,185,170,168,154,118,100,115,84,77,77,72,44,42,36,21,13,19,15,3,8,8,3,4,2,2,1,2,0,0,0,0,1,0,0,0,0,0,0,0,0,0,0,0,0,0,0,0,0,0,0,0,0,0,0,0,0,0,0,0,0,0,0,0,0,0
83.05,0,0,1,0,0,0,2,0,0,0,0,0,0,0,0,0,1,1,0,1,2,0,1,0,1,0,0,0,0,0,0,0,1,0,2,1,0,2,1,0,2,4,0,1,2,1,0,2,4,3,3,3,0,1,2,2,6,5,2,2,2,0,1,6,3,4,4,12,17,16,33,27,22,30,22,21,29,28,29,25,33,39,33,36,36,41,55,40,49,40,46,48,43,61,63,80,62,55,58,76,52,67,68,87,78,97,105,113,130,98,114,129,118,147,158,143,138,165,177,149,172,165,178,196,185,178,210,197,209,203,227,207,220,243,236,240,274,260,243,235,249,265,277,250,273,290,264,290,261,229,291,259,267,270,250,250,283,323,283,319,286,259,286,283,256,219,274,265,257,293,261,302,256,294,241,229,246,312,308,316,269,232,240,281,271,275,263,278,266,316,276,274,275,257,250,314,253,302,294,306,285,295,289,323,283,282,308,337,305,318,316,307,303,314,306,298,330,355,305,315,311,312,320,323,318,345,310,337,284,283,243,260,253,253,230,183,170,168,154,120,100,117,84,77,77,72,44,42,36,21,13,19,15,3,8,8,3,4,2,2,1,2,0,0,0,0,1,0,0,0,0,0,0,0,0,0,0,0,0,0,0,0,0,0,0,0,0,0,0,0,0,0,0,0,0,0,0,0,0,0
83.15,0,0,0,1,0,0,0,0,0,1,0,0,2,0,1,0,1,0,0,0,1,1,1,0,1,2,0,0,0,0,2,1,2,1,1,4,1,0,1,3,1,4,1,2,0,3,6,3,3,3,0,1,1,1,3,3,3,2,0,1,2,1,0,5,0,2,2,10,18,15,26,27,27,20,22,24,21,31,16,30,30,28,39,40,44,34,36,48,45,49,37,62,53,52,48,59,62,64,77,88,84,72,68,78,95,93,104,110,107,113,125,119,135,143,128,163,127,165,160,156,156,162,175,207,197,170,220,187,177,206,236,211,217,254,216,222,264,242,257,241,247,255,272,246,271,307,250,289,257,218,306,248,276,279,239,260,256,299,267,337,292,254,299,284,257,242,319,289,257,308,257,275,261,305,237,233,234,289,297,298,272,221,248,274,272,284,267,280,269,311,278,268,279,257,257,319,255,305,285,308,283,297,289,325,292,284,313,335,305,321,317,311,307,314,312,292,330,355,305,319,311,312,320,325,320,343,313,335,287,281,245,260,253,251,226,185,170,170,154,120,100,117,84,77,75,72,44,42,36,21,13,19,15,3,8,8,3,4,2,2,1,2,0,0,0,0,1,0,0,0,0,0,0,0,0,0,0,0,0,0,0,0,0,0,0,0,0,0,0,0,0,0,0,0,0,0,0,0,0,0
83.25,0,0,0,0,0,0,0,0,0,0,0,1,0,1,0,0,0,0,1,0,0,1,0,0,0,1,0,1,3,0,0,0,4,3,1,0,0,2,1,5,2,3,3,1,1,0,3,3,1,3,4,2,1,6,2,3,2,1,2,3,3,1,4,4,2,3,4,6,19,14,13,24,19,16,22,19,22,23,34,31,32,33,31,38,38,41,40,40,46,38,40,50,40,55,58,51,65,61,70,82,76,69,71,104,97,91,99,88,107,102,126,120,138,137,144,183,135,155,148,160,158,167,169,211,190,180,210,176,190,199,211,207,222,254,212,225,248,270,243,231,259,264,262,257,273,294,262,266,283,220,305,246,275,270,273,275,239,300,272,301,280,257,280,273,259,210,300,261,247,333,263,281,274,330,245,219,233,299,297,298,268,235,262,286,280,278,267,284,272,303,271,259,273,259,253,331,259,303,290,317,283,299,285,325,284,294,307,333,305,313,317,315,303,318,312,294,334,358,304,317,313,312,320,323,324,343,311,333,287,279,245,260,253,253,226,189,170,170,154,120,102,117,84,77,75,72,44,42,36,21,13,19,15,3,8,8,3,4,2,2,1,2,0,0,0,0,1,0,0,0,0,0,0,0,0,0,0,0,0,0,0,0,0,0,0,0,0,0,0,0,0,0,0,0,0,0,0,0,0,0
83.35,0,0,0,0,0,0,0,0,0,0,0,0,0,1,1,0,0,0,0,0,0,1,0,1,0,0,0,1,2,0,1,1,2,0,1,2,1,0,0,3,0,1,7,4,1,3,1,5,2,1,5,5,5,5,4,1,2,3,4,3,3,2,2,3,3,1,4,17,12,27,27,27,26,16,30,34,17,27,31,30,23,40,31,24,39,26,34,38,42,56,54,53,49,42,63,47,51,59,64,67,84,82,93,86,85,87,88,97,135,98,121,112,138,151,153,174,154,151,139,176,150,191,170,209,183,182,213,183,191,193,216,222,212,249,223,219,240,267,257,216,250,262,276,252,249,273,264,271,254,223,287,246,260,261,273,264,246,301,284,313,269,281,272,282,255,210,279,267,233,307,251,301,284,307,250,226,228,318,286,303,274,237,263,295,253,273,276,277,265,283,275,269,277,251,255,319,262,304,285,321,279,305,291,319,276,292,305,331,309,309,315,317,307,318,312,292,332,356,300,315,313,312,318,321,323,347,309,332,287,281,245,260,251,253,226,189,170,170,154,120,102,117,84,77,75,72,44,42,36,21,13,19,15,3,8,8,3,4,2,2,1,2,0,0,0,0,1,0,0,0,0,0,0,0,0,0,0,0,0,0,0,0,0,0,0,0,0,0,0,0,0,0,0,0,0,0,0,0,0,0
83.45,0,0,0,0,0,0,0,0,1,0,0,0,0,1,0,0,0,0,0,0,0,0,1,0,0,0,1,0,2,1,0,1,1,0,1,0,1,1,2,3,3,1,0,3,0,1,2,3,5,3,2,4,1,4,3,4,4,1,4,5,4,4,1,4,3,1,8,8,13,24,24,22,18,27,20,31,21,23,41,33,38,38,32,36,40,36,43,41,42,37,55,40,37,58,48,46,77,70,70,71,89,81,104,96,96,107,95,116,87,115,99,116,136,169,141,155,156,158,155,179,165,167,163,203,191,186,185,193,193,205,217,229,229,251,226,220,249,276,276,231,249,273,252,255,272,266,261,270,268,281,307,260,265,273,246,259,247,296,287,311,295,277,266,267,262,211,260,264,256,286,251,303,287,288,249,240,224,339,279,298,273,236,254,301,248,278,278,288,262,277,278,270,289,255,254,315,260,307,282,323,273,301,293,315,285,303,309,333,311,313,319,311,303,324,314,290,332,352,306,319,309,310,324,323,321,343,309,334,289,281,247,260,253,253,228,189,170,168,154,120,102,117,84,77,74,72,44,42,36,21,13,19,15,3,8,8,3,4,2,2,1,2,0,0,0,0,1,0,0,0,0,0,0,0,0,0,0,0,0,0,0,0,0,0,0,0,0,0,0,0,0,0,0,0,0,0,0,0,0,0
83.55,0,1,0,0,0,0,0,0,0,0,0,0,1,0,1,0,0,1,1,0,0,0,0,1,1,1,0,0,0,0,1,0,1,1,1,1,2,4,2,0,1,2,2,1,3,0,2,2,1,3,1,1,2,3,0,3,0,1,2,2,3,2,4,2,4,1,6,12,24,33,33,22,20,32,24,23,25,29,31,18,36,33,20,46,39,33,39,38,49,52,46,55,54,61,60,45,73,66,56,68,79,88,82,100,86,79,93,98,122,124,103,135,136,127,152,165,172,149,159,175,170,158,162,192,188,187,205,202,188,201,207,212,225,254,227,219,258,257,273,217,250,277,268,255,275,266,258,293,265,299,284,245,253,281,260,266,254,290,281,305,281,265,298,302,258,221,256,254,239,285,260,293,277,278,280,235,228,356,278,294,279,232,250,318,245,270,268,282,262,291,274,268,283,252,244,317,260,311,286,323,277,299,290,310,287,295,305,337,305,313,315,311,305,326,310,288,336,356,304,321,309,308,324,321,321,341,305,336,289,283,245,260,251,253,228,187,170,168,154,118,102,117,84,77,74,72,44,42,36,21,13,19,15,3,8,8,3,4,2,2,1,2,0,0,0,0,1,0,0,0,0,0,0,0,0,0,0,0,0,0,0,0,0,0,0,0,0,0,0,0,0,0,0,0,0,0,0,0,0,0
83.65,0,0,1,0,0,1,0,0,0,0,0,0,0,0,1,0,1,0,1,0,2,3,0,0,0,0,0,1,1,0,1,0,0,2,1,1,0,0,2,1,2,0,0,1,1,1,1,6,5,1,3,5,0,1,2,4,5,4,1,0,1,4,3,4,2,3,3,17,23,19,28,17,30,22,33,25,26,28,23,49,42,29,40,32,39,42,39,42,39,52,47,50,45,50,60,50,68,70,72,83,74,81,62,93,78,100,91,116,103,112,129,116,125,121,163,157,150,162,157,170,188,145,184,178,183,178,212,209,186,192,202,199,206,240,254,222,241,282,270,238,276,255,258,266,268,278,256,265,282,273,276,248,247,271,277,269,256,304,265,294,287,268,273,295,257,223,253,256,235,278,262,296,270,295,273,236,226,327,278,305,280,230,248,325,243,274,271,286,255,279,278,266,279,254,244,311,264,313,280,315,277,297,292,308,289,297,305,327,305,313,313,307,303,326,310,292,342,356,304,323,309,306,324,323,323,339,307,332,295,283,243,260,251,253,228,185,170,168,156,118,102,117,84,77,74,72,44,42,36,21,13,19,15,3,8,8,3,4,2,2,1,2,0,0,0,0,1,0,0,0,0,0,0,0,0,0,0,0,0,0,0,0,0,0,0,0,0,0,0,0,0,0,0,0,0,0,0,0,0,0
83.75,0,0,0,0,0,0,0,0,0,0,0,1,0,1,1,0,0,0,0,1,0,1,0,0,0,0,0,3,0,1,0,1,2,0,0,1,0,1,1,3,0,2,2,2,2,1,4,2,0,6,3,3,1,3,5,2,4,2,4,0,3,1,1,8,2,1,7,19,9,21,17,20,16,22,27,24,20,33,31,39,30,24,52,29,34,36,37,41,44,38,44,45,39,35,50,43,58,69,72,75,61,74,83,82,80,83,102,101,105,109,128,122,122,132,145,125,157,170,165,160,173,158,185,185,184,195,191,209,177,196,209,201,207,244,223,216,254,291,277,211,257,300,274,261,263,285,264,263,306,230,272,239,275,267,257,248,261,301,282,335,307,257,275,291,264,234,254,253,231,298,254,280,269,291,267,243,232,347,278,315,268,227,254,319,255,271,283,280,259,279,270,268,285,250,252,313,262,313,281,326,279,291,293,307,279,297,305,329,311,315,317,301,309,328,310,298,344,352,310,319,315,306,326,331,325,339,309,334,291,281,241,262,251,255,228,185,173,166,158,116,102,117,84,77,74,72,44,42,36,21,13,19,15,3,8,8,3,4,2,2,1,2,0,0,0,0,1,0,0,0,0,0,0,0,0,0,0,0,0,0,0,0,0,0,0,0,0,0,0,0,0,0,0,0,0,0,0,0,0,0
83.85,0,0,1,0,0,0,0,0,2,0,0,0,0,0,0,0,0,0,0,0,1,1,0,1,0,0,2,1,0,1,2,3,0,0,1,0,2,1,0,2,0,3,2,1,1,0,1,1,2,1,0,2,4,3,6,2,1,7,3,1,2,5,5,3,5,4,2,16,19,21,18,18,27,19,26,21,25,28,27,37,27,33,29,48,43,42,37,41,43,33,45,43,52,65,49,58,61,69,68,73,68,80,68,80,83,93,103,112,115,114,124,120,142,136,122,156,153,161,158,172,162,175,168,186,179,196,199,219,186,204,222,190,215,238,245,205,245,261,271,224,245,282,272,268,270,279,264,255,255,241,271,257,270,263,277,249,257,303,284,306,292,255,263,289,271,228,275,254,233,298,256,276,280,283,261,234,233,357,283,336,273,232,257,287,247,279,282,272,268,279,271,275,279,257,255,327,254,309,281,324,289,287,290,310,295,288,308,327,314,323,320,298,302,328,314,300,340,352,314,315,317,302,328,333,327,339,307,328,293,285,243,262,251,253,228,181,173,168,158,118,102,117,84,77,74,70,44,42,36,21,13,19,15,3,6,8,3,4,2,2,1,2,0,0,0,0,1,0,0,0,0,0,0,0,0,0,0,0,0,0,0,0,0,0,0,0,0,0,0,0,0,0,0,0,0,0,0,0,0,0
83.95,0,0,0,0,0,0,0,0,0,0,1,1,0,0,0,0,0,1,0,0,0,0,0,0,1,2,1,0,3,2,1,1,2,1,0,3,1,2,1,0,0,3,3,3,1,5,1,4,4,4,1,4,3,0,3,0,5,6,3,4,3,2,3,3,2,7,5,10,25,16,28,24,23,34,23,32,27,20,30,29,31,24,37,42,32,35,47,38,33,46,39,63,56,64,59,68,71,60,61,69,80,86,89,79,84,96,99,102,95,127,114,136,137,132,139,132,141,176,153,169,158,163,168,194,194,191,199,221,183,183,207,186,214,230,238,226,229,255,286,248,256,246,245,275,261,271,257,240,287,257,285,244,259,272,249,242,258,321,297,302,288,242,262,265,264,226,251,251,232,278,259,290,281,289,254,230,250,344,287,306,274,228,267,294,254,276,278,278,270,272,272,267,269,261,247,323,270,307,281,323,287,299,290,316,291,296,318,329,316,329,320,294,302,320,314,300,340,352,314,305,319,300,328,331,321,343,311,328,295,283,245,260,251,255,228,181,175,168,158,118,102,117,84,77,76,70,44,42,36,21,13,19,15,3,6,8,3,4,2,2,1,2,0,0,0,0,1,0,0,0,0,0,0,0,0,0,0,0,0,0,0,0,0,0,0,0,0,0,0,0,0,0,0,0,0,0,0,0,0,0
84.05,0,0,0,0,0,0,0,0,0,0,0,1,0,0,0,0,0,0,0,1,0,0,1,0,0,0,2,1,0,2,2,2,1,2,0,0,1,2,2,2,0,6,2,0,2,2,3,4,1,3,0,2,2,3,2,2,4,4,5,2,0,2,5,5,3,6,3,7,9,14,23,27,26,23,23,27,26,16,32,40,35,48,26,32,36,44,35,41,45,37,37,51,54,60,66,69,65,78,57,78,74,68,90,94,96,96,88,114,118,101,113,149,147,119,153,126,152,172,150,153,170,171,178,181,185,194,216,227,188,184,207,186,212,240,223,210,231,273,254,231,257,266,251,261,258,272,272,264,240,243,270,248,251,287,281,250,278,296,288,275,309,237,279,270,261,243,253,254,226,297,263,281,271,285,278,236,244,323,290,311,271,228,249,302,252,269,273,281,254,271,276,262,269,257,248,318,260,307,283,323,281,295,293,321,289,298,320,333,308,325,320,298,300,320,312,298,338,352,316,303,317,296,328,331,319,339,311,326,298,283,245,259,247,255,224,181,175,168,158,118,102,119,84,77,76,68,44,42,36,21,13,19,15,3,6,8,3,4,2,2,1,2,0,0,0,0,1,0,0,0,0,0,0,0,0,0,0,0,0,0,0,0,0,0,0,0,0,0,0,0,0,0,0,0,0,0,0,0,0,0
84.15,0,0,0,0,1,0,1,0,0,0,0,0,1,1,1,3,0,0,1,1,0,0,0,0,2,0,0,0,1,0,1,0,0,1,0,2,1,1,0,3,4,2,4,7,0,1,6,1,4,4,1,2,4,4,1,1,2,4,3,3,2,1,3,2,4,4,10,17,17,18,25,24,28,26,27,25,20,28,28,24,31,27,33,24,41,35,43,37,49,47,43,58,50,48,49,54,70,78,62,68,70,78,78,85,107,109,106,111,94,111,122,126,154,145,133,140,133,158,143,155,169,177,178,183,161,184,200,222,199,191,203,191,224,228,248,226,237,259,235,221,250,236,247,286,262,278,267,266,250,241,310,264,248,286,273,234,274,313,266,285,314,246,265,267,270,217,264,260,241,297,263,293,267,292,276,237,250,311,288,305,267,226,243,298,249,268,280,280,254,277,277,270,268,261,251,311,260,306,287,317,269,295,296,324,285,284,320,329,312,317,324,302,296,322,314,300,334,352,310,299,319,296,326,331,315,331,311,326,300,285,245,257,249,253,224,181,175,168,158,118,102,119,86,79,76,66,44,44,36,21,13,19,15,3,6,8,3,4,2,2,1,2,0,0,0,0,1,0,0,0,0,0,0,0,0,0,0,0,0,0,0,0,0,0,0,0,0,0,0,0,0,0,0,0,0,0,0,0,0,0
84.25,0,0,0,0,0,0,0,1,0,0,1,0,0,0,0,0,0,1,0,0,0,1,0,1,0,2,1,0,0,1,1,0,0,0,0,0,2,0,1,0,0,1,1,4,3,5,3,2,3,3,4,1,1,4,1,4,5,1,2,4,1,7,0,5,4,1,3,11,14,20,26,27,23,33,18,31,29,25,26,39,29,34,25,41,34,48,46,52,35,40,43,49,50,48,52,65,50,63,71,72,78,79,83,78,92,103,121,118,104,122,135,123,139,137,134,143,130,160,148,149,170,179,174,175,170,194,187,210,184,190,197,202,246,207,231,226,240,260,240,220,264,235,253,261,291,293,261,296,247,230,290,262,265,285,242,228,311,299,275,283,338,246,291,274,264,238,259,273,249,280,266,281,270,276,246,232,262,306,301,273,272,226,251,294,265,270,284,279,263,268,275,262,262,256,254,303,262,310,285,321,275,289,290,327,280,282,318,333,312,322,315,302,296,322,306,304,334,356,311,309,319,300,327,332,314,329,311,324,302,287,247,257,253,255,224,181,175,170,160,118,102,119,86,79,76,66,46,44,36,21,13,19,15,3,6,8,3,4,2,2,1,2,0,0,0,0,1,0,0,0,0,0,0,0,0,0,0,0,0,0,0,0,0,0,0,0,0,0,0,0,0,0,0,0,0,0,0,0,0,0
84.35,0,0,0,0,1,0,0,0,0,0,0,0,0,0,1,0,0,1,0,1,0,0,1,1,0,0,0,0,3,1,0,0,0,2,0,0,2,1,1,0,1,4,3,2,3,3,1,1,1,3,3,3,3,5,4,2,4,6,2,6,2,4,6,2,3,3,4,6,19,22,24,21,18,27,14,23,32,20,18,24,32,23,38,34,41,42,40,49,37,28,43,49,52,43,45,51,62,48,74,65,80,79,84,92,80,98,105,112,134,116,130,141,141,145,148,122,127,149,155,146,157,173,185,173,188,207,177,192,205,192,220,206,201,214,228,207,236,272,224,210,257,241,254,286,293,273,247,263,244,240,288,235,263,261,247,236,291,288,275,292,296,244,282,284,252,218,256,267,241,278,251,287,270,284,234,232,262,289,326,275,272,236,253,278,265,272,278,283,267,278,271,258,266,254,246,309,254,310,293,319,281,295,286,315,284,288,306,339,306,318,311,304,290,320,304,310,336,354,315,309,323,302,323,332,314,329,311,322,305,287,245,257,251,254,224,181,177,170,160,118,102,119,86,79,76,66,46,44,36,21,13,19,15,3,6,8,3,4,2,2,1,2,0,0,0,0,1,0,0,0,0,0,0,0,0,0,0,0,0,0,0,0,0,0,0,0,0,0,0,0,0,0,0,0,0,0,0,0,0,0
84.45,0,0,0,0,1,0,0,1,0,0,0,0,0,0,0,1,0,0,1,0,0,0,3,0,0,2,0,0,0,0,2,2,2,1,0,1,1,2,1,2,0,4,1,5,1,0,3,2,2,2,2,5,4,4,2,2,2,1,2,2,4,4,2,5,6,4,7,8,14,18,17,33,25,26,20,21,26,25,22,42,32,25,32,41,45,43,38,34,47,39,37,70,44,74,63,76,61,65,81,69,97,72,82,81,93,101,97,110,129,125,147,138,123,147,137,147,145,129,171,162,166,167,190,155,176,184,209,173,199,190,213,208,211,223,230,183,256,279,236,215,257,263,249,302,267,288,239,289,244,259,288,240,263,280,275,222,287,306,263,302,297,243,283,278,261,220,273,262,251,288,267,278,269,295,234,230,249,281,325,254,265,232,245,280,267,282,299,285,263,288,275,264,252,250,244,311,254,308,302,322,277,293,290,323,288,294,308,337,304,320,317,308,292,322,304,304,332,358,309,306,321,302,319,334,314,327,307,322,303,289,247,257,253,256,222,183,173,170,160,118,102,117,86,81,76,66,46,44,36,21,13,19,15,3,6,8,3,4,2,2,1,2,0,0,0,0,1,0,0,0,0,0,0,0,0,0,0,0,0,0,0,0,0,0,0,0,0,0,0,0,0,0,0,0,0,0,0,0,0,0
84.55,0,0,0,0,0,0,0,0,0,0,0,0,0,0,0,0,0,0,1,0,2,0,0,0,2,0,1,0,1,1,0,0,0,4,2,0,1,2,0,1,2,2,1,0,2,4,4,1,3,0,3,2,3,3,5,3,3,3,1,3,6,3,4,3,4,1,3,12,22,11,18,22,31,24,28,26,22,24,36,27,34,33,29,35,31,40,44,45,40,55,45,61,49,57,62,60,72,72,80,57,78,76,66,99,93,98,89,114,117,144,125,141,127,156,137,148,156,135,147,165,168,181,191,161,175,195,182,183,192,192,207,207,195,218,232,189,252,265,242,214,266,244,267,261,269,286,232,280,238,265,295,229,252,283,264,226,271,296,278,296,281,260,278,282,277,226,260,270,260,274,255,292,287,313,229,227,249,279,318,259,266,223,245,278,273,268,309,285,264,272,274,259,258,260,248,317,258,306,296,324,275,301,292,323,282,298,300,329,308,324,319,310,288,324,304,305,327,362,305,304,321,304,325,329,319,324,305,324,303,289,247,259,253,256,220,183,171,170,160,118,102,115,86,81,74,66,46,44,36,21,13,19,15,3,6,8,3,4,2,2,1,2,0,0,0,0,1,0,0,0,0,0,0,0,0,0,0,0,0,0,0,0,0,0,0,0,0,0,0,0,0,0,0,0,0,0,0,0,0,0
84.65,0,0,0,0,0,0,0,0,0,0,0,0,0,1,0,1,0,0,0,1,2,0,1,0,1,2,0,1,1,0,0,1,2,0,3,3,0,0,0,2,0,3,3,3,3,2,4,1,4,2,1,5,3,2,2,3,3,6,1,4,2,1,1,3,4,4,2,12,17,23,21,21,13,36,34,22,22,36,33,27,34,34,31,41,40,38,46,35,38,39,43,52,57,51,54,54,45,65,68,81,80,75,87,82,101,102,85,105,125,118,140,114,143,141,131,172,147,159,142,169,172,179,171,169,175,178,186,199,183,204,215,213,209,207,242,193,236,258,254,222,291,234,237,286,263,261,243,269,237,282,331,218,253,259,254,225,269,299,254,289,286,251,270,269,276,217,257,268,284,279,262,319,295,317,226,230,265,275,329,261,268,232,248,289,285,269,311,270,270,278,264,273,260,256,244,321,258,306,302,316,281,303,294,319,282,297,300,331,303,325,319,314,292,326,306,303,323,364,301,302,321,300,319,329,321,326,307,324,301,287,246,256,259,254,220,181,173,172,160,118,102,115,86,81,74,66,46,44,36,21,13,19,15,3,6,8,3,4,2,2,1,2,0,0,0,0,1,0,0,0,0,0,0,0,0,0,0,0,0,0,0,0,0,0,0,0,0,0,0,0,0,0,0,0,0,0,0,0,0,0
84.75,0,0,0,0,0,0,0,1,0,1,1,0,0,1,1,0,0,0,1,0,1,0,0,0,0,2,0,0,1,1,0,0,0,3,1,1,0,1,1,1,2,1,1,1,2,4,3,2,1,1,3,0,0,5,4,3,5,3,1,4,1,1,1,3,2,6,2,13,20,25,24,23,22,24,29,22,35,28,29,31,37,36,34,32,35,45,34,50,39,37,37,27,42,49,42,50,62,68,70,71,85,95,100,90,78,92,121,104,116,124,135,117,137,130,155,158,144,163,147,161,181,179,162,165,183,177,186,195,188,185,193,189,201,216,243,191,254,270,246,272,263,238,254,266,256,270,247,236,233,245,335,246,241,269,259,230,263,290,248,274,291,246,286,257,288,227,247,252,262,267,246,349,290,275,235,225,256,277,320,267,270,232,246,289,273,277,286,277,259,285,279,276,254,258,242,326,251,310,290,316,285,295,294,325,282,293,306,331,305,324,310,312,294,326,300,301,325,360,301,304,319,298,323,331,321,326,309,322,297,285,246,256,255,256,216,181,173,174,160,118,102,115,86,79,74,66,46,44,36,21,13,19,15,3,6,8,3,4,2,2,1,2,0,0,0,0,1,0,0,0,0,0,0,0,0,0,0,0,0,0,0,0,0,0,0,0,0,0,0,0,0,0,0,0,0,0,0,0,0,0
84.85,1,1,0,0,1,0,0,2,0,0,0,0,0,1,0,1,0,2,1,0,0,1,0,0,1,1,1,0,1,1,1,1,3,1,1,0,4,0,1,2,0,3,2,2,1,1,1,2,1,3,1,1,1,3,0,1,0,3,0,5,3,2,4,3,4,5,2,17,13,14,14,20,22,20,31,20,27,17,32,26,27,28,40,25,30,30,37,48,39,39,44,43,42,59,71,64,72,65,87,69,85,82,80,84,93,107,108,126,105,120,114,132,149,144,149,146,157,153,168,157,169,188,171,158,178,186,187,186,196,185,188,200,208,208,235,190,258,281,221,219,267,251,263,243,268,255,273,241,233,251,307,255,237,265,258,240,293,311,293,297,303,246,282,270,327,232,247,273,230,273,256,344,272,286,241,234,247,276,310,289,266,224,246,285,281,269,284,267,261,284,278,267,262,254,244,318,267,306,296,308,279,297,306,321,284,293,308,329,305,328,311,313,298,320,304,303,327,358,301,304,319,302,327,329,317,326,307,323,298,283,244,256,255,252,216,181,171,174,160,118,102,115,86,79,74,68,46,44,36,21,13,19,15,3,6,8,3,4,2,2,1,2,0,0,0,0,1,0,0,0,0,0,0,0,0,0,0,0,0,0,0,0,0,0,0,0,0,0,0,0,0,0,0,0,0,0,0,0,0,0
84.95,0,0,1,0,0,1,1,0,2,0,0,0,0,0,0,0,0,0,0,0,1,0,0,0,1,0,0,0,1,2,1,3,1,0,1,0,1,4,2,3,2,2,2,0,1,2,3,4,3,3,4,0,4,2,4,2,2,3,5,2,3,3,0,1,1,5,5,13,26,17,20,26,12,20,17,31,20,24,26,37,25,29,40,39,21,39,38,45,38,52,47,53,67,71,58,65,64,59,71,73,83,78,94,92,85,102,92,99,117,91,120,143,151,145,138,151,146,154,156,170,164,198,175,175,183,197,180,202,197,179,192,213,199,232,225,200,247,312,212,212,268,246,268,252,243,259,256,243,240,250,285,280,258,244,259,226,256,309,269,317,305,234,270,260,275,233,243,259,235,279,255,316,255,279,233,226,225,278,328,307,264,224,248,279,296,264,286,265,255,274,268,274,259,258,242,314,271,300,288,312,279,301,306,315,284,295,304,331,309,336,313,313,298,320,310,303,327,356,308,308,312,304,331,328,317,326,307,323,300,285,240,256,251,248,218,181,171,174,158,118,102,115,86,79,72,68,46,44,36,21,13,19,15,3,6,8,3,4,2,2,1,2,0,0,0,0,1,0,0,0,0,0,0,0,0,0,0,0,0,0,0,0,0,0,0,0,0,0,0,0,0,0,0,0,0,0,0,0,0,0
85.05,0,0,0,0,0,0,0,1,0,1,0,0,1,0,0,0,0,0,0,1,0,0,1,1,0,0,1,0,2,0,1,1,2,0,1,0,2,0,1,1,1,3,0,0,6,3,1,2,2,4,3,5,4,4,4,2,7,5,3,3,2,3,1,3,4,1,3,8,22,19,25,18,19,26,23,20,28,30,34,33,31,25,32,35,47,40,39,30,50,41,52,45,55,48,46,64,60,74,75,68,59,84,99,92,101,105,104,102,109,108,110,129,150,157,126,129,156,150,163,170,162,206,162,167,181,190,173,214,186,196,208,192,205,230,210,217,232,275,218,215,259,236,244,261,247,260,245,253,242,237,283,265,245,250,243,221,242,328,281,303,299,234,293,279,279,209,248,262,224,283,253,318,257,276,241,228,226,280,325,299,269,233,249,280,287,274,292,263,255,273,272,264,257,266,246,316,279,298,278,316,275,301,306,315,286,293,306,333,305,328,311,309,300,318,308,311,332,360,309,302,316,302,335,324,315,324,309,321,300,285,238,254,251,248,218,185,171,172,158,116,102,115,86,79,70,68,46,44,36,21,13,19,15,3,6,8,3,4,2,2,1,2,0,0,0,0,1,0,0,0,0,0,0,0,0,0,0,0,0,0,0,0,0,0,0,0,0,0,0,0,0,0,0,0,0,0,0,0,0,0
85.15,0,0,0,0,0,0,0,0,0,0,0,0,0,0,0,0,0,1,1,0,1,0,1,0,0,0,1,0,0,1,0,1,0,2,1,1,1,1,1,3,1,4,3,4,0,3,2,3,2,2,0,2,0,5,1,2,3,1,1,1,2,3,2,2,6,4,10,7,12,17,18,17,20,17,31,22,24,22,29,24,30,34,39,38,32,31,47,37,44,45,45,49,49,59,60,42,44,68,71,67,84,87,81,86,90,91,106,108,108,108,125,131,147,139,131,131,159,134,146,186,161,192,152,175,168,180,185,202,214,206,200,213,209,207,229,227,250,293,216,207,256,242,235,237,257,267,224,227,234,237,302,288,250,258,247,225,249,309,265,311,291,234,285,259,315,221,256,261,226,289,256,340,249,291,225,224,233,276,308,262,266,232,251,276,277,274,280,267,255,277,262,266,259,263,240,319,283,306,280,314,281,293,306,311,290,293,314,333,309,330,312,316,296,318,308,311,330,364,311,302,316,306,333,330,316,323,307,323,298,287,238,254,251,250,218,185,171,172,160,116,102,113,88,77,70,68,46,44,36,21,13,19,15,3,6,8,3,4,2,2,1,2,0,0,0,0,1,0,0,0,0,0,0,0,0,0,0,0,0,0,0,0,0,0,0,0,0,0,0,0,0,0,0,0,0,0,0,0,0,0
85.25,0,0,0,0,0,1,0,0,1,0,0,0,0,0,1,0,0,0,1,0,0,0,0,1,3,0,2,1,1,2,2,0,0,1,1,1,0,0,0,0,1,0,2,1,2,4,4,1,3,4,2,1,2,3,3,2,2,5,5,7,2,2,3,2,2,2,2,12,11,19,13,30,22,22,35,34,18,36,33,31,29,29,29,34,30,50,33,31,51,36,48,43,34,51,56,48,60,65,86,75,68,67,82,82,89,100,101,84,109,97,130,140,123,131,158,119,155,136,157,166,176,183,160,179,178,175,187,204,207,200,221,191,204,206,195,222,250,254,252,213,248,251,238,246,232,264,234,212,269,239,289,268,258,263,255,223,239,320,238,308,315,228,295,252,315,216,247,255,224,290,259,332,250,319,230,224,231,283,331,262,268,226,249,268,275,270,280,279,267,277,267,265,255,259,244,309,275,305,286,320,277,289,300,309,290,293,310,331,315,326,312,318,298,318,308,313,330,366,313,304,314,308,331,328,316,323,307,325,300,289,240,254,251,248,216,185,171,174,160,116,102,113,88,77,70,68,46,44,35,21,13,19,16,3,6,8,3,4,2,2,1,2,0,0,0,0,1,0,0,0,0,0,0,0,0,0,0,0,0,0,0,0,0,0,0,0,0,0,0,0,0,0,0,0,0,0,0,0,0,0
85.35,0,1,0,0,0,0,0,0,1,0,0,0,0,0,1,1,0,0,1,0,0,0,0,2,0,1,0,0,1,0,0,1,2,0,1,1,0,0,2,2,3,2,2,2,1,3,2,4,3,4,6,1,2,5,3,1,3,0,0,1,3,2,3,3,0,1,1,8,11,28,11,21,19,31,22,18,25,24,33,36,25,24,41,46,41,43,35,46,37,39,47,36,47,53,43,63,73,65,80,75,76,73,104,83,91,93,94,86,106,116,119,120,120,126,147,159,136,137,165,148,173,176,163,181,165,173,189,199,205,178,196,200,210,203,203,232,254,242,221,229,241,237,233,237,234,264,225,222,286,240,284,246,257,256,241,227,246,300,242,318,295,240,281,253,273,214,245,268,226,326,281,327,258,324,235,232,236,281,335,263,257,228,247,263,271,272,289,282,266,275,269,273,253,249,252,315,283,301,292,328,283,287,300,309,286,291,312,339,305,320,308,313,293,316,310,307,336,360,311,306,314,311,326,328,316,325,305,323,300,291,238,254,249,246,216,185,171,174,160,116,104,113,88,77,70,68,44,44,35,19,13,19,16,3,6,8,3,4,2,2,1,2,0,0,0,0,1,0,0,0,0,0,0,0,0,0,0,0,0,0,0,0,0,0,0,0,0,0,0,0,0,0,0,0,0,0,0,0,0,0
85.45,0,0,0,0,0,0,0,0,0,0,0,0,0,0,0,0,0,2,0,0,0,0,1,1,1,0,0,0,0,0,1,2,2,1,0,2,3,3,3,1,2,2,6,4,1,0,3,3,7,0,1,3,4,5,0,0,6,3,0,2,1,3,6,4,3,2,3,13,13,24,16,24,26,24,18,30,36,36,41,39,29,34,26,36,43,34,45,51,47,47,34,49,45,58,58,54,55,54,65,86,80,73,93,95,82,100,104,96,100,105,124,102,130,120,132,138,159,133,147,157,170,174,170,163,164,166,194,198,210,204,193,211,196,204,222,220,242,244,211,218,242,236,245,227,237,265,226,211,253,262,320,261,228,263,234,226,246,306,241,283,299,230,273,241,264,214,256,265,228,290,265,307,246,296,224,226,227,274,322,257,263,224,245,266,255,265,273,272,260,274,272,273,247,255,256,305,279,317,288,326,279,293,294,303,289,284,308,333,305,316,306,310,296,316,306,303,340,362,311,304,316,313,324,326,314,323,303,325,298,287,240,254,247,248,214,183,171,174,160,116,104,115,88,77,72,68,44,44,35,19,13,19,16,3,6,8,3,4,2,2,1,2,0,0,0,0,1,0,0,0,0,0,0,0,0,0,0,0,0,0,0,0,0,0,0,0,0,0,0,0,0,0,0,0,0,0,0,0,0,0
85.55,0,0,0,0,0,0,0,0,0,0,1,1,0,0,0,0,0,0,1,0,0,0,0,1,0,0,0,0,0,0,1,0,1,0,1,0,3,1,1,0,1,5,1,3,3,3,5,0,1,2,3,5,7,4,2,0,2,4,6,1,1,2,4,0,5,0,5,9,24,17,27,17,15,17,25,21,29,31,28,21,35,39,26,33,29,43,38,35,35,36,42,42,59,45,48,57,49,60,85,66,71,72,79,96,115,90,98,99,109,106,117,97,132,126,145,143,136,159,142,161,166,179,162,150,179,160,193,199,218,188,196,207,175,202,226,232,224,233,210,228,247,235,285,233,245,256,228,206,245,264,317,237,235,269,264,231,258,322,231,269,287,237,272,248,283,213,255,278,232,269,258,298,255,313,237,232,232,281,340,271,269,228,255,261,253,264,276,262,246,268,270,270,250,255,236,303,277,315,285,324,277,286,300,309,289,288,306,327,307,312,316,303,292,313,308,301,338,362,309,306,324,319,322,326,318,321,303,321,298,289,240,254,247,250,214,181,171,174,160,116,104,116,87,77,70,68,44,44,35,19,13,19,16,3,6,8,3,4,2,2,1,2,0,0,0,0,1,0,0,0,0,0,0,0,0,0,0,0,0,0,0,0,0,0,0,0,0,0,0,0,0,0,0,0,0,0,0,0,0,0
85.65,0,0,0,0,0,0,0,0,0,0,0,0,0,0,0,1,0,0,0,0,2,0,0,1,0,1,2,0,0,0,1,2,0,0,4,1,1,1,1,2,1,1,0,2,3,0,2,2,3,5,1,2,0,2,7,6,0,4,4,2,0,4,5,5,3,2,4,15,16,14,24,19,22,27,17,26,26,23,34,29,28,33,29,41,27,38,41,50,35,31,36,43,52,56,49,53,66,55,71,70,62,71,71,83,97,98,113,113,106,98,125,113,117,129,145,141,144,152,145,165,170,167,155,146,168,163,193,201,231,187,204,210,192,212,220,254,230,227,219,232,220,235,253,233,262,257,240,217,234,248,288,239,230,260,245,229,259,297,232,268,298,232,272,248,295,204,258,278,222,263,251,307,251,302,223,234,253,280,324,278,258,223,243,267,245,274,290,267,254,274,271,271,260,255,238,307,283,323,289,324,275,292,294,313,288,279,306,325,311,310,314,305,296,321,300,306,336,365,307,308,328,315,320,322,320,323,303,317,296,289,242,254,247,252,216,182,171,174,160,116,102,116,87,77,70,68,44,44,35,19,13,19,16,3,6,8,3,4,2,2,1,2,0,0,0,0,1,0,0,0,0,0,0,0,0,0,0,0,0,0,0,0,0,0,0,0,0,0,0,0,0,0,0,0,0,0,0,0,0,0
85.75,0,0,0,0,1,0,0,0,0,0,0,1,0,0,0,1,1,0,1,0,1,0,1,1,2,1,1,0,0,0,1,1,2,0,2,0,6,0,3,2,2,2,5,5,3,2,5,0,4,4,1,1,0,3,1,1,0,4,2,4,2,1,0,3,4,4,5,16,15,23,29,27,18,18,22,22,26,28,27,22,22,14,32,30,34,37,41,36,38,53,38,36,54,48,46,72,63,61,65,67,95,78,82,86,89,102,96,121,93,113,136,119,113,139,146,127,135,154,168,150,169,166,148,163,174,173,197,187,223,193,190,234,185,187,211,241,230,237,226,220,224,215,244,237,263,247,282,226,232,258,306,245,236,258,260,231,259,322,241,269,271,231,272,249,267,213,265,259,249,256,250,302,249,299,217,241,237,275,305,276,259,228,251,265,251,287,282,265,254,285,268,269,258,257,244,301,273,310,286,324,269,292,301,314,286,282,310,330,307,308,312,306,297,319,304,310,333,366,311,306,330,317,320,322,318,323,303,317,292,291,242,252,247,252,216,182,169,172,160,118,104,114,87,77,70,68,46,44,35,19,13,19,16,3,6,8,3,4,2,2,1,2,0,0,0,0,1,0,0,0,0,0,0,0,0,0,0,0,0,0,0,0,0,0,0,0,0,0,0,0,0,0,0,0,0,0,0,0,0,0
85.85,0,1,0,0,0,0,0,0,0,1,0,0,0,0,0,0,1,0,2,0,0,1,1,0,0,0,0,0,1,1,3,1,1,0,2,0,3,1,2,3,1,4,2,1,0,1,4,2,3,3,5,2,2,5,3,2,3,0,5,2,5,1,5,4,3,3,4,6,11,19,29,14,23,27,30,19,21,30,36,26,28,43,37,33,25,23,32,46,35,39,49,53,59,71,59,63,59,52,77,70,71,76,82,63,93,96,95,105,124,105,114,105,123,135,138,132,144,131,159,155,174,165,140,165,161,175,190,195,214,201,187,211,210,186,233,243,245,231,209,220,223,218,242,246,241,277,252,206,224,271,300,282,236,243,263,223,256,314,244,283,298,225,288,245,250,209,276,264,246,251,264,305,249,309,229,245,231,275,309,266,279,225,254,259,259,275,270,269,262,281,273,270,251,255,253,298,260,301,288,326,269,292,311,316,286,294,310,328,313,312,320,308,297,320,304,308,328,360,309,310,328,317,322,326,320,325,303,315,294,291,242,254,247,252,216,182,171,170,162,116,104,114,89,75,70,68,46,44,35,19,13,19,16,3,6,8,3,4,2,2,1,2,0,0,0,0,1,0,0,0,0,0,0,0,0,0,0,0,0,0,0,0,0,0,0,0,0,0,0,0,0,0,0,0,0,0,0,0,0,0
85.95,0,0,0,0,0,0,0,1,0,1,0,0,0,0,2,0,1,0,1,1,0,1,1,1,1,0,1,0,2,0,1,2,1,1,1,1,2,1,0,0,1,3,3,0,0,4,6,3,5,4,3,0,2,0,4,6,3,4,4,1,1,0,4,5,1,4,2,9,13,20,22,21,27,34,29,28,29,33,21,33,31,37,37,28,40,35,44,42,48,46,37,44,56,50,70,50,66,61,63,62,71,71,86,81,90,102,88,91,128,126,107,110,138,126,122,160,125,146,144,165,162,160,163,171,152,190,195,203,225,199,187,220,211,188,217,236,229,226,213,206,221,255,251,260,241,245,243,196,222,266,305,283,246,255,254,224,251,303,249,287,273,227,282,243,252,211,281,265,235,288,283,305,255,310,221,246,237,268,310,267,263,219,271,258,252,275,284,269,260,280,269,270,251,261,249,301,265,299,282,316,273,298,319,312,284,292,314,328,313,314,320,310,297,320,298,306,324,362,309,310,328,319,320,324,318,327,299,313,294,289,246,254,245,248,216,182,171,170,160,116,106,113,89,75,72,68,46,44,35,19,13,19,16,3,6,8,3,4,2,2,1,2,0,0,0,0,1,0,0,0,0,0,0,0,0,0,0,0,0,0,0,0,0,0,0,0,0,0,0,0,0,0,0,0,0,0,0,0,0,0
86.05,0,0,0,0,1,0,0,0,0,0,0,0,1,0,0,0,2,1,0,0,1,0,0,0,1,0,0,0,0,0,0,0,2,2,1,3,1,0,0,2,2,0,1,1,3,3,2,5,4,2,4,2,3,1,3,3,3,2,2,3,2,3,2,4,0,0,4,8,19,22,15,31,19,29,21,28,28,33,23,28,22,41,21,41,35,45,50,43,33,51,49,47,48,60,52,53,59,62,74,56,74,71,56,98,91,98,102,96,104,133,118,109,143,123,134,134,145,145,130,165,166,159,173,156,157,183,183,205,200,224,200,223,190,193,223,220,223,234,214,217,228,214,242,242,241,255,232,232,212,266,293,257,247,248,256,234,253,293,240,287,281,231,298,254,261,229,255,267,245,270,272,291,251,302,229,246,236,271,312,279,269,217,258,272,255,275,276,277,264,280,274,271,243,261,251,303,267,299,286,326,277,296,323,310,286,290,305,332,317,316,318,312,301,318,296,308,327,360,309,314,330,321,322,324,318,331,299,313,294,291,242,260,245,248,214,182,173,168,160,120,106,111,89,75,72,68,46,44,33,19,13,19,16,3,6,8,3,4,2,2,1,2,0,0,0,0,1,0,0,0,0,0,0,0,0,0,0,0,0,0,0,0,0,0,0,0,0,0,0,0,0,0,0,0,0,0,0,0,0,0
86.15,0,0,0,0,0,0,0,1,0,0,0,2,0,0,0,0,0,0,0,2,0,0,1,0,1,1,0,1,1,2,0,0,0,3,0,0,1,0,1,2,0,1,4,1,3,2,2,2,3,3,1,0,2,2,1,1,3,5,6,3,4,3,5,1,5,4,3,10,27,23,18,28,29,23,22,26,33,30,31,29,31,25,40,40,21,40,33,38,32,40,57,52,55,64,52,63,62,56,71,79,64,72,80,79,87,94,101,107,111,136,117,118,136,120,129,134,135,149,141,151,150,170,155,156,165,179,185,207,206,200,195,194,180,211,212,227,229,231,203,250,242,211,234,252,240,256,236,201,216,245,293,237,240,258,268,252,264,316,235,276,268,238,299,242,255,210,251,271,240,265,258,295,283,304,219,238,246,279,322,255,267,220,259,268,261,271,284,271,260,286,274,263,253,267,247,300,263,303,290,320,275,294,317,320,282,288,301,326,313,318,316,312,295,316,298,306,321,364,314,309,326,319,326,324,320,333,299,309,292,289,242,258,243,248,214,182,173,168,160,120,104,111,89,75,72,68,46,44,33,19,13,19,16,3,6,8,3,4,2,2,1,2,0,0,0,0,1,0,0,0,0,0,0,0,0,0,0,0,0,0,0,0,0,0,0,0,0,0,0,0,0,0,0,0,0,0,0,0,0,0
86.25,0,0,0,0,0,0,1,0,0,0,0,0,0,0,0,0,0,0,0,1,1,0,0,0,1,0,0,0,0,1,2,2,1,0,3,0,0,0,0,0,1,0,1,2,7,1,2,2,3,1,0,5,2,4,4,1,1,1,4,5,2,3,0,3,2,5,7,16,16,20,29,27,24,25,26,19,30,29,31,40,24,30,33,26,37,23,31,42,53,44,30,49,48,51,67,52,63,80,46,83,72,76,89,90,90,94,86,112,120,115,112,144,134,122,126,120,135,147,157,166,157,176,147,166,171,180,167,210,196,204,204,196,185,196,212,220,228,233,193,235,206,212,220,239,239,249,248,209,215,243,285,238,245,243,265,276,298,326,232,284,270,238,282,241,248,215,257,259,231,267,248,293,272,305,227,233,235,268,302,269,275,231,267,255,257,278,276,271,252,280,265,262,259,257,233,300,267,303,286,322,273,298,315,324,282,280,307,328,307,318,312,311,292,314,298,306,321,362,314,311,328,317,324,316,318,335,303,309,292,287,242,256,245,248,214,184,175,164,158,120,104,111,89,75,72,68,46,46,33,19,13,19,16,3,6,8,3,4,2,2,1,2,0,0,0,0,1,0,0,0,0,0,0,0,0,0,0,0,0,0,0,0,0,0,0,0,0,0,0,0,0,0,0,0,0,0,0,0,0,0
86.35,0,0,0,2,0,0,0,0,0,1,0,0,1,0,0,0,0,0,3,0,0,1,0,0,1,0,0,3,0,1,0,1,0,2,0,1,1,0,2,3,3,0,1,3,5,2,2,4,1,4,4,4,3,2,1,2,1,4,4,6,3,1,5,3,1,3,5,11,19,27,17,23,15,25,19,22,18,19,24,36,23,25,26,20,25,37,29,40,38,53,51,49,46,43,54,46,61,53,70,74,67,77,77,75,86,90,104,106,119,97,101,123,133,132,113,130,146,155,152,163,153,173,139,162,168,194,161,212,192,218,193,197,186,212,226,230,211,263,198,228,223,227,230,263,256,253,242,202,216,234,287,219,242,231,247,222,259,318,230,274,278,255,270,254,243,213,253,270,235,282,241,309,251,287,222,226,239,276,308,257,265,217,263,259,263,288,278,267,259,283,267,272,255,255,240,301,267,299,296,322,277,292,323,320,280,288,307,328,309,322,308,305,298,314,304,310,319,358,310,315,328,313,328,314,318,333,309,309,292,289,244,256,245,244,214,187,175,164,158,118,104,109,89,75,72,68,46,46,33,19,13,19,16,3,6,8,3,4,2,2,1,2,0,0,0,0,1,0,0,0,0,0,0,0,0,0,0,0,0,0,0,0,0,0,0,0,0,0,0,0,0,0,0,0,0,0,0,0,0,0
86.45,0,0,0,0,0,0,0,0,1,0,0,0,0,1,0,0,0,0,0,0,0,0,0,0,0,0,1,0,0,1,1,1,0,1,1,2,3,2,1,1,3,3,3,1,2,2,4,2,2,7,4,3,1,2,1,4,5,1,3,5,5,3,4,3,1,3,5,10,11,25,27,19,18,26,24,28,23,32,24,30,35,36,38,25,44,44,51,49,39,36,53,41,61,52,50,47,68,59,63,77,58,65,92,91,76,84,99,112,109,103,114,127,131,131,121,130,153,152,158,149,159,165,150,164,171,187,160,208,192,204,194,193,194,216,203,221,236,241,198,259,231,258,243,247,240,236,244,206,238,267,280,214,237,245,244,223,256,299,229,256,297,265,275,239,239,219,256,268,233,276,240,314,249,302,234,225,239,280,308,261,260,221,261,267,265,274,287,269,264,283,271,268,257,257,244,295,261,303,296,320,277,300,327,321,283,286,301,326,305,318,306,301,294,318,305,313,321,358,310,311,326,309,328,312,320,331,311,309,288,291,245,256,247,244,216,187,175,162,156,118,104,109,89,75,74,66,46,46,33,19,13,19,14,3,6,8,3,4,2,2,1,2,0,0,0,0,1,0,0,0,0,0,0,0,0,0,0,0,0,0,0,0,0,0,0,0,0,0,0,0,0,0,0,0,0,0,0,0,0,0
86.55,0,0,0,0,0,0,0,0,0,1,0,1,0,1,1,0,1,1,0,0,0,1,0,1,0,0,0,1,1,0,3,1,1,3,1,1,0,0,1,4,3,3,1,2,3,4,5,3,6,3,2,4,1,2,0,0,3,1,3,0,0,4,1,2,3,5,3,13,14,21,18,17,22,25,24,20,25,25,20,31,34,32,24,32,39,38,31,35,56,50,48,42,54,44,62,54,66,67,76,73,83,82,82,99,91,77,100,103,105,121,111,114,133,119,107,142,149,160,159,152,156,161,143,170,162,183,174,202,186,224,187,197,191,214,206,214,218,238,191,220,222,226,237,231,233,229,245,204,222,240,293,210,236,243,253,213,266,292,228,262,293,257,288,242,240,217,257,281,240,290,262,314,246,313,228,222,235,266,311,254,262,224,260,267,271,274,285,261,263,272,271,273,252,255,246,305,255,293,292,324,277,294,321,305,279,292,301,324,313,316,304,303,294,318,304,307,325,360,310,313,323,311,320,310,320,327,311,311,286,291,245,256,249,240,216,187,175,162,156,116,98,109,89,75,74,66,46,46,33,19,13,19,14,3,6,8,3,4,2,2,1,2,0,0,0,0,1,0,0,0,0,0,0,0,0,0,0,0,0,0,0,0,0,0,0,0,0,0,0,0,0,0,0,0,0,0,0,0,0,0
86.65,1,1,0,0,0,1,0,0,0,0,0,0,0,0,0,1,0,0,0,0,0,1,0,1,1,2,1,2,0,0,1,1,1,0,2,1,1,0,1,2,0,3,1,0,2,3,1,3,6,2,0,4,2,3,0,1,2,1,3,2,3,5,1,1,6,4,9,15,20,16,25,21,29,25,32,24,28,22,37,30,37,30,28,26,29,33,40,43,39,39,46,52,46,53,51,54,62,77,64,67,73,81,96,79,106,84,98,100,110,117,121,124,134,112,127,151,149,160,159,142,157,159,158,159,163,184,159,220,191,206,192,195,188,205,179,219,216,222,196,210,222,223,241,233,248,234,237,200,221,238,288,212,230,245,261,240,306,278,240,269,285,250,265,278,243,273,249,299,255,280,265,311,250,295,224,222,248,272,300,275,253,222,256,271,263,273,280,270,271,276,267,265,252,253,246,303,251,297,290,322,283,294,325,305,287,294,299,330,307,318,310,307,292,314,304,307,323,370,320,309,321,309,318,308,320,327,307,311,286,287,245,256,255,242,218,189,175,162,156,118,98,109,88,75,74,66,46,46,35,19,13,19,14,3,6,8,3,4,2,2,1,2,0,0,0,0,1,0,0,0,0,0,0,0,0,0,0,0,0,0,0,0,0,0,0,0,0,0,0,0,0,0,0,0,0,0,0,0,0,0
86.75,0,0,0,0,0,0,0,1,0,0,0,3,0,0,0,0,0,1,0,0,0,0,1,0,0,1,1,2,1,0,1,0,2,1,1,0,1,2,0,1,3,2,0,2,3,5,5,0,4,3,0,4,0,3,3,4,3,5,1,3,3,0,3,1,5,3,2,10,21,16,26,20,34,26,27,30,25,20,26,26,28,28,27,39,36,35,36,46,40,32,34,34,41,49,60,51,71,62,69,70,65,83,81,108,87,94,86,98,98,118,121,131,126,120,123,146,137,162,143,138,170,159,154,151,160,178,164,203,177,214,190,187,193,203,218,227,221,233,192,212,222,227,239,226,223,235,240,201,225,236,286,209,240,239,270,233,275,274,245,272,286,240,276,249,241,220,253,270,253,266,236,300,251,316,232,219,238,287,298,265,257,224,260,267,272,275,280,280,263,287,268,267,254,257,256,308,244,301,292,319,270,300,325,307,287,296,297,332,313,322,310,305,290,308,306,299,321,364,318,307,317,309,314,304,320,329,305,315,286,285,247,256,253,244,218,189,175,162,156,118,98,108,88,77,72,64,44,46,35,19,13,19,14,3,6,8,3,4,2,2,1,2,0,0,0,0,1,0,0,0,0,0,0,0,0,0,0,0,0,0,0,0,0,0,0,0,0,0,0,0,0,0,0,0,0,0,0,0,0,0
86.85,0,0,1,0,0,0,0,0,0,0,0,0,0,0,0,0,0,0,1,1,2,0,0,0,1,0,0,2,1,2,2,1,2,1,1,0,2,0,0,2,1,1,2,4,1,2,4,3,4,2,5,4,2,5,1,3,2,1,1,2,3,1,0,3,3,1,1,12,16,23,26,29,30,30,16,17,15,27,28,33,32,30,29,29,29,28,46,39,37,38,66,52,70,53,55,52,59,72,63,74,79,78,90,86,107,92,98,93,93,114,112,144,119,110,135,160,140,162,128,150,163,150,155,167,170,181,178,184,190,221,184,177,188,209,197,228,235,223,190,240,243,205,227,208,238,234,248,215,227,257,306,223,231,235,253,238,279,265,253,277,285,257,254,245,253,214,240,290,250,273,259,295,268,309,228,227,244,264,306,265,251,230,258,263,276,275,282,274,265,271,266,267,256,261,254,298,258,311,292,329,268,305,330,309,283,292,304,335,313,324,306,309,296,316,308,297,327,358,314,313,313,301,310,302,316,329,305,319,286,285,245,254,249,240,216,191,175,162,156,118,96,108,86,77,72,64,46,46,35,19,13,19,14,3,6,8,3,4,2,2,1,2,0,0,0,0,1,0,0,0,0,0,0,0,0,0,0,0,0,0,0,0,0,0,0,0,0,0,0,0,0,0,0,0,0,0,0,0,0,0
86.95,0,0,0,0,1,0,0,0,0,0,0,0,0,0,0,1,0,1,1,0,0,0,2,0,2,1,0,1,1,0,0,0,1,1,0,0,1,0,0,1,1,1,0,3,1,1,2,3,3,1,3,0,2,1,1,1,3,0,3,1,3,2,4,3,1,6,2,18,16,17,17,19,17,15,27,28,29,27,23,30,32,42,41,34,35,37,43,50,32,46,47,43,48,62,64,57,68,77,73,77,68,76,94,91,90,103,90,104,100,103,122,134,127,125,135,145,142,157,141,129,165,160,159,173,160,168,172,185,189,222,186,175,201,188,195,226,219,223,195,240,223,212,219,217,258,231,231,219,215,251,296,211,232,238,264,246,264,268,235,278,249,276,256,243,240,224,247,267,261,264,251,312,287,301,234,225,237,267,304,259,253,224,255,262,271,280,282,264,273,281,270,269,255,262,246,296,266,307,292,325,266,307,338,311,287,286,304,333,311,320,314,311,294,322,308,299,327,362,312,313,313,303,316,308,314,331,305,319,286,287,245,254,249,240,218,193,175,162,156,118,96,108,86,77,72,64,46,46,35,19,13,19,14,3,6,8,3,4,2,2,1,2,0,0,0,0,1,0,0,0,0,0,0,0,0,0,0,0,0,0,0,0,0,0,0,0,0,0,0,0,0,0,0,0,0,0,0,0,0,0
87.05,0,0,0,0,0,0,0,0,0,0,0,1,1,0,0,2,0,0,0,0,0,1,0,0,1,1,0,0,0,1,2,1,1,1,2,2,0,1,1,1,0,1,1,3,3,6,3,4,3,3,2,1,3,2,0,1,3,7,3,4,7,6,1,3,1,5,6,13,12,15,26,27,26,21,28,32,32,19,32,29,30,37,41,42,42,46,30,37,29,52,51,46,51,61,56,66,86,62,74,69,93,69,83,88,91,95,92,100,109,99,121,128,128,124,131,164,136,159,145,136,139,172,155,176,170,167,160,182,197,215,181,168,198,196,182,199,226,227,175,228,226,202,247,237,256,238,236,217,222,273,298,214,217,248,253,253,261,246,241,287,258,249,266,252,239,218,252,281,275,282,262,314,282,287,239,223,234,273,307,266,261,222,259,265,266,277,282,274,259,285,272,275,247,258,252,292,262,311,290,325,257,302,322,309,287,294,304,333,307,316,304,313,294,320,312,289,328,359,308,315,317,301,316,306,312,331,308,323,288,284,246,254,245,244,218,191,175,162,156,120,95,107,86,77,72,64,46,46,35,19,13,19,14,3,6,8,3,4,2,2,1,2,0,0,0,0,1,0,0,0,0,0,0,0,0,0,0,0,0,0,0,0,0,0,0,0,0,0,0,0,0,0,0,0,0,0,0,0,0,0
87.15,0,0,1,0,1,0,0,0,1,0,0,0,0,0,1,0,0,2,1,0,0,0,0,0,0,1,0,1,0,1,1,2,3,0,2,1,1,1,3,2,3,2,1,3,1,4,2,3,2,2,1,2,4,3,4,0,3,6,4,2,3,3,2,2,1,2,6,19,19,19,29,26,25,29,21,22,25,33,29,24,32,29,18,33,31,33,25,47,46,40,64,48,54,64,49,64,68,65,71,74,70,71,108,92,79,91,104,99,106,104,135,124,120,136,130,150,148,165,146,143,138,159,152,171,178,158,173,189,167,224,173,183,194,194,176,235,226,214,178,219,220,199,219,216,232,226,234,203,224,239,278,204,214,231,259,255,261,257,222,270,265,275,259,252,245,225,245,265,265,276,268,302,262,279,231,229,246,264,309,264,257,224,258,260,260,279,276,269,258,284,270,263,251,252,246,298,266,311,280,315,273,296,318,306,290,294,304,325,305,320,310,315,292,320,313,290,332,357,302,314,316,303,322,302,316,326,311,326,287,284,248,254,245,245,217,195,173,162,156,118,95,107,88,77,72,64,46,46,35,18,13,19,14,3,6,8,3,4,2,2,1,2,0,0,0,0,1,0,0,0,0,0,0,0,0,0,0,0,0,0,0,0,0,0,0,0,0,0,0,0,0,0,0,0,0,0,0,0,0,0
87.25,0,0,0,0,0,1,0,0,0,0,1,1,0,1,0,0,1,0,0,0,0,0,1,1,1,1,0,0,1,3,0,0,0,0,1,4,1,1,1,1,3,0,1,1,1,0,0,4,4,2,3,3,4,0,0,2,3,2,4,1,3,4,4,3,2,6,2,7,13,25,23,17,20,17,20,27,19,25,34,31,34,30,29,47,29,36,35,41,30,40,44,47,64,62,60,58,55,71,76,61,71,86,71,100,97,87,90,112,100,95,111,125,108,134,141,142,153,152,141,140,145,147,165,167,167,159,167,183,187,227,175,185,198,193,163,203,221,217,195,213,222,198,231,232,249,214,225,207,225,249,285,209,216,230,246,235,291,265,226,263,259,258,269,242,247,240,230,271,255,278,266,308,267,275,228,224,241,277,315,267,256,231,265,258,260,281,281,278,251,277,267,265,255,254,254,299,270,309,278,322,268,294,320,312,296,294,306,325,303,322,316,315,296,318,315,294,330,359,298,318,318,305,322,304,312,330,309,330,287,284,244,258,253,245,217,197,173,162,152,118,95,107,88,77,74,64,46,46,35,18,13,19,14,3,6,8,3,4,2,2,1,2,0,0,0,0,1,0,0,0,0,0,0,0,0,0,0,0,0,0,0,0,0,0,0,0,0,0,0,0,0,0,0,0,0,0,0,0,0,0
87.35,0,0,0,0,1,0,0,0,0,0,0,0,1,1,0,0,1,0,0,0,0,0,1,0,1,2,1,1,2,0,0,1,1,3,2,5,2,1,0,0,1,3,1,0,3,0,2,2,0,3,3,2,3,1,3,2,1,3,2,5,3,3,3,3,2,1,1,11,14,13,37,24,24,21,15,39,26,28,27,30,28,34,39,31,31,48,37,44,43,51,42,42,53,37,51,64,56,62,81,81,75,88,70,64,98,98,99,114,99,107,109,97,127,138,126,132,144,133,158,131,155,148,163,171,170,155,169,184,181,221,175,199,191,192,170,205,219,217,202,203,217,215,204,210,231,227,223,213,213,235,278,216,224,272,260,251,293,269,226,276,249,250,262,254,241,224,245,265,257,278,244,284,263,255,228,234,239,271,294,262,272,219,267,267,267,273,279,274,263,273,267,277,255,254,248,297,268,297,274,326,266,292,316,314,286,304,310,331,299,320,310,315,292,320,317,294,330,359,300,314,320,307,318,304,314,330,309,336,287,278,244,258,255,245,221,199,169,162,154,118,95,107,88,77,74,64,46,46,35,18,13,19,14,3,6,8,3,4,2,2,1,2,0,0,0,0,1,0,0,0,0,0,0,0,0,0,0,0,0,0,0,0,0,0,0,0,0,0,0,0,0,0,0,0,0,0,0,0,0,0
87.45,0,0,0,0,0,0,0,0,0,0,0,0,0,0,0,0,0,1,0,0,0,0,0,0,0,1,0,0,2,1,1,2,1,1,3,4,1,1,0,3,1,1,1,2,3,5,4,2,3,1,1,1,3,2,0,3,6,5,5,2,1,0,2,0,1,2,1,11,9,14,24,28,27,23,27,29,24,30,34,33,21,43,33,32,32,41,34,32,41,28,38,43,39,68,59,66,69,54,73,67,71,83,84,87,69,98,118,101,106,103,129,102,129,135,124,118,142,135,154,146,131,154,165,180,160,160,170,195,198,216,181,188,172,199,162,191,202,216,197,207,220,224,210,212,230,237,246,217,240,239,277,206,213,245,255,261,262,280,217,276,271,241,252,282,247,230,245,261,241,280,262,288,259,269,234,216,241,271,308,258,276,227,275,267,269,279,281,278,271,275,263,273,245,256,255,288,274,301,280,316,272,292,312,317,281,302,312,331,299,324,314,321,292,316,311,294,330,357,300,314,318,307,316,304,314,330,307,332,283,278,244,258,253,245,217,199,169,162,154,118,93,105,88,77,74,64,46,46,35,18,13,19,14,3,6,8,3,4,2,2,1,2,0,0,0,0,1,0,0,0,0,0,0,0,0,0,0,0,0,0,0,0,0,0,0,0,0,0,0,0,0,0,0,0,0,0,0,0,0,0
87.55,0,0,0,0,0,0,0,0,1,0,0,0,0,1,0,0,0,0,0,2,2,0,0,2,0,0,0,0,0,2,0,1,0,3,0,3,0,3,1,2,1,0,1,3,3,3,3,0,2,2,1,3,0,2,3,3,3,3,1,2,3,1,3,3,1,3,7,15,19,23,22,24,27,25,25,29,33,27,28,26,28,27,31,25,39,42,36,30,43,41,53,41,50,52,56,55,60,62,59,79,79,74,82,72,91,93,95,100,117,103,114,105,135,121,120,119,156,139,135,154,132,138,168,173,169,156,190,184,202,192,165,183,172,196,170,213,208,232,195,208,236,243,227,216,229,216,222,220,209,230,270,219,221,276,279,254,259,280,225,280,282,238,258,274,257,223,242,273,242,284,251,292,263,260,229,219,257,273,306,264,282,225,269,259,267,277,278,278,255,266,274,268,249,262,245,288,276,301,286,318,272,296,312,313,283,292,308,335,303,324,312,321,288,316,309,292,330,359,298,312,318,307,312,304,311,331,309,332,283,278,240,258,253,241,219,197,167,158,154,118,95,105,88,77,74,64,46,44,35,18,13,19,14,3,6,8,3,4,2,2,1,2,0,0,0,0,1,0,0,0,0,0,0,0,0,0,0,0,0,0,0,0,0,0,0,0,0,0,0,0,0,0,0,0,0,0,0,0,0,0
87.65,0,0,0,0,0,0,0,0,0,0,0,0,1,0,1,1,1,0,1,0,0,0,2,0,0,0,0,0,0,0,0,0,0,2,2,1,3,1,1,0,3,1,3,2,3,2,1,5,1,2,3,3,2,3,5,2,7,2,0,4,1,3,1,0,1,1,6,13,11,21,20,22,35,32,29,31,21,19,32,32,30,34,40,29,37,37,33,32,51,48,44,45,47,51,50,57,57,65,68,60,46,84,79,73,81,99,79,110,121,114,113,112,123,127,134,128,137,136,147,147,156,132,174,174,162,137,183,175,190,203,173,202,170,183,178,185,215,213,182,237,214,228,259,219,247,215,241,218,207,249,288,215,228,229,259,278,252,270,232,311,273,254,256,289,257,223,248,267,252,284,255,288,264,257,237,223,241,281,329,266,271,229,259,255,267,285,281,273,257,274,268,266,265,262,241,292,282,299,284,324,268,296,307,310,280,286,304,329,305,322,316,315,284,316,307,294,326,365,302,316,310,309,314,304,309,331,307,332,285,276,240,256,255,239,219,195,169,158,152,118,95,105,88,79,74,64,46,44,35,18,13,19,14,3,6,8,3,4,2,2,1,2,0,0,0,0,1,0,0,0,0,0,0,0,0,0,0,0,0,0,0,0,0,0,0,0,0,0,0,0,0,0,0,0,0,0,0,0,0,0
87.75,1,0,0,0,1,0,0,0,1,0,0,0,1,1,1,0,0,0,1,0,0,1,0,0,0,1,0,0,0,4,1,0,3,2,2,0,0,2,1,2,1,2,2,1,0,3,1,3,2,3,3,3,0,2,1,5,1,3,1,3,4,1,0,5,3,0,1,13,30,15,24,23,28,20,25,26,34,17,29,36,29,36,43,29,29,25,35,35,44,38,33,46,48,56,52,57,63,48,51,64,58,65,76,96,86,90,94,98,112,117,110,117,115,128,142,126,137,137,139,136,163,125,173,176,157,138,199,190,195,185,187,190,170,197,169,183,209,220,191,227,210,245,208,215,249,214,230,244,213,234,275,205,230,230,237,236,247,283,229,291,278,248,257,268,238,222,239,266,254,294,263,292,255,258,234,214,239,287,339,266,273,235,261,262,264,272,288,269,253,278,270,258,259,254,243,294,280,299,284,330,272,296,311,314,286,282,304,325,307,328,310,311,288,320,311,294,322,353,298,316,312,306,316,312,309,333,309,326,287,276,242,258,257,237,219,199,169,158,152,118,95,105,88,77,74,64,46,44,35,18,13,19,14,3,6,8,3,4,2,2,1,2,0,0,0,0,1,0,0,0,0,0,0,0,0,0,0,0,0,0,0,0,0,0,0,0,0,0,0,0,0,0,0,0,0,0,0,0,0,0
87.85,1,0,0,0,0,0,1,0,0,0,0,1,0,0,0,0,1,0,1,0,2,1,0,1,0,1,1,0,0,2,2,0,0,1,0,2,0,1,1,0,2,1,4,3,3,0,2,2,2,2,4,3,4,2,2,5,4,5,2,2,4,0,4,3,1,2,6,10,9,23,21,24,32,21,26,25,17,18,25,21,26,31,36,30,38,33,45,48,46,43,48,60,57,52,72,70,63,58,61,52,63,76,76,79,78,79,90,102,113,107,120,121,101,130,117,138,125,142,142,134,151,131,165,176,159,132,189,185,210,190,183,174,173,182,189,182,202,207,193,214,208,245,202,237,245,233,224,213,211,252,265,215,219,234,244,259,256,267,230,305,268,246,275,244,240,222,241,267,241,292,274,313,259,264,226,228,245,290,349,268,276,222,257,261,266,268,283,266,259,270,268,264,261,252,250,295,276,304,285,333,270,298,307,314,280,284,302,324,309,316,310,315,289,316,313,300,330,353,300,318,314,306,314,315,311,331,307,322,287,274,240,260,259,237,219,197,169,158,154,118,95,105,88,77,74,64,46,44,35,18,13,19,14,3,6,8,3,4,2,2,1,2,0,0,0,0,1,0,0,0,0,0,0,0,0,0,0,0,0,0,0,0,0,0,0,0,0,0,0,0,0,0,0,0,0,0,0,0,0,0
87.95,0,0,0,2,0,0,1,0,0,0,0,0,0,0,0,0,0,1,0,0,0,1,0,1,0,0,1,1,1,2,1,2,1,0,0,0,2,1,2,1,0,2,2,4,3,1,1,3,3,1,3,2,3,3,1,4,2,3,4,4,3,1,3,2,2,4,4,17,15,17,21,19,20,26,21,23,15,34,39,36,37,36,29,39,41,33,46,46,50,50,54,44,52,60,52,43,60,78,66,75,79,75,71,74,100,81,105,93,118,110,116,125,121,100,140,139,133,133,147,143,154,137,170,170,170,144,200,172,194,190,196,177,177,187,171,183,207,213,193,217,210,227,204,216,229,213,223,213,215,240,272,220,224,226,240,232,302,265,233,299,290,240,257,242,247,223,240,262,244,298,273,318,262,260,239,219,235,283,306,261,281,222,259,261,266,278,285,271,262,272,264,264,251,248,251,294,266,304,281,331,276,302,311,314,286,290,310,324,310,323,308,313,289,316,313,304,334,355,302,314,314,302,318,315,313,333,307,324,289,276,242,260,259,237,219,195,165,158,154,118,97,105,88,77,74,64,46,44,35,18,13,21,14,3,6,8,3,4,2,2,1,2,0,0,0,0,1,0,0,0,0,0,0,0,0,0,0,0,0,0,0,0,0,0,0,0,0,0,0,0,0,0,0,0,0,0,0,0,0,0
88.05,0,0,0,0,0,0,0,0,0,0,1,0,0,0,0,0,0,0,0,0,0,0,1,0,1,1,0,1,2,0,2,1,0,0,0,0,3,0,1,1,1,3,1,3,2,5,4,3,3,2,2,3,1,5,3,1,3,2,3,3,5,1,6,2,2,1,5,1,15,18,19,26,28,21,22,24,35,27,17,27,35,44,31,40,35,42,26,47,52,48,38,58,58,58,43,69,83,62,71,56,64,76,91,91,78,94,100,104,82,112,103,127,132,108,149,123,129,137,150,148,139,136,164,169,162,163,182,180,196,186,184,167,201,177,172,186,214,202,211,228,222,232,199,211,234,212,220,214,232,229,269,223,217,231,232,229,280,301,225,280,259,246,276,236,251,221,239,267,238,322,279,300,256,260,231,221,239,281,298,265,281,226,255,265,260,282,293,273,260,272,284,262,247,259,256,298,264,308,281,331,278,308,317,318,280,294,306,322,310,327,312,309,295,318,317,302,337,353,300,312,310,300,316,313,315,333,301,326,285,274,242,260,261,235,221,197,169,158,152,118,97,105,88,77,74,64,46,44,35,18,13,21,14,3,6,8,3,4,2,2,1,2,0,0,0,0,1,0,0,0,0,0,0,0,0,0,0,0,0,0,0,0,0,0,0,0,0,0,0,0,0,0,0,0,0,0,0,0,0,0
88.15,0,0,0,0,0,0,1,0,1,0,0,1,0,0,0,0,0,0,0,0,0,2,1,0,1,1,0,0,2,1,0,4,0,0,1,1,0,1,0,1,1,1,0,3,3,5,5,3,4,1,4,4,2,2,1,1,4,4,1,5,4,1,6,3,1,4,5,14,20,15,26,15,25,27,29,26,26,24,23,27,30,31,36,32,31,36,36,53,37,53,36,50,53,61,67,54,74,67,66,60,84,74,85,76,90,96,99,99,98,113,105,116,125,126,132,136,131,127,151,142,139,143,161,167,154,163,184,183,189,200,196,167,197,182,167,211,213,197,198,213,221,228,195,205,235,225,224,214,260,237,276,228,206,225,234,237,303,279,226,288,261,246,265,239,254,223,244,259,229,314,297,289,261,254,235,219,249,286,287,272,270,220,249,261,261,278,275,277,260,279,278,266,243,259,257,293,266,310,285,327,276,312,315,324,270,297,299,326,314,323,316,307,295,318,315,298,343,351,300,308,310,296,320,313,317,331,301,325,283,274,240,262,261,235,227,197,169,158,152,116,97,105,88,77,72,66,46,44,35,18,13,21,14,3,6,8,3,4,2,2,1,2,0,0,0,0,1,0,0,0,0,0,0,0,0,0,0,0,0,0,0,0,0,0,0,0,0,0,0,0,0,0,0,0,0,0,0,0,0,0
88.25,0,0,0,0,0,0,0,0,0,1,1,0,1,1,1,0,0,0,0,0,1,0,0,0,1,0,0,3,1,0,0,2,0,1,0,1,3,2,2,1,4,1,0,4,1,3,4,1,3,1,5,1,4,2,2,2,4,1,3,1,3,2,2,5,4,4,2,8,16,22,19,18,17,22,23,19,29,29,29,27,25,31,33,26,31,29,40,43,48,39,50,53,47,56,57,59,70,70,71,68,82,83,92,73,81,98,95,90,93,117,100,121,118,124,132,151,121,126,153,138,136,146,165,167,147,175,180,198,187,198,183,180,186,176,161,204,191,194,222,201,212,207,196,213,227,232,212,224,219,245,268,219,209,245,229,247,258,259,226,294,266,247,271,244,245,227,271,269,257,270,299,287,255,262,226,226,247,281,290,259,271,227,252,259,261,282,281,277,262,273,270,254,243,257,247,283,258,300,291,331,270,316,303,326,264,295,301,320,308,323,318,305,293,320,319,294,343,351,306,306,308,294,314,313,319,327,297,327,285,274,240,264,257,235,225,195,169,156,152,116,99,107,88,77,72,66,46,44,35,18,13,21,14,3,6,8,3,4,2,2,1,2,0,0,0,0,1,0,0,0,0,0,0,0,0,0,0,0,0,0,0,0,0,0,0,0,0,0,0,0,0,0,0,0,0,0,0,0,0,0
88.35,0,0,0,0,0,0,0,2,0,0,0,0,1,0,0,0,1,0,1,1,0,3,1,1,0,1,0,0,0,0,0,1,2,0,4,2,1,1,0,3,0,2,2,1,1,1,3,2,2,6,1,2,5,1,0,1,2,4,2,2,1,1,1,2,0,2,9,18,17,19,13,22,24,27,20,25,24,34,31,32,38,36,23,32,31,38,40,41,42,38,38,44,41,40,57,51,74,48,62,68,82,74,77,84,80,97,83,86,105,95,116,107,120,119,146,133,124,131,135,144,134,148,166,169,148,167,168,182,177,191,178,179,184,175,162,202,213,188,206,209,204,212,202,219,241,201,206,217,245,238,272,220,231,228,229,252,233,269,218,287,264,258,279,251,236,233,252,257,243,270,253,287,260,270,229,224,253,297,288,279,271,235,254,259,263,272,271,272,259,273,276,262,253,261,250,284,258,306,295,321,264,308,301,332,268,297,299,322,310,323,314,307,291,316,315,298,347,353,302,308,308,294,312,309,315,329,293,329,285,274,240,264,261,233,225,195,169,156,152,116,99,107,88,77,72,66,46,44,35,18,13,21,14,3,6,8,3,4,2,2,1,2,0,0,0,0,1,0,0,0,0,0,0,0,0,0,0,0,0,0,0,0,0,0,0,0,0,0,0,0,0,0,0,0,0,0,0,0,0,0
88.45,0,0,1,0,0,0,0,0,0,0,0,0,1,0,1,0,0,0,0,0,0,0,1,0,2,2,0,0,0,0,1,0,1,0,0,3,3,0,1,2,1,0,3,1,0,2,3,3,2,4,0,3,3,2,3,2,3,1,4,2,2,6,6,5,3,1,4,9,15,20,21,21,12,32,19,22,20,28,32,16,25,43,25,30,32,28,43,28,41,45,31,52,46,52,53,59,54,58,64,85,75,92,83,76,81,87,87,101,84,110,109,106,136,118,130,132,124,134,134,140,142,144,155,165,144,164,187,177,176,183,172,181,189,177,158,197,215,186,211,249,209,210,210,198,234,211,200,235,208,239,276,224,213,231,227,249,228,267,213,286,274,253,269,259,233,227,246,259,241,273,257,280,263,261,235,228,257,290,295,265,265,229,256,267,271,270,281,270,269,267,266,260,255,265,258,294,256,298,289,319,264,312,297,322,272,295,311,330,310,327,314,311,295,314,307,304,345,353,304,306,308,296,310,313,315,333,293,327,289,274,240,268,261,233,225,197,169,156,152,116,101,107,88,77,72,66,46,44,35,18,13,21,14,3,6,8,3,4,2,2,1,2,0,0,0,0,1,0,0,0,0,0,0,0,0,0,0,0,0,0,0,0,0,0,0,0,0,0,0,0,0,0,0,0,0,0,0,0,0,0
88.55,0,1,0,0,0,0,0,0,0,0,0,1,0,1,0,0,0,0,0,0,0,1,0,0,0,0,0,1,1,0,0,2,0,0,2,0,0,1,6,2,3,3,0,1,0,1,5,2,1,1,2,1,4,2,2,1,0,2,2,1,3,1,0,1,2,4,5,9,17,22,16,22,19,17,31,38,25,30,31,29,25,32,33,42,41,33,37,47,50,36,45,55,46,59,55,45,57,65,67,74,80,84,89,80,74,84,90,93,88,104,131,120,119,121,134,119,130,133,134,128,146,156,150,158,152,154,173,187,180,178,194,186,185,173,152,212,213,183,203,213,214,208,201,215,218,226,201,228,213,242,252,227,238,229,223,253,234,316,216,283,264,245,258,255,241,226,246,264,245,272,245,319,264,261,235,220,249,286,303,267,267,221,260,261,261,284,282,273,267,273,264,262,265,262,249,294,260,304,293,319,264,312,297,324,286,293,309,336,310,325,308,309,297,316,305,306,337,353,306,302,308,296,316,317,317,333,289,329,293,274,238,266,263,235,225,195,169,156,152,116,99,107,88,77,72,66,46,44,37,18,13,21,14,3,6,8,3,4,2,2,1,2,0,0,0,0,1,0,0,0,0,0,0,0,0,0,0,0,0,0,0,0,0,0,0,0,0,0,0,0,0,0,0,0,0,0,0,0,0,0
88.65,0,0,0,0,0,0,1,1,0,0,0,0,1,0,0,0,0,1,0,2,1,0,0,0,2,0,2,0,1,0,1,3,1,1,2,0,0,2,1,4,4,2,1,2,2,3,2,2,3,2,3,2,2,0,1,3,4,2,1,3,5,5,3,0,1,4,4,12,14,17,25,30,30,24,22,31,36,32,25,32,35,24,31,40,37,26,33,38,44,26,38,47,51,45,68,85,60,60,66,73,74,82,84,89,76,89,112,90,102,99,121,114,133,141,132,120,135,133,137,145,142,145,155,155,149,150,165,176,180,177,194,164,190,179,164,207,224,202,198,210,195,220,207,206,231,212,192,219,212,238,250,225,217,232,225,235,244,299,222,276,271,268,286,250,247,228,253,263,243,270,253,323,260,256,232,221,235,296,295,263,269,244,247,268,262,287,285,273,255,275,274,260,263,256,247,296,254,304,283,319,266,310,295,312,287,294,317,340,310,325,302,307,295,324,305,310,333,353,306,302,312,300,316,317,321,331,289,333,293,274,238,266,263,236,228,195,169,156,150,114,99,107,88,75,72,66,46,44,37,18,13,21,14,3,6,8,3,4,2,2,1,2,0,0,0,0,1,0,0,0,0,0,0,0,0,0,0,0,0,0,0,0,0,0,0,0,0,0,0,0,0,0,0,0,0,0,0,0,0,0
88.75,1,0,0,0,0,0,0,0,0,0,0,0,1,0,0,0,0,2,0,1,0,1,0,0,0,2,0,0,2,1,1,0,1,0,1,1,1,1,1,2,2,2,2,0,3,1,2,1,1,2,2,1,2,2,3,3,1,2,1,2,1,3,2,3,2,3,4,17,18,16,12,28,28,30,29,22,21,31,31,32,30,30,30,22,30,46,40,32,38,34,42,50,46,40,42,68,60,81,78,64,82,95,77,86,88,88,109,98,90,102,104,113,126,136,119,126,140,132,125,153,136,151,152,157,149,150,169,176,174,190,181,177,197,189,170,199,215,204,193,212,218,223,206,199,231,216,200,223,225,234,266,230,236,222,222,237,256,279,244,280,271,247,319,253,244,265,256,271,244,273,246,290,258,267,237,225,229,306,285,286,270,270,251,260,264,284,284,263,257,273,270,264,253,248,243,298,244,310,279,317,266,312,284,312,287,290,311,334,314,323,300,305,299,320,307,310,333,353,304,302,308,298,320,321,315,329,291,335,295,276,242,264,261,240,226,195,167,158,150,114,99,109,88,75,72,66,46,44,37,18,13,21,14,3,6,8,3,4,2,2,1,2,0,0,0,0,1,0,0,0,0,0,0,0,0,0,0,0,0,0,0,0,0,0,0,0,0,0,0,0,0,0,0,0,0,0,0,0,0,0
88.85,0,0,0,0,0,0,1,0,0,0,3,0,0,0,0,0,0,0,0,0,0,1,0,0,1,0,1,2,2,0,0,0,0,0,0,0,1,0,1,0,2,1,4,2,1,3,2,0,4,3,1,1,0,1,2,2,1,4,4,4,5,2,2,0,1,3,4,20,16,29,13,18,19,22,17,28,22,27,22,24,29,29,28,33,29,34,35,37,42,35,48,57,41,47,59,51,70,79,63,79,81,63,90,69,99,88,89,97,90,101,99,113,125,121,125,117,143,124,118,152,132,147,141,156,146,164,163,184,172,184,187,167,186,177,172,186,206,183,220,205,220,224,201,205,222,217,209,217,227,243,264,216,238,240,231,220,247,263,280,281,288,248,266,262,240,262,246,269,249,258,240,294,262,263,231,226,236,288,278,297,264,298,247,272,260,288,278,267,259,279,278,256,257,252,241,288,252,302,279,323,266,308,292,312,289,288,313,334,320,314,304,311,295,320,297,308,337,349,308,304,306,300,324,323,317,331,297,335,295,278,240,264,257,244,226,195,165,158,150,114,97,108,86,75,72,66,46,42,37,18,13,21,14,3,6,8,3,4,2,2,1,2,0,0,0,0,1,0,0,0,0,0,0,0,0,0,0,0,0,0,0,0,0,0,0,0,0,0,0,0,0,0,0,0,0,0,0,0,0,0
88.95,0,0,0,0,0,0,1,0,0,0,0,0,1,0,0,1,0,0,1,1,1,1,1,0,0,0,0,1,0,0,2,1,1,0,1,0,2,1,2,4,1,0,3,1,1,1,1,5,2,5,2,5,5,4,2,2,3,5,2,2,4,4,3,2,3,6,4,2,20,18,26,23,28,19,24,36,32,21,28,21,34,30,34,45,40,36,43,38,45,41,46,42,54,52,60,63,65,70,65,77,70,68,72,70,90,100,90,98,102,89,94,116,118,129,113,128,137,125,115,148,134,148,145,150,160,169,156,182,153,188,187,165,202,202,153,195,191,185,186,203,199,212,200,216,222,207,201,225,214,265,262,232,220,229,231,235,251,243,240,281,296,242,262,244,240,226,250,271,275,266,250,298,253,263,233,226,232,289,280,273,273,328,251,262,256,280,276,279,265,271,270,259,263,257,251,284,252,307,276,327,266,306,290,312,285,290,309,338,312,320,306,311,293,322,295,308,331,345,310,308,308,300,324,323,317,333,297,337,295,278,240,266,253,242,226,195,165,158,150,114,97,108,86,75,72,66,46,42,37,18,13,21,14,3,6,8,3,4,2,2,1,2,0,0,0,0,1,0,0,0,0,0,0,0,0,0,0,0,0,0,0,0,0,0,0,0,0,0,0,0,0,0,0,0,0,0,0,0,0,0
89.05,0,0,0,0,0,0,0,0,0,0,1,0,1,1,0,0,0,0,1,2,0,0,0,0,1,0,0,0,2,0,0,0,1,2,1,1,0,0,0,0,3,1,5,1,2,0,1,1,2,3,2,1,4,6,1,4,2,1,3,5,3,0,5,5,5,2,3,14,16,17,25,19,25,20,25,32,22,32,20,26,29,45,37,30,34,27,42,44,37,45,50,52,48,52,68,59,51,63,73,65,62,61,68,84,100,79,99,106,102,102,93,102,120,120,127,120,135,131,120,142,128,147,149,152,152,167,152,176,167,180,176,176,190,188,153,209,195,200,174,200,203,230,198,223,220,211,209,254,224,256,262,242,213,249,222,224,248,238,261,280,269,230,275,256,241,222,246,274,273,271,244,299,259,258,238,228,228,301,280,283,271,334,249,272,256,284,274,272,263,275,276,257,285,259,257,286,258,299,276,333,270,314,288,312,281,288,301,332,306,316,310,315,293,318,291,302,327,345,312,312,312,304,324,321,321,337,297,337,289,278,236,262,255,242,226,193,165,160,150,114,95,108,86,75,72,66,46,42,37,18,13,21,14,3,6,8,3,4,2,2,1,2,0,0,0,0,1,0,0,0,0,0,0,0,0,0,0,0,0,0,0,0,0,0,0,0,0,0,0,0,0,0,0,0,0,0,0,0,0,0
89.15,0,0,0,0,0,1,0,1,0,1,1,0,1,0,1,0,0,0,1,1,0,0,0,0,0,0,0,1,2,1,1,2,0,2,3,1,1,2,2,1,2,2,3,0,3,1,1,2,3,3,3,1,2,3,1,5,3,4,6,4,2,4,1,2,3,2,3,13,22,27,29,27,21,29,34,29,33,27,26,29,34,31,38,37,39,36,47,40,39,60,50,44,57,58,53,50,61,60,71,70,62,48,74,76,95,94,100,100,112,95,109,103,117,130,117,124,133,145,120,137,136,137,147,144,157,158,169,163,173,174,163,171,186,191,142,199,180,184,171,193,193,215,195,203,217,226,224,251,210,250,270,225,219,278,227,223,233,241,271,278,290,239,277,246,239,226,260,266,265,261,246,303,267,260,234,230,238,289,284,269,267,341,244,258,264,284,278,266,259,275,266,263,287,261,249,294,256,291,280,325,272,308,294,312,273,284,295,328,302,318,314,311,293,322,295,302,325,343,308,310,309,307,319,319,323,341,299,337,287,278,236,264,255,242,224,191,165,158,150,114,95,108,86,75,72,66,46,42,37,18,13,21,14,3,6,8,3,4,2,2,1,2,0,0,0,0,1,0,0,0,0,0,0,0,0,0,0,0,0,0,0,0,0,0,0,0,0,0,0,0,0,0,0,0,0,0,0,0,0,0
89.25,0,0,0,0,0,1,0,0,0,0,0,0,0,0,2,0,1,0,1,3,0,0,0,0,0,1,0,0,1,2,1,0,0,0,1,0,1,2,0,1,1,1,2,1,1,5,2,1,1,1,5,2,1,0,2,1,3,4,1,2,4,4,1,4,0,7,4,8,16,21,23,17,30,30,30,26,26,29,23,25,34,33,36,28,34,33,38,35,40,44,46,50,51,55,52,61,56,67,66,66,74,60,65,84,83,90,91,105,96,104,100,105,105,123,110,144,120,146,115,140,144,131,142,140,154,168,150,162,168,177,160,162,199,215,135,208,196,181,184,202,198,244,210,217,226,211,209,229,206,272,267,217,210,261,227,229,228,260,234,270,267,247,291,254,245,236,238,268,267,255,246,319,266,261,246,224,228,293,280,271,275,342,247,261,259,284,276,260,261,279,272,263,287,261,255,296,254,297,278,331,270,304,298,310,277,280,291,328,300,318,314,309,297,316,297,302,329,345,308,310,309,308,324,319,327,343,297,333,289,276,238,262,255,246,224,191,163,158,148,114,95,106,86,75,74,66,46,42,37,18,13,21,14,3,6,8,3,4,2,2,1,4,0,0,0,0,1,0,0,0,0,0,0,0,0,0,0,0,0,0,0,0,0,0,0,0,0,0,0,0,0,0,0,0,0,0,0,0,0,0
89.35,0,0,0,0,0,0,0,0,0,1,0,1,1,0,0,0,1,1,1,1,0,0,1,0,2,0,2,1,1,0,0,0,0,0,3,1,0,1,3,3,1,3,2,1,2,2,0,1,2,3,5,1,3,4,1,1,0,5,1,3,2,1,0,2,2,2,7,8,16,19,25,19,24,21,30,28,23,20,31,23,23,32,21,29,37,34,33,37,35,34,49,47,45,52,56,47,63,80,65,70,81,68,95,71,74,77,110,98,103,92,100,112,102,114,119,142,138,125,130,139,140,141,146,140,163,172,147,166,164,173,160,173,191,187,142,203,184,188,175,201,194,235,242,219,248,235,197,240,200,268,273,215,208,239,243,222,235,264,230,286,269,237,259,246,228,231,252,275,270,247,244,341,268,263,251,221,236,295,278,271,289,322,243,269,265,288,288,262,254,277,268,259,293,261,255,294,251,308,278,335,270,310,296,308,275,282,291,328,306,310,318,307,297,319,298,304,323,343,312,308,313,308,322,319,323,339,295,333,289,276,234,263,251,248,222,189,163,158,148,114,95,110,86,75,74,66,46,42,39,18,13,21,14,3,6,8,3,4,2,2,1,4,0,0,0,0,1,0,0,0,0,0,0,0,0,0,0,0,0,0,0,0,0,0,0,0,0,0,0,0,0,0,0,0,0,0,0,0,0,0
89.45,0,0,0,0,0,0,0,0,0,1,0,0,1,0,1,0,0,0,0,2,0,1,0,0,0,1,2,1,0,0,2,3,0,0,1,1,1,1,2,3,1,1,3,4,1,4,6,3,1,4,3,1,3,2,2,5,6,2,2,2,7,2,2,1,7,1,6,10,15,17,17,24,24,24,19,18,30,38,35,25,34,30,25,34,29,35,41,37,32,51,33,48,44,38,56,62,56,53,86,71,89,69,96,66,94,73,103,105,98,114,104,115,95,107,133,140,130,127,135,119,161,126,147,136,159,171,156,164,159,179,161,164,191,188,150,208,188,191,181,198,209,219,219,234,241,209,189,264,199,255,274,232,214,246,230,228,234,265,235,322,266,242,271,253,232,237,259,278,298,281,254,287,254,271,237,221,234,291,275,272,304,305,246,275,259,278,278,261,255,273,274,251,299,259,253,286,249,312,282,323,266,312,296,312,287,288,295,324,306,314,318,309,297,321,302,300,323,347,310,307,314,308,322,313,323,339,291,329,290,276,236,265,249,246,222,187,163,160,148,112,95,110,86,75,74,66,46,42,37,18,13,21,14,3,6,8,3,4,2,2,1,4,0,0,0,0,1,0,0,0,0,0,0,0,0,0,0,0,0,0,0,0,0,0,0,0,0,0,0,0,0,0,0,0,0,0,0,0,0,0
89.55,0,0,0,1,0,1,0,0,0,0,0,0,0,0,0,0,1,0,0,0,0,0,0,1,0,1,0,0,0,0,0,3,3,0,1,1,1,2,0,0,2,1,3,1,4,4,6,2,2,2,2,4,5,2,2,1,3,4,6,2,4,2,1,1,6,3,5,20,21,20,20,20,28,31,25,16,22,28,21,37,32,36,31,42,33,25,39,55,30,49,33,52,46,46,50,45,58,63,60,63,79,74,74,99,80,93,105,116,91,115,115,104,104,97,140,127,119,139,134,117,161,128,138,139,159,160,156,173,157,176,171,163,190,187,204,195,189,184,175,209,200,211,197,217,237,214,188,252,202,245,263,234,220,234,227,242,234,259,223,308,281,246,251,250,236,243,253,267,334,272,240,287,276,256,221,235,226,285,281,264,303,302,252,265,253,276,284,272,246,273,266,261,313,253,241,300,253,308,284,321,260,310,300,314,279,284,299,324,304,310,310,307,296,322,300,306,325,351,310,307,314,308,318,313,325,337,291,327,288,274,236,263,251,248,224,189,163,160,148,112,95,108,86,75,74,66,46,42,37,18,13,21,14,3,6,8,3,4,2,2,1,4,0,0,0,0,1,0,0,0,0,0,0,0,0,0,0,0,0,0,0,0,0,0,0,0,0,0,0,0,0,0,0,0,0,0,0,0,0,0
89.65,1,0,0,1,0,1,0,0,0,0,0,1,0,0,0,1,1,0,0,2,0,0,0,0,1,0,0,1,2,2,0,0,1,1,0,1,1,2,1,0,0,1,2,1,0,1,3,4,2,1,3,2,0,4,2,3,5,7,3,3,2,1,3,3,3,3,7,20,22,29,19,21,24,23,22,25,23,32,21,27,30,27,32,34,39,37,28,37,46,44,47,50,36,41,53,69,72,57,84,67,72,79,70,80,90,100,91,102,97,112,113,103,106,93,149,136,126,129,138,121,150,146,131,146,157,162,158,160,162,177,152,169,192,184,168,189,210,184,175,229,195,211,193,202,256,209,193,228,199,247,272,234,223,238,230,270,237,294,219,279,286,256,254,265,239,268,259,297,308,278,252,279,258,272,225,223,240,293,283,254,285,294,268,261,261,289,273,276,254,275,266,273,326,248,255,302,255,310,288,321,270,314,294,308,278,286,309,322,306,312,306,307,296,320,298,302,323,360,314,307,312,312,318,315,325,335,291,327,290,276,236,261,251,250,224,187,165,160,150,112,95,108,86,75,74,68,48,43,37,18,13,21,14,3,6,8,3,4,2,2,1,4,0,0,0,0,1,0,0,0,0,0,0,0,0,0,0,0,0,0,0,0,0,0,0,0,0,0,0,0,0,0,0,0,0,0,0,0,0,0
89.75,0,0,0,0,0,0,0,1,0,0,0,2,0,0,0,1,0,1,1,0,0,0,1,0,2,0,2,1,1,1,1,0,2,0,0,0,1,1,0,3,0,1,3,3,1,1,3,1,1,1,3,4,3,2,5,1,5,4,3,2,3,5,1,7,1,3,6,16,10,17,22,23,21,15,24,23,22,24,23,27,26,28,33,38,31,43,37,41,40,35,53,57,46,56,54,69,63,64,62,77,77,82,84,88,94,97,91,93,103,98,112,120,93,99,140,140,120,139,136,123,156,149,131,147,152,158,155,163,164,167,161,170,186,179,170,174,201,190,186,197,192,216,205,202,230,227,183,220,197,249,293,224,234,240,224,282,240,269,218,271,273,239,252,256,230,227,257,274,303,268,243,278,256,270,227,225,228,291,271,260,265,298,266,281,267,289,275,270,260,277,266,261,338,248,255,299,246,308,282,318,263,310,296,316,278,295,302,316,300,312,306,307,300,314,306,304,325,364,316,307,312,307,318,325,335,333,291,329,290,276,234,261,251,248,226,187,165,162,150,112,95,108,86,75,76,68,48,43,37,18,13,21,14,3,6,8,3,4,2,2,1,4,0,0,0,0,1,0,0,0,0,0,0,0,0,0,0,0,0,0,0,0,0,0,0,0,0,0,0,0,0,0,0,0,0,0,0,0,0,0
89.85,0,0,1,0,0,0,0,0,0,0,0,0,0,0,0,2,0,0,0,0,2,0,0,2,0,0,0,1,0,1,2,1,1,1,1,1,1,0,1,2,3,2,3,2,2,3,0,1,3,2,1,0,1,4,4,7,2,2,3,2,5,6,4,3,4,4,4,18,13,18,23,19,26,13,16,27,24,34,25,28,33,25,22,34,46,40,47,41,44,57,61,59,53,56,44,68,56,68,61,73,61,90,71,85,96,88,95,86,113,91,103,114,102,99,142,132,113,140,130,124,147,150,132,149,165,158,154,158,159,172,156,170,189,190,161,185,207,187,182,207,204,214,201,206,221,210,176,215,202,257,277,259,242,246,224,246,245,282,230,265,277,239,252,250,238,217,252,282,296,272,249,305,263,268,225,229,238,299,277,262,273,281,289,273,275,317,283,266,254,273,272,266,347,248,251,289,248,310,280,320,265,304,296,322,278,291,310,320,302,310,306,305,298,314,310,302,333,364,314,307,314,305,322,325,331,331,295,335,292,276,234,263,253,244,224,187,165,162,150,112,95,108,86,75,76,70,48,43,37,18,15,21,14,3,6,8,3,4,2,2,1,4,0,0,0,0,1,0,0,0,0,0,0,0,0,0,0,0,0,0,0,0,0,0,0,0,0,0,0,0,0,0,0,0,0,0,0,0,0,0
89.95,0,0,0,0,0,0,0,0,0,0,0,0,0,0,1,0,0,0,0,0,0,1,0,0,0,1,1,1,1,1,0,0,0,1,0,1,1,3,2,1,0,2,2,4,5,3,2,0,1,1,5,2,0,3,2,2,3,2,5,3,1,6,0,3,1,3,6,14,22,20,14,23,28,26,30,23,30,32,31,35,30,32,29,33,46,41,49,53,53,52,42,62,60,62,57,67,63,62,74,53,76,57,73,92,85,86,99,96,95,102,126,95,104,109,139,136,115,147,119,144,149,155,131,150,156,171,160,176,157,172,159,172,187,168,170,181,198,174,183,205,218,218,210,201,225,220,193,219,197,251,268,229,249,229,240,215,247,248,235,281,275,236,256,260,237,224,262,264,280,298,241,325,261,264,231,236,232,288,278,296,279,269,289,273,265,315,281,270,256,269,268,264,335,256,245,293,248,304,284,320,271,304,290,326,268,287,314,318,302,318,314,301,300,314,312,308,333,364,314,307,314,303,320,321,331,335,297,331,290,276,236,263,249,244,224,187,165,162,154,112,95,108,86,75,76,66,48,43,37,18,15,21,14,3,6,8,3,4,2,2,1,4,0,0,0,0,1,0,0,0,0,0,0,0,0,0,0,0,0,0,0,0,0,0,0,0,0,0,0,0,0,0,0,0,0,0,0,0,0,0
90.05,0,0,0,0,0,0,2,2,0,0,0,0,0,0,0,0,0,0,1,0,0,0,1,0,2,0,0,0,1,0,1,0,2,2,1,2,1,0,0,4,1,3,3,3,0,4,1,5,2,1,4,2,1,2,2,3,2,3,3,2,0,4,0,0,5,6,3,10,14,23,25,19,21,23,24,21,24,25,25,29,36,43,39,31,24,38,42,50,50,50,46,54,47,45,64,68,59,56,56,69,69,69,78,91,91,81,81,106,98,103,118,92,102,117,133,133,128,134,130,124,142,168,136,148,169,165,148,159,157,168,170,170,189,177,182,178,197,181,178,194,209,212,223,218,232,224,175,213,206,251,266,221,256,234,246,215,247,263,225,276,268,241,256,249,236,218,256,268,253,335,235,332,255,269,224,219,240,286,282,296,279,263,282,272,259,317,285,266,256,277,264,268,329,254,247,295,251,297,290,324,269,304,292,322,272,291,318,322,298,320,324,303,298,312,312,306,331,360,314,307,312,303,316,321,333,333,295,327,290,278,236,263,247,244,224,187,165,160,152,112,95,108,86,75,76,66,48,43,39,18,15,21,14,3,6,8,3,4,2,2,1,4,0,0,0,0,1,0,0,0,0,0,0,0,0,0,0,0,0,0,0,0,0,0,0,0,0,0,0,0,0,0,0,0,0,0,0,0,0,0
90.15,0,0,1,0,0,1,0,0,1,0,1,1,1,0,1,0,0,1,0,0,0,0,1,1,1,0,1,1,0,1,1,2,2,2,1,0,0,1,5,0,2,1,3,2,4,4,1,2,7,3,4,2,3,6,2,1,2,3,2,2,3,2,1,2,1,1,3,10,22,20,15,27,25,20,30,26,17,28,20,32,33,36,37,38,35,40,36,27,46,42,47,41,42,48,68,65,58,61,55,67,64,85,71,68,98,94,77,107,99,101,117,101,93,127,133,136,121,133,125,126,148,157,137,139,167,163,157,160,160,175,158,180,185,171,172,173,188,172,176,189,207,201,214,193,286,260,177,209,215,268,255,232,213,231,233,221,243,280,218,261,262,239,256,247,231,247,252,267,240,307,249,306,258,266,222,223,238,298,286,304,277,263,279,278,265,309,281,268,250,275,268,270,333,264,251,293,249,291,280,330,267,304,296,320,278,289,308,328,304,328,326,309,296,314,310,310,331,360,314,305,314,305,310,323,325,333,295,329,288,280,236,261,249,246,222,187,165,160,152,112,95,110,86,75,76,66,48,43,39,18,15,21,14,3,6,8,3,4,2,2,1,4,0,0,0,0,1,0,0,0,0,0,0,0,0,0,0,0,0,0,0,0,0,0,0,0,0,0,0,0,0,0,0,0,0,0,0,0,0,0
90.25,0,0,1,0,1,0,0,0,0,0,0,0,0,0,1,0,0,0,1,0,0,0,0,0,0,0,0,1,1,1,0,1,0,2,0,1,2,1,0,0,1,0,2,3,1,3,1,4,1,4,2,1,3,0,2,0,2,1,0,0,3,2,7,1,6,1,6,5,11,20,23,22,29,18,30,19,24,31,22,40,27,43,36,27,29,39,40,42,50,38,54,56,56,52,45,46,59,64,62,67,69,74,86,72,88,99,87,103,102,96,97,117,101,110,132,118,129,121,131,133,151,150,138,145,160,161,155,163,154,173,169,180,184,174,182,173,182,181,175,193,219,210,217,211,239,240,174,211,208,266,268,251,212,236,245,215,244,259,213,260,275,241,253,249,232,255,253,266,275,259,241,291,259,257,228,223,235,287,280,306,292,264,287,282,261,315,279,268,244,275,266,260,327,256,247,289,249,297,280,335,269,302,288,330,278,289,306,326,312,330,318,309,292,316,308,310,331,360,318,307,316,307,312,321,329,333,295,323,294,280,240,259,249,246,224,187,165,160,152,112,95,110,82,75,76,66,48,43,39,18,15,21,14,3,6,8,3,4,2,2,1,4,0,0,0,0,1,0,0,0,0,0,0,0,0,0,0,0,0,0,0,0,0,0,0,0,0,0,0,0,0,0,0,0,0,0,0,0,0,0
90.35,0,1,0,0,1,0,0,1,0,0,1,0,0,0,1,1,0,0,0,0,0,0,0,0,1,0,0,0,0,0,3,0,1,2,0,1,0,2,2,0,0,3,1,1,4,0,0,0,2,0,2,5,4,3,3,2,3,3,0,4,0,1,2,2,5,6,2,9,11,23,16,24,23,21,18,23,25,29,23,26,24,31,36,23,38,32,34,29,38,48,43,52,65,41,51,62,64,68,56,58,76,89,77,67,81,106,93,99,88,97,97,115,103,104,133,124,125,117,141,129,141,169,137,147,158,157,166,162,158,156,158,180,181,179,168,174,183,177,170,200,216,222,219,204,230,229,173,213,205,257,268,224,210,244,238,209,249,253,231,270,274,240,247,247,240,218,251,252,267,269,242,286,255,261,224,221,242,298,280,306,278,268,299,284,247,324,266,274,256,277,264,264,321,258,253,301,253,309,284,335,267,305,287,318,276,292,303,324,305,321,314,315,290,318,308,310,327,360,316,312,315,309,312,321,329,333,301,323,290,282,240,257,249,246,224,185,165,158,152,112,95,108,82,75,76,66,48,43,39,18,15,21,14,3,6,8,3,4,2,2,1,4,0,0,0,0,1,0,0,0,0,0,0,0,0,0,0,0,0,0,0,0,0,0,0,0,0,0,0,0,0,0,0,0,0,0,0,0,0,0
90.45,0,0,0,0,0,0,0,0,0,0,0,1,1,1,0,0,0,0,0,0,0,0,0,0,1,1,1,0,1,1,1,0,0,0,0,1,1,1,3,2,2,2,2,3,2,4,2,1,5,3,4,1,3,2,4,3,2,2,1,1,7,8,6,3,0,2,5,16,16,23,23,24,18,32,27,19,29,32,37,24,39,27,35,23,44,40,43,28,32,57,39,51,48,56,50,66,54,54,73,61,84,89,64,82,77,94,106,103,94,99,104,106,105,112,123,126,133,115,140,124,144,166,118,150,152,163,142,171,155,155,161,162,174,175,162,195,178,177,180,197,212,204,239,226,223,225,168,213,208,270,261,221,219,249,257,207,253,249,245,263,276,238,249,237,237,208,267,250,245,267,279,286,256,265,222,227,242,298,278,294,265,258,343,285,254,292,276,268,256,277,266,262,319,258,249,295,265,307,278,327,271,301,289,320,282,296,305,326,305,327,308,315,296,316,308,310,325,366,310,310,319,311,314,319,325,329,299,323,287,290,238,253,247,246,222,187,163,158,152,112,95,108,82,75,78,64,48,43,39,18,15,21,14,3,6,8,3,4,2,2,1,4,0,0,0,0,1,0,0,0,0,0,0,0,0,0,0,0,0,0,0,0,0,0,0,0,0,0,0,0,0,0,0,0,0,0,0,0,0,0
90.55,0,0,1,0,0,1,1,0,0,0,1,0,0,0,0,0,0,0,0,0,0,0,1,1,1,0,0,1,0,0,1,0,0,0,2,1,0,0,2,2,1,1,1,3,3,1,0,7,2,5,2,3,1,2,7,4,1,0,10,3,1,1,2,3,3,1,3,7,17,31,20,20,15,13,17,18,30,18,20,31,28,34,34,22,31,40,38,35,46,42,48,46,48,47,54,60,60,70,69,72,82,70,82,90,70,86,89,96,105,96,92,115,100,112,116,114,144,115,137,138,138,166,131,142,140,153,151,165,158,156,165,177,173,170,161,176,181,177,186,197,214,200,204,239,231,245,190,212,213,267,256,226,201,262,250,208,243,280,234,261,290,275,255,248,257,214,249,254,235,243,283,283,263,261,230,233,238,294,290,274,265,262,321,281,264,296,276,264,258,281,268,258,298,253,246,295,256,304,276,325,273,299,295,316,280,298,301,326,309,323,306,319,296,316,304,308,327,360,310,310,313,309,308,317,321,329,297,325,287,292,238,255,249,246,222,185,163,158,150,112,97,108,82,75,76,64,48,43,39,18,15,21,14,3,6,8,3,4,2,2,1,4,0,0,0,0,1,0,0,0,0,0,0,0,0,0,0,0,0,0,0,0,0,0,0,0,0,0,0,0,0,0,0,0,0,0,0,0,0,0
90.65,0,0,0,0,0,0,0,0,0,0,0,0,0,0,0,0,0,1,0,0,1,0,1,0,0,0,0,2,2,0,1,1,0,0,0,2,0,0,0,5,0,0,2,3,2,1,0,2,4,2,2,3,0,5,1,4,5,3,1,2,5,5,1,3,2,1,1,13,10,21,25,20,17,28,18,22,27,24,27,30,29,34,18,33,31,33,38,38,32,31,43,48,44,51,64,62,48,77,81,67,69,78,84,78,89,79,76,99,107,99,87,112,103,105,117,116,122,114,139,132,137,155,132,142,166,151,146,167,156,150,153,183,166,197,152,183,177,180,177,197,201,198,207,229,242,231,171,216,215,260,247,220,198,233,248,231,245,298,240,257,311,285,255,250,248,215,256,254,227,248,282,297,253,258,226,222,236,294,283,267,268,250,303,299,264,292,290,262,258,275,272,258,272,249,246,297,254,306,278,327,273,313,303,312,286,302,299,328,311,313,308,319,292,316,302,302,327,365,307,308,315,311,308,311,321,329,296,322,285,290,238,255,249,246,220,183,165,158,152,112,97,108,82,75,76,64,48,43,39,18,15,21,14,3,6,8,3,4,2,2,1,4,0,0,0,0,1,0,0,0,0,0,0,0,0,0,0,0,0,0,0,0,0,0,0,0,0,0,0,0,0,0,0,0,0,0,0,0,0,0
90.75,0,1,0,0,0,0,0,0,0,1,0,0,0,0,0,1,1,1,0,1,0,1,0,1,2,0,0,2,1,0,0,2,2,3,0,3,4,1,2,0,1,1,2,1,1,2,0,1,3,2,2,2,0,2,4,1,4,2,5,4,2,3,1,2,5,3,5,14,14,17,16,20,17,15,20,22,28,22,24,27,20,35,33,29,29,32,35,48,35,33,48,49,47,53,57,59,66,69,72,73,77,72,70,83,80,77,80,101,102,101,95,98,103,110,100,123,119,109,126,146,134,162,134,147,158,149,134,160,165,151,158,193,175,176,151,182,173,173,191,193,209,200,221,208,247,237,169,215,214,257,245,220,198,248,247,237,247,280,244,282,271,269,252,247,256,216,257,257,220,250,269,282,253,258,223,221,244,286,276,264,264,245,250,307,254,296,274,264,260,277,270,264,268,253,250,301,254,297,287,320,273,315,297,311,282,300,299,326,305,311,306,313,294,318,304,302,325,369,305,306,315,315,316,315,325,327,296,318,283,292,238,255,249,248,220,183,165,159,151,110,97,106,82,77,76,64,48,43,39,18,15,21,14,3,6,8,3,4,2,2,1,4,0,0,0,0,1,0,0,0,0,0,0,0,0,0,0,0,0,0,0,0,0,0,0,0,0,0,0,0,0,0,0,0,0,0,0,0,0,0
90.85,1,0,1,0,0,0,1,0,0,1,1,0,0,0,0,0,0,0,0,1,0,0,1,2,1,0,1,0,1,0,4,0,0,1,0,1,0,1,2,0,1,0,1,4,1,2,2,1,2,3,5,1,0,2,2,2,2,3,4,3,3,6,2,1,1,3,1,8,15,17,21,17,23,19,16,26,22,17,25,17,20,27,26,35,33,36,29,45,38,46,38,41,35,49,73,55,61,66,65,80,81,72,82,90,93,66,91,95,105,91,94,85,101,120,103,117,122,109,127,161,121,157,140,138,154,144,144,149,168,142,150,191,160,160,153,178,176,178,190,208,208,186,236,210,225,231,174,210,221,257,250,216,233,232,247,217,271,276,226,267,279,232,252,251,250,218,241,248,233,235,279,268,258,259,223,226,226,302,282,278,258,233,240,323,254,290,260,270,244,281,260,276,261,249,252,309,244,297,285,310,271,315,289,315,280,292,303,320,305,307,306,309,294,314,302,294,325,373,303,310,309,315,314,319,323,331,296,318,283,292,238,256,251,246,220,183,163,157,151,110,97,106,80,75,72,64,48,43,39,18,15,21,14,3,6,8,3,4,2,2,1,4,0,0,0,0,1,0,0,0,0,0,0,0,0,0,0,0,0,0,0,0,0,0,0,0,0,0,0,0,0,0,0,0,0,0,0,0,0,0
90.95,0,0,1,0,0,0,0,0,1,0,1,0,0,0,0,1,2,0,0,0,1,0,1,1,0,1,1,0,0,1,1,0,1,0,1,2,1,1,3,2,1,0,1,2,3,1,4,4,2,1,2,3,2,7,3,2,3,4,2,3,2,2,0,2,4,4,4,10,17,20,17,26,24,30,29,23,24,40,30,33,19,25,19,43,30,28,37,37,39,35,62,38,55,46,58,67,48,62,60,67,75,68,75,79,103,72,89,101,101,90,95,97,106,116,117,108,113,116,123,171,121,159,132,138,142,155,134,150,175,148,146,168,172,159,150,192,179,178,195,193,200,190,230,206,227,226,176,224,211,263,250,254,219,238,230,213,257,277,236,270,294,238,246,253,254,218,269,271,236,245,279,278,250,265,229,222,240,294,276,261,267,235,250,323,256,276,264,278,262,281,262,276,257,255,256,307,250,293,282,324,272,309,285,315,286,292,301,322,307,315,314,309,290,312,305,294,323,367,298,308,309,313,318,319,319,329,296,318,283,294,238,254,251,244,218,181,163,157,153,112,95,104,80,75,72,64,48,43,41,18,15,21,14,3,6,8,3,4,2,2,1,4,0,0,0,0,1,0,0,0,0,0,0,0,0,0,0,0,0,0,0,0,0,0,0,0,0,0,0,0,0,0,0,0,0,0,0,0,0,0
91.05,0,0,0,0,0,0,1,0,0,0,0,0,0,0,0,0,1,0,0,2,1,0,0,2,0,1,0,1,2,1,1,1,1,3,3,1,0,2,2,0,1,3,1,4,2,4,4,3,2,4,1,2,1,1,0,0,2,5,1,1,5,1,4,1,1,2,4,9,21,22,10,15,23,18,35,26,21,28,27,29,25,28,26,36,39,34,34,42,37,42,62,43,46,51,45,48,60,61,68,65,73,60,72,81,86,99,97,98,94,98,99,113,101,115,114,113,103,120,117,170,129,157,137,137,140,147,143,160,174,155,147,170,175,154,151,193,194,192,186,222,198,201,222,209,240,216,182,225,200,255,245,213,220,237,228,216,288,271,255,302,292,240,248,248,243,216,246,254,232,262,279,268,258,253,219,226,232,299,279,265,260,227,234,318,253,286,276,268,252,277,258,260,255,261,252,303,250,299,286,326,274,305,293,311,280,292,299,322,305,315,308,309,288,314,305,296,323,367,298,310,311,313,318,317,317,333,299,316,283,292,238,254,247,244,216,179,161,157,153,112,95,104,80,75,72,64,48,43,41,18,15,21,14,3,6,8,3,4,2,2,1,4,0,0,0,0,1,0,0,0,0,0,0,0,0,0,0,0,0,0,0,0,0,0,0,0,0,0,0,0,0,0,0,0,0,0,0,0,0,0
91.15,0,0,0,0,0,0,0,0,0,1,0,0,0,1,0,2,1,0,0,1,0,1,0,1,0,1,2,1,1,1,1,0,1,0,0,2,4,1,2,2,0,2,6,2,3,2,5,4,4,0,4,4,2,0,4,0,3,6,1,2,6,3,4,2,5,7,6,14,19,14,16,23,25,28,30,30,19,19,28,23,33,27,29,20,31,38,42,35,45,44,57,46,48,51,48,53,50,62,70,61,72,73,79,85,97,100,91,92,91,100,105,118,101,110,104,115,109,122,121,162,121,155,141,129,147,152,152,158,172,149,154,180,179,165,159,187,188,185,190,204,199,202,226,206,232,212,188,228,204,247,244,207,218,239,231,219,292,271,253,304,289,243,249,256,240,211,256,248,230,262,289,268,255,252,223,223,237,285,275,267,260,237,246,318,258,305,274,268,258,269,268,256,263,259,249,305,250,303,292,324,276,309,297,315,279,299,299,322,309,317,308,309,290,312,305,296,323,367,298,310,313,313,316,317,317,333,301,314,283,292,236,254,243,246,216,177,163,157,153,112,97,104,80,75,72,64,48,45,41,18,15,21,14,3,6,8,3,4,2,2,1,4,0,0,0,0,1,0,0,0,0,0,0,0,0,0,0,0,0,0,0,0,0,0,0,0,0,0,0,0,0,0,0,0,0,0,0,0,0,0
91.25,0,0,1,0,0,0,1,0,0,0,0,0,0,0,0,1,0,0,0,1,0,2,0,0,0,2,0,1,1,1,1,2,1,0,0,3,1,0,2,2,2,2,2,2,4,1,3,1,1,1,3,3,2,4,1,3,1,2,2,3,3,3,2,4,4,2,2,10,16,13,16,25,28,13,24,13,16,28,23,32,27,28,46,36,36,33,29,51,54,31,38,53,55,47,54,54,57,73,69,67,78,80,73,89,80,99,117,73,93,109,105,111,113,104,114,110,111,118,123,154,128,155,143,129,150,144,142,160,176,154,148,171,190,154,161,200,192,177,177,222,198,201,223,202,235,213,188,224,214,241,249,204,229,241,239,227,251,268,234,298,266,242,242,252,238,213,244,247,226,254,285,272,251,262,225,223,219,296,278,277,256,235,244,308,270,305,274,260,256,275,272,262,265,261,243,307,252,299,284,318,276,313,305,317,277,295,301,328,311,313,300,307,292,309,303,297,322,361,296,312,313,309,316,317,317,329,301,316,283,292,234,252,241,246,220,179,163,159,153,112,97,104,82,75,72,64,48,45,41,18,15,21,14,3,6,8,3,4,2,2,1,4,0,0,0,0,1,0,0,0,0,0,0,0,0,0,0,0,0,0,0,0,0,0,0,0,0,0,0,0,0,0,0,0,0,0,0,0,0,0
91.35,0,0,0,0,1,0,0,0,0,0,0,0,0,0,0,0,1,0,0,0,0,0,1,1,0,1,0,1,1,1,0,1,1,0,1,1,1,0,0,1,0,0,2,0,4,2,1,5,1,1,4,2,1,2,2,3,3,3,2,0,5,3,4,3,1,4,6,12,16,20,24,22,14,22,21,18,23,18,30,35,37,27,38,31,35,29,38,33,39,33,42,36,44,34,61,55,53,71,61,74,71,92,82,84,83,105,97,80,90,104,107,122,107,110,111,116,106,124,125,137,141,154,136,132,141,146,139,169,166,150,146,180,188,163,163,192,192,180,169,199,218,203,234,205,234,216,194,239,206,253,265,211,234,240,239,225,241,262,227,262,272,237,244,247,244,211,243,245,226,256,261,268,259,252,225,221,236,304,274,283,258,234,238,300,272,287,274,264,266,275,266,268,257,253,233,309,256,303,284,322,278,305,293,313,275,287,305,332,307,311,304,307,292,307,307,297,322,357,300,312,311,309,320,319,317,331,301,316,281,292,236,252,241,246,220,177,163,159,153,112,97,104,82,75,72,64,48,43,41,18,17,21,14,3,6,8,3,4,2,2,1,4,0,0,0,0,1,0,0,0,0,0,0,0,0,0,0,0,0,0,0,0,0,0,0,0,0,0,0,0,0,0,0,0,0,0,0,0,0,0
91.45,0,0,0,0,0,0,0,0,0,1,0,0,0,1,0,0,1,0,1,0,0,1,0,0,0,0,0,0,0,0,1,1,2,1,2,2,1,0,0,3,1,1,3,3,2,3,2,2,1,3,3,1,6,1,5,0,4,4,1,4,6,2,2,1,2,6,6,16,22,21,25,23,19,30,24,17,27,28,23,31,23,28,27,31,33,44,32,36,33,30,41,53,47,56,50,50,53,76,57,66,83,79,77,72,96,80,92,89,93,93,119,125,122,113,113,113,114,137,128,140,132,147,140,130,132,145,136,159,176,140,149,172,179,167,172,202,184,202,166,199,205,226,233,208,246,219,176,256,216,261,265,201,232,233,233,233,235,275,218,259,262,241,248,253,243,214,246,250,218,272,262,276,259,260,227,219,234,306,276,275,262,244,248,290,286,293,270,264,258,283,268,262,247,247,243,305,252,313,282,316,270,297,291,319,277,289,305,339,310,313,306,303,294,311,305,297,324,359,298,312,309,307,320,319,317,329,301,318,281,292,236,250,241,248,220,177,163,159,153,112,97,104,82,75,70,64,48,43,41,18,17,21,14,3,8,8,3,4,2,2,1,4,0,0,0,0,1,0,0,0,0,0,0,0,0,0,0,0,0,0,0,0,0,0,0,0,0,0,0,0,0,0,0,0,0,0,0,0,0,0
91.55,0,0,0,0,0,0,0,0,0,0,0,0,0,1,1,0,1,0,0,0,0,1,0,0,1,3,3,1,0,2,1,1,2,0,3,1,2,3,1,1,3,1,2,3,4,1,7,2,0,2,1,4,3,3,3,1,3,2,5,3,3,2,1,0,3,0,2,10,9,31,16,13,17,23,28,18,25,32,26,30,25,35,24,30,42,39,30,30,43,43,46,29,53,47,49,49,68,57,61,79,77,70,102,86,88,90,73,113,96,102,106,120,123,109,114,118,109,134,135,136,129,148,141,135,136,139,143,155,177,141,155,170,173,166,175,186,216,183,163,198,210,193,243,201,229,224,187,245,206,244,256,206,244,229,238,232,257,276,226,257,268,235,248,283,247,220,242,246,228,264,244,268,255,262,223,221,232,293,271,262,262,236,248,286,286,289,276,274,252,281,272,262,253,251,241,315,255,302,280,326,274,297,285,319,275,281,305,339,306,313,304,303,294,303,311,295,326,361,298,310,309,309,320,321,317,331,303,322,283,292,236,252,243,248,222,177,163,159,153,112,97,104,82,75,70,64,46,39,41,18,17,21,14,3,8,8,3,4,2,2,1,4,0,0,0,0,1,0,0,0,0,0,0,0,0,0,0,0,0,0,0,0,0,0,0,0,0,0,0,0,0,0,0,0,0,0,0,0,0,0
91.65,0,0,0,0,0,0,0,1,0,0,0,1,0,0,0,0,0,0,0,0,0,0,0,0,0,1,0,1,0,0,1,0,0,0,2,0,2,2,0,1,0,1,4,0,0,3,1,3,2,2,3,0,1,3,6,3,2,4,5,1,2,4,0,3,1,0,3,10,15,15,16,15,21,16,16,18,22,20,29,25,30,28,26,31,30,31,34,38,40,45,50,49,34,39,55,52,51,58,75,82,74,69,92,77,94,84,81,98,94,102,105,109,136,111,117,104,117,127,138,135,137,142,141,132,130,134,140,163,170,141,155,178,175,162,158,195,216,182,167,198,208,195,236,221,230,222,178,224,213,234,253,206,227,260,282,261,255,290,231,273,271,229,246,249,237,223,240,241,231,266,247,269,263,258,227,222,230,299,287,266,256,234,251,273,300,291,262,271,251,279,262,258,255,255,247,311,257,300,284,326,270,303,291,317,275,289,311,331,304,307,304,305,296,305,311,295,324,359,298,306,309,307,322,319,315,333,303,322,285,292,238,254,243,248,222,177,163,161,151,112,97,104,82,75,70,64,46,39,41,18,17,21,14,3,8,8,3,4,2,2,1,4,0,0,0,0,1,0,0,0,0,0,0,0,0,0,0,0,0,0,0,0,0,0,0,0,0,0,0,0,0,0,0,0,0,0,0,0,0,0
91.75,0,0,0,1,0,0,0,0,2,0,0,0,0,0,0,0,0,0,0,1,1,0,0,1,1,0,1,0,1,1,0,1,0,2,1,1,3,2,1,2,2,3,1,0,3,1,2,4,2,2,2,2,0,3,4,1,6,4,3,5,1,7,6,3,2,1,3,14,24,22,17,23,21,20,28,26,28,26,35,24,24,32,35,30,34,44,38,45,35,46,41,40,46,48,44,59,55,44,56,76,71,90,70,87,92,92,73,89,101,108,106,105,130,120,110,103,111,142,125,139,139,140,143,132,126,148,154,170,182,144,155,197,174,156,149,185,201,178,166,189,204,200,241,196,234,217,176,217,203,243,263,202,234,235,253,230,264,273,225,265,273,234,248,247,237,212,232,252,234,274,247,271,267,252,227,216,236,307,281,274,254,241,243,285,294,289,284,267,247,277,262,258,261,261,249,307,256,293,286,322,268,295,287,321,275,287,311,327,306,307,304,311,292,312,308,291,324,357,298,310,311,313,324,315,313,333,301,324,287,290,238,254,243,252,222,175,163,165,151,112,97,104,82,75,70,64,46,39,41,18,17,21,14,3,8,8,3,4,2,2,1,4,0,0,0,0,1,0,0,0,0,0,0,0,0,0,0,0,0,0,0,0,0,0,0,0,0,0,0,0,0,0,0,0,0,0,0,0,0,0
91.85,0,1,0,0,0,0,0,0,0,0,1,0,0,0,0,0,0,0,0,0,2,0,0,0,0,2,0,0,0,2,0,1,1,1,3,1,1,1,2,2,1,2,2,0,4,2,2,5,1,3,3,0,4,1,2,1,5,3,2,2,1,3,2,2,1,3,5,7,13,15,16,21,23,23,26,23,31,22,20,20,19,37,30,30,40,39,42,39,41,40,31,51,55,62,49,61,37,58,52,77,68,83,86,91,77,91,74,84,103,113,103,109,120,123,121,102,121,129,131,129,145,142,143,136,123,137,161,161,177,140,156,184,184,163,149,181,193,182,169,193,197,211,227,192,231,210,177,220,195,247,263,206,220,246,233,241,280,260,223,278,270,244,244,269,243,218,231,239,219,282,231,275,263,254,223,216,230,295,283,272,264,236,238,281,284,296,273,274,251,279,262,260,261,257,251,299,258,291,284,324,264,299,287,323,277,285,313,324,305,313,308,305,292,312,308,291,324,359,300,314,309,309,318,315,311,333,299,326,285,288,236,256,243,250,224,177,165,165,153,112,97,106,82,75,70,64,46,39,41,18,17,21,14,3,8,8,3,4,2,2,1,4,0,0,0,0,1,0,0,0,0,0,0,0,0,0,0,0,0,0,0,0,0,0,0,0,0,0,0,0,0,0,0,0,0,0,0,0,0,0
91.95,0,0,0,0,1,0,0,0,0,0,1,1,0,0,0,1,1,1,0,1,1,0,0,0,0,0,0,4,0,0,1,2,2,1,3,2,2,1,0,2,0,0,2,1,1,1,2,4,3,6,3,1,4,5,1,1,3,2,1,0,1,3,2,4,3,2,2,11,18,24,24,17,26,21,23,24,28,21,37,31,27,42,27,32,29,29,35,40,48,56,36,47,43,49,54,51,54,58,71,53,78,71,74,84,82,85,90,78,98,111,102,104,120,125,112,107,115,129,123,126,150,135,152,140,129,136,148,185,193,158,150,162,167,162,150,185,209,182,183,192,203,216,238,209,228,209,183,221,201,255,251,200,212,236,229,227,254,258,225,260,252,239,249,254,241,211,238,251,233,253,240,267,257,256,225,216,225,290,283,273,256,226,242,283,268,293,271,266,247,282,269,262,257,253,251,307,252,291,282,319,267,301,293,325,275,283,307,332,303,315,310,307,296,318,302,293,332,359,300,312,309,309,324,317,311,335,297,322,283,288,236,256,243,250,224,177,165,165,153,112,97,106,82,73,70,64,48,39,41,18,17,21,14,3,8,8,3,4,2,2,1,4,0,0,0,0,1,0,0,0,0,0,0,0,0,0,0,0,0,0,0,0,0,0,0,0,0,0,0,0,0,0,0,0,0,0,0,0,0,0
92.05,0,0,0,0,0,0,1,0,0,0,1,0,0,0,0,0,0,0,1,0,0,0,0,0,0,0,0,1,1,0,2,0,2,0,0,0,0,0,2,1,3,1,1,1,0,2,3,4,5,3,2,4,1,1,3,5,6,5,3,5,2,1,3,2,2,1,3,10,17,18,24,19,22,18,31,35,32,25,41,35,34,38,36,31,36,48,41,28,35,51,64,38,62,46,57,61,66,62,59,69,41,85,87,69,82,96,82,81,84,124,101,94,124,114,117,100,111,120,132,130,147,131,152,141,134,149,139,155,183,140,147,162,173,161,163,188,204,184,172,209,193,194,221,231,227,210,181,215,207,248,255,201,227,240,223,228,244,263,219,246,261,239,245,256,237,212,241,244,217,257,234,261,261,252,233,216,240,302,280,271,258,242,248,279,258,286,266,264,259,272,265,262,257,257,247,309,250,301,284,322,268,313,287,321,287,285,303,326,305,313,314,313,296,322,298,297,330,355,300,312,307,303,320,323,311,327,295,324,285,290,238,256,247,254,226,177,165,165,153,110,97,108,82,73,70,64,48,39,41,18,17,21,14,3,8,8,3,4,2,2,1,4,0,0,0,0,1,0,0,0,0,0,0,0,0,0,0,0,0,0,0,0,0,0,0,0,0,0,0,0,0,0,0,0,0,0,0,0,0,0
92.15,0,0,0,0,0,1,0,0,0,1,0,0,0,0,0,0,0,2,0,0,0,0,1,0,0,0,1,0,0,0,0,1,1,1,0,1,0,0,0,3,2,0,2,3,0,2,3,3,3,3,5,3,4,0,2,5,2,5,3,1,2,3,1,6,3,4,3,12,17,18,11,22,29,21,16,20,21,18,18,25,25,30,31,37,47,44,26,49,54,39,34,43,44,56,67,58,67,62,53,68,68,68,86,62,84,82,98,85,84,105,99,94,127,113,109,108,109,124,130,117,142,138,144,137,132,141,141,156,179,146,150,169,169,157,150,199,182,183,161,204,195,193,195,228,229,226,191,218,246,247,252,203,286,234,227,220,243,260,232,237,256,233,247,251,243,220,240,243,229,262,235,273,261,258,225,220,230,290,291,268,268,236,238,285,252,288,268,272,255,270,265,272,261,255,236,309,256,301,288,318,266,311,289,313,281,285,299,325,301,319,308,315,296,318,300,297,320,361,300,306,315,303,320,321,309,333,295,326,287,292,238,256,247,256,228,179,163,167,153,110,97,112,80,73,70,64,48,39,41,18,17,21,14,3,8,8,3,4,2,2,1,4,0,0,0,0,1,0,0,0,0,0,0,0,0,0,0,0,0,0,0,0,0,0,0,0,0,0,0,0,0,0,0,0,0,0,0,0,0,0
92.25,0,0,0,0,1,0,0,0,0,0,0,1,0,0,0,0,0,0,1,0,1,0,0,0,1,1,1,1,0,1,0,0,0,0,1,2,0,0,0,3,2,1,2,1,2,3,0,1,0,1,1,3,1,0,2,1,2,5,3,2,4,5,7,4,1,1,4,17,14,28,24,20,18,24,29,24,28,22,19,30,23,33,27,42,34,41,40,47,45,44,46,40,45,50,49,66,47,68,67,64,61,57,67,79,78,87,105,86,91,94,93,96,123,115,113,113,100,127,118,133,140,145,133,145,122,143,150,149,170,143,149,165,176,179,140,216,201,176,188,201,199,185,219,215,241,241,185,240,197,248,253,207,206,235,242,217,247,266,225,239,256,238,242,245,254,209,244,249,232,261,236,284,267,251,224,218,240,286,287,270,280,238,238,289,244,300,266,272,247,280,259,260,251,257,240,313,260,303,284,321,263,301,285,311,281,289,303,329,305,323,310,315,292,324,300,300,317,359,300,308,313,303,322,319,309,331,293,328,285,296,236,256,251,254,232,181,165,165,155,110,97,112,80,73,70,64,48,39,43,18,15,21,14,3,8,8,3,4,2,2,1,4,0,0,0,0,1,0,0,0,0,0,0,0,0,0,0,0,0,0,0,0,0,0,0,0,0,0,0,0,0,0,0,0,0,0,0,0,0,0
92.35,0,1,0,0,0,0,0,0,0,1,0,0,0,0,0,0,0,0,0,0,0,0,0,0,0,0,0,1,3,1,1,2,0,0,0,1,0,3,2,5,1,0,2,0,3,0,3,3,4,1,0,2,2,1,5,2,5,4,4,2,1,2,4,4,2,7,2,5,16,22,18,24,16,22,18,25,23,20,27,25,27,43,38,34,40,35,36,39,39,53,43,53,53,54,54,52,50,66,57,75,70,68,63,91,76,73,101,80,89,88,102,89,124,104,106,109,114,119,116,120,137,137,137,145,121,151,141,163,159,140,153,158,179,163,139,186,186,176,172,198,197,191,196,200,220,229,194,218,197,233,255,211,200,235,232,214,240,255,233,300,280,236,244,266,242,219,245,248,242,257,248,270,271,253,220,215,241,296,289,268,276,230,242,285,242,296,268,276,253,280,256,260,259,257,250,325,256,297,294,317,269,295,293,307,289,293,301,325,299,321,316,313,294,326,302,308,321,359,298,308,311,303,318,323,303,331,293,328,285,294,238,256,249,258,234,181,163,165,155,110,97,112,80,75,70,64,48,39,43,18,15,21,14,3,8,8,3,4,2,2,1,4,0,0,0,0,1,0,0,0,0,0,0,0,0,0,0,0,0,0,0,0,0,0,0,0,0,0,0,0,0,0,0,0,0,0,0,0,0,0
92.45,0,0,0,0,0,1,0,0,0,1,0,0,0,0,0,0,1,0,0,0,1,0,2,0,0,0,1,1,0,0,2,2,0,2,0,0,1,2,2,0,0,1,2,1,2,5,4,4,0,2,1,2,2,2,1,3,2,2,2,1,6,4,1,2,1,1,4,7,21,11,17,18,19,22,26,28,21,25,27,36,18,33,32,31,43,41,32,38,39,46,51,38,59,59,44,63,73,52,79,70,66,66,64,100,69,82,82,82,89,84,97,97,130,109,105,107,118,111,117,117,142,123,144,144,124,161,134,147,160,145,145,151,173,163,144,187,192,172,182,217,197,208,197,197,214,221,192,217,196,260,252,201,211,228,234,213,236,263,232,277,328,236,251,251,248,209,253,247,232,259,234,274,253,254,225,219,261,284,284,263,266,238,236,283,258,292,262,282,247,282,261,264,253,253,246,321,250,299,294,325,273,301,301,321,285,287,302,324,297,313,314,313,298,328,300,300,325,359,298,306,311,307,320,321,303,331,293,324,283,296,238,256,249,254,232,179,161,165,155,106,97,112,80,75,72,62,48,39,43,18,15,21,14,3,8,8,3,4,2,2,1,4,0,0,0,0,1,0,0,0,0,0,0,0,0,0,0,0,0,0,0,0,0,0,0,0,0,0,0,0,0,0,0,0,0,0,0,0,0,0
92.55,0,0,0,0,0,0,1,0,0,0,0,0,0,0,2,0,0,0,1,0,1,0,1,0,2,1,2,1,2,2,0,0,0,1,1,1,1,0,2,1,0,3,1,2,2,4,1,1,5,1,2,5,3,2,4,2,1,4,4,3,1,3,3,2,5,5,5,12,20,22,25,22,27,31,25,29,29,44,32,34,34,36,33,32,35,40,51,39,42,53,44,52,36,52,46,55,80,72,73,64,73,64,75,82,75,70,81,86,93,86,98,95,122,112,111,106,119,109,125,115,145,125,143,140,124,150,148,145,162,155,151,162,167,162,139,176,208,169,183,202,207,196,199,193,214,233,203,257,194,243,274,198,207,225,233,216,239,251,233,276,253,234,244,251,240,206,255,245,236,249,242,280,271,262,230,223,265,296,270,257,256,238,240,285,262,296,270,273,254,280,265,264,255,255,252,309,254,295,292,328,266,309,293,325,275,283,302,320,301,317,316,311,302,326,304,300,327,355,296,312,309,315,320,321,305,331,293,322,283,294,240,254,247,252,230,179,159,169,153,106,97,116,78,75,72,62,48,39,43,18,15,21,14,3,8,8,3,4,2,2,1,4,0,0,0,0,1,0,0,0,0,0,0,0,0,0,0,0,0,0,0,0,0,0,0,0,0,0,0,0,0,0,0,0,0,0,0,0,0,0
92.65,0,0,1,0,1,0,0,0,0,0,0,0,0,0,0,1,0,0,0,1,1,0,0,0,2,2,0,3,1,0,2,2,1,1,1,0,1,0,2,2,1,0,1,2,3,2,2,1,1,1,2,3,7,0,3,1,4,1,3,2,2,3,2,5,1,3,7,11,19,21,29,26,37,30,25,21,25,29,31,29,33,38,40,40,34,35,40,37,41,40,48,48,52,53,55,62,67,71,74,56,80,78,77,81,86,61,75,84,83,90,94,105,118,113,115,99,118,107,124,112,136,134,139,136,124,149,139,141,161,149,147,149,163,155,141,177,185,171,184,224,191,211,191,194,212,228,190,217,219,245,258,198,203,239,238,217,245,253,235,249,282,232,246,261,246,210,247,249,224,267,248,275,271,250,227,221,259,304,268,260,254,237,246,277,248,286,272,267,250,272,265,264,255,255,244,313,256,291,278,334,260,301,291,319,282,278,304,324,305,319,318,309,298,322,302,300,335,357,296,312,311,309,318,319,305,333,295,316,285,292,238,256,245,256,232,179,159,169,153,108,95,116,78,77,72,62,48,39,43,18,15,21,14,3,8,8,3,4,2,2,1,4,0,0,0,0,1,0,0,0,0,0,0,0,0,0,0,0,0,0,0,0,0,0,0,0,0,0,0,0,0,0,0,0,0,0,0,0,0,0
92.75,0,0,0,0,0,0,0,1,0,0,1,0,0,0,0,0,1,0,0,0,0,0,0,0,1,1,0,0,2,1,0,1,1,1,1,1,1,2,2,3,1,4,0,1,2,2,0,2,4,3,2,3,3,5,0,1,3,3,1,1,2,3,1,2,3,2,4,8,12,14,23,15,22,18,29,22,21,24,28,31,36,37,29,36,39,33,41,28,46,52,36,49,53,60,59,68,56,65,62,58,76,72,80,79,88,84,69,84,85,99,83,103,111,116,114,97,118,102,125,121,137,129,138,135,126,152,138,138,165,167,180,152,162,152,136,174,185,182,162,209,190,184,200,199,213,236,199,223,197,244,243,211,203,235,238,214,250,258,223,248,240,241,246,241,250,214,249,240,240,267,244,269,251,258,227,213,251,296,272,252,249,224,236,283,244,290,272,271,246,276,273,256,259,251,234,315,252,301,280,322,264,301,293,325,280,282,298,324,305,319,322,307,296,322,308,298,331,353,298,308,311,309,316,323,311,341,295,316,283,292,238,256,245,256,232,177,157,169,153,108,95,116,78,77,72,62,48,39,43,18,15,21,14,3,8,8,3,4,2,2,1,4,0,0,0,0,1,0,0,0,0,0,0,0,0,0,0,0,0,0,0,0,0,0,0,0,0,0,0,0,0,0,0,0,0,0,0,0,0,0
92.85,0,1,0,0,0,0,0,0,0,1,0,2,0,1,0,0,0,1,0,0,0,0,1,0,0,0,0,1,1,0,2,0,0,2,2,0,0,0,1,3,0,2,4,1,3,0,2,2,2,2,3,0,3,2,2,1,4,3,2,2,3,6,2,6,1,1,3,15,13,13,18,29,26,22,24,24,18,24,25,27,41,26,30,39,35,40,41,49,49,59,54,48,62,63,57,55,77,62,68,77,53,84,79,76,66,82,85,88,86,97,87,94,126,104,104,98,120,114,114,118,150,112,148,135,124,156,139,133,187,140,178,159,169,149,145,167,194,188,169,209,196,184,203,188,219,214,188,198,204,275,234,213,207,225,240,214,278,262,226,253,237,237,248,236,301,212,247,242,262,243,246,274,266,258,223,223,237,287,267,252,253,235,237,277,251,288,258,278,253,272,261,260,253,257,244,319,258,295,277,323,268,301,291,325,278,278,298,324,302,321,316,309,292,320,310,304,327,357,306,308,309,309,318,321,311,341,295,314,283,290,240,256,245,258,236,177,157,169,153,108,97,116,78,77,72,62,48,39,43,18,15,21,14,3,8,8,3,4,2,2,1,4,0,0,0,0,1,0,0,0,0,0,0,0,0,0,0,0,0,0,0,0,0,0,0,0,0,0,0,0,0,0,0,0,0,0,0,0,0,0
92.95,0,0,0,1,0,0,0,0,0,0,0,0,0,1,1,0,0,1,0,1,0,0,0,0,1,0,1,0,2,0,1,1,1,0,2,3,2,0,0,2,1,1,1,2,2,3,3,1,1,1,1,3,3,1,1,3,2,1,5,2,4,3,2,5,3,3,3,16,19,23,22,26,19,23,35,25,30,34,37,33,39,32,43,33,38,41,41,50,45,44,48,63,57,43,64,68,61,72,70,65,60,85,71,79,81,68,99,87,87,82,91,114,102,118,112,89,121,120,110,112,141,109,139,134,128,151,141,128,163,135,153,162,165,153,170,183,205,182,154,250,187,204,223,202,239,214,195,194,224,250,238,200,209,228,291,212,248,272,226,245,242,235,242,238,244,208,247,242,260,243,258,281,254,262,221,217,231,297,267,252,249,233,231,278,248,296,270,270,253,276,262,262,255,255,244,317,260,291,287,323,258,300,293,325,284,280,302,324,298,319,316,311,292,322,306,302,327,359,306,308,307,307,318,321,311,341,299,312,279,290,236,254,245,258,238,177,157,169,153,108,95,116,78,77,70,60,48,39,43,18,15,21,14,3,8,8,3,4,2,2,1,4,0,0,0,0,1,0,0,0,0,0,0,0,0,0,0,0,0,0,0,0,0,0,0,0,0,0,0,0,0,0,0,0,0,0,0,0,0,0
93.05,0,0,0,0,0,0,1,0,0,0,0,0,0,1,0,0,0,0,0,0,0,1,0,2,1,0,0,0,1,1,1,2,2,0,0,1,2,2,1,0,3,1,0,0,2,3,3,0,2,1,2,3,7,1,3,5,3,3,2,4,4,5,7,4,3,1,4,15,27,17,15,26,26,31,30,27,19,32,35,33,31,40,30,37,42,48,32,45,35,48,55,62,56,51,57,59,50,67,80,64,74,79,63,80,76,92,94,84,87,81,95,89,102,120,110,82,124,115,116,112,126,112,138,126,131,154,149,130,150,139,151,160,161,146,166,169,199,175,162,208,200,192,210,199,217,214,208,216,204,241,230,200,213,225,240,258,250,272,226,241,242,243,259,229,236,212,243,242,246,249,248,281,260,256,222,225,241,303,271,257,245,237,247,278,250,296,258,278,241,278,258,266,261,257,246,305,256,297,291,323,264,292,293,317,284,284,304,326,302,323,308,311,286,320,306,304,323,359,304,308,307,305,314,319,311,335,303,312,279,294,240,250,245,258,234,177,155,169,153,108,95,116,78,77,70,60,48,39,43,18,15,21,14,3,8,8,3,4,2,2,1,4,0,0,0,0,1,0,0,0,0,0,0,0,0,0,0,0,0,0,0,0,0,0,0,0,0,0,0,0,0,0,0,0,0,0,0,0,0,0
93.15,0,0,0,0,0,0,0,0,0,0,0,0,0,0,1,0,0,1,0,0,0,0,0,0,0,1,0,1,1,1,0,1,0,0,0,3,0,2,2,1,1,0,4,5,3,5,2,1,3,3,4,2,2,0,3,3,1,1,4,1,2,2,1,5,5,0,5,14,19,25,17,25,24,23,25,17,28,33,24,19,27,32,25,37,35,33,38,48,41,44,56,55,52,60,34,55,67,59,85,66,70,70,68,73,80,84,105,85,74,84,93,91,91,123,103,89,116,118,119,109,128,117,137,127,127,143,149,135,150,143,146,162,154,147,151,170,214,188,144,199,194,187,198,220,224,219,204,205,221,243,246,206,204,225,246,233,235,267,235,247,244,235,257,235,240,208,249,236,240,245,250,277,260,257,217,229,246,294,271,252,253,233,246,276,244,290,260,272,245,274,261,269,253,257,250,303,252,295,291,315,274,296,289,311,280,294,308,326,302,315,306,311,284,322,304,308,319,357,300,308,311,303,314,317,311,335,305,314,277,294,238,250,245,258,236,177,157,169,153,108,95,116,78,77,70,60,48,39,43,18,15,21,14,3,8,8,3,4,2,2,1,4,0,0,0,0,1,0,0,0,0,0,0,0,0,0,0,0,0,0,0,0,0,0,0,0,0,0,0,0,0,0,0,0,0,0,0,0,0,0
93.25,0,0,0,1,0,0,0,1,0,0,0,1,0,0,0,1,0,1,0,0,1,0,0,0,0,0,0,0,1,0,2,0,2,1,2,1,0,1,0,4,5,1,1,0,1,7,2,3,3,4,0,2,2,3,1,3,3,3,5,1,1,2,1,3,3,2,1,15,21,15,22,15,21,17,21,23,33,28,24,24,37,34,33,27,39,40,44,42,37,33,45,41,44,62,58,54,45,65,79,72,79,61,76,75,78,78,95,85,83,77,102,95,90,124,102,82,124,120,119,107,125,124,140,126,135,158,148,137,150,142,168,152,159,161,170,195,197,208,148,199,195,178,217,199,216,206,189,200,195,249,256,229,207,227,242,218,236,272,220,251,250,239,269,237,246,216,243,246,252,251,250,295,254,253,219,231,242,292,267,248,249,227,234,284,248,296,270,278,243,276,261,259,255,255,252,303,254,306,292,321,268,296,282,306,282,296,302,324,302,317,300,309,284,318,306,306,321,359,302,312,309,303,316,317,315,335,305,314,279,288,240,252,245,258,234,179,157,169,153,108,95,116,80,77,70,60,46,39,43,18,15,21,14,3,8,8,3,4,2,2,1,4,0,0,0,0,1,0,0,0,0,0,0,0,0,0,0,0,0,0,0,0,0,0,0,0,0,0,0,0,0,0,0,0,0,0,0,0,0,0
93.35,0,0,0,0,0,0,0,1,0,0,0,0,0,1,0,0,0,0,0,0,0,1,0,0,0,0,0,1,1,0,2,1,0,0,1,0,1,0,2,3,0,0,4,1,3,3,2,2,2,3,3,8,2,2,2,2,5,3,4,2,2,2,1,6,1,2,3,9,22,22,13,23,19,20,27,23,20,28,24,33,25,42,27,24,27,29,33,42,46,34,34,42,53,41,57,63,65,65,61,71,78,69,71,77,70,85,85,92,86,75,84,105,100,112,95,84,122,119,115,108,116,126,144,124,133,141,165,139,150,131,157,156,161,151,156,175,199,195,149,222,198,175,207,191,218,220,185,212,195,245,252,204,209,222,239,223,243,265,232,258,236,245,263,239,247,206,246,241,248,241,258,294,265,255,213,241,238,296,269,264,254,239,236,274,254,292,268,284,249,284,261,264,262,255,246,299,256,306,286,327,268,300,290,310,278,298,306,320,308,313,300,305,286,312,310,308,323,361,304,314,307,305,314,317,315,331,305,312,279,282,240,254,245,258,234,177,159,169,153,108,95,116,80,77,70,60,46,39,43,18,15,21,14,3,8,8,3,4,2,2,1,4,0,0,0,0,1,0,0,0,0,0,0,0,0,0,0,0,0,0,0,0,0,0,0,0,0,0,0,0,0,0,0,0,0,0,0,0,0,0
93.45,0,0,0,0,0,0,0,0,0,0,1,0,1,2,0,0,0,0,0,0,2,0,0,0,0,0,0,0,0,0,3,1,0,0,3,1,0,2,0,2,2,1,0,1,3,1,2,2,1,3,2,5,2,5,2,5,1,1,0,2,4,4,5,1,1,3,6,13,13,27,21,23,12,23,28,34,21,20,23,21,31,25,39,30,34,25,37,46,48,37,45,43,39,56,43,66,57,60,55,60,72,84,78,77,81,83,91,87,85,74,85,89,106,117,93,93,121,128,106,113,114,126,136,131,128,139,159,142,153,135,159,174,165,157,165,180,185,186,154,218,202,186,207,193,214,207,195,206,201,242,247,200,214,215,239,210,251,275,226,248,249,241,272,251,251,208,244,245,262,245,250,284,255,254,225,236,257,288,267,254,256,233,233,279,243,292,266,276,253,274,261,258,250,257,238,303,256,298,288,319,270,306,294,314,278,294,304,318,308,305,300,307,284,310,312,310,319,365,302,311,307,301,310,321,313,329,301,316,277,278,238,256,245,258,234,177,161,169,151,108,95,116,80,77,70,60,46,39,45,18,15,21,14,3,8,8,3,4,2,2,1,4,0,0,0,0,1,0,0,0,0,0,0,0,0,0,0,0,0,0,0,0,0,0,0,0,0,0,0,0,0,0,0,0,0,0,0,0,0,0
93.55,2,0,0,0,0,0,0,0,0,0,0,1,0,0,0,0,0,0,0,0,0,0,1,1,2,0,0,0,1,2,1,0,1,1,0,1,0,2,3,3,4,2,2,1,2,2,3,2,1,4,1,1,1,7,1,3,3,1,3,2,3,1,2,1,0,1,7,12,15,12,14,16,20,29,27,23,21,18,34,27,29,29,34,33,41,35,30,25,40,41,44,41,45,44,53,61,59,57,64,79,73,84,64,88,74,73,97,93,94,85,81,98,105,116,82,101,115,118,106,113,112,136,130,130,128,136,156,145,151,135,140,157,158,156,153,182,177,186,157,212,204,210,205,204,226,244,190,216,182,266,255,188,213,215,241,207,247,274,223,235,241,241,262,234,239,204,248,235,246,251,252,280,249,260,217,212,285,290,267,246,242,227,239,281,245,298,265,266,245,270,261,256,254,257,236,299,252,296,290,319,270,298,290,314,284,288,309,318,302,307,300,305,288,310,306,308,321,363,304,313,305,301,312,319,315,327,305,318,281,280,238,256,245,258,234,177,161,169,149,108,97,114,80,77,70,60,46,39,45,18,15,21,16,3,8,8,3,4,2,2,1,4,0,0,0,0,1,0,0,0,0,0,0,0,0,0,0,0,0,0,0,0,0,0,0,0,0,0,0,0,0,0,0,0,0,0,0,0,0,0
93.65,0,0,0,0,0,0,0,0,0,0,0,0,0,0,1,0,0,1,0,0,0,0,0,1,1,1,0,0,0,0,0,0,0,0,1,1,2,3,1,0,1,6,0,3,3,1,4,3,2,5,4,1,1,3,1,0,5,5,3,3,3,1,2,5,4,6,1,11,19,25,18,33,22,22,21,30,33,34,20,26,35,35,35,32,31,35,37,46,37,31,42,47,39,52,55,47,49,58,62,66,84,71,73,82,78,68,94,105,87,73,97,95,104,106,82,107,121,107,112,109,110,129,136,124,128,146,148,152,148,130,144,148,158,153,168,191,188,196,173,200,234,177,208,200,212,216,196,226,186,253,245,194,211,216,265,220,249,273,236,238,254,247,252,226,245,222,244,237,230,248,260,284,269,258,217,210,251,295,274,251,244,229,244,278,253,310,269,274,251,268,263,264,256,258,233,303,244,294,288,317,266,295,289,318,284,290,315,326,300,305,302,309,288,308,302,312,323,365,302,315,301,305,310,317,317,327,305,318,285,278,236,256,245,256,232,177,161,169,149,108,95,114,78,77,70,60,46,39,45,18,15,21,16,3,8,8,3,4,2,2,1,4,0,0,0,0,1,0,0,0,0,0,0,0,0,0,0,0,0,0,0,0,0,0,0,0,0,0,0,0,0,0,0,0,0,0,0,0,0,0
93.75,0,0,0,0,1,0,0,0,0,0,0,0,0,0,0,1,0,0,0,1,1,0,0,0,0,0,2,1,0,1,0,2,0,1,1,0,1,2,0,2,2,0,3,2,2,4,1,9,2,0,4,2,2,1,2,4,2,1,2,2,2,1,2,3,1,2,3,12,14,15,22,23,16,25,11,25,27,25,26,19,25,24,27,25,40,30,42,37,36,53,40,42,50,53,52,45,44,51,61,66,84,66,77,69,79,85,95,106,93,75,112,96,97,104,101,126,108,114,118,109,112,135,124,119,133,150,138,156,149,129,144,155,153,150,159,187,177,207,164,206,197,175,208,207,203,226,189,208,191,248,240,191,205,221,241,213,256,282,230,231,247,245,243,239,243,214,253,242,236,250,250,282,269,260,227,211,225,299,271,254,250,229,242,272,247,342,269,272,249,266,267,260,252,260,245,299,252,294,294,321,262,301,293,320,288,276,315,332,306,307,312,303,296,310,298,306,323,363,306,315,299,305,312,321,311,327,307,318,285,278,236,256,247,256,232,177,161,169,150,108,95,114,78,77,70,60,44,39,45,18,15,21,16,3,8,8,3,4,2,2,1,4,0,0,0,0,1,0,0,0,0,0,0,0,0,0,0,0,0,0,0,0,0,0,0,0,0,0,0,0,0,0,0,0,0,0,0,0,0,0
93.85,0,0,0,0,0,0,1,0,0,0,0,1,0,0,0,0,0,0,0,0,1,0,1,0,2,0,0,2,0,0,0,1,2,1,2,2,1,3,2,4,2,2,1,2,2,1,2,2,3,4,0,3,2,3,3,3,0,5,0,5,4,2,2,0,1,2,1,9,13,15,15,23,22,26,25,26,18,28,23,23,28,34,37,37,28,33,30,40,37,37,47,49,51,53,47,53,48,64,47,73,65,59,77,87,71,76,104,95,90,77,103,97,95,113,114,128,101,110,118,121,104,131,128,124,126,147,155,145,150,125,150,159,160,155,172,179,179,176,164,206,206,175,200,196,203,248,192,205,193,244,264,193,248,221,236,216,230,318,226,233,237,252,248,231,248,208,250,238,222,252,244,280,265,259,226,210,239,287,269,252,258,225,236,274,249,370,259,278,243,280,269,264,254,260,245,297,261,302,288,327,264,293,291,314,288,282,311,326,304,311,312,309,299,309,302,308,323,365,302,317,299,305,310,319,317,327,303,316,283,278,236,256,247,256,234,177,167,169,150,108,95,114,78,77,70,60,44,39,45,18,15,21,16,3,8,8,3,4,2,2,1,4,0,0,0,0,1,0,0,0,0,0,0,0,0,0,0,0,0,0,0,0,0,0,0,0,0,0,0,0,0,0,0,0,0,0,0,0,0,0
93.95,1,0,0,1,0,0,0,0,0,0,0,0,0,0,0,0,0,0,0,2,1,2,0,0,0,1,0,0,1,1,1,0,1,0,0,0,0,0,1,1,0,1,2,2,4,2,0,1,4,3,2,0,1,4,4,0,3,1,4,4,5,2,4,3,2,1,2,7,20,12,24,19,16,35,19,25,24,22,19,31,27,27,28,36,39,30,32,33,37,49,51,44,44,40,47,58,56,56,58,73,39,74,86,74,92,88,97,93,87,81,99,101,98,105,103,127,96,107,120,118,108,130,119,138,132,155,155,157,149,120,151,150,161,153,152,184,186,179,164,206,202,175,211,192,201,230,211,227,196,236,234,191,223,214,236,216,230,275,227,229,246,247,242,235,238,212,234,244,228,254,252,289,268,251,220,214,229,293,265,248,246,243,240,278,251,354,259,274,247,274,269,264,254,256,247,295,261,304,278,323,260,291,295,316,284,282,313,326,306,311,312,313,297,303,302,306,327,361,302,317,303,307,308,319,317,329,299,318,285,276,232,258,249,256,232,177,167,169,150,108,97,114,78,77,70,58,44,39,45,18,15,21,16,3,8,8,3,4,2,2,1,4,0,0,0,0,1,0,0,0,0,0,0,0,0,0,0,0,0,0,0,0,0,0,0,0,0,0,0,0,0,0,0,0,0,0,0,0,0,0
94.05,0,0,0,0,1,0,0,1,1,0,0,0,0,0,1,0,0,0,0,0,0,4,0,1,0,1,1,2,1,1,4,2,1,0,1,0,3,2,1,3,0,2,2,0,1,2,4,3,4,3,4,1,0,3,2,5,1,0,5,2,3,0,1,5,3,4,4,6,17,11,17,20,23,18,23,25,32,29,26,28,41,27,40,30,20,30,36,34,42,39,35,42,45,47,56,54,61,65,63,59,54,70,85,72,100,80,89,83,93,85,94,88,91,107,106,121,104,102,114,126,115,129,118,118,126,151,138,151,148,135,155,174,164,155,162,200,176,175,175,212,205,180,193,196,213,239,217,258,196,233,236,184,201,212,236,216,241,261,221,234,246,247,242,241,243,210,233,232,218,260,240,280,264,255,224,208,239,289,273,256,250,239,234,283,245,344,269,276,247,280,255,262,260,260,239,297,259,306,280,319,263,300,289,316,288,282,311,330,304,313,310,315,293,305,306,302,331,357,308,321,303,305,312,317,317,325,299,320,287,276,234,258,251,258,230,177,165,167,150,108,97,114,78,77,70,58,44,39,45,18,15,21,16,3,8,8,3,4,2,2,1,4,0,0,0,0,1,0,0,0,0,0,0,0,0,0,0,0,0,0,0,0,0,0,0,0,0,0,0,0,0,0,0,0,0,0,0,0,0,0
94.15,1,0,1,0,0,0,0,0,0,0,0,0,0,1,0,1,0,0,2,0,0,1,1,0,2,0,0,1,0,2,2,0,0,2,1,0,2,3,1,0,0,1,3,6,2,2,1,5,2,1,1,3,2,1,1,3,1,4,1,1,6,2,0,3,1,4,4,10,24,13,24,21,23,17,14,21,20,24,30,28,34,30,34,44,34,34,40,32,45,35,44,44,48,50,46,53,54,64,62,51,60,53,80,72,101,82,89,79,88,100,95,86,87,119,104,115,99,111,117,127,114,126,122,120,115,163,142,164,146,129,165,155,163,160,175,179,215,183,167,203,193,186,202,194,200,209,205,235,209,237,239,186,200,217,233,220,236,266,225,232,250,263,250,233,245,213,232,242,218,236,262,280,261,254,216,207,224,291,268,247,244,229,238,279,245,294,273,288,251,280,261,262,260,258,234,301,257,292,278,325,261,306,291,314,280,286,313,330,300,315,312,311,291,305,308,298,333,355,310,319,307,303,314,319,316,331,299,318,289,276,234,258,253,256,228,177,165,167,152,110,97,114,78,77,70,58,44,39,45,18,15,21,16,3,8,8,3,4,2,2,1,4,0,0,0,0,1,0,0,0,0,0,0,0,0,0,0,0,0,0,0,0,0,0,0,0,0,0,0,0,0,0,0,0,0,0,0,0,0,0
94.25,0,0,0,0,0,0,0,0,1,0,0,1,0,0,0,0,0,0,0,0,0,1,0,1,0,0,1,2,0,2,2,2,0,0,2,1,0,1,0,2,0,1,3,1,0,1,2,3,3,4,5,4,2,2,2,1,3,3,1,1,2,2,2,2,3,6,7,12,17,17,22,21,24,23,30,31,24,28,29,30,43,25,44,35,33,37,45,39,37,42,45,43,54,54,40,58,57,49,65,54,68,71,59,85,88,93,70,77,88,103,80,91,87,108,112,109,102,106,114,121,116,123,121,121,113,155,147,157,148,124,162,161,148,156,167,176,186,187,173,216,200,180,208,192,220,219,197,233,198,230,247,189,200,220,243,220,232,255,230,232,248,267,242,237,270,214,236,238,230,241,269,298,261,257,223,215,232,293,262,249,257,229,244,281,249,278,278,271,247,272,263,250,250,260,234,305,259,298,280,329,263,306,289,318,278,288,305,326,304,311,318,313,291,307,302,300,337,357,308,315,307,307,314,319,320,327,295,322,291,278,234,258,251,256,228,181,165,169,154,112,97,114,78,77,72,58,44,39,45,18,15,21,16,3,8,8,3,4,2,2,1,4,0,0,0,0,1,0,0,0,0,0,0,0,0,0,0,0,0,0,0,0,0,0,0,0,0,0,0,0,0,0,0,0,0,0,0,0,0,0
94.35,0,0,0,0,0,1,0,0,0,1,0,2,0,1,2,0,0,0,0,0,2,0,0,0,0,1,1,3,1,1,0,1,0,1,0,0,2,0,2,3,1,1,2,0,2,3,4,3,3,1,1,0,2,4,7,3,1,2,1,1,1,3,3,3,2,1,4,11,13,19,14,12,23,17,16,28,25,23,19,30,16,33,24,30,33,42,35,35,54,42,36,51,47,42,53,42,56,63,57,70,70,61,65,78,82,82,80,78,78,109,88,92,86,106,104,107,108,107,109,120,111,129,130,113,119,147,147,160,140,129,171,161,145,167,155,190,187,171,172,220,242,179,212,200,244,222,219,222,192,228,246,185,206,233,234,211,236,255,223,226,250,249,253,240,288,224,237,229,218,225,246,293,245,256,220,211,232,294,271,247,239,243,240,275,249,290,264,263,245,270,265,264,248,258,250,303,255,294,282,321,261,294,293,314,278,284,305,328,300,313,312,309,291,315,304,300,327,357,314,311,305,305,318,321,316,327,295,320,293,276,232,260,255,258,228,183,165,169,152,114,97,114,78,77,72,58,44,39,45,18,15,21,16,3,8,8,3,4,2,2,1,4,0,0,0,0,1,0,0,0,0,0,0,0,0,0,0,0,0,0,0,0,0,0,0,0,0,0,0,0,0,0,0,0,0,0,0,0,0,0
94.45,0,0,0,0,0,0,0,0,0,1,0,0,0,0,0,0,0,0,0,0,0,1,2,1,0,0,1,0,2,0,0,0,1,0,0,2,0,1,1,2,2,1,3,4,1,3,4,2,2,2,3,1,3,2,0,2,3,3,4,0,1,1,2,3,4,3,4,14,13,17,23,19,21,15,17,16,18,31,30,28,30,38,33,31,26,32,37,37,31,49,42,52,53,49,56,57,57,49,64,59,66,62,76,75,70,95,75,72,91,102,92,90,91,101,108,102,114,107,108,120,115,134,128,111,116,148,148,158,140,134,168,172,142,153,152,169,203,179,162,215,217,184,205,204,200,218,226,247,198,230,246,193,207,222,238,212,237,255,225,225,245,243,246,232,272,215,230,239,238,241,239,312,255,260,224,213,222,288,273,249,245,229,236,271,251,288,262,265,253,278,267,262,248,257,252,299,247,300,286,321,263,294,299,314,280,292,301,330,302,311,312,307,297,315,306,300,329,359,310,311,307,305,318,321,316,325,297,328,291,280,234,256,255,258,228,183,165,171,152,114,99,116,78,77,72,58,44,39,45,20,15,21,16,3,8,8,3,4,2,2,1,4,0,0,0,0,1,0,0,0,0,0,0,0,0,0,0,0,0,0,0,0,0,0,0,0,0,0,0,0,0,0,0,0,0,0,0,0,0,0
94.55,1,1,1,1,0,0,0,0,0,1,0,0,0,0,0,1,1,0,0,0,1,0,0,1,1,0,2,1,2,0,0,3,0,0,1,0,1,1,1,4,1,2,2,1,0,2,3,2,2,5,1,2,4,1,2,3,3,3,6,3,3,0,0,1,2,2,3,12,17,17,24,18,24,33,19,25,24,17,25,22,22,21,30,29,32,31,41,24,42,41,35,53,58,55,53,54,54,60,55,62,65,70,66,77,69,74,76,78,87,94,101,100,92,89,104,103,120,101,109,123,120,130,125,110,117,149,142,152,145,130,159,165,139,148,174,171,187,185,183,202,192,197,212,203,199,221,221,252,192,261,244,192,198,211,235,219,241,256,225,227,255,248,248,236,254,215,234,239,238,233,246,349,247,258,216,205,228,304,267,245,251,239,234,277,243,294,260,275,255,274,263,264,254,259,250,299,245,298,286,321,267,300,291,309,282,294,305,328,306,309,306,309,297,315,306,298,329,353,308,307,307,305,324,319,316,325,297,328,293,284,234,256,255,258,226,183,165,175,152,114,99,114,78,77,72,58,44,39,43,20,15,21,16,3,8,8,3,4,2,2,1,4,0,0,0,0,1,0,0,0,0,0,0,0,0,0,0,0,0,0,0,0,0,0,0,0,0,0,0,0,0,0,0,0,0,0,0,0,0,0
94.65,0,0,0,0,0,0,0,0,0,0,0,0,0,0,0,0,0,1,1,2,0,0,0,3,0,0,0,0,2,1,0,1,2,1,1,4,4,0,1,1,3,0,1,5,0,1,2,2,4,0,4,5,3,5,3,5,2,3,3,4,1,1,0,1,5,4,4,6,11,19,9,15,19,26,25,26,25,31,26,30,23,29,30,25,36,40,30,39,36,40,44,39,51,50,51,62,63,52,59,57,69,55,71,71,76,81,76,74,90,81,97,98,102,95,98,97,125,95,108,118,123,129,121,109,119,154,143,150,137,136,151,171,136,147,153,173,193,175,167,197,197,176,216,218,213,213,203,215,183,235,246,194,207,210,237,225,232,249,267,227,255,243,243,232,256,219,236,238,231,227,247,324,279,266,218,211,228,289,266,245,248,236,238,283,245,280,274,275,243,274,258,267,250,265,246,295,243,298,292,323,265,302,291,313,278,289,309,330,302,308,303,307,301,313,302,308,325,357,304,309,307,311,326,319,316,323,299,328,293,288,234,256,253,258,226,183,165,175,152,114,99,114,78,75,72,58,44,39,43,20,15,21,16,3,8,8,3,4,2,2,1,4,0,0,0,0,1,0,0,0,0,0,0,0,0,0,0,0,0,0,0,0,0,0,0,0,0,0,0,0,0,0,0,0,0,0,0,0,0,0
94.75,1,0,0,1,0,0,1,0,1,0,0,0,0,0,1,1,0,2,1,0,1,0,1,2,0,1,1,0,2,0,0,2,1,0,2,1,2,0,3,0,2,3,4,3,0,1,2,3,1,4,2,4,0,4,1,0,1,4,6,2,2,3,2,3,1,3,3,11,11,15,13,15,19,27,25,19,22,16,19,22,27,34,34,43,29,38,34,46,44,35,36,49,51,31,46,52,65,45,68,60,80,70,74,72,70,75,79,76,95,73,103,86,104,94,102,103,111,109,100,118,126,131,115,118,113,157,134,166,137,130,146,178,142,143,145,164,197,189,180,196,221,183,206,209,204,270,206,209,190,226,239,195,206,215,236,227,232,252,254,229,255,246,272,234,244,225,232,244,237,235,243,300,261,260,222,211,234,297,272,257,246,226,236,279,253,292,270,273,247,272,262,251,252,265,232,293,253,294,290,327,263,304,289,313,278,287,305,324,304,310,305,309,295,313,306,310,325,359,308,315,305,301,326,319,314,325,299,326,289,284,236,258,253,260,226,183,165,173,152,112,99,116,78,75,72,58,44,39,43,20,15,21,16,3,8,6,3,4,2,2,1,4,0,0,0,0,1,0,0,0,0,0,0,0,0,0,0,0,0,0,0,0,0,0,0,0,0,0,0,0,0,0,0,0,0,0,0,0,0,0
94.85,0,0,0,0,0,1,1,1,0,0,0,0,0,0,0,0,0,0,0,1,2,1,0,0,2,0,0,0,0,0,2,0,0,0,2,1,2,0,1,2,0,0,1,2,1,2,3,4,2,1,1,2,5,1,6,3,3,1,0,1,3,1,1,4,1,6,2,14,10,19,16,31,26,23,22,29,31,29,30,40,40,28,36,23,40,30,28,46,38,44,51,38,47,44,46,50,45,58,65,69,62,81,76,71,67,85,66,81,99,65,109,89,104,96,112,106,118,103,104,119,115,122,116,110,119,145,137,156,133,133,146,171,140,147,146,181,193,157,186,208,231,179,210,220,202,212,201,208,182,234,247,200,199,211,232,250,232,252,259,231,251,246,250,224,274,221,232,232,229,229,253,286,251,252,222,217,236,289,262,253,251,237,246,278,249,292,272,277,251,270,260,257,258,259,238,297,261,292,296,325,261,299,286,315,274,287,301,330,314,312,311,309,299,317,306,308,323,357,308,315,305,299,330,315,312,323,299,320,289,280,236,258,253,260,228,183,165,171,152,112,99,116,78,75,72,58,44,39,43,20,15,21,16,3,8,6,3,4,2,2,1,4,0,0,0,0,1,0,0,0,0,0,0,0,0,0,0,0,0,0,0,0,0,0,0,0,0,0,0,0,0,0,0,0,0,0,0,0,0,0
94.95,0,0,0,0,0,0,0,0,0,0,2,0,1,0,1,0,0,0,0,0,0,1,1,0,1,1,0,0,1,1,0,0,0,0,0,1,3,0,1,1,2,3,1,3,2,3,2,2,2,3,8,2,3,3,5,2,3,4,2,3,3,3,1,1,3,5,2,10,11,13,22,24,18,26,21,24,20,29,29,34,25,33,32,42,41,32,40,38,33,42,50,45,34,45,58,60,51,58,60,68,74,68,83,79,61,73,78,76,92,67,108,97,112,99,105,105,114,107,100,110,107,132,112,117,108,140,143,151,128,135,144,172,146,151,146,154,205,157,180,195,202,181,191,241,201,231,207,217,190,222,246,195,202,226,234,235,234,258,231,225,247,246,269,229,278,215,236,234,225,233,243,288,245,270,220,213,226,295,266,253,251,227,234,282,249,284,264,287,245,276,267,252,256,256,236,297,261,298,291,315,271,299,286,311,274,283,301,328,313,317,307,303,295,315,308,308,325,357,308,313,309,297,330,315,314,323,299,316,289,282,236,256,251,260,230,181,165,173,152,112,99,116,78,75,72,58,44,39,43,20,15,21,16,3,8,6,3,4,2,2,1,4,0,0,0,0,1,0,0,0,0,0,0,0,0,0,0,0,0,0,0,0,0,0,0,0,0,0,0,0,0,0,0,0,0,0,0,0,0,0
95.05,1,0,0,0,0,0,0,0,0,0,0,0,0,0,0,0,0,0,0,2,0,1,0,0,0,0,0,0,2,2,1,2,1,0,1,3,1,3,2,1,2,1,0,2,4,1,0,1,4,2,5,4,1,0,1,2,5,7,2,4,2,0,3,5,4,1,6,16,12,19,21,35,16,20,18,27,21,27,39,21,33,27,34,27,32,34,45,41,29,37,44,46,48,56,52,44,71,64,68,64,56,82,83,68,83,68,76,75,90,73,97,103,114,110,117,105,115,106,97,110,105,132,116,119,116,144,142,144,130,133,155,181,145,160,144,161,187,160,178,195,204,190,201,221,202,227,247,214,181,226,269,196,203,222,227,233,223,253,221,227,245,244,259,224,241,231,240,236,238,240,256,278,242,258,218,213,228,299,270,247,252,223,234,286,241,290,264,277,241,270,267,268,258,260,242,287,251,297,284,317,267,299,290,319,276,283,303,324,309,317,299,302,297,315,304,308,321,355,308,313,311,297,332,315,318,323,299,314,289,282,238,256,251,260,228,181,167,173,152,112,99,116,78,75,72,58,44,39,43,20,15,21,16,3,8,6,3,4,2,2,1,4,0,0,0,0,1,0,0,0,0,0,0,0,0,0,0,0,0,0,0,0,0,0,0,0,0,0,0,0,0,0,0,0,0,0,0,0,0,0
95.15,0,0,0,0,0,0,0,0,0,0,0,0,0,0,0,0,0,0,0,0,0,1,0,1,0,1,0,1,0,0,3,1,1,2,1,2,0,0,1,1,0,0,5,2,1,2,0,3,2,1,2,1,5,6,2,5,3,3,2,1,2,2,3,6,2,3,6,10,17,15,21,16,18,20,19,27,17,27,27,30,34,31,41,25,31,27,45,42,33,44,48,50,55,56,62,67,51,78,55,64,59,73,85,60,91,67,82,77,102,72,93,100,121,95,108,105,104,113,91,117,100,129,113,111,118,143,150,142,129,144,158,163,147,150,143,167,181,152,165,195,196,195,214,227,189,211,211,205,190,230,245,197,202,220,233,216,226,258,231,235,249,245,258,228,235,228,229,236,236,246,288,278,240,262,216,215,230,303,266,251,258,239,240,266,251,290,262,268,246,270,275,266,258,256,242,301,251,301,288,313,267,291,290,321,278,282,300,322,309,321,303,308,299,313,306,310,323,357,308,313,309,297,330,313,318,325,299,316,289,282,238,256,249,258,228,179,167,173,150,112,97,116,78,75,72,58,44,39,43,20,15,21,16,3,8,6,3,4,2,2,1,4,0,0,0,0,1,0,0,0,0,0,0,0,0,0,0,0,0,0,0,0,0,0,0,0,0,0,0,0,0,0,0,0,0,0,0,0,0,0
95.25,0,0,1,0,1,0,0,0,0,0,0,0,0,0,1,0,0,1,0,1,1,0,2,0,0,1,1,1,0,0,2,2,0,2,0,0,3,1,3,2,2,1,2,3,2,1,2,3,2,3,3,2,1,1,5,0,2,4,1,3,3,2,7,2,1,5,7,16,18,23,17,29,30,26,30,23,27,41,30,33,30,30,34,31,45,34,35,42,47,63,57,54,44,58,50,51,47,74,72,62,74,70,74,72,74,77,80,59,91,80,87,97,122,92,108,105,106,121,84,118,107,125,115,113,112,144,153,134,120,138,170,161,144,149,149,155,177,154,173,182,202,181,200,245,196,209,201,210,183,224,253,197,195,217,232,223,228,259,226,232,250,241,252,228,233,226,231,234,234,240,296,282,246,256,222,215,240,291,276,247,252,233,234,276,247,286,270,269,256,280,263,264,258,260,240,301,253,313,288,319,271,293,285,324,286,282,302,324,299,317,307,308,305,313,300,310,325,355,308,313,311,299,328,311,320,325,299,318,289,282,238,254,249,262,226,179,167,173,150,112,95,114,78,73,72,58,44,39,43,20,15,21,16,3,8,6,3,4,2,2,1,4,0,0,0,0,1,0,0,0,0,0,0,0,0,0,0,0,0,0,0,0,0,0,0,0,0,0,0,0,0,0,0,0,0,0,0,0,0,0
95.35,0,0,0,0,0,0,0,1,0,0,0,1,0,2,0,1,0,0,0,0,0,1,0,1,0,2,2,0,0,2,3,0,0,1,0,0,0,2,0,1,2,3,1,0,2,4,0,2,1,2,1,5,3,1,4,2,3,3,3,3,2,1,1,3,2,5,5,13,25,13,16,20,18,32,36,21,28,16,29,25,26,29,30,35,45,51,33,44,51,40,45,43,71,44,49,67,54,79,49,51,71,62,68,88,65,76,74,69,72,83,93,103,111,98,102,115,101,117,85,117,102,123,112,115,116,147,142,134,113,140,148,169,141,146,144,183,195,179,175,187,207,212,193,237,197,210,197,210,185,236,247,193,199,235,228,212,235,252,232,227,246,252,255,226,235,222,233,236,228,236,274,280,244,260,221,206,228,301,272,257,250,227,242,274,250,287,266,265,244,280,261,264,258,256,246,301,259,309,280,325,271,293,283,310,280,280,298,322,299,317,303,304,301,309,298,306,327,357,302,309,315,303,326,309,318,325,297,316,287,282,242,254,247,262,224,179,167,173,152,112,97,114,78,75,72,58,44,39,43,20,15,21,16,3,8,6,3,4,2,2,1,4,0,0,0,0,1,0,0,0,0,0,0,0,0,0,0,0,0,0,0,0,0,0,0,0,0,0,0,0,0,0,0,0,0,0,0,0,0,0
95.45,0,0,0,1,0,0,0,1,2,0,0,0,1,0,0,0,0,0,0,0,0,0,0,1,1,0,1,1,0,0,1,1,1,2,2,2,1,2,0,3,3,1,1,2,2,1,1,2,1,0,6,3,3,2,3,4,3,5,1,1,5,3,4,5,4,2,2,18,19,14,13,16,28,25,24,33,37,24,41,34,28,24,33,41,28,28,51,41,36,41,51,49,54,65,63,48,72,57,55,67,56,66,70,82,77,88,69,73,78,85,86,90,112,100,104,119,95,119,90,114,108,125,112,116,117,135,151,133,116,135,153,169,142,144,147,159,173,161,170,185,201,191,207,204,195,192,203,208,186,239,236,199,207,237,225,234,228,259,232,227,244,248,245,230,248,235,237,237,215,238,274,280,239,263,219,209,223,291,266,253,254,229,236,274,246,295,274,275,242,278,259,264,250,252,244,293,254,301,282,333,271,295,287,308,290,280,296,320,301,317,303,304,301,311,300,304,327,359,302,309,315,303,324,311,318,327,297,314,289,282,242,252,247,260,222,181,169,177,152,112,97,114,78,75,72,58,44,39,41,20,15,21,16,3,8,6,3,4,2,2,1,4,0,0,0,0,1,0,0,0,0,0,0,0,0,0,0,0,0,0,0,0,0,0,0,0,0,0,0,0,0,0,0,0,0,0,0,0,0,0
95.55,0,1,0,0,0,0,1,0,0,1,0,0,0,0,0,1,0,1,1,0,0,1,0,0,1,0,0,1,0,0,0,1,1,1,1,0,0,0,0,1,1,0,2,3,3,0,0,2,0,3,0,1,2,0,1,1,0,2,3,3,0,6,1,3,2,3,0,15,13,10,21,13,29,10,21,28,24,27,31,19,37,38,33,23,31,53,43,41,34,43,45,40,53,61,65,54,68,52,58,66,71,69,65,66,85,83,64,76,81,84,85,95,102,108,100,115,91,115,96,113,109,121,108,121,112,137,147,128,114,141,156,179,150,138,140,163,179,156,186,188,213,185,193,209,196,204,207,209,189,229,236,193,213,250,232,220,227,260,225,222,242,268,245,229,241,225,233,239,222,239,248,274,245,261,219,211,235,289,268,253,262,235,232,282,258,293,274,273,242,268,262,255,246,256,240,295,254,297,286,331,265,295,285,306,286,280,302,322,295,311,303,302,297,315,306,306,329,357,306,309,313,307,324,309,318,329,295,318,289,282,242,252,247,260,222,179,169,177,152,112,97,112,78,75,72,58,44,39,41,20,15,21,16,3,8,6,3,4,2,2,1,4,0,0,0,0,1,0,0,0,0,0,0,0,0,0,0,0,0,0,0,0,0,0,0,0,0,0,0,0,0,0,0,0,0,0,0,0,0,0
95.65,0,0,0,0,0,0,0,0,0,0,0,0,0,1,0,0,0,0,1,1,1,0,0,0,1,0,0,1,0,1,1,0,1,1,2,0,0,1,1,4,0,3,3,1,2,3,3,2,5,3,3,2,6,3,3,2,1,4,1,4,2,5,2,2,2,3,3,10,15,13,22,19,25,26,14,34,24,32,26,29,24,30,37,22,36,25,37,27,39,40,50,46,53,43,52,73,46,57,77,66,75,62,84,64,82,86,62,84,81,80,86,107,95,115,91,124,93,106,95,113,105,118,109,121,113,133,152,129,117,127,154,164,174,136,140,159,170,150,190,188,213,177,202,222,214,190,211,207,184,225,237,193,210,242,226,219,232,257,225,229,242,272,250,228,251,219,238,234,229,226,260,278,233,255,223,213,231,291,264,241,252,231,238,278,244,291,271,268,254,268,270,255,252,260,240,297,252,301,284,321,265,295,283,310,282,288,310,322,295,307,311,308,291,311,302,306,329,361,308,307,317,307,322,313,314,327,297,318,287,280,242,250,243,260,224,179,171,177,152,112,95,112,78,75,72,58,44,39,41,20,15,21,16,3,8,6,3,4,2,2,1,4,0,0,0,0,1,0,0,0,0,0,0,0,0,0,0,0,0,0,0,0,0,0,0,0,0,0,0,0,0,0,0,0,0,0,0,0,0,0
95.75,0,0,0,0,0,0,0,0,0,0,0,0,0,0,0,0,1,0,0,0,0,0,0,0,1,1,1,1,0,1,0,1,0,1,2,2,0,0,1,3,0,2,3,0,0,3,1,2,5,2,2,3,2,3,3,2,2,2,1,1,1,4,4,1,4,4,3,11,11,25,20,22,19,31,26,21,34,27,32,20,16,37,31,30,35,29,36,39,50,42,48,40,38,63,44,69,55,58,77,74,56,77,76,68,81,87,68,95,74,92,75,105,97,108,99,119,93,112,93,119,102,122,109,125,109,131,148,130,120,127,162,163,155,139,137,170,167,150,197,203,207,186,209,222,192,191,210,216,186,225,236,197,215,225,225,218,236,257,229,235,245,248,256,231,234,223,234,242,221,236,252,282,250,256,229,207,229,281,272,253,252,229,240,272,246,295,266,278,240,268,264,251,252,262,240,293,248,301,283,319,257,297,283,312,282,284,306,320,295,309,307,304,293,313,304,302,331,359,304,305,317,305,320,313,314,327,295,318,285,278,242,252,239,254,222,179,171,177,154,112,93,112,78,75,72,58,44,39,41,20,15,21,16,3,8,6,3,4,2,2,1,4,0,0,0,0,1,0,0,0,0,0,0,0,0,0,0,0,0,0,0,0,0,0,0,0,0,0,0,0,0,0,0,0,0,0,0,0,0,0
95.85,0,0,0,0,0,0,0,0,0,0,0,0,0,1,2,1,0,1,0,1,0,0,0,0,4,0,1,0,1,0,1,2,0,1,1,1,1,1,3,1,1,1,1,0,3,5,0,2,5,3,3,2,0,2,1,2,3,0,3,4,6,1,3,4,3,1,2,12,14,24,19,22,24,25,24,27,20,32,31,17,25,35,32,45,25,29,46,29,43,41,29,33,51,50,43,46,65,55,55,66,63,81,83,86,79,71,75,94,74,84,74,97,102,106,95,123,97,110,88,116,107,119,98,134,106,133,146,138,118,127,159,168,153,162,136,156,172,159,161,195,215,195,176,220,204,191,204,215,185,231,235,211,233,228,222,220,238,253,227,235,245,243,241,230,232,219,236,239,216,236,240,286,239,255,218,206,241,289,270,263,248,231,242,280,242,299,272,270,248,274,260,255,248,260,242,295,248,295,285,319,261,294,288,308,276,282,308,320,291,307,311,310,293,313,304,300,329,361,300,309,315,303,314,315,310,327,295,324,291,276,238,252,239,252,222,179,171,177,154,112,93,114,80,75,72,60,44,39,41,20,15,21,16,3,8,6,3,4,2,2,1,4,0,0,0,0,1,0,0,0,0,0,0,0,0,0,0,0,0,0,0,0,0,0,0,0,0,0,0,0,0,0,0,0,0,0,0,0,0,0
95.95,0,0,0,0,2,0,0,0,0,0,0,0,0,0,0,0,0,2,0,0,0,0,0,0,0,1,1,0,1,0,0,0,2,1,2,1,2,0,1,1,3,1,1,3,1,4,2,2,5,1,2,1,3,1,2,3,3,2,6,4,3,6,2,4,2,3,3,7,17,23,23,23,23,17,23,28,34,32,37,31,35,34,26,34,42,39,32,41,34,39,48,41,46,46,44,52,61,64,62,60,66,77,80,71,64,67,77,79,80,84,72,89,110,108,97,115,92,108,100,113,106,114,97,127,101,135,149,136,123,125,158,160,155,141,137,162,162,177,163,192,227,194,179,230,189,188,191,219,190,229,234,209,209,233,230,220,244,281,223,242,250,246,244,225,236,213,256,243,228,234,258,280,249,257,230,216,227,285,264,251,258,235,232,264,252,293,270,272,246,274,262,252,256,258,240,297,250,295,277,319,269,304,296,312,276,280,302,320,303,301,313,314,291,315,302,300,327,355,294,303,315,307,310,323,312,325,297,324,289,274,238,254,241,250,224,179,171,175,154,112,93,112,80,75,72,60,44,39,41,20,15,21,16,3,8,6,3,4,2,2,1,4,0,0,0,0,1,0,0,0,0,0,0,0,0,0,0,0,0,0,0,0,0,0,0,0,0,0,0,0,0,0,0,0,0,0,0,0,0,0
96.05,0,0,0,0,0,0,0,0,1,0,2,0,0,0,0,0,0,1,1,1,0,0,0,0,0,0,0,1,0,0,1,2,2,0,2,1,1,2,0,3,0,2,2,4,1,4,4,1,2,2,1,2,2,3,1,1,5,4,3,2,0,1,0,3,2,7,5,12,18,20,23,16,27,23,25,30,26,21,29,23,24,30,35,30,34,49,35,36,35,51,42,50,32,57,45,48,46,64,56,67,61,73,71,77,67,62,72,79,78,83,75,85,107,114,98,104,101,101,106,108,100,115,102,122,105,133,146,127,124,139,147,158,154,144,138,179,168,163,188,189,226,215,185,223,201,201,191,216,191,235,232,201,208,236,220,216,231,257,222,236,242,244,244,228,251,219,232,237,222,241,247,342,255,251,222,210,229,289,274,241,250,229,236,268,250,293,274,270,246,278,259,256,254,260,238,293,250,297,277,317,265,300,296,308,278,282,306,322,299,305,317,307,292,311,302,302,327,357,290,303,317,309,308,321,314,319,299,326,287,278,236,252,241,252,222,181,171,173,156,112,93,112,80,73,72,60,44,39,41,20,15,21,16,3,8,6,3,4,2,2,1,4,0,0,0,0,1,0,0,0,0,0,0,0,0,0,0,0,0,0,0,0,0,0,0,0,0,0,0,0,0,0,0,0,0,0,0,0,0,0
96.15,0,0,0,0,0,0,0,1,0,0,0,0,0,1,0,2,0,0,0,0,0,0,0,0,0,1,0,2,1,1,0,0,4,0,1,0,2,1,4,1,3,0,3,1,6,3,3,3,1,3,4,1,4,1,5,2,3,3,0,1,1,1,3,6,4,1,4,14,16,14,18,10,17,20,20,20,23,24,24,26,38,23,33,21,39,30,44,38,41,33,46,43,47,42,58,37,61,54,61,57,68,65,75,70,75,64,69,76,83,75,76,80,100,105,92,115,96,101,108,100,101,110,96,120,109,128,140,121,129,133,156,159,156,150,139,195,169,162,168,211,247,182,178,219,195,189,187,216,195,236,232,205,216,234,227,216,239,249,219,232,243,254,246,230,233,218,233,239,222,235,249,337,271,261,238,206,237,289,264,255,259,226,240,270,252,294,274,270,241,278,271,258,254,258,239,297,260,297,283,315,267,296,294,306,278,278,306,320,301,309,310,307,298,311,299,301,323,365,292,303,319,307,304,321,314,317,299,320,287,280,238,252,241,250,222,181,173,175,156,112,95,110,82,73,72,60,44,39,41,22,15,21,14,3,8,6,3,4,2,2,1,4,0,0,0,0,1,0,0,0,0,0,0,0,0,0,0,0,0,0,0,0,0,0,0,0,0,0,0,0,0,0,0,0,0,0,0,0,0,0
96.25,0,0,1,0,0,0,0,0,0,0,0,0,1,1,0,0,0,0,1,0,0,0,1,1,2,1,0,0,0,0,0,2,0,0,0,1,0,3,1,3,3,2,2,3,1,6,1,4,2,3,4,4,4,2,1,2,3,1,1,1,4,1,0,1,3,5,2,11,12,24,19,23,19,23,24,21,27,23,23,24,28,28,28,23,29,32,43,37,48,48,43,44,44,48,53,45,51,61,59,60,72,61,70,72,80,68,78,71,79,72,78,83,106,104,87,107,95,96,111,103,98,109,100,125,110,129,141,117,121,130,149,161,158,147,143,184,194,173,172,206,220,175,182,231,194,193,192,213,200,227,236,202,208,222,224,216,235,253,215,232,243,244,248,230,237,212,229,235,223,241,249,333,268,252,218,214,229,293,270,247,253,228,228,276,248,296,265,274,242,274,267,254,252,250,241,301,258,295,287,321,259,298,292,318,288,278,306,328,301,311,308,303,296,311,301,301,321,373,294,301,319,309,304,319,314,321,307,320,291,282,238,252,241,248,224,187,171,175,156,112,95,110,82,73,72,60,44,37,41,22,15,21,14,3,8,6,3,4,2,2,1,4,0,0,0,0,1,0,0,0,0,0,0,0,0,0,0,0,0,0,0,0,0,0,0,0,0,0,0,0,0,0,0,0,0,0,0,0,0,0
96.35,0,0,0,0,0,0,0,0,0,0,0,0,0,0,3,0,1,0,0,1,1,0,0,2,1,1,0,0,0,1,2,0,0,0,1,1,1,1,0,0,2,2,0,1,1,0,1,1,2,2,1,1,4,5,1,1,1,1,2,3,4,3,4,2,5,2,5,18,20,18,24,13,18,20,16,17,33,19,27,30,26,30,26,26,32,40,47,42,45,45,26,31,51,37,44,48,50,65,60,55,71,51,75,57,78,57,81,67,85,80,73,90,100,106,87,103,92,98,119,109,93,113,94,125,114,121,143,117,121,129,147,156,163,133,147,152,164,152,176,196,207,197,188,245,187,191,184,219,197,224,235,200,204,235,227,210,232,255,217,230,243,242,244,221,232,226,227,241,223,241,247,329,268,250,224,206,231,295,262,253,263,234,246,270,245,288,269,266,244,280,277,246,252,254,243,297,258,301,293,315,261,300,292,314,284,282,308,326,307,319,310,309,294,311,303,299,317,369,294,301,319,307,300,315,314,325,301,320,296,283,238,252,243,246,220,183,171,173,152,112,97,110,80,73,72,60,42,37,41,22,15,21,14,3,8,6,3,4,2,2,1,4,0,0,0,0,1,0,0,0,0,0,0,0,0,0,0,0,0,0,0,0,0,0,0,0,0,0,0,0,0,0,0,0,0,0,0,0,0,0
96.45,0,0,0,0,0,0,0,0,1,0,0,0,0,1,1,0,0,0,0,0,1,0,0,0,3,1,1,0,0,2,1,0,0,0,1,0,1,3,3,1,1,3,2,2,3,4,2,2,2,2,2,0,2,3,2,2,1,0,2,2,3,2,3,4,0,2,7,9,24,20,14,17,22,29,28,18,35,26,30,28,29,31,39,29,38,42,38,34,51,40,39,41,42,47,44,44,51,59,64,59,64,58,69,63,80,58,89,73,76,86,76,88,94,105,89,98,97,92,119,108,89,108,94,122,111,130,139,117,110,130,146,152,172,156,152,156,168,165,173,197,202,189,190,226,188,194,197,205,206,225,241,204,208,225,231,212,232,255,221,228,297,250,251,220,243,225,229,239,227,233,255,323,256,255,226,212,229,291,273,256,255,232,230,272,241,300,263,262,252,277,265,254,260,260,246,290,258,299,285,321,265,306,286,314,288,286,314,336,309,317,306,311,296,315,303,297,321,363,296,301,317,303,302,313,318,323,301,322,296,283,238,256,245,246,218,183,171,173,152,112,97,110,78,73,72,60,42,37,41,22,15,21,14,3,8,6,3,4,2,2,1,4,0,0,0,0,1,0,0,0,0,0,0,0,0,0,0,0,0,0,0,0,0,0,0,0,0,0,0,0,0,0,0,0,0,0,0,0,0,0
96.55,0,0,1,0,0,0,1,0,0,0,0,0,0,0,0,1,0,0,2,1,0,0,1,1,0,0,0,1,0,0,0,0,0,0,0,0,2,1,1,2,0,3,1,1,4,2,2,3,2,4,3,2,2,2,2,1,2,4,1,2,1,1,4,1,4,1,13,14,18,18,19,19,20,31,24,28,33,21,28,28,32,30,31,32,29,33,44,34,32,43,53,50,40,40,51,59,54,59,63,61,71,56,64,51,81,70,87,74,66,98,71,91,88,110,89,101,90,93,118,106,92,108,98,116,110,132,140,110,114,123,151,153,167,141,148,158,169,180,168,186,210,192,175,232,186,190,211,210,196,231,241,204,210,243,223,212,232,255,215,235,268,240,245,228,230,233,232,240,240,234,235,323,248,257,230,214,229,281,265,241,261,228,236,270,247,296,265,268,244,267,261,256,252,261,243,290,256,301,285,319,273,306,284,306,280,294,308,336,309,311,310,311,298,313,297,293,321,361,295,305,313,299,302,313,316,323,301,316,298,281,236,256,245,246,218,183,171,175,154,112,97,110,78,73,72,60,42,37,41,22,15,21,14,3,8,6,3,4,2,2,1,4,0,0,0,0,1,0,0,0,0,0,0,0,0,0,0,0,0,0,0,0,0,0,0,0,0,0,0,0,0,0,0,0,0,0,0,0,0,0
96.65,0,0,0,0,0,0,0,1,0,1,0,0,0,0,0,0,0,0,0,0,0,1,0,0,1,0,0,0,1,0,0,0,2,1,1,1,1,1,0,1,0,1,1,0,2,3,5,1,4,2,1,4,1,1,5,2,2,1,4,0,2,3,1,0,0,0,2,12,12,12,22,20,18,25,26,20,28,19,22,25,28,42,34,25,25,32,43,36,43,43,52,42,42,52,54,58,56,59,56,71,60,61,64,50,76,79,82,79,69,92,78,91,99,101,99,102,89,85,116,104,100,108,92,116,108,123,135,123,108,121,175,155,163,127,158,162,168,166,189,181,222,217,173,211,198,190,193,208,192,215,227,201,208,240,225,208,240,257,214,232,258,250,253,224,242,223,238,238,236,230,254,335,248,255,226,206,241,295,269,251,253,224,238,270,250,294,270,285,246,267,264,252,246,265,241,294,256,303,279,327,277,300,292,302,280,290,306,342,313,309,310,313,294,315,299,293,319,361,297,305,313,299,308,309,318,325,297,318,298,281,234,254,243,246,218,183,171,175,154,112,99,110,78,73,72,60,42,37,41,22,15,21,14,3,8,6,3,4,2,2,1,4,0,0,0,0,1,0,0,0,0,0,0,0,0,0,0,0,0,0,0,0,0,0,0,0,0,0,0,0,0,0,0,0,0,0,0,0,0,0
96.75,0,0,0,0,0,0,0,0,0,1,0,0,2,0,0,1,0,1,0,0,1,1,2,1,1,1,1,1,0,0,2,1,1,0,0,2,0,1,0,4,1,0,1,4,3,1,0,1,2,1,1,1,2,1,0,1,1,2,3,1,1,0,1,2,0,4,8,16,18,17,19,15,20,24,20,29,22,17,24,21,22,27,35,23,38,36,35,33,52,42,46,45,44,62,56,47,70,46,58,70,62,67,57,61,68,86,79,76,68,91,78,90,92,106,95,93,92,87,119,109,93,112,91,136,110,122,138,141,111,123,141,155,163,130,154,163,167,158,172,177,202,185,170,215,192,194,218,198,195,211,235,198,202,215,232,213,244,255,218,235,251,246,252,226,237,221,231,240,237,229,252,323,254,255,220,208,227,295,275,243,259,228,238,270,252,286,274,271,244,269,266,258,254,257,231,303,253,295,281,327,269,300,284,306,284,294,306,332,311,311,310,311,290,317,299,291,321,357,299,305,311,301,308,311,318,327,297,318,294,277,234,254,243,246,218,183,171,175,154,112,99,110,78,73,72,58,42,37,41,22,15,21,14,3,8,6,3,4,2,2,1,4,0,0,0,0,1,0,0,0,0,0,0,0,0,0,0,0,0,0,0,0,0,0,0,0,0,0,0,0,0,0,0,0,0,0,0,0,0,0
96.85,0,0,0,0,0,0,0,1,1,0,1,0,0,0,0,0,0,1,0,1,0,0,0,1,0,0,0,1,1,1,2,2,0,1,1,1,1,0,4,1,0,2,2,1,5,2,1,3,2,1,2,1,3,3,3,2,2,2,0,3,1,4,5,3,2,3,8,10,9,23,20,24,12,35,28,19,22,15,24,25,29,22,37,29,35,37,36,42,30,53,44,51,61,49,52,57,58,42,64,65,66,65,58,65,62,84,77,76,72,85,81,92,89,107,103,80,91,91,120,111,94,103,94,112,108,120,143,115,109,124,143,152,162,125,149,170,164,144,198,174,209,188,175,237,186,197,197,199,191,215,236,205,219,226,221,211,232,247,224,237,265,250,254,220,235,225,227,238,283,231,244,322,259,251,224,210,245,279,273,255,257,237,238,267,242,280,256,269,246,273,273,252,252,260,237,295,245,301,281,329,265,294,282,308,280,294,306,340,313,313,314,313,286,319,305,295,319,349,297,305,307,303,312,309,316,327,293,322,292,279,236,254,245,246,218,183,173,175,154,112,99,110,78,75,72,58,42,37,41,22,15,21,14,3,8,6,3,4,2,2,1,4,0,0,0,0,1,0,0,0,0,0,0,0,0,0,0,0,0,0,0,0,0,0,0,0,0,0,0,0,0,0,0,0,0,0,0,0,0,0
96.95,0,0,0,0,0,0,1,1,0,1,0,0,0,1,0,0,0,0,0,0,2,0,1,1,0,2,0,0,1,1,0,1,2,0,0,1,0,0,1,1,1,2,1,3,1,1,1,2,1,4,3,1,3,4,1,0,1,3,2,2,3,3,6,3,3,5,6,14,13,16,14,22,22,33,26,17,24,27,21,17,25,35,36,29,34,31,50,35,40,44,57,42,52,54,59,41,52,51,53,62,67,67,62,61,68,85,74,72,88,78,97,84,90,95,104,80,88,87,124,108,99,98,99,112,105,124,152,109,110,128,150,154,159,133,162,186,160,150,175,176,204,192,192,210,191,190,201,203,191,219,239,200,243,228,225,233,240,258,211,231,275,252,252,228,226,224,251,246,245,237,244,316,263,247,224,210,257,279,273,241,257,231,234,277,250,288,268,279,250,273,269,252,250,254,233,291,239,303,281,323,261,294,286,308,278,292,310,332,307,311,314,311,286,317,303,295,321,353,299,309,305,303,310,311,318,329,295,322,292,277,234,254,249,244,220,183,173,173,154,114,99,110,78,73,72,58,42,37,41,22,15,21,14,3,8,6,3,4,2,2,1,4,0,0,0,0,1,0,0,0,0,0,0,0,0,0,0,0,0,0,0,0,0,0,0,0,0,0,0,0,0,0,0,0,0,0,0,0,0,0
97.05,0,0,0,1,1,0,0,0,0,0,0,0,0,0,0,0,1,0,1,0,1,0,1,0,0,0,3,1,1,0,1,0,1,1,3,0,2,2,1,0,0,0,1,2,2,1,2,3,3,2,0,2,3,2,4,5,4,1,5,2,1,4,2,4,1,4,2,12,25,23,11,29,30,27,24,28,28,30,23,28,36,30,34,32,34,39,37,34,47,47,40,52,55,54,60,41,50,59,54,58,63,79,62,65,69,75,77,84,87,74,97,75,89,95,96,86,88,86,126,104,101,95,102,118,105,120,146,109,111,128,143,152,148,127,162,169,153,143,180,180,207,191,176,206,187,183,199,208,199,222,235,231,211,236,229,219,240,256,205,242,299,242,255,223,232,232,227,245,220,227,252,304,253,255,220,214,257,293,263,249,253,235,242,267,248,292,274,269,252,275,261,248,244,262,241,291,247,303,273,319,267,294,280,312,282,287,295,330,305,313,304,313,280,315,297,297,325,349,297,305,307,305,314,305,310,329,297,320,296,279,234,254,249,242,220,183,173,173,154,114,97,110,78,73,74,58,42,37,41,22,15,19,14,3,8,6,3,4,2,2,1,4,0,0,0,0,1,0,0,0,0,0,0,0,0,0,0,0,0,0,0,0,0,0,0,0,0,0,0,0,0,0,0,0,0,0,0,0,0,0
97.15,0,0,0,0,0,0,1,0,0,0,0,0,0,0,0,0,0,1,0,0,1,0,0,2,0,1,0,1,1,0,0,0,1,1,1,0,0,1,1,1,3,0,3,1,3,2,4,3,2,3,4,0,3,1,6,2,1,2,1,0,0,3,1,3,1,4,2,14,12,19,8,20,21,15,21,28,27,26,21,30,32,26,38,30,31,28,32,52,37,33,55,59,52,49,49,51,47,60,66,58,73,74,66,62,65,69,85,80,87,79,94,79,84,97,99,87,87,85,123,103,96,96,106,112,114,137,148,108,120,133,150,151,151,135,166,159,158,148,182,184,202,200,180,220,197,175,198,201,194,218,239,234,209,210,229,207,238,261,212,252,241,250,247,222,229,218,243,243,224,229,254,312,253,251,226,212,249,284,270,243,259,231,242,271,246,292,268,265,250,279,267,246,254,258,239,289,261,305,279,321,263,296,284,312,280,283,295,322,303,313,298,313,282,319,297,297,323,351,301,307,305,303,310,307,312,331,293,318,294,279,234,258,249,242,216,183,173,171,152,114,95,110,78,73,74,58,42,37,41,22,15,19,14,3,8,6,3,4,2,2,1,4,0,0,0,0,1,0,0,0,0,0,0,0,0,0,0,0,0,0,0,0,0,0,0,0,0,0,0,0,0,0,0,0,0,0,0,0,0,0
97.25,0,0,0,0,1,0,0,0,0,1,0,0,0,1,0,0,0,1,0,1,1,0,0,0,0,0,0,0,1,0,1,2,1,2,0,1,1,2,0,2,1,4,4,4,1,3,4,2,2,4,3,5,2,2,2,2,4,3,4,5,3,5,3,2,1,4,2,5,15,21,18,18,17,19,21,19,31,32,37,27,32,26,25,28,28,40,34,42,43,53,54,48,42,64,43,58,44,72,57,62,66,69,56,69,68,65,81,78,83,80,93,84,82,97,102,88,85,85,130,98,97,98,103,119,110,120,140,110,113,128,135,155,159,123,157,162,164,149,197,183,195,181,172,218,183,185,195,206,202,218,229,223,207,202,223,209,239,258,212,253,234,254,255,226,259,212,235,245,226,224,242,314,257,249,226,206,281,293,270,245,259,231,228,265,244,286,266,265,236,277,275,252,254,248,245,287,259,299,281,317,261,302,286,312,274,289,291,322,305,311,300,311,284,317,299,297,319,351,301,307,303,307,314,305,320,331,289,318,288,279,236,258,249,246,216,185,171,169,152,114,95,110,76,71,74,58,42,37,41,22,15,19,14,3,8,6,3,4,2,2,1,4,0,0,0,0,1,0,0,0,0,0,0,0,0,0,0,0,0,0,0,0,0,0,0,0,0,0,0,0,0,0,0,0,0,0,0,0,0,0
97.35,0,0,0,0,0,0,0,0,0,1,0,1,0,0,0,0,0,0,0,0,0,0,2,0,1,0,0,1,1,2,0,0,3,0,1,0,3,0,2,0,0,2,0,0,4,1,2,2,0,3,1,4,1,1,5,2,5,3,3,2,0,1,2,3,0,3,7,10,16,16,18,13,19,23,24,22,25,18,23,18,24,29,29,27,29,32,36,29,52,43,53,52,49,54,42,64,65,62,64,52,68,69,54,78,70,66,82,81,82,67,96,78,86,93,102,88,85,85,121,98,96,97,101,110,103,117,145,111,108,128,136,162,156,134,159,158,152,142,190,175,193,182,173,204,184,178,200,215,197,217,234,207,208,209,225,210,237,266,204,245,234,256,261,228,243,222,229,243,224,220,252,324,245,251,232,212,281,287,274,253,257,223,242,263,244,284,270,269,246,269,273,252,246,252,239,287,259,297,287,313,261,298,294,306,280,289,295,324,307,313,296,311,288,321,299,295,323,351,303,307,301,309,314,307,320,329,291,318,290,279,232,256,249,246,216,187,169,167,152,114,95,108,76,71,74,60,42,37,41,22,15,19,14,3,8,6,3,4,2,2,1,4,0,0,0,0,1,0,0,0,0,0,0,0,0,0,0,0,0,0,0,0,0,0,0,0,0,0,0,0,0,0,0,0,0,0,0,0,0,0
97.45,0,0,0,0,0,0,0,2,0,0,0,0,0,0,0,0,0,0,3,0,0,0,2,1,0,1,0,0,1,1,1,2,0,0,1,3,2,0,0,0,2,0,1,4,1,2,0,4,2,2,2,2,4,2,0,1,4,3,1,3,4,0,3,4,4,3,0,10,12,26,17,18,21,26,29,23,31,26,15,21,31,24,23,30,26,33,37,41,48,51,44,44,55,46,58,58,52,59,61,53,63,75,58,66,70,65,72,81,84,60,107,83,83,92,99,87,85,85,123,93,94,99,104,106,113,120,153,107,113,136,141,149,187,151,156,158,151,143,170,177,197,183,167,207,188,180,198,203,199,218,231,201,210,212,225,218,235,248,208,251,240,252,253,234,253,216,237,247,224,217,251,366,254,260,222,212,271,285,266,249,253,235,240,277,242,294,268,274,239,269,265,262,252,252,239,289,253,289,289,317,257,286,294,310,282,287,303,326,313,313,292,307,288,317,297,297,323,351,303,303,301,307,312,307,314,327,291,314,288,283,234,258,251,242,216,187,165,165,154,114,93,108,76,71,74,60,42,37,41,20,15,19,14,3,8,6,3,4,2,2,1,4,0,0,0,0,1,0,0,0,0,0,0,0,0,0,0,0,0,0,0,0,0,0,0,0,0,0,0,0,0,0,0,0,0,0,0,0,0,0
97.55,0,0,0,0,0,0,0,0,0,0,0,0,0,1,0,0,0,0,1,0,0,0,0,0,1,0,0,0,0,0,0,0,1,1,1,0,2,1,2,3,3,4,1,1,3,1,2,0,1,2,1,0,1,4,1,4,4,4,5,1,2,4,2,1,1,3,5,8,9,19,23,22,31,27,22,27,25,22,30,28,29,23,26,34,35,37,50,32,39,42,44,46,45,46,69,52,59,56,45,72,65,64,63,70,69,64,64,88,75,64,101,82,83,94,99,91,90,83,120,93,101,101,97,109,107,132,146,109,108,125,149,156,152,127,157,159,156,143,159,172,196,180,176,208,182,181,197,204,192,223,229,203,204,206,219,214,247,260,214,243,238,256,255,230,242,227,237,259,233,216,244,352,261,247,228,210,263,307,271,245,251,237,238,277,252,288,264,268,247,277,275,250,262,262,233,295,255,295,279,319,265,294,288,316,288,287,303,320,305,315,298,307,288,315,297,299,325,351,303,303,301,310,312,305,314,325,291,318,284,283,236,256,249,242,218,191,163,165,154,114,95,108,76,71,74,60,42,37,41,20,15,19,14,3,8,6,3,4,2,2,1,4,0,0,0,0,1,0,0,0,0,0,0,0,0,0,0,0,0,0,0,0,0,0,0,0,0,0,0,0,0,0,0,0,0,0,0,0,0,0
97.65,0,0,0,0,0,0,1,0,0,0,0,0,0,1,1,0,0,1,1,0,1,0,0,1,1,1,0,0,1,0,1,1,1,0,4,1,1,2,3,1,3,0,2,1,3,0,4,1,3,3,4,2,2,3,3,3,2,1,4,3,2,1,3,3,4,4,3,6,14,14,21,14,18,26,15,23,22,16,21,21,21,35,33,32,35,26,37,49,41,40,45,46,41,60,72,62,60,42,64,54,75,57,56,71,63,69,67,80,73,67,93,83,81,95,103,91,88,87,115,89,104,97,107,106,107,125,143,111,105,124,135,153,146,130,159,155,154,142,160,174,203,179,180,204,184,179,197,198,198,217,237,207,204,204,225,212,233,248,210,247,242,246,249,224,234,225,235,258,230,232,248,320,255,253,227,206,243,286,273,239,257,238,231,273,242,294,274,280,247,278,268,248,262,264,241,291,251,295,281,325,261,294,286,312,280,283,309,320,301,317,300,305,286,317,299,299,325,353,303,305,305,310,308,307,314,325,287,316,284,279,238,262,249,238,216,191,163,165,154,116,95,108,76,71,74,60,42,37,41,20,15,19,14,3,8,6,3,4,2,2,1,4,0,0,0,0,1,0,0,0,0,0,0,0,0,0,0,0,0,0,0,0,0,0,0,0,0,0,0,0,0,0,0,0,0,0,0,0,0,0
97.75,0,0,0,0,0,0,1,0,0,0,0,0,0,0,0,1,1,1,0,0,2,0,1,0,1,0,0,2,1,1,0,3,1,0,0,1,1,0,0,4,2,1,3,1,3,0,2,2,1,2,3,0,1,1,1,4,5,1,4,0,1,2,2,2,0,1,4,11,14,10,8,16,18,19,16,22,19,24,29,25,23,28,32,39,31,34,32,32,37,45,39,53,43,58,49,46,58,59,61,56,70,57,56,69,67,81,63,83,77,67,88,85,80,93,87,94,87,90,113,92,100,129,96,110,105,125,136,109,109,121,136,154,155,130,158,156,155,146,165,180,196,187,180,222,187,185,200,229,197,220,224,211,196,211,216,217,235,252,208,243,240,252,253,232,250,245,241,268,278,224,256,374,265,247,229,206,247,292,267,245,249,270,237,273,250,290,278,274,245,276,266,252,246,260,245,299,251,293,285,321,261,298,284,314,276,283,309,320,303,319,306,301,286,313,309,301,325,351,305,308,307,308,312,305,316,321,289,316,284,283,236,260,247,236,216,191,163,165,156,114,95,108,76,69,74,60,42,39,41,20,15,19,14,3,8,6,3,4,2,2,1,4,0,0,0,0,1,0,0,0,0,0,0,0,0,0,0,0,0,0,0,0,0,0,0,0,0,0,0,0,0,0,0,0,0,0,0,0,0,0
97.85,1,0,0,0,0,1,0,0,0,0,0,1,0,0,0,0,0,0,0,1,0,0,0,0,2,0,1,0,0,1,0,1,2,1,0,0,0,1,1,2,3,1,2,0,1,1,2,3,4,2,4,5,1,1,4,1,3,4,3,2,5,2,2,2,4,3,5,17,16,18,14,14,20,20,23,33,22,18,26,31,32,25,32,28,30,32,45,32,28,38,39,51,54,38,50,55,56,58,64,54,69,61,54,72,58,82,62,79,78,70,81,86,82,89,91,97,94,87,106,85,99,111,99,96,110,119,133,111,106,125,136,152,147,118,159,154,152,143,158,183,195,179,193,199,186,185,223,204,201,222,250,216,201,211,221,212,233,269,205,244,235,270,249,230,242,257,237,262,282,228,246,376,273,247,225,204,231,294,271,251,261,246,239,263,240,290,270,270,247,266,256,254,248,260,243,301,247,301,285,321,267,304,288,312,278,283,305,322,301,311,308,307,286,315,305,303,327,351,305,310,308,307,310,305,316,321,289,316,282,275,234,260,249,238,216,193,163,165,156,114,97,108,76,69,74,60,42,39,41,20,15,19,14,3,8,6,3,4,2,2,1,4,0,0,0,0,1,0,0,0,0,0,0,0,0,0,0,0,0,0,0,0,0,0,0,0,0,0,0,0,0,0,0,0,0,0,0,0,0,0
97.95,0,0,0,0,0,0,0,0,0,0,0,1,0,0,0,0,0,1,0,0,0,2,0,1,1,1,0,1,1,0,0,0,1,1,3,1,2,0,3,0,1,1,2,1,1,0,5,1,3,3,2,4,1,2,3,0,7,5,3,4,3,2,3,4,3,3,9,12,22,28,25,37,22,22,17,22,19,23,28,22,24,28,30,35,34,26,34,35,33,38,47,39,46,53,45,60,53,60,62,57,67,56,52,68,62,88,64,82,73,83,81,86,85,80,96,93,91,86,106,90,98,101,107,103,121,121,134,112,102,124,137,154,146,122,153,154,154,147,166,172,196,184,182,203,204,177,218,197,209,216,234,212,201,207,216,217,231,265,219,248,231,248,252,229,238,261,235,250,274,222,248,320,253,253,225,208,237,292,267,243,251,248,231,279,244,288,264,272,249,274,262,248,246,260,243,291,251,307,287,325,269,298,284,310,284,279,303,318,307,315,310,309,292,315,305,301,325,355,301,310,312,303,310,309,314,325,295,320,278,275,234,260,249,236,216,195,163,165,156,114,97,108,76,69,74,60,40,39,41,20,15,19,14,3,8,6,3,4,2,2,1,4,0,0,0,0,1,0,0,0,0,0,0,0,0,0,0,0,0,0,0,0,0,0,0,0,0,0,0,0,0,0,0,0,0,0,0,0,0,0
98.05,0,0,0,0,0,0,0,0,0,0,0,0,0,1,0,0,0,1,0,1,1,0,0,0,0,0,1,0,2,1,0,0,0,0,2,0,0,1,1,1,1,1,1,0,1,5,1,4,8,3,1,2,4,3,3,4,1,3,2,5,4,2,3,3,2,2,3,9,8,20,20,23,19,17,29,30,28,24,35,15,30,36,36,27,43,25,17,25,36,49,28,52,39,48,62,54,59,58,59,59,64,57,63,61,76,71,56,79,71,78,80,95,83,84,105,88,92,90,97,91,102,100,108,96,108,125,127,115,100,124,137,161,139,120,154,151,157,147,154,177,195,175,192,192,205,176,205,192,293,216,223,215,201,207,229,208,229,265,214,236,235,244,254,233,236,275,235,246,248,226,236,328,249,255,225,222,241,284,267,243,248,237,231,269,244,280,266,266,245,274,270,254,248,262,239,293,253,307,275,325,281,300,286,302,282,283,305,316,301,311,306,309,290,317,309,305,325,353,299,310,310,303,310,309,314,323,295,316,278,271,236,260,247,236,220,195,161,165,154,114,97,108,76,69,74,60,40,39,41,20,15,19,14,3,8,6,3,4,2,2,1,4,0,0,0,0,1,0,0,0,0,0,0,0,0,0,0,0,0,0,0,0,0,0,0,0,0,0,0,0,0,0,0,0,0,0,0,0,0,0
98.15,1,0,0,0,0,0,0,0,0,0,0,0,0,0,0,0,0,0,0,0,0,2,0,0,0,0,0,0,0,3,0,1,1,1,3,0,0,0,1,1,1,0,1,0,0,2,1,1,2,2,3,0,3,3,3,0,3,2,1,0,4,2,4,5,2,2,5,9,9,15,18,29,24,14,21,26,29,23,26,26,26,36,29,32,23,35,33,29,41,41,30,47,42,44,52,57,56,62,54,77,51,59,62,67,76,66,60,77,82,76,81,87,81,80,95,97,85,95,99,91,98,101,104,92,110,133,126,116,99,120,129,169,143,119,153,150,151,143,154,174,190,176,213,188,234,179,191,202,300,218,268,217,202,209,224,212,241,259,209,239,235,242,251,227,242,265,255,258,240,228,248,314,261,249,229,208,227,290,273,251,264,247,235,269,238,286,268,270,248,271,268,260,250,256,234,294,249,303,273,315,265,306,288,312,276,287,303,313,297,307,310,309,294,315,311,303,325,347,305,308,310,305,312,309,316,329,299,314,280,271,236,262,251,236,220,195,161,163,154,114,97,110,76,69,74,60,40,39,41,20,15,19,14,3,8,6,3,4,2,2,1,4,0,0,0,0,1,0,0,0,0,0,0,0,0,0,0,0,0,0,0,0,0,0,0,0,0,0,0,0,0,0,0,0,0,0,0,0,0,0
98.25,0,0,0,0,0,0,0,0,0,0,0,0,0,0,0,0,0,0,0,1,1,1,0,0,1,0,1,1,3,0,0,0,0,1,0,0,1,2,2,0,1,1,2,1,0,1,1,2,0,3,1,1,2,4,4,2,4,2,1,1,4,6,3,1,2,1,6,10,12,13,17,17,9,23,20,16,25,30,29,20,24,32,27,23,28,39,37,28,44,45,42,33,51,45,58,48,54,57,57,67,53,54,67,73,79,64,59,79,84,82,75,96,86,79,88,103,82,97,100,86,98,101,105,89,122,131,126,120,96,120,129,153,136,121,164,155,153,150,170,171,199,192,192,184,196,175,190,203,243,214,239,219,199,208,230,212,233,265,213,239,245,248,245,229,232,255,237,246,264,224,246,350,257,248,228,212,233,288,267,251,258,241,235,267,242,286,266,276,246,271,276,244,256,250,228,298,257,305,281,323,263,298,282,306,272,279,303,317,301,311,306,309,294,315,307,303,325,347,305,306,308,307,310,309,312,329,299,314,278,273,236,262,251,232,220,199,161,161,154,114,97,108,76,69,74,60,40,37,39,20,15,19,14,3,6,6,3,4,2,2,1,4,0,0,0,0,1,0,0,0,0,0,0,0,0,0,0,0,0,0,0,0,0,0,0,0,0,0,0,0,0,0,0,0,0,0,0,0,0,0
98.35,0,0,0,0,0,0,0,0,0,0,0,0,0,0,0,3,1,0,0,0,0,0,0,1,0,1,0,0,0,0,1,1,2,1,0,1,1,1,1,4,0,0,1,3,0,4,3,2,1,1,1,4,5,1,1,2,0,2,1,3,2,3,3,0,3,4,3,11,18,23,24,18,27,17,23,23,19,17,21,20,30,30,23,36,46,26,45,47,46,31,43,43,43,49,46,43,44,48,77,61,54,59,74,58,75,68,58,78,92,76,78,84,89,81,93,97,89,92,97,89,101,99,97,92,107,131,120,122,99,126,129,154,136,124,159,165,153,154,165,176,204,195,176,232,183,172,184,207,203,222,250,218,202,208,224,214,237,263,210,237,239,266,253,236,229,220,246,246,266,224,246,368,262,257,222,208,229,294,265,245,252,251,229,271,242,284,274,268,252,277,266,250,254,256,232,287,258,303,275,323,263,304,286,310,274,281,301,319,297,311,306,313,292,313,303,301,325,349,307,304,306,309,304,305,310,331,295,314,278,273,236,264,253,234,220,197,163,161,152,114,97,108,76,69,74,60,40,37,41,20,15,19,14,3,6,6,3,4,2,2,1,4,0,0,0,0,1,0,0,0,0,0,0,0,0,0,0,0,0,0,0,0,0,0,0,0,0,0,0,0,0,0,0,0,0,0,0,0,0,0
98.45,0,0,0,0,0,0,0,0,0,0,0,1,0,0,0,0,1,0,0,0,1,0,0,1,1,0,1,0,1,0,0,0,0,2,1,0,1,0,4,0,0,0,1,1,1,3,2,3,0,2,1,4,3,1,3,4,0,3,6,1,1,4,1,1,1,0,3,11,11,17,11,21,28,14,19,23,19,17,31,33,23,26,29,36,44,41,46,40,36,33,43,40,39,49,57,43,48,43,73,50,64,60,70,69,72,64,61,80,83,73,78,87,81,85,85,97,87,92,95,90,101,96,97,95,105,135,121,113,104,123,131,162,135,121,150,157,158,151,169,172,186,193,186,234,184,172,189,219,208,221,216,216,194,213,225,222,233,331,207,234,239,254,252,235,221,220,240,244,294,234,242,332,254,247,222,210,233,292,271,245,258,243,231,273,254,294,280,268,240,269,266,256,248,252,244,283,260,295,283,321,267,302,286,308,280,285,303,323,301,307,311,309,288,311,305,301,321,351,307,304,302,307,304,309,314,335,295,314,280,275,236,262,253,236,220,197,163,161,152,114,97,108,76,69,74,60,40,37,41,20,15,19,14,3,6,6,3,4,2,2,1,4,0,0,0,0,1,0,0,0,0,0,0,0,0,0,0,0,0,0,0,0,0,0,0,0,0,0,0,0,0,0,0,0,0,0,0,0,0,0
98.55,0,0,0,0,0,0,0,0,0,0,0,1,0,1,0,0,1,0,0,0,2,1,0,2,2,1,0,3,1,0,2,1,0,0,0,1,1,1,1,2,2,0,3,5,1,1,1,0,4,0,2,4,4,2,3,3,2,1,4,3,5,0,4,1,2,4,4,10,19,24,18,20,27,21,28,30,29,26,27,19,25,33,27,18,29,35,42,34,41,37,36,34,41,45,58,49,47,52,56,50,57,63,72,73,69,68,67,86,78,75,76,84,77,85,83,91,87,91,99,90,101,94,93,96,107,134,121,112,99,121,131,150,151,120,153,150,154,155,179,174,184,202,185,208,188,180,187,222,228,218,226,222,195,213,227,220,232,300,213,230,239,252,252,233,223,228,238,238,232,222,252,314,258,247,224,212,241,290,271,246,257,249,239,269,250,286,267,277,244,275,262,258,248,258,246,283,254,293,283,325,271,306,286,308,286,289,303,329,307,301,311,307,286,317,311,303,321,359,303,304,304,307,306,311,316,337,295,314,282,277,234,260,253,238,216,195,163,161,154,114,97,108,76,70,74,60,40,37,41,20,15,19,14,3,6,6,3,4,2,2,1,4,0,0,0,0,1,0,0,0,0,0,0,0,0,0,0,0,0,0,0,0,0,0,0,0,0,0,0,0,0,0,0,0,0,0,0,0,0,0
98.65,0,0,0,0,0,0,0,0,1,0,0,0,0,0,0,0,0,0,0,0,0,0,0,0,1,0,2,1,0,0,1,0,1,1,1,0,1,1,1,0,1,1,1,1,3,3,1,3,3,1,2,3,4,2,0,1,2,5,5,1,6,1,2,0,4,3,0,13,12,13,17,20,18,20,20,25,25,19,23,25,25,35,20,31,30,45,31,36,54,38,38,36,36,46,58,54,54,58,55,53,54,67,63,70,67,64,69,82,76,68,80,74,76,89,80,87,91,91,99,86,103,101,91,96,107,128,120,112,98,121,131,154,144,122,148,154,153,146,180,170,190,200,176,202,188,176,189,226,196,218,228,224,201,211,230,219,235,296,229,236,231,262,256,227,221,222,238,246,222,224,242,306,258,251,224,212,227,290,263,252,251,239,233,265,240,280,273,267,248,277,264,248,246,258,240,279,248,292,279,321,263,302,282,308,284,275,301,329,299,299,305,303,292,311,315,305,317,359,301,306,304,309,308,315,314,341,299,314,280,273,234,262,253,242,218,195,163,159,154,114,97,108,76,68,72,60,40,37,41,20,15,19,14,3,6,6,3,4,2,2,1,4,0,0,0,0,1,0,0,0,0,0,0,0,0,0,0,0,0,0,0,0,0,0,0,0,0,0,0,0,0,0,0,0,0,0,0,0,0,0
98.75,0,1,0,0,0,0,0,0,1,0,0,0,0,0,2,0,0,1,0,1,1,1,1,0,0,0,0,0,2,1,2,0,2,1,1,2,3,1,2,3,0,4,2,1,1,1,2,3,1,0,5,1,3,4,4,3,1,1,1,6,2,0,3,1,4,2,2,7,8,10,11,19,25,17,18,15,18,24,31,19,24,23,23,34,41,33,25,41,48,43,35,45,44,56,38,51,57,55,56,50,61,60,73,67,72,63,77,80,70,71,77,76,82,86,79,86,92,89,100,87,103,94,86,94,103,130,119,112,100,118,132,157,163,128,170,154,151,156,172,170,188,199,171,211,188,177,198,224,197,213,224,230,199,213,236,227,241,315,212,230,233,262,248,233,221,230,236,242,224,228,248,266,250,253,228,206,233,292,267,252,257,237,231,277,244,278,263,269,253,277,264,246,252,260,240,291,250,296,283,322,261,300,282,308,284,275,301,327,301,303,303,299,292,309,315,305,315,363,301,310,306,309,308,321,314,341,299,312,276,273,234,262,249,242,216,193,165,157,154,114,97,108,76,68,74,60,40,37,41,20,15,19,14,3,6,6,3,4,2,2,1,4,0,0,0,0,1,0,0,0,0,0,0,0,0,0,0,0,0,0,0,0,0,0,0,0,0,0,0,0,0,0,0,0,0,0,0,0,0,0
98.85,0,0,0,0,0,0,0,0,0,0,0,0,0,0,0,0,0,0,0,0,1,0,1,0,0,0,0,3,0,0,0,1,0,0,0,1,0,1,0,0,0,1,4,0,2,1,2,1,1,0,2,2,0,0,0,3,2,3,1,1,1,5,2,1,4,3,4,11,10,13,12,11,25,13,21,27,29,32,29,24,19,26,39,34,39,28,40,32,38,50,39,40,49,44,42,47,49,56,56,57,61,64,69,70,69,67,78,72,67,75,80,76,78,87,83,84,96,94,95,86,98,94,82,96,101,139,113,114,94,122,157,158,136,121,153,152,152,153,177,167,186,204,182,206,190,175,196,214,198,213,225,211,204,218,227,216,241,297,208,230,237,260,262,233,227,226,244,252,234,221,250,272,254,251,220,210,231,290,267,250,252,233,242,278,254,293,258,265,247,265,274,244,256,266,244,293,246,294,279,320,257,294,286,308,286,277,299,329,297,305,301,303,292,309,315,301,321,359,299,308,308,311,310,325,316,333,299,312,276,273,232,264,249,240,214,193,165,157,154,114,97,108,76,68,76,60,40,37,41,20,15,19,14,3,6,6,3,4,2,2,1,4,0,0,0,0,1,0,0,0,0,0,0,0,0,0,0,0,0,0,0,0,0,0,0,0,0,0,0,0,0,0,0,0,0,0,0,0,0,0
98.95,0,0,0,0,0,0,0,0,0,0,0,0,0,0,0,1,0,1,0,0,0,2,0,0,1,0,2,1,0,1,0,1,2,0,2,1,1,0,3,1,4,1,2,2,3,3,2,1,4,1,4,5,1,3,3,2,2,2,3,4,3,0,2,3,4,3,3,14,12,14,19,22,20,21,18,20,20,16,24,31,27,21,36,33,32,38,31,33,39,41,49,39,50,41,48,43,53,55,50,50,58,62,86,63,70,67,71,76,60,70,86,73,79,95,79,87,90,95,90,87,99,90,82,97,104,142,117,114,99,123,137,166,178,118,175,158,148,145,173,167,194,206,175,219,192,181,198,226,196,215,219,210,197,215,224,224,234,264,220,236,237,246,253,229,223,241,257,254,217,220,242,268,246,249,230,210,227,296,269,248,260,237,236,262,250,285,264,273,253,271,272,254,250,260,246,299,246,302,279,314,263,288,288,306,282,283,305,333,297,309,303,303,292,307,307,305,327,359,303,310,312,313,312,321,316,329,299,314,276,271,232,266,251,240,214,191,165,157,156,114,97,108,76,68,76,60,40,37,41,20,15,19,14,3,6,6,3,4,2,2,1,4,0,0,0,0,1,0,0,0,0,0,0,0,0,0,0,0,0,0,0,0,0,0,0,0,0,0,0,0,0,0,0,0,0,0,0,0,0,0
99.05,0,0,1,0,0,0,0,0,0,1,0,0,0,0,0,0,0,0,0,0,0,0,0,0,0,1,1,1,2,1,0,1,0,1,2,1,0,2,0,1,3,2,1,3,1,3,4,4,7,8,2,2,0,3,6,4,3,1,5,4,5,4,1,0,1,3,2,11,14,15,20,18,24,18,22,23,27,28,24,24,28,27,28,32,29,28,45,33,40,49,39,50,45,39,50,42,57,52,47,51,55,64,80,55,81,69,78,64,56,82,80,71,76,93,77,88,87,98,85,83,103,97,82,98,103,133,115,111,97,122,151,196,142,118,156,151,148,151,206,167,188,181,185,270,208,178,194,211,203,214,226,221,217,211,223,214,238,270,208,234,231,240,251,235,224,233,261,250,231,218,244,270,252,251,236,206,227,290,275,250,260,241,240,272,240,283,282,265,245,267,272,260,252,260,242,289,246,306,279,308,269,288,294,302,274,289,303,329,293,315,307,305,294,309,306,301,329,361,303,312,316,311,318,323,314,331,297,312,276,271,234,266,251,240,214,189,165,157,156,118,95,108,78,68,76,60,40,37,41,20,15,19,14,3,6,6,3,4,2,2,1,4,0,0,0,0,1,0,0,0,0,0,0,0,0,0,0,0,0,0,0,0,0,0,0,0,0,0,0,0,0,0,0,0,0,0,0,0,0,0
99.15,2,1,0,0,0,1,0,0,0,0,0,2,0,1,0,0,0,0,1,0,0,0,0,1,0,1,0,0,1,0,0,0,0,0,0,1,0,0,0,0,1,0,0,4,0,1,0,3,1,1,1,3,3,2,4,2,4,3,3,1,3,1,1,1,1,3,2,13,27,18,14,22,25,22,21,21,29,25,19,33,27,27,26,21,30,30,42,38,42,46,43,49,43,42,50,54,53,57,48,51,54,60,74,62,78,70,77,67,54,76,82,67,80,93,77,91,82,101,92,84,97,95,81,97,104,128,117,118,100,122,140,159,138,123,152,153,143,147,180,170,187,193,173,294,193,176,194,205,195,214,221,209,206,207,231,214,245,263,212,230,239,240,263,231,222,235,271,251,220,216,250,266,258,243,224,216,235,290,267,248,250,237,238,272,250,289,276,265,257,275,266,259,250,258,236,291,246,300,283,306,263,294,292,302,280,289,299,333,295,317,305,303,296,307,300,299,325,357,303,308,312,311,320,323,316,329,297,312,274,277,234,262,249,238,212,191,165,157,154,118,95,108,78,68,76,60,40,39,41,20,15,19,14,3,6,6,3,4,2,2,1,4,0,0,0,0,1,0,0,0,0,0,0,0,0,0,0,0,0,0,0,0,0,0,0,0,0,0,0,0,0,0,0,0,0,0,0,0,0,0
99.25,0,0,0,0,0,0,0,0,0,0,0,0,0,0,0,0,0,0,0,1,0,1,0,0,0,0,0,1,1,0,0,2,1,0,0,0,1,5,0,1,2,1,0,0,1,2,2,3,2,1,2,1,4,2,0,5,2,4,0,1,1,3,3,1,5,0,3,5,13,8,17,22,23,17,24,25,24,27,33,32,19,25,32,24,39,27,42,33,40,51,38,47,31,51,48,53,59,57,48,51,62,59,77,62,82,78,63,69,54,75,83,65,75,93,83,93,85,97,86,86,95,95,79,98,107,126,119,108,97,122,137,156,130,135,161,153,141,151,185,170,189,189,181,202,190,175,233,206,197,212,223,195,214,218,229,215,251,268,210,232,237,240,249,229,226,229,279,253,236,224,244,268,256,257,224,206,229,298,263,242,262,241,238,286,244,295,270,261,255,277,262,249,254,252,238,297,256,306,285,314,263,296,286,308,278,287,297,327,295,315,301,307,296,311,298,301,325,365,303,312,310,311,316,327,316,329,295,310,274,281,234,262,249,240,214,191,165,159,154,116,95,108,78,68,76,60,40,39,41,20,15,19,14,3,6,6,3,4,2,2,1,4,0,0,0,0,1,0,0,0,0,0,0,0,0,0,0,0,0,0,0,0,0,0,0,0,0,0,0,0,0,0,0,0,0,0,0,0,0,0
99.35,0,1,0,0,0,1,0,0,0,0,0,0,0,0,0,0,0,1,0,0,0,0,1,0,0,0,0,1,0,0,0,1,0,2,3,0,0,3,2,2,1,3,4,0,2,2,1,1,3,2,5,3,1,0,1,2,3,2,1,1,3,2,3,3,4,3,5,12,13,16,16,23,21,21,19,28,20,25,29,35,29,30,26,26,34,33,45,50,40,34,34,46,41,51,51,57,45,46,65,50,58,66,71,62,78,69,72,73,63,73,82,67,70,99,81,86,83,95,83,85,94,93,80,98,104,125,120,107,96,132,139,163,129,121,156,154,143,147,173,169,192,186,185,205,191,177,241,195,201,215,223,199,210,211,298,216,245,270,209,229,232,247,258,229,222,225,269,251,226,214,248,268,250,245,222,206,235,288,267,246,256,233,230,289,248,285,262,277,249,271,262,247,250,258,238,283,260,299,284,318,261,298,286,312,276,291,301,325,303,319,305,319,298,309,300,301,325,361,297,306,306,307,318,329,314,325,297,310,276,279,236,260,249,240,216,191,165,157,152,116,95,110,78,68,78,60,40,39,41,20,15,19,14,3,6,6,3,4,2,2,1,4,0,0,0,0,1,0,0,0,0,0,0,0,0,0,0,0,0,0,0,0,0,0,0,0,0,0,0,0,0,0,0,0,0,0,0,0,0,0
99.45,0,0,0,0,0,0,0,0,0,0,1,0,0,0,0,0,0,0,0,0,0,1,0,0,1,0,0,0,0,0,2,0,2,2,2,2,0,5,1,1,1,2,2,5,3,1,2,1,1,5,3,3,1,2,3,1,1,1,4,2,1,1,3,3,2,3,2,15,15,17,21,20,13,22,12,20,18,34,25,29,25,26,26,25,33,34,34,44,37,38,34,32,56,43,42,53,56,59,60,56,61,65,73,64,70,71,72,64,55,77,82,60,76,99,82,86,77,98,86,85,94,97,87,96,104,122,124,113,105,123,136,172,123,121,155,149,143,148,168,166,202,180,181,199,189,186,198,197,197,219,227,205,254,219,234,220,269,262,214,230,239,236,246,233,218,232,266,257,232,226,246,276,246,253,232,210,227,292,271,256,260,241,238,283,242,278,272,277,241,275,266,251,246,258,240,279,260,295,282,324,255,296,290,316,278,293,305,323,307,315,301,317,296,307,300,299,329,367,297,306,306,303,318,317,316,323,297,312,278,279,236,262,245,240,216,191,163,157,152,116,95,110,78,68,76,60,40,39,41,20,15,19,14,3,6,6,3,4,2,2,1,4,0,0,0,0,1,0,0,0,0,0,0,0,0,0,0,0,0,0,0,0,0,0,0,0,0,0,0,0,0,0,0,0,0,0,0,0,0,0
99.55,0,0,0,0,0,0,0,0,0,1,0,0,0,0,3,0,0,0,1,0,0,1,0,0,1,1,1,0,3,0,1,0,2,1,1,0,4,2,1,2,0,1,2,2,3,1,1,2,1,2,4,3,4,1,2,0,1,2,2,1,5,1,2,1,1,2,4,11,10,13,16,13,27,28,18,29,33,20,22,29,33,26,21,28,26,34,42,28,31,40,45,37,47,49,45,50,62,52,64,43,59,70,74,72,75,62,76,56,60,71,87,60,75,94,81,86,77,95,79,85,93,96,83,101,102,121,125,111,112,120,167,162,123,126,159,150,141,156,172,167,196,192,190,193,189,175,203,193,199,223,224,201,201,214,234,201,304,272,210,236,235,238,252,221,230,248,260,249,224,220,250,268,256,247,222,208,233,302,265,248,252,243,242,287,256,276,258,273,245,277,274,249,252,260,238,279,254,295,278,336,261,294,284,314,284,293,305,321,305,319,305,311,290,309,298,301,333,369,297,302,308,301,318,315,318,325,295,312,276,279,236,260,243,240,216,193,165,157,152,116,97,110,78,68,74,60,40,39,41,20,15,19,14,3,6,6,3,4,2,2,1,4,0,0,0,0,1,0,0,0,0,0,0,0,0,0,0,0,0,0,0,0,0,0,0,0,0,0,0,0,0,0,0,0,0,0,0,0,0,0
99.65,0,0,0,0,0,0,0,0,0,1,0,0,0,1,0,0,0,2,0,1,0,0,1,0,0,1,1,0,1,0,0,0,4,0,3,1,0,1,1,2,2,3,3,0,1,4,3,1,2,9,1,2,3,1,2,1,2,2,4,3,4,3,3,7,2,2,5,11,18,19,16,19,18,18,21,25,16,30,25,20,26,31,34,23,39,35,31,30,38,44,46,35,46,55,42,67,53,54,61,50,69,64,69,70,76,59,78,53,59,70,87,55,77,96,78,85,78,95,79,90,93,98,85,100,103,118,123,110,99,121,142,182,125,127,159,151,164,150,174,162,205,181,200,197,191,175,201,193,200,218,226,211,207,208,232,207,258,262,216,232,235,242,254,229,222,238,234,255,236,220,252,266,248,251,224,214,231,290,271,248,262,239,238,291,242,286,262,263,247,267,266,249,252,256,234,301,254,299,274,334,257,294,288,310,288,293,303,325,310,311,307,307,292,313,296,299,327,373,297,304,308,301,322,317,318,323,295,316,276,277,236,258,243,240,214,193,167,155,152,116,101,110,78,68,74,60,38,39,41,20,15,19,14,3,6,6,3,4,2,2,1,4,0,0,0,0,1,0,0,0,0,0,0,0,0,0,0,0,0,0,0,0,0,0,0,0,0,0,0,0,0,0,0,0,0,0,0,0,0,0
99.75,0,0,1,0,0,1,0,0,0,0,0,0,2,1,0,0,0,0,0,0,0,1,0,0,1,1,0,0,0,0,0,0,0,1,1,1,2,1,1,0,0,1,0,3,0,2,0,2,3,3,0,0,6,1,2,2,1,2,0,1,3,1,5,2,3,1,4,16,17,15,13,15,22,19,24,25,23,22,21,24,34,24,20,37,35,32,37,30,44,33,48,34,42,51,42,71,50,57,59,68,64,65,70,68,66,68,77,60,58,74,77,68,74,95,82,79,84,90,79,82,95,93,85,96,103,118,125,110,104,114,142,157,126,130,151,149,142,158,176,162,192,183,206,197,188,178,199,193,199,218,219,205,191,210,228,207,257,255,216,232,235,238,254,229,224,246,230,253,290,226,248,268,260,245,226,208,233,282,267,250,258,237,230,287,240,292,280,263,255,267,266,245,250,260,238,303,244,297,278,332,267,292,286,308,282,291,299,321,308,309,303,311,296,311,294,297,325,369,297,304,306,297,322,313,320,325,295,314,276,277,232,260,243,240,212,191,167,157,152,116,99,110,78,68,74,60,38,39,41,20,15,19,14,3,6,6,3,4,2,2,1,4,0,0,0,0,1,0,0,0,0,0,0,0,0,0,0,0,0,0,0,0,0,0,0,0,0,0,0,0,0,0,0,0,0,0,0,0,0,0
99.85,0,0,0,0,0,0,0,1,0,0,0,0,0,0,0,0,0,1,0,1,0,0,0,0,0,0,0,0,3,0,1,0,1,1,1,1,2,1,1,1,1,1,1,1,3,1,4,0,1,2,3,2,2,4,0,2,2,3,2,3,5,1,3,0,1,4,4,5,7,16,18,21,20,17,23,28,18,22,23,37,21,22,25,27,40,32,39,42,38,47,37,56,37,41,52,58,56,61,64,69,63,70,58,71,69,64,72,64,60,75,77,62,76,99,75,82,87,89,77,82,94,92,88,91,105,117,123,108,117,116,131,153,126,129,149,147,147,147,174,162,193,193,189,186,192,172,205,197,203,217,223,207,199,207,233,210,262,257,218,233,238,244,252,229,226,242,228,255,250,222,247,269,252,253,226,204,227,294,265,244,254,241,248,293,242,286,274,261,259,271,266,249,250,258,240,303,254,297,280,330,267,294,282,314,288,293,301,327,304,309,303,309,286,311,296,303,323,369,295,306,304,295,322,313,318,325,297,312,276,277,232,260,243,240,212,189,167,157,152,116,97,106,78,68,74,62,38,39,41,20,15,19,14,3,6,6,3,4,2,2,1,4,0,0,0,0,1,0,0,0,0,0,0,0,0,0,0,0,0,0,0,0,0,0,0,0,0,0,0,0,0,0,0,0,0,0,0,0,0,0
99.95,0,0,0,0,1,1,0,0,0,0,0,0,0,0,1,1,0,0,0,0,0,0,1,0,0,0,2,0,0,0,0,1,1,0,1,0,1,0,1,1,3,0,3,3,3,2,3,0,0,5,1,3,0,2,4,5,1,2,7,5,6,2,1,3,2,2,8,12,14,18,20,22,14,20,11,21,20,22,30,26,23,31,30,25,40,45,33,41,39,48,39,54,44,42,59,62,54,55,59,74,70,77,57,68,82,64,65,59,70,77,68,67,72,99,77,82,88,89,78,84,95,87,90,90,105,118,131,108,95,118,138,150,131,134,148,149,142,148,165,162,198,183,197,188,193,171,201,197,201,212,222,205,191,213,231,202,234,263,214,235,242,234,256,229,225,246,217,273,242,218,245,277,248,249,232,212,227,296,269,252,258,235,244,285,254,286,268,275,257,275,262,255,252,260,242,287,242,297,284,324,271,294,286,308,282,287,305,327,306,311,297,307,286,311,296,309,321,369,299,308,304,295,318,313,316,324,297,314,278,277,228,258,243,240,212,191,167,157,150,116,97,106,78,68,74,62,38,39,41,20,15,19,14,3,6,6,3,4,2,2,1,4,0,0,0,0,1,0,0,0,0,0,0,0,0,0,0,0,0,0,0,0,0,0,0,0,0,0,0,0,0,0,0,0,0,0,0,0,0,0
100.05,0,0,0,1,0,0,1,0,0,0,0,0,0,0,0,0,1,1,0,0,0,0,0,0,0,0,1,1,1,1,0,1,0,0,2,1,2,1,0,1,3,0,5,1,1,2,2,3,1,3,1,4,4,2,3,2,2,1,1,1,1,3,1,4,3,1,6,9,13,15,28,31,20,20,21,21,25,22,22,28,27,31,35,32,33,32,35,41,42,44,50,49,48,43,45,60,52,51,64,70,70,75,65,65,75,65,70,60,76,67,75,66,76,89,81,83,87,88,79,81,98,85,91,88,107,118,127,107,99,116,128,152,132,146,146,157,150,153,165,166,207,213,193,184,197,178,201,189,199,214,222,203,201,217,239,206,237,264,208,228,236,233,255,224,219,244,221,251,240,225,238,273,258,247,220,204,234,288,271,246,256,233,234,273,246,281,266,267,249,283,266,253,254,258,246,277,244,307,278,316,269,306,290,304,280,283,307,323,304,311,295,309,294,309,300,305,323,365,299,306,306,291,312,313,316,323,295,316,278,279,232,258,241,242,210,191,167,157,150,116,97,106,78,68,74,62,38,39,41,20,15,19,14,3,6,6,3,4,2,2,1,4,0,0,0,0,1,0,0,0,0,0,0,0,0,0,0,0,0,0,0,0,0,0,0,0,0,0,0,0,0,0,0,0,0,0,0,0,0,0
