altitude_km,0.01keV-0.0107152keV,0.0107152keV-0.0114815keV,0.0114815keV-0.0123027keV,0.0123027keV-0.0131826keV,0.0131826keV-0.0141254keV,0.0141254keV-0.0151356keV,0.0151356keV-0.0162181keV,0.0162181keV-0.017378keV,0.017378keV-0.0186209keV,0.0186209keV-0.0199526keV,0.0199526keV-0.0213796keV,0.0213796keV-0.0229087keV,0.0229087keV-0.0245471keV,0.0245471keV-0.0263027keV,0.0263027keV-0.0281838keV,0.0281838keV-0.0301995keV,0.0301995keV-0.0323594keV,0.0323594keV-0.0346737keV,0.0346737keV-0.0371535keV,0.0371535keV-0.0398107keV,0.0398107keV-0.042658keV,0.042658keV-0.0457088keV,0.0457088keV-0.0489779keV,0.0489779keV-0.0524807keV,0.0524807keV-0.0562341keV,0.0562341keV-0.060256keV,0.060256keV-0.0645654keV,0.0645654keV-0.0691831keV,0.0691831keV-0.074131keV,0.074131keV-0.0794328keV,0.0794328keV-0.0851138keV,0.0851138keV-0.0912011keV,0.0912011keV-0.0977237keV,0.0977237keV-0.104713keV,0.104713keV-0.112202keV,0.112202keV-0.120226keV,0.120226keV-0.128825keV,0.128825keV-0.138038keV,0.138038keV-0.147911keV,0.147911keV-0.158489keV,0.158489keV-0.169824keV,0.169824keV-0.18197keV,0.18197keV-0.194984keV,0.194984keV-0.20893keV,0.20893keV-0.223872keV,0.223872keV-0.239883keV,0.239883keV-0.25704keV,0.25704keV-0.275423keV,0.275423keV-0.295121keV,0.295121keV-0.316228keV,0.316228keV-0.338844keV,0.338844keV-0.363078keV,0.363078keV-0.389045keV,0.389045keV-0.416869keV,0.416869keV-0.446684keV,0.446684keV-0.47863keV,0.47863keV-0.512861keV,0.512861keV-0.549541keV,0.549541keV-0.588844keV,0.588844keV-0.630957keV,0.630957keV-0.676083keV,0.676083keV-0.724436keV,0.724436keV-0.776247keV,0.776247keV-0.831764keV,0.831764keV-0.891251keV,0.891251keV-0.954993keV,0.954993keV-1.02329keV,1.02329keV-1.09648keV,1.09648keV-1.1749keV,1.1749keV-1.25893keV,1.25893keV-1.34896keV,1.34896keV-1.44544keV,1.44544keV-1.54882keV,1.54882keV-1.65959keV,1.65959keV-1.77828keV,1.77828keV-1.90546keV,1.90546keV-2.04174keV,2.04174keV-2.18776keV,2.18776keV-2.34423keV,2.34423keV-2.51189keV,2.51189keV-2.69153keV,2.69153keV-2.88403keV,2.88403keV-3.0903keV,3.0903keV-3.31131keV,3.31131keV-3.54813keV,3.54813keV-3.80189keV,3.80189keV-4.0738keV,4.0738keV-4.36516keV,4.36516keV-4.67735keV,4.67735keV-5.01187keV,5.01187keV-5.37032keV,5.37032keV-5.7544keV,5.7544keV-6.16595keV,6.16595keV-6.60693keV,6.60693keV-7.07946keV,7.07946keV-7.58578keV,7.58578keV-8.12831keV,8.12831keV-8.70964keV,8.70964keV-9.33254keV,9.33254keV-10keV,10keV-10.7152keV,10.7152keV-11.4815keV,11.4815keV-12.3027keV,12.3027keV-13.1826keV,13.1826keV-14.1254keV,14.1254keV-15.1356keV,15.1356keV-16.2181keV,16.2181keV-17.378keV,17.378keV-18.6209keV,18.6209keV-19.9526keV,19.9526keV-21.3796keV,21.3796keV-22.9087keV,22.9087keV-24.5471keV,24.5471keV-26.3027keV,26.3027keV-28.1838keV,28.1838keV-30.1995keV,30.1995keV-32.3594keV,32.3594keV-34.6737keV,34.6737keV-37.1535keV,37.1535keV-39.8107keV,39.8107keV-42.658keV,42.658keV-45.7088keV,45.7088keV-48.9779keV,48.9779keV-52.4807keV,52.4807keV-56.2341keV,56.2341keV-60.256keV,60.256keV-64.5654keV,64.5654keV-69.1831keV,69.1831keV-74.131keV,74.131keV-79.4328keV,79.4328keV-85.1138keV,85.1138keV-91.2011keV,91.2011keV-97.7237keV,97.7237keV-104.713keV,104.713keV-112.202keV,112.202keV-120.226keV,120.226keV-128.825keV,128.825keV-138.038keV,138.038keV-147.911keV,147.911keV-158.489keV,158.489keV-169.824keV,169.824keV-181.97keV,181.97keV-194.984keV,194.984keV-208.93keV,208.93keV-223.872keV,223.872keV-239.883keV,239.883keV-257.04keV,257.04keV-275.423keV,275.423keV-295.121keV,295.121keV-316.228keV,316.228keV-338.844keV,338.844keV-363.078keV,363.078keV-389.045keV,389.045keV-416.869keV,416.869keV-446.684keV,446.684keV-478.63keV,478.63keV-512.861keV,512.861keV-549.541keV,549.541keV-588.844keV,588.844keV-630.957keV,630.957keV-676.083keV,676.083keV-724.436keV,724.436keV-776.247keV,776.247keV-831.764keV,831.764keV-891.251keV,891.251keV-954.993keV,954.993keV-1023.29keV,1023.29keV-1096.48keV,1096.48keV-1174.9keV,1174.9keV-1258.93keV,1258.93keV-1348.96keV,1348.96keV-1445.44keV,1445.44keV-1548.82keV,1548.82keV-1659.59keV,1659.59keV-1778.28keV,1778.28keV-1905.46keV,1905.46keV-2041.74keV,2041.74keV-2187.76keV,2187.76keV-2344.23keV,2344.23keV-2511.89keV,2511.89keV-2691.53keV,2691.53keV-2884.03keV,2884.03keV-3090.3keV,3090.3keV-3311.31keV,3311.31keV-3548.13keV,3548.13keV-3801.89keV,3801.89keV-4073.8keV,4073.8keV-4365.16keV,4365.16keV-4677.35keV,4677.35keV-5011.87keV,5011.87keV-5370.32keV,5370.32keV-5754.4keV,5754.4keV-6165.95keV,6165.95keV-6606.93keV,6606.93keV-7079.46keV,7079.46keV-7585.78keV,7585.78keV-8128.31keV,8128.31keV-8709.64keV,8709.64keV-9332.54keV,9332.54keV-10000keV,10000keV-10715.2keV,10715.2keV-11481.5keV,11481.5keV-12302.7keV,12302.7keV-13182.6keV,13182.6keV-14125.4keV,14125.4keV-15135.6keV,15135.6keV-16218.1keV,16218.1keV-17378keV,17378keV-18620.9keV,18620.9keV-19952.6keV,19952.6keV-21379.6keV,21379.6keV-22908.7keV,22908.7keV-24547.1keV,24547.1keV-26302.7keV,26302.7keV-28183.8keV,28183.8keV-30199.5keV,30199.5keV-32359.4keV,32359.4keV-34673.7keV,34673.7keV-37153.5keV,37153.5keV-39810.7keV,39810.7keV-42658keV,42658keV-45708.8keV,45708.8keV-48977.9keV,48977.9keV-52480.7keV,52480.7keV-56234.1keV,56234.1keV-60256keV,60256keV-64565.4keV,64565.4keV-69183.1keV,69183.1keV-74131keV,74131keV-79432.8keV,79432.8keV-85113.8keV,85113.8keV-91201.1keV,91201.1keV-97723.7keV,97723.7keV-104713keV,104713keV-112202keV,112202keV-120226keV,120226keV-128825keV,128825keV-138038keV,138038keV-147911keV,147911keV-158489keV,158489keV-169824keV,169824keV-181970keV,181970keV-194984keV,194984keV-208930keV,208930keV-223872keV,223872keV-239883keV,239883keV-257040keV,257040keV-275423keV,275423keV-295121keV,295121keV-316228keV,316228keV-338844keV,338844keV-363078keV,363078keV-389045keV,389045keV-416869keV,416869keV-446684keV,446684keV-478630keV,478630keV-512861keV,512861keV-549541keV,549541keV-588844keV,588844keV-630957keV,630957keV-676083keV,676083keV-724436keV,724436keV-776247keV,776247keV-831764keV,831764keV-891251keV,891251keV-954993keV,954993keV-1.02329e+06keV,1.02329e+06keV-1.09648e+06keV,1.09648e+06keV-1.1749e+06keV,1.1749e+06keV-1.25893e+06keV,1.25893e+06keV-1.34896e+06keV,1.34896e+06keV-1.44544e+06keV,1.44544e+06keV-1.54882e+06keV,1.54882e+06keV-1.65959e+06keV,1.65959e+06keV-1.77828e+06keV,1.77828e+06keV-1.90546e+06keV,1.90546e+06keV-2.04174e+06keV,2.04174e+06keV-2.18776e+06keV,2.18776e+06keV-2.34423e+06keV,2.34423e+06keV-2.51189e+06keV,2.51189e+06keV-2.69153e+06keV,2.69153e+06keV-2.88403e+06keV,2.88403e+06keV-3.0903e+06keV,3.0903e+06keV-3.31131e+06keV,3.31131e+06keV-3.54813e+06keV,3.54813e+06keV-3.80189e+06keV,3.80189e+06keV-4.0738e+06keV,4.0738e+06keV-4.36516e+06keV,4.36516e+06keV-4.67735e+06keV,4.67735e+06keV-5.01187e+06keV,5.01187e+06keV-5.37032e+06keV,5.37032e+06keV-5.7544e+06keV,5.7544e+06keV-6.16595e+06keV,6.16595e+06keV-6.60693e+06keV,6.60693e+06keV-7.07946e+06keV,7.07946e+06keV-7.58578e+06keV,7.58578e+06keV-8.12831e+06keV,8.12831e+06keV-8.70964e+06keV,8.70964e+06keV-9.33254e+06keV,9.33254e+06keV-1e+07keV
0.05,0,0,0,0,0,0,0,0,0,0,0,0,0,0,0,0,0,0,0,0,0,0,0,0,0,0,0,0,0,0,0,0,0,0,0,0,0,0,0,0,0,0,0,0,0,0,0,0,0,0,0,0,0,0,0,0,0,0,0,0,0,0,0,0,0,0,0,0,0,0,0,0,0,0,0,0,0,0,0,0,0,0,0,0,0,0,0,0,0,0,0,0,0,0,0,0,0,0,0,0,0,0,0,0,0,0,0,0,0,0,0,0,0,0,0,0,0,0,0,0,0,0,0,0,0,0,0,0,0,0,0,0,0,0,0,0,0,0,0,0,0,0,0,0,0,0,0,0,0,0,0,0,0,0,0,0,0,0,0,0,0,0,0,0,0,0,0,0,0,0,0,0,0,0,0,0,0,0,0,0,0,0,0,0,0,0,0,0,0,0,0,0,0,0,0,0,0,0,0,0,0,0,0,0,0,0,0,0,0,0,0,0,0,0,0,0,0,0,0,0,0,0,0,0,0,0,0,0,0,0,0,0,0,0,0,0,0,0,0,0,0,0,0,0,0,0,0,0,0,0,0,0,0,0,0,0,0,0,0,0,0,0,0,0,0,0,0,0,0,0,0,0,0,0,0,0,0,0,0,0,0,0,0,0,0,0,0,0,0,0,0,0,0,0,0,0,0,0,0,0
0.15,0,0,0,0,0,0,0,0,0,0,0,0,0,0,0,0,0,0,0,0,0,0,0,0,0,0,0,0,0,0,0,0,0,0,0,0,0,0,0,0,0,0,0,0,0,0,0,0,0,0,0,0,0,0,0,0,0,0,0,0,0,0,0,0,0,0,0,0,0,0,0,0,0,0,0,0,0,0,0,0,0,0,0,0,0,0,0,0,0,0,0,0,0,0,0,0,0,0,0,0,0,0,0,0,0,0,0,0,0,0,0,0,0,0,0,0,0,0,0,0,0,0,0,0,0,0,0,0,0,0,0,0,0,0,0,0,0,0,0,0,0,0,0,0,0,0,0,0,0,0,0,0,0,0,0,0,0,0,0,0,0,0,0,0,0,0,0,0,0,0,0,0,0,0,0,0,0,0,0,0,0,0,0,0,0,0,0,0,0,0,0,0,0,0,0,0,0,0,0,0,0,0,0,0,0,0,0,0,0,0,0,0,0,0,0,0,0,0,0,0,0,0,0,0,0,0,0,0,0,0,0,0,0,0,0,0,0,0,0,0,0,0,0,0,0,0,0,0,0,0,0,0,0,0,0,0,0,0,0,0,0,0,0,0,0,0,0,0,0,0,0,0,0,0,0,0,0,0,0,0,0,0,0,0,0,0,0,0,0,0,0,0,0,0,0,0,0,0,0,0
0.25,0,0,0,0,0,0,0,0,0,0,0,0,0,0,0,0,0,0,0,0,0,0,0,0,0,0,0,0,0,0,0,0,0,0,0,0,0,0,0,0,0,0,0,0,0,0,0,0,0,0,0,0,0,0,0,0,0,0,0,0,0,0,0,0,0,0,0,0,0,0,0,0,0,0,0,0,0,0,0,0,0,0,0,0,0,0,0,0,0,0,0,0,0,0,0,0,0,0,0,0,0,0,0,0,0,0,0,0,0,0,0,0,0,0,0,0,0,0,0,0,0,0,0,0,0,0,0,0,0,0,0,0,0,0,0,0,0,0,0,0,0,0,0,0,0,0,0,0,0,0,0,0,0,0,0,0,0,0,0,0,0,0,0,0,0,0,0,0,0,0,0,0,0,0,0,0,0,0,0,0,0,0,0,0,0,0,0,0,0,0,0,0,0,0,0,0,0,0,0,0,0,0,0,0,0,0,0,0,0,0,0,0,0,0,0,0,0,0,0,0,0,0,0,0,0,0,0,0,0,0,0,0,0,0,0,0,0,0,0,0,0,0,0,0,0,0,0,0,0,0,0,0,0,0,0,0,0,0,0,0,0,0,0,0,0,0,0,0,0,0,0,0,0,0,0,0,0,0,0,0,0,0,0,0,0,0,0,0,0,0,0,0,0,0,0,0,0,0,0,0
0.35,0,0,0,0,0,0,0,0,0,0,0,0,0,0,0,0,0,0,0,0,0,0,0,0,0,0,0,0,0,0,0,0,0,0,0,0,0,0,0,0,0,0,0,0,0,0,0,0,0,0,0,0,0,0,0,0,0,0,0,0,0,0,0,0,0,0,0,0,0,0,0,0,0,0,0,0,0,0,0,0,0,0,0,0,0,0,0,0,0,0,0,0,0,0,0,0,0,0,0,0,0,0,0,0,0,0,0,0,0,0,0,0,0,0,0,0,0,0,0,0,0,0,0,0,0,0,0,0,0,0,0,0,0,0,0,0,0,0,0,0,0,0,0,0,0,0,0,0,0,0,0,0,0,0,0,0,0,0,0,0,0,0,0,0,0,0,0,0,0,0,0,0,0,0,0,0,0,0,0,0,0,0,0,0,0,0,0,0,0,0,0,0,0,0,0,0,0,0,0,0,0,0,0,0,0,0,0,0,0,0,0,0,0,0,0,0,0,0,0,0,0,0,0,0,0,0,0,0,0,0,0,0,0,0,0,0,0,0,0,0,0,0,0,0,0,0,0,0,0,0,0,0,0,0,0,0,0,0,0,0,0,0,0,0,0,0,0,0,0,0,0,0,0,0,0,0,0,0,0,0,0,0,0,0,0,0,0,0,0,0,0,0,0,0,0,0,0,0,0,0
0.45,0,0,0,0,0,0,0,0,0,0,0,0,0,0,0,0,0,0,0,0,0,0,0,0,0,0,0,0,0,0,0,0,0,0,0,0,0,0,0,0,0,0,0,0,0,0,0,0,0,0,0,0,0,0,0,0,0,0,0,0,0,0,0,0,0,0,0,0,0,0,0,0,0,0,0,0,0,0,0,0,0,0,0,0,0,0,0,0,0,0,0,0,0,0,0,0,0,0,0,0,0,0,0,0,0,0,0,0,0,0,0,0,0,0,0,0,0,0,0,0,0,0,0,0,0,0,0,0,0,0,0,0,0,0,0,0,0,0,0,0,0,0,0,0,0,0,0,0,0,0,0,0,0,0,0,0,0,0,0,0,0,0,0,0,0,0,0,0,0,0,0,0,0,0,0,0,0,0,0,0,0,0,0,0,0,0,0,0,0,0,0,0,0,0,0,0,0,0,0,0,0,0,0,0,0,0,0,0,0,0,0,0,0,0,0,0,0,0,0,0,0,0,0,0,0,0,0,0,0,0,0,0,0,0,0,0,0,0,0,0,0,0,0,0,0,0,0,0,0,0,0,0,0,0,0,0,0,0,0,0,0,0,0,0,0,0,0,0,0,0,0,0,0,0,0,0,0,0,0,0,0,0,0,0,0,0,0,0,0,0,0,0,0,0,0,0,0,0,0,0
0.55,0,0,0,0,0,0,0,0,0,0,0,0,0,0,0,0,0,0,0,0,0,0,0,0,0,0,0,0,0,0,0,0,0,0,0,0,0,0,0,0,0,0,0,0,0,0,0,0,0,0,0,0,0,0,0,0,0,0,0,0,0,0,0,0,0,0,0,0,0,0,0,0,0,0,0,0,0,0,0,0,0,0,0,0,0,0,0,0,0,0,0,0,0,0,0,0,0,0,0,0,0,0,0,0,0,0,0,0,0,0,0,0,0,0,0,0,0,0,0,0,0,0,0,0,0,0,0,0,0,0,0,0,0,0,0,0,0,0,0,0,0,0,0,0,0,0,0,0,0,0,0,0,0,0,0,0,0,0,0,0,0,0,0,0,0,0,0,0,0,0,0,0,0,0,0,0,0,0,0,0,0,0,0,0,0,0,0,0,0,0,0,0,0,0,0,0,0,0,0,0,0,0,0,0,0,0,0,0,0,0,0,0,0,0,0,0,0,0,0,0,0,0,0,0,0,0,0,0,0,0,0,0,0,0,0,0,0,0,0,0,0,0,0,0,0,0,0,0,0,0,0,0,0,0,0,0,0,0,0,0,0,0,0,0,0,0,0,0,0,0,0,0,0,0,0,0,0,0,0,0,0,0,0,0,0,0,0,0,0,0,0,0,0,0,0,0,0,0,0,0
0.65,0,0,0,0,0,0,0,0,0,0,0,0,0,0,0,0,0,0,0,0,0,0,0,0,0,0,0,0,0,0,0,0,0,0,0,0,0,0,0,0,0,0,0,0,0,0,0,0,0,0,0,0,0,0,0,0,0,0,0,0,0,0,0,0,0,0,0,0,0,0,0,0,0,0,0,0,0,0,0,0,0,0,0,0,0,0,0,0,0,0,0,0,0,0,0,0,0,0,0,0,0,0,0,0,0,0,0,0,0,0,0,0,0,0,0,0,0,0,0,0,0,0,0,0,0,0,0,0,0,0,0,0,0,0,0,0,0,0,0,0,0,0,0,0,0,0,0,0,0,0,0,0,0,0,0,0,0,0,0,0,0,0,0,0,0,0,0,0,0,0,0,0,0,0,0,0,0,0,0,0,0,0,0,0,0,0,0,0,0,0,0,0,0,0,0,0,0,0,0,0,0,0,0,0,0,0,0,0,0,0,0,0,0,0,0,0,0,0,0,0,0,0,0,0,0,0,0,0,0,0,0,0,0,0,0,0,0,0,0,0,0,0,0,0,0,0,0,0,0,0,0,0,0,0,0,0,0,0,0,0,0,0,0,0,0,0,0,0,0,0,0,0,0,0,0,0,0,0,0,0,0,0,0,0,0,0,0,0,0,0,0,0,0,0,0,0,0,0,0,0
0.75,0,0,0,0,0,0,0,0,0,0,0,0,0,0,0,0,0,0,0,0,0,0,0,0,0,0,0,0,0,0,0,0,0,0,0,0,0,0,0,0,0,0,0,0,0,0,0,0,0,0,0,0,0,0,0,0,0,0,0,0,0,0,0,0,0,0,0,0,0,0,0,0,0,0,0,0,0,0,0,0,0,0,0,0,0,0,0,0,0,0,0,0,0,0,0,0,0,0,0,0,0,0,0,0,0,0,0,0,0,0,0,0,0,0,0,0,0,0,0,0,0,0,0,0,0,0,0,0,0,0,0,0,0,0,0,0,0,0,0,0,0,0,0,0,0,0,0,0,0,0,0,0,0,0,0,0,0,0,0,0,0,0,0,0,0,0,0,0,0,0,0,0,0,0,0,0,0,0,0,0,0,0,0,0,0,0,0,0,0,0,0,0,0,0,0,0,0,0,0,0,0,0,0,0,0,0,0,0,0,0,0,0,0,0,0,0,0,0,0,0,0,0,0,0,0,0,0,0,0,0,0,0,0,0,0,0,0,0,0,0,0,0,0,0,0,0,0,0,0,0,0,0,0,0,0,0,0,0,0,0,0,0,0,0,0,0,0,0,0,0,0,0,0,0,0,0,0,0,0,0,0,0,0,0,0,0,0,0,0,0,0,0,0,0,0,0,0,0,0,0
0.85,0,0,0,0,0,0,0,0,0,0,0,0,0,0,0,0,0,0,0,0,0,0,0,0,0,0,0,0,0,0,0,0,0,0,0,0,0,0,0,0,0,0,0,0,0,0,0,0,0,0,0,0,0,0,0,0,0,0,0,0,0,0,0,0,0,0,0,0,0,0,0,0,0,0,0,0,0,0,0,0,0,0,0,0,0,0,0,0,0,0,0,0,0,0,0,0,0,0,0,0,0,0,0,0,0,0,0,0,0,0,0,0,0,0,0,0,0,0,0,0,0,0,0,0,0,0,0,0,0,0,0,0,0,0,0,0,0,0,0,0,0,0,0,0,0,0,0,0,0,0,0,0,0,0,0,0,0,0,0,0,0,0,0,0,0,0,0,0,0,0,0,0,0,0,0,0,0,0,0,0,0,0,0,0,0,0,0,0,0,0,0,0,0,0,0,0,0,0,0,0,0,0,0,0,0,0,0,0,0,0,0,0,0,0,0,0,0,0,0,0,0,0,0,0,0,0,0,0,0,0,0,0,0,0,0,0,0,0,0,0,0,0,0,0,0,0,0,0,0,0,0,0,0,0,0,0,0,0,0,0,0,0,0,0,0,0,0,0,0,0,0,0,0,0,0,0,0,0,0,0,0,0,0,0,0,0,0,0,0,0,0,0,0,0,0,0,0,0,0,0
0.95,0,0,0,0,0,0,0,0,0,0,0,0,0,0,0,0,0,0,0,0,0,0,0,0,0,0,0,0,0,0,0,0,0,0,0,0,0,0,0,0,0,0,0,0,0,0,0,0,0,0,0,0,0,0,0,0,0,0,0,0,0,0,0,0,0,0,0,0,0,0,0,0,0,0,0,0,0,0,0,0,0,0,0,0,0,0,0,0,0,0,0,0,0,0,0,0,0,0,0,0,0,0,0,0,0,0,0,0,0,0,0,0,0,0,0,0,0,0,0,0,0,0,0,0,0,0,0,0,0,0,0,0,0,0,0,0,0,0,0,0,0,0,0,0,0,0,0,0,0,0,0,0,0,0,0,0,0,0,0,0,0,0,0,0,0,0,0,0,0,0,0,0,0,0,0,0,0,0,0,0,0,0,0,0,0,0,0,0,0,0,0,0,0,0,0,0,0,0,0,0,0,0,0,0,0,0,0,0,0,0,0,0,0,0,0,0,0,0,0,0,0,0,0,0,0,0,0,0,0,0,0,0,0,0,0,0,0,0,0,0,0,0,0,0,0,0,0,0,0,0,0,0,0,0,0,0,0,0,0,0,0,0,0,0,0,0,0,0,0,0,0,0,0,0,0,0,0,0,0,0,0,0,0,0,0,0,0,0,0,0,0,0,0,0,0,0,0,0,0,0
1.05,0,0,0,0,0,0,0,0,0,0,0,0,0,0,0,0,0,0,0,0,0,0,0,0,0,0,0,0,0,0,0,0,0,0,0,0,0,0,0,0,0,0,0,0,0,0,0,0,0,0,0,0,0,0,0,0,0,0,0,0,0,0,0,0,0,0,0,0,0,0,0,0,0,0,0,0,0,0,0,0,0,0,0,0,0,0,0,0,0,0,0,0,0,0,0,0,0,0,0,0,0,0,0,0,0,0,0,0,0,0,0,0,0,0,0,0,0,0,0,0,0,0,0,0,0,0,0,0,0,0,0,0,0,0,0,0,0,0,0,0,0,0,0,0,0,0,0,0,0,0,0,0,0,0,0,0,0,0,0,0,0,0,0,0,0,0,0,0,0,0,0,0,0,0,0,0,0,0,0,0,0,0,0,0,0,0,0,0,0,0,0,0,0,0,0,0,0,0,0,0,0,0,0,0,0,0,0,0,0,0,0,0,0,0,0,0,0,0,0,0,0,0,0,0,0,0,0,0,0,0,0,0,0,0,0,0,0,0,0,0,0,0,0,0,0,0,0,0,0,0,0,0,0,0,0,0,0,0,0,0,0,0,0,0,0,0,0,0,0,0,0,0,0,0,0,0,0,0,0,0,0,0,0,0,0,0,0,0,0,0,0,0,0,0,0,0,0,0,0,0
1.15,0,0,0,0,0,0,0,0,0,0,0,0,0,0,0,0,0,0,0,0,0,0,0,0,0,0,0,0,0,0,0,0,0,0,0,0,0,0,0,0,0,0,0,0,0,0,0,0,0,0,0,0,0,0,0,0,0,0,0,0,0,0,0,0,0,0,0,0,0,0,0,0,0,0,0,0,0,0,0,0,0,0,0,0,0,0,0,0,0,0,0,0,0,0,0,0,0,0,0,0,0,0,0,0,0,0,0,0,0,0,0,0,0,0,0,0,0,0,0,0,0,0,0,0,0,0,0,0,0,0,0,0,0,0,0,0,0,0,0,0,0,0,0,0,0,0,0,0,0,0,0,0,0,0,0,0,0,0,0,0,0,0,0,0,0,0,0,0,0,0,0,0,0,0,0,0,0,0,0,0,0,0,0,0,0,0,0,0,0,0,0,0,0,0,0,0,0,0,0,0,0,0,0,0,0,0,0,0,0,0,0,0,0,0,0,0,0,0,0,0,0,0,0,0,0,0,0,0,0,0,0,0,0,0,0,0,0,0,0,0,0,0,0,0,0,0,0,0,0,0,0,0,0,0,0,0,0,0,0,0,0,0,0,0,0,0,0,0,0,0,0,0,0,0,0,0,0,0,0,0,0,0,0,0,0,0,0,0,0,0,0,0,0,0,0,0,0,0,0,0
1.25,0,0,0,0,0,0,0,0,0,0,0,0,0,0,0,0,0,0,0,0,0,0,0,0,0,0,0,0,0,0,0,0,0,0,0,0,0,0,0,0,0,0,0,0,0,0,0,0,0,0,0,0,0,0,0,0,0,0,0,0,0,0,0,0,0,0,0,0,0,0,0,0,0,0,0,0,0,0,0,0,0,0,0,0,0,0,0,0,0,0,0,0,0,0,0,0,0,0,0,0,0,0,0,0,0,0,0,0,0,0,0,0,0,0,0,0,0,0,0,0,0,0,0,0,0,0,0,0,0,0,0,0,0,0,0,0,0,0,0,0,0,0,0,0,0,0,0,0,0,0,0,0,0,0,0,0,0,0,0,0,0,0,0,0,0,0,0,0,0,0,0,0,0,0,0,0,0,0,0,0,0,0,0,0,0,0,0,0,0,0,0,0,0,0,0,0,0,0,0,0,0,0,0,0,0,0,0,0,0,0,0,0,0,0,0,0,0,0,0,0,0,0,0,0,0,0,0,0,0,0,0,0,0,0,0,0,0,0,0,0,0,0,0,0,0,0,0,0,0,0,0,0,0,0,0,0,0,0,0,0,0,0,0,0,0,0,0,0,0,0,0,0,0,0,0,0,0,0,0,0,0,0,0,0,0,0,0,0,0,0,0,0,0,0,0,0,0,0,0,0
1.35,0,0,0,0,0,0,0,0,0,0,0,0,0,0,0,0,0,0,0,0,0,0,0,0,0,0,0,0,0,0,0,0,0,0,0,0,0,0,0,0,0,0,0,0,0,0,0,0,0,0,0,0,0,0,0,0,0,0,0,0,0,0,0,0,0,0,0,0,0,0,0,0,0,0,0,0,0,0,0,0,0,0,0,0,0,0,0,0,0,0,0,0,0,0,0,0,0,0,0,0,0,0,0,0,0,0,0,0,0,0,0,0,0,0,0,0,0,0,0,0,0,0,0,0,0,0,0,0,0,0,0,0,0,0,0,0,0,0,0,0,0,0,0,0,0,0,0,0,0,0,0,0,0,0,0,0,0,0,0,0,0,0,0,0,0,0,0,0,0,0,0,0,0,0,0,0,0,0,0,0,0,0,0,0,0,0,0,0,0,0,0,0,0,0,0,0,0,0,0,0,0,0,0,0,0,0,0,0,0,0,0,0,0,0,0,0,0,0,0,0,0,0,0,0,0,0,0,0,0,0,0,0,0,0,0,0,0,0,0,0,0,0,0,0,0,0,0,0,0,0,0,0,0,0,0,0,0,0,0,0,0,0,0,0,0,0,0,0,0,0,0,0,0,0,0,0,0,0,0,0,0,0,0,0,0,0,0,0,0,0,0,0,0,0,0,0,0,0,0,0
1.45,0,0,0,0,0,0,0,0,0,0,0,0,0,0,0,0,0,0,0,0,0,0,0,0,0,0,0,0,0,0,0,0,0,0,0,0,0,0,0,0,0,0,0,0,0,0,0,0,0,0,0,0,0,0,0,0,0,0,0,0,0,0,0,0,0,0,0,0,0,0,0,0,0,0,0,0,0,0,0,0,0,0,0,0,0,0,0,0,0,0,0,0,0,0,0,0,0,0,0,0,0,0,0,0,0,0,0,0,0,0,0,0,0,0,0,0,0,0,0,0,0,0,0,0,0,0,0,0,0,0,0,0,0,0,0,0,0,0,0,0,0,0,0,0,0,0,0,0,0,0,0,0,0,0,0,0,0,0,0,0,0,0,0,0,0,0,0,0,0,0,0,0,0,0,0,0,0,0,0,0,0,0,0,0,0,0,0,0,0,0,0,0,0,0,0,0,0,0,0,0,0,0,0,0,0,0,0,0,0,0,0,0,0,0,0,0,0,0,0,0,0,0,0,0,0,0,0,0,0,0,0,0,0,0,0,0,0,0,0,0,0,0,0,0,0,0,0,0,0,0,0,0,0,0,0,0,0,0,0,0,0,0,0,0,0,0,0,0,0,0,0,0,0,0,0,0,0,0,0,0,0,0,0,0,0,0,0,0,0,0,0,0,0,0,0,0,0,0,0,0
1.55,0,0,0,0,0,0,0,0,0,0,0,0,0,0,0,0,0,0,0,0,0,0,0,0,0,0,0,0,0,0,0,0,0,0,0,0,0,0,0,0,0,0,0,0,0,0,0,0,0,0,0,0,0,0,0,0,0,0,0,0,0,0,0,0,0,0,0,0,0,0,0,0,0,0,0,0,0,0,0,0,0,0,0,0,0,0,0,0,0,0,0,0,0,0,0,0,0,0,0,0,0,0,0,0,0,0,0,0,0,0,0,0,0,0,0,0,0,0,0,0,0,0,0,0,0,0,0,0,0,0,0,0,0,0,0,0,0,0,0,0,0,0,0,0,0,0,0,0,0,0,0,0,0,0,0,0,0,0,0,0,0,0,0,0,0,0,0,0,0,0,0,0,0,0,0,0,0,0,0,0,0,0,0,0,0,0,0,0,0,0,0,0,0,0,0,0,0,0,0,0,0,0,0,0,0,0,0,0,0,0,0,0,0,0,0,0,0,0,0,0,0,0,0,0,0,0,0,0,0,0,0,0,0,0,0,0,0,0,0,0,0,0,0,0,0,0,0,0,0,0,0,0,0,0,0,0,0,0,0,0,0,0,0,0,0,0,0,0,0,0,0,0,0,0,0,0,0,0,0,0,0,0,0,0,0,0,0,0,0,0,0,0,0,0,0,0,0,0,0,0
1.65,0,0,0,0,0,0,0,0,0,0,0,0,0,0,0,0,0,0,0,0,0,0,0,0,0,0,0,0,0,0,0,0,0,0,0,0,0,0,0,0,0,0,0,0,0,0,0,0,0,0,0,0,0,0,0,0,0,0,0,0,0,0,0,0,0,0,0,0,0,0,0,0,0,0,0,0,0,0,0,0,0,0,0,0,0,0,0,0,0,0,0,0,0,0,0,0,0,0,0,0,0,0,0,0,0,0,0,0,0,0,0,0,0,0,0,0,0,0,0,0,0,0,0,0,0,0,0,0,0,0,0,0,0,0,0,0,0,0,0,0,0,0,0,0,0,0,0,0,0,0,0,0,0,0,0,0,0,0,0,0,0,0,0,0,0,0,0,0,0,0,0,0,0,0,0,0,0,0,0,0,0,0,0,0,0,0,0,0,0,0,0,0,0,0,0,0,0,0,0,0,0,0,0,0,0,0,0,0,0,0,0,0,0,0,0,0,0,0,0,0,0,0,0,0,0,0,0,0,0,0,0,0,0,0,0,0,0,0,0,0,0,0,0,0,0,0,0,0,0,0,0,0,0,0,0,0,0,0,0,0,0,0,0,0,0,0,0,0,0,0,0,0,0,0,0,0,0,0,0,0,0,0,0,0,0,0,0,0,0,0,0,0,0,0,0,0,0,0,0,0
1.75,0,0,0,0,0,0,0,0,0,0,0,0,0,0,0,0,0,0,0,0,0,0,0,0,0,0,0,0,0,0,0,0,0,0,0,0,0,0,0,0,0,0,0,0,0,0,0,0,0,0,0,0,0,0,0,0,0,0,0,0,0,0,0,0,0,0,0,0,0,0,0,0,0,0,0,0,0,0,0,0,0,0,0,0,0,0,0,0,0,0,0,0,0,0,0,0,0,0,0,0,0,0,0,0,0,0,0,0,0,0,0,0,0,0,0,0,0,0,0,0,0,0,0,0,0,0,0,0,0,0,0,0,0,0,0,0,0,0,0,0,0,0,0,0,0,0,0,0,0,0,0,0,0,0,0,0,0,0,0,0,0,0,0,0,0,0,0,0,0,0,0,0,0,0,0,0,0,0,0,0,0,0,0,0,0,0,0,0,0,0,0,0,0,0,0,0,0,0,0,0,0,0,0,0,0,0,0,0,0,0,0,0,0,0,0,0,0,0,0,0,0,0,0,0,0,0,0,0,0,0,0,0,0,0,0,0,0,0,0,0,0,0,0,0,0,0,0,0,0,0,0,0,0,0,0,0,0,0,0,0,0,0,0,0,0,0,0,0,0,0,0,0,0,0,0,0,0,0,0,0,0,0,0,0,0,0,0,0,0,0,0,0,0,0,0,0,0,0,0,0
1.85,0,0,0,0,0,0,0,0,0,0,0,0,0,0,0,0,0,0,0,0,0,0,0,0,0,0,0,0,0,0,0,0,0,0,0,0,0,0,0,0,0,0,0,0,0,0,0,0,0,0,0,0,0,0,0,0,0,0,0,0,0,0,0,0,0,0,0,0,0,0,0,0,0,0,0,0,0,0,0,0,0,0,0,0,0,0,0,0,0,0,0,0,0,0,0,0,0,0,0,0,0,0,0,0,0,0,0,0,0,0,0,0,0,0,0,0,0,0,0,0,0,0,0,0,0,0,0,0,0,0,0,0,0,0,0,0,0,0,0,0,0,0,0,0,0,0,0,0,0,0,0,0,0,0,0,0,0,0,0,0,0,0,0,0,0,0,0,0,0,0,0,0,0,0,0,0,0,0,0,0,0,0,0,0,0,0,0,0,0,0,0,0,0,0,0,0,0,0,0,0,0,0,0,0,0,0,0,0,0,0,0,0,0,0,0,0,0,0,0,0,0,0,0,0,0,0,0,0,0,0,0,0,0,0,0,0,0,0,0,0,0,0,0,0,0,0,0,0,0,0,0,0,0,0,0,0,0,0,0,0,0,0,0,0,0,0,0,0,0,0,0,0,0,0,0,0,0,0,0,0,0,0,0,0,0,0,0,0,0,0,0,0,0,0,0,0,0,0,0,0
1.95,0,0,0,0,0,0,0,0,0,0,0,0,0,0,0,0,0,0,0,0,0,0,0,0,0,0,0,0,0,0,0,0,0,0,0,0,0,0,0,0,0,0,0,0,0,0,0,0,0,0,0,0,0,0,0,0,0,0,0,0,0,0,0,0,0,0,0,0,0,0,0,0,0,0,0,0,0,0,0,0,0,0,0,0,0,0,0,0,0,0,0,0,0,0,0,0,0,0,0,0,0,0,0,0,0,0,0,0,0,0,0,0,0,0,0,0,0,0,0,0,0,0,0,0,0,0,0,0,0,0,0,0,0,0,0,0,0,0,0,0,0,0,0,0,0,0,0,0,0,0,0,0,0,0,0,0,0,0,0,0,0,0,0,0,0,0,0,0,0,0,0,0,0,0,0,0,0,0,0,0,0,0,0,0,0,0,0,0,0,0,0,0,0,0,0,0,0,0,0,0,0,0,0,0,0,0,0,0,0,0,0,0,0,0,0,0,0,0,0,0,0,0,0,0,0,0,0,0,0,0,0,0,0,0,0,0,0,0,0,0,0,0,0,0,0,0,0,0,0,0,0,0,0,0,0,0,0,0,0,0,0,0,0,0,0,0,0,0,0,0,0,0,0,0,0,0,0,0,0,0,0,0,0,0,0,0,0,0,0,0,0,0,0,0,0,0,0,0,0,0
2.05,0,0,0,0,0,0,0,0,0,0,0,0,0,0,0,0,0,0,0,0,0,0,0,0,0,0,0,0,0,0,0,0,0,0,0,0,0,0,0,0,0,0,0,0,0,0,0,0,0,0,0,0,0,0,0,0,0,0,0,0,0,0,0,0,0,0,0,0,0,0,0,0,0,0,0,0,0,0,0,0,0,0,0,0,0,0,0,0,0,0,0,0,0,0,0,0,0,0,0,0,0,0,0,0,0,0,0,0,0,0,0,0,0,0,0,0,0,0,0,0,0,0,0,0,0,0,0,0,0,0,0,0,0,0,0,0,0,0,0,0,0,0,0,0,0,0,0,0,0,0,0,0,0,0,0,0,0,0,0,0,0,0,0,0,0,0,0,0,0,0,0,0,0,0,0,0,0,0,0,0,0,0,0,0,0,0,0,0,0,0,0,0,0,0,0,0,0,0,0,0,0,0,0,0,0,0,0,0,0,0,0,0,0,0,0,0,0,0,0,0,0,0,0,0,0,0,0,0,0,0,0,0,0,0,0,0,0,0,0,0,0,0,0,0,0,0,0,0,0,0,0,0,0,0,0,0,0,0,0,0,0,0,0,0,0,0,0,0,0,0,0,0,0,0,0,0,0,0,0,0,0,0,0,0,0,0,0,0,0,0,0,0,0,0,0,0,0,0,0,0
2.15,0,0,0,0,0,0,0,0,0,0,0,0,0,0,0,0,0,0,0,0,0,0,0,0,0,0,0,0,0,0,0,0,0,0,0,0,0,0,0,0,0,0,0,0,0,0,0,0,0,0,0,0,0,0,0,0,0,0,0,0,0,0,0,0,0,0,0,0,0,0,0,0,0,0,0,0,0,0,0,0,0,0,0,0,0,0,0,0,0,0,0,0,0,0,0,0,0,0,0,0,0,0,0,0,0,0,0,0,0,0,0,0,0,0,0,0,0,0,0,0,0,0,0,0,0,0,0,0,0,0,0,0,0,0,0,0,0,0,0,0,0,0,0,0,0,0,0,0,0,0,0,0,0,0,0,0,0,0,0,0,0,0,0,0,0,0,0,0,0,0,0,0,0,0,0,0,0,0,0,0,0,0,0,0,0,0,0,0,0,0,0,0,0,0,0,0,0,0,0,0,0,0,0,0,0,0,0,0,0,0,0,0,0,0,0,0,0,0,0,0,0,0,0,0,0,0,0,0,0,0,0,0,0,0,0,0,0,0,0,0,0,0,0,0,0,0,0,0,0,0,0,0,0,0,0,0,0,0,0,0,0,0,0,0,0,0,0,0,0,0,0,0,0,0,0,0,0,0,0,0,0,0,0,0,0,0,0,0,0,0,0,0,0,0,0,0,0,0,0,0
2.25,0,0,0,0,0,0,0,0,0,0,0,0,0,0,0,0,0,0,0,0,0,0,0,0,0,0,0,0,0,0,0,0,0,0,0,0,0,0,0,0,0,0,0,0,0,0,0,0,0,0,0,0,0,0,0,0,0,0,0,0,0,0,0,0,0,0,0,0,0,0,0,0,0,0,0,0,0,0,0,0,0,0,0,0,0,0,0,0,0,0,0,0,0,0,0,0,0,0,0,0,0,0,0,0,0,0,0,0,0,0,0,0,0,0,0,0,0,0,0,0,0,0,0,0,0,0,0,0,0,0,0,0,0,0,0,0,0,0,0,0,0,0,0,0,0,0,0,0,0,0,0,0,0,0,0,0,0,0,0,0,0,0,0,0,0,0,0,0,0,0,0,0,0,0,0,0,0,0,0,0,0,0,0,0,0,0,0,0,0,0,0,0,0,0,0,0,0,0,0,0,0,0,0,0,0,0,0,0,0,0,0,0,0,0,0,0,0,0,0,0,0,0,0,0,0,0,0,0,0,0,0,0,0,0,0,0,0,0,0,0,0,0,0,0,0,0,0,0,0,0,0,0,0,0,0,0,0,0,0,0,0,0,0,0,0,0,0,0,0,0,0,0,0,0,0,0,0,0,0,0,0,0,0,0,0,0,0,0,0,0,0,0,0,0,0,0,0,0,0,0
2.35,0,0,0,0,0,0,0,0,0,0,0,0,0,0,0,0,0,0,0,0,0,0,0,0,0,0,0,0,0,0,0,0,0,0,0,0,0,0,0,0,0,0,0,0,0,0,0,0,0,0,0,0,0,0,0,0,0,0,0,0,0,0,0,0,0,0,0,0,0,0,0,0,0,0,0,0,0,0,0,0,0,0,0,0,0,0,0,0,0,0,0,0,0,0,0,0,0,0,0,0,0,0,0,0,0,0,0,0,0,0,0,0,0,0,0,0,0,0,0,0,0,0,0,0,0,0,0,0,0,0,0,0,0,0,0,0,0,0,0,0,0,0,0,0,0,0,0,0,0,0,0,0,0,0,0,0,0,0,0,0,0,0,0,0,0,0,0,0,0,0,0,0,0,0,0,0,0,0,0,0,0,0,0,0,0,0,0,0,0,0,0,0,0,0,0,0,0,0,0,0,0,0,0,0,0,0,0,0,0,0,0,0,0,0,0,0,0,0,0,0,0,0,0,0,0,0,0,0,0,0,0,0,0,0,0,0,0,0,0,0,0,0,0,0,0,0,0,0,0,0,0,0,0,0,0,0,0,0,0,0,0,0,0,0,0,0,0,0,0,0,0,0,0,0,0,0,0,0,0,0,0,0,0,0,0,0,0,0,0,0,0,0,0,0,0,0,0,0,0,0
2.45,0,0,0,0,0,0,0,0,0,0,0,0,0,0,0,0,0,0,0,0,0,0,0,0,0,0,0,0,0,0,0,0,0,0,0,0,0,0,0,0,0,0,0,0,0,0,0,0,0,0,0,0,0,0,0,0,0,0,0,0,0,0,0,0,0,0,0,0,0,0,0,0,0,0,0,0,0,0,0,0,0,0,0,0,0,0,0,0,0,0,0,0,0,0,0,0,0,0,0,0,0,0,0,0,0,0,0,0,0,0,0,0,0,0,0,0,0,0,0,0,0,0,0,0,0,0,0,0,0,0,0,0,0,0,0,0,0,0,0,0,0,0,0,0,0,0,0,0,0,0,0,0,0,0,0,0,0,0,0,0,0,0,0,0,0,0,0,0,0,0,0,0,0,0,0,0,0,0,0,0,0,0,0,0,0,0,0,0,0,0,0,0,0,0,0,0,0,0,0,0,0,0,0,0,0,0,0,0,0,0,0,0,0,0,0,0,0,0,0,0,0,0,0,0,0,0,0,0,0,0,0,0,0,0,0,0,0,0,0,0,0,0,0,0,0,0,0,0,0,0,0,0,0,0,0,0,0,0,0,0,0,0,0,0,0,0,0,0,0,0,0,0,0,0,0,0,0,0,0,0,0,0,0,0,0,0,0,0,0,0,0,0,0,0,0,0,0,0,0,0
2.55,0,0,0,0,0,0,0,0,0,0,0,0,0,0,0,0,0,0,0,0,0,0,0,0,0,0,0,0,0,0,0,0,0,0,0,0,0,0,0,0,0,0,0,0,0,0,0,0,0,0,0,0,0,0,0,0,0,0,0,0,0,0,0,0,0,0,0,0,0,0,0,0,0,0,0,0,0,0,0,0,0,0,0,0,0,0,0,0,0,0,0,0,0,0,0,0,0,0,0,0,0,0,0,0,0,0,0,0,0,0,0,0,0,0,0,0,0,0,0,0,0,0,0,0,0,0,0,0,0,0,0,0,0,0,0,0,0,0,0,0,0,0,0,0,0,0,0,0,0,0,0,0,0,0,0,0,0,0,0,0,0,0,0,0,0,0,0,0,0,0,0,0,0,0,0,0,0,0,0,0,0,0,0,0,0,0,0,0,0,0,0,0,0,0,0,0,0,0,0,0,0,0,0,0,0,0,0,0,0,0,0,0,0,0,0,0,0,0,0,0,0,0,0,0,0,0,0,0,0,0,0,0,0,0,0,0,0,0,0,0,0,0,0,0,0,0,0,0,0,0,0,0,0,0,0,0,0,0,0,0,0,0,0,0,0,0,0,0,0,0,0,0,0,0,0,0,0,0,0,0,0,0,0,0,0,0,0,0,0,0,0,0,0,0,0,0,0,0,0,0
2.65,0,0,0,0,0,0,0,0,0,0,0,0,0,0,0,0,0,0,0,0,0,0,0,0,0,0,0,0,0,0,0,0,0,0,0,0,0,0,0,0,0,0,0,0,0,0,0,0,0,0,0,0,0,0,0,0,0,0,0,0,0,0,0,0,0,0,0,0,0,0,0,0,0,0,0,0,0,0,0,0,0,0,0,0,0,0,0,0,0,0,0,0,0,0,0,0,0,0,0,0,0,0,0,0,0,0,0,0,0,0,0,0,0,0,0,0,0,0,0,0,0,0,0,0,0,0,0,0,0,0,0,0,0,0,0,0,0,0,0,0,0,0,0,0,0,0,0,0,0,0,0,0,0,0,0,0,0,0,0,0,0,0,0,0,0,0,0,0,0,0,0,0,0,0,0,0,0,0,0,0,0,0,0,0,0,0,0,0,0,0,0,0,0,0,0,0,0,0,0,0,0,0,0,0,0,0,0,0,0,0,0,0,0,0,0,0,0,0,0,0,0,0,0,0,0,0,0,0,0,0,0,0,0,0,0,0,0,0,0,0,0,0,0,0,0,0,0,0,0,0,0,0,0,0,0,0,0,0,0,0,0,0,0,0,0,0,0,0,0,0,0,0,0,0,0,0,0,0,0,0,0,0,0,0,0,0,0,0,0,0,0,0,0,0,0,0,0,0,0,0
2.75,0,0,0,0,0,0,0,0,0,0,0,0,0,0,0,0,0,0,0,0,0,0,0,0,0,0,0,0,0,0,0,0,0,0,0,0,0,0,0,0,0,0,0,0,0,0,0,0,0,0,0,0,0,0,0,0,0,0,0,0,0,0,0,0,0,0,0,0,0,0,0,0,0,0,0,0,0,0,0,0,0,0,0,0,0,0,0,0,0,0,0,0,0,0,0,0,0,0,0,0,0,0,0,0,0,0,0,0,0,0,0,0,0,0,0,0,0,0,0,0,0,0,0,0,0,0,0,0,0,0,0,0,0,0,0,0,0,0,0,0,0,0,0,0,0,0,0,0,0,0,0,0,0,0,0,0,0,0,0,0,0,0,0,0,0,0,0,0,0,0,0,0,0,0,0,0,0,0,0,0,0,0,0,0,0,0,0,0,0,0,0,0,0,0,0,0,0,0,0,0,0,0,0,0,0,0,0,0,0,0,0,0,0,0,0,0,0,0,0,0,0,0,0,0,0,0,0,0,0,0,0,0,0,0,0,0,0,0,0,0,0,0,0,0,0,0,0,0,0,0,0,0,0,0,0,0,0,0,0,0,0,0,0,0,0,0,0,0,0,0,0,0,0,0,0,0,0,0,0,0,0,0,0,0,0,0,0,0,0,0,0,0,0,0,0,0,0,0,0,0
2.85,0,0,0,0,0,0,0,0,0,0,0,0,0,0,0,0,0,0,0,0,0,0,0,0,0,0,0,0,0,0,0,0,0,0,0,0,0,0,0,0,0,0,0,0,0,0,0,0,0,0,0,0,0,0,0,0,0,0,0,0,0,0,0,0,0,0,0,0,0,0,0,0,0,0,0,0,0,0,0,0,0,0,0,0,0,0,0,0,0,0,0,0,0,0,0,0,0,0,0,0,0,0,0,0,0,0,0,0,0,0,0,0,0,0,0,0,0,0,0,0,0,0,0,0,0,0,0,0,0,0,0,0,0,0,0,0,0,0,0,0,0,0,0,0,0,0,0,0,0,0,0,0,0,0,0,0,0,0,0,0,0,0,0,0,0,0,0,0,0,0,0,0,0,0,0,0,0,0,0,0,0,0,0,0,0,0,0,0,0,0,0,0,0,0,0,0,0,0,0,0,0,0,0,0,0,0,0,0,0,0,0,0,0,0,0,0,0,0,0,0,0,0,0,0,0,0,0,0,0,0,0,0,0,0,0,0,0,0,0,0,0,0,0,0,0,0,0,0,0,0,0,0,0,0,0,0,0,0,0,0,0,0,0,0,0,0,0,0,0,0,0,0,0,0,0,0,0,0,0,0,0,0,0,0,0,0,0,0,0,0,0,0,0,0,0,0,0,0,0,0
2.95,0,0,0,0,0,0,0,0,0,0,0,0,0,0,0,0,0,0,0,0,0,0,0,0,0,0,0,0,0,0,0,0,0,0,0,0,0,0,0,0,0,0,0,0,0,0,0,0,0,0,0,0,0,0,0,0,0,0,0,0,0,0,0,0,0,0,0,0,0,0,0,0,0,0,0,0,0,0,0,0,0,0,0,0,0,0,0,0,0,0,0,0,0,0,0,0,0,0,0,0,0,0,0,0,0,0,0,0,0,0,0,0,0,0,0,0,0,0,0,0,0,0,0,0,0,0,0,0,0,0,0,0,0,0,0,0,0,0,0,0,0,0,0,0,0,0,0,0,0,0,0,0,0,0,0,0,0,0,0,0,0,0,0,0,0,0,0,0,0,0,0,0,0,0,0,0,0,0,0,0,0,0,0,0,0,0,0,0,0,0,0,0,0,0,0,0,0,0,0,0,0,0,0,0,0,0,0,0,0,0,0,0,0,0,0,0,0,0,0,0,0,0,0,0,0,0,0,0,0,0,0,0,0,0,0,0,0,0,0,0,0,0,0,0,0,0,0,0,0,0,0,0,0,0,0,0,0,0,0,0,0,0,0,0,0,0,0,0,0,0,0,0,0,0,0,0,0,0,0,0,0,0,0,0,0,0,0,0,0,0,0,0,0,0,0,0,0,0,0,0
3.05,0,0,0,0,0,0,0,0,0,0,0,0,0,0,0,0,0,0,0,0,0,0,0,0,0,0,0,0,0,0,0,0,0,0,0,0,0,0,0,0,0,0,0,0,0,0,0,0,0,0,0,0,0,0,0,0,0,0,0,0,0,0,0,0,0,0,0,0,0,0,0,0,0,0,0,0,0,0,0,0,0,0,0,0,0,0,0,0,0,0,0,0,0,0,0,0,0,0,0,0,0,0,0,0,0,0,0,0,0,0,0,0,0,0,0,0,0,0,0,0,0,0,0,0,0,0,0,0,0,0,0,0,0,0,0,0,0,0,0,0,0,0,0,0,0,0,0,0,0,0,0,0,0,0,0,0,0,0,0,0,0,0,0,0,0,0,0,0,0,0,0,0,0,0,0,0,0,0,0,0,0,0,0,0,0,0,0,0,0,0,0,0,0,0,0,0,0,0,0,0,0,0,0,0,0,0,0,0,0,0,0,0,0,0,0,0,0,0,0,0,0,0,0,0,0,0,0,0,0,0,0,0,0,0,0,0,0,0,0,0,0,0,0,0,0,0,0,0,0,0,0,0,0,0,0,0,0,0,0,0,0,0,0,0,0,0,0,0,0,0,0,0,0,0,0,0,0,0,0,0,0,0,0,0,0,0,0,0,0,0,0,0,0,0,0,0,0,0,0,0
3.15,0,0,0,0,0,0,0,0,0,0,0,0,0,0,0,0,0,0,0,0,0,0,0,0,0,0,0,0,0,0,0,0,0,0,0,0,0,0,0,0,0,0,0,0,0,0,0,0,0,0,0,0,0,0,0,0,0,0,0,0,0,0,0,0,0,0,0,0,0,0,0,0,0,0,0,0,0,0,0,0,0,0,0,0,0,0,0,0,0,0,0,0,0,0,0,0,0,0,0,0,0,0,0,0,0,0,0,0,0,0,0,0,0,0,0,0,0,0,0,0,0,0,0,0,0,0,0,0,0,0,0,0,0,0,0,0,0,0,0,0,0,0,0,0,0,0,0,0,0,0,0,0,0,0,0,0,0,0,0,0,0,0,0,0,0,0,0,0,0,0,0,0,0,0,0,0,0,0,0,0,0,0,0,0,0,0,0,0,0,0,0,0,0,0,0,0,0,0,0,0,0,0,0,0,0,0,0,0,0,0,0,0,0,0,0,0,0,0,0,0,0,0,0,0,0,0,0,0,0,0,0,0,0,0,0,0,0,0,0,0,0,0,0,0,0,0,0,0,0,0,0,0,0,0,0,0,0,0,0,0,0,0,0,0,0,0,0,0,0,0,0,0,0,0,0,0,0,0,0,0,0,0,0,0,0,0,0,0,0,0,0,0,0,0,0,0,0,0,0,0
3.25,0,0,0,0,0,0,0,0,0,0,0,0,0,0,0,0,0,0,0,0,0,0,0,0,0,0,0,0,0,0,0,0,0,0,0,0,0,0,0,0,0,0,0,0,0,0,0,0,0,0,0,0,0,0,0,0,0,0,0,0,0,0,0,0,0,0,0,0,0,0,0,0,0,0,0,0,0,0,0,0,0,0,0,0,0,0,0,0,0,0,0,0,0,0,0,0,0,0,0,0,0,0,0,0,0,0,0,0,0,0,0,0,0,0,0,0,0,0,0,0,0,0,0,0,0,0,0,0,0,0,0,0,0,0,0,0,0,0,0,0,0,0,0,0,0,0,0,0,0,0,0,0,0,0,0,0,0,0,0,0,0,0,0,0,0,0,0,0,0,0,0,0,0,0,0,0,0,0,0,0,0,0,0,0,0,0,0,0,0,0,0,0,0,0,0,0,0,0,0,0,0,0,0,0,0,0,0,0,0,0,0,0,0,0,0,0,0,0,0,0,0,0,0,0,0,0,0,0,0,0,0,0,0,0,0,0,0,0,0,0,0,0,0,0,0,0,0,0,0,0,0,0,0,0,0,0,0,0,0,0,0,0,0,0,0,0,0,0,0,0,0,0,0,0,0,0,0,0,0,0,0,0,0,0,0,0,0,0,0,0,0,0,0,0,0,0,0,0,0,0
3.35,0,0,0,0,0,0,0,0,0,0,0,0,0,0,0,0,0,0,0,0,0,0,0,0,0,0,0,0,0,0,0,0,0,0,0,0,0,0,0,0,0,0,0,0,0,0,0,0,0,0,0,0,0,0,0,0,0,0,0,0,0,0,0,0,0,0,0,0,0,0,0,0,0,0,0,0,0,0,0,0,0,0,0,0,0,0,0,0,0,0,0,0,0,0,0,0,0,0,0,0,0,0,0,0,0,0,0,0,0,0,0,0,0,0,0,0,0,0,0,0,0,0,0,0,0,0,0,0,0,0,0,0,0,0,0,0,0,0,0,0,0,0,0,0,0,0,0,0,0,0,0,0,0,0,0,0,0,0,0,0,0,0,0,0,0,0,0,0,0,0,0,0,0,0,0,0,0,0,0,0,0,0,0,0,0,0,0,0,0,0,0,0,0,0,0,0,0,0,0,0,0,0,0,0,0,0,0,0,0,0,0,0,0,0,0,0,0,0,0,0,0,0,0,0,0,0,0,0,0,0,0,0,0,0,0,0,0,0,0,0,0,0,0,0,0,0,0,0,0,0,0,0,0,0,0,0,0,0,0,0,0,0,0,0,0,0,0,0,0,0,0,0,0,0,0,0,0,0,0,0,0,0,0,0,0,0,0,0,0,0,0,0,0,0,0,0,0,0,0,0
3.45,0,0,0,0,0,0,0,0,0,0,0,0,0,0,0,0,0,0,0,0,0,0,0,0,0,0,0,0,0,0,0,0,0,0,0,0,0,0,0,0,0,0,0,0,0,0,0,0,0,0,0,0,0,0,0,0,0,0,0,0,0,0,0,0,0,0,0,0,0,0,0,0,0,0,0,0,0,0,0,0,0,0,0,0,0,0,0,0,0,0,0,0,0,0,0,0,0,0,0,0,0,0,0,0,0,0,0,0,0,0,0,0,0,0,0,0,0,0,0,0,0,0,0,0,0,0,0,0,0,0,0,0,0,0,0,0,0,0,0,0,0,0,0,0,0,0,0,0,0,0,0,0,0,0,0,0,0,0,0,0,0,0,0,0,0,0,0,0,0,0,0,0,0,0,0,0,0,0,0,0,0,0,0,0,0,0,0,0,0,0,0,0,0,0,0,0,0,0,0,0,0,0,0,0,0,0,0,0,0,0,0,0,0,0,0,0,0,0,0,0,0,0,0,0,0,0,0,0,0,0,0,0,0,0,0,0,0,0,0,0,0,0,0,0,0,0,0,0,0,0,0,0,0,0,0,0,0,0,0,0,0,0,0,0,0,0,0,0,0,0,0,0,0,0,0,0,0,0,0,0,0,0,0,0,0,0,0,0,0,0,0,0,0,0,0,0,0,0,0,0
3.55,0,0,0,0,0,0,0,0,0,0,0,0,0,0,0,0,0,0,0,0,0,0,0,0,0,0,0,0,0,0,0,0,0,0,0,0,0,0,0,0,0,0,0,0,0,0,0,0,0,0,0,0,0,0,0,0,0,0,0,0,0,0,0,0,0,0,0,0,0,0,0,0,0,0,0,0,0,0,0,0,0,0,0,0,0,0,0,0,0,0,0,0,0,0,0,0,0,0,0,0,0,0,0,0,0,0,0,0,0,0,0,0,0,0,0,0,0,0,0,0,0,0,0,0,0,0,0,0,0,0,0,0,0,0,0,0,0,0,0,0,0,0,0,0,0,0,0,0,0,0,0,0,0,0,0,0,0,0,0,0,0,0,0,0,0,0,0,0,0,0,0,0,0,0,0,0,0,0,0,0,0,0,0,0,0,0,0,0,0,0,0,0,0,0,0,0,0,0,0,0,0,0,0,0,0,0,0,0,0,0,0,0,0,0,0,0,0,0,0,0,0,0,0,0,0,0,0,0,0,0,0,0,0,0,0,0,0,0,0,0,0,0,0,0,0,0,0,0,0,0,0,0,0,0,0,0,0,0,0,0,0,0,0,0,0,0,0,0,0,0,0,0,0,0,0,0,0,0,0,0,0,0,0,0,0,0,0,0,0,0,0,0,0,0,0,0,0,0,0,0
3.65,0,0,0,0,0,0,0,0,0,0,0,0,0,0,0,0,0,0,0,0,0,0,0,0,0,0,0,0,0,0,0,0,0,0,0,0,0,0,0,0,0,0,0,0,0,0,0,0,0,0,0,0,0,0,0,0,0,0,0,0,0,0,0,0,0,0,0,0,0,0,0,0,0,0,0,0,0,0,0,0,0,0,0,0,0,0,0,0,0,0,0,0,0,0,0,0,0,0,0,0,0,0,0,0,0,0,0,0,0,0,0,0,0,0,0,0,0,0,0,0,0,0,0,0,0,0,0,0,0,0,0,0,0,0,0,0,0,0,0,0,0,0,0,0,0,0,0,0,0,0,0,0,0,0,0,0,0,0,0,0,0,0,0,0,0,0,0,0,0,0,0,0,0,0,0,0,0,0,0,0,0,0,0,0,0,0,0,0,0,0,0,0,0,0,0,0,0,0,0,0,0,0,0,0,0,0,0,0,0,0,0,0,0,0,0,0,0,0,0,0,0,0,0,0,0,0,0,0,0,0,0,0,0,0,0,0,0,0,0,0,0,0,0,0,0,0,0,0,0,0,0,0,0,0,0,0,0,0,0,0,0,0,0,0,0,0,0,0,0,0,0,0,0,0,0,0,0,0,0,0,0,0,0,0,0,0,0,0,0,0,0,0,0,0,0,0,0,0,0,0
3.75,0,0,0,0,0,0,0,0,0,0,0,0,0,0,0,0,0,0,0,0,0,0,0,0,0,0,0,0,0,0,0,0,0,0,0,0,0,0,0,0,0,0,0,0,0,0,0,0,0,0,0,0,0,0,0,0,0,0,0,0,0,0,0,0,0,0,0,0,0,0,0,0,0,0,0,0,0,0,0,0,0,0,0,0,0,0,0,0,0,0,0,0,0,0,0,0,0,0,0,0,0,0,0,0,0,0,0,0,0,0,0,0,0,0,0,0,0,0,0,0,0,0,0,0,0,0,0,0,0,0,0,0,0,0,0,0,0,0,0,0,0,0,0,0,0,0,0,0,0,0,0,0,0,0,0,0,0,0,0,0,0,0,0,0,0,0,0,0,0,0,0,0,0,0,0,0,0,0,0,0,0,0,0,0,0,0,0,0,0,0,0,0,0,0,0,0,0,0,0,0,0,0,0,0,0,0,0,0,0,0,0,0,0,0,0,0,0,0,0,0,0,0,0,0,0,0,0,0,0,0,0,0,0,0,0,0,0,0,0,0,0,0,0,0,0,0,0,0,0,0,0,0,0,0,0,0,0,0,0,0,0,0,0,0,0,0,0,0,0,0,0,0,0,0,0,0,0,0,0,0,0,0,0,0,0,0,0,0,0,0,0,0,0,0,0,0,0,0,0,0
3.85,0,0,0,0,0,0,0,0,0,0,0,0,0,0,0,0,0,0,0,0,0,0,0,0,0,0,0,0,0,0,0,0,0,0,0,0,0,0,0,0,0,0,0,0,0,0,0,0,0,0,0,0,0,0,0,0,0,0,0,0,0,0,0,0,0,0,0,0,0,0,0,0,0,0,0,0,0,0,0,0,0,0,0,0,0,0,0,0,0,0,0,0,0,0,0,0,0,0,0,0,0,0,0,0,0,0,0,0,0,0,0,0,0,0,0,0,0,0,0,0,0,0,0,0,0,0,0,0,0,0,0,0,0,0,0,0,0,0,0,0,0,0,0,0,0,0,0,0,0,0,0,0,0,0,0,0,0,0,0,0,0,0,0,0,0,0,0,0,0,0,0,0,0,0,0,0,0,0,0,0,0,0,0,0,0,0,0,0,0,0,0,0,0,0,0,0,0,0,0,0,0,0,0,0,0,0,0,0,0,0,0,0,0,0,0,0,0,0,0,0,0,0,0,0,0,0,0,0,0,0,0,0,0,0,0,0,0,0,0,0,0,0,0,0,0,0,0,0,0,0,0,0,0,0,0,0,0,0,0,0,0,0,0,0,0,0,0,0,0,0,0,0,0,0,0,0,0,0,0,0,0,0,0,0,0,0,0,0,0,0,0,0,0,0,0,0,0,0,0,0
3.95,0,0,0,0,0,0,0,0,0,0,0,0,0,0,0,0,0,0,0,0,0,0,0,0,0,0,0,0,0,0,0,0,0,0,0,0,0,0,0,0,0,0,0,0,0,0,0,0,0,0,0,0,0,0,0,0,0,0,0,0,0,0,0,0,0,0,0,0,0,0,0,0,0,0,0,0,0,0,0,0,0,0,0,0,0,0,0,0,0,0,0,0,0,0,0,0,0,0,0,0,0,0,0,0,0,0,0,0,0,0,0,0,0,0,0,0,0,0,0,0,0,0,0,0,0,0,0,0,0,0,0,0,0,0,0,0,0,0,0,0,0,0,0,0,0,0,0,0,0,0,0,0,0,0,0,0,0,0,0,0,0,0,0,0,0,0,0,0,0,0,0,0,0,0,0,0,0,0,0,0,0,0,0,0,0,0,0,0,0,0,0,0,0,0,0,0,0,0,0,0,0,0,0,0,0,0,0,0,0,0,0,0,0,0,0,0,0,0,0,0,0,0,0,0,0,0,0,0,0,0,0,0,0,0,0,0,0,0,0,0,0,0,0,0,0,0,0,0,0,0,0,0,0,0,0,0,0,0,0,0,0,0,0,0,0,0,0,0,0,0,0,0,0,0,0,0,0,0,0,0,0,0,0,0,0,0,0,0,0,0,0,0,0,0,0,0,0,0,0,0
4.05,0,0,0,0,0,0,0,0,0,0,0,0,0,0,0,0,0,0,0,0,0,0,0,0,0,0,0,0,0,0,0,0,0,0,0,0,0,0,0,0,0,0,0,0,0,0,0,0,0,0,0,0,0,0,0,0,0,0,0,0,0,0,0,0,0,0,0,0,0,0,0,0,0,0,0,0,0,0,0,0,0,0,0,0,0,0,0,0,0,0,0,0,0,0,0,0,0,0,0,0,0,0,0,0,0,0,0,0,0,0,0,0,0,0,0,0,0,0,0,0,0,0,0,0,0,0,0,0,0,0,0,0,0,0,0,0,0,0,0,0,0,0,0,0,0,0,0,0,0,0,0,0,0,0,0,0,0,0,0,0,0,0,0,0,0,0,0,0,0,0,0,0,0,0,0,0,0,0,0,0,0,0,0,0,0,0,0,0,0,0,0,0,0,0,0,0,0,0,0,0,0,0,0,0,0,0,0,0,0,0,0,0,0,0,0,0,0,0,0,0,0,0,0,0,0,0,0,0,0,0,0,0,0,0,0,0,0,0,0,0,0,0,0,0,0,0,0,0,0,0,0,0,0,0,0,0,0,0,0,0,0,0,0,0,0,0,0,0,0,0,0,0,0,0,0,0,0,0,0,0,0,0,0,0,0,0,0,0,0,0,0,0,0,0,0,0,0,0,0,0
4.15,0,0,0,0,0,0,0,0,0,0,0,0,0,0,0,0,0,0,0,0,0,0,0,0,0,0,0,0,0,0,0,0,0,0,0,0,0,0,0,0,0,0,0,0,0,0,0,0,0,0,0,0,0,0,0,0,0,0,0,0,0,0,0,0,0,0,0,0,0,0,0,0,0,0,0,0,0,0,0,0,0,0,0,0,0,0,0,0,0,0,0,0,0,0,0,0,0,0,0,0,0,0,0,0,0,0,0,0,0,0,0,0,0,0,0,0,0,0,0,0,0,0,0,0,0,0,0,0,0,0,0,0,0,0,0,0,0,0,0,0,0,0,0,0,0,0,0,0,0,0,0,0,0,0,0,0,0,0,0,0,0,0,0,0,0,0,0,0,0,0,0,0,0,0,0,0,0,0,0,0,0,0,0,0,0,0,0,0,0,0,0,0,0,0,0,0,0,0,0,0,0,0,0,0,0,0,0,0,0,0,0,0,0,0,0,0,0,0,0,0,0,0,0,0,0,0,0,0,0,0,0,0,0,0,0,0,0,0,0,0,0,0,0,0,0,0,0,0,0,0,0,0,0,0,0,0,0,0,0,0,0,0,0,0,0,0,0,0,0,0,0,0,0,0,0,0,0,0,0,0,0,0,0,0,0,0,0,0,0,0,0,0,0,0,0,0,0,0,0,0
4.25,0,0,0,0,0,0,0,0,0,0,0,0,0,0,0,0,0,0,0,0,0,0,0,0,0,0,0,0,0,0,0,0,0,0,0,0,0,0,0,0,0,0,0,0,0,0,0,0,0,0,0,0,0,0,0,0,0,0,0,0,0,0,0,0,0,0,0,0,0,0,0,0,0,0,0,0,0,0,0,0,0,0,0,0,0,0,0,0,0,0,0,0,0,0,0,0,0,0,0,0,0,0,0,0,0,0,0,0,0,0,0,0,0,0,0,0,0,0,0,0,0,0,0,0,0,0,0,0,0,0,0,0,0,0,0,0,0,0,0,0,0,0,0,0,0,0,0,0,0,0,0,0,0,0,0,0,0,0,0,0,0,0,0,0,0,0,0,0,0,0,0,0,0,0,0,0,0,0,0,0,0,0,0,0,0,0,0,0,0,0,0,0,0,0,0,0,0,0,0,0,0,0,0,0,0,0,0,0,0,0,0,0,0,0,0,0,0,0,0,0,0,0,0,0,0,0,0,0,0,0,0,0,0,0,0,0,0,0,0,0,0,0,0,0,0,0,0,0,0,0,0,0,0,0,0,0,0,0,0,0,0,0,0,0,0,0,0,0,0,0,0,0,0,0,0,0,0,0,0,0,0,0,0,0,0,0,0,0,0,0,0,0,0,0,0,0,0,0,0,0
4.35,0,0,0,0,0,0,0,0,0,0,0,0,0,0,0,0,0,0,0,0,0,0,0,0,0,0,0,0,0,0,0,0,0,0,0,0,0,0,0,0,0,0,0,0,0,0,0,0,0,0,0,0,0,0,0,0,0,0,0,0,0,0,0,0,0,0,0,0,0,0,0,0,0,0,0,0,0,0,0,0,0,0,0,0,0,0,0,0,0,0,0,0,0,0,0,0,0,0,0,0,0,0,0,0,0,0,0,0,0,0,0,0,0,0,0,0,0,0,0,0,0,0,0,0,0,0,0,0,0,0,0,0,0,0,0,0,0,0,0,0,0,0,0,0,0,0,0,0,0,0,0,0,0,0,0,0,0,0,0,0,0,0,0,0,0,0,0,0,0,0,0,0,0,0,0,0,0,0,0,0,0,0,0,0,0,0,0,0,0,0,0,0,0,0,0,0,0,0,0,0,0,0,0,0,0,0,0,0,0,0,0,0,0,0,0,0,0,0,0,0,0,0,0,0,0,0,0,0,0,0,0,0,0,0,0,0,0,0,0,0,0,0,0,0,0,0,0,0,0,0,0,0,0,0,0,0,0,0,0,0,0,0,0,0,0,0,0,0,0,0,0,0,0,0,0,0,0,0,0,0,0,0,0,0,0,0,0,0,0,0,0,0,0,0,0,0,0,0,0,0
4.45,0,0,0,0,0,0,0,0,0,0,0,0,0,0,0,0,0,0,0,0,0,0,0,0,0,0,0,0,0,0,0,0,0,0,0,0,0,0,0,0,0,0,0,0,0,0,0,0,0,0,0,0,0,0,0,0,0,0,0,0,0,0,0,0,0,0,0,0,0,0,0,0,0,0,0,0,0,0,0,0,0,0,0,0,0,0,0,0,0,0,0,0,0,0,0,0,0,0,0,0,0,0,0,0,0,0,0,0,0,0,0,0,0,0,0,0,0,0,0,0,0,0,0,0,0,0,0,0,0,0,0,0,0,0,0,0,0,0,0,0,0,0,0,0,0,0,0,0,0,0,0,0,0,0,0,0,0,0,0,0,0,0,0,0,0,0,0,0,0,0,0,0,0,0,0,0,0,0,0,0,0,0,0,0,0,0,0,0,0,0,0,0,0,0,0,0,0,0,0,0,0,0,0,0,0,0,0,0,0,0,0,0,0,0,0,0,0,0,0,0,0,0,0,0,0,0,0,0,0,0,0,0,0,0,0,0,0,0,0,0,0,0,0,0,0,0,0,0,0,0,0,0,0,0,0,0,0,0,0,0,0,0,0,0,0,0,0,0,0,0,0,0,0,0,0,0,0,0,0,0,0,0,0,0,0,0,0,0,0,0,0,0,0,0,0,0,0,0,0,0
4.55,0,0,0,0,0,0,0,0,0,0,0,0,0,0,0,0,0,0,0,0,0,0,0,0,0,0,0,0,0,0,0,0,0,0,0,0,0,0,0,0,0,0,0,0,0,0,0,0,0,0,0,0,0,0,0,0,0,0,0,0,0,0,0,0,0,0,0,0,0,0,0,0,0,0,0,0,0,0,0,0,0,0,0,0,0,0,0,0,0,0,0,0,0,0,0,0,0,0,0,0,0,0,0,0,0,0,0,0,0,0,0,0,0,0,0,0,0,0,0,0,0,0,0,0,0,0,0,0,0,0,0,0,0,0,0,0,0,0,0,0,0,0,0,0,0,0,0,0,0,0,0,0,0,0,0,0,0,0,0,0,0,0,0,0,0,0,0,0,0,0,0,0,0,0,0,0,0,0,0,0,0,0,0,0,0,0,0,0,0,0,0,0,0,0,0,0,0,0,0,0,0,0,0,0,0,0,0,0,0,0,0,0,0,0,0,0,0,0,0,0,0,0,0,0,0,0,0,0,0,0,0,0,0,0,0,0,0,0,0,0,0,0,0,0,0,0,0,0,0,0,0,0,0,0,0,0,0,0,0,0,0,0,0,0,0,0,0,0,0,0,0,0,0,0,0,0,0,0,0,0,0,0,0,0,0,0,0,0,0,0,0,0,0,0,0,0,0,0,0,0
4.65,0,0,0,0,0,0,0,0,0,0,0,0,0,0,0,0,0,0,0,0,0,0,0,0,0,0,0,0,0,0,0,0,0,0,0,0,0,0,0,0,0,0,0,0,0,0,0,0,0,0,0,0,0,0,0,0,0,0,0,0,0,0,0,0,0,0,0,0,0,0,0,0,0,0,0,0,0,0,0,0,0,0,0,0,0,0,0,0,0,0,0,0,0,0,0,0,0,0,0,0,0,0,0,0,0,0,0,0,0,0,0,0,0,0,0,0,0,0,0,0,0,0,0,0,0,0,0,0,0,0,0,0,0,0,0,0,0,0,0,0,0,0,0,0,0,0,0,0,0,0,0,0,0,0,0,0,0,0,0,0,0,0,0,0,0,0,0,0,0,0,0,0,0,0,0,0,0,0,0,0,0,0,0,0,0,0,0,0,0,0,0,0,0,0,0,0,0,0,0,0,0,0,0,0,0,0,0,0,0,0,0,0,0,0,0,0,0,0,0,0,0,0,0,0,0,0,0,0,0,0,0,0,0,0,0,0,0,0,0,0,0,0,0,0,0,0,0,0,0,0,0,0,0,0,0,0,0,0,0,0,0,0,0,0,0,0,0,0,0,0,0,0,0,0,0,0,0,0,0,0,0,0,0,0,0,0,0,0,0,0,0,0,0,0,0,0,0,0,0,0
4.75,0,0,0,0,0,0,0,0,0,0,0,0,0,0,0,0,0,0,0,0,0,0,0,0,0,0,0,0,0,0,0,0,0,0,0,0,0,0,0,0,0,0,0,0,0,0,0,0,0,0,0,0,0,0,0,0,0,0,0,0,0,0,0,0,0,0,0,0,0,0,0,0,0,0,0,0,0,0,0,0,0,0,0,0,0,0,0,0,0,0,0,0,0,0,0,0,0,0,0,0,0,0,0,0,0,0,0,0,0,0,0,0,0,0,0,0,0,0,0,0,0,0,0,0,0,0,0,0,0,0,0,0,0,0,0,0,0,0,0,0,0,0,0,0,0,0,0,0,0,0,0,0,0,0,0,0,0,0,0,0,0,0,0,0,0,0,0,0,0,0,0,0,0,0,0,0,0,0,0,0,0,0,0,0,0,0,0,0,0,0,0,0,0,0,0,0,0,0,0,0,0,0,0,0,0,0,0,0,0,0,0,0,0,0,0,0,0,0,0,0,0,0,0,0,0,0,0,0,0,0,0,0,0,0,0,0,0,0,0,0,0,0,0,0,0,0,0,0,0,0,0,0,0,0,0,0,0,0,0,0,0,0,0,0,0,0,0,0,0,0,0,0,0,0,0,0,0,0,0,0,0,0,0,0,0,0,0,0,0,0,0,0,0,0,0,0,0,0,0,0
4.85,0,0,0,0,0,0,0,0,0,0,0,0,0,0,0,0,0,0,0,0,0,0,0,0,0,0,0,0,0,0,0,0,0,0,0,0,0,0,0,0,0,0,0,0,0,0,0,0,0,0,0,0,0,0,0,0,0,0,0,0,0,0,0,0,0,0,0,0,0,0,0,0,0,0,0,0,0,0,0,0,0,0,0,0,0,0,0,0,0,0,0,0,0,0,0,0,0,0,0,0,0,0,0,0,0,0,0,0,0,0,0,0,0,0,0,0,0,0,0,0,0,0,0,0,0,0,0,0,0,0,0,0,0,0,0,0,0,0,0,0,0,0,0,0,0,0,0,0,0,0,0,0,0,0,0,0,0,0,0,0,0,0,0,0,0,0,0,0,0,0,0,0,0,0,0,0,0,0,0,0,0,0,0,0,0,0,0,0,0,0,0,0,0,0,0,0,0,0,0,0,0,0,0,0,0,0,0,0,0,0,0,0,0,0,0,0,0,0,0,0,0,0,0,0,0,0,0,0,0,0,0,0,0,0,0,0,0,0,0,0,0,0,0,0,0,0,0,0,0,0,0,0,0,0,0,0,0,0,0,0,0,0,0,0,0,0,0,0,0,0,0,0,0,0,0,0,0,0,0,0,0,0,0,0,0,0,0,0,0,0,0,0,0,0,0,0,0,0,0,0
4.95,0,0,0,0,0,0,0,0,0,0,0,0,0,0,0,0,0,0,0,0,0,0,0,0,0,0,0,0,0,0,0,0,0,0,0,0,0,0,0,0,0,0,0,0,0,0,0,0,0,0,0,0,0,0,0,0,0,0,0,0,0,0,0,0,0,0,0,0,0,0,0,0,0,0,0,0,0,0,0,0,0,0,0,0,0,0,0,0,0,0,0,0,0,0,0,0,0,0,0,0,0,0,0,0,0,0,0,0,0,0,0,0,0,0,0,0,0,0,0,0,0,0,0,0,0,0,0,0,0,0,0,0,0,0,0,0,0,0,0,0,0,0,0,0,0,0,0,0,0,0,0,0,0,0,0,0,0,0,0,0,0,0,0,0,0,0,0,0,0,0,0,0,0,0,0,0,0,0,0,0,0,0,0,0,0,0,0,0,0,0,0,0,0,0,0,0,0,0,0,0,0,0,0,0,0,0,0,0,0,0,0,0,0,0,0,0,0,0,0,0,0,0,0,0,0,0,0,0,0,0,0,0,0,0,0,0,0,0,0,0,0,0,0,0,0,0,0,0,0,0,0,0,0,0,0,0,0,0,0,0,0,0,0,0,0,0,0,0,0,0,0,0,0,0,0,0,0,0,0,0,0,0,0,0,0,0,0,0,0,0,0,0,0,0,0,0,0,0,0,0
5.05,0,0,0,0,0,0,0,0,0,0,0,0,0,0,0,0,0,0,0,0,0,0,0,0,0,0,0,0,0,0,0,0,0,0,0,0,0,0,0,0,0,0,0,0,0,0,0,0,0,0,0,0,0,0,0,0,0,0,0,0,0,0,0,0,0,0,0,0,0,0,0,0,0,0,0,0,0,0,0,0,0,0,0,0,0,0,0,0,0,0,0,0,0,0,0,0,0,0,0,0,0,0,0,0,0,0,0,0,0,0,0,0,0,0,0,0,0,0,0,0,0,0,0,0,0,0,0,0,0,0,0,0,0,0,0,0,0,0,0,0,0,0,0,0,0,0,0,0,0,0,0,0,0,0,0,0,0,0,0,0,0,0,0,0,0,0,0,0,0,0,0,0,0,0,0,0,0,0,0,0,0,0,0,0,0,0,0,0,0,0,0,0,0,0,0,0,0,0,0,0,0,0,0,0,0,0,0,0,0,0,0,0,0,0,0,0,0,0,0,0,0,0,0,0,0,0,0,0,0,0,0,0,0,0,0,0,0,0,0,0,0,0,0,0,0,0,0,0,0,0,0,0,0,0,0,0,0,0,0,0,0,0,0,0,0,0,0,0,0,0,0,0,0,0,0,0,0,0,0,0,0,0,0,0,0,0,0,0,0,0,0,0,0,0,0,0,0,0,0,0
5.15,0,0,0,0,0,0,0,0,0,0,0,0,0,0,0,0,0,0,0,0,0,0,0,0,0,0,0,0,0,0,0,0,0,0,0,0,0,0,0,0,0,0,0,0,0,0,0,0,0,0,0,0,0,0,0,0,0,0,0,0,0,0,0,0,0,0,0,0,0,0,0,0,0,0,0,0,0,0,0,0,0,0,0,0,0,0,0,0,0,0,0,0,0,0,0,0,0,0,0,0,0,0,0,0,0,0,0,0,0,0,0,0,0,0,0,0,0,0,0,0,0,0,0,0,0,0,0,0,0,0,0,0,0,0,0,0,0,0,0,0,0,0,0,0,0,0,0,0,0,0,0,0,0,0,0,0,0,0,0,0,0,0,0,0,0,0,0,0,0,0,0,0,0,0,0,0,0,0,0,0,0,0,0,0,0,0,0,0,0,0,0,0,0,0,0,0,0,0,0,0,0,0,0,0,0,0,0,0,0,0,0,0,0,0,0,0,0,0,0,0,0,0,0,0,0,0,0,0,0,0,0,0,0,0,0,0,0,0,0,0,0,0,0,0,0,0,0,0,0,0,0,0,0,0,0,0,0,0,0,0,0,0,0,0,0,0,0,0,0,0,0,0,0,0,0,0,0,0,0,0,0,0,0,0,0,0,0,0,0,0,0,0,0,0,0,0,0,0,0,0
5.25,0,0,0,0,0,0,0,0,0,0,0,0,0,0,0,0,0,0,0,0,0,0,0,0,0,0,0,0,0,0,0,0,0,0,0,0,0,0,0,0,0,0,0,0,0,0,0,0,0,0,0,0,0,0,0,0,0,0,0,0,0,0,0,0,0,0,0,0,0,0,0,0,0,0,0,0,0,0,0,0,0,0,0,0,0,0,0,0,0,0,0,0,0,0,0,0,0,0,0,0,0,0,0,0,0,0,0,0,0,0,0,0,0,0,0,0,0,0,0,0,0,0,0,0,0,0,0,0,0,0,0,0,0,0,0,0,0,0,0,0,0,0,0,0,0,0,0,0,0,0,0,0,0,0,0,0,0,0,0,0,0,0,0,0,0,0,0,0,0,0,0,0,0,0,0,0,0,0,0,0,0,0,0,0,0,0,0,0,0,0,0,0,0,0,0,0,0,0,0,0,0,0,0,0,0,0,0,0,0,0,0,0,0,0,0,0,0,0,0,0,0,0,0,0,0,0,0,0,0,0,0,0,0,0,0,0,0,0,0,0,0,0,0,0,0,0,0,0,0,0,0,0,0,0,0,0,0,0,0,0,0,0,0,0,0,0,0,0,0,0,0,0,0,0,0,0,0,0,0,0,0,0,0,0,0,0,0,0,0,0,0,0,0,0,0,0,0,0,0,0
5.35,0,0,0,0,0,0,0,0,0,0,0,0,0,0,0,0,0,0,0,0,0,0,0,0,0,0,0,0,0,0,0,0,0,0,0,0,0,0,0,0,0,0,0,0,0,0,0,0,0,0,0,0,0,0,0,0,0,0,0,0,0,0,0,0,0,0,0,0,0,0,0,0,0,0,0,0,0,0,0,0,0,0,0,0,0,0,0,0,0,0,0,0,0,0,0,0,0,0,0,0,0,0,0,0,0,0,0,0,0,0,0,0,0,0,0,0,0,0,0,0,0,0,0,0,0,0,0,0,0,0,0,0,0,0,0,0,0,0,0,0,0,0,0,0,0,0,0,0,0,0,0,0,0,0,0,0,0,0,0,0,0,0,0,0,0,0,0,0,0,0,0,0,0,0,0,0,0,0,0,0,0,0,0,0,0,0,0,0,0,0,0,0,0,0,0,0,0,0,0,0,0,0,0,0,0,0,0,0,0,0,0,0,0,0,0,0,0,0,0,0,0,0,0,0,0,0,0,0,0,0,0,0,0,0,0,0,0,0,0,0,0,0,0,0,0,0,0,0,0,0,0,0,0,0,0,0,0,0,0,0,0,0,0,0,0,0,0,0,0,0,0,0,0,0,0,0,0,0,0,0,0,0,0,0,0,0,0,0,0,0,0,0,0,0,0,0,0,0,0,0
5.45,0,0,0,0,0,0,0,0,0,0,0,0,0,0,0,0,0,0,0,0,0,0,0,0,0,0,0,0,0,0,0,0,0,0,0,0,0,0,0,0,0,0,0,0,0,0,0,0,0,0,0,0,0,0,0,0,0,0,0,0,0,0,0,0,0,0,0,0,0,0,0,0,0,0,0,0,0,0,0,0,0,0,0,0,0,0,0,0,0,0,0,0,0,0,0,0,0,0,0,0,0,0,0,0,0,0,0,0,0,0,0,0,0,0,0,0,0,0,0,0,0,0,0,0,0,0,0,0,0,0,0,0,0,0,0,0,0,0,0,0,0,0,0,0,0,0,0,0,0,0,0,0,0,0,0,0,0,0,0,0,0,0,0,0,0,0,0,0,0,0,0,0,0,0,0,0,0,0,0,0,0,0,0,0,0,0,0,0,0,0,0,0,0,0,0,0,0,0,0,0,0,0,0,0,0,0,0,0,0,0,0,0,0,0,0,0,0,0,0,0,0,0,0,0,0,0,0,0,0,0,0,0,0,0,0,0,0,0,0,0,0,0,0,0,0,0,0,0,0,0,0,0,0,0,0,0,0,0,0,0,0,0,0,0,0,0,0,0,0,0,0,0,0,0,0,0,0,0,0,0,0,0,0,0,0,0,0,0,0,0,0,0,0,0,0,0,0,0,0,0
5.55,0,0,0,0,0,0,0,0,0,0,0,0,0,0,0,0,0,0,0,0,0,0,0,0,0,0,0,0,0,0,0,0,0,0,0,0,0,0,0,0,0,0,0,0,0,0,0,0,0,0,0,0,0,0,0,0,0,0,0,0,0,0,0,0,0,0,0,0,0,0,0,0,0,0,0,0,0,0,0,0,0,0,0,0,0,0,0,0,0,0,0,0,0,0,0,0,0,0,0,0,0,0,0,0,0,0,0,0,0,0,0,0,0,0,0,0,0,0,0,0,0,0,0,0,0,0,0,0,0,0,0,0,0,0,0,0,0,0,0,0,0,0,0,0,0,0,0,0,0,0,0,0,0,0,0,0,0,0,0,0,0,0,0,0,0,0,0,0,0,0,0,0,0,0,0,0,0,0,0,0,0,0,0,0,0,0,0,0,0,0,0,0,0,0,0,0,0,0,0,0,0,0,0,0,0,0,0,0,0,0,0,0,0,0,0,0,0,0,0,0,0,0,0,0,0,0,0,0,0,0,0,0,0,0,0,0,0,0,0,0,0,0,0,0,0,0,0,0,0,0,0,0,0,0,0,0,0,0,0,0,0,0,0,0,0,0,0,0,0,0,0,0,0,0,0,0,0,0,0,0,0,0,0,0,0,0,0,0,0,0,0,0,0,0,0,0,0,0,0,0
5.65,0,0,0,0,0,0,0,0,0,0,0,0,0,0,0,0,0,0,0,0,0,0,0,0,0,0,0,0,0,0,0,0,0,0,0,0,0,0,0,0,0,0,0,0,0,0,0,0,0,0,0,0,0,0,0,0,0,0,0,0,0,0,0,0,0,0,0,0,0,0,0,0,0,0,0,0,0,0,0,0,0,0,0,0,0,0,0,0,0,0,0,0,0,0,0,0,0,0,0,0,0,0,0,0,0,0,0,0,0,0,0,0,0,0,0,0,0,0,0,0,0,0,0,0,0,0,0,0,0,0,0,0,0,0,0,0,0,0,0,0,0,0,0,0,0,0,0,0,0,0,0,0,0,0,0,0,0,0,0,0,0,0,0,0,0,0,0,0,0,0,0,0,0,0,0,0,0,0,0,0,0,0,0,0,0,0,0,0,0,0,0,0,0,0,0,0,0,0,0,0,0,0,0,0,0,0,0,0,0,0,0,0,0,0,0,0,0,0,0,0,0,0,0,0,0,0,0,0,0,0,0,0,0,0,0,0,0,0,0,0,0,0,0,0,0,0,0,0,0,0,0,0,0,0,0,0,0,0,0,0,0,0,0,0,0,0,0,0,0,0,0,0,0,0,0,0,0,0,0,0,0,0,0,0,0,0,0,0,0,0,0,0,0,0,0,0,0,0,0,0
5.75,0,0,0,0,0,0,0,0,0,0,0,0,0,0,0,0,0,0,0,0,0,0,0,0,0,0,0,0,0,0,0,0,0,0,0,0,0,0,0,0,0,0,0,0,0,0,0,0,0,0,0,0,0,0,0,0,0,0,0,0,0,0,0,0,0,0,0,0,0,0,0,0,0,0,0,0,0,0,0,0,0,0,0,0,0,0,0,0,0,0,0,0,0,0,0,0,0,0,0,0,0,0,0,0,0,0,0,0,0,0,0,0,0,0,0,0,0,0,0,0,0,0,0,0,0,0,0,0,0,0,0,0,0,0,0,0,0,0,0,0,0,0,0,0,0,0,0,0,0,0,0,0,0,0,0,0,0,0,0,0,0,0,0,0,0,0,0,0,0,0,0,0,0,0,0,0,0,0,0,0,0,0,0,0,0,0,0,0,0,0,0,0,0,0,0,0,0,0,0,0,0,0,0,0,0,0,0,0,0,0,0,0,0,0,0,0,0,0,0,0,0,0,0,0,0,0,0,0,0,0,0,0,0,0,0,0,0,0,0,0,0,0,0,0,0,0,0,0,0,0,0,0,0,0,0,0,0,0,0,0,0,0,0,0,0,0,0,0,0,0,0,0,0,0,0,0,0,0,0,0,0,0,0,0,0,0,0,0,0,0,0,0,0,0,0,0,0,0,0,0
5.85,0,0,0,0,0,0,0,0,0,0,0,0,0,0,0,0,0,0,0,0,0,0,0,0,0,0,0,0,0,0,0,0,0,0,0,0,0,0,0,0,0,0,0,0,0,0,0,0,0,0,0,0,0,0,0,0,0,0,0,0,0,0,0,0,0,0,0,0,0,0,0,0,0,0,0,0,0,0,0,0,0,0,0,0,0,0,0,0,0,0,0,0,0,0,0,0,0,0,0,0,0,0,0,0,0,0,0,0,0,0,0,0,0,0,0,0,0,0,0,0,0,0,0,0,0,0,0,0,0,0,0,0,0,0,0,0,0,0,0,0,0,0,0,0,0,0,0,0,0,0,0,0,0,0,0,0,0,0,0,0,0,0,0,0,0,0,0,0,0,0,0,0,0,0,0,0,0,0,0,0,0,0,0,0,0,0,0,0,0,0,0,0,0,0,0,0,0,0,0,0,0,0,0,0,0,0,0,0,0,0,0,0,0,0,0,0,0,0,0,0,0,0,0,0,0,0,0,0,0,0,0,0,0,0,0,0,0,0,0,0,0,0,0,0,0,0,0,0,0,0,0,0,0,0,0,0,0,0,0,0,0,0,0,0,0,0,0,0,0,0,0,0,0,0,0,0,0,0,0,0,0,0,0,0,0,0,0,0,0,0,0,0,0,0,0,0,0,0,0,0
5.95,0,0,0,0,0,0,0,0,0,0,0,0,0,0,0,0,0,0,0,0,0,0,0,0,0,0,0,0,0,0,0,0,0,0,0,0,0,0,0,0,0,0,0,0,0,0,0,0,0,0,0,0,0,0,0,0,0,0,0,0,0,0,0,0,0,0,0,0,0,0,0,0,0,0,0,0,0,0,0,0,0,0,0,0,0,0,0,0,0,0,0,0,0,0,0,0,0,0,0,0,0,0,0,0,0,0,0,0,0,0,0,0,0,0,0,0,0,0,0,0,0,0,0,0,0,0,0,0,0,0,0,0,0,0,0,0,0,0,0,0,0,0,0,0,0,0,0,0,0,0,0,0,0,0,0,0,0,0,0,0,0,0,0,0,0,0,0,0,0,0,0,0,0,0,0,0,0,0,0,0,0,0,0,0,0,0,0,0,0,0,0,0,0,0,0,0,0,0,0,0,0,0,0,0,0,0,0,0,0,0,0,0,0,0,0,0,0,0,0,0,0,0,0,0,0,0,0,0,0,0,0,0,0,0,0,0,0,0,0,0,0,0,0,0,0,0,0,0,0,0,0,0,0,0,0,0,0,0,0,0,0,0,0,0,0,0,0,0,0,0,0,0,0,0,0,0,0,0,0,0,0,0,0,0,0,0,0,0,0,0,0,0,0,0,0,0,0,0,0,0
6.05,0,0,0,0,0,0,0,0,0,0,0,0,0,0,0,0,0,0,0,0,0,0,0,0,0,0,0,0,0,0,0,0,0,0,0,0,0,0,0,0,0,0,0,0,0,0,0,0,0,0,0,0,0,0,0,0,0,0,0,0,0,0,0,0,0,0,0,0,0,0,0,0,0,0,0,0,0,0,0,0,0,0,0,0,0,0,0,0,0,0,0,0,0,0,0,0,0,0,0,0,0,0,0,0,0,0,0,0,0,0,0,0,0,0,0,0,0,0,0,0,0,1,1,0,0,0,0,0,0,0,1,0,0,0,0,0,0,0,0,0,0,1,0,0,0,0,0,0,0,0,0,0,0,0,0,0,0,0,0,0,0,0,0,0,0,0,0,0,0,0,0,0,0,0,0,0,0,0,0,0,0,0,0,0,0,0,0,0,0,0,0,0,0,0,0,0,0,0,0,0,0,0,0,0,0,0,0,0,0,0,0,0,0,0,0,0,0,0,0,0,0,0,0,0,0,0,0,0,0,0,0,0,0,0,0,0,0,0,0,0,0,0,0,0,0,0,0,0,0,0,0,0,0,0,0,0,0,0,0,0,0,0,0,0,0,0,0,0,0,0,0,0,0,0,0,0,0,0,0,0,0,0,0,0,0,0,0,0,0,0,0,0,0,0,0,0,0,0,0,0
6.15,0,0,0,0,0,0,0,0,0,0,0,0,0,0,0,0,0,0,0,0,0,0,0,0,0,0,0,0,0,0,0,0,0,0,0,0,0,0,0,0,0,0,0,0,0,0,0,0,0,0,0,0,0,0,0,0,0,0,0,0,0,0,0,0,0,0,0,0,0,0,0,0,0,0,0,0,0,0,0,0,0,0,0,0,0,0,0,0,0,0,0,0,0,0,0,0,0,0,0,0,0,0,0,0,0,0,0,0,0,0,0,0,0,0,0,0,0,0,0,0,0,0,0,1,0,0,0,0,0,0,1,0,0,0,0,0,0,0,0,0,0,0,1,0,0,0,0,0,0,0,0,0,0,0,0,0,0,0,0,0,0,0,0,0,0,0,0,0,0,0,0,0,0,0,0,0,0,0,0,0,0,0,0,0,0,0,0,0,0,0,0,0,0,0,0,0,0,0,0,0,0,0,0,0,0,0,0,0,0,0,0,0,0,0,0,0,0,0,0,0,0,0,0,0,0,0,0,0,0,0,0,0,0,0,0,0,0,0,0,0,0,0,0,0,0,0,0,0,0,0,0,0,0,0,0,0,0,0,0,0,0,0,0,0,0,0,0,0,0,0,0,0,0,0,0,0,0,0,0,0,0,0,0,0,0,0,0,0,0,0,0,0,0,0,0,0,0,0,0,0
6.25,0,0,0,0,0,0,0,0,0,0,0,0,0,0,0,0,0,0,0,0,0,0,0,0,0,0,0,0,0,0,0,0,0,0,0,0,0,0,0,0,0,0,0,0,0,0,0,0,0,0,0,0,0,0,0,0,0,0,0,0,0,0,0,0,0,0,0,0,0,0,0,0,0,0,0,0,0,0,0,0,0,0,0,0,0,0,0,0,0,0,0,0,0,0,0,0,0,0,0,0,0,0,0,0,0,0,0,0,0,0,0,0,0,0,0,0,0,0,0,0,0,0,0,0,0,0,0,0,0,0,0,0,0,0,0,0,0,0,0,0,0,0,0,0,0,0,0,0,0,1,0,0,0,0,0,0,0,0,0,0,0,0,0,0,0,0,0,0,0,0,0,0,0,0,0,0,0,0,0,0,0,0,0,0,0,0,0,0,0,0,0,0,0,0,0,0,0,0,0,0,0,0,0,0,0,0,0,0,0,0,0,0,0,0,0,0,0,0,0,0,0,0,0,0,0,0,0,0,0,0,0,0,0,0,0,0,0,0,0,0,0,0,0,0,0,0,0,0,0,0,0,0,0,0,0,0,0,0,0,0,0,0,0,0,0,0,0,0,0,0,0,0,0,0,0,0,0,0,0,0,0,0,0,0,0,0,0,0,0,0,0,0,0,0,0,0,0,0,0,0
6.35,0,0,0,0,0,0,0,0,0,0,0,0,0,0,0,0,0,0,0,0,0,0,0,0,0,0,0,0,0,0,0,0,0,0,0,0,0,0,0,0,0,0,0,0,0,0,0,0,0,0,0,0,0,0,0,0,0,0,0,0,0,0,0,0,0,0,0,0,0,0,0,0,0,0,0,0,0,0,0,0,0,0,0,0,0,0,0,0,0,0,0,0,0,0,0,0,0,0,0,0,0,0,0,0,0,0,0,0,0,0,0,0,0,0,0,0,0,0,0,0,0,0,0,0,0,0,0,0,0,0,0,0,0,0,0,0,0,0,0,0,0,0,0,0,0,0,0,0,0,0,0,0,0,0,0,0,0,0,0,0,0,0,1,0,0,0,0,0,0,0,0,0,0,0,0,0,0,0,0,0,0,0,0,0,0,0,0,0,0,0,0,0,0,0,0,0,0,0,0,0,0,0,0,0,0,0,0,0,0,0,0,0,0,0,0,0,0,0,0,0,0,0,0,0,0,0,0,0,0,0,0,0,0,0,0,0,0,0,0,0,0,0,0,0,0,0,0,0,0,0,0,0,0,0,0,0,0,0,0,0,0,0,0,0,0,0,0,0,0,0,0,0,0,0,0,0,0,0,0,0,0,0,0,0,0,0,0,0,0,0,0,0,0,0,0,0,0,0,0,0
6.45,0,0,0,0,0,0,0,0,0,0,0,0,0,0,0,0,0,0,0,0,0,0,0,0,0,0,0,0,0,0,0,0,0,0,0,0,0,0,0,0,0,0,0,0,0,0,0,0,0,0,0,0,0,0,0,0,0,0,0,0,0,0,0,0,0,0,0,0,0,0,0,0,0,0,0,0,0,0,0,0,0,0,0,0,0,0,0,0,0,0,0,0,0,0,0,0,0,0,0,0,0,0,0,0,0,0,0,0,0,0,0,0,0,0,0,0,0,0,0,0,0,0,0,0,0,0,0,0,0,0,0,0,0,0,0,0,0,0,0,0,0,0,0,0,0,0,0,0,0,0,0,0,0,0,0,0,0,0,0,0,0,0,0,0,0,0,0,0,0,0,0,0,1,0,0,0,0,0,0,0,0,0,0,0,0,0,0,0,0,0,0,0,0,0,0,0,0,0,0,0,0,0,0,0,0,0,0,0,0,0,0,0,0,0,0,0,0,0,0,0,0,0,0,0,0,0,0,0,0,0,0,0,0,0,0,0,0,0,0,0,0,0,0,0,0,0,0,0,0,0,0,0,0,0,0,0,0,0,0,0,0,0,0,0,0,0,0,0,0,0,0,0,0,0,0,0,0,0,0,0,0,0,0,0,0,0,0,0,0,0,0,0,0,0,0,0,0,0,0,0
6.55,0,0,0,0,0,0,0,0,0,0,0,0,0,0,0,0,0,0,0,0,0,0,0,0,0,0,0,0,0,0,0,0,0,0,0,0,0,0,0,0,0,0,0,0,0,0,0,0,0,0,0,0,0,0,0,0,0,0,0,0,0,0,0,0,0,0,0,0,0,0,0,0,0,0,0,0,0,0,0,0,0,0,0,0,0,0,0,0,0,0,0,0,0,0,0,0,0,0,0,0,0,0,0,0,0,0,0,0,0,0,0,0,0,0,0,0,0,0,0,0,0,0,0,0,0,0,0,0,0,0,0,0,0,0,0,0,0,0,0,0,0,0,0,0,0,0,0,0,0,0,0,0,0,0,0,0,0,0,0,0,0,0,0,0,0,0,0,0,0,0,0,0,0,1,0,0,0,0,0,0,0,0,0,0,0,0,0,0,0,0,0,0,0,0,0,0,0,0,0,0,0,0,0,0,0,0,0,0,0,0,0,0,0,0,0,0,0,0,0,0,0,0,0,0,0,0,0,0,0,0,0,0,0,0,0,0,0,0,0,0,0,0,0,0,0,0,0,0,0,0,0,0,0,0,0,0,0,0,0,0,0,0,0,0,0,0,0,0,0,0,0,0,0,0,0,0,0,0,0,0,0,0,0,0,0,0,0,0,0,0,0,0,0,0,0,0,0,0,0,0
6.65,0,0,0,0,0,0,0,0,0,0,0,0,0,0,0,0,0,0,0,0,0,0,0,0,0,0,0,0,0,0,0,0,0,0,0,0,0,0,0,0,0,0,0,0,0,0,0,0,0,0,0,0,0,0,0,0,0,0,0,0,0,0,0,0,0,0,1,0,0,0,0,0,0,0,0,0,0,0,0,0,0,0,0,0,0,0,0,0,0,0,0,0,0,0,0,0,0,0,0,0,0,0,0,0,0,0,0,0,0,0,0,0,0,0,0,0,0,0,0,1,0,0,0,0,1,0,0,0,0,0,0,0,0,0,0,0,0,0,0,0,0,0,0,0,0,0,0,0,0,0,0,0,0,0,0,0,0,0,0,0,0,0,0,0,0,0,0,0,0,0,0,0,0,0,1,0,0,0,0,0,0,0,0,0,0,0,0,0,0,0,0,0,0,0,0,0,0,0,0,0,0,0,0,0,0,0,0,0,0,0,0,0,0,0,0,0,0,0,0,0,0,0,0,0,0,0,0,0,0,0,0,0,0,0,0,0,0,0,0,0,0,0,0,0,0,0,0,0,0,0,0,0,0,0,0,0,0,0,0,0,0,0,0,0,0,0,0,0,0,0,0,0,0,0,0,0,0,0,0,0,0,0,0,0,0,0,0,0,0,0,0,0,0,0,0,0,0,0,0,0
6.75,0,0,0,0,0,0,0,0,0,0,0,0,0,0,0,0,0,0,0,0,0,0,0,0,0,0,0,0,0,0,0,0,0,0,0,0,0,0,0,0,0,0,0,0,0,0,0,0,0,0,0,0,0,0,0,0,0,0,0,0,0,0,0,0,0,0,0,0,0,0,0,0,0,0,0,0,0,0,0,0,0,0,0,0,0,0,0,0,0,0,0,0,0,0,0,0,0,0,0,0,0,0,0,0,0,0,0,0,0,0,0,0,0,0,0,0,0,0,0,0,0,0,0,0,0,0,0,0,0,0,0,0,1,0,0,0,0,0,0,0,0,0,0,0,0,0,0,0,0,0,0,0,0,0,0,0,0,0,0,0,0,0,0,0,0,0,0,0,0,0,0,0,0,0,0,1,0,0,0,0,0,0,0,0,0,0,0,0,0,0,0,0,0,0,0,0,0,0,0,0,0,0,0,0,0,0,0,0,0,0,0,0,0,0,0,0,0,0,0,0,0,0,0,0,0,0,0,0,0,0,0,0,0,0,0,0,0,0,0,0,0,0,0,0,0,0,0,0,0,0,0,0,0,0,0,0,0,0,0,0,0,0,0,0,0,0,0,0,0,0,0,0,0,0,0,0,0,0,0,0,0,0,0,0,0,0,0,0,0,0,0,0,0,0,0,0,0,0,0,0
6.85,0,0,0,0,0,0,0,0,0,0,0,0,0,0,0,0,0,0,0,0,0,0,0,0,0,0,0,0,0,0,0,0,0,0,0,0,0,0,0,0,0,0,0,0,0,0,0,0,0,0,0,0,0,0,0,0,0,0,0,0,0,0,0,0,0,0,0,0,0,0,0,0,0,0,0,0,0,0,0,0,0,0,0,0,0,0,0,0,0,0,0,0,0,0,0,0,0,0,0,0,0,0,0,0,0,0,0,0,0,0,0,0,0,0,0,0,0,0,0,0,0,0,0,0,0,0,0,0,0,0,0,0,0,0,1,0,0,0,0,0,0,1,0,0,0,0,0,0,0,0,0,0,2,0,0,1,0,0,0,0,0,0,0,0,0,0,0,0,0,0,0,0,0,0,0,0,0,0,0,0,0,0,0,1,0,0,0,0,0,0,0,0,0,0,0,0,0,0,0,0,0,0,0,0,0,0,0,0,0,0,0,0,0,0,0,0,0,0,0,0,0,0,0,0,0,0,0,0,0,0,0,0,0,0,0,0,0,0,0,0,0,0,0,0,0,0,0,0,0,0,0,0,0,0,0,0,0,0,0,0,0,0,0,0,0,0,0,0,0,0,0,0,0,0,0,0,0,0,0,0,0,0,0,0,0,0,0,0,0,0,0,0,0,0,0,0,0,0,0,0
6.95,0,0,0,0,0,0,0,0,0,0,0,0,0,0,0,0,0,0,0,0,0,0,0,0,0,0,0,0,0,0,0,0,0,0,0,0,0,0,0,0,0,0,0,0,0,0,0,0,0,0,0,0,0,0,0,0,0,0,0,0,0,0,0,0,0,0,0,0,0,0,0,0,0,0,0,0,0,0,0,0,0,0,0,0,0,0,0,0,0,0,0,0,0,0,0,0,0,0,0,0,0,0,0,0,0,0,0,0,0,0,0,0,0,0,0,0,0,0,0,0,0,0,0,0,0,0,0,0,0,0,0,0,0,0,0,0,0,0,0,0,0,1,0,0,0,1,0,0,1,0,0,0,0,0,0,0,0,0,1,1,0,0,0,0,0,0,0,0,0,0,0,0,0,0,0,0,0,0,0,0,0,0,0,0,0,0,0,0,1,0,0,0,0,0,0,0,0,0,0,0,0,0,0,0,0,0,0,0,0,0,0,0,0,0,0,0,0,0,0,0,0,0,0,0,0,0,0,0,0,0,0,0,0,0,0,0,0,0,0,0,0,0,0,0,0,0,0,0,0,0,0,0,0,0,0,0,0,0,0,0,0,0,0,0,0,0,0,0,0,0,0,0,0,0,0,0,0,0,0,0,0,0,0,0,0,0,0,0,0,0,0,0,0,0,0,0,0,0,0,0
7.05,0,0,0,0,0,0,0,0,0,0,0,0,0,0,0,0,0,0,0,0,0,0,0,0,0,0,0,0,0,0,0,0,0,0,0,0,0,0,0,0,0,0,0,0,0,0,0,0,0,0,0,0,0,0,0,0,0,0,0,0,0,0,0,0,0,0,0,0,0,0,0,0,0,0,0,0,0,0,0,0,0,0,0,0,0,0,0,1,0,0,0,0,0,0,0,0,0,0,0,0,0,0,0,0,0,0,0,0,0,0,0,0,0,0,0,0,0,0,0,1,0,2,0,0,0,0,0,0,0,0,0,0,0,0,0,0,0,0,0,0,1,0,0,0,0,0,0,0,0,0,0,0,0,0,0,0,0,0,0,0,2,0,0,0,0,0,0,0,0,0,0,0,0,0,0,0,0,0,0,0,0,0,0,0,0,0,0,0,0,0,0,1,0,0,0,0,0,0,0,0,0,0,0,0,0,0,0,0,0,0,0,0,0,0,0,0,0,0,0,0,0,0,0,0,0,0,0,0,0,0,0,0,0,0,0,0,0,0,0,0,0,0,0,0,0,0,0,0,0,0,0,0,0,0,0,0,0,0,0,0,0,0,0,0,0,0,0,0,0,0,0,0,0,0,0,0,0,0,0,0,0,0,0,0,0,0,0,0,0,0,0,0,0,0,0,0,0,0,0,0
7.15,0,0,0,0,0,0,0,0,0,0,0,0,0,0,0,0,0,0,0,0,0,0,0,0,0,0,0,0,0,0,0,0,0,0,0,0,0,0,0,0,0,0,0,0,0,0,0,0,0,0,0,0,0,0,0,0,0,0,0,0,0,0,0,0,0,0,0,0,0,0,0,0,0,0,0,0,0,0,0,0,0,0,0,0,0,0,0,0,0,0,0,0,0,0,0,0,0,0,0,0,0,0,0,0,0,0,0,0,0,0,0,0,0,0,0,0,1,0,0,0,0,0,0,0,0,0,0,1,0,0,0,0,0,0,0,0,0,1,0,0,0,0,0,0,0,0,0,0,0,0,0,0,0,0,0,0,0,0,0,0,1,1,0,0,0,0,0,0,0,0,0,0,0,0,0,0,0,0,0,0,0,0,0,0,0,0,0,0,0,0,0,1,0,0,0,0,0,0,0,0,0,0,0,0,0,0,0,0,0,0,0,0,0,0,0,0,0,0,0,0,0,0,0,0,0,0,0,0,0,0,0,0,0,0,0,0,0,0,0,0,0,0,0,0,0,0,0,0,0,0,0,0,0,0,0,0,0,0,0,0,0,0,0,0,0,0,0,0,0,0,0,0,0,0,0,0,0,0,0,0,0,0,0,0,0,0,0,0,0,0,0,0,0,0,0,0,0,0,0,0
7.25,0,0,0,0,0,0,0,0,0,0,0,0,0,0,0,0,0,0,0,0,0,0,0,0,0,0,0,0,0,0,0,0,0,0,0,0,0,0,0,0,0,0,0,0,0,0,0,0,0,0,0,0,0,0,0,0,0,0,0,0,0,0,0,0,0,0,0,0,0,0,0,0,0,0,0,0,0,0,0,0,0,0,0,0,0,0,0,0,0,0,0,0,0,0,0,0,0,0,0,0,0,0,0,0,0,0,0,0,0,0,0,0,0,0,0,0,0,0,0,0,0,0,0,0,0,1,0,0,0,0,1,0,0,1,0,1,0,0,0,0,0,0,0,0,1,0,0,0,0,0,0,0,0,0,0,0,0,0,0,0,1,1,0,0,0,0,0,0,0,0,0,0,0,0,0,0,0,0,0,0,0,0,0,0,0,0,0,0,0,0,0,1,0,0,0,0,0,0,0,0,0,0,0,0,0,0,0,0,0,0,0,0,0,0,0,0,0,0,0,0,0,0,0,0,0,0,0,0,0,0,0,0,0,0,0,0,0,0,0,0,0,0,0,0,0,0,0,0,0,0,0,0,0,0,0,0,0,0,0,0,0,0,0,0,0,0,0,0,0,0,0,0,0,0,0,0,0,0,0,0,0,0,0,0,0,0,0,0,0,0,0,0,0,0,0,0,0,0,0,0
7.35,0,0,0,0,0,0,0,0,0,0,0,0,0,0,0,0,0,0,0,0,0,0,0,0,0,0,0,0,0,0,0,0,0,0,0,0,0,0,0,0,0,0,0,0,0,0,0,0,0,0,0,0,0,0,0,0,0,0,0,0,0,0,0,0,0,0,0,0,0,0,0,0,0,0,0,0,0,0,0,0,0,0,0,0,0,0,0,0,0,0,0,0,0,0,0,0,0,0,0,0,0,0,0,0,0,0,0,0,0,0,0,0,0,0,0,0,0,0,1,0,0,0,0,0,0,0,0,0,0,0,0,0,0,0,0,0,0,0,0,0,0,0,0,0,0,0,0,0,0,0,0,0,0,0,0,0,0,0,0,0,2,0,1,0,0,0,0,0,0,0,0,0,0,0,0,0,0,0,0,0,0,0,0,0,0,0,0,0,0,0,0,1,0,0,0,0,0,0,0,0,0,0,0,0,0,0,0,0,0,0,0,0,0,0,0,0,0,0,0,0,0,0,0,0,0,0,0,0,0,0,0,0,0,0,0,0,0,0,0,0,0,0,0,0,0,0,0,0,0,0,0,0,0,0,0,0,0,0,0,0,0,0,0,0,0,0,0,0,0,0,0,0,0,0,0,0,0,0,0,0,0,0,0,0,0,0,0,0,0,0,0,0,0,0,0,0,0,0,0,0
7.45,0,0,0,0,0,0,0,0,0,0,0,0,0,0,0,0,0,0,0,0,0,0,0,0,0,0,0,0,0,0,0,0,0,0,0,0,0,0,0,0,0,0,0,0,0,0,0,0,0,0,0,0,0,0,0,0,0,0,0,0,0,0,0,0,0,0,0,0,0,0,0,0,0,0,0,0,0,0,0,0,0,0,0,0,0,0,0,0,0,0,0,0,0,0,0,0,0,0,0,0,0,0,0,0,0,0,0,0,0,0,0,0,0,0,1,1,0,1,0,0,0,0,0,1,0,0,0,0,0,0,0,0,0,0,0,0,0,0,0,0,0,0,0,0,0,0,0,0,0,0,0,0,0,0,0,0,0,0,0,0,1,1,1,0,0,0,0,0,0,0,0,0,0,0,0,0,0,0,0,0,0,0,0,0,0,0,0,0,0,0,0,1,0,0,0,0,0,0,0,0,0,0,0,0,0,0,0,0,0,0,0,0,0,0,0,0,0,0,0,0,0,0,0,0,0,0,0,0,0,0,0,0,0,0,0,0,0,0,0,0,0,0,0,0,0,0,0,0,0,0,0,0,0,0,0,0,0,0,0,0,0,0,0,0,0,0,0,0,0,0,0,0,0,0,0,0,0,0,0,0,0,0,0,0,0,0,0,0,0,0,0,0,0,0,0,0,0,0,0,0
7.55,0,0,0,0,0,0,0,0,0,0,0,0,0,0,0,0,0,0,0,0,0,0,0,0,0,0,0,0,0,0,0,0,0,0,0,0,0,0,0,0,0,0,0,0,0,0,0,0,0,0,0,0,0,0,0,0,0,0,0,0,0,0,0,0,0,0,0,0,0,0,0,0,0,0,0,0,0,0,0,0,0,0,0,0,0,0,0,0,0,0,0,0,0,0,0,0,0,0,0,0,1,0,0,0,0,0,0,0,0,0,0,0,0,0,0,0,0,0,0,0,1,0,0,1,0,0,0,0,0,0,0,1,0,0,0,0,0,0,0,0,0,0,0,0,0,0,0,0,0,0,0,0,0,0,0,0,0,0,0,0,1,0,0,2,0,0,0,0,0,0,0,0,0,0,0,0,0,0,0,0,0,0,0,0,0,0,0,0,0,0,0,1,0,0,0,0,0,0,0,0,0,0,0,0,0,0,0,0,0,0,0,0,0,0,0,0,0,0,0,0,0,0,0,0,0,0,0,0,0,0,0,0,0,0,0,0,0,0,0,0,0,0,0,0,0,0,0,0,0,0,0,0,0,0,0,0,0,0,0,0,0,0,0,0,0,0,0,0,0,0,0,0,0,0,0,0,0,0,0,0,0,0,0,0,0,0,0,0,0,0,0,0,0,0,0,0,0,0,0,0
7.65,0,0,0,0,0,0,0,0,0,0,0,0,0,0,0,0,0,0,0,0,0,0,0,0,0,0,0,0,0,0,0,0,0,0,0,0,0,0,0,0,0,0,0,0,0,0,0,0,0,0,0,0,0,0,0,0,0,0,0,0,0,0,0,0,0,0,0,0,0,0,0,0,0,0,0,0,0,0,0,0,0,0,0,0,0,0,0,0,0,0,0,0,0,0,0,0,0,0,0,0,0,0,0,0,0,0,0,0,0,0,0,0,0,0,1,0,0,0,0,0,0,1,0,0,0,0,0,0,1,0,0,0,0,0,0,1,1,0,0,1,0,0,0,0,0,0,0,0,0,1,0,0,0,0,0,0,0,0,0,0,1,0,0,1,0,1,0,0,0,0,0,0,0,0,0,0,0,0,0,0,1,0,0,0,0,0,0,0,0,0,0,0,1,0,0,0,0,0,0,0,0,0,0,0,0,0,0,0,0,0,0,0,0,0,0,0,0,0,0,0,0,0,0,0,0,0,0,0,0,0,0,0,0,0,0,0,0,0,0,0,0,0,0,0,0,0,0,0,0,0,0,0,0,0,0,0,0,0,0,0,0,0,0,0,0,0,0,0,0,0,0,0,0,0,0,0,0,0,0,0,0,0,0,0,0,0,0,0,0,0,0,0,0,0,0,0,0,0,0,0
7.75,0,0,0,0,0,0,0,0,0,0,0,0,0,0,0,0,0,0,0,0,0,0,0,0,0,0,0,0,0,0,0,0,0,0,0,0,0,0,0,0,0,0,0,0,0,0,0,0,0,0,0,0,0,0,0,0,0,0,0,0,0,0,0,0,0,0,0,0,0,0,0,0,0,0,0,0,0,0,0,0,0,0,0,0,0,0,0,0,0,0,0,0,0,0,0,0,0,0,0,0,0,0,0,0,0,0,0,0,0,0,0,0,0,0,0,0,0,0,0,0,0,2,0,0,0,1,2,0,0,1,0,0,0,0,0,0,0,1,0,0,0,0,0,0,0,0,0,1,0,0,0,0,0,0,0,0,0,0,0,0,0,0,0,1,0,0,1,0,0,0,0,0,0,0,0,0,0,0,0,0,0,1,0,0,0,0,0,0,0,0,0,0,0,0,0,0,1,0,0,0,0,0,0,0,0,0,0,0,0,0,0,0,0,0,0,0,0,0,0,0,0,0,0,0,0,0,0,0,0,0,0,0,0,0,0,0,0,0,0,0,0,0,0,0,0,0,0,0,0,0,0,0,0,0,0,0,0,0,0,0,0,0,0,0,0,0,0,0,0,0,0,0,0,0,0,0,0,0,0,0,0,0,0,0,0,0,0,0,0,0,0,0,0,0,0,0,0,0,0,0
7.85,0,0,0,0,0,0,0,0,0,0,0,0,0,0,0,0,0,0,0,0,0,0,0,0,0,0,0,0,0,0,0,0,0,0,0,0,0,0,0,0,0,0,0,0,0,0,0,0,0,0,0,0,0,0,0,0,0,0,0,0,0,0,0,0,0,0,0,0,0,0,0,0,0,0,0,0,0,0,0,0,0,0,0,0,0,0,0,0,0,0,0,0,0,0,0,0,0,0,0,0,0,0,0,1,0,0,0,0,0,0,0,0,0,0,0,0,0,0,0,0,0,1,0,0,0,0,0,0,0,2,0,0,0,0,0,0,0,0,0,0,0,0,0,0,0,0,1,0,0,0,0,0,0,0,0,0,0,0,1,0,0,0,0,0,1,0,0,1,0,0,0,0,0,0,0,0,0,0,0,0,0,0,0,1,0,0,0,0,0,0,0,0,0,0,0,0,0,0,0,0,0,0,0,0,0,0,0,0,0,0,0,0,0,0,0,0,0,0,0,0,0,0,0,0,0,0,0,0,0,0,0,0,0,0,0,0,0,0,0,0,0,0,0,0,0,0,0,0,0,0,0,0,0,0,0,0,0,0,0,0,0,0,0,0,0,0,0,0,0,0,0,0,0,0,0,0,0,0,0,0,0,0,0,0,0,0,0,0,0,0,0,0,0,0,0,0,0,0,0,0
7.95,0,0,0,0,0,0,0,0,0,0,0,0,0,0,0,0,0,0,0,0,0,0,0,0,0,0,0,0,0,0,0,0,0,0,0,0,0,0,0,0,0,0,0,0,0,0,0,0,0,0,0,0,0,0,0,0,0,0,0,0,0,0,0,0,0,0,0,0,0,0,0,0,0,0,0,0,0,0,0,0,0,0,0,0,0,0,0,0,0,0,0,0,0,0,0,0,0,0,0,0,0,0,0,0,0,0,0,0,0,0,0,0,0,0,0,0,0,0,0,0,0,0,1,0,0,0,0,0,0,0,0,0,0,0,0,0,1,1,0,0,0,0,0,0,0,0,1,0,0,0,0,0,0,0,0,0,0,0,0,0,0,0,0,0,1,0,0,0,0,0,0,0,0,0,0,0,0,0,0,0,0,0,0,0,0,0,0,0,0,0,0,0,0,0,0,0,0,0,0,0,0,0,0,0,0,0,0,0,0,0,0,0,0,0,0,0,0,0,0,0,0,0,0,0,0,0,0,0,0,0,0,0,0,0,0,0,0,0,0,0,0,0,0,0,0,0,0,0,0,0,0,0,0,0,0,0,0,0,0,0,0,0,0,0,0,0,0,0,0,0,0,0,0,0,0,0,0,0,0,0,0,0,0,0,0,0,0,0,0,0,0,0,0,0,0,0,0,0,0,0
8.05,0,0,0,0,0,0,0,0,0,0,0,0,0,0,0,0,0,0,0,0,0,0,0,0,0,0,0,0,0,0,0,0,0,0,0,0,0,0,0,0,0,0,0,0,0,0,0,0,0,0,0,0,0,0,0,0,0,0,0,0,0,0,0,0,0,0,0,0,0,0,0,0,0,0,0,0,0,0,0,0,0,0,0,0,0,0,0,0,0,0,0,0,0,0,0,0,0,0,0,0,0,0,0,0,0,0,0,0,0,0,0,0,0,0,0,0,0,0,0,0,0,0,0,0,1,1,1,1,0,0,0,0,0,0,0,0,0,0,0,1,0,0,0,0,0,0,0,0,0,0,0,0,0,0,0,0,0,0,0,0,0,0,0,0,0,0,0,0,0,0,0,0,0,1,0,0,0,0,0,0,0,0,0,0,0,0,0,0,0,0,0,0,0,0,0,0,0,0,0,0,0,0,0,0,0,0,0,0,0,0,0,0,0,0,0,0,0,0,0,0,0,0,0,0,0,0,1,0,0,0,0,0,0,0,0,0,0,0,0,0,0,0,0,0,0,0,0,0,0,0,0,0,0,0,0,0,0,0,0,0,0,0,0,0,0,0,0,0,0,0,0,0,0,0,0,0,0,0,0,0,0,0,0,0,0,0,0,0,0,0,0,0,0,0,0,0,0,0,0,0
8.15,0,0,0,0,0,0,0,0,0,0,0,0,0,0,0,0,0,0,0,0,0,0,0,0,0,0,0,0,0,0,0,0,0,0,0,0,0,0,0,0,0,0,0,0,0,0,0,0,0,0,0,0,0,0,0,0,0,0,0,0,0,0,0,0,0,0,0,0,0,0,0,0,0,0,0,0,0,0,0,0,0,0,0,0,0,0,0,0,0,0,0,0,0,0,0,0,0,0,0,0,0,0,0,0,0,0,0,0,0,0,0,0,0,0,0,0,0,0,0,0,0,0,0,0,0,0,1,0,0,1,0,0,0,0,0,0,0,0,0,1,0,0,0,0,0,0,0,0,0,0,0,0,0,1,0,0,0,0,0,1,0,0,0,0,0,0,0,0,0,0,0,0,0,1,0,0,0,0,0,0,0,0,0,0,0,0,0,0,0,0,0,0,0,0,0,0,0,0,0,0,0,0,0,0,0,0,0,0,0,0,0,0,0,0,0,0,0,0,0,0,0,0,0,0,0,0,1,0,0,0,0,0,0,0,0,0,0,0,0,0,0,0,0,0,0,0,0,0,0,0,0,0,0,0,0,0,0,0,0,0,0,0,0,0,0,0,0,0,0,0,0,0,0,0,0,0,0,0,0,0,0,0,0,0,0,0,0,0,0,0,0,0,0,0,0,0,0,0,0,0
8.25,0,0,0,0,0,0,0,0,0,0,0,0,0,0,0,0,0,0,0,0,0,0,0,0,0,0,0,0,0,0,0,0,0,0,0,0,0,0,0,0,0,0,0,0,0,0,0,0,0,0,0,0,0,0,0,0,0,0,0,0,0,0,0,0,0,0,0,0,0,0,0,0,0,0,0,0,0,0,0,0,0,0,0,0,0,0,0,0,0,0,0,0,0,0,0,0,0,0,0,0,0,0,0,0,0,0,0,0,0,0,0,0,0,0,0,0,0,0,0,0,0,0,0,0,0,0,0,0,0,0,1,0,0,0,0,0,0,0,1,0,0,0,0,0,0,0,0,0,0,0,0,0,0,0,0,0,0,0,0,0,0,1,0,0,0,1,0,0,0,0,0,0,0,1,0,0,0,0,0,0,0,0,0,0,0,0,0,0,0,0,0,0,0,0,0,0,0,0,0,0,0,0,0,0,0,0,0,0,0,0,0,0,0,0,0,0,0,0,0,0,0,0,0,0,0,0,1,0,0,0,0,0,0,0,0,0,0,0,0,0,0,0,0,0,0,0,0,0,0,0,0,0,0,0,0,0,0,0,0,0,0,0,0,0,0,0,0,0,0,0,0,0,0,0,0,0,0,0,0,0,0,0,0,0,0,0,0,0,0,0,0,0,0,0,0,0,0,0,0,0
8.35,0,0,0,0,0,0,0,0,0,0,0,0,0,0,0,0,0,0,0,0,0,0,0,0,0,0,0,0,0,0,0,0,0,0,0,0,0,0,0,0,0,0,0,0,0,0,0,0,0,0,0,0,0,0,0,0,0,0,0,0,0,0,0,0,0,0,0,0,0,0,0,0,0,0,0,0,0,0,0,0,0,0,0,0,0,0,0,0,0,0,0,0,0,0,0,0,0,0,0,0,0,0,0,0,0,0,0,0,0,0,0,0,0,0,0,0,0,0,0,0,0,0,0,0,0,0,0,0,0,0,0,0,1,0,0,0,0,1,0,0,0,0,0,0,0,0,0,0,0,0,0,0,0,0,0,0,0,0,0,0,0,0,0,0,0,0,1,0,0,0,0,0,0,2,0,0,0,0,0,0,0,0,0,0,0,0,0,0,0,0,0,0,0,0,0,0,0,0,0,0,0,0,0,0,0,0,0,0,0,0,0,0,0,0,0,0,0,0,0,0,0,0,0,0,0,0,1,0,0,0,0,0,0,0,0,0,0,0,0,0,0,0,0,0,0,0,0,0,0,0,0,0,0,0,0,0,0,0,0,0,0,0,0,0,0,0,0,0,0,0,0,0,0,0,0,0,0,0,0,0,0,0,0,0,0,0,0,0,0,0,0,0,0,0,0,0,0,0,0,0
8.45,0,0,0,0,0,0,0,0,0,0,0,0,0,0,0,0,0,0,0,0,0,0,0,0,0,0,0,0,0,0,0,0,0,0,0,0,0,0,0,0,0,0,0,0,0,0,0,0,0,0,0,0,0,0,0,0,0,0,0,0,0,0,0,0,0,0,0,0,0,0,0,0,0,0,0,0,0,0,0,0,0,0,0,0,0,0,0,0,0,0,0,0,0,0,0,0,0,0,0,0,0,0,0,0,0,0,0,0,0,0,0,0,0,0,0,0,0,0,0,0,0,0,0,0,0,0,0,0,0,0,0,0,0,0,0,0,1,0,1,0,0,0,0,0,0,0,0,0,0,0,0,0,0,0,0,0,0,0,0,0,0,0,0,0,0,0,0,0,0,0,1,0,0,1,0,0,0,0,0,1,0,0,0,0,0,0,0,0,0,0,0,0,0,0,0,0,0,0,0,0,0,0,0,0,0,0,0,0,0,0,0,0,0,0,0,0,0,0,0,0,0,0,0,0,0,0,1,0,0,0,0,0,0,0,0,0,0,0,0,0,0,0,0,0,0,0,0,0,0,0,0,0,0,0,0,0,0,0,0,0,0,0,0,0,0,0,0,0,0,0,0,0,0,0,0,0,0,0,0,0,0,0,0,0,0,0,0,0,0,0,0,0,0,0,0,0,0,0,0,0
8.55,0,0,0,0,0,0,0,0,0,0,0,0,0,0,0,0,0,0,0,0,0,0,0,0,0,0,0,0,0,0,0,0,0,0,0,0,0,0,0,0,0,0,0,0,0,0,0,0,0,0,0,0,0,0,0,0,0,0,0,0,0,0,0,0,0,0,0,0,0,0,0,0,0,0,0,0,0,0,0,0,0,0,0,0,0,0,0,0,0,0,0,0,0,0,0,0,0,0,0,0,0,0,0,0,0,0,0,0,0,0,0,0,0,0,0,0,0,0,0,0,0,0,0,0,1,0,0,0,0,0,0,0,0,0,1,0,0,0,1,0,0,0,0,0,0,0,1,0,0,0,0,0,0,0,0,0,1,0,0,0,0,0,0,1,0,0,0,0,0,0,0,0,0,1,1,0,0,0,0,0,0,0,0,0,0,0,0,0,0,0,0,1,0,0,0,0,0,0,0,0,0,0,0,0,0,0,0,0,0,0,0,0,0,0,0,0,0,0,0,0,0,0,0,0,0,0,1,0,0,0,0,0,0,0,0,0,0,0,0,0,0,0,0,0,0,0,0,0,0,0,0,0,0,0,0,0,0,0,0,0,0,0,0,0,0,0,0,0,0,0,0,0,0,0,0,0,0,0,0,0,0,0,0,0,0,0,0,0,0,0,0,0,0,0,0,0,0,0,0,0
8.65,0,0,0,0,0,0,0,0,0,0,0,0,0,0,0,0,0,0,0,0,0,0,0,0,0,0,0,0,0,0,0,0,0,0,0,0,0,0,0,0,0,0,0,0,0,0,0,0,0,0,0,0,0,0,0,0,0,0,0,0,0,0,0,0,0,0,0,0,0,0,0,0,0,0,0,0,0,0,0,0,0,0,0,0,0,0,0,0,0,0,0,0,0,0,0,0,0,0,0,0,0,0,0,0,0,0,0,0,0,0,0,0,0,0,0,0,0,0,0,0,0,0,0,2,0,0,0,0,0,0,0,1,1,0,0,0,0,0,0,1,0,0,1,0,0,0,0,0,0,0,0,0,0,0,0,0,0,0,0,0,1,0,0,0,0,0,0,0,0,0,0,0,0,0,1,0,2,0,0,0,0,0,0,0,0,0,0,0,0,0,0,1,0,0,0,0,0,0,0,0,0,0,0,0,0,0,0,0,0,0,0,0,0,0,0,0,0,0,0,0,0,0,0,0,0,0,1,0,0,0,0,0,0,0,0,0,0,0,0,0,0,0,0,0,0,0,0,0,0,0,0,0,0,0,0,0,0,0,0,0,0,0,0,0,0,0,0,0,0,0,0,0,0,0,0,0,0,0,0,0,0,0,0,0,0,0,0,0,0,0,0,0,0,0,0,0,0,0,0,0
8.75,0,0,0,0,0,0,0,0,0,0,0,0,0,0,0,0,0,0,0,0,0,0,0,0,0,0,0,0,0,0,0,0,0,0,0,0,0,0,0,0,0,0,0,0,0,0,0,0,0,0,0,0,0,0,0,0,0,0,0,0,0,0,0,0,0,0,0,0,0,0,0,0,0,0,0,0,0,0,0,0,0,0,0,0,0,0,0,0,0,0,0,0,0,0,0,0,0,0,0,0,0,0,0,0,0,0,0,0,0,0,0,0,0,0,0,0,0,0,0,1,0,0,1,0,0,0,0,0,0,0,0,0,0,0,0,0,0,1,0,0,1,0,0,0,0,0,0,0,0,0,0,0,0,0,0,0,0,0,0,0,0,1,0,0,0,0,0,0,0,0,0,0,0,0,1,0,0,0,1,0,0,0,0,1,0,0,0,0,0,0,0,1,0,0,0,0,0,0,0,0,0,0,0,0,0,0,0,0,0,0,0,0,0,0,0,0,0,0,0,0,0,0,0,0,0,0,1,0,0,0,0,0,0,0,0,0,0,0,0,0,0,0,0,0,0,0,0,0,0,0,0,0,0,0,0,0,0,0,0,0,0,0,0,0,0,0,0,0,0,0,0,0,0,0,0,0,0,0,0,0,0,0,0,0,0,0,0,0,0,0,0,0,0,0,0,0,0,0,0,0
8.85,0,0,0,0,0,0,0,0,0,0,0,0,0,0,0,0,0,0,0,0,0,0,0,0,0,0,0,0,0,0,0,0,0,0,0,0,0,0,0,0,0,0,0,0,0,0,0,0,0,0,0,0,0,0,0,0,0,0,0,0,0,0,0,0,0,0,0,0,0,0,0,0,0,0,0,0,0,0,0,0,0,0,0,0,0,0,0,0,0,0,0,0,0,0,0,0,0,0,0,0,0,0,0,0,0,0,0,0,0,0,0,0,0,0,0,0,0,0,0,0,0,0,0,0,0,0,1,0,0,0,1,0,0,0,0,1,0,0,0,0,0,1,0,0,0,0,1,0,0,0,0,0,0,1,0,0,0,0,0,0,0,0,1,0,0,0,0,0,0,0,0,0,0,0,1,0,0,0,0,0,1,0,0,0,0,0,0,1,0,0,0,1,0,0,0,0,0,0,0,0,0,0,0,0,0,0,0,0,0,0,0,0,0,0,0,0,0,0,0,0,0,0,0,0,0,0,1,0,0,0,0,0,0,0,0,0,0,0,0,0,0,0,0,0,0,0,0,0,0,0,0,0,0,0,0,0,0,0,0,0,0,0,0,0,0,0,0,0,0,0,0,0,0,0,0,0,0,0,0,0,0,0,0,0,0,0,0,0,0,0,0,0,0,0,0,0,0,0,0,0
8.95,0,0,0,0,0,0,0,0,0,0,0,0,0,0,0,0,0,0,0,0,0,0,0,0,0,0,0,0,0,0,0,0,0,0,0,0,0,0,0,0,0,0,0,0,0,0,0,0,0,0,0,0,0,0,0,0,0,0,0,0,0,0,0,0,0,0,0,0,0,0,0,0,0,0,0,0,0,0,0,0,0,0,0,0,0,0,0,0,0,0,0,0,0,0,0,0,0,0,0,0,0,0,0,0,0,0,0,0,0,0,0,0,0,0,0,1,0,0,0,0,0,0,0,1,0,0,0,1,0,1,1,0,0,0,0,0,0,0,0,0,0,0,0,0,0,0,0,0,0,1,0,0,0,0,0,0,0,0,0,0,1,0,0,1,0,0,0,0,0,0,0,0,0,0,1,0,0,0,0,0,0,0,1,0,0,0,0,0,0,0,0,2,0,0,0,0,0,0,0,0,0,0,0,0,0,0,0,0,0,0,0,0,0,0,0,0,0,0,0,0,0,0,0,0,0,0,1,0,0,0,0,0,0,0,0,0,0,0,0,0,0,0,0,0,0,0,0,0,0,0,0,0,0,0,0,0,0,0,0,0,0,0,0,0,0,0,0,0,0,0,0,0,0,0,0,0,0,0,0,0,0,0,0,0,0,0,0,0,0,0,0,0,0,0,0,0,0,0,0,0
9.05,0,0,0,0,0,0,0,0,0,0,0,0,0,0,0,0,0,0,0,0,0,0,0,0,0,0,0,0,0,0,0,0,0,0,0,0,0,0,0,0,0,0,0,0,0,0,0,0,0,0,0,0,0,0,0,0,0,0,0,0,0,0,0,0,0,0,0,0,0,0,0,0,0,0,0,0,0,0,0,0,0,0,0,0,0,0,0,0,0,0,0,0,0,0,0,0,0,0,0,0,0,0,0,0,0,0,0,0,0,0,0,0,0,0,0,0,0,0,1,0,0,0,1,0,0,0,1,0,0,0,1,0,1,0,0,0,0,0,0,0,0,0,0,0,0,0,0,0,0,0,0,1,0,0,0,0,0,0,0,0,0,0,0,2,0,0,0,0,0,0,0,0,0,0,1,0,0,0,0,0,0,0,1,0,0,0,0,0,0,0,0,1,1,0,0,0,0,0,0,0,0,0,0,0,0,0,0,0,0,0,0,0,0,0,0,0,0,0,0,0,0,0,0,0,0,0,1,0,0,0,0,0,0,0,0,0,0,0,0,0,0,0,0,0,0,0,0,0,0,0,0,0,0,0,0,0,0,0,0,0,0,0,0,0,0,0,0,0,0,0,0,0,0,0,0,0,0,0,0,0,0,0,0,0,0,0,0,0,0,0,0,0,0,0,0,0,0,0,0,0
9.15,0,0,0,0,0,0,0,0,0,0,0,0,0,0,0,0,0,0,0,0,0,0,0,0,0,0,0,0,0,0,0,0,0,0,0,0,0,0,0,0,0,0,0,0,0,0,0,0,0,0,0,0,0,0,0,0,0,0,0,0,0,0,0,0,0,0,0,0,0,0,0,0,0,0,0,0,0,0,0,0,0,0,0,0,0,0,0,0,0,0,0,0,0,0,0,0,0,0,0,0,0,0,0,0,0,0,0,0,0,0,0,0,0,0,0,0,0,0,0,0,0,0,2,0,0,0,0,0,0,0,0,0,0,1,0,0,0,0,0,0,1,0,0,0,0,0,0,0,0,0,0,0,0,0,0,0,1,0,0,0,0,0,0,2,0,0,0,0,0,0,0,0,0,0,1,0,0,0,0,0,0,0,1,0,0,0,0,0,0,0,0,1,1,0,0,0,0,0,0,0,0,0,0,0,0,0,0,0,0,0,0,0,0,0,0,0,0,0,0,0,0,0,0,0,0,0,1,0,0,0,0,0,0,0,0,0,0,0,0,0,0,0,0,0,0,0,0,0,0,0,0,0,0,0,0,0,0,0,0,0,0,0,0,0,0,0,0,0,0,0,0,0,0,0,0,0,0,0,0,0,0,0,0,0,0,0,0,0,0,0,0,0,0,0,0,0,0,0,0,0
9.25,0,0,0,0,0,0,0,0,0,0,0,0,0,0,0,0,0,0,0,0,0,0,0,0,0,0,0,0,0,0,0,0,0,0,0,0,0,0,0,0,0,0,0,0,0,0,0,0,0,0,0,0,0,0,0,0,0,0,0,0,0,0,0,0,0,0,0,0,0,0,0,0,0,0,0,0,0,0,0,0,0,0,0,0,0,0,0,0,0,0,0,0,0,0,0,0,0,0,0,0,0,0,0,0,0,0,0,0,0,0,0,0,0,0,0,0,0,0,0,0,0,0,0,1,0,0,0,0,0,0,0,0,0,0,0,0,0,0,0,1,0,0,0,0,0,0,1,0,0,0,1,1,0,1,0,0,0,0,1,0,0,0,0,3,0,0,0,0,0,0,0,0,0,0,1,0,0,0,0,0,0,0,1,0,0,0,0,0,0,0,0,1,1,0,0,0,0,0,0,0,0,0,0,0,0,0,0,0,0,0,0,0,0,0,0,0,0,0,0,0,0,0,0,0,0,0,1,0,0,0,0,0,0,0,0,0,0,0,0,0,0,0,0,0,0,0,0,0,0,0,0,0,0,0,0,0,0,0,0,0,0,0,0,0,0,0,0,0,0,0,0,0,0,0,0,0,0,0,0,0,0,0,0,0,0,0,0,0,0,0,0,0,0,0,0,0,0,0,0,0
9.35,0,0,0,0,0,0,0,0,0,0,0,0,0,0,0,0,0,0,0,0,0,0,0,0,0,0,0,0,0,0,0,0,0,0,0,0,0,0,0,0,0,0,0,0,0,0,0,0,0,0,0,0,0,0,0,0,0,0,0,0,0,0,0,0,0,0,0,0,0,0,0,0,0,0,0,0,0,0,0,0,0,0,0,0,0,0,0,0,0,0,0,0,0,0,0,0,0,0,0,0,0,0,0,0,0,0,0,0,0,0,0,0,0,1,0,0,0,0,0,0,0,0,1,2,0,1,0,0,0,1,1,0,3,0,0,2,0,0,0,1,1,0,0,0,0,0,2,0,0,0,1,0,0,0,1,0,0,0,0,0,1,0,0,3,0,1,1,0,0,0,0,0,0,0,1,0,0,0,0,0,0,0,0,1,0,0,0,0,0,0,0,1,1,0,0,0,0,0,0,0,0,0,0,0,0,0,0,0,0,0,0,0,0,0,0,0,0,0,0,0,0,0,0,0,0,0,1,0,0,0,0,0,0,0,0,0,0,0,0,0,0,0,0,0,0,0,0,0,0,0,0,0,0,0,0,0,0,0,0,0,0,0,0,0,0,0,0,0,0,0,0,0,0,0,0,0,0,0,0,0,0,0,0,0,0,0,0,0,0,0,0,0,0,0,0,0,0,0,0,0
9.45,0,0,0,0,0,0,0,0,0,0,0,0,0,0,0,0,0,0,0,0,0,0,0,0,0,0,0,0,0,0,0,0,0,0,0,0,0,0,0,0,0,0,0,0,0,0,0,0,0,0,0,0,0,0,0,0,0,0,0,0,0,0,0,0,0,0,0,0,0,0,0,0,0,0,0,0,0,0,0,0,0,0,0,0,0,0,0,0,0,0,0,0,0,0,0,0,0,0,0,0,0,0,0,0,0,0,0,0,0,0,0,0,0,0,0,0,0,0,0,0,1,0,0,1,1,0,0,1,0,1,1,4,0,1,0,0,1,0,0,1,0,0,2,1,1,0,1,0,0,1,0,1,0,0,2,0,0,0,0,0,0,0,0,2,0,0,2,0,1,0,0,1,0,0,1,0,0,0,0,0,0,0,0,1,0,0,0,0,0,0,0,1,1,0,0,0,0,0,0,0,0,0,0,0,0,0,0,0,0,0,0,0,0,0,0,0,0,0,0,0,0,0,0,0,0,0,1,0,0,0,0,0,0,0,0,0,0,0,0,0,0,0,0,0,0,0,0,0,0,0,0,0,0,0,0,0,0,0,0,0,0,0,0,0,0,0,0,0,0,0,0,0,0,0,0,0,0,0,0,0,0,0,0,0,0,0,0,0,0,0,0,0,0,0,0,0,0,0,0,0
9.55,0,0,0,0,0,0,0,0,0,0,0,0,0,0,0,0,0,0,0,0,0,0,0,0,0,0,0,0,0,0,0,0,0,0,0,0,0,0,0,0,0,0,0,0,0,0,0,0,0,0,0,0,0,0,0,0,0,0,0,0,0,0,0,0,0,0,0,0,0,0,0,0,0,0,0,0,0,0,0,0,0,0,0,0,0,0,0,0,1,0,0,0,0,0,0,0,0,0,0,0,0,0,0,0,0,0,2,0,0,0,0,0,0,0,0,1,1,0,0,1,1,1,1,1,2,2,0,1,0,2,4,2,1,2,1,1,1,0,3,1,0,0,1,0,0,1,1,0,0,2,1,2,0,0,1,0,0,0,1,0,1,0,0,2,0,0,0,1,1,0,0,0,0,0,2,0,0,1,0,0,0,0,0,1,0,0,0,0,0,0,0,1,1,0,0,0,0,0,0,0,0,0,0,0,0,0,0,0,0,0,0,0,0,0,0,0,0,0,0,0,0,0,0,0,0,0,1,0,0,0,0,0,0,0,0,0,0,0,0,0,0,0,0,0,0,0,0,0,0,0,0,0,0,0,0,0,0,0,0,0,0,0,0,0,0,0,0,0,0,0,0,0,0,0,0,0,0,0,0,0,0,0,0,0,0,0,0,0,0,0,0,0,0,0,0,0,0,0,0,0
9.65,0,0,0,0,0,0,0,0,0,0,0,0,0,0,0,0,0,0,0,0,0,0,0,0,0,0,0,0,0,0,0,0,0,0,0,0,0,0,0,0,0,0,0,0,0,0,0,0,0,0,0,0,0,0,0,0,0,0,0,0,0,0,0,0,0,0,0,0,0,0,0,0,0,0,0,0,0,0,0,0,0,0,0,0,0,0,0,0,0,0,0,0,0,0,0,0,0,0,0,0,0,0,0,0,0,0,0,0,0,0,0,0,0,0,0,0,0,2,0,0,1,1,2,3,1,1,0,0,2,1,1,1,2,0,1,3,3,4,1,1,0,1,1,2,0,1,1,0,0,0,1,1,2,0,0,2,0,0,0,1,1,0,0,2,1,0,0,0,1,0,2,0,0,0,1,0,0,1,0,0,0,0,1,1,0,0,0,0,0,0,0,1,1,0,0,0,0,0,0,0,0,0,0,0,0,0,0,0,0,0,0,0,0,0,0,0,0,0,0,0,0,0,0,0,0,0,1,0,0,0,0,0,0,0,0,0,0,0,0,0,0,0,0,0,0,0,0,0,0,0,0,0,0,0,0,0,0,0,0,0,0,0,0,0,0,0,0,0,0,0,0,0,0,0,0,0,0,0,0,0,0,0,0,0,0,0,0,0,0,0,0,0,0,0,0,0,0,0,0,0
9.75,0,0,0,0,0,0,0,0,0,0,0,0,0,0,0,0,0,0,0,0,0,0,0,0,0,0,0,0,0,0,0,0,0,0,0,0,0,0,0,0,0,0,0,0,0,0,0,0,0,0,0,0,0,0,0,0,0,0,0,0,0,0,0,0,0,0,0,0,0,0,0,0,0,0,0,0,0,0,0,0,0,0,0,0,0,0,0,0,0,0,0,0,0,0,0,0,0,0,0,0,0,0,0,1,0,0,0,0,0,0,0,0,0,0,1,0,0,0,3,0,0,0,1,0,3,4,2,3,5,0,2,1,1,1,2,1,1,2,4,2,0,0,0,0,1,1,0,1,1,0,1,3,0,0,1,3,0,0,3,1,0,0,0,2,0,0,2,0,1,1,0,0,1,0,1,0,1,0,0,0,1,0,0,0,1,0,1,0,0,0,0,1,1,0,0,0,0,0,0,0,0,0,0,0,0,0,0,0,0,0,0,0,0,0,0,0,0,0,0,0,0,0,0,0,0,0,1,0,0,0,0,0,0,0,0,0,0,0,0,0,0,0,0,0,0,0,0,0,0,0,0,0,0,0,0,0,0,0,0,0,0,0,0,0,0,0,0,0,0,0,0,0,0,0,0,0,0,0,0,0,0,0,0,0,0,0,0,0,0,0,0,0,0,0,0,0,0,0,0,0
9.85,0,0,0,0,0,0,0,0,0,0,0,0,0,0,0,0,0,0,0,0,0,0,0,0,0,0,0,0,0,0,0,0,0,0,0,0,0,0,0,0,0,0,0,0,0,0,0,0,0,0,0,0,0,0,0,0,0,0,0,0,0,0,0,0,0,0,0,0,0,0,0,0,0,0,0,0,0,0,0,0,0,0,0,0,0,0,0,0,0,0,0,0,0,0,0,0,0,0,1,0,0,0,0,0,0,0,0,0,0,0,0,0,0,1,0,0,0,0,1,1,0,0,0,1,4,3,2,1,1,0,2,1,2,2,1,3,0,1,2,1,1,0,0,0,1,2,0,2,0,0,2,0,1,1,1,3,1,1,1,0,0,2,0,5,0,0,0,1,0,1,2,1,0,0,1,0,0,1,0,0,0,1,1,0,1,0,0,0,0,1,0,1,1,0,0,0,0,0,0,0,0,0,0,0,0,0,0,0,0,0,0,0,0,0,0,0,0,0,0,0,0,0,0,0,0,0,1,0,0,0,0,0,0,0,0,0,0,0,0,0,0,0,0,0,0,0,0,0,0,0,0,0,0,0,0,0,0,0,0,0,0,0,0,0,0,0,0,0,0,0,0,0,0,0,0,0,0,0,0,0,0,0,0,0,0,0,0,0,0,0,0,0,0,0,0,0,0,0,0,0
9.95,0,0,0,0,0,0,0,0,0,0,0,0,0,0,0,0,0,0,0,0,0,0,0,0,0,0,0,0,0,0,0,0,0,0,0,0,0,0,0,0,0,0,0,0,0,0,0,0,0,0,0,0,0,0,0,0,0,0,0,0,0,0,0,0,0,0,0,0,0,0,0,0,0,0,0,0,0,0,0,0,0,0,0,0,0,0,0,0,0,0,0,0,0,0,1,0,0,0,0,0,0,0,0,0,0,0,0,0,0,0,0,0,0,0,0,0,0,0,0,2,1,0,0,1,3,2,3,5,3,0,3,0,2,3,2,0,1,2,2,2,2,1,3,0,0,1,0,1,1,0,2,2,0,0,1,2,2,1,0,1,1,0,1,1,4,0,1,1,1,0,0,2,1,1,1,0,1,0,0,1,0,3,0,0,3,0,0,0,0,0,0,1,2,0,0,0,0,0,0,0,0,0,0,0,0,0,0,0,0,0,0,0,0,0,0,0,0,0,0,0,0,0,0,0,0,0,1,0,0,0,0,0,0,0,0,0,0,0,0,0,0,0,0,0,0,0,0,0,0,0,0,0,0,0,0,0,0,0,0,0,0,0,0,0,0,0,0,0,0,0,0,0,0,0,0,0,0,0,0,0,0,0,0,0,0,0,0,0,0,0,0,0,0,0,0,0,0,0,0,0
10.05,0,0,0,0,0,0,0,0,0,0,0,0,0,0,0,0,0,0,0,0,0,0,0,0,0,0,0,0,0,0,0,0,0,0,0,0,0,0,0,0,0,0,0,0,0,0,0,0,0,0,0,0,0,0,0,0,0,0,0,0,0,0,0,0,0,0,0,0,0,0,0,0,0,0,0,0,0,0,0,0,0,0,0,0,0,1,0,0,0,0,0,0,0,0,0,0,0,0,0,0,0,0,0,0,0,0,0,0,0,0,0,1,1,0,0,0,0,1,0,2,3,2,3,2,4,3,2,4,0,3,2,4,5,2,1,1,1,3,4,1,2,1,2,1,0,3,1,0,0,1,5,1,1,0,1,0,2,1,0,0,1,0,2,0,2,2,1,0,1,3,0,1,1,1,2,0,0,1,0,0,1,0,0,1,3,3,0,0,0,1,0,1,1,1,0,0,0,0,0,0,0,0,0,0,0,0,0,0,0,0,0,0,0,0,0,0,0,0,0,0,0,0,0,0,0,0,1,0,0,0,0,0,0,0,0,0,0,0,0,0,0,0,0,0,0,0,0,0,0,0,0,0,0,0,0,0,0,0,0,0,0,0,0,0,0,0,0,0,0,0,0,0,0,0,0,0,0,0,0,0,0,0,0,0,0,0,0,0,0,0,0,0,0,0,0,0,0,0,0,0
10.15,0,0,0,0,0,0,0,0,0,0,0,0,0,0,0,0,0,0,0,0,0,0,0,0,0,0,0,0,0,0,0,0,0,0,0,0,0,0,0,0,0,0,0,0,0,0,0,0,0,0,0,0,0,0,0,0,0,0,0,0,0,0,0,0,0,0,0,0,0,1,0,0,0,0,0,0,0,0,0,0,0,0,0,0,0,0,0,0,0,0,0,0,0,0,0,0,1,1,0,0,0,0,1,0,0,0,1,0,1,0,0,0,0,0,0,1,0,2,1,1,2,3,2,3,7,4,4,2,1,8,2,0,3,3,4,0,3,3,2,3,1,4,0,2,2,2,1,2,2,1,1,1,1,1,2,0,4,1,1,0,1,0,0,0,2,1,3,1,1,1,3,1,1,1,2,0,0,1,0,0,1,0,0,2,3,3,0,0,0,1,0,1,1,1,0,0,0,0,0,0,0,0,0,0,0,0,0,0,0,0,0,0,0,0,0,0,0,0,0,0,0,0,0,0,0,0,1,0,0,0,0,0,0,0,0,0,0,0,0,0,0,0,0,0,0,0,0,0,0,0,0,0,0,0,0,0,0,0,0,0,0,0,0,0,0,0,0,0,0,0,0,0,0,0,0,0,0,0,0,0,0,0,0,0,0,0,0,0,0,0,0,0,0,0,0,0,0,0,0,0
10.25,0,0,0,0,0,0,0,0,0,0,0,0,0,0,0,0,0,0,0,0,0,0,0,0,0,0,0,0,0,0,0,0,0,0,0,0,0,0,0,0,0,0,0,0,0,0,0,0,0,0,0,0,0,0,0,0,0,0,0,0,0,0,0,0,0,0,0,0,0,0,1,0,0,0,0,0,0,0,0,0,0,0,0,0,0,0,0,0,0,0,0,0,0,0,0,0,0,0,0,0,0,0,0,0,0,1,0,0,0,1,0,0,1,0,0,1,1,0,1,1,4,2,2,2,5,8,5,2,3,1,3,2,0,3,4,4,3,0,3,2,4,3,2,2,2,3,1,2,1,0,1,0,0,1,1,0,3,1,1,0,1,1,0,0,3,1,0,0,2,3,1,3,2,1,2,1,0,2,0,0,2,0,0,1,3,3,0,0,0,1,1,1,1,1,0,0,0,0,0,0,0,0,0,0,0,0,0,0,0,0,0,0,0,0,0,0,0,0,0,0,0,0,0,0,0,0,1,0,0,0,0,0,0,0,0,0,0,0,0,0,0,0,0,0,0,0,0,0,0,0,0,0,0,0,0,0,0,0,0,0,0,0,0,0,0,0,0,0,0,0,0,0,0,0,0,0,0,0,0,0,0,0,0,0,0,0,0,0,0,0,0,0,0,0,0,0,0,0,0,0
10.35,0,0,0,0,0,0,0,0,0,0,0,0,0,0,0,0,0,0,0,0,0,0,0,0,0,0,0,0,0,0,0,0,0,0,0,0,0,0,0,0,0,0,0,0,0,0,0,0,0,0,0,0,0,0,0,0,0,0,0,0,0,0,0,0,0,0,0,0,0,0,0,0,0,0,0,0,0,0,0,0,0,0,0,0,0,0,0,0,0,0,0,0,0,0,0,0,0,0,0,1,0,0,0,0,0,0,1,1,0,1,0,0,0,0,1,0,3,0,2,2,1,1,1,6,4,6,4,5,2,1,5,1,6,3,4,2,1,1,2,2,1,5,1,1,3,3,3,0,2,1,5,0,0,0,3,1,1,0,0,0,1,1,0,0,2,2,0,0,0,2,3,1,2,3,3,1,1,1,0,2,1,0,0,1,3,3,1,0,0,1,0,1,1,1,0,1,0,0,0,0,0,0,0,0,0,0,0,0,0,0,0,0,0,0,0,0,0,0,0,0,0,0,0,0,0,0,1,0,0,0,0,0,0,0,0,0,0,0,0,0,0,0,0,0,0,0,0,0,0,0,0,0,0,0,0,0,0,0,0,0,0,0,0,0,0,0,0,0,0,0,0,0,0,0,0,0,0,0,0,0,0,0,0,0,0,0,0,0,0,0,0,0,0,0,0,0,0,0,0,0
10.45,0,0,0,0,0,0,0,0,0,0,0,0,0,0,0,0,0,0,0,0,0,0,0,0,0,0,0,0,0,0,0,0,0,0,0,0,0,0,0,0,0,0,0,0,0,0,0,0,0,0,0,0,0,0,0,0,0,0,0,0,0,0,0,0,0,0,0,0,0,0,0,0,0,0,0,0,0,0,0,0,0,0,0,0,0,0,0,0,0,0,0,0,0,0,0,0,0,0,1,0,0,0,0,0,0,0,0,0,0,1,1,0,0,1,0,1,0,2,0,0,1,1,0,1,7,4,6,5,3,6,4,5,2,3,2,1,4,3,3,3,1,4,3,1,1,2,1,2,4,1,2,1,1,1,1,1,2,0,0,1,0,1,0,1,2,1,0,1,0,2,1,2,3,2,1,0,2,1,2,1,2,1,0,1,3,4,0,0,0,1,0,2,1,1,0,0,0,0,0,1,0,0,0,0,0,0,0,0,0,0,0,0,0,0,0,0,0,0,0,0,0,0,0,0,0,0,1,0,0,0,0,0,0,0,0,0,0,0,0,0,0,0,0,0,0,0,0,0,0,0,0,0,0,0,0,0,0,0,0,0,0,0,0,0,0,0,0,0,0,0,0,0,0,0,0,0,0,0,0,0,0,0,0,0,0,0,0,0,0,0,0,0,0,0,0,0,0,0,0,0
10.55,0,0,0,0,0,0,0,0,0,0,0,0,0,0,0,0,0,0,0,0,0,0,0,0,0,0,0,0,0,0,0,0,0,0,0,0,0,0,0,0,0,0,0,0,0,0,0,0,0,0,0,0,0,0,0,1,0,0,0,0,0,0,0,0,0,0,0,0,0,0,0,0,0,0,0,0,0,0,0,0,0,0,0,0,0,0,0,1,0,0,0,0,0,0,0,0,0,0,0,0,0,0,0,1,0,0,1,0,0,0,0,0,0,0,1,1,0,2,0,3,1,1,2,1,6,4,7,1,6,2,3,2,4,2,1,2,1,3,4,4,4,3,2,3,1,2,1,3,4,2,8,2,3,2,1,1,2,2,1,0,0,1,2,1,0,1,0,0,0,2,1,3,3,4,1,0,0,2,0,0,2,1,1,4,3,3,0,0,0,1,0,1,3,1,1,0,0,0,0,0,0,0,1,0,0,0,0,0,0,0,0,0,0,0,0,0,0,0,0,0,0,0,0,0,0,0,1,0,0,0,0,0,0,0,0,0,0,0,0,0,0,0,0,0,0,0,0,0,0,0,0,0,0,0,0,0,0,0,0,0,0,0,0,0,0,0,0,0,0,0,0,0,0,0,0,0,0,0,0,0,0,0,0,0,0,0,0,0,0,0,0,0,0,0,0,0,0,0,0,0
10.65,0,0,0,0,0,0,0,0,0,0,0,0,0,0,0,0,0,0,0,0,0,0,0,0,0,0,0,0,0,0,0,0,0,0,0,0,0,0,0,0,0,0,0,0,0,0,0,0,0,0,0,0,0,0,0,0,0,0,0,0,0,0,0,0,0,0,0,0,0,0,0,0,0,0,0,0,0,0,0,0,1,0,0,0,0,0,0,0,0,1,0,0,0,0,0,0,0,0,0,0,0,0,0,0,0,0,0,0,0,0,1,0,0,0,1,4,0,0,0,1,2,4,5,5,6,2,3,3,2,5,4,9,3,2,10,1,3,3,2,3,2,1,3,4,3,4,0,3,4,1,5,4,2,3,2,0,3,3,1,1,2,0,1,1,0,2,0,0,3,0,1,0,2,1,6,5,0,1,0,1,1,0,1,1,5,4,2,0,0,1,1,1,1,1,0,0,1,1,0,0,1,0,0,0,1,0,0,0,0,0,0,0,0,0,0,0,0,0,0,0,0,0,0,0,0,0,1,0,0,0,0,0,0,0,0,0,0,0,0,0,0,0,0,0,0,0,0,0,0,0,0,0,0,0,0,0,0,0,0,0,0,0,0,0,0,0,0,0,0,0,0,0,0,0,0,0,0,0,0,0,0,0,0,0,0,0,0,0,0,0,0,0,0,0,0,0,0,0,0,0
10.75,0,0,0,0,0,0,0,0,0,0,0,0,0,0,0,0,0,0,0,0,0,0,0,0,0,0,0,0,0,0,0,0,0,0,0,0,0,0,0,0,0,0,0,0,0,0,0,0,0,0,0,0,0,0,0,0,0,0,0,0,0,0,0,0,0,0,0,0,0,0,0,0,0,0,0,1,0,0,0,0,0,0,0,0,0,0,0,0,0,0,0,0,0,0,0,0,0,1,0,1,0,0,0,0,0,0,0,0,2,0,1,0,2,0,0,0,0,1,2,1,2,1,3,10,1,0,2,5,5,2,5,4,4,4,5,6,7,7,3,5,0,2,0,2,3,3,2,6,2,5,4,2,4,3,1,5,2,2,2,1,1,2,2,1,0,1,1,2,2,1,3,1,3,1,2,4,2,2,0,0,3,0,0,1,5,3,1,1,3,1,0,1,1,1,0,0,0,0,0,2,0,0,0,0,0,1,0,0,0,0,0,0,0,0,0,0,0,0,0,0,0,0,0,0,0,0,1,0,0,0,0,0,0,0,0,0,0,0,0,0,0,0,0,0,0,0,0,0,0,0,0,0,0,0,0,0,0,0,0,0,0,0,0,0,0,0,0,0,0,0,0,0,0,0,0,0,0,0,0,0,0,0,0,0,0,0,0,0,0,0,0,0,0,0,0,0,0,0,0,0
10.85,0,0,0,0,0,0,0,0,0,0,0,0,0,0,0,0,0,0,0,0,0,0,0,0,0,0,0,0,0,0,0,0,0,0,0,0,0,0,0,0,0,0,0,0,0,0,0,0,0,0,0,0,0,0,0,0,0,0,0,0,0,0,0,0,0,0,0,0,0,0,0,0,0,0,0,0,0,0,0,0,0,0,0,0,1,0,0,0,0,0,0,0,0,0,0,0,0,0,0,1,0,1,0,1,0,0,0,0,0,0,1,1,0,0,0,0,0,1,1,4,3,1,1,1,1,5,1,7,4,1,7,8,3,6,8,7,2,11,6,2,1,1,1,5,1,3,5,1,3,3,0,5,3,1,4,4,2,1,4,0,2,0,3,2,1,0,1,1,2,3,0,1,2,0,2,3,5,3,5,0,2,2,2,0,4,3,1,2,0,3,3,1,1,1,0,0,0,0,0,0,0,1,0,0,0,1,0,0,0,1,0,0,0,0,0,0,0,0,0,0,0,0,0,0,0,0,1,0,0,0,0,0,0,0,0,0,0,0,0,0,0,0,0,0,0,0,0,0,0,0,0,0,0,0,0,0,0,0,0,0,0,0,0,0,0,0,0,0,0,0,0,0,0,0,0,0,0,0,0,0,0,0,0,0,0,0,0,0,0,0,0,0,0,0,0,0,0,0,0,0
10.95,0,0,0,0,0,0,0,0,0,0,0,0,0,0,0,0,0,0,0,0,0,0,0,0,0,0,0,0,0,0,0,0,0,0,0,0,0,0,0,0,0,0,0,0,0,0,0,0,0,0,0,0,0,0,0,0,0,0,0,0,0,1,0,0,0,0,0,0,0,0,0,0,0,0,0,0,0,0,0,0,0,0,0,0,0,0,0,0,0,0,0,0,0,0,0,1,0,0,0,0,0,0,0,0,0,0,0,1,0,0,0,0,1,0,0,1,2,1,1,4,0,3,3,4,5,4,3,3,3,7,4,4,5,5,8,2,3,3,6,3,1,2,0,2,5,6,6,1,0,1,4,3,4,1,3,1,8,0,3,0,3,1,1,0,4,3,2,2,2,0,2,1,5,1,0,3,4,3,4,1,3,1,3,2,6,3,0,1,2,3,1,3,4,2,0,1,0,0,1,0,0,0,1,1,0,0,0,0,0,1,0,0,1,0,0,0,1,0,0,0,0,0,0,0,0,0,1,0,0,0,0,0,0,0,0,0,0,0,0,0,0,0,0,0,0,0,0,0,0,0,0,0,0,0,0,0,0,0,0,0,0,0,0,0,0,0,0,0,0,0,0,0,0,0,0,0,0,0,0,0,0,0,0,0,0,0,0,0,0,0,0,0,0,0,0,0,0,0,0,0
11.05,0,0,0,0,0,0,0,0,0,0,0,0,0,0,0,0,0,0,0,0,0,0,0,0,0,0,0,0,0,0,0,0,0,0,0,0,0,0,0,0,0,0,0,0,0,0,0,0,0,0,0,0,0,0,0,0,0,0,0,0,0,0,0,0,0,0,0,0,0,0,0,0,0,0,0,0,0,0,0,0,0,0,0,0,0,0,0,0,1,0,0,0,1,0,0,0,0,0,0,0,0,0,0,0,0,0,0,0,0,0,1,0,1,0,0,0,1,5,1,1,1,1,0,2,3,9,6,7,6,10,5,5,5,5,7,7,3,3,5,4,4,2,0,8,2,6,3,1,2,2,5,4,3,2,2,0,7,1,2,1,1,2,1,1,1,2,1,2,1,2,1,2,3,3,3,4,4,6,1,1,3,1,0,4,6,3,1,0,1,2,2,2,7,4,1,0,0,0,0,2,0,0,0,1,1,0,1,0,0,0,0,1,0,1,0,0,0,0,0,0,0,0,0,1,0,0,1,0,0,0,0,0,0,0,0,0,0,0,0,0,0,0,0,0,0,0,0,0,0,0,0,0,0,0,0,0,0,0,0,0,0,0,0,0,0,0,0,0,0,0,0,0,0,0,0,0,0,0,0,0,0,0,0,0,0,0,0,0,0,0,0,0,0,0,0,0,0,0,0,0
11.15,0,0,0,0,0,0,0,0,0,0,0,0,0,0,0,0,0,0,0,0,0,0,0,0,0,0,0,0,0,0,0,0,0,0,0,0,0,0,0,0,0,0,0,0,0,0,0,0,0,0,0,0,0,0,0,0,0,0,0,0,0,0,0,0,0,0,0,0,0,0,0,0,0,0,0,0,0,0,0,0,0,0,0,0,0,0,1,0,0,0,0,0,0,0,0,0,0,0,0,0,0,0,0,0,0,0,0,0,2,2,0,0,2,2,0,1,0,4,2,2,1,5,3,5,5,2,8,4,4,7,6,6,7,4,6,6,3,4,2,3,3,4,2,5,4,10,5,3,1,3,3,2,4,3,3,1,6,1,2,1,2,2,2,1,1,0,6,2,2,2,1,2,3,2,3,5,4,6,1,2,3,2,0,4,5,3,1,0,1,2,2,2,7,4,1,0,0,0,0,2,0,0,0,1,1,0,1,0,0,0,0,1,0,1,0,0,0,0,0,0,0,0,0,1,0,0,1,0,0,0,0,0,0,0,0,0,0,0,0,0,0,0,0,0,0,0,0,0,0,0,0,0,0,0,0,0,0,0,0,0,0,0,0,0,0,0,0,0,0,0,0,0,0,0,0,0,0,0,0,0,0,0,0,0,0,0,0,0,0,0,0,0,0,0,0,0,0,0,0,0
11.25,0,0,0,0,0,0,0,0,0,0,0,0,0,0,0,0,0,0,0,0,0,0,0,0,0,0,0,0,0,0,0,0,0,0,0,0,0,0,0,0,0,0,0,0,0,0,0,0,0,0,0,0,0,0,0,0,0,0,0,0,0,0,0,0,0,0,0,0,0,0,0,0,0,0,0,0,0,0,0,0,0,0,0,0,0,0,0,0,1,0,0,0,0,0,0,0,0,0,0,0,1,0,0,1,0,0,0,1,0,3,1,0,1,0,0,0,0,1,5,5,2,4,7,4,5,5,7,2,3,5,9,8,4,6,9,3,5,7,2,3,6,7,4,6,4,8,3,2,2,4,4,3,5,5,3,1,5,3,1,2,1,3,2,2,2,2,1,2,2,4,2,4,3,2,3,3,5,7,1,3,3,1,0,4,5,3,3,0,1,1,3,2,7,4,1,0,0,0,0,2,0,0,0,1,1,0,1,0,0,0,0,1,0,1,0,0,0,0,0,0,0,0,0,1,0,0,1,0,0,0,0,0,0,0,0,0,0,0,0,0,0,0,0,0,0,0,0,0,0,0,0,0,0,0,0,0,0,0,0,0,0,0,0,0,0,0,0,0,0,0,0,0,0,0,0,0,0,0,0,0,0,0,0,0,0,0,0,0,0,0,0,0,0,0,0,0,0,0,0,0
11.35,0,0,0,0,0,0,0,0,0,0,0,0,0,0,0,0,0,0,0,0,0,0,0,0,0,0,0,0,0,0,0,0,0,0,0,0,0,0,0,0,0,0,0,0,0,0,0,0,0,0,0,0,0,0,0,0,0,0,0,0,0,1,0,0,0,0,0,0,0,0,0,0,0,0,1,0,1,0,0,0,0,0,0,0,0,0,0,0,0,0,0,0,0,0,0,0,0,0,0,0,0,0,0,0,0,0,0,0,1,1,1,0,1,0,1,0,1,1,2,7,4,6,7,4,3,7,7,3,5,10,6,6,5,6,4,9,1,9,6,11,8,7,6,2,2,5,3,3,1,2,4,5,4,4,3,2,5,2,4,2,3,1,4,2,2,1,1,2,3,1,2,6,4,4,3,4,3,5,3,2,4,2,0,4,5,3,2,0,1,2,3,2,7,4,1,1,0,0,0,2,0,0,0,1,1,0,1,0,0,0,0,1,0,1,0,0,0,0,0,0,0,0,0,1,0,0,1,0,0,0,0,0,0,0,0,0,0,0,0,0,0,0,0,0,0,0,0,0,0,0,0,0,0,0,0,0,0,0,0,0,0,0,0,0,0,0,0,0,0,0,0,0,0,0,0,0,0,0,0,0,0,0,0,0,0,0,0,0,0,0,0,0,0,0,0,0,0,0,0,0
11.45,0,0,0,0,0,0,0,0,0,0,0,0,0,0,0,0,0,0,0,0,0,0,0,0,0,0,0,0,0,0,0,0,0,0,0,0,0,0,0,0,0,0,0,0,0,0,0,0,0,0,0,0,0,0,0,0,0,0,0,0,0,0,0,0,0,0,0,0,0,0,0,0,0,0,0,0,0,0,0,0,0,0,1,0,0,0,0,0,0,0,0,0,0,0,1,0,1,0,0,0,1,0,1,0,0,0,1,0,0,0,0,0,1,0,2,0,2,4,3,7,6,8,11,6,5,15,6,6,5,9,5,10,8,4,2,6,2,8,9,11,7,11,4,7,6,8,5,5,7,8,3,3,4,2,2,4,8,2,4,3,4,4,2,7,2,1,3,1,1,3,2,3,6,3,3,5,3,5,3,3,6,1,2,4,3,3,0,2,2,1,2,4,8,4,0,0,0,0,0,1,1,0,0,1,1,0,1,0,0,0,0,1,0,1,0,0,0,0,0,0,0,0,0,1,0,0,1,0,0,0,0,0,0,0,0,0,0,0,0,0,0,0,0,0,0,0,0,0,0,0,0,0,0,0,0,0,0,0,0,0,0,0,0,0,0,0,0,0,0,0,0,0,0,0,0,0,0,0,0,0,0,0,0,0,0,0,0,0,0,0,0,0,0,0,0,0,0,0,0,0
11.55,0,0,0,0,0,0,0,0,0,0,0,0,0,0,0,0,0,0,0,0,0,0,0,0,0,0,0,0,0,0,0,0,0,0,0,0,0,0,0,0,0,0,0,0,0,0,0,0,0,0,0,0,0,0,0,0,0,0,0,0,0,0,0,0,0,0,0,0,0,0,0,0,0,0,0,0,0,0,0,0,0,0,0,0,0,0,0,0,0,0,0,0,0,0,0,0,2,1,0,0,0,0,0,0,2,0,2,0,0,0,0,1,2,2,3,2,1,4,6,9,8,8,10,12,9,10,9,10,11,12,4,9,9,3,4,5,6,7,12,8,12,7,6,5,7,8,7,3,4,7,4,5,10,3,4,4,8,2,5,4,1,4,3,3,1,1,6,3,3,2,0,7,6,3,5,7,3,5,2,4,4,4,0,5,2,4,1,1,2,2,2,4,7,4,1,0,1,0,0,1,0,0,0,1,2,0,1,0,0,0,0,1,0,1,0,0,0,0,0,0,0,0,0,1,0,0,1,0,0,0,0,0,0,0,0,0,0,0,0,0,0,0,0,0,0,0,0,0,0,0,0,0,0,0,0,0,0,0,0,0,0,0,0,0,0,0,0,0,0,0,0,0,0,0,0,0,0,0,0,0,0,0,0,0,0,0,0,0,0,0,0,0,0,0,0,0,0,0,0,0
11.65,0,0,0,0,0,0,0,0,0,0,0,0,0,0,0,0,0,0,0,0,0,0,0,0,0,0,0,0,0,0,0,0,0,0,0,0,0,0,0,0,0,0,0,0,0,0,0,0,0,0,0,0,0,0,0,0,0,0,0,0,0,0,0,0,0,0,0,0,0,0,0,0,0,0,0,0,0,0,0,0,0,0,0,0,0,1,0,0,0,0,0,0,1,0,0,0,1,0,0,0,0,1,0,0,2,1,1,1,0,0,0,1,1,1,1,1,1,1,11,5,9,7,8,8,15,10,10,12,11,11,16,10,10,5,12,7,6,12,10,6,15,12,8,5,5,8,5,5,5,6,9,3,5,6,4,3,7,0,4,3,1,5,3,8,1,1,4,2,3,1,4,4,3,5,5,9,6,6,3,2,4,7,2,4,3,5,0,1,1,2,2,4,8,2,2,1,1,0,0,1,1,0,0,1,2,0,1,1,0,0,0,1,0,1,0,0,0,0,0,0,0,0,0,1,0,0,1,0,0,0,0,0,0,0,0,0,0,0,0,0,0,0,0,0,0,0,0,0,0,0,0,0,0,0,0,0,0,0,0,0,0,0,0,0,0,0,0,0,0,0,0,0,0,0,0,0,0,0,0,0,0,0,0,0,0,0,0,0,0,0,0,0,0,0,0,0,0,0,0,0
11.75,0,0,0,0,0,0,0,0,0,0,0,0,0,0,0,0,0,0,0,0,0,0,0,0,0,0,0,0,0,0,0,0,0,0,0,0,0,0,0,0,0,0,0,0,0,0,0,0,0,0,0,0,0,0,0,0,0,0,0,0,0,0,0,0,0,0,0,0,0,0,0,0,0,0,0,0,0,0,1,1,0,0,0,1,0,0,0,0,0,1,0,0,1,0,0,0,0,0,0,1,1,0,0,0,2,0,1,0,1,1,0,0,1,0,2,1,5,3,6,11,12,12,14,13,9,13,14,15,9,16,20,10,10,7,10,15,14,9,10,16,11,8,7,8,4,9,6,8,10,4,7,11,7,5,5,4,8,6,2,3,2,2,1,8,1,2,3,1,6,6,3,5,4,3,5,6,6,5,6,4,9,2,2,6,5,4,3,1,1,2,3,2,10,2,1,0,2,1,0,2,0,1,1,2,1,0,1,0,0,1,0,1,0,1,0,0,0,0,0,0,0,0,1,1,0,0,1,0,0,0,0,0,0,0,0,0,0,0,0,0,0,0,0,0,0,0,0,0,0,0,0,0,0,0,0,0,0,0,0,0,0,0,0,0,0,0,0,0,0,0,0,0,0,0,0,0,0,0,0,0,0,0,0,0,0,0,0,0,0,0,0,0,0,0,0,0,0,0,0,0
11.85,0,0,0,0,0,0,0,0,0,0,0,0,0,0,0,0,0,0,0,0,0,0,0,0,0,0,0,0,0,0,0,0,0,0,0,0,0,0,0,0,0,0,0,0,0,0,0,0,0,0,0,0,0,0,0,0,0,0,0,0,0,0,0,0,0,0,0,0,0,0,0,0,0,0,0,0,0,1,0,0,0,0,0,0,0,0,0,0,0,0,2,0,0,0,0,0,0,0,0,0,2,1,0,3,2,1,0,1,1,2,0,1,0,0,2,4,3,5,5,8,9,8,20,20,18,12,11,16,12,18,23,14,10,8,20,12,14,7,8,11,10,11,14,6,11,7,3,9,5,5,9,7,8,6,6,5,8,6,2,4,2,5,1,2,1,4,3,6,1,2,3,5,7,3,6,4,6,8,4,4,9,8,5,6,4,5,2,1,3,2,3,5,7,5,1,0,1,1,3,2,0,0,0,1,1,2,1,0,0,0,0,2,0,1,0,0,1,0,0,0,0,0,0,1,0,0,1,0,0,0,1,0,0,0,0,0,0,0,0,0,0,0,0,0,0,0,0,0,0,0,0,0,0,0,0,0,0,0,0,0,0,0,0,0,0,0,0,0,0,0,0,0,0,0,0,0,0,0,0,0,0,0,0,0,0,0,0,0,0,0,0,0,0,0,0,0,0,0,0,0
11.95,0,0,0,0,0,0,0,0,0,0,0,0,0,0,0,0,0,0,0,0,0,0,0,0,0,0,0,0,0,0,0,0,0,0,0,0,0,0,0,0,0,0,0,0,0,0,0,0,0,0,0,0,0,0,0,0,0,0,0,0,0,0,0,0,0,0,0,0,1,0,0,0,0,0,0,0,0,0,0,1,0,1,0,0,0,0,0,1,0,0,0,0,0,0,0,0,0,0,0,0,0,0,1,0,1,1,1,1,1,0,0,1,1,2,3,3,7,12,10,13,9,14,18,18,17,21,10,12,17,18,15,9,14,5,14,15,10,8,11,7,15,9,9,8,6,7,7,6,12,7,9,3,5,7,7,6,10,5,2,5,0,4,4,1,4,4,4,5,2,5,3,4,6,7,2,7,4,4,6,2,4,9,9,9,8,7,3,1,6,3,2,3,9,4,2,1,0,0,1,5,2,0,1,1,1,0,1,0,2,0,0,1,0,2,0,0,0,0,0,0,0,0,0,2,0,0,1,0,0,0,0,0,0,0,0,1,0,0,0,0,0,0,0,0,0,0,0,0,0,0,0,0,0,0,0,0,0,0,0,0,0,0,0,0,0,0,0,0,0,0,0,0,0,0,0,0,0,0,0,0,0,0,0,0,0,0,0,0,0,0,0,0,0,0,0,0,0,0,0,0
12.05,0,0,0,0,0,0,0,0,0,0,0,0,0,0,0,0,0,0,0,0,0,0,0,0,0,0,0,0,0,0,0,0,0,0,0,0,0,0,0,0,0,0,0,0,0,0,0,0,0,0,0,0,0,0,0,0,0,1,0,0,0,0,0,0,0,0,0,0,0,0,0,0,0,0,0,0,1,0,0,0,0,0,0,1,0,0,0,0,0,0,0,0,0,0,0,0,0,0,0,0,0,0,1,0,0,0,0,0,0,2,1,1,0,1,1,5,10,8,7,8,13,13,7,17,17,15,14,6,16,13,16,13,12,17,15,12,13,14,10,6,18,10,14,15,8,9,4,10,8,6,9,7,5,6,6,2,9,5,8,4,3,1,7,1,1,4,10,2,3,3,3,4,7,3,4,6,4,4,4,8,3,6,5,8,12,9,8,5,7,3,3,3,10,7,1,2,0,1,0,2,3,3,0,1,2,0,1,0,0,2,0,1,0,1,1,0,0,0,0,0,0,0,0,1,0,1,1,0,0,0,0,0,0,0,0,0,0,1,0,0,0,0,0,0,0,0,0,0,0,0,0,0,0,0,0,0,0,0,0,0,0,0,0,0,0,0,0,0,0,0,0,0,0,0,0,0,0,0,0,0,0,0,0,0,0,0,0,0,0,0,0,0,0,0,0,0,0,0,0,0
12.15,0,0,0,0,0,0,0,0,0,0,0,0,0,0,0,0,0,0,0,0,0,0,0,0,0,0,0,0,0,0,0,0,0,0,0,0,0,0,0,0,0,0,0,0,0,0,0,0,0,0,0,0,0,0,0,0,0,0,0,0,0,0,0,0,1,0,0,0,0,0,0,0,0,0,0,0,0,0,0,0,0,0,0,0,0,1,0,0,0,0,1,0,0,0,0,0,0,0,1,0,0,0,1,1,1,0,2,1,1,2,2,0,2,0,2,4,4,4,12,9,17,12,10,11,15,17,20,8,10,22,12,13,19,16,18,11,14,20,7,9,23,15,14,7,8,11,6,6,5,9,10,2,9,8,7,7,9,5,6,8,2,3,9,1,3,3,9,5,3,3,3,4,7,5,4,8,5,5,4,9,3,6,4,7,14,9,8,5,7,3,3,3,10,6,1,3,0,1,0,2,2,3,0,1,2,0,1,0,0,2,0,1,0,1,1,0,0,0,0,0,0,0,0,1,0,1,1,0,0,0,0,0,0,0,0,0,0,1,0,0,0,0,0,0,0,0,0,0,0,0,0,0,0,0,0,0,0,0,0,0,0,0,0,0,0,0,0,0,0,0,0,0,0,0,0,0,0,0,0,0,0,0,0,0,0,0,0,0,0,0,0,0,0,0,0,0,0,0,0,0
12.25,0,0,0,0,0,0,0,0,0,0,0,0,0,0,0,0,0,0,0,0,0,0,0,0,0,0,0,0,0,0,0,0,0,0,0,0,0,0,0,0,0,0,0,0,0,0,0,0,0,0,0,0,0,0,0,0,0,0,0,0,0,0,0,0,0,0,0,0,0,1,0,0,0,0,0,0,0,0,0,0,0,1,0,0,0,0,0,0,0,0,0,1,2,2,0,1,1,0,1,1,1,0,1,1,0,2,1,0,2,1,0,1,0,0,0,1,8,5,8,16,11,12,14,12,18,14,22,14,21,18,10,19,14,20,10,15,17,16,10,8,18,12,10,8,11,5,5,9,11,9,7,7,5,13,7,7,12,10,11,8,5,2,7,2,4,3,8,5,6,6,3,6,7,3,3,6,5,6,6,8,5,5,4,8,14,10,10,5,7,4,4,3,11,6,1,2,0,2,0,2,2,3,0,1,2,0,1,0,0,2,0,1,0,1,1,0,0,0,0,0,0,0,0,1,0,1,1,0,0,0,0,0,0,0,0,0,0,1,0,0,0,0,0,0,0,0,0,0,0,0,0,0,0,0,0,0,0,0,0,0,0,0,0,0,0,0,0,0,0,0,0,0,0,0,0,0,0,0,0,0,0,0,0,0,0,0,0,0,0,0,0,0,0,0,0,0,0,0,0,0
12.35,0,0,0,0,0,0,0,0,0,0,0,0,0,0,0,0,0,0,0,0,0,0,0,0,0,0,0,0,0,0,0,0,0,0,0,0,0,0,0,0,0,0,0,0,0,0,0,0,0,0,0,0,0,0,0,0,0,0,0,0,0,1,0,0,1,0,0,0,0,0,0,0,0,0,0,0,0,0,0,0,0,0,1,0,1,0,0,1,0,0,0,0,0,0,1,0,0,0,1,1,0,0,2,0,1,1,0,1,1,3,0,2,0,3,4,2,5,3,8,28,17,14,12,16,11,18,17,15,19,15,8,18,18,23,15,22,17,16,18,8,20,19,16,12,3,7,8,10,10,10,13,3,8,9,12,8,12,6,11,8,6,5,7,4,5,6,8,7,7,4,4,5,11,5,7,7,4,5,5,7,4,5,5,9,13,10,9,5,8,4,4,3,11,6,1,2,1,1,0,3,4,3,0,1,1,0,2,0,0,2,0,1,0,1,1,0,0,0,0,0,0,0,0,1,0,1,1,0,0,0,0,0,0,0,0,0,0,1,0,0,0,0,0,0,0,0,0,0,0,0,0,0,0,0,0,0,0,0,0,0,0,0,0,0,0,0,0,0,0,0,0,0,0,0,0,0,0,0,0,0,0,0,0,0,0,0,0,0,0,0,0,0,0,0,0,0,0,0,0,0
12.45,0,0,0,0,0,0,0,0,0,0,0,0,0,0,0,0,0,0,0,0,0,0,0,0,0,0,0,0,0,0,0,0,0,0,0,0,0,0,0,0,0,0,0,0,0,0,0,0,0,0,0,0,0,0,0,0,0,0,1,0,0,0,1,0,0,0,0,0,0,0,0,0,0,1,1,0,0,0,0,0,0,1,0,1,0,0,0,0,1,0,1,0,1,0,0,1,2,0,0,0,0,1,0,2,0,0,1,3,1,1,2,3,1,2,1,3,6,4,8,21,15,18,21,16,20,19,24,24,10,12,16,22,19,26,22,17,20,23,17,20,19,11,6,14,9,7,13,14,6,12,14,7,13,7,9,10,8,6,9,12,8,3,7,7,10,8,10,6,6,5,4,4,12,4,7,12,6,9,6,7,4,5,3,6,16,11,8,6,6,5,3,2,10,6,2,3,0,1,1,2,2,5,0,1,1,1,1,1,0,2,0,2,0,1,1,0,0,0,0,0,0,0,0,1,0,1,1,0,0,0,0,0,0,0,0,0,0,1,0,0,0,0,0,0,0,0,0,0,0,0,0,0,0,0,0,0,0,0,0,0,0,0,0,0,0,0,0,0,0,0,0,0,0,0,0,0,0,0,0,0,0,0,0,0,0,0,0,0,0,0,0,0,0,0,0,0,0,0,0,0
12.55,0,0,0,0,0,0,0,0,0,0,0,0,0,0,0,0,0,0,0,0,0,0,0,0,0,0,0,0,0,0,0,0,0,0,0,0,0,0,0,0,0,0,0,0,0,0,0,0,0,0,0,0,0,0,0,0,0,0,0,0,0,0,0,1,0,0,0,0,0,0,1,0,0,0,0,0,0,0,0,0,0,0,2,0,0,0,2,0,0,0,0,0,0,0,0,2,1,1,0,0,0,2,1,1,0,2,2,0,0,3,2,1,2,1,2,1,2,8,10,18,15,22,21,18,27,24,20,26,12,26,24,22,20,27,21,21,20,17,16,14,16,13,11,13,11,5,13,12,6,13,16,9,8,12,8,7,11,8,8,8,6,10,9,9,7,7,8,6,11,2,8,6,9,4,11,11,4,10,9,11,9,7,6,6,12,10,14,6,6,2,4,4,10,6,1,2,0,2,0,2,2,3,2,2,2,0,1,0,0,3,0,1,1,1,1,1,0,0,0,0,0,0,0,1,0,1,1,0,0,0,0,0,0,0,0,0,0,1,0,0,0,0,0,0,0,0,0,0,0,0,0,0,0,0,0,0,0,0,0,0,0,0,0,0,0,0,0,0,0,0,0,0,0,0,0,0,0,0,0,0,0,0,0,0,0,0,0,0,0,0,0,0,0,0,0,0,0,0,0,0
12.65,0,0,0,0,0,0,0,0,0,0,0,0,0,0,0,0,0,0,0,0,0,0,0,0,0,0,0,0,0,0,0,0,0,0,1,0,0,0,0,0,0,0,0,0,0,0,0,0,0,0,0,0,0,0,0,0,0,0,0,0,0,0,0,0,0,0,0,0,0,0,0,0,0,0,0,0,0,0,0,0,0,0,0,0,0,0,0,0,0,1,0,1,1,0,0,0,0,0,1,0,2,1,2,1,1,1,1,1,1,1,0,2,3,3,2,3,5,10,11,10,22,19,20,28,23,30,41,32,25,28,21,23,26,23,26,23,24,21,11,11,24,16,11,15,10,13,12,11,14,13,8,9,13,7,11,6,12,8,9,9,7,5,9,11,7,9,12,7,6,10,7,8,5,5,7,10,5,13,9,11,8,11,8,11,15,13,8,10,9,3,4,2,12,7,1,2,0,1,0,2,3,3,0,2,1,0,2,1,1,3,0,1,1,1,1,0,1,0,1,0,0,0,0,1,0,1,1,0,0,0,0,0,0,0,0,0,0,1,0,0,0,0,0,0,0,0,0,0,0,0,0,0,0,0,0,0,0,0,0,0,0,0,0,0,0,0,0,0,0,0,0,0,0,0,0,0,0,0,0,0,0,0,0,0,0,0,0,0,0,0,0,0,0,0,0,0,0,0,0,0
12.75,0,0,0,0,0,0,0,0,0,0,0,0,0,0,0,0,0,0,0,0,0,0,0,0,0,0,0,0,0,0,0,0,0,0,0,0,0,0,0,0,0,0,0,0,0,0,0,0,1,0,0,0,0,0,0,0,0,0,0,0,0,0,0,0,0,0,0,0,0,0,0,0,0,0,0,0,0,0,0,0,0,1,0,2,0,0,0,0,2,0,0,0,0,0,2,1,2,2,0,0,0,0,0,3,3,0,1,3,0,1,2,1,1,2,4,1,3,8,8,9,18,26,24,33,27,31,33,30,30,22,34,20,28,24,20,17,25,23,19,18,16,11,14,15,11,14,13,20,15,11,6,7,12,14,13,9,10,10,7,10,4,6,7,10,9,7,7,13,9,7,7,5,11,8,8,10,5,6,12,12,10,7,11,13,17,17,9,9,10,4,5,5,11,7,2,3,0,1,0,2,2,3,2,1,1,1,1,0,0,4,0,2,0,1,1,1,0,0,1,0,0,1,0,1,0,1,1,0,0,0,0,0,0,0,0,0,0,1,0,0,0,0,0,0,0,0,0,0,0,0,0,0,0,0,0,0,0,0,0,0,0,0,0,0,0,0,0,0,0,0,0,0,0,0,0,0,0,0,0,0,0,0,0,0,0,0,0,0,0,0,0,0,0,0,0,0,0,0,0,0
12.85,0,0,0,0,0,0,0,0,0,0,0,0,0,0,0,0,0,0,0,0,0,0,0,0,0,0,0,0,0,0,0,0,0,0,0,0,0,0,0,0,0,0,0,0,0,0,0,0,0,0,0,0,0,0,0,0,0,0,0,0,0,0,0,0,0,0,0,0,0,0,0,0,0,1,1,0,0,0,0,0,0,0,1,0,0,0,0,0,1,1,0,0,0,0,0,2,1,3,1,1,0,0,0,0,1,1,3,0,1,2,2,1,4,3,4,4,8,10,10,19,17,25,26,30,34,36,31,24,29,21,26,21,36,28,20,28,18,24,17,17,25,14,10,16,7,10,23,12,17,8,9,12,13,9,10,13,14,4,9,13,11,6,6,9,9,10,9,9,8,12,9,9,8,8,11,7,6,7,13,8,11,9,9,13,18,20,13,14,8,5,5,4,14,8,4,3,2,1,0,1,2,4,0,1,2,1,2,0,1,2,0,3,0,1,2,0,0,1,0,0,0,1,0,2,0,1,1,0,0,0,0,0,0,0,0,0,0,1,0,0,0,0,0,0,0,0,0,0,0,0,0,0,0,0,0,0,0,0,0,0,0,0,0,0,0,0,0,0,0,0,0,0,0,0,0,0,0,0,0,0,0,0,0,0,0,0,0,0,0,0,0,0,0,0,0,0,0,0,0,0
12.95,0,0,0,0,0,0,0,0,0,0,0,0,0,0,0,0,0,0,0,0,0,0,0,0,0,0,0,0,0,0,0,0,0,0,0,0,0,0,0,0,0,0,0,0,0,0,0,0,0,0,0,0,0,0,0,0,0,0,0,0,0,0,0,0,0,0,0,0,0,0,0,0,0,0,0,0,0,0,0,2,0,0,0,3,0,0,1,0,0,0,0,0,0,0,0,1,0,0,0,0,0,0,0,0,0,1,0,1,4,2,0,0,1,0,8,2,13,8,11,20,25,24,29,27,34,36,33,35,34,30,31,23,33,22,27,20,16,23,21,14,28,21,11,15,20,15,10,8,12,19,11,8,11,13,16,12,18,8,7,9,9,9,8,14,11,9,13,12,8,8,10,12,7,12,11,6,10,9,11,8,8,6,7,15,20,18,19,17,15,7,7,5,16,7,1,5,2,1,3,3,2,3,1,1,1,1,2,1,0,3,0,1,1,3,1,0,0,1,0,1,0,0,0,2,1,1,1,0,0,0,0,0,0,0,0,0,0,1,0,0,0,0,0,0,0,0,0,0,0,0,0,0,0,0,0,0,0,0,0,0,0,0,0,0,0,0,0,0,0,0,0,0,0,0,0,0,0,0,0,0,0,0,0,0,0,0,0,0,0,0,0,0,0,0,0,0,0,0,0,0
13.05,0,0,0,0,0,0,0,0,0,0,0,0,0,0,0,0,0,0,0,0,0,0,0,0,0,0,0,0,0,0,0,0,0,0,0,0,0,0,0,0,0,0,0,0,0,0,0,0,0,0,0,0,0,0,0,0,0,0,0,0,0,0,0,0,0,0,0,0,0,0,0,0,0,0,0,0,0,0,0,0,0,1,0,0,0,0,1,0,0,1,0,0,0,0,1,1,0,2,0,0,3,2,1,0,1,0,0,0,2,2,3,1,2,1,7,3,9,11,16,16,24,31,34,30,41,35,33,36,30,41,35,31,30,29,28,19,21,26,30,17,26,19,15,14,16,22,16,12,12,20,9,8,11,11,16,11,22,14,17,8,6,10,7,12,9,9,13,14,16,9,9,14,8,12,14,7,9,11,14,9,5,10,6,8,22,18,15,19,26,7,8,7,17,12,2,4,3,3,0,3,6,3,0,1,1,1,2,2,0,2,0,2,0,2,4,0,0,0,1,0,1,0,0,1,1,2,1,1,0,0,0,0,0,0,0,0,0,1,0,0,1,0,0,0,0,0,0,0,0,0,0,0,0,0,0,0,0,0,0,0,0,0,0,0,0,0,0,0,0,0,0,0,0,0,0,0,0,0,0,0,0,0,0,0,0,0,0,0,0,0,0,0,0,0,0,0,0,0,0,0
13.15,0,0,0,0,0,0,0,0,0,0,0,0,0,0,0,0,0,0,0,0,0,0,0,0,0,0,0,0,0,0,0,0,0,0,0,0,0,0,0,0,0,0,0,0,0,0,0,0,0,0,0,1,0,0,0,0,0,0,0,0,0,0,0,0,0,0,0,0,0,0,0,0,0,0,0,0,0,0,0,0,0,0,0,0,1,0,0,0,0,0,0,1,0,0,0,1,1,0,1,1,0,3,2,0,0,0,1,0,5,2,1,1,3,3,4,6,7,16,18,18,22,34,34,29,43,39,31,42,37,38,36,32,32,20,32,30,28,22,27,23,22,26,18,13,25,18,10,15,22,16,13,8,7,13,16,13,25,14,12,12,6,12,8,12,9,12,13,17,14,13,8,17,5,13,15,6,10,12,14,10,5,11,7,8,19,19,15,19,26,7,8,7,18,12,2,4,3,3,0,3,5,4,0,1,1,1,2,2,0,2,0,2,0,2,4,0,0,0,1,0,1,0,0,1,1,2,1,1,0,0,0,0,0,0,0,0,0,1,0,0,1,0,0,0,0,0,0,0,0,0,0,0,0,0,0,0,0,0,0,0,0,0,0,0,0,0,0,0,0,0,0,0,0,0,0,0,0,0,0,0,0,0,0,0,0,0,0,0,0,0,0,0,0,0,0,0,0,0,0,0
13.25,0,0,0,0,0,0,0,0,0,0,0,0,0,0,0,0,0,0,0,0,0,0,0,0,0,0,0,0,0,0,0,0,0,0,0,0,0,0,0,0,0,0,0,0,0,0,0,0,0,0,0,0,0,0,0,0,0,0,0,0,0,0,0,0,0,0,0,0,0,0,0,0,0,0,0,0,1,0,1,0,2,0,0,0,0,0,0,0,2,0,0,1,1,1,0,0,1,0,2,2,0,1,1,0,2,1,1,3,1,4,0,2,1,4,4,1,10,15,18,23,24,21,35,36,42,44,46,35,46,48,38,30,39,28,32,28,25,29,25,26,21,27,19,16,29,24,16,23,17,23,13,12,11,16,15,12,28,15,13,14,7,8,16,10,11,13,12,18,13,10,11,18,15,10,18,5,10,12,14,10,6,11,10,10,19,18,17,20,26,7,8,7,17,12,2,4,3,3,0,3,5,3,0,2,1,1,2,2,0,2,0,2,0,2,4,0,0,0,1,0,1,0,0,1,1,2,1,1,0,0,0,0,0,0,0,0,0,1,0,0,1,0,0,0,0,0,0,0,0,0,0,0,0,0,0,0,0,0,0,0,0,0,0,0,0,0,0,0,0,0,0,0,0,0,0,0,0,0,0,0,0,0,0,0,0,0,0,0,0,0,0,0,0,0,0,0,0,0,0,0
13.35,0,0,0,0,0,0,0,0,0,0,0,0,0,0,0,0,0,0,0,0,0,0,0,0,0,0,0,0,0,0,0,0,0,0,0,0,0,0,0,0,0,0,0,0,0,0,0,0,0,0,0,0,0,0,0,0,0,0,0,0,0,0,0,0,0,1,0,0,0,0,0,0,0,0,1,2,0,0,0,0,1,0,0,0,0,0,0,1,0,1,1,0,1,0,0,0,1,0,2,0,2,1,1,0,1,1,0,1,3,0,1,0,3,5,2,6,12,14,16,16,32,33,28,31,43,46,48,37,49,44,43,27,40,39,28,25,28,30,37,27,29,24,25,16,28,26,16,13,16,24,21,18,9,19,22,17,17,17,16,16,7,15,14,22,13,11,12,15,16,10,11,15,10,15,19,5,15,13,15,10,5,11,14,10,17,20,19,18,27,7,8,7,16,12,4,4,4,3,0,3,5,3,0,1,3,1,2,2,0,2,0,2,0,2,4,0,0,0,1,0,1,0,0,1,1,2,1,1,0,0,0,0,0,0,0,0,0,1,0,0,1,0,0,0,0,0,0,0,0,0,0,0,0,0,0,0,0,0,0,0,0,0,0,0,0,0,0,0,0,0,0,0,0,0,0,0,0,0,0,0,0,0,0,0,0,0,0,0,0,0,0,0,0,0,0,0,0,0,0,0
13.45,0,0,0,0,0,0,0,0,0,0,0,0,0,0,0,0,0,0,0,0,0,0,0,0,0,0,0,0,0,0,0,0,0,0,0,0,0,0,0,0,0,0,0,0,0,0,0,0,0,0,1,0,0,0,0,0,0,0,0,0,1,0,0,0,1,0,0,0,0,1,0,0,1,0,0,1,0,0,0,0,1,0,0,1,0,0,0,0,0,0,2,1,1,1,1,0,1,1,0,3,2,3,1,4,2,3,6,1,3,2,4,3,2,1,2,10,7,12,16,14,30,30,37,42,51,52,37,35,49,45,36,39,35,46,28,44,42,25,30,25,34,22,26,18,32,21,15,19,22,23,18,17,9,12,21,20,27,16,11,18,10,11,10,19,16,16,18,18,15,15,11,19,15,11,17,11,11,15,17,11,8,12,8,13,17,22,18,21,26,6,9,5,16,12,3,3,4,3,2,4,5,3,1,1,1,2,2,2,0,2,1,2,0,2,4,0,0,0,1,0,1,0,0,1,1,2,1,1,0,0,0,0,0,0,0,0,0,1,0,0,1,0,0,0,0,0,0,0,0,0,0,0,0,0,0,0,0,0,0,0,0,0,0,0,0,0,0,0,0,0,0,0,0,0,0,0,0,0,0,0,0,0,0,0,0,0,0,0,0,0,0,0,0,0,0,0,0,0,0,0
13.55,0,0,0,0,0,0,0,0,0,0,0,0,1,0,0,0,0,0,0,0,0,0,0,0,0,0,0,0,0,0,0,0,0,0,0,0,0,0,0,0,0,0,0,0,0,0,0,0,0,0,0,0,0,0,0,0,0,0,0,0,0,0,0,0,0,0,1,0,0,0,0,0,0,1,0,0,1,0,0,0,0,1,0,0,0,1,1,1,1,0,2,1,1,0,2,1,0,0,0,0,1,0,5,1,4,3,1,4,1,3,3,3,7,4,7,8,6,11,18,15,37,39,53,42,45,63,52,49,39,48,45,38,44,37,36,38,35,25,25,29,39,34,28,23,23,24,14,22,10,23,16,22,22,17,22,21,25,17,12,17,12,21,15,16,15,15,19,14,18,14,10,18,16,16,20,11,15,15,18,16,7,11,11,11,23,17,21,23,24,6,11,8,18,11,3,4,3,3,0,3,5,4,1,1,2,1,5,2,0,2,0,2,0,2,4,1,0,0,1,0,1,0,0,1,1,2,1,1,0,0,0,0,0,0,0,0,0,1,0,0,1,0,0,0,0,0,0,0,0,0,0,0,0,0,0,0,0,0,0,0,0,0,0,0,0,0,0,0,0,0,0,0,0,0,0,0,0,0,0,0,0,0,0,0,0,0,0,0,0,0,0,0,0,0,0,0,0,0,0,0
13.65,0,0,0,0,0,0,0,0,0,0,0,0,0,0,0,0,0,0,0,0,0,0,0,0,0,0,0,0,0,0,0,0,0,0,0,0,0,0,0,0,0,0,0,0,0,0,0,0,0,0,0,0,0,0,0,0,0,0,0,0,1,0,0,0,0,0,0,0,0,0,0,2,0,0,0,0,0,0,0,0,0,0,0,0,0,1,1,1,0,0,0,1,1,0,1,1,2,0,1,2,2,2,1,4,3,4,0,1,5,1,1,4,5,6,10,5,10,15,18,21,38,44,48,40,44,60,50,59,48,50,37,34,45,31,33,60,34,29,25,28,37,34,32,15,25,27,19,20,17,18,12,29,14,19,26,25,30,16,14,11,18,13,18,20,12,17,17,21,10,15,20,13,16,19,24,18,15,17,18,12,12,13,11,12,21,20,21,22,27,8,9,7,18,12,2,6,3,4,0,3,4,4,0,1,2,1,3,3,1,3,0,3,0,2,4,0,0,0,2,0,1,0,0,1,1,2,1,1,0,0,0,0,0,0,0,0,0,1,0,0,1,0,0,0,0,0,0,0,0,0,0,0,0,0,0,0,0,0,0,0,0,0,0,0,0,0,0,0,0,0,0,0,0,0,0,0,0,0,0,0,0,0,0,0,0,0,0,0,0,0,0,0,0,0,0,0,0,0,0,0
13.75,0,0,0,0,0,0,0,0,0,0,0,0,0,0,0,0,0,0,0,0,0,0,0,0,0,0,0,0,0,0,0,0,0,0,0,0,0,0,0,0,0,0,0,0,0,0,0,0,0,0,0,0,0,0,0,0,0,0,0,0,0,0,0,0,0,0,0,0,0,0,0,0,0,0,0,0,0,1,0,1,1,1,0,0,0,0,0,0,0,0,0,0,1,0,2,0,3,1,1,2,1,1,2,4,2,3,1,2,1,4,4,3,2,7,2,4,8,13,21,22,37,41,44,42,54,53,47,68,56,48,46,44,41,38,33,48,35,30,38,34,31,39,37,22,27,30,20,20,31,16,19,29,23,22,22,18,33,15,21,16,14,18,21,19,11,18,21,20,23,7,10,27,19,16,23,18,17,20,20,14,7,23,12,10,22,22,23,23,27,12,9,8,18,12,3,5,4,3,1,4,4,3,0,1,1,2,3,3,1,1,1,3,2,2,5,0,0,1,1,0,1,1,0,1,1,2,1,1,0,0,0,0,0,0,0,0,0,1,0,0,1,0,0,0,0,0,0,0,0,0,0,0,0,0,0,0,0,0,0,0,0,0,0,0,0,0,0,0,0,0,0,0,0,0,0,0,0,0,0,0,0,0,0,0,0,0,0,0,0,0,0,0,0,0,0,0,0,0,0,0
13.85,0,0,0,0,0,0,0,0,0,0,0,0,0,0,0,0,0,0,0,0,0,0,0,0,0,0,0,0,0,0,0,0,0,0,0,0,0,0,0,0,0,0,0,0,0,0,0,0,0,0,0,0,0,0,0,0,0,0,1,0,0,0,0,0,0,0,0,0,0,1,0,0,0,0,0,0,1,0,1,0,0,0,1,0,1,0,0,1,0,1,0,1,0,0,1,2,0,2,1,1,0,3,0,3,1,1,5,2,3,3,4,5,4,2,9,8,18,17,22,27,43,51,43,49,78,62,53,56,70,58,53,41,61,43,49,43,42,46,28,51,42,38,27,18,26,32,22,24,29,20,26,30,20,26,33,22,36,10,18,25,13,14,21,18,20,13,23,14,17,18,11,19,15,21,25,12,18,19,32,19,9,15,16,16,27,20,25,22,31,15,11,7,21,14,4,4,5,3,1,4,6,3,0,2,1,1,2,2,1,2,1,3,1,2,6,0,0,1,1,0,1,0,2,2,1,2,1,1,0,0,0,0,0,0,0,0,0,1,0,0,1,0,0,0,0,0,0,0,0,0,0,0,0,0,0,0,0,0,0,0,0,0,0,0,0,0,0,0,0,0,0,0,0,0,0,0,0,0,0,0,0,0,0,0,0,0,0,0,0,0,0,0,0,0,0,0,0,0,0,0
13.95,0,0,0,0,0,0,0,0,0,0,0,0,0,0,0,0,0,0,0,0,0,0,0,0,0,0,0,0,0,0,0,0,0,0,0,0,0,0,0,0,0,0,0,0,0,0,0,0,0,0,0,0,0,0,0,0,0,0,0,0,0,0,0,0,0,1,0,0,0,0,0,1,0,1,0,0,0,1,0,1,0,0,0,0,1,1,0,0,0,1,1,1,2,0,1,0,2,1,2,3,3,1,2,3,1,1,2,1,1,3,3,1,2,2,3,13,15,18,18,32,40,52,67,76,81,67,51,78,61,66,61,58,65,45,50,58,37,46,38,40,36,43,31,22,29,35,28,24,27,19,24,22,19,28,32,35,39,17,14,17,20,14,18,19,22,20,12,22,20,13,16,22,20,19,18,21,19,23,24,20,23,18,11,22,25,33,23,27,36,12,13,15,21,19,4,6,6,6,0,4,5,3,1,2,1,1,3,2,0,2,2,2,0,2,5,2,2,0,1,1,1,0,0,1,1,3,2,1,0,1,0,0,0,0,0,0,0,1,0,0,1,0,0,0,0,0,0,0,0,0,0,0,0,0,0,0,0,0,0,0,0,0,0,0,0,0,0,0,0,0,0,0,0,0,0,0,0,0,0,0,0,0,0,0,0,0,0,0,0,0,0,0,0,0,0,0,0,0,0,0
14.05,0,0,0,0,0,0,0,0,0,0,0,0,0,0,0,0,0,0,0,0,0,0,0,0,0,0,0,0,0,0,0,0,0,0,0,0,0,0,0,0,0,0,0,0,0,0,0,0,0,0,0,0,0,0,0,0,0,0,0,0,0,0,0,0,0,0,0,0,0,0,0,0,1,0,0,0,0,1,0,0,1,0,0,0,0,0,1,0,0,0,1,2,0,3,0,0,1,0,0,1,0,1,1,1,0,1,1,2,0,0,1,2,5,3,6,8,19,20,25,30,49,38,59,87,76,63,74,82,74,56,57,68,54,56,48,51,43,53,37,49,44,36,37,27,31,31,25,32,27,22,24,22,21,15,36,40,47,24,15,22,14,13,12,25,17,19,24,20,19,15,16,26,12,23,18,22,18,20,28,28,17,17,18,16,27,29,27,30,44,12,19,14,25,15,9,6,8,6,2,4,6,2,1,2,1,3,3,3,0,1,2,3,1,2,4,0,3,2,1,0,2,0,0,1,1,2,2,2,0,0,0,1,0,0,0,0,0,1,0,0,1,0,0,0,0,0,0,0,0,0,0,0,0,0,0,0,0,0,0,0,0,0,0,0,0,0,0,0,0,0,0,0,0,0,0,0,0,0,0,0,0,0,0,0,0,0,0,0,0,0,0,0,0,0,0,0,0,0,0,0
14.15,0,0,0,0,0,0,0,0,0,0,0,0,0,0,0,0,0,0,0,0,0,0,0,0,0,0,0,0,0,0,0,0,0,0,0,0,0,0,0,0,0,0,0,0,0,0,0,0,0,0,0,0,0,0,0,0,0,0,0,0,0,0,0,0,0,1,0,0,1,0,1,0,0,0,0,0,0,0,1,0,0,2,1,0,2,0,0,1,1,1,1,1,1,0,2,1,4,3,0,3,2,2,0,3,2,2,0,3,7,2,4,2,3,6,5,6,13,17,24,29,57,66,49,97,78,81,80,81,83,62,64,68,70,58,41,55,52,50,55,56,53,33,39,27,35,35,30,38,35,25,25,20,25,20,48,37,41,28,15,22,18,17,18,27,18,18,30,26,15,14,17,27,12,26,18,21,15,20,31,27,16,16,19,17,27,29,28,30,43,13,19,13,25,14,7,7,8,6,2,4,6,2,1,2,1,3,3,3,0,1,2,3,1,2,4,0,3,2,1,0,2,0,0,1,1,2,2,2,0,0,0,1,0,0,0,0,0,1,0,0,1,0,0,0,0,0,0,0,0,0,0,0,0,0,0,0,0,0,0,0,0,0,0,0,0,0,0,0,0,0,0,0,0,0,0,0,0,0,0,0,0,0,0,0,0,0,0,0,0,0,0,0,0,0,0,0,0,0,0,0
14.25,0,0,0,0,0,0,0,0,0,0,0,0,0,0,0,0,0,0,0,0,0,0,0,0,0,0,0,0,0,0,0,0,0,0,0,0,0,0,0,0,0,0,0,1,1,0,0,0,0,0,0,0,0,0,0,0,0,1,0,0,1,0,0,1,0,0,1,0,0,0,1,0,0,0,0,2,0,0,0,0,1,0,1,1,0,0,0,1,1,2,0,0,0,0,2,1,2,1,0,2,5,4,9,3,4,2,4,0,5,6,6,5,4,3,10,9,17,23,26,43,58,73,69,97,69,93,87,92,80,72,63,77,54,56,52,64,47,67,51,52,52,35,50,32,40,38,34,35,31,36,33,26,24,27,39,30,48,24,22,19,18,26,15,31,19,21,25,24,25,17,22,25,18,27,18,21,16,20,32,30,16,18,20,18,28,29,28,32,42,13,20,13,25,14,8,7,8,7,2,4,6,2,1,2,1,3,3,3,0,1,2,3,1,2,4,0,3,2,1,0,2,0,0,1,1,2,2,2,0,0,0,1,0,0,0,0,0,1,0,0,1,0,0,0,0,0,0,0,0,0,0,0,0,0,0,0,0,0,0,0,0,0,0,0,0,0,0,0,0,0,0,0,0,0,0,0,0,0,0,0,0,0,0,0,0,0,0,0,0,0,0,0,0,0,0,0,0,0,0,0
14.35,0,0,0,0,0,0,0,0,0,0,0,0,0,0,0,0,0,0,0,0,0,0,0,0,0,0,0,0,0,0,0,0,0,0,0,0,0,0,0,0,0,0,0,0,0,0,0,0,0,0,0,0,0,0,0,0,0,0,0,0,0,0,0,0,0,0,0,1,1,0,0,1,0,2,0,0,0,2,1,0,0,0,0,0,1,0,0,2,1,1,1,2,0,3,1,1,1,0,6,3,1,2,1,4,5,0,1,0,1,8,6,7,8,8,13,8,18,28,48,49,57,69,87,96,79,100,92,80,90,73,89,75,85,61,58,67,65,60,65,52,51,42,54,35,48,43,40,40,30,35,38,27,29,28,41,27,49,28,25,18,21,29,17,30,21,20,27,22,27,18,27,30,19,28,17,23,20,26,31,32,15,22,19,17,28,31,27,32,41,11,20,13,27,14,7,7,9,6,3,5,6,2,2,2,1,3,3,3,0,1,2,3,1,2,4,0,3,2,1,0,2,0,0,1,1,2,2,2,0,0,0,1,0,0,0,0,0,1,0,0,1,0,0,0,0,0,0,0,0,0,0,0,0,0,0,0,0,0,0,0,0,0,0,0,0,0,0,0,0,0,0,0,0,0,0,0,0,0,0,0,0,0,0,0,0,0,0,0,0,0,0,0,0,0,0,0,0,0,0,0
14.45,0,0,0,0,0,0,0,0,0,0,0,0,0,0,0,0,0,0,0,0,0,0,0,0,0,0,0,0,0,0,0,0,0,0,0,0,0,0,0,0,0,0,0,0,0,0,1,0,0,0,0,0,0,0,0,0,1,0,1,0,0,0,0,0,0,0,1,0,0,1,0,0,1,0,1,0,0,1,0,1,1,1,1,0,0,5,5,0,1,1,1,0,0,3,1,1,1,2,1,4,3,2,1,5,2,4,5,4,7,6,8,7,2,9,7,6,21,32,50,68,46,65,101,93,82,82,93,98,112,80,75,87,87,71,64,73,62,70,53,52,54,46,54,57,38,41,38,27,43,28,40,29,26,30,43,39,42,32,28,23,16,24,23,37,24,21,27,25,28,17,22,33,28,29,30,22,17,25,36,31,21,18,18,28,30,30,27,32,43,13,17,14,24,14,7,7,9,6,3,4,7,2,2,2,1,3,4,4,0,1,2,3,1,2,4,0,3,2,1,0,2,0,0,1,1,2,2,2,0,0,0,1,0,0,0,0,0,1,0,0,1,0,0,0,0,0,0,0,0,0,0,0,0,0,0,0,0,0,0,0,0,0,0,0,0,0,0,0,0,0,0,0,0,0,0,0,0,0,0,0,0,0,0,0,0,0,0,0,0,0,0,0,0,0,0,0,0,0,0,0
14.55,0,0,0,0,0,0,0,0,0,0,0,0,0,0,0,0,0,0,0,0,0,0,0,0,0,0,0,0,0,0,0,0,0,0,0,0,0,0,0,0,1,0,0,0,0,0,0,0,0,1,0,0,0,0,0,0,0,1,0,0,0,0,0,0,0,2,0,0,1,1,1,2,0,1,0,0,2,3,1,0,0,2,1,0,1,1,0,1,1,0,0,2,0,2,2,3,3,1,1,0,2,2,5,1,6,6,5,4,7,5,4,5,9,10,6,13,12,34,40,59,54,78,87,105,97,113,99,96,103,101,89,95,87,80,71,79,75,61,57,55,48,59,49,61,46,38,40,46,46,34,48,36,24,28,41,38,50,29,30,28,26,19,25,35,25,21,27,22,33,16,28,31,22,30,26,31,24,30,36,31,21,21,17,26,33,33,30,32,43,13,17,13,25,15,6,8,10,7,2,5,8,3,1,2,1,3,4,3,0,1,4,3,1,1,4,0,3,2,1,0,2,0,0,1,1,2,2,2,0,0,0,1,0,0,0,0,0,1,0,0,1,0,0,0,0,0,0,0,0,0,0,0,0,0,0,0,0,0,0,0,0,0,0,0,0,0,0,0,0,0,0,0,0,0,0,0,0,0,0,0,0,0,0,0,0,0,0,0,0,0,0,0,0,0,0,0,0,0,0,0
14.65,0,0,0,0,0,0,0,0,0,0,0,0,0,0,0,0,0,0,0,0,0,0,0,0,0,0,0,0,0,0,0,0,0,0,1,0,0,0,0,0,0,0,0,0,0,0,0,0,0,0,0,0,0,0,0,0,1,0,0,0,0,0,0,0,0,0,1,0,0,0,0,2,0,0,0,0,0,0,1,2,1,0,2,2,0,0,0,2,1,0,1,0,2,4,0,2,3,1,3,3,5,1,6,4,3,5,1,3,5,2,15,9,6,5,7,11,20,38,54,47,65,96,84,103,96,103,93,104,107,113,99,102,96,80,73,79,76,68,62,73,66,61,49,62,46,57,36,42,50,51,49,35,33,36,42,38,56,37,26,27,28,27,23,29,33,36,28,23,23,17,29,33,24,32,26,23,26,26,38,39,25,29,22,19,38,36,31,33,48,14,22,13,23,17,8,7,10,6,3,4,6,5,3,3,1,3,4,3,0,1,3,2,2,3,4,1,3,2,1,0,2,0,0,1,1,2,2,2,0,0,0,1,0,0,0,0,0,1,0,0,1,0,0,0,0,0,0,0,0,0,0,0,0,0,0,0,0,0,0,0,0,0,0,0,0,0,0,0,0,0,0,0,0,0,0,0,0,0,0,0,0,0,0,0,0,0,0,0,0,0,0,0,0,0,0,0,0,0,0,0
14.75,0,0,0,0,0,0,0,0,0,0,0,0,0,0,0,0,0,0,0,0,0,1,0,0,0,0,0,0,0,0,0,0,0,0,0,0,0,0,0,0,0,0,0,0,0,0,0,0,0,0,0,0,1,0,0,0,1,0,0,0,0,0,0,0,0,0,0,0,1,2,0,0,0,0,0,0,0,0,1,1,1,1,1,2,1,0,2,1,3,0,1,1,0,1,1,3,2,2,3,0,6,3,5,2,3,2,3,1,4,4,4,5,5,11,9,19,26,29,39,66,63,93,88,129,110,90,116,113,114,103,95,94,98,93,85,75,74,83,78,90,64,67,62,67,55,60,48,42,40,57,41,33,33,36,55,45,52,37,25,37,34,34,24,28,35,35,34,25,22,27,29,31,24,31,35,28,23,32,36,32,28,29,30,22,43,33,28,37,50,17,26,15,25,16,8,10,9,8,3,4,7,2,3,3,1,7,4,3,0,1,3,2,1,2,4,2,4,2,1,0,2,0,0,2,1,2,2,2,0,0,0,1,0,0,0,0,0,1,0,0,1,0,0,0,0,0,0,0,0,0,0,0,0,0,0,0,0,0,0,0,0,0,0,0,0,0,0,0,0,0,0,0,0,0,0,0,0,0,0,0,0,0,0,0,0,0,0,0,0,0,0,0,0,0,0,0,0,0,0,0
14.85,0,0,0,0,0,0,0,0,0,0,0,0,0,0,0,0,0,0,0,0,0,0,0,0,0,0,0,0,0,0,0,0,0,0,0,0,0,0,0,0,0,0,0,0,1,0,0,0,1,0,0,0,0,0,0,0,0,0,0,0,1,0,0,1,0,0,0,0,0,0,0,1,1,0,0,1,0,0,0,0,0,3,1,1,1,3,2,0,1,0,0,1,3,3,1,3,3,0,4,1,4,1,4,3,4,4,3,3,3,5,4,9,5,8,10,12,20,23,43,58,80,75,89,114,127,112,120,131,114,110,103,109,90,103,89,81,81,84,70,78,70,69,75,60,54,62,55,51,39,52,58,41,39,33,60,45,55,39,43,35,28,37,31,35,28,26,43,35,33,33,22,38,23,37,35,30,35,35,40,35,21,28,27,29,39,44,39,30,53,21,24,20,32,14,9,12,9,8,5,4,7,3,1,4,3,3,4,3,1,3,2,3,1,2,4,1,3,4,1,1,2,0,0,1,1,2,2,2,1,0,0,1,0,0,0,0,0,1,0,0,1,0,0,0,0,0,0,0,0,0,0,0,0,0,0,0,0,0,0,0,0,0,0,0,0,0,0,0,0,0,0,0,0,0,0,0,0,0,0,0,0,0,0,0,0,0,0,0,0,0,0,0,0,0,0,0,0,0,0,0
14.95,0,0,0,0,0,0,0,0,0,0,0,0,0,0,0,0,0,0,0,0,0,0,0,0,0,0,0,0,0,0,0,0,0,0,0,0,0,0,0,0,0,0,0,0,0,0,0,0,0,1,0,0,0,1,0,0,0,0,0,1,0,0,0,0,0,0,0,0,0,0,0,0,0,0,1,0,0,1,1,0,0,0,3,1,1,0,3,1,1,0,2,2,0,2,1,0,1,3,0,3,3,1,1,3,3,2,4,3,3,2,7,1,4,8,8,18,20,26,49,45,74,92,87,104,136,125,132,138,125,119,124,112,103,111,93,96,98,74,75,65,75,72,75,72,62,64,65,50,45,55,56,32,53,34,44,52,67,41,40,34,38,35,40,33,32,37,40,29,35,22,39,35,24,37,39,29,28,36,40,44,28,34,33,32,49,41,42,49,54,23,31,22,31,23,16,10,10,11,3,10,6,2,1,3,1,5,4,3,2,2,4,2,4,2,4,2,3,3,1,2,2,1,0,1,2,2,2,2,0,0,0,1,1,0,0,0,0,1,0,0,1,0,0,0,0,0,0,0,0,0,0,0,0,0,0,0,0,0,0,0,0,0,0,0,0,0,0,0,0,0,0,0,0,0,0,0,0,0,0,0,0,0,0,0,0,0,0,0,0,0,0,0,0,0,0,0,0,0,0,0
15.05,0,0,0,0,0,0,0,0,0,0,0,0,0,0,0,0,0,0,0,0,0,0,0,0,0,0,0,0,0,0,0,0,0,0,0,0,0,0,1,0,0,0,0,0,0,1,0,0,0,0,0,0,0,0,0,0,0,0,0,1,1,0,0,1,0,2,0,0,0,0,0,0,2,1,0,1,1,0,0,0,1,1,2,0,0,0,2,0,1,2,1,1,1,1,0,2,1,1,1,0,1,2,1,3,4,6,5,0,2,3,2,3,5,9,6,22,17,34,47,62,81,79,104,120,129,150,135,154,130,118,126,129,100,96,77,109,84,91,76,85,79,70,77,70,76,69,84,70,52,59,59,34,55,44,44,45,67,33,40,52,33,38,32,38,42,33,35,36,27,36,33,38,41,36,35,30,38,30,52,39,33,30,33,30,44,48,40,45,74,29,26,27,36,23,20,19,13,12,4,6,9,4,1,2,3,4,4,2,1,1,6,4,2,3,4,1,5,2,3,1,5,1,1,1,1,2,2,1,0,0,0,1,0,2,0,0,0,1,0,0,1,0,0,0,0,0,0,0,0,0,0,0,0,0,0,0,0,0,0,0,0,0,0,0,0,0,0,0,0,0,0,0,0,0,0,0,0,0,0,0,0,0,0,0,0,0,0,0,0,0,0,0,0,0,0,0,0,0,0,0
15.15,1,0,0,0,0,0,0,0,0,0,0,0,0,0,0,0,0,0,0,0,0,0,0,0,0,0,0,0,0,0,0,0,0,0,0,0,0,0,0,0,0,0,0,0,0,0,0,0,0,0,0,0,1,0,0,1,0,0,0,0,1,0,1,0,0,1,0,0,0,0,0,1,1,0,1,1,1,0,1,0,1,0,0,2,3,0,3,1,2,1,2,3,2,2,2,2,4,6,2,5,6,2,3,6,6,4,8,2,7,5,6,11,10,5,15,19,27,35,48,75,99,99,116,137,141,163,145,155,152,147,130,128,113,106,104,101,107,88,85,84,77,75,82,82,85,67,83,78,59,57,72,41,47,48,41,42,59,47,37,58,42,38,38,43,44,33,42,31,25,34,32,37,46,36,39,34,41,25,55,37,35,32,34,32,42,46,40,44,71,29,28,27,34,24,20,19,13,11,4,6,9,4,1,1,3,4,4,2,1,1,6,4,2,3,4,1,5,2,3,1,5,1,1,1,1,1,2,1,0,0,0,1,0,2,0,0,0,1,0,0,1,0,0,0,0,0,0,0,0,0,0,0,0,0,0,0,0,0,0,0,0,0,0,0,0,0,0,0,0,0,0,0,0,0,0,0,0,0,0,0,0,0,0,0,0,0,0,0,0,0,0,0,0,0,0,0,0,0,0,0
15.25,0,0,0,0,0,0,0,0,0,0,0,0,0,0,0,0,0,0,0,0,0,0,0,1,0,0,0,0,0,0,0,0,0,0,0,0,0,0,0,0,0,0,0,0,0,0,0,0,0,1,0,0,0,0,0,0,0,1,0,0,0,0,0,1,0,1,0,0,0,0,0,0,2,2,0,0,0,0,2,4,2,0,2,2,1,3,2,3,1,2,4,2,2,2,4,3,2,2,2,8,5,4,5,4,7,5,7,6,11,2,8,9,8,11,13,29,20,51,63,82,99,95,128,147,154,159,154,171,160,168,143,139,124,113,100,101,103,96,90,75,88,76,96,75,86,81,77,78,62,65,65,44,42,52,52,48,66,42,46,57,44,46,41,41,47,38,37,42,27,41,30,35,42,39,35,37,39,32,49,42,30,37,32,32,39,52,40,45,73,28,25,28,35,21,20,21,12,11,4,6,8,4,1,3,3,5,4,2,1,1,6,4,2,3,4,1,5,2,3,1,5,1,1,1,1,1,2,1,0,0,0,1,0,2,0,0,0,1,0,0,1,0,0,0,0,0,0,0,0,0,0,0,0,0,0,0,0,0,0,0,0,0,0,0,0,0,0,0,0,0,0,0,0,0,0,0,0,0,0,0,0,0,0,0,0,0,0,0,0,0,0,0,0,0,0,0,0,0,0,0
15.35,0,0,0,0,0,0,0,0,0,0,0,0,0,0,0,0,0,0,0,0,0,0,0,0,0,0,0,0,0,0,0,0,0,0,0,0,0,0,0,0,0,0,1,1,0,0,0,0,0,0,0,0,0,0,0,0,1,0,0,1,0,1,0,0,1,1,0,1,1,1,0,1,0,1,1,0,2,2,1,0,1,3,0,3,0,2,2,0,0,0,2,3,3,2,5,4,2,3,2,9,13,7,3,4,7,2,5,6,2,7,13,12,13,13,15,29,31,47,57,81,109,115,143,141,162,178,152,180,162,179,162,154,139,112,114,121,113,100,95,75,96,86,103,61,79,75,90,84,58,71,66,56,40,62,58,51,69,50,46,60,43,47,41,49,43,39,39,44,40,35,41,37,40,44,42,31,41,28,51,46,34,31,35,32,46,48,41,45,72,31,25,29,36,23,21,19,12,12,4,6,8,4,1,1,3,4,4,3,1,2,6,4,3,3,4,1,5,2,3,1,5,1,1,1,1,1,2,1,0,0,0,1,0,2,0,0,0,1,0,0,1,0,0,0,0,0,0,0,0,0,0,0,0,0,0,0,0,0,0,0,0,0,0,0,0,0,0,0,0,0,0,0,0,0,0,0,0,0,0,0,0,0,0,0,0,0,0,0,0,0,0,0,0,0,0,0,0,0,0,0
15.45,0,0,0,0,0,0,0,0,0,0,0,0,0,0,0,0,0,0,0,0,0,0,0,0,0,0,0,0,0,0,0,0,0,0,0,0,0,0,0,0,0,0,1,0,0,2,1,0,0,0,0,0,0,0,0,2,1,1,0,0,1,0,1,0,0,0,2,0,0,0,1,0,2,0,1,1,2,0,1,3,1,0,0,1,2,2,4,2,3,3,4,0,3,2,4,4,3,4,4,10,5,9,5,1,5,5,8,5,7,6,12,8,10,13,15,20,36,58,68,101,108,126,122,162,190,180,183,178,179,176,156,169,145,133,132,135,108,116,90,97,91,87,101,84,66,76,89,90,61,63,84,49,54,57,59,65,68,55,45,60,41,49,54,41,55,47,43,38,36,51,35,42,45,45,48,42,41,30,51,46,40,34,38,38,42,51,44,45,69,34,27,30,37,23,20,20,12,11,5,8,8,4,1,1,3,4,4,2,1,1,6,4,2,4,3,1,5,3,3,2,5,1,1,1,1,1,2,1,0,0,0,1,0,2,0,0,0,1,0,0,1,0,0,0,0,0,0,0,0,0,0,0,0,0,0,0,0,0,0,0,0,0,0,0,0,0,0,0,0,0,0,0,0,0,0,0,0,0,0,0,0,0,0,0,0,0,0,0,0,0,0,0,0,0,0,0,0,0,0,0
15.55,0,0,0,0,0,0,0,0,0,0,0,0,0,0,0,0,0,0,0,0,0,0,0,0,0,0,0,0,0,0,0,0,1,0,0,0,0,0,0,0,1,0,0,0,0,1,0,0,1,2,0,0,0,1,0,0,2,0,0,1,1,2,2,0,0,1,1,0,0,1,0,0,0,0,0,1,3,0,1,1,0,2,0,1,2,2,1,2,1,2,1,8,4,1,3,2,3,5,6,9,10,5,7,11,5,8,9,13,7,4,14,11,15,19,18,27,37,59,76,101,123,126,155,169,190,188,185,209,171,190,179,144,143,157,123,131,113,137,92,89,96,94,102,89,83,65,91,91,68,67,72,51,54,62,73,62,88,55,55,60,39,48,59,42,50,47,53,48,43,43,38,40,53,51,40,50,48,39,45,49,47,41,43,39,42,58,45,44,71,30,24,30,34,30,21,20,12,12,4,8,8,5,2,1,2,5,3,2,1,1,6,4,2,3,3,1,6,1,2,2,6,1,1,1,1,1,3,1,0,0,0,1,0,2,0,0,0,1,0,0,1,0,0,0,0,0,0,0,0,0,0,0,0,0,0,0,0,0,0,0,0,0,0,0,0,0,0,0,0,0,0,0,0,0,0,0,0,0,0,0,0,0,0,0,0,0,0,0,0,0,0,0,0,0,0,0,0,0,0,0
15.65,0,0,0,0,0,0,0,0,0,0,0,0,0,0,0,0,0,0,0,0,0,0,0,0,0,0,0,0,0,0,0,0,0,0,0,0,0,0,0,0,0,0,0,0,0,0,0,0,0,0,0,0,0,1,0,0,0,1,0,0,0,0,1,0,0,0,0,0,0,0,1,0,0,0,1,0,2,2,1,1,2,1,1,3,1,0,1,1,3,3,3,7,1,6,1,1,6,4,7,4,2,2,6,7,8,8,11,11,10,16,10,9,14,11,29,28,43,62,86,125,128,154,181,178,205,217,181,209,175,192,165,166,164,151,147,126,118,137,110,95,97,97,107,82,98,78,83,77,83,74,84,59,60,66,65,57,86,55,59,71,50,47,51,46,56,49,50,47,42,55,43,47,41,57,48,46,51,39,63,51,42,45,46,51,43,56,51,54,72,32,25,30,34,26,22,21,13,12,5,8,8,4,1,1,4,4,3,2,1,3,6,3,3,3,3,2,5,1,2,2,5,2,1,2,1,1,2,1,0,0,1,1,0,2,0,0,0,1,0,0,1,0,0,0,0,0,0,0,0,0,0,0,0,0,0,0,0,0,0,0,0,0,0,0,0,0,0,0,0,0,0,0,0,0,0,0,0,0,0,0,0,0,0,0,0,0,0,0,0,0,0,0,0,0,0,0,0,0,0,0
15.75,0,0,0,0,0,0,0,0,0,0,0,0,0,0,0,0,0,0,0,0,0,0,0,0,0,0,0,0,1,0,0,0,0,0,0,0,0,1,0,0,0,0,0,0,1,0,0,0,1,0,1,0,0,0,0,0,0,0,1,0,1,0,0,0,0,0,0,0,0,0,1,0,1,0,1,3,1,1,1,2,1,3,5,1,4,1,2,0,3,1,0,2,1,5,1,2,5,2,5,5,4,7,6,3,10,6,11,7,8,10,10,17,13,23,19,30,44,59,98,112,116,156,195,199,198,207,205,200,202,173,172,179,153,139,146,146,140,135,128,97,93,95,105,93,93,82,92,85,84,73,84,63,54,65,64,68,96,61,51,60,53,58,59,52,60,53,49,54,47,43,47,54,49,59,49,48,52,44,68,56,45,36,44,55,48,65,52,55,84,35,27,31,40,24,20,20,15,12,5,7,6,7,1,5,2,4,3,5,2,1,6,3,3,4,3,1,5,1,3,1,5,2,2,2,1,2,2,1,0,0,0,1,0,2,1,0,0,1,0,0,1,0,0,0,0,0,0,0,0,0,0,0,0,0,0,0,0,0,0,0,0,0,0,0,0,0,0,0,0,0,0,0,0,0,0,0,0,0,0,0,0,0,0,0,0,0,0,0,0,0,0,0,0,0,0,0,0,0,0,0
15.85,0,0,0,0,0,0,0,0,0,0,0,0,0,0,0,0,0,1,0,0,0,0,0,0,0,0,0,0,0,0,0,0,1,0,0,0,0,0,0,0,0,0,0,0,0,1,0,0,0,0,0,0,0,2,0,1,0,0,0,0,1,1,0,3,0,0,0,2,1,0,0,1,0,0,0,1,0,1,1,2,3,3,2,4,1,0,1,3,0,4,8,1,1,1,2,6,5,5,2,5,6,4,5,11,2,8,7,11,10,8,8,7,12,18,24,30,51,76,86,110,141,164,191,205,223,217,203,207,207,185,177,184,147,183,177,131,158,145,129,104,129,103,97,100,108,98,98,88,90,74,75,63,55,72,69,72,104,67,61,61,56,62,54,59,53,51,52,63,49,62,43,53,55,57,50,49,64,43,74,49,52,54,39,56,55,74,56,63,91,36,34,32,37,26,25,21,18,13,5,6,7,9,2,2,1,4,6,3,2,2,8,3,2,3,5,2,7,1,2,1,6,1,1,2,2,1,2,2,1,0,0,1,0,2,0,0,1,1,0,0,1,0,0,0,0,0,0,0,0,0,0,0,0,0,0,0,0,0,0,0,0,0,0,0,0,0,0,0,0,0,0,0,0,0,0,0,0,0,0,0,0,0,0,0,0,0,0,0,0,0,0,0,0,0,0,0,0,0,0,0
15.95,0,0,0,0,0,0,0,0,0,0,0,0,0,0,0,0,0,0,0,0,0,0,0,0,0,0,0,0,0,0,0,0,0,0,1,0,0,0,0,0,0,0,0,0,0,0,0,0,0,0,0,0,0,1,0,0,1,0,0,0,0,1,1,0,0,0,3,0,0,0,1,2,1,0,1,0,2,0,1,2,2,1,2,0,0,2,0,3,0,0,1,2,5,2,4,5,3,5,1,3,0,3,4,1,5,7,3,6,9,8,11,14,10,11,23,33,57,60,79,124,144,175,202,236,217,235,219,229,227,214,196,202,179,167,163,171,155,156,140,116,126,124,119,101,105,100,116,88,94,82,84,63,59,68,76,72,108,70,69,56,55,75,62,45,59,55,50,56,61,51,61,44,59,65,55,59,58,55,87,52,49,47,49,59,62,66,64,76,104,49,39,42,44,33,24,18,18,15,7,8,6,7,3,3,2,4,5,2,3,3,6,4,2,6,4,1,7,1,2,3,5,2,3,1,1,2,3,1,0,1,0,1,1,2,0,0,0,1,0,1,1,0,0,0,0,0,0,0,0,0,0,0,0,0,0,0,0,0,0,0,0,0,0,0,0,0,0,0,0,0,0,0,0,0,0,0,0,0,0,0,0,0,0,0,0,0,0,0,0,0,0,0,0,0,0,0,0,0,0,0
16.05,0,0,0,0,0,0,0,0,0,0,0,0,0,0,0,0,0,0,0,0,0,0,0,0,0,0,0,0,0,0,0,0,0,0,0,0,0,0,0,0,0,0,0,0,0,0,0,0,0,1,0,0,1,0,1,0,0,0,1,0,0,0,0,0,1,0,1,0,1,2,0,2,3,1,0,1,2,0,0,0,3,1,0,1,1,5,1,2,0,2,2,3,1,1,4,2,3,5,4,4,6,4,6,6,1,4,6,11,3,7,5,10,13,6,17,31,52,79,104,117,147,191,205,252,261,249,238,266,218,216,223,222,180,150,186,157,170,162,162,128,141,116,135,116,110,102,106,88,104,89,93,68,66,63,72,75,108,60,66,73,68,68,76,40,53,61,49,56,57,58,67,57,56,66,56,66,61,50,85,69,54,57,48,51,59,75,58,64,125,61,44,45,41,39,35,22,16,18,6,9,11,6,4,2,2,5,3,3,3,2,9,4,1,3,4,2,6,3,4,2,6,2,1,2,3,1,4,1,0,0,1,1,0,2,1,0,0,1,0,0,2,0,0,0,0,0,1,0,0,0,0,0,0,0,0,0,0,0,0,0,0,0,0,0,0,0,0,0,0,0,0,0,0,0,0,0,0,0,0,0,0,0,0,0,0,0,0,0,0,0,0,0,0,0,0,0,0,0,0,0
16.15,0,0,0,0,0,0,0,0,0,0,0,0,0,0,0,0,0,0,0,0,0,0,0,0,0,0,0,0,0,0,0,0,0,0,0,0,0,0,0,1,0,0,0,0,0,0,0,0,0,0,0,0,1,0,1,0,0,0,0,0,1,0,1,0,1,1,1,0,0,0,2,1,0,0,0,0,1,2,0,1,2,1,0,5,3,2,5,4,2,5,2,3,7,8,4,3,7,7,11,8,10,6,6,9,5,10,7,4,12,12,10,18,17,11,22,36,49,75,112,134,145,190,218,253,257,251,251,253,222,231,242,210,205,169,202,172,195,165,158,141,151,104,135,107,136,110,117,85,110,96,87,86,68,70,70,81,97,54,72,76,60,73,73,46,57,60,59,61,59,59,65,55,57,63,58,65,64,45,87,71,53,53,52,52,53,73,59,69,125,61,40,44,42,38,35,23,16,19,7,9,10,6,4,2,2,5,3,3,3,2,9,3,1,3,4,2,6,3,4,2,6,2,1,2,3,1,4,1,0,0,1,1,0,2,1,0,0,1,0,0,2,0,0,0,0,0,1,0,0,0,0,0,0,0,0,0,0,0,0,0,0,0,0,0,0,0,0,0,0,0,0,0,0,0,0,0,0,0,0,0,0,0,0,0,0,0,0,0,0,0,0,0,0,0,0,0,0,0,0,0
16.25,0,0,0,0,0,0,0,0,0,0,0,0,0,0,0,0,0,0,0,0,0,0,0,0,0,0,0,0,0,0,0,0,0,0,0,0,0,0,0,0,1,0,1,0,0,0,1,0,0,0,1,0,0,1,0,0,1,0,0,0,0,0,0,1,0,1,0,0,0,0,2,1,1,1,0,0,2,0,2,2,4,1,4,5,3,2,5,2,7,1,5,3,4,4,3,5,8,7,5,4,8,11,7,11,14,12,17,16,9,21,11,7,20,26,30,37,50,67,136,119,175,202,238,280,253,268,263,264,239,265,250,234,215,196,189,178,193,158,151,190,145,126,134,122,122,119,122,89,109,105,101,74,96,82,76,70,97,70,71,70,61,72,78,60,67,66,53,70,63,61,72,65,60,65,59,63,60,53,83,72,54,54,52,55,58,66,63,69,126,59,42,45,40,37,35,22,16,18,6,10,10,5,3,2,4,4,3,4,3,2,10,3,1,4,3,2,6,3,4,2,6,2,1,2,3,1,4,1,0,0,1,1,0,2,1,0,0,1,0,0,2,0,0,0,0,0,1,0,0,0,0,0,0,0,0,0,0,0,0,0,0,0,0,0,0,0,0,0,0,0,0,0,0,0,0,0,0,0,0,0,0,0,0,0,0,0,0,0,0,0,0,0,0,0,0,0,0,0,0,0
16.35,0,0,0,0,0,0,0,0,0,0,0,0,0,0,0,0,0,0,0,0,0,0,0,1,0,0,0,0,0,0,0,0,0,0,0,0,0,0,0,0,0,0,0,0,0,0,1,0,0,0,0,0,1,0,0,0,2,1,0,0,2,1,0,1,0,1,0,1,0,2,2,0,0,2,3,0,0,1,2,3,0,0,3,5,1,3,4,5,3,4,9,3,2,2,4,5,6,5,6,8,10,7,7,8,14,7,7,6,11,13,10,13,28,19,21,40,70,84,126,127,163,208,254,258,302,278,274,270,267,249,271,250,224,201,197,184,180,183,195,183,162,145,132,142,126,138,122,92,121,102,103,89,89,81,73,79,105,63,80,74,72,74,74,62,67,65,55,65,65,71,83,71,62,68,63,69,63,52,88,72,60,60,49,53,63,67,63,67,124,58,43,45,41,37,37,22,15,19,7,9,9,6,4,2,2,4,4,4,3,3,9,3,1,4,4,2,6,2,4,2,6,2,1,2,3,1,4,1,0,0,1,1,0,2,1,0,0,1,0,0,2,0,0,0,0,0,1,0,0,0,0,0,0,0,0,0,0,0,0,0,0,0,0,0,0,0,0,0,0,0,0,0,0,0,0,0,0,0,0,0,0,0,0,0,0,0,0,0,0,0,0,0,0,0,0,0,0,0,0,0
16.45,0,0,0,0,0,0,0,0,0,0,0,0,0,0,0,0,0,0,0,0,0,0,0,0,0,0,0,0,0,0,1,0,0,0,0,0,0,0,0,1,1,0,0,0,0,0,2,1,0,0,0,0,1,0,0,0,1,0,1,1,0,0,0,0,2,0,0,1,0,1,0,0,1,0,0,3,2,0,3,3,2,2,3,3,5,2,2,1,3,3,7,4,5,6,3,8,10,6,12,5,9,9,10,9,12,15,10,15,9,17,13,18,16,22,26,39,65,98,129,146,201,209,255,282,307,315,308,279,293,253,268,241,245,204,205,187,192,173,212,175,208,150,151,140,130,149,133,117,119,116,111,88,95,80,82,80,109,55,85,83,75,78,84,61,65,74,58,76,65,60,87,68,71,78,65,70,69,60,91,78,57,57,53,52,67,71,67,71,120,58,42,47,41,38,39,21,16,19,6,8,9,5,3,3,2,3,4,3,5,2,9,3,1,5,3,2,6,3,4,3,6,2,1,2,3,1,4,1,0,0,1,1,0,2,1,0,0,1,0,0,2,0,0,0,0,0,1,0,0,0,0,0,0,0,0,0,0,0,0,0,0,0,0,0,0,0,0,0,0,0,0,0,0,0,0,0,0,0,0,0,0,0,0,0,0,0,0,0,0,0,0,0,0,0,0,0,0,0,0,0
16.55,0,0,0,0,0,0,0,0,0,0,0,0,0,0,0,0,0,0,1,0,0,0,0,0,0,0,0,1,0,0,0,0,0,0,0,0,0,0,0,0,0,0,0,0,0,0,0,0,0,0,0,0,1,1,1,0,1,0,0,2,0,0,0,0,0,0,1,0,2,1,2,2,1,0,3,1,4,1,3,2,2,3,4,6,3,3,2,3,6,2,3,3,5,3,7,7,3,14,7,11,5,11,12,15,13,8,14,9,18,8,23,21,18,23,32,49,56,121,122,140,206,225,258,274,319,314,328,306,298,262,266,256,258,209,210,195,200,191,213,173,217,159,164,158,155,142,137,115,112,133,112,104,83,96,98,98,110,67,91,83,82,71,74,74,72,79,59,63,70,77,82,69,67,70,70,72,76,62,97,77,70,71,59,52,65,68,69,77,124,57,43,44,42,41,39,22,18,19,6,8,9,5,4,2,4,3,3,3,3,3,9,4,2,4,3,2,7,2,4,2,6,2,2,3,3,1,4,1,0,0,1,1,0,2,1,0,0,1,0,0,2,0,0,0,0,0,1,0,0,0,0,0,0,0,0,0,0,0,0,0,0,0,0,0,0,0,0,0,0,0,0,0,0,0,0,0,0,0,0,0,0,0,0,0,0,0,0,0,0,0,0,0,0,0,0,0,0,0,0,0
16.65,0,0,0,0,0,0,0,0,0,0,0,0,0,0,0,0,0,0,0,0,0,0,0,0,0,0,0,0,0,0,0,0,1,0,1,0,0,0,0,1,0,1,0,1,0,0,0,0,0,1,0,1,1,0,0,0,1,1,0,1,0,1,1,0,1,2,3,0,0,0,0,2,3,0,0,0,3,1,1,4,2,2,4,1,4,2,1,2,3,3,4,5,10,7,5,11,5,7,12,6,6,8,10,6,10,10,12,12,17,17,26,27,14,23,31,71,75,101,134,161,208,278,244,306,327,322,347,346,332,283,284,265,257,237,223,206,217,200,230,199,210,162,167,154,160,158,131,122,117,125,115,117,99,100,93,99,121,76,99,97,85,88,79,64,79,79,71,64,75,84,80,84,76,71,65,81,64,58,96,85,63,78,71,61,70,80,73,81,123,56,42,47,41,39,37,26,15,18,10,8,9,5,3,2,2,4,4,5,2,2,9,5,1,4,3,4,5,2,4,3,6,2,1,2,3,2,4,2,0,0,1,1,0,2,1,0,0,1,0,0,2,0,0,0,0,0,1,0,0,0,0,0,0,0,0,0,0,0,0,0,0,0,0,0,0,0,0,0,0,0,0,0,0,0,0,0,0,0,0,0,0,0,0,0,0,0,0,0,0,0,0,0,0,0,0,0,0,0,0,0
16.75,0,0,0,0,0,0,0,0,0,0,0,0,0,0,0,0,0,0,0,0,0,0,0,1,1,0,0,0,0,0,0,0,0,0,0,0,0,0,0,0,0,0,0,0,0,0,0,1,0,0,0,0,0,0,1,0,0,0,0,1,0,1,0,0,1,0,0,2,0,1,1,1,0,0,0,2,1,2,1,2,2,0,2,6,2,2,6,4,1,5,1,5,9,3,5,12,4,7,6,10,14,11,10,14,16,13,16,24,20,17,14,16,29,36,37,61,78,118,140,174,210,314,272,321,343,353,345,365,338,312,327,260,270,266,256,199,252,200,248,204,200,187,171,165,149,156,157,130,116,135,131,125,96,104,100,107,129,80,106,100,91,79,86,78,83,92,64,63,89,81,88,81,82,78,67,76,84,58,93,86,67,73,69,75,74,93,74,86,134,59,46,48,41,44,37,25,16,20,7,8,13,5,3,3,2,3,3,4,2,1,9,3,4,6,3,3,5,3,6,2,6,3,1,2,3,1,4,3,0,0,0,3,0,2,1,0,0,1,0,0,2,0,0,0,0,0,1,0,0,0,0,0,0,0,0,0,0,0,0,0,0,0,0,0,0,0,0,0,0,0,0,0,0,0,0,0,0,0,0,0,0,0,0,0,0,0,0,0,0,0,0,0,0,0,0,0,0,0,0,0
16.85,0,0,0,0,0,1,0,0,0,0,0,0,0,0,0,0,0,0,0,0,0,0,0,0,0,0,0,0,0,0,0,0,1,0,0,1,0,0,0,0,0,0,0,1,0,0,0,0,0,0,0,1,0,0,0,0,0,0,0,0,1,1,0,1,2,0,2,1,0,1,0,1,1,1,1,1,1,5,4,1,0,1,1,2,5,4,3,4,2,3,5,5,5,5,5,2,9,6,11,4,9,9,8,10,14,15,6,17,14,15,20,15,23,40,31,50,88,101,149,204,216,316,325,338,350,353,368,359,328,337,355,291,288,279,266,235,216,239,240,219,222,168,176,180,159,153,156,148,152,142,141,130,110,104,101,99,136,86,101,104,97,75,97,89,85,100,74,73,73,87,86,81,80,72,85,80,78,68,110,85,85,73,71,75,75,103,86,90,144,70,46,47,47,46,42,27,13,21,8,8,10,6,5,3,3,3,4,5,3,3,9,4,1,5,3,3,6,2,5,2,10,4,1,3,3,1,4,1,0,1,0,2,0,3,1,0,0,2,0,0,2,0,0,0,0,0,1,0,0,0,0,0,0,0,0,0,0,0,0,0,0,0,0,0,0,0,0,0,0,0,0,0,0,0,0,0,0,0,0,0,0,0,0,0,0,0,0,0,0,0,0,0,0,0,0,0,0,0,0,0
16.95,0,0,0,0,0,0,0,0,0,0,0,0,0,0,0,0,0,0,0,0,0,0,0,0,0,0,0,1,0,0,0,0,0,0,0,0,0,0,0,0,0,0,1,0,0,0,0,0,0,0,1,0,0,0,0,1,0,0,0,0,1,0,0,0,0,0,2,0,1,0,0,2,0,0,0,5,1,2,3,3,3,4,0,1,3,2,1,6,1,4,3,4,3,2,8,1,4,3,3,5,3,10,2,8,12,5,10,9,9,12,18,19,24,32,36,59,85,114,170,224,240,314,343,342,386,382,359,374,370,373,358,332,322,279,295,231,247,252,242,233,215,197,189,174,176,164,165,143,156,144,140,144,130,113,119,99,157,82,105,111,91,105,99,91,86,98,87,82,83,88,76,89,91,89,73,88,83,67,105,90,80,89,69,83,92,100,90,119,153,78,51,56,54,52,46,34,19,21,7,9,10,7,5,4,2,4,4,4,2,6,9,3,2,4,6,3,5,3,4,5,6,3,4,3,4,2,5,1,0,1,0,3,0,2,1,0,1,1,0,0,2,0,0,1,0,0,1,0,0,0,0,0,0,0,0,0,0,0,0,0,0,0,0,0,0,0,0,0,0,0,0,0,0,0,0,0,0,0,0,0,0,0,0,0,0,0,0,0,0,0,0,0,0,0,0,0,0,0,0,0
17.05,0,0,0,0,0,0,0,0,0,0,0,0,0,0,1,0,0,0,0,0,0,0,0,0,0,0,0,0,0,0,0,0,0,1,1,0,0,1,0,0,0,1,0,0,0,1,1,0,0,0,0,0,0,1,0,1,2,0,1,2,1,2,1,3,3,1,1,3,0,0,2,1,0,1,3,1,1,2,2,2,4,2,2,8,2,4,3,2,2,1,4,2,5,3,6,2,1,7,3,3,8,5,6,9,3,10,5,13,7,5,14,19,21,20,26,49,84,135,169,231,227,318,347,340,436,358,387,415,380,376,378,373,319,297,313,265,278,261,233,225,227,223,195,196,170,177,166,155,158,157,146,157,134,101,113,112,178,84,91,109,102,97,113,89,86,95,84,97,87,92,93,89,90,92,95,88,86,73,101,92,82,74,81,75,91,106,102,104,201,81,66,67,52,44,55,37,29,24,9,11,10,6,7,2,3,3,4,6,5,4,10,3,1,4,4,4,5,3,7,2,7,3,3,4,4,2,6,2,1,0,0,2,2,3,1,0,0,2,0,0,2,0,0,0,0,1,1,0,0,0,0,0,0,0,0,0,0,0,0,0,0,0,0,0,0,0,0,0,0,0,0,0,0,0,0,0,0,0,0,0,0,0,0,0,0,0,0,0,0,0,0,0,0,0,0,0,0,0,0,0
17.15,0,0,0,0,0,0,0,0,0,0,0,0,0,0,0,0,0,0,0,0,0,0,0,0,0,0,0,0,0,0,0,0,0,0,0,0,0,0,0,1,1,0,0,1,0,0,1,0,1,0,0,0,0,0,0,0,0,0,2,1,0,1,4,3,3,1,0,0,4,2,0,1,1,4,1,2,1,2,1,6,0,6,3,3,2,6,7,6,7,6,8,6,6,8,11,9,6,7,12,12,11,11,8,10,12,11,17,15,11,18,20,17,15,22,36,56,108,137,153,226,249,309,356,369,458,395,444,410,399,408,354,376,323,342,317,295,280,246,242,240,229,215,210,220,168,178,168,151,167,165,142,154,140,111,127,114,174,90,102,102,111,95,122,93,87,88,92,100,87,96,97,92,85,83,102,88,87,77,102,92,86,71,80,78,94,108,100,95,200,79,64,64,54,44,52,36,27,25,9,11,10,7,7,2,3,3,4,5,5,3,8,3,1,5,4,4,5,3,7,2,7,3,3,4,4,2,6,2,1,0,0,2,2,3,1,0,0,2,0,0,2,0,0,0,0,1,1,0,0,0,0,0,0,0,0,0,0,0,0,0,0,0,0,0,0,0,0,0,0,0,0,0,0,0,0,0,0,0,0,0,0,0,0,0,0,0,0,0,0,0,0,0,0,0,0,0,0,0,0,0
17.25,0,0,0,0,0,0,0,0,0,0,0,0,0,0,0,0,0,0,0,1,0,0,0,0,0,0,0,0,0,0,0,0,1,0,0,1,0,0,0,0,0,0,0,0,0,0,0,0,1,0,0,1,1,0,0,0,0,0,0,0,3,0,1,0,0,2,2,2,2,0,1,1,4,2,2,2,2,0,3,1,4,3,6,4,3,2,0,4,6,9,6,7,8,6,10,7,9,9,14,8,8,12,16,14,22,12,16,31,23,29,22,25,33,36,32,47,94,129,194,233,289,338,362,390,447,427,461,387,440,397,395,380,338,349,347,288,283,270,272,245,235,214,239,221,179,188,171,169,178,172,157,172,145,118,131,117,186,95,107,113,114,100,118,103,101,90,98,101,89,99,103,91,90,87,101,93,87,78,101,100,84,77,83,80,94,105,94,97,193,80,65,66,53,43,52,36,26,25,8,11,9,7,7,2,3,3,4,6,5,3,8,3,1,5,4,4,5,3,7,2,7,3,3,4,4,2,6,2,1,0,0,2,3,3,1,0,0,2,0,0,2,0,0,0,0,1,1,0,0,0,0,0,0,0,0,0,0,0,0,0,0,0,0,0,0,0,0,0,0,0,0,0,0,0,0,0,0,0,0,0,0,0,0,0,0,0,0,0,0,0,0,0,0,0,0,0,0,0,0,0
17.35,0,0,0,0,0,0,0,0,0,0,1,0,0,0,0,0,0,0,0,0,0,0,0,0,0,0,0,0,0,0,0,1,0,0,0,0,1,0,0,0,0,1,0,0,0,0,0,0,0,0,0,1,2,0,0,0,0,2,0,1,3,1,1,0,0,1,1,3,1,2,1,0,1,4,2,2,1,2,4,2,3,6,4,5,4,3,5,14,7,7,10,8,6,9,6,12,11,11,9,12,16,17,16,11,19,17,16,21,29,29,13,30,22,35,51,67,103,156,203,278,311,390,399,426,452,416,452,439,456,426,412,412,371,385,339,313,306,286,274,274,229,222,205,227,213,210,183,185,192,169,161,174,163,137,139,137,181,101,103,117,103,106,127,94,111,98,97,111,91,104,98,95,104,88,108,97,95,83,104,94,81,77,82,85,93,106,95,96,199,78,67,64,56,43,53,36,26,25,8,12,9,6,8,2,3,3,4,5,5,3,8,3,1,6,4,4,5,3,7,2,7,3,3,4,4,2,6,2,0,0,0,2,2,3,1,0,0,2,0,0,2,0,0,0,0,1,1,0,0,0,0,0,0,0,0,0,0,0,0,0,0,0,0,0,0,0,0,0,0,0,0,0,0,0,0,0,0,0,0,0,0,0,0,0,0,0,0,0,0,0,0,0,0,0,0,0,0,0,0,0
17.45,0,0,0,0,0,0,0,1,0,0,0,0,0,0,0,0,0,0,0,0,0,0,0,0,0,0,0,0,0,0,0,0,0,0,0,0,0,0,0,1,1,0,0,0,0,2,1,1,0,2,1,0,1,0,1,1,0,3,1,0,0,0,1,3,1,1,0,2,2,2,1,3,4,2,1,5,3,1,7,2,3,3,5,2,1,5,3,7,5,5,9,9,13,14,13,9,12,11,18,11,20,10,23,19,23,16,19,19,24,28,31,25,31,32,45,69,96,176,196,286,292,394,420,445,494,503,480,435,469,447,414,440,400,393,374,338,309,307,281,264,257,215,224,233,231,197,198,186,202,158,180,187,167,152,152,128,179,110,111,117,114,104,118,108,113,101,106,111,103,107,105,100,120,95,105,92,104,91,105,92,90,80,84,78,95,109,99,96,198,78,66,68,59,44,52,39,25,25,8,11,10,6,8,3,3,3,5,6,5,3,8,3,1,5,4,4,4,4,7,2,7,3,3,5,4,2,6,2,0,0,0,2,2,3,1,0,0,2,0,0,2,0,0,0,0,1,1,0,0,0,0,0,0,0,0,0,0,0,0,0,0,0,0,0,0,0,0,0,0,0,0,0,0,0,0,0,0,0,0,0,0,0,0,0,0,0,0,0,0,0,0,0,0,0,0,0,0,0,0,0
17.55,0,0,0,0,0,0,0,0,0,0,0,0,0,0,0,0,0,0,0,0,0,0,0,0,0,0,0,0,0,0,0,0,1,0,1,0,1,0,0,0,0,0,0,0,0,1,1,0,1,0,0,0,0,0,0,0,0,3,3,1,0,2,0,0,4,1,0,3,0,2,3,0,3,8,3,3,6,2,4,3,6,4,2,5,4,7,4,7,7,6,10,7,9,11,10,11,11,15,13,15,12,17,12,20,16,21,22,20,32,32,29,42,33,47,41,73,101,137,235,277,316,400,430,494,503,507,520,485,506,456,417,449,436,366,408,371,342,294,289,295,266,249,247,239,236,219,200,198,206,155,165,188,194,141,170,150,197,114,115,122,115,102,126,102,120,108,128,120,111,110,102,92,116,108,104,98,113,93,113,108,95,76,85,84,93,110,105,104,193,78,72,65,54,47,48,39,26,26,11,11,9,10,9,2,4,4,5,5,6,4,8,3,1,6,4,4,4,3,6,2,7,4,3,4,4,2,6,2,1,0,0,2,1,4,1,0,0,2,0,0,2,0,0,0,0,1,1,0,0,0,0,0,0,0,0,0,0,0,0,0,0,0,0,0,0,0,0,0,0,0,0,0,0,0,0,0,0,0,0,0,0,0,0,0,0,0,0,0,0,0,0,0,0,0,0,0,0,0,0,0
17.65,0,0,0,0,0,0,0,0,0,0,0,0,0,0,0,0,0,0,0,0,0,0,0,0,0,0,0,0,0,0,0,0,0,0,0,0,0,0,0,0,0,0,1,0,0,1,1,1,0,0,0,1,1,0,2,0,1,0,0,1,0,2,1,2,1,1,2,5,2,1,0,0,0,2,2,4,2,2,4,3,6,5,7,6,4,8,8,2,11,10,11,2,6,8,14,9,10,12,18,14,12,12,22,17,27,30,21,22,25,25,28,33,35,42,56,82,110,162,236,300,328,390,448,494,518,513,538,553,489,487,420,458,423,394,426,358,362,336,308,307,278,265,249,248,247,213,213,218,195,183,164,187,198,163,149,150,221,119,123,114,122,111,139,113,114,115,115,141,110,118,110,93,124,117,110,97,111,96,120,116,102,91,96,86,90,117,109,109,199,81,71,73,57,46,48,36,27,27,12,11,9,7,9,2,5,4,5,8,8,4,7,7,1,5,4,4,4,3,6,2,7,2,3,5,4,2,6,2,0,0,0,2,2,3,2,0,0,2,0,0,2,0,0,0,0,1,1,0,0,0,0,0,0,0,0,0,0,0,0,0,0,0,0,0,0,0,0,0,0,0,0,0,0,0,0,0,0,0,0,0,0,0,0,0,0,0,0,0,0,0,0,0,0,0,0,0,0,0,0,0
17.75,0,0,0,0,0,0,0,0,0,0,0,0,0,0,0,0,0,0,0,0,0,1,0,0,0,0,0,0,0,0,0,0,0,1,0,0,0,0,0,0,0,0,1,1,0,0,0,2,1,0,0,0,0,1,0,0,2,0,0,1,0,3,2,1,2,4,0,4,3,1,0,2,5,1,5,5,1,3,3,3,2,3,4,3,1,8,9,4,4,10,6,7,6,15,15,12,10,5,17,16,17,12,20,22,22,21,24,32,30,22,39,33,31,53,70,82,122,178,233,285,343,434,461,544,518,542,592,545,517,507,507,438,466,425,405,405,380,330,339,295,324,284,271,271,261,230,190,222,228,186,195,180,210,170,181,172,207,142,121,138,131,105,147,111,128,105,135,142,122,108,115,110,126,119,125,111,104,111,114,104,111,97,103,98,108,122,115,112,210,84,72,70,55,54,52,39,26,26,10,10,9,9,8,4,4,4,4,6,6,5,10,6,2,5,5,3,4,3,5,2,8,3,3,4,4,2,7,2,0,0,0,2,1,3,1,2,0,2,0,0,2,0,0,0,0,1,1,0,0,0,0,0,0,0,0,0,0,0,0,0,0,0,0,0,0,0,0,0,0,0,0,0,0,0,0,0,0,0,0,0,0,0,0,0,0,0,0,0,0,0,0,0,0,0,0,0,0,0,0,0
17.85,0,0,0,0,0,0,0,0,0,0,0,0,0,0,0,0,0,0,0,0,0,0,0,0,0,0,0,0,0,0,0,0,0,0,0,0,0,2,1,0,0,0,0,0,1,0,0,0,0,1,1,0,0,1,1,0,0,0,1,0,1,1,1,1,1,0,1,2,2,4,2,3,3,4,0,3,2,4,5,1,4,3,3,2,6,2,8,5,10,10,8,6,3,11,11,10,13,11,17,15,10,15,21,13,23,27,29,20,33,34,35,32,46,48,69,90,113,189,235,329,333,477,499,557,579,544,581,565,527,523,527,485,464,449,435,419,403,343,350,314,344,280,283,292,263,251,223,223,230,203,185,196,209,188,184,185,226,141,119,136,129,146,148,122,128,102,126,129,125,130,113,110,147,118,133,115,139,115,123,109,112,104,108,108,104,142,124,120,219,89,69,75,59,53,62,42,28,28,8,15,10,6,9,3,5,4,5,7,4,4,7,6,4,5,6,5,5,3,5,3,7,2,3,4,5,2,6,4,0,0,0,2,1,3,1,0,1,3,0,0,2,0,0,0,0,1,1,0,0,0,0,0,0,0,0,0,0,0,0,0,0,0,0,0,0,0,0,0,0,0,0,0,0,0,0,0,0,0,0,0,0,0,0,0,0,0,0,0,0,0,0,0,0,0,0,0,0,0,0,0
17.95,0,0,0,1,0,0,0,0,0,0,0,0,0,1,0,0,0,1,0,0,0,0,0,0,0,0,0,0,1,1,0,0,0,0,0,1,0,0,0,1,0,1,0,0,1,1,0,0,0,0,1,1,1,1,0,0,1,0,2,1,0,1,1,0,2,1,2,1,3,0,0,2,1,1,4,2,1,3,1,2,8,4,2,6,6,8,5,14,1,3,4,3,7,5,6,9,8,11,9,11,13,16,10,15,17,17,15,18,16,23,26,32,34,41,64,77,113,200,238,340,396,491,523,600,599,568,609,538,533,560,565,519,476,451,461,419,400,362,360,345,328,351,298,296,262,288,230,241,224,198,181,210,224,173,199,208,238,142,154,155,149,137,152,119,118,132,134,153,120,127,125,111,141,125,137,128,138,136,149,112,104,109,115,121,117,148,130,151,220,101,76,82,72,60,58,55,40,26,8,12,12,6,7,3,6,4,7,9,5,5,8,4,2,5,10,3,4,4,7,3,8,2,3,4,4,3,7,2,0,1,0,2,2,3,1,0,0,3,0,1,2,0,0,0,0,1,1,0,0,0,0,0,0,0,0,0,0,0,0,0,0,0,0,0,0,0,0,0,0,0,0,0,0,0,0,0,0,0,0,0,0,0,0,0,0,0,0,0,0,0,0,0,0,0,0,0,0,0,0,0
18.05,0,0,0,0,0,0,0,0,0,0,0,0,0,0,0,0,0,0,0,0,0,0,0,0,0,0,0,1,0,0,0,0,0,0,0,0,0,1,0,0,0,0,1,0,0,0,1,1,0,0,1,0,1,4,0,1,0,0,1,1,0,0,2,1,0,2,1,4,0,2,2,0,3,3,1,5,4,4,7,6,1,6,4,5,6,6,5,8,5,9,3,5,7,5,7,8,12,6,4,6,11,10,6,5,10,8,10,13,19,20,24,29,46,45,79,93,139,210,223,379,417,522,547,619,613,629,606,609,554,576,568,569,531,466,477,440,402,399,369,372,348,333,315,324,264,278,246,240,224,233,201,212,197,187,177,187,286,142,143,149,163,140,158,134,117,140,136,144,135,144,121,118,134,121,136,153,130,147,154,141,108,103,124,115,117,159,142,143,265,102,88,76,78,64,72,58,48,34,13,13,14,7,7,3,2,5,6,9,5,2,11,3,3,4,6,7,3,4,8,4,9,2,3,5,4,2,6,4,0,0,1,3,1,4,1,0,0,3,0,0,3,0,0,0,0,1,1,0,0,0,0,0,0,0,0,0,0,0,0,0,0,0,0,0,0,0,0,0,0,0,0,0,0,0,0,0,0,0,0,0,0,0,0,0,0,0,0,0,0,0,0,0,0,0,0,0,0,0,0,0
18.15,0,0,0,0,0,0,0,0,0,0,0,0,0,0,0,0,0,0,0,0,0,1,0,0,0,0,0,0,0,0,0,0,1,0,0,0,0,0,0,1,2,1,0,0,1,0,0,1,0,2,0,3,1,0,1,1,0,0,1,4,2,1,1,2,3,2,3,0,1,5,3,5,1,2,6,5,6,7,4,13,7,9,6,3,8,6,11,9,8,10,9,8,10,11,13,12,9,19,20,20,15,17,17,23,20,20,24,16,25,28,34,31,51,55,79,98,153,223,262,348,432,536,555,612,653,630,599,636,586,574,605,585,556,482,485,441,396,406,373,420,355,340,321,331,259,277,276,247,236,233,217,217,194,186,206,190,281,148,158,169,168,151,145,134,127,145,135,150,130,144,130,124,129,121,143,149,132,140,155,143,105,104,126,111,123,157,136,136,259,110,87,71,75,65,71,57,43,34,13,12,14,6,6,3,2,6,6,10,4,2,11,2,3,5,6,7,3,4,8,4,9,2,3,5,4,2,6,4,0,0,1,3,1,4,1,0,0,3,0,0,3,0,0,0,0,1,1,0,0,0,0,0,0,0,0,0,0,0,0,0,0,0,0,0,0,0,0,0,0,0,0,0,0,0,0,0,0,0,0,0,0,0,0,0,0,0,0,0,0,0,0,0,0,0,0,0,0,0,0,0
18.25,0,0,0,0,0,0,0,0,0,0,1,0,0,0,0,0,0,0,0,0,0,0,0,0,0,1,0,0,0,0,1,0,0,1,0,0,0,0,1,1,0,1,0,1,1,1,0,0,2,0,1,1,1,0,3,4,2,1,2,2,0,3,1,1,5,5,2,2,1,0,6,4,0,5,5,5,6,1,4,6,7,7,6,4,13,5,8,10,6,8,9,16,13,13,23,16,15,17,20,15,21,24,17,31,24,30,30,31,34,35,41,50,51,66,77,96,170,246,299,364,465,545,574,662,657,656,632,666,598,626,607,600,558,486,483,487,418,426,416,414,362,346,323,345,298,279,276,231,253,236,227,253,197,200,190,206,275,152,161,175,166,159,143,153,139,154,132,159,134,148,140,121,130,141,141,154,129,140,156,136,117,102,127,110,122,152,138,139,255,101,86,72,77,67,68,55,43,32,13,12,16,6,7,3,3,4,5,9,4,4,12,2,3,4,6,7,3,4,8,4,9,2,3,5,4,2,6,4,0,0,1,3,1,4,1,0,0,3,0,0,3,0,0,0,0,1,1,0,0,0,0,0,0,0,0,0,0,0,0,0,0,0,0,0,0,0,0,0,0,0,0,0,0,0,0,0,0,0,0,0,0,0,0,0,0,0,0,0,0,0,0,0,0,0,0,0,0,0,0,0
18.35,0,0,0,0,0,0,0,0,0,0,0,0,0,0,0,0,0,0,0,0,0,0,0,0,1,0,0,0,0,0,0,0,0,0,0,0,0,0,1,1,0,0,0,0,0,0,1,0,0,0,0,1,0,3,1,2,2,1,1,1,0,1,0,3,2,3,3,2,2,4,4,0,5,2,5,6,2,3,2,9,3,6,4,6,4,7,7,6,8,14,14,15,17,17,18,27,17,10,25,19,23,29,27,42,36,28,36,41,33,36,39,50,64,77,88,107,168,210,333,394,480,577,611,648,699,697,695,634,612,667,632,638,548,508,506,498,469,444,442,414,366,373,318,360,302,307,287,262,258,251,221,237,210,232,205,186,271,154,167,178,168,172,156,142,144,156,145,159,145,146,132,130,129,136,153,145,149,147,161,137,114,106,123,106,124,154,134,138,254,100,91,70,76,65,66,54,43,31,14,12,14,8,7,3,2,4,7,10,4,2,12,2,3,4,5,7,3,5,8,4,9,2,3,5,4,2,6,4,0,0,1,3,1,4,1,0,0,3,0,0,3,0,0,0,0,1,1,0,0,0,0,0,0,0,0,0,0,0,0,0,0,0,0,0,0,0,0,0,0,0,0,0,0,0,0,0,0,0,0,0,0,0,0,0,0,0,0,0,0,0,0,0,0,0,0,0,0,0,0,0
18.45,0,0,0,0,0,0,0,0,1,0,0,0,0,1,0,0,0,0,0,0,1,0,0,0,0,0,0,0,0,0,1,0,0,0,0,0,1,0,0,1,1,0,1,0,1,0,1,0,0,0,4,1,0,0,0,0,1,1,1,4,0,1,2,3,3,3,3,3,2,3,3,3,3,2,4,4,7,6,3,4,10,5,9,5,7,10,6,15,9,10,12,18,16,17,15,20,16,14,20,22,21,32,28,38,29,35,37,32,34,54,54,43,69,82,91,129,185,238,313,413,453,618,660,675,738,697,700,689,681,656,662,623,604,524,572,502,480,469,447,432,406,369,315,389,311,312,272,300,281,257,219,231,226,226,214,200,300,176,161,193,174,169,161,157,141,171,158,163,151,150,136,130,145,145,156,144,149,155,183,146,113,112,125,109,121,155,136,136,249,104,87,79,76,67,68,56,43,31,13,11,14,5,5,6,3,5,6,8,4,2,11,4,2,5,5,8,4,4,8,4,9,2,4,5,4,2,6,4,0,0,1,3,1,4,1,0,0,3,0,0,3,0,0,0,0,1,1,0,0,0,0,0,0,0,0,0,0,0,0,0,0,0,0,0,0,0,0,0,0,0,0,0,0,0,0,0,0,0,0,0,0,0,0,0,0,0,0,0,0,0,0,0,0,0,0,0,0,0,0,0
18.55,0,0,0,0,0,0,0,0,0,0,1,0,0,0,0,0,0,0,0,0,0,0,0,0,0,1,1,0,0,1,0,0,0,0,0,0,0,0,1,0,0,0,1,1,2,1,0,0,2,2,1,0,0,0,1,1,1,0,2,0,0,2,3,2,1,7,3,3,4,4,4,4,4,3,2,5,9,6,5,7,5,8,7,12,8,16,6,17,8,19,14,5,13,16,17,23,15,21,21,30,18,31,36,42,32,36,52,43,48,53,45,48,67,77,92,134,153,249,297,403,502,664,648,694,728,712,720,686,754,667,600,637,604,528,609,536,497,460,437,449,418,367,339,381,327,302,325,293,269,258,249,228,248,255,210,228,314,195,177,198,160,181,192,157,139,165,152,170,168,163,146,137,142,156,159,145,149,163,179,161,125,114,132,117,124,156,133,143,245,101,98,76,82,67,66,57,40,33,11,13,14,5,6,4,2,4,7,8,5,2,11,2,3,4,6,7,3,5,9,4,9,2,4,5,4,4,6,4,0,0,1,3,1,4,1,0,0,3,0,0,3,0,0,0,0,1,1,0,0,0,0,0,0,0,0,0,0,0,0,0,0,0,0,0,0,0,0,0,0,0,0,0,0,0,0,0,0,0,0,0,0,0,0,0,0,0,0,0,0,0,0,0,0,0,0,0,0,0,0,0
18.65,0,0,0,0,0,0,0,0,0,0,0,0,0,0,0,1,0,0,0,0,0,0,0,0,0,0,0,0,0,0,0,0,0,0,0,0,1,0,2,0,1,0,1,0,0,0,1,1,0,0,1,1,0,0,0,1,1,1,1,3,2,3,2,4,2,0,1,2,6,3,3,3,5,6,7,6,10,7,4,6,6,5,7,6,7,10,8,9,8,15,13,9,14,16,15,17,12,26,24,27,23,32,26,27,39,37,46,47,40,56,43,61,49,69,96,127,170,257,318,421,543,621,688,739,738,752,767,697,738,709,610,647,612,588,567,512,502,475,462,434,418,395,355,377,308,319,316,322,277,260,252,241,240,249,231,231,326,203,195,200,182,205,167,175,163,175,155,176,159,168,158,146,141,163,154,151,161,173,174,167,128,120,131,124,126,164,134,153,259,99,98,75,82,70,69,52,41,33,12,11,16,6,6,6,3,5,5,8,5,3,12,3,3,4,4,7,3,5,8,5,9,3,3,5,4,2,7,4,1,0,1,3,1,5,1,0,0,3,0,0,3,0,0,0,0,1,1,0,0,0,0,0,0,0,0,0,0,0,0,0,0,0,0,0,0,0,0,0,0,0,0,0,0,0,0,0,0,0,0,0,0,0,0,0,0,0,0,0,0,0,0,0,0,0,0,0,0,0,0,0
18.75,0,0,0,2,0,0,0,0,0,0,0,0,0,0,0,0,0,0,0,0,0,0,0,0,0,0,0,0,0,0,1,0,1,0,0,0,0,1,0,0,0,0,0,0,0,1,0,1,3,0,1,0,0,0,0,2,0,4,4,4,2,0,4,1,3,2,2,2,2,4,3,3,2,6,2,6,3,4,5,8,10,13,10,13,11,9,8,7,11,11,10,16,21,19,15,14,22,23,28,28,29,36,23,27,28,34,36,40,37,55,37,58,75,74,94,128,162,251,337,483,536,663,716,725,770,826,749,732,742,705,655,644,635,611,582,572,508,511,454,451,423,410,362,398,310,319,331,311,288,276,283,253,262,235,235,241,323,192,206,203,193,194,175,193,168,169,178,188,164,187,152,144,161,170,168,160,164,161,183,168,131,123,135,138,135,170,146,150,256,106,96,78,87,74,73,54,43,36,11,11,15,6,5,6,3,8,5,7,5,4,12,4,4,6,4,7,2,4,8,5,8,3,3,5,6,2,6,4,0,1,1,4,1,4,1,0,0,3,1,0,3,0,0,0,0,1,1,0,0,0,0,0,0,0,0,0,0,0,0,0,0,0,0,0,0,0,0,0,0,0,0,0,0,0,0,0,0,0,0,0,0,0,0,0,0,0,0,0,0,0,0,0,0,0,0,0,0,0,0,0
18.85,0,1,0,0,0,0,0,0,0,0,1,0,0,0,0,0,1,0,0,0,0,0,0,0,0,0,0,0,0,0,0,1,0,0,2,1,1,1,0,1,0,0,1,1,0,0,0,1,2,1,2,2,0,1,1,1,1,2,1,0,3,1,0,2,2,3,2,7,2,2,4,1,7,4,3,6,4,8,11,1,4,4,3,11,6,10,9,11,7,6,18,12,22,16,12,17,13,28,16,23,23,26,31,28,33,30,38,32,43,37,41,50,62,78,94,155,172,298,351,523,540,677,776,735,821,802,779,810,763,747,666,693,644,598,588,567,514,513,473,429,449,423,393,411,348,334,325,340,298,275,278,265,274,232,250,260,329,190,202,204,212,212,169,193,168,181,176,199,171,179,157,152,164,180,162,179,178,171,191,172,129,135,146,144,149,186,163,168,264,115,99,85,84,82,77,56,43,33,14,11,15,6,5,5,6,6,6,9,5,2,12,4,4,10,5,9,3,3,8,4,9,4,3,6,4,2,7,4,0,0,2,3,2,5,1,0,0,3,0,0,3,0,1,0,0,1,1,0,0,0,0,0,0,0,0,0,0,0,0,0,0,0,0,0,0,0,0,0,0,0,0,0,0,0,0,0,0,0,0,0,0,0,0,0,0,0,0,0,0,0,0,0,0,0,0,0,0,0,0,0
18.95,0,0,0,0,1,0,0,0,0,0,0,0,0,0,0,0,0,0,0,0,0,0,1,0,0,0,0,0,0,0,0,0,0,0,1,0,1,0,0,0,0,0,1,1,0,0,1,0,0,0,0,1,1,0,3,2,1,1,1,1,2,1,1,1,5,1,1,4,1,3,4,4,3,3,7,6,4,6,9,0,2,4,7,7,7,6,8,9,7,13,9,8,9,15,13,11,12,11,21,5,10,12,17,13,13,22,24,22,25,38,38,50,54,71,110,146,183,319,370,536,581,714,807,800,830,810,811,807,799,802,684,696,724,639,627,584,533,541,487,457,470,428,390,418,351,359,336,343,300,295,266,271,261,249,257,260,372,218,225,205,193,212,191,182,159,189,184,199,202,185,165,159,180,187,162,179,183,184,209,180,133,144,149,144,170,198,170,191,291,126,110,90,93,81,90,61,45,33,17,13,14,7,4,4,4,4,6,9,5,5,12,3,3,6,6,9,7,4,9,6,8,2,3,8,7,2,6,4,1,1,1,3,1,4,4,0,1,3,0,0,3,0,0,0,0,2,1,0,0,0,0,0,0,0,0,0,0,0,0,0,0,0,0,0,0,0,0,0,0,0,0,0,0,0,0,0,0,0,0,0,0,0,0,0,0,0,0,0,0,0,0,0,0,0,0,0,0,0,0,0
19.05,1,0,0,0,0,0,0,0,1,1,0,0,0,0,0,0,0,0,0,0,0,1,0,0,0,0,0,2,0,0,0,0,0,0,0,0,1,0,0,1,0,0,0,1,1,0,4,0,1,1,1,1,2,1,1,2,2,1,4,3,0,1,1,2,1,4,1,5,1,5,7,4,7,3,5,5,3,5,11,2,3,7,6,9,8,3,7,6,6,11,12,3,9,12,7,14,9,3,10,12,11,9,12,22,17,21,15,25,24,30,53,46,58,62,89,127,218,302,356,530,661,760,828,830,871,854,841,869,794,809,747,702,729,703,637,603,558,565,551,507,484,439,431,414,367,379,358,337,309,299,286,279,246,263,249,267,405,215,204,231,210,204,214,187,180,181,187,205,195,207,176,154,176,189,177,174,183,197,194,175,144,139,163,145,145,219,166,198,315,135,115,100,99,96,92,60,52,38,15,16,12,10,4,4,3,7,6,8,4,1,15,4,4,7,4,7,7,7,9,5,7,4,5,5,5,4,9,4,0,1,1,4,1,4,1,4,0,3,0,0,4,0,0,0,0,1,2,0,0,0,0,0,0,0,0,0,0,0,0,0,0,0,0,0,0,0,0,0,0,0,0,0,0,0,0,0,0,0,0,0,0,0,0,0,0,0,0,0,0,0,0,0,0,0,0,0,0,0,0,0
19.15,0,0,0,0,0,0,0,0,0,0,0,0,0,0,0,1,0,0,0,0,0,1,0,0,1,0,0,0,0,0,0,1,0,0,0,0,0,0,1,1,0,0,0,0,1,0,2,1,0,1,0,1,2,0,1,1,2,2,0,2,1,4,1,2,9,2,1,0,2,6,5,10,6,4,4,8,7,7,6,7,7,6,5,5,7,16,10,12,15,21,11,22,27,18,20,18,25,18,25,17,23,24,27,28,28,36,31,26,39,48,43,57,55,58,106,162,235,309,403,515,665,746,824,833,855,865,855,866,805,801,778,683,740,691,642,626,602,579,557,524,493,471,419,450,395,396,375,340,319,296,303,292,265,275,253,263,377,224,209,237,219,222,214,193,192,175,180,212,188,208,179,151,172,197,176,171,183,196,197,178,150,144,159,143,150,213,164,178,319,130,115,98,94,93,87,60,53,37,15,15,11,10,4,4,3,7,6,8,4,1,15,5,4,7,4,7,7,6,9,5,7,4,5,5,5,4,9,4,0,1,1,4,1,4,1,4,0,3,0,0,4,0,0,0,0,1,2,0,0,0,0,0,0,0,0,0,0,0,0,0,0,0,0,0,0,0,0,0,0,0,0,0,0,0,0,0,0,0,0,0,0,0,0,0,0,0,0,0,0,0,0,0,0,0,0,0,0,0,0,0
19.25,0,0,0,0,0,0,0,0,0,0,0,0,0,0,0,0,0,0,0,1,1,0,0,0,0,0,0,1,2,0,0,0,0,0,1,0,1,3,0,1,1,0,0,1,2,0,0,1,2,0,0,2,3,1,4,0,0,2,2,2,7,2,2,4,3,2,4,4,1,6,4,9,7,3,8,7,7,3,13,9,2,7,16,9,12,7,19,13,12,11,23,19,24,22,18,32,27,29,26,33,36,29,30,30,44,35,41,54,51,49,58,72,77,92,91,142,219,306,436,522,705,743,858,803,911,891,845,891,843,849,788,707,769,699,635,659,595,598,591,513,495,500,448,447,394,402,380,346,313,310,311,307,274,277,271,279,386,215,223,237,229,228,232,184,170,187,178,218,193,202,202,160,181,198,183,169,184,196,202,181,148,136,164,147,139,215,157,182,320,126,110,99,93,92,88,62,49,37,16,15,11,10,4,5,3,7,6,8,6,1,14,6,4,7,4,7,7,6,9,5,8,4,5,5,5,4,9,4,0,1,1,4,1,4,1,4,0,3,0,0,4,0,0,0,0,1,2,0,0,0,0,0,0,0,0,0,0,0,0,0,0,0,0,0,0,0,0,0,0,0,0,0,0,0,0,0,0,0,0,0,0,0,0,0,0,0,0,0,0,0,0,0,0,0,0,0,0,0,0,0
19.35,0,0,0,0,0,0,1,0,1,0,0,1,0,0,0,0,0,0,0,0,0,0,0,0,0,0,1,1,0,0,2,0,0,0,2,1,0,0,1,1,0,1,1,1,0,1,0,1,1,1,2,1,1,2,0,3,0,1,0,1,2,4,2,3,2,1,6,2,6,1,5,3,2,7,8,8,9,6,9,8,6,14,6,11,12,7,16,17,18,18,21,18,20,24,21,28,22,31,32,33,28,40,34,50,35,45,51,62,54,69,66,68,81,69,102,171,224,332,440,563,747,811,883,875,912,886,905,870,861,873,819,771,755,688,692,647,606,610,565,561,526,497,455,468,419,413,367,362,333,295,301,325,290,308,268,292,406,236,235,243,252,228,227,193,185,192,184,220,192,200,187,175,189,213,192,173,193,202,197,183,159,146,162,135,139,218,163,175,325,125,107,95,94,89,88,61,50,38,16,15,12,9,5,4,2,7,6,7,7,1,14,4,3,7,5,7,7,6,8,4,8,4,5,5,5,4,9,4,0,1,1,4,1,4,1,4,0,3,0,0,4,0,0,0,0,1,2,0,0,0,0,0,0,0,0,0,0,0,0,0,0,0,0,0,0,0,0,0,0,0,0,0,0,0,0,0,0,0,0,0,0,0,0,0,0,0,0,0,0,0,0,0,0,0,0,0,0,0,0,0
19.45,0,0,0,0,0,0,0,0,0,0,0,0,0,0,1,0,0,0,0,0,0,0,0,0,1,0,0,0,0,0,0,0,0,0,1,1,1,0,1,1,0,0,0,1,1,0,2,0,0,1,1,1,2,4,0,2,1,6,1,1,0,1,3,5,8,1,5,2,1,3,5,9,7,4,3,5,6,11,7,9,11,10,8,14,13,14,20,12,12,18,19,16,31,19,22,19,27,34,30,38,37,39,44,48,53,34,67,70,61,54,76,63,95,81,112,176,223,320,433,569,716,833,911,925,998,878,912,860,881,940,782,811,744,717,717,666,599,642,579,554,519,517,495,442,437,420,410,365,322,325,339,326,283,288,280,312,398,229,237,252,235,249,225,205,185,197,198,222,197,198,196,165,189,220,199,193,193,206,190,192,157,140,166,153,148,211,159,177,312,121,112,94,93,89,89,58,49,37,18,15,12,9,4,3,3,7,6,8,5,2,13,4,4,7,4,7,8,6,8,4,7,4,5,5,5,4,9,4,0,2,1,4,1,4,1,4,0,3,0,0,4,0,0,0,0,1,2,0,0,0,0,0,0,0,0,0,0,0,0,0,0,0,0,0,0,0,0,0,0,0,0,0,0,0,0,0,0,0,0,0,0,0,0,0,0,0,0,0,0,0,0,0,0,0,0,0,0,0,0,0
19.55,0,0,0,0,0,0,0,0,0,0,0,1,0,0,0,0,0,0,0,0,0,0,0,0,2,0,0,0,1,0,1,0,1,0,1,2,0,0,2,0,2,0,0,1,2,0,1,1,2,0,1,0,1,1,2,0,3,0,2,0,1,4,0,6,2,4,3,1,4,4,1,3,3,7,5,5,12,4,6,6,10,5,13,11,10,14,18,14,15,17,43,25,25,26,28,20,33,28,25,34,48,25,40,50,48,46,65,70,50,61,82,66,68,82,130,200,232,334,458,584,720,813,915,928,992,946,930,905,889,916,825,821,770,710,743,672,639,644,627,536,549,515,485,464,427,427,398,382,322,333,338,346,279,301,298,290,393,261,238,258,253,247,234,222,199,214,207,221,207,207,194,168,182,212,204,182,199,216,205,197,156,144,171,148,156,204,158,180,313,125,118,94,92,89,86,60,49,38,18,15,11,11,5,4,2,7,6,9,5,1,15,4,3,7,4,8,7,7,9,4,7,4,5,5,5,3,9,4,0,2,1,4,2,4,1,4,0,3,0,0,4,0,0,0,0,1,2,0,0,0,0,0,0,0,0,0,0,0,0,0,0,0,0,0,0,0,0,0,0,0,0,0,0,0,0,0,0,0,0,0,0,0,0,0,0,0,0,0,0,0,0,0,0,0,0,0,0,0,0,0
19.65,0,0,0,0,0,0,0,0,0,1,0,0,0,0,1,0,0,0,0,0,0,0,0,0,0,1,1,0,1,0,0,0,0,1,1,0,1,0,0,0,0,0,1,0,0,2,2,0,0,2,1,1,1,0,1,0,4,2,2,1,1,7,0,6,5,5,4,3,6,5,4,3,9,9,10,8,7,9,6,10,11,11,8,7,17,16,19,19,16,19,26,20,19,17,21,24,25,28,34,49,36,37,45,42,51,68,57,75,59,61,81,85,93,93,125,187,245,345,442,625,768,852,948,998,1043,955,956,932,920,908,844,834,842,749,731,717,670,636,642,542,533,522,497,491,439,453,411,359,335,345,328,333,310,307,287,290,396,260,254,256,261,247,247,236,198,207,238,241,212,192,201,175,197,224,204,181,218,205,221,197,168,161,186,162,151,216,158,184,304,128,122,94,91,91,88,57,49,37,16,14,10,10,5,6,3,8,7,9,5,2,16,4,3,7,4,7,7,7,8,4,8,4,5,5,6,3,9,4,0,1,1,4,2,4,2,4,0,3,0,0,4,0,0,0,0,1,2,0,0,0,0,0,0,0,0,0,0,0,0,0,0,0,0,0,0,0,0,0,0,0,0,0,0,0,0,0,0,0,0,0,0,0,0,0,0,0,0,0,0,0,0,0,0,0,0,0,0,0,0,0
19.75,0,0,0,0,0,0,0,0,0,0,0,1,0,0,0,0,0,1,0,0,0,0,0,0,1,2,1,0,0,0,0,0,0,0,0,0,1,0,2,0,1,0,2,0,1,0,1,0,1,2,1,3,1,3,0,2,2,1,2,2,3,5,4,0,4,2,1,4,3,2,8,4,7,3,10,7,6,7,5,18,6,2,9,9,11,10,13,10,11,13,17,29,30,27,31,29,29,23,31,31,32,48,45,41,58,44,62,60,73,64,57,74,90,87,145,187,289,358,437,626,758,880,944,1040,1032,997,998,939,983,907,853,835,862,783,747,730,703,626,636,571,524,552,492,507,480,465,422,386,372,319,340,356,321,310,316,305,389,257,271,273,248,260,238,220,225,213,231,232,222,185,221,192,182,227,219,196,222,217,208,206,186,164,190,169,171,211,177,193,314,135,126,100,92,92,89,60,50,42,16,15,10,8,4,5,3,7,6,8,6,2,13,6,3,11,4,7,7,6,7,4,9,4,6,5,5,3,9,4,0,2,1,4,1,4,1,5,0,4,0,0,4,0,0,0,0,1,2,0,0,0,0,0,0,0,0,0,0,0,0,0,0,0,0,0,0,0,0,0,0,0,0,0,0,0,0,0,0,0,0,0,0,0,0,0,0,0,0,0,0,0,0,0,0,0,0,0,0,0,0,0
19.85,0,0,0,0,0,0,0,0,0,0,0,0,0,0,0,0,0,0,0,0,0,0,0,0,0,0,0,1,1,0,0,0,0,2,0,0,0,1,1,0,0,0,0,1,1,1,1,0,0,1,3,1,1,1,0,2,1,2,1,2,1,2,1,3,1,3,4,3,3,5,1,4,6,3,8,7,8,10,6,8,9,17,8,15,15,10,16,17,12,16,21,20,25,23,22,25,26,32,28,31,32,29,41,36,49,45,52,53,61,70,69,98,74,101,128,219,304,372,478,661,816,871,988,1054,1077,1000,1057,989,975,979,867,873,870,823,772,754,710,646,613,590,555,532,539,509,474,479,455,422,373,340,331,351,292,319,301,307,437,280,260,268,270,289,233,237,205,206,236,248,210,226,207,201,210,219,216,218,222,238,236,195,170,179,200,187,184,218,194,212,331,137,141,99,98,91,99,59,51,41,19,15,11,9,5,3,4,6,8,9,6,1,13,5,4,7,4,8,9,7,7,6,7,5,5,5,6,3,9,4,0,2,1,4,1,5,1,4,0,4,1,0,4,0,0,0,0,1,2,0,0,0,0,0,0,0,0,0,0,0,0,0,0,0,0,0,0,0,0,0,0,0,0,0,0,0,0,0,0,0,0,0,0,0,0,0,0,0,0,0,0,0,0,0,0,0,0,0,0,0,0,0
19.95,0,0,0,0,0,0,0,0,0,0,0,0,1,0,1,0,0,0,0,0,1,0,0,0,1,0,0,0,0,1,0,0,1,0,0,1,0,0,0,0,2,2,1,1,1,1,0,0,0,0,0,0,2,0,1,3,0,2,0,0,1,3,5,3,3,6,2,1,5,3,3,4,3,6,7,4,8,6,9,12,6,7,11,4,10,11,7,8,10,10,14,7,17,8,24,11,8,12,13,12,20,19,15,29,23,33,28,46,44,41,63,77,93,107,148,220,315,421,544,690,804,908,1030,1078,1131,1048,1103,1024,999,990,902,904,889,808,786,741,725,658,638,584,591,556,500,536,471,511,447,419,404,363,354,350,326,303,285,311,474,265,263,293,261,296,256,227,204,222,253,240,231,210,236,207,210,251,226,226,248,229,235,225,180,178,191,183,189,253,204,237,340,156,144,130,114,104,99,63,54,42,17,17,14,9,4,3,2,7,8,8,8,4,13,3,4,8,7,8,8,5,8,6,8,4,7,8,7,4,9,4,0,1,1,4,1,4,2,4,1,2,0,1,5,0,0,0,0,1,2,0,0,0,0,0,0,0,0,0,0,0,0,0,0,0,0,0,0,0,0,0,0,0,0,0,0,0,0,0,0,0,0,0,0,0,0,0,0,0,0,0,0,0,0,0,0,0,0,0,0,0,0,0
20.05,0,0,0,0,0,0,0,0,0,0,0,0,0,0,0,0,0,0,0,1,0,0,0,0,0,0,0,0,0,0,0,0,0,0,1,0,0,1,1,0,0,0,2,0,0,3,1,0,0,1,0,1,2,0,1,0,1,3,1,1,1,0,4,2,3,5,4,2,4,4,5,5,4,5,3,5,10,2,9,6,6,7,4,13,7,11,8,11,10,7,10,21,12,15,7,7,9,17,17,19,10,20,27,17,27,26,22,38,40,36,56,65,80,99,154,228,326,414,568,706,839,975,1066,1096,1166,1061,1077,1053,1031,1020,980,920,919,861,794,727,750,684,630,616,600,553,543,526,516,520,461,400,427,380,371,330,336,315,294,301,491,278,272,281,262,273,250,242,221,213,249,251,240,236,203,211,220,240,240,213,246,259,245,211,200,164,186,205,187,244,212,226,392,140,162,129,115,111,114,71,52,45,15,20,15,11,6,3,2,7,5,8,6,4,14,5,4,8,4,9,9,6,7,7,9,5,5,6,7,5,11,5,0,1,2,4,1,5,1,4,1,3,0,0,5,1,0,0,0,1,2,0,0,0,0,0,0,0,0,0,0,0,0,0,0,0,0,0,0,0,0,0,0,0,0,0,0,0,0,0,0,0,0,0,0,0,0,0,0,0,0,0,0,0,0,0,0,0,0,0,0,0,0,0
20.15,0,0,0,0,0,0,0,0,0,0,0,0,1,0,0,0,0,0,0,0,0,0,0,0,0,2,0,0,0,0,0,1,0,1,0,0,2,2,2,0,0,1,1,0,1,0,0,1,1,1,3,1,1,2,4,1,0,2,3,2,1,3,3,1,10,3,2,4,3,6,5,3,3,9,5,3,8,7,9,13,10,20,12,17,17,13,17,12,23,25,20,24,26,30,29,18,23,37,24,30,27,41,40,41,32,37,48,54,42,49,75,75,98,112,162,216,320,391,594,734,822,951,1063,1095,1165,1115,1087,1121,1022,1023,971,927,932,857,805,727,765,727,626,640,624,558,563,558,509,532,467,437,417,392,361,341,336,332,311,299,481,284,272,289,267,270,259,252,234,220,251,252,238,236,207,206,228,229,240,215,247,243,240,204,197,161,188,200,180,243,213,218,386,140,156,119,115,111,110,66,51,44,16,20,15,11,6,3,2,7,5,8,6,4,14,5,4,7,4,9,9,5,7,7,9,5,5,6,7,5,11,5,0,1,2,4,1,5,1,4,1,3,0,0,5,1,0,0,0,1,2,0,0,0,0,0,0,0,0,0,0,0,0,0,0,0,0,0,0,0,0,0,0,0,0,0,0,0,0,0,0,0,0,0,0,0,0,0,0,0,0,0,0,0,0,0,0,0,0,0,0,0,0,0
20.25,0,0,0,0,0,0,1,0,0,0,0,0,0,0,0,0,0,0,0,0,0,0,0,0,0,0,0,0,0,2,0,0,0,0,0,0,1,0,0,0,0,0,3,0,3,0,2,2,1,0,1,0,0,1,1,5,2,3,4,3,2,5,3,3,1,3,5,7,3,6,9,6,2,8,9,7,3,14,12,9,15,9,11,11,10,13,13,22,24,21,29,26,31,34,36,18,24,41,43,49,48,45,44,48,39,41,60,77,62,67,86,73,91,130,158,219,338,394,604,743,849,1002,1064,1122,1165,1150,1095,1120,1071,1010,1010,951,957,862,827,752,761,727,658,677,609,559,571,597,510,489,521,407,416,385,362,368,352,337,306,328,452,284,277,295,261,283,271,271,243,236,242,264,233,219,223,218,210,230,252,211,246,243,244,211,189,159,180,202,184,234,202,211,367,142,152,118,113,108,110,64,51,44,17,20,15,11,6,3,2,8,5,7,6,4,14,5,4,8,4,9,9,5,7,7,9,5,5,6,7,5,11,5,0,1,2,4,1,5,1,4,1,3,0,0,5,1,0,0,0,1,2,0,0,0,0,0,0,0,0,0,0,0,0,0,0,0,0,0,0,0,0,0,0,0,0,0,0,0,0,0,0,0,0,0,0,0,0,0,0,0,0,0,0,0,0,0,0,0,0,0,0,0,0,0
20.35,0,0,0,0,0,0,0,0,0,0,0,0,0,0,0,0,1,1,0,0,0,0,0,0,0,0,1,0,1,0,0,1,0,0,1,0,0,1,1,1,2,0,1,1,1,0,0,1,2,1,2,1,1,0,2,2,3,2,4,2,4,1,2,4,2,5,4,6,1,6,6,6,5,7,8,9,7,9,5,9,7,12,11,18,13,12,24,19,13,28,19,21,27,30,26,31,27,34,42,42,47,51,54,50,62,58,70,76,66,66,77,92,87,142,166,205,345,416,594,745,892,980,1111,1160,1174,1136,1081,1154,1082,1078,1016,1001,954,870,844,763,792,729,710,683,635,606,589,540,499,552,524,417,422,396,363,368,341,336,316,326,469,263,301,280,276,285,277,260,260,254,243,267,243,219,240,212,220,222,253,215,251,252,241,220,184,153,184,195,178,242,202,215,361,136,154,118,108,111,106,64,54,45,16,24,15,11,5,3,2,7,5,7,7,5,12,7,4,7,4,9,9,5,7,7,9,5,5,6,7,4,11,5,0,1,2,4,1,5,1,4,1,3,0,0,5,1,0,0,0,1,2,0,0,0,0,0,0,0,0,0,0,0,0,0,0,0,0,0,0,0,0,0,0,0,0,0,0,0,0,0,0,0,0,0,0,0,0,0,0,0,0,0,0,0,0,0,0,0,0,0,0,0,0,0
20.45,0,0,0,0,0,1,0,0,0,1,0,0,1,0,0,0,0,0,0,0,0,0,0,0,0,0,0,0,0,0,0,0,0,1,1,0,0,0,1,1,1,0,0,2,0,2,0,3,1,6,0,0,2,1,2,5,3,1,1,3,4,3,5,4,1,8,6,7,6,6,6,12,4,9,11,7,12,19,9,10,7,12,16,14,19,18,25,19,28,23,26,24,33,41,34,40,56,31,40,45,41,51,53,46,48,62,76,68,79,78,89,94,112,106,146,227,353,422,596,700,909,1031,1059,1232,1126,1180,1134,1194,1110,1107,1033,1065,973,851,847,734,803,750,728,699,658,602,593,531,529,534,527,431,408,399,394,373,349,327,304,326,470,290,298,285,281,304,277,273,261,214,263,259,258,231,232,229,212,238,250,217,258,255,253,214,196,159,181,192,184,240,197,219,360,138,152,119,110,108,106,65,54,44,15,20,15,12,6,6,4,8,5,7,7,5,12,5,4,7,5,10,9,5,7,6,10,6,5,6,7,4,11,5,0,1,2,4,1,5,1,4,1,3,0,0,5,1,0,0,0,1,2,0,0,0,0,0,0,0,0,0,0,0,0,0,0,0,0,0,0,0,0,0,0,0,0,0,0,0,0,0,0,0,0,0,0,0,0,0,0,0,0,0,0,0,0,0,0,0,0,0,0,0,0,0
20.55,1,0,0,0,0,0,0,0,0,0,0,0,0,0,1,0,0,0,0,0,0,0,1,0,0,0,0,0,0,0,0,1,0,1,0,1,1,0,0,2,1,0,2,2,1,1,4,1,6,1,2,2,3,1,3,4,5,3,3,4,1,5,1,3,2,4,3,10,7,9,7,11,4,9,12,12,13,7,8,6,14,13,14,8,9,24,20,18,11,28,26,21,28,24,39,40,37,49,37,48,49,48,64,63,71,51,69,99,73,93,91,96,116,126,170,205,343,431,608,742,893,1069,1130,1189,1181,1209,1177,1142,1130,1120,1038,1058,1024,867,816,787,811,791,703,695,705,599,587,586,515,523,517,439,431,423,404,375,355,348,333,324,486,295,285,297,261,309,294,277,236,235,263,273,260,233,238,219,222,224,268,227,251,264,263,208,201,173,179,200,193,234,199,218,356,140,149,122,107,109,107,67,54,44,16,21,14,12,5,3,3,10,5,10,7,5,15,5,4,8,5,8,10,5,9,6,9,6,5,6,7,4,10,6,0,1,2,4,1,5,1,4,1,3,0,0,5,1,0,0,0,1,2,0,0,0,0,0,0,0,0,0,0,0,0,0,0,0,0,0,0,0,0,0,0,0,0,0,0,0,0,0,0,0,0,0,0,0,0,0,0,0,0,0,0,0,0,0,0,0,0,0,0,0,0,0
20.65,0,0,0,0,0,0,0,0,0,0,0,0,0,0,0,0,1,0,0,0,0,0,0,0,0,0,0,0,1,0,0,0,0,1,1,0,1,1,1,0,1,2,1,1,5,3,0,1,1,2,1,2,2,3,3,2,2,2,0,2,3,3,5,4,5,4,6,5,4,4,4,5,4,12,13,9,7,8,18,15,12,21,11,16,20,15,14,16,32,25,28,37,23,37,29,30,35,43,34,54,58,47,62,64,67,72,73,62,74,78,112,97,152,137,180,271,343,442,629,786,890,1103,1130,1259,1166,1232,1233,1171,1136,1165,1083,1047,1013,900,885,758,858,814,710,695,687,615,623,577,531,545,537,433,437,430,402,397,367,359,335,347,481,305,307,293,316,309,273,282,246,237,259,256,267,244,251,213,236,235,251,229,261,269,240,225,196,182,198,200,205,234,206,214,355,145,149,120,110,112,111,66,53,43,20,19,16,14,5,4,3,8,4,7,9,5,12,6,5,8,6,8,9,7,7,7,10,6,6,6,8,4,10,5,0,1,2,4,2,5,1,4,1,3,0,0,5,1,0,0,0,1,2,0,0,0,0,0,0,0,0,0,0,0,0,0,0,0,0,0,0,0,0,0,0,0,0,0,0,0,0,0,0,0,0,0,0,0,0,0,0,0,0,0,0,0,0,0,0,0,0,0,0,0,0,0
20.75,0,0,0,0,0,0,0,0,0,0,0,0,0,0,0,0,0,0,0,0,1,0,1,0,0,0,0,0,0,0,1,2,0,1,1,1,1,2,0,0,0,1,0,3,3,1,0,0,2,2,0,2,1,1,1,3,0,1,2,3,3,2,1,3,8,5,7,3,4,5,4,4,8,8,8,7,11,10,13,13,14,11,17,19,18,19,20,16,17,18,23,27,34,31,45,24,33,47,33,44,42,54,49,53,57,60,64,84,75,72,95,97,132,158,185,221,337,458,639,825,909,1093,1179,1284,1187,1276,1202,1239,1141,1198,1070,1023,1032,922,910,808,862,832,738,700,683,657,624,589,535,573,544,445,399,461,430,373,393,377,368,356,488,312,289,304,278,322,267,302,275,240,260,278,265,234,254,242,239,240,280,236,271,256,250,211,194,185,188,211,220,241,207,241,366,152,147,118,105,122,106,68,55,45,15,20,16,15,6,5,4,7,3,7,6,5,13,6,5,8,6,9,7,7,7,8,9,6,7,8,8,4,11,5,0,1,2,5,1,5,1,5,1,3,0,0,5,1,0,0,0,1,2,0,0,0,0,0,0,0,0,0,0,0,0,0,0,0,0,0,0,0,0,0,0,0,0,0,0,0,0,0,0,0,0,0,0,0,0,0,0,0,0,0,0,0,0,0,0,0,0,0,0,0,0,0
20.85,0,0,0,0,0,0,0,0,0,0,0,0,0,0,0,0,0,0,0,1,0,0,1,0,0,0,0,0,1,0,1,0,0,0,1,0,0,0,1,0,0,1,0,0,1,1,1,1,1,4,1,2,2,0,2,1,1,2,2,2,5,2,2,2,4,2,4,6,5,8,4,3,4,7,12,7,6,8,18,14,7,12,13,8,14,15,17,17,19,22,23,25,27,22,26,33,27,30,34,41,34,38,32,44,48,63,60,68,73,77,91,105,132,140,187,254,370,470,652,807,949,1142,1198,1320,1257,1284,1287,1250,1205,1195,1076,1027,1064,964,902,835,821,867,778,694,698,637,651,609,538,578,568,417,413,451,419,405,381,394,366,359,507,322,311,299,309,323,268,307,260,263,278,288,272,246,251,233,259,252,304,224,284,274,277,239,192,180,205,209,210,267,221,246,353,161,164,129,113,112,115,72,62,44,18,20,16,11,7,4,4,7,6,8,6,5,12,5,8,9,5,7,10,5,9,6,10,5,6,8,10,5,11,6,0,1,2,4,1,5,1,6,1,3,1,0,5,1,0,0,0,1,2,0,0,0,0,0,0,0,0,0,0,0,0,0,0,0,0,0,0,0,0,0,0,0,0,0,0,0,0,0,0,0,0,0,0,0,0,0,0,0,0,0,0,0,0,0,0,0,0,0,0,0,0,0
20.95,0,0,0,0,0,0,0,0,0,0,0,0,0,0,0,0,0,0,0,0,0,0,1,0,0,0,0,0,0,0,0,1,0,0,0,0,0,0,0,1,0,0,1,0,1,0,0,2,0,0,0,3,0,0,1,0,2,2,0,2,4,3,7,2,2,2,3,4,2,4,10,4,4,3,9,4,3,11,7,10,15,10,8,9,12,18,7,14,12,13,13,11,17,20,12,15,26,21,17,23,26,22,31,23,25,36,40,47,60,58,70,91,112,152,192,262,394,520,683,825,1017,1141,1225,1286,1273,1319,1339,1292,1214,1249,1126,1051,1054,986,962,821,868,868,783,733,722,656,634,622,579,631,562,479,411,439,435,414,376,353,362,395,532,319,335,332,306,337,273,302,276,281,286,302,268,252,262,237,257,277,301,243,304,283,294,227,197,207,203,212,214,263,237,265,383,161,171,134,119,124,125,77,62,45,22,19,17,11,8,4,5,7,6,9,7,5,13,5,5,9,9,8,7,5,9,8,10,5,6,7,9,4,12,6,3,1,3,4,1,6,1,4,1,3,1,0,7,1,0,0,0,1,2,0,0,0,0,0,0,0,0,0,0,0,0,0,0,0,0,0,0,0,0,0,0,0,0,0,0,0,0,0,0,0,0,0,0,0,0,0,0,0,0,0,0,0,0,0,0,0,0,0,0,0,0,0
21.05,0,0,0,0,0,0,0,0,0,0,0,0,0,0,0,0,0,0,1,0,2,0,1,0,0,1,0,0,0,0,1,0,0,1,1,1,0,0,0,0,0,2,0,0,1,0,1,0,2,3,2,1,2,1,3,1,3,3,2,2,5,6,3,3,2,2,4,4,7,2,6,4,5,6,8,10,5,5,9,6,5,6,7,9,19,18,18,11,9,13,9,13,24,10,12,21,18,15,12,16,17,16,19,26,29,33,36,38,61,55,72,72,111,156,182,269,385,541,682,884,1082,1137,1278,1340,1305,1331,1349,1304,1213,1206,1158,1068,1070,1020,982,861,862,879,821,734,714,674,624,627,572,623,577,493,472,426,426,394,373,348,352,399,578,340,307,331,318,356,282,301,299,277,275,327,277,257,247,235,265,273,281,255,305,313,308,237,191,213,216,220,219,267,239,259,394,166,176,144,130,122,126,87,64,53,17,25,14,14,5,3,5,8,8,10,8,5,13,4,4,9,9,9,8,4,9,9,11,6,6,7,7,6,11,7,1,3,3,4,2,5,1,4,1,4,0,0,6,2,1,0,0,1,2,0,0,0,0,0,0,0,0,0,0,0,0,0,0,0,0,0,0,0,0,0,0,0,0,0,0,0,0,0,0,0,0,0,0,0,0,0,0,0,0,0,0,0,0,0,0,0,0,0,0,0,0,0
21.15,0,0,0,0,0,0,0,0,0,0,0,0,0,0,0,0,0,0,0,0,1,0,0,1,0,1,0,0,0,0,0,2,0,1,1,0,1,0,1,0,0,1,3,1,1,1,1,0,1,1,1,2,2,5,1,1,1,3,1,5,4,3,4,6,5,2,7,7,7,12,8,11,4,5,6,9,12,7,16,15,14,11,18,20,21,17,28,16,17,26,27,34,31,24,26,35,29,39,36,44,38,42,54,45,57,55,53,60,55,67,90,81,126,144,187,258,362,550,680,850,1028,1171,1297,1365,1281,1378,1324,1343,1293,1198,1168,1083,1127,1027,999,854,862,891,831,734,706,682,626,628,618,592,623,509,464,421,443,386,373,364,361,387,571,355,314,336,305,362,303,307,302,265,275,307,269,257,256,242,277,264,281,251,294,300,295,239,192,214,214,217,229,248,230,252,395,157,180,143,123,123,120,87,64,49,18,25,14,14,5,3,4,7,8,10,8,5,13,5,6,8,9,9,6,4,8,9,11,6,6,7,7,5,11,7,1,2,3,4,2,5,1,4,1,3,0,0,6,2,1,0,0,1,2,0,0,0,0,0,0,0,0,0,0,0,0,0,0,0,0,0,0,0,0,0,0,0,0,0,0,0,0,0,0,0,0,0,0,0,0,0,0,0,0,0,0,0,0,0,0,0,0,0,0,0,0,0
21.25,0,0,0,0,0,0,0,0,0,0,0,0,0,0,0,0,1,1,0,0,1,1,0,0,0,1,0,0,1,1,0,0,1,1,1,0,2,1,1,0,0,1,1,1,1,1,1,0,0,1,0,3,1,0,2,5,0,5,6,4,7,3,7,8,4,4,12,5,7,3,7,10,11,16,8,10,8,10,9,22,13,10,16,16,21,12,20,23,25,23,21,37,40,40,40,41,45,39,42,44,49,53,53,57,59,72,60,69,81,74,94,90,141,150,219,261,355,575,710,806,1071,1191,1344,1380,1331,1412,1335,1340,1329,1238,1214,1100,1159,1039,1013,917,885,907,832,755,704,686,659,653,600,619,600,520,493,456,462,396,390,348,382,386,567,334,319,338,322,362,300,308,288,274,265,312,285,268,257,247,270,254,275,259,291,302,292,233,196,219,205,215,236,244,235,242,389,155,169,142,121,122,121,85,65,49,17,25,16,14,4,3,4,7,8,12,9,5,12,6,4,8,9,9,6,4,7,9,11,6,5,7,7,5,11,7,1,2,2,4,2,5,1,4,1,3,0,0,6,2,1,0,0,1,2,0,0,0,0,0,0,0,0,0,0,0,0,0,0,0,0,0,0,0,0,0,0,0,0,0,0,0,0,0,0,0,0,0,0,0,0,0,0,0,0,0,0,0,0,0,0,0,0,0,0,0,0,0
21.35,0,0,0,0,0,0,0,0,0,0,0,1,0,1,0,0,1,0,0,0,0,0,0,0,0,0,1,0,0,0,0,1,3,0,0,1,0,0,1,1,0,1,0,1,3,0,1,2,0,1,2,3,1,3,3,4,1,1,0,4,4,2,3,8,1,3,5,4,4,7,10,10,7,7,10,8,16,17,14,13,20,10,22,14,20,22,15,24,27,30,23,29,33,32,38,51,44,46,52,49,63,79,59,61,68,89,79,76,88,84,115,100,122,158,224,261,364,612,704,848,1113,1174,1350,1357,1381,1433,1352,1317,1295,1264,1198,1125,1173,1065,1027,908,873,916,835,752,725,711,643,649,622,640,607,542,495,459,463,415,378,376,372,403,549,369,318,324,321,367,297,297,296,268,288,306,286,268,269,255,265,261,281,257,296,308,288,228,198,215,207,210,234,251,228,240,378,158,169,139,125,118,119,86,67,51,18,25,15,12,6,3,4,9,8,10,8,5,12,5,5,8,9,9,6,4,7,9,11,6,4,6,7,5,11,7,1,2,2,4,2,5,1,4,1,3,0,0,6,2,1,0,0,1,2,0,0,0,0,0,0,0,0,0,0,0,0,0,0,0,0,0,0,0,0,0,0,0,0,0,0,0,0,0,0,0,0,0,0,0,0,0,0,0,0,0,0,0,0,0,0,0,0,0,0,0,0,0
21.45,0,0,0,0,0,0,0,0,0,0,0,0,0,0,0,1,0,1,0,0,0,1,1,0,0,2,1,2,0,0,0,2,2,0,1,1,1,0,1,0,0,0,0,0,0,3,1,2,1,1,3,1,2,6,1,2,4,3,10,5,1,5,4,2,6,3,2,6,5,8,5,8,10,10,6,16,12,12,11,15,16,11,7,13,20,17,23,25,32,31,26,34,42,37,38,37,41,57,53,60,51,53,70,69,80,80,84,79,95,94,115,105,130,148,226,263,388,584,748,903,1106,1252,1374,1395,1430,1426,1361,1322,1380,1290,1254,1122,1161,1082,1042,927,913,873,845,803,717,733,697,648,617,635,624,536,491,470,467,427,380,374,387,405,551,346,316,320,352,346,332,315,296,260,272,335,289,266,255,269,279,271,284,265,298,303,289,238,212,219,198,208,226,256,220,231,375,165,172,138,123,116,121,81,68,49,19,24,16,14,5,3,5,8,7,10,7,6,11,5,4,8,9,10,7,4,6,9,12,6,4,5,8,5,11,7,1,2,2,4,2,5,1,4,1,3,0,0,6,2,1,0,0,1,2,0,0,0,0,0,0,0,0,0,0,0,0,0,0,0,0,0,0,0,0,0,0,0,0,0,0,0,0,0,0,0,0,0,0,0,0,0,0,0,0,0,0,0,0,0,0,0,0,0,0,0,0,0
21.55,0,0,0,0,0,0,0,0,0,0,0,2,0,1,1,0,0,0,0,0,0,0,0,0,0,0,0,1,0,0,0,1,1,0,0,0,1,0,0,0,2,0,3,0,1,2,1,0,2,2,0,2,1,3,4,1,3,5,5,3,3,2,4,9,3,3,3,6,4,12,6,10,8,5,8,16,8,8,8,16,8,13,9,14,22,26,22,29,27,28,23,41,27,30,28,37,44,43,52,56,51,56,62,80,85,77,100,92,106,100,117,117,131,159,232,270,379,575,766,931,1154,1236,1329,1398,1416,1486,1461,1333,1373,1297,1243,1174,1201,1059,1051,910,920,863,811,815,741,699,689,650,644,626,619,546,538,462,476,427,407,375,414,389,550,363,329,339,323,375,323,313,305,281,275,332,287,269,275,264,274,271,297,258,316,304,298,235,208,219,213,214,219,255,215,241,375,163,172,140,121,118,122,77,68,49,18,22,14,13,5,4,4,6,8,12,7,6,11,5,6,8,8,9,6,4,6,10,11,7,4,5,7,5,11,7,3,2,2,4,2,4,1,4,1,3,0,0,6,2,1,0,0,1,2,0,0,0,0,0,0,0,0,0,0,0,0,0,0,0,0,0,0,0,0,0,0,0,0,0,0,0,0,0,0,0,0,0,0,0,0,0,0,0,0,0,0,0,0,0,0,0,0,0,0,0,0,0
21.65,0,0,0,0,0,0,0,0,0,0,0,0,0,0,0,0,1,0,1,0,1,0,1,0,0,0,1,0,0,1,0,1,1,0,2,0,1,2,0,0,0,0,1,1,1,1,2,2,2,7,1,2,2,2,3,2,3,3,5,6,4,5,3,1,7,7,10,10,9,11,13,10,12,11,11,7,7,13,19,16,21,21,27,12,25,17,24,19,26,28,22,31,30,45,45,52,48,43,50,64,72,61,69,61,89,71,68,82,102,117,104,117,139,152,242,291,443,573,797,957,1193,1266,1374,1417,1464,1484,1420,1389,1357,1265,1295,1175,1160,1095,1059,936,954,885,844,830,759,730,674,684,661,625,636,562,507,497,484,420,407,416,415,432,564,361,336,345,334,374,321,317,310,288,287,330,298,273,263,261,266,271,286,289,319,317,308,247,216,212,215,220,239,247,217,254,363,166,171,137,120,118,122,76,68,52,18,22,14,13,4,4,6,6,8,9,9,5,11,6,6,8,10,9,6,4,7,9,11,5,4,6,7,6,11,7,1,2,2,5,2,5,1,4,1,3,0,0,6,2,1,0,0,1,2,0,0,0,0,0,0,0,0,0,0,0,0,0,0,0,0,0,0,0,0,0,0,0,0,0,0,0,0,0,0,0,0,0,0,0,0,0,0,0,0,0,0,0,0,0,0,0,0,0,0,0,0,0
21.75,0,0,0,0,0,0,0,1,0,0,0,0,0,0,1,1,0,1,0,0,0,0,2,0,3,0,1,0,0,0,0,2,2,1,2,0,1,0,0,0,1,1,0,2,0,2,1,2,1,2,4,2,0,1,1,1,5,3,3,1,3,6,6,6,5,6,6,10,8,9,9,10,13,7,7,10,9,14,13,9,8,9,20,23,14,14,24,31,29,31,27,20,29,35,52,30,51,39,47,57,53,68,62,84,82,72,69,79,100,93,100,115,143,150,236,272,464,576,813,950,1182,1254,1441,1403,1501,1536,1430,1415,1403,1308,1288,1231,1130,1133,1068,968,973,897,839,832,794,749,712,682,645,671,650,578,514,504,499,400,420,396,423,437,576,373,343,351,337,332,326,347,327,279,281,355,288,286,275,266,255,282,304,276,328,311,318,259,228,229,210,223,240,254,239,259,367,163,179,136,119,125,130,76,68,51,16,24,17,11,4,4,5,6,7,10,10,6,11,6,4,8,9,10,8,4,6,9,10,5,4,5,10,6,11,7,2,2,2,4,2,4,2,4,2,3,0,0,6,2,1,0,0,1,2,0,0,0,0,0,0,0,0,0,0,0,0,0,0,0,0,0,0,0,0,0,0,0,0,0,0,0,0,0,0,0,0,0,0,0,0,0,0,0,0,0,0,0,0,0,0,0,0,0,0,0,0,0
21.85,1,0,0,0,0,0,0,0,0,0,0,0,0,0,0,0,0,0,0,0,0,1,0,0,0,1,0,0,0,0,0,0,3,0,1,1,0,1,0,0,0,1,1,0,0,2,1,5,2,3,2,2,2,2,1,1,3,3,3,5,1,1,6,4,2,8,7,5,3,8,9,5,3,6,9,11,12,13,8,14,21,15,12,17,14,15,24,17,22,20,34,30,30,30,27,43,33,35,47,46,42,46,66,37,62,80,68,77,91,93,96,123,149,163,253,298,449,600,850,924,1195,1324,1428,1475,1539,1566,1489,1417,1475,1316,1304,1241,1187,1161,1116,970,996,913,842,820,789,789,726,713,683,664,646,577,558,503,518,404,424,405,432,422,586,364,371,340,364,361,309,344,319,311,289,344,291,296,289,266,273,277,309,276,337,316,319,275,238,237,222,238,241,273,239,258,387,171,177,146,122,122,133,75,68,53,17,24,18,11,4,4,6,7,6,9,9,9,12,6,4,9,8,10,7,6,7,10,10,6,4,4,8,6,12,8,1,2,3,6,2,4,1,4,2,3,0,1,6,2,1,0,0,1,2,0,0,0,0,0,0,0,0,0,0,0,0,0,0,0,0,0,0,0,0,0,0,0,0,0,0,0,0,0,0,0,0,0,0,0,0,0,0,0,0,0,0,0,0,0,0,0,0,0,0,0,0,0
21.95,0,0,0,0,0,0,1,0,0,0,0,0,2,0,0,0,0,0,0,0,0,0,0,0,0,1,0,0,0,0,1,0,0,1,0,0,2,2,0,0,0,0,0,3,1,3,3,0,0,5,4,1,3,2,4,2,3,1,4,1,2,2,2,3,5,2,7,3,4,5,8,6,1,6,4,7,8,3,4,6,13,9,16,9,3,15,12,14,22,16,18,15,15,12,11,17,21,20,22,23,18,23,33,32,38,48,58,55,68,77,83,115,144,167,243,333,471,640,902,1024,1212,1355,1455,1508,1579,1583,1451,1471,1474,1429,1322,1287,1226,1140,1141,1018,995,926,900,853,849,758,736,699,672,691,685,573,542,518,530,465,421,394,437,407,622,390,373,333,367,370,317,336,328,325,326,357,291,306,282,278,281,262,300,305,341,326,343,279,237,263,240,229,265,281,260,288,391,177,190,157,131,127,138,84,67,53,19,21,17,14,5,7,4,7,7,10,7,6,12,6,8,8,9,8,8,5,7,10,12,7,4,4,8,5,12,10,4,2,2,4,3,5,1,4,2,3,2,0,7,2,2,0,0,1,2,0,0,0,0,0,0,0,0,0,0,0,0,0,0,0,0,0,0,0,0,0,0,0,0,0,0,0,0,0,0,0,0,0,0,0,0,0,0,0,0,0,0,0,0,0,0,0,0,0,0,0,0,0
22.05,0,0,0,0,0,0,0,0,0,0,0,1,0,0,0,0,2,0,0,0,1,0,0,0,0,0,0,1,0,0,0,0,1,0,0,0,2,1,0,0,1,0,2,0,0,1,1,1,1,2,2,1,1,1,4,2,0,5,4,4,2,1,2,4,2,3,6,7,7,6,4,1,5,9,11,10,13,6,14,12,11,17,9,14,9,13,12,25,15,12,18,21,21,11,16,21,15,15,19,16,23,27,24,26,22,30,52,54,55,79,89,113,131,165,237,333,480,656,854,1003,1247,1397,1453,1567,1622,1581,1436,1471,1524,1421,1353,1274,1246,1171,1142,1018,1027,954,930,899,808,772,746,696,670,707,686,616,552,491,540,441,438,448,416,432,613,392,376,374,339,380,334,330,330,318,326,364,306,285,303,262,271,290,287,279,338,331,333,298,252,256,246,246,260,278,259,295,420,188,190,165,139,133,130,86,76,55,21,22,18,14,6,6,6,6,7,11,7,6,12,6,5,11,8,9,7,5,8,10,14,6,4,3,11,5,11,7,2,5,3,5,4,4,2,4,2,4,1,1,7,3,1,2,0,1,2,0,0,0,0,0,0,0,0,0,0,0,0,0,0,0,0,0,0,0,0,0,0,0,0,0,0,0,0,0,0,0,0,0,0,0,0,0,0,0,0,0,0,0,0,0,0,0,0,0,0,0,0,0
22.15,0,0,0,0,0,0,0,0,0,0,0,0,0,0,0,0,0,0,1,0,0,2,0,1,2,0,0,0,0,2,0,0,0,0,0,0,0,0,0,1,1,1,0,2,1,1,2,1,1,0,3,2,3,5,3,2,2,3,4,3,7,5,5,2,2,4,7,7,6,4,6,6,14,8,11,9,14,6,12,14,10,12,19,14,17,22,27,23,27,23,39,33,27,27,35,35,28,38,28,44,57,39,46,56,47,57,61,64,73,92,105,137,139,196,242,323,453,593,850,1034,1273,1423,1451,1569,1587,1607,1513,1502,1508,1439,1407,1303,1239,1184,1181,1068,1042,968,945,876,830,805,734,722,678,709,693,639,563,520,525,459,434,467,426,453,611,378,374,365,345,378,340,318,345,318,324,364,304,297,296,265,268,284,288,279,322,338,322,300,253,243,250,241,245,274,251,290,404,191,191,160,136,126,132,83,75,54,21,23,17,13,6,4,6,6,7,13,7,5,13,5,5,10,8,8,7,5,8,9,14,6,4,3,11,5,10,7,2,5,3,5,4,4,2,4,2,4,1,1,7,3,1,2,0,1,1,0,0,0,0,0,0,0,0,0,0,0,0,0,0,0,0,0,0,0,0,0,0,0,0,0,0,0,0,0,0,0,0,0,0,0,0,0,0,0,0,0,0,0,0,0,0,0,0,0,0,0,0,0
22.25,0,0,0,0,0,0,1,0,0,0,0,1,1,0,0,0,1,1,0,0,0,0,0,2,1,1,0,0,0,1,0,0,0,0,1,1,0,1,1,1,2,1,3,0,1,3,2,3,1,3,2,3,2,7,1,2,6,4,2,2,4,4,2,3,0,12,7,5,7,8,9,9,7,6,8,12,10,12,16,10,19,19,20,22,23,28,21,26,31,27,22,37,36,61,34,29,46,48,42,60,44,54,53,65,72,76,66,81,107,97,102,112,151,167,250,310,496,604,853,1023,1324,1394,1465,1599,1622,1629,1537,1509,1540,1475,1434,1317,1245,1172,1200,1057,1013,989,987,876,829,829,751,689,711,696,695,637,575,511,506,453,456,452,444,471,605,370,382,394,360,385,338,339,338,319,316,366,306,301,282,280,278,294,283,286,317,336,327,288,260,232,237,245,245,275,249,288,405,187,192,156,129,123,130,81,77,55,21,22,17,12,6,4,6,6,7,13,6,6,13,6,5,9,8,8,6,5,7,8,14,5,4,3,10,5,10,7,2,5,3,5,4,4,2,4,2,4,1,1,7,3,1,2,0,1,1,0,0,0,0,0,0,0,0,0,0,0,0,0,0,0,0,0,0,0,0,0,0,0,0,0,0,0,0,0,0,0,0,0,0,0,0,0,0,0,0,0,0,0,0,0,0,0,0,0,0,0,0,0
22.35,0,0,0,1,0,0,0,0,1,0,0,0,0,0,0,0,0,0,0,0,0,0,0,0,1,1,0,1,0,0,0,1,1,1,0,1,0,0,0,0,2,2,0,2,3,2,1,2,2,5,1,3,4,2,0,2,3,5,5,3,1,7,7,7,5,3,5,8,7,9,4,17,6,7,17,12,13,10,18,21,17,14,24,26,18,27,38,26,25,31,32,44,35,28,45,44,51,52,54,66,57,64,67,84,77,78,84,96,83,124,111,133,146,163,236,338,496,630,872,1006,1275,1408,1473,1620,1645,1647,1590,1517,1553,1493,1414,1363,1219,1176,1222,1006,1043,989,990,911,843,820,737,714,709,702,717,622,578,520,505,465,439,467,443,472,615,404,399,388,372,361,344,337,336,333,323,380,292,303,295,278,284,296,288,282,318,338,317,292,252,240,234,245,243,268,252,287,396,183,186,154,124,124,129,81,76,54,23,22,16,12,7,5,7,8,6,11,6,6,13,5,6,8,8,8,5,5,7,8,14,5,4,3,9,5,9,7,2,5,3,5,4,4,2,4,2,4,1,1,7,3,1,2,0,1,1,0,0,0,0,0,0,0,0,0,0,0,0,0,0,0,0,0,0,0,0,0,0,0,0,0,0,0,0,0,0,0,0,0,0,0,0,0,0,0,0,0,0,0,0,0,0,0,0,0,0,0,0,0
22.45,0,0,1,0,0,0,0,0,0,0,0,0,0,0,1,0,0,1,0,0,0,1,0,0,1,0,0,0,1,0,1,0,2,1,1,1,1,0,1,0,0,2,0,1,3,1,3,1,1,1,1,1,3,3,4,2,2,6,2,4,5,4,7,4,5,2,7,9,6,5,2,12,12,14,6,8,7,17,13,10,14,20,15,20,21,33,26,30,36,37,28,33,51,45,43,51,55,65,78,82,57,60,84,99,103,100,93,89,111,108,122,134,153,178,245,307,474,664,867,1061,1273,1394,1525,1700,1641,1642,1662,1547,1548,1485,1456,1360,1236,1205,1193,1045,1038,1055,956,935,822,831,773,719,680,719,705,613,609,516,542,438,472,465,437,468,604,410,394,396,390,373,336,346,336,354,328,360,298,286,295,279,300,308,289,281,334,325,329,284,255,250,234,246,239,269,254,288,394,186,181,162,125,127,129,83,75,52,22,21,18,13,6,5,6,5,6,11,6,7,14,6,4,8,8,8,7,5,7,9,13,5,4,3,9,4,9,7,2,5,3,5,3,4,2,4,2,4,1,1,7,3,1,2,0,1,1,0,0,0,0,0,0,0,0,0,0,0,0,0,0,0,0,0,0,0,0,0,0,0,0,0,0,0,0,0,0,0,0,0,0,0,0,0,0,0,0,0,0,0,0,0,0,0,0,0,0,0,0,0
22.55,0,0,0,0,0,0,0,0,1,0,0,0,0,0,0,1,0,1,0,0,0,0,0,0,0,0,0,0,2,1,0,0,1,2,0,0,0,0,1,1,0,2,2,1,1,2,2,2,1,1,4,3,0,1,2,6,4,2,1,3,7,2,2,8,10,9,7,4,6,13,10,5,10,7,7,13,9,11,15,14,17,25,17,22,30,25,26,26,32,44,23,41,37,42,51,58,57,60,58,78,66,75,95,93,86,89,94,101,109,120,125,122,151,195,264,316,443,663,862,1099,1295,1487,1536,1679,1689,1628,1688,1536,1574,1502,1466,1338,1297,1204,1216,1065,1014,1058,947,926,847,794,756,756,700,727,694,615,575,540,545,476,447,480,433,465,638,417,407,405,372,382,358,342,344,338,347,370,307,307,287,296,303,299,282,277,327,334,339,305,262,248,245,244,241,265,260,287,398,187,183,158,124,126,124,86,74,52,21,23,16,12,6,4,9,5,6,11,7,7,13,5,5,10,8,8,5,5,5,11,14,6,4,4,9,5,9,7,2,5,3,5,3,4,2,4,2,4,1,1,7,3,1,2,0,1,1,0,0,0,0,0,0,0,0,0,0,0,0,0,0,0,0,0,0,0,0,0,0,0,0,0,0,0,0,0,0,0,0,0,0,0,0,0,0,0,0,0,0,0,0,0,0,0,0,0,0,0,0,0
22.65,0,0,0,0,0,0,0,0,0,0,0,0,0,0,0,0,1,0,0,0,1,2,0,1,0,2,1,0,1,1,1,0,0,0,2,0,0,0,1,0,1,1,0,2,2,3,0,2,3,2,0,1,1,2,7,1,7,4,9,3,5,2,6,3,6,9,5,6,11,10,12,10,12,14,13,11,18,19,23,19,18,13,18,24,23,28,31,30,23,30,29,45,30,39,47,39,51,50,58,69,72,80,61,73,73,100,107,81,106,133,122,143,156,179,260,331,449,673,869,1120,1355,1452,1558,1711,1716,1689,1703,1575,1571,1571,1482,1362,1302,1222,1235,1108,1041,1024,979,917,841,822,744,741,718,710,724,610,618,569,556,470,461,460,456,465,647,406,418,407,382,386,344,347,349,336,343,374,313,303,304,293,282,310,286,294,344,329,336,305,264,251,268,240,248,267,261,292,399,194,182,162,124,127,125,80,75,54,21,21,15,12,8,4,7,6,8,10,6,6,15,5,4,8,9,8,6,6,5,8,12,6,6,3,9,4,9,9,2,5,3,5,3,4,2,4,2,4,1,1,7,3,1,2,0,1,1,0,0,0,0,0,0,0,0,0,0,0,0,0,0,0,0,0,0,0,0,0,0,0,0,0,0,0,0,0,0,0,0,0,0,0,0,0,0,0,0,0,0,0,0,0,0,0,0,0,0,0,0,0
22.75,1,0,0,0,0,0,0,0,0,0,0,0,0,0,0,0,0,0,0,0,0,0,0,0,0,0,0,0,0,0,0,0,0,2,1,0,1,0,0,2,1,0,1,0,2,0,1,3,1,2,0,2,3,0,2,6,5,1,1,2,1,4,2,3,6,6,9,5,4,6,5,6,13,7,15,9,12,12,16,19,13,19,14,20,23,27,20,30,17,29,31,41,34,32,56,39,47,63,50,51,68,65,73,66,71,92,65,94,106,114,120,155,169,181,283,316,450,701,889,1084,1380,1532,1536,1738,1761,1733,1726,1631,1598,1583,1482,1400,1352,1255,1216,1103,1076,1002,950,921,856,825,773,758,712,711,729,629,619,546,566,502,453,460,462,476,633,417,431,413,399,384,347,352,345,343,331,379,317,307,307,289,298,299,311,291,337,336,338,301,258,262,251,256,264,277,276,299,414,194,190,167,125,131,127,80,70,55,23,21,17,12,6,5,7,5,6,10,7,7,13,7,4,8,9,9,5,6,6,8,13,5,5,5,9,4,9,7,3,5,4,6,3,4,2,4,2,4,1,1,7,3,1,2,0,1,1,0,0,0,0,0,0,0,0,0,0,0,0,0,0,0,0,0,0,0,0,0,0,0,0,0,0,0,0,0,0,0,0,0,0,0,0,0,0,0,0,0,0,0,0,0,0,0,0,0,0,0,0,0
22.85,0,0,0,0,0,0,0,0,0,0,0,0,0,0,0,0,0,0,0,1,1,0,0,2,1,1,0,1,1,1,0,0,0,0,1,0,1,1,0,0,2,0,3,2,0,1,0,0,2,0,1,3,3,2,1,2,1,4,2,1,3,2,2,4,2,3,4,3,3,12,14,10,7,11,9,7,10,8,13,19,24,13,17,25,19,18,24,21,32,21,25,33,35,28,37,39,41,41,40,40,42,50,53,58,63,63,75,89,84,108,121,140,180,205,285,358,470,701,913,1110,1372,1535,1588,1732,1803,1729,1699,1696,1598,1630,1514,1452,1335,1253,1243,1074,1100,1023,961,945,848,837,814,774,718,728,710,647,624,561,552,511,477,457,451,497,642,411,415,421,411,395,366,364,348,333,346,385,324,302,305,303,294,313,312,290,347,357,341,289,281,268,254,251,269,287,280,315,429,200,187,172,135,137,133,81,72,55,22,23,17,11,7,4,4,5,5,12,6,6,15,5,4,7,10,9,7,5,6,8,13,6,5,3,10,5,10,7,3,5,3,5,4,5,3,4,2,4,1,1,7,3,1,2,0,1,1,0,0,0,0,0,0,0,0,0,0,0,0,0,0,0,0,0,0,0,0,0,0,0,0,0,0,0,0,0,0,0,0,0,0,0,0,0,0,0,0,0,0,0,0,0,0,0,0,0,0,0,0,0
22.95,0,0,0,0,0,0,0,0,0,0,0,0,0,0,0,0,1,0,0,0,1,0,0,0,0,0,0,0,1,0,0,1,1,0,0,0,0,1,1,1,2,1,0,1,2,0,3,1,0,2,0,2,3,1,4,0,3,3,1,0,6,3,5,4,2,2,4,6,5,7,9,6,4,8,7,12,13,7,7,10,9,19,9,24,13,14,11,14,14,11,24,16,18,28,20,17,24,21,20,32,34,41,37,44,50,47,51,74,77,102,116,137,154,194,273,381,530,714,909,1169,1414,1620,1565,1764,1833,1748,1740,1670,1628,1629,1562,1453,1350,1266,1253,1144,1107,1024,984,948,857,855,835,804,749,747,710,669,625,569,572,493,479,469,457,509,686,394,408,430,395,427,384,363,365,348,348,378,350,320,334,294,296,314,334,294,336,357,348,307,276,262,267,261,267,287,296,349,437,222,193,173,142,143,146,85,76,55,23,24,17,12,6,5,4,6,6,10,6,7,14,5,5,8,9,10,5,7,5,9,12,8,3,3,10,5,11,8,2,7,2,5,3,4,4,6,2,5,1,1,7,3,1,2,0,1,1,0,0,0,0,0,0,0,0,0,0,0,0,0,0,0,0,0,0,0,0,0,0,0,0,0,0,0,0,0,0,0,0,0,0,0,0,0,0,0,0,0,0,0,0,0,0,0,0,0,0,0,0,0
23.05,0,0,0,0,0,0,0,0,0,0,0,0,0,0,0,0,0,0,0,0,0,0,0,0,0,0,0,0,1,0,0,1,0,0,1,0,0,0,2,0,0,2,1,4,0,3,3,1,0,0,4,3,0,2,4,4,0,3,5,6,5,3,5,4,4,5,4,4,7,8,11,14,14,10,3,6,7,11,5,9,14,13,8,11,16,9,9,18,20,13,15,14,18,14,14,17,10,24,20,17,19,22,29,29,43,36,47,69,75,91,110,134,149,213,267,360,554,761,962,1198,1387,1611,1626,1786,1871,1784,1759,1714,1658,1574,1549,1482,1363,1288,1259,1173,1107,1042,991,997,893,864,852,829,782,763,714,687,618,563,555,511,479,466,463,490,700,406,407,390,399,415,383,380,381,346,366,383,333,322,315,323,290,326,322,305,334,346,367,286,277,258,252,272,267,287,305,361,450,243,200,171,149,145,148,96,74,62,19,25,17,13,7,6,5,5,4,10,6,9,13,5,5,8,9,11,5,5,7,7,14,5,4,4,8,6,12,7,4,5,3,5,3,4,2,4,3,7,4,1,7,3,1,2,0,1,1,0,0,0,0,0,0,0,0,0,0,0,0,0,0,0,0,0,0,0,0,0,0,0,0,0,0,0,0,0,0,0,0,0,0,0,0,0,0,0,0,0,0,0,0,0,0,0,0,0,0,0,0,0
23.15,0,0,0,0,0,0,0,0,0,0,0,0,0,0,0,0,1,1,0,0,0,0,0,0,0,0,0,0,1,0,0,0,0,4,0,0,1,2,0,1,2,3,2,0,0,0,0,0,2,1,1,3,3,1,3,4,1,2,5,3,3,3,5,2,6,4,14,7,13,6,9,9,6,9,11,12,16,7,16,25,11,12,21,11,27,22,26,25,26,31,22,39,28,29,37,28,54,39,54,40,47,53,52,43,48,62,80,95,82,93,115,138,180,218,285,389,536,694,986,1173,1397,1587,1666,1793,1813,1801,1848,1688,1649,1605,1556,1453,1395,1365,1239,1165,1100,1064,1025,989,894,888,870,836,762,753,739,685,634,566,552,507,479,477,477,465,684,391,417,426,372,425,396,367,384,336,361,384,336,318,305,322,296,319,332,288,307,359,349,292,265,271,248,267,263,287,293,348,455,226,202,171,148,138,139,94,74,61,19,25,17,14,7,6,6,6,4,10,6,9,13,5,5,8,10,10,5,4,7,7,14,5,4,4,8,6,12,7,4,5,3,5,3,4,2,4,3,7,4,1,7,3,1,2,0,1,1,0,0,0,0,0,0,0,0,0,0,0,0,0,0,0,0,0,0,0,0,0,0,0,0,0,0,0,0,0,0,0,0,0,0,0,0,0,0,0,0,0,0,0,0,0,0,0,0,0,0,0,0,0
23.25,0,0,0,0,0,0,0,0,0,0,0,0,0,1,0,0,0,0,0,1,0,1,0,0,0,1,1,1,0,1,0,0,0,0,0,0,1,0,0,0,2,1,0,2,2,0,1,0,2,1,2,5,1,3,2,10,2,5,3,8,8,3,4,3,8,2,8,5,5,10,15,11,9,7,12,8,21,17,19,16,10,16,22,20,22,28,29,35,26,21,44,50,37,49,48,51,45,55,49,53,61,68,69,67,72,73,85,99,89,120,133,142,153,204,273,374,529,695,979,1145,1408,1584,1601,1775,1818,1843,1843,1689,1668,1625,1557,1453,1413,1365,1277,1121,1131,1089,1041,999,901,874,852,867,757,774,722,682,597,568,552,516,473,504,476,464,676,397,431,418,407,437,380,369,370,330,375,390,314,323,315,318,302,308,329,283,314,361,346,284,264,266,250,263,262,278,299,343,447,224,198,169,149,136,135,93,74,56,20,23,16,13,8,7,5,6,4,10,6,9,13,5,5,8,9,10,5,4,7,7,14,5,5,4,8,6,12,7,4,5,3,5,3,4,2,4,3,7,4,1,7,3,1,2,0,1,1,0,0,0,0,0,0,0,0,0,0,0,0,0,0,0,0,0,0,0,0,0,0,0,0,0,0,0,0,0,0,0,0,0,0,0,0,0,0,0,0,0,0,0,0,0,0,0,0,0,0,0,0,0
23.35,0,0,0,0,0,0,0,0,0,0,1,0,0,0,0,0,0,1,0,0,1,0,1,0,0,0,0,0,0,0,0,1,1,1,1,1,4,1,2,1,1,2,3,3,2,2,3,2,3,4,2,3,5,6,2,3,5,5,5,6,3,4,2,6,5,5,9,9,6,6,7,5,11,12,9,14,12,27,19,21,22,20,20,19,21,26,31,35,34,34,27,40,39,48,43,54,52,73,63,80,91,73,69,104,75,77,108,89,100,131,143,150,142,206,277,381,515,729,971,1149,1409,1569,1627,1757,1866,1847,1888,1732,1723,1586,1550,1457,1442,1331,1244,1205,1116,1098,1038,968,907,904,891,828,796,766,709,655,634,570,523,527,501,481,491,486,694,406,433,395,409,431,389,372,370,345,371,385,330,322,322,316,300,316,326,284,317,355,350,289,260,264,262,267,255,272,284,347,445,219,198,166,148,138,136,93,73,54,20,23,16,14,7,7,5,5,5,10,6,9,13,5,5,8,9,10,5,4,8,7,14,5,4,4,8,6,12,8,4,5,3,5,3,4,2,4,3,7,4,1,7,3,1,2,0,1,1,0,0,0,0,0,0,0,0,0,0,0,0,0,0,0,0,0,0,0,0,0,0,0,0,0,0,0,0,0,0,0,0,0,0,0,0,0,0,0,0,0,0,0,0,0,0,0,0,0,0,0,0,0
23.45,1,0,0,0,1,0,0,0,0,0,0,0,0,0,0,1,0,0,1,0,1,0,3,1,0,0,0,0,0,0,1,1,0,0,1,1,0,1,0,2,1,0,1,0,2,2,3,3,5,6,3,1,4,1,2,4,0,3,6,4,7,4,3,6,3,8,9,14,4,9,8,10,9,12,15,13,16,7,17,19,19,18,18,26,27,22,35,29,48,36,35,43,46,43,42,57,60,51,63,83,88,79,79,99,108,110,97,114,118,113,116,156,166,213,277,352,484,735,969,1202,1388,1624,1648,1736,1921,1857,1866,1792,1736,1591,1560,1475,1420,1359,1249,1222,1167,1085,1048,943,909,900,896,846,738,775,736,664,626,577,560,507,504,491,480,516,697,410,448,411,412,420,387,390,370,340,367,397,316,335,322,326,295,314,342,297,320,358,333,293,265,263,252,272,256,270,280,343,440,220,195,168,141,143,135,95,74,56,21,23,16,14,7,6,7,5,5,10,5,9,12,5,5,9,8,10,5,4,7,7,13,5,4,5,7,6,12,7,4,5,4,5,3,3,2,4,4,7,4,1,7,3,1,2,0,1,1,0,0,0,0,0,0,0,0,0,0,0,0,0,0,0,0,0,0,0,0,0,0,0,0,0,0,0,0,0,0,0,0,0,0,0,0,0,0,0,0,0,0,0,0,0,0,0,0,0,0,0,0,0
23.55,0,0,0,0,0,0,0,0,0,1,0,0,0,0,0,0,0,0,1,1,0,0,1,0,0,1,0,0,0,0,0,0,1,0,2,1,0,2,1,2,2,3,0,1,2,3,5,1,3,2,4,2,4,1,9,3,4,3,5,2,6,1,4,5,6,4,11,6,11,10,5,13,14,18,15,10,7,14,16,17,16,11,32,18,32,25,31,37,36,33,43,41,48,56,63,55,62,63,70,66,76,99,89,101,116,100,121,123,108,132,116,150,168,220,242,369,534,749,1016,1215,1390,1604,1638,1775,1895,1902,1872,1753,1799,1607,1555,1498,1441,1319,1313,1221,1171,1105,1035,943,894,915,944,844,769,768,698,674,624,600,549,517,480,501,459,490,714,413,480,405,406,423,377,376,380,357,365,383,331,327,302,336,298,318,329,309,322,378,347,280,269,270,261,266,246,271,286,342,446,222,196,167,141,144,129,93,72,54,21,23,16,14,9,6,5,6,5,11,7,9,12,6,5,8,9,9,6,6,7,7,13,5,4,4,7,6,12,8,4,5,3,5,3,4,2,4,4,7,4,1,7,3,1,2,0,1,1,0,0,0,0,0,0,0,0,0,0,0,0,0,0,0,0,0,0,0,0,0,0,0,0,0,0,0,0,0,0,0,0,0,0,0,0,0,0,0,0,0,0,0,0,0,0,0,0,0,0,0,0,0
23.65,0,0,0,0,0,0,0,0,0,0,1,0,0,0,0,0,0,0,0,1,0,0,0,0,0,1,2,0,0,1,0,0,0,0,0,1,1,3,3,1,0,0,1,1,3,2,2,1,1,6,4,2,3,2,1,3,10,3,1,4,4,5,5,3,6,4,11,6,7,17,8,10,16,5,20,13,13,15,16,15,16,19,17,34,19,27,24,25,34,39,41,38,38,47,49,54,60,62,59,74,89,86,89,90,105,118,99,95,131,122,147,153,162,237,272,387,516,777,1048,1204,1452,1616,1678,1811,1907,1899,1909,1746,1833,1646,1576,1520,1445,1329,1248,1250,1204,1115,1082,937,874,904,902,879,751,791,721,672,639,597,554,539,483,515,475,501,686,397,476,431,426,410,389,397,378,350,376,393,337,336,322,332,294,313,327,303,330,361,339,289,273,273,273,277,261,270,280,350,450,215,200,174,143,144,129,90,69,56,21,23,16,14,8,7,6,6,8,10,5,9,12,7,5,9,9,9,6,5,7,8,13,5,4,4,7,6,12,7,4,5,4,5,3,3,2,4,5,7,4,1,7,3,1,2,0,1,1,0,0,0,0,0,0,0,0,0,0,0,0,0,0,0,0,0,0,0,0,0,0,0,0,0,0,0,0,0,0,0,0,0,0,0,0,0,0,0,0,0,0,0,0,0,0,0,0,0,0,0,0,0
23.75,0,0,0,0,0,0,0,0,0,0,0,0,0,0,0,0,0,2,0,0,0,1,1,1,0,0,0,1,0,0,1,0,0,0,0,2,1,0,2,3,0,1,0,0,1,2,3,1,1,2,2,1,3,2,2,4,1,2,5,3,2,4,7,5,7,5,9,11,12,9,10,14,5,12,11,15,25,10,10,22,24,15,25,17,25,24,32,34,22,35,26,37,33,53,54,40,53,50,61,53,48,75,74,82,74,88,88,109,108,127,140,180,181,246,296,422,538,791,1040,1196,1469,1629,1707,1865,1939,1865,1964,1736,1829,1656,1654,1553,1448,1348,1244,1291,1209,1145,1048,986,898,915,859,869,776,774,735,689,661,597,568,555,489,496,494,486,694,400,492,429,431,406,400,392,361,380,399,392,351,349,322,332,303,309,339,317,315,364,335,286,276,276,271,282,277,285,291,346,456,221,198,163,148,153,132,91,67,56,22,22,17,13,10,5,6,5,6,14,6,10,13,7,5,9,10,9,6,5,8,7,13,8,4,4,7,6,12,7,4,5,3,5,4,3,2,4,4,7,5,1,7,3,1,2,0,1,1,0,0,0,0,0,0,0,0,0,0,0,0,0,0,0,0,0,0,0,0,0,0,0,0,0,0,0,0,0,0,0,0,0,0,0,0,0,0,0,0,0,0,0,0,0,0,0,0,0,0,0,0,0
23.85,0,0,0,0,0,1,0,0,0,0,0,0,0,0,0,0,0,0,0,0,0,0,0,0,0,0,2,0,0,1,0,1,0,2,2,0,0,0,2,1,2,2,0,3,2,3,2,3,2,1,3,4,2,1,3,2,1,2,3,2,5,9,4,8,11,5,4,8,4,9,7,12,6,7,9,12,10,10,13,25,20,24,15,14,27,28,38,33,31,28,39,36,27,40,39,47,52,45,50,48,52,48,42,51,68,61,80,76,101,114,124,148,162,251,301,428,557,794,1119,1222,1553,1645,1681,1864,1957,1924,1920,1804,1810,1708,1692,1619,1461,1380,1275,1267,1192,1151,1090,1004,911,902,877,861,792,795,713,702,668,610,551,563,497,512,481,525,701,389,485,435,423,426,401,386,371,360,383,401,350,363,325,338,315,314,339,306,343,377,351,293,281,271,265,288,287,297,300,358,457,224,206,173,143,156,135,95,67,55,20,21,18,15,7,7,6,5,7,11,6,12,12,8,5,9,9,9,6,8,8,9,13,7,4,5,9,6,12,7,4,5,3,5,3,3,3,4,4,7,4,1,8,3,1,2,0,1,1,0,0,0,0,0,0,0,0,0,0,0,0,0,0,0,0,0,0,0,0,0,0,0,0,0,0,0,0,0,0,0,0,0,0,0,0,0,0,0,0,0,0,0,0,0,0,0,0,0,0,0,0,0
23.95,0,0,0,0,0,1,1,0,0,0,1,0,0,0,0,0,0,0,0,1,0,1,0,0,0,0,0,0,0,0,0,1,1,0,1,1,3,0,1,1,1,0,0,1,1,0,2,4,2,0,1,6,1,2,2,1,1,2,6,4,2,3,5,5,6,8,3,5,7,8,8,7,3,9,5,10,11,13,14,15,12,17,9,11,6,20,13,17,21,12,20,17,17,21,29,24,24,33,28,30,24,39,38,46,49,57,50,66,93,104,122,152,166,260,300,457,589,804,1125,1228,1601,1712,1774,1847,1975,1947,1963,1841,1841,1726,1722,1652,1486,1401,1261,1297,1235,1162,1100,1019,947,914,870,863,823,809,723,703,679,605,574,555,522,526,469,495,775,388,471,433,422,462,412,389,387,355,401,391,374,357,329,345,315,328,327,319,348,389,363,290,278,294,275,287,282,311,328,387,459,228,208,178,153,157,144,99,72,53,25,23,16,13,7,7,6,4,6,12,7,12,13,10,7,11,9,9,5,5,7,8,13,7,4,7,9,6,12,9,4,5,4,5,3,3,2,4,5,7,4,1,7,4,2,2,0,1,1,0,0,0,0,0,0,0,0,0,0,0,0,0,0,0,0,0,0,0,0,0,0,0,0,0,0,0,0,0,0,0,0,0,0,0,0,0,0,0,0,0,0,0,0,0,0,0,0,0,0,0,0,0
24.05,0,0,0,0,0,0,0,0,0,0,0,0,1,0,0,0,0,0,1,0,0,0,1,0,1,0,0,0,0,1,0,0,0,0,0,1,2,0,1,1,1,2,0,1,1,0,2,2,1,2,3,5,2,0,3,2,6,5,8,4,9,3,7,3,4,3,7,3,9,9,9,11,4,13,10,12,10,8,8,14,7,13,13,10,6,17,16,9,16,18,19,13,15,11,20,19,20,15,17,23,25,25,34,31,46,61,59,64,80,96,124,143,185,241,319,479,597,866,1152,1255,1588,1665,1837,1886,1961,2016,1990,1838,1873,1796,1647,1645,1503,1416,1303,1307,1226,1161,1127,991,965,965,917,875,812,810,759,704,688,609,605,529,525,528,504,494,736,430,480,434,408,444,447,382,375,370,408,373,374,393,332,341,337,335,333,312,350,388,384,300,273,277,265,289,306,306,314,385,468,236,220,168,159,163,143,97,75,59,23,22,16,13,9,6,4,4,6,10,8,9,13,8,10,11,13,8,5,6,7,8,12,7,3,6,8,11,12,7,4,6,4,5,3,3,2,3,4,8,5,2,7,3,3,2,0,1,1,0,0,0,0,0,0,0,0,0,0,0,0,0,0,0,0,0,0,0,0,0,0,0,0,0,0,0,0,0,0,0,0,0,0,0,0,0,0,0,0,0,0,0,0,0,0,0,0,0,0,0,0,0
24.15,0,0,0,0,0,0,0,0,0,0,0,1,0,0,0,0,0,0,0,0,0,1,0,1,0,0,0,0,2,1,0,2,2,0,0,0,0,1,1,0,1,0,2,2,3,2,2,2,2,1,2,4,4,7,5,4,1,5,1,5,5,5,4,5,8,8,5,15,2,15,6,11,15,7,13,11,16,11,19,21,22,30,27,16,22,22,23,21,34,39,29,23,26,36,44,37,33,38,52,43,49,53,49,45,53,63,72,81,99,117,138,155,190,255,308,487,569,850,1119,1251,1590,1683,1847,1848,2002,1980,1994,1808,1880,1744,1687,1661,1581,1398,1295,1284,1241,1198,1109,1010,956,958,906,888,833,801,738,696,663,630,586,548,524,523,500,500,730,430,478,431,405,426,444,379,384,365,404,356,379,366,337,333,330,324,324,325,346,390,367,300,278,277,260,288,292,297,301,382,465,229,208,164,160,155,139,94,76,56,23,22,15,13,9,6,4,5,5,9,8,9,13,9,10,10,13,8,5,6,7,8,12,7,3,6,8,11,12,7,4,6,4,5,3,3,2,3,5,8,4,2,7,3,3,2,0,1,1,0,0,0,0,0,0,0,0,0,0,0,0,0,0,0,0,0,0,0,0,0,0,0,0,0,0,0,0,0,0,0,0,0,0,0,0,0,0,0,0,0,0,0,0,0,0,0,0,0,0,0,0,0
24.25,0,0,0,0,0,0,0,0,0,1,0,1,0,0,0,0,1,1,1,0,1,0,0,0,2,0,0,0,0,1,1,0,1,2,1,1,2,1,2,0,0,0,3,0,1,1,5,0,3,4,2,3,7,5,4,6,4,1,4,5,4,4,11,12,8,11,6,15,8,8,10,6,12,8,12,9,15,7,16,13,18,22,19,22,35,35,21,32,31,41,34,48,46,44,40,56,44,57,69,52,54,57,64,76,86,82,90,94,120,123,151,163,203,226,325,474,598,834,1127,1241,1522,1627,1845,1887,2010,1994,2008,1865,1841,1749,1683,1704,1544,1386,1300,1283,1225,1173,1116,1012,969,963,920,850,836,778,730,712,663,620,604,536,525,529,509,511,704,427,476,433,403,438,443,366,363,383,404,356,373,363,333,333,331,331,321,323,350,367,366,303,277,269,269,279,285,286,297,376,463,229,207,160,150,154,138,94,71,57,23,23,15,13,8,7,4,5,5,9,9,10,13,8,10,11,13,8,5,6,7,8,11,7,3,6,8,11,12,7,4,6,4,5,3,4,2,3,4,8,4,2,7,3,3,2,0,1,1,0,0,0,0,0,0,0,0,0,0,0,0,0,0,0,0,0,0,0,0,0,0,0,0,0,0,0,0,0,0,0,0,0,0,0,0,0,0,0,0,0,0,0,0,0,0,0,0,0,0,0,0,0
24.35,0,1,0,0,1,0,0,0,0,1,2,0,0,0,0,0,0,0,0,0,0,1,0,0,0,0,1,0,1,1,0,0,1,0,0,3,1,1,1,0,3,2,0,3,2,2,1,1,1,1,3,2,1,4,2,4,4,5,1,5,6,5,2,7,7,7,9,5,7,8,7,13,6,13,8,16,19,19,14,20,12,21,23,22,26,37,39,32,35,34,58,31,43,52,53,52,54,79,55,74,89,91,86,83,93,111,106,129,136,144,137,142,193,242,322,460,587,825,1109,1261,1533,1662,1887,1930,2002,2019,1968,1865,1853,1714,1718,1633,1574,1404,1320,1281,1236,1198,1081,1041,972,1005,901,830,845,760,743,725,662,612,592,553,531,526,534,522,714,406,469,439,409,428,448,374,370,367,384,369,372,363,342,338,341,332,308,314,346,370,356,294,291,277,261,280,270,288,294,373,462,227,200,157,148,157,139,92,70,55,24,22,17,13,9,7,4,5,6,9,8,8,15,9,9,10,13,8,6,6,7,7,11,7,3,6,8,11,11,7,4,6,4,6,3,3,2,3,4,8,4,2,7,3,3,2,0,1,1,0,0,0,0,0,0,0,0,0,0,0,0,0,0,0,0,0,0,0,0,0,0,0,0,0,0,0,0,0,0,0,0,0,0,0,0,0,0,0,0,0,0,0,0,0,0,0,0,0,0,0,0,0
24.45,0,0,0,0,0,0,0,0,1,0,1,0,1,0,1,0,1,0,0,0,0,0,1,2,0,1,0,2,1,2,0,0,1,0,3,0,0,3,0,0,1,7,0,2,1,2,3,0,3,1,3,3,3,4,3,3,6,3,3,4,4,3,5,5,3,5,5,9,14,8,10,11,22,10,17,12,12,21,19,20,17,20,25,25,30,30,28,43,40,50,44,45,36,56,58,61,66,55,69,86,84,92,86,116,89,101,126,117,144,124,146,158,183,238,307,434,571,833,1064,1305,1543,1698,1863,1936,1983,1995,1982,1851,1859,1773,1697,1637,1558,1471,1313,1291,1270,1186,1098,1043,1032,1006,946,861,820,777,765,685,681,607,606,561,527,567,534,510,695,417,475,423,402,428,446,366,371,386,386,370,362,376,345,334,345,324,316,327,346,368,368,284,291,283,256,280,271,290,286,367,464,229,199,161,147,160,136,95,69,55,25,22,15,14,10,7,4,4,6,9,9,7,13,8,9,10,14,8,5,6,7,6,11,7,3,7,7,12,11,8,4,6,4,5,3,3,2,3,4,8,4,2,7,3,3,2,0,1,1,0,0,0,0,0,0,0,0,0,0,0,0,0,0,0,0,0,0,0,0,0,0,0,0,0,0,0,0,0,0,0,0,0,0,0,0,0,0,0,0,0,0,0,0,0,0,0,0,0,0,0,0,0
24.55,0,0,0,1,0,0,0,0,0,1,0,0,0,0,0,0,0,1,0,0,0,1,1,0,0,1,0,1,1,0,1,2,2,0,5,2,1,1,3,0,0,2,5,3,0,2,0,1,3,1,2,3,5,6,1,4,3,2,5,2,6,1,8,7,6,7,9,5,6,8,11,10,8,12,10,15,8,16,28,25,23,20,24,22,31,23,24,47,32,32,37,42,45,45,54,60,58,80,89,74,79,87,93,114,113,105,129,128,115,133,145,158,196,245,341,450,576,844,1072,1304,1553,1722,1874,1944,1994,2026,2001,1852,1949,1762,1706,1675,1553,1440,1366,1267,1254,1213,1059,1080,1028,978,969,847,853,811,757,710,686,612,606,572,520,560,519,521,720,398,475,426,408,431,451,385,364,377,404,366,356,366,332,348,343,339,312,323,362,363,360,293,289,289,269,274,271,279,293,367,460,227,201,166,145,155,138,95,68,53,24,24,17,13,8,6,6,5,6,10,8,8,11,8,9,11,14,8,5,6,8,6,11,7,3,7,7,11,11,7,4,6,6,5,3,3,2,3,4,8,4,2,7,3,3,2,0,1,1,0,0,0,0,0,0,0,0,0,0,0,0,0,0,0,0,0,0,0,0,0,0,0,0,0,0,0,0,0,0,0,0,0,0,0,0,0,0,0,0,0,0,0,0,0,0,0,0,0,0,0,0,0
24.65,0,0,0,0,0,0,0,0,0,0,0,0,0,0,0,0,0,0,1,0,0,0,0,0,1,0,0,2,1,0,1,0,2,1,0,1,0,0,0,2,0,1,2,1,3,1,0,2,2,1,5,4,1,4,3,5,3,6,6,3,5,6,5,6,6,8,6,3,12,6,11,9,10,10,18,12,13,13,18,16,17,16,17,20,28,23,31,26,44,36,40,43,37,55,58,51,52,69,67,83,68,91,84,98,95,88,90,113,136,154,171,174,217,238,337,448,592,868,1087,1318,1579,1740,1857,1987,2009,2048,2002,1888,1917,1760,1734,1659,1606,1419,1350,1285,1205,1233,1100,1054,1017,988,910,832,869,815,785,702,686,655,604,559,524,538,512,530,725,428,469,426,403,443,452,380,345,384,409,391,364,368,331,344,337,348,330,331,355,364,361,294,284,288,277,293,273,284,288,362,461,229,212,164,145,154,136,95,68,53,24,24,15,14,8,6,6,4,6,12,8,8,11,8,10,11,15,8,6,7,7,6,11,7,3,5,7,11,11,7,4,6,4,5,3,3,4,3,4,8,4,2,7,3,3,2,0,1,1,0,0,0,0,0,0,0,0,0,0,0,0,0,0,0,0,0,0,0,0,0,0,0,0,0,0,0,0,0,0,0,0,0,0,0,0,0,0,0,0,0,0,0,0,0,0,0,0,0,0,0,0,0
24.75,1,0,0,0,1,0,0,0,0,0,0,0,1,0,1,0,0,0,0,1,0,2,0,0,0,0,0,0,3,0,1,2,1,1,0,1,1,1,2,0,1,4,1,3,1,2,0,3,0,2,0,6,4,4,3,2,1,1,2,4,6,7,2,4,2,7,7,7,6,6,10,9,8,13,10,11,12,19,18,13,19,22,25,29,30,28,44,31,35,33,40,38,52,48,54,50,53,59,65,63,80,88,60,82,83,84,100,86,115,133,160,182,231,244,387,468,588,875,1094,1311,1584,1797,1872,1972,2019,2059,2065,1849,1914,1766,1705,1666,1588,1450,1387,1323,1210,1250,1122,1048,998,965,932,853,865,812,784,689,679,677,642,560,495,555,497,537,744,422,488,425,392,464,451,406,368,375,405,383,375,371,332,342,349,335,340,341,363,382,352,287,270,287,284,290,287,295,296,369,460,234,206,165,147,156,133,94,64,52,24,22,14,15,8,5,4,5,5,11,8,7,12,8,11,11,15,9,5,6,9,6,10,7,5,5,7,11,11,7,4,6,3,5,3,3,2,3,4,9,5,2,7,3,3,2,0,1,1,0,0,0,0,0,0,0,0,0,0,0,0,0,0,0,0,0,0,0,0,0,0,0,0,0,0,0,0,0,0,0,0,0,0,0,0,0,0,0,0,0,0,0,0,0,0,0,0,0,0,0,0,0
24.85,0,0,0,0,0,1,0,0,0,0,0,0,0,1,0,0,0,0,1,0,0,0,0,0,2,0,0,0,0,0,1,2,1,0,1,2,2,0,1,0,0,1,1,1,2,4,1,3,1,6,1,4,3,1,4,2,4,4,3,7,5,3,4,7,3,9,3,10,7,6,5,8,12,5,7,13,10,15,13,26,19,21,27,24,32,26,30,36,32,34,38,33,40,40,34,28,51,46,56,38,63,63,48,52,81,85,85,100,118,113,162,172,222,264,326,489,625,880,1101,1314,1613,1847,1912,2001,2049,2036,2050,1882,1921,1825,1752,1681,1597,1497,1367,1315,1243,1241,1114,1078,1006,994,960,827,859,813,763,708,684,635,651,576,519,540,537,531,740,439,492,416,385,468,457,399,384,389,432,369,377,378,335,352,341,338,334,344,370,396,371,294,280,285,284,291,287,295,310,381,466,238,211,163,152,157,140,98,66,54,21,24,13,14,7,6,5,6,5,10,7,9,13,8,10,11,15,8,7,6,7,6,12,7,7,5,8,12,11,7,4,6,3,5,3,3,2,3,4,8,4,2,8,4,3,2,0,1,1,0,0,0,0,0,0,0,0,0,0,0,0,0,0,0,0,0,0,0,0,0,0,0,0,0,0,0,0,0,0,0,0,0,0,0,0,0,0,0,0,0,0,0,0,0,0,0,0,0,0,0,0,0
24.95,0,0,0,0,0,0,0,0,0,0,0,0,0,0,0,0,0,0,0,0,0,1,0,0,0,1,0,0,0,0,0,3,1,0,0,0,1,1,1,1,1,1,1,1,1,1,3,3,0,1,1,5,0,4,0,2,2,1,1,6,4,6,4,3,6,5,4,6,8,10,5,4,8,5,7,3,11,7,17,12,14,13,10,14,13,15,23,17,19,17,17,17,33,21,21,17,24,15,25,36,33,26,37,47,56,58,67,83,93,116,157,142,212,291,358,551,664,901,1172,1338,1661,1849,1988,1992,2080,2089,2112,1903,1949,1834,1784,1699,1598,1551,1405,1309,1242,1262,1134,1074,1030,1006,969,851,839,817,795,707,687,666,621,584,524,562,529,530,805,417,486,432,424,476,452,417,395,392,428,380,381,375,351,360,379,339,331,340,389,403,366,291,294,293,279,300,277,301,309,403,481,239,211,167,159,166,144,103,70,56,25,22,16,14,9,5,4,5,6,9,9,8,12,10,10,12,14,8,6,6,8,7,11,7,5,6,8,11,12,8,4,6,4,5,4,3,2,3,4,8,5,2,7,3,4,3,0,1,1,0,0,0,0,0,0,0,0,0,0,0,0,0,0,0,0,0,0,0,0,0,0,0,0,0,0,0,0,0,0,0,0,0,0,0,0,0,0,0,0,0,0,0,0,0,0,0,0,0,0,0,0,0
25.05,0,0,0,0,0,1,0,0,0,0,0,0,0,0,0,0,0,0,1,0,0,0,1,1,2,0,1,1,0,0,1,1,1,0,0,0,1,2,0,1,1,1,2,1,5,0,2,3,1,3,2,1,6,1,2,3,5,6,3,7,5,6,5,4,5,8,7,9,5,11,4,9,17,3,17,6,8,12,9,12,8,19,15,14,9,11,15,19,17,15,14,25,18,20,16,22,20,23,15,19,24,36,38,35,45,61,74,78,99,107,128,148,210,290,357,513,711,941,1159,1380,1664,1851,1936,2011,2088,2117,2053,2002,1930,1811,1740,1753,1607,1534,1398,1330,1241,1236,1206,1082,1020,1005,996,856,861,760,793,696,723,617,632,553,533,577,547,507,835,433,468,446,415,479,448,405,419,390,418,397,397,365,354,366,366,351,354,334,391,391,355,319,287,282,299,308,285,296,309,403,488,245,217,167,152,162,154,105,69,53,24,24,15,15,7,5,5,5,3,10,8,9,13,10,9,13,15,10,6,7,7,6,10,9,5,6,7,13,11,7,4,7,3,5,4,3,2,5,4,8,4,2,7,4,3,3,1,1,1,0,0,0,0,0,0,0,0,0,0,0,0,0,0,0,0,0,0,0,0,0,0,0,0,0,0,0,0,0,0,0,0,0,0,0,0,0,0,0,0,0,0,0,0,0,0,0,0,0,0,0,0,0
25.15,0,0,0,0,1,0,0,0,0,0,0,0,0,0,0,0,0,0,0,0,1,0,0,0,0,0,0,0,0,0,1,1,1,1,1,0,0,3,0,1,0,2,2,2,0,1,2,0,2,0,1,1,6,1,1,5,6,3,2,5,5,4,1,3,3,4,7,5,7,10,5,13,10,11,13,10,11,9,19,15,22,25,24,30,24,27,28,30,27,42,35,31,35,36,44,35,41,30,39,45,49,60,60,65,57,68,87,93,114,113,137,175,241,309,340,500,656,941,1137,1385,1606,1834,1918,1986,2087,2096,2070,2011,1953,1789,1775,1738,1610,1553,1419,1299,1231,1247,1201,1067,1015,999,1008,859,834,765,796,700,722,613,627,563,549,577,545,520,804,446,472,437,405,483,446,408,397,392,438,383,375,367,339,375,362,346,346,321,378,384,366,316,283,291,289,289,279,297,311,383,482,242,222,162,149,153,155,100,67,53,25,24,16,16,7,5,5,4,5,8,7,9,12,10,9,13,15,11,5,7,8,6,10,8,5,5,7,13,11,7,4,7,3,5,4,4,2,5,4,7,4,3,6,3,3,3,1,1,1,0,0,0,0,0,0,0,0,0,0,0,0,0,0,0,0,0,0,0,0,0,0,0,0,0,0,0,0,0,0,0,0,0,0,0,0,0,0,0,0,0,0,0,0,0,0,0,0,0,0,0,0,0
25.25,0,0,0,0,0,0,0,0,0,0,0,0,0,1,0,0,0,0,0,0,0,0,0,0,0,1,1,0,1,0,0,1,0,0,0,0,2,0,1,2,1,3,1,1,1,3,3,0,2,3,3,2,3,1,3,4,3,0,2,2,4,7,7,9,5,4,6,8,3,11,14,13,16,14,12,10,10,15,17,17,20,20,15,29,24,25,34,32,35,37,32,42,48,50,51,47,57,69,62,65,75,78,77,63,76,107,96,116,98,122,155,183,238,296,294,496,626,914,1072,1380,1659,1829,1889,2007,2132,2069,2082,1966,1962,1799,1766,1724,1630,1552,1416,1290,1215,1250,1206,1088,1028,1017,985,877,852,767,784,713,711,639,641,565,564,564,572,510,792,435,470,456,394,476,443,419,395,405,426,391,381,371,341,360,357,363,340,320,376,386,344,315,283,278,272,292,277,298,305,385,471,234,221,154,145,157,151,100,67,53,25,24,17,14,7,5,6,3,4,8,8,9,12,10,9,13,16,10,6,7,7,6,10,9,5,5,7,13,11,7,4,7,4,5,4,3,2,5,5,7,4,2,7,3,3,3,1,1,1,0,0,0,0,0,0,0,0,0,0,0,0,0,0,0,0,0,0,0,0,0,0,0,0,0,0,0,0,0,0,0,0,0,0,0,0,0,0,0,0,0,0,0,0,0,0,0,0,0,0,0,0,0
25.35,0,0,0,0,0,0,0,0,0,0,0,0,1,0,0,1,0,0,1,0,0,1,0,0,0,1,1,0,1,0,0,0,0,0,0,1,0,0,5,1,2,1,0,3,1,1,2,1,1,1,3,1,5,7,2,3,6,7,2,5,3,10,3,11,7,7,9,9,7,11,12,8,22,18,9,24,22,15,16,24,13,25,28,22,27,31,38,38,26,34,31,42,56,51,58,64,60,67,72,79,74,81,86,81,90,95,96,124,138,123,144,175,214,268,306,487,628,880,1138,1342,1654,1822,1878,1967,2136,2023,2058,1988,1973,1825,1760,1748,1636,1548,1399,1305,1262,1229,1191,1093,1052,1016,999,855,868,780,786,702,713,664,649,579,575,571,572,510,777,442,494,445,422,472,433,410,410,402,415,385,385,351,347,375,367,355,339,317,378,386,346,307,269,284,277,285,271,295,306,382,464,233,219,156,145,156,149,99,62,54,25,25,16,13,10,5,5,4,5,8,7,11,13,10,10,15,15,9,5,7,7,6,10,9,5,5,7,13,12,7,4,7,3,5,4,4,2,5,4,7,4,2,7,3,3,3,1,1,1,0,0,0,0,0,0,0,0,0,0,0,0,0,0,0,0,0,0,0,0,0,0,0,0,0,0,0,0,0,0,0,0,0,0,0,0,0,0,0,0,0,0,0,0,0,0,0,0,0,0,0,0,0
25.45,0,0,0,0,1,0,0,0,0,0,0,0,1,0,0,0,1,1,0,0,0,0,0,0,0,1,1,1,1,0,1,1,1,0,0,1,0,0,0,2,2,1,1,1,0,3,0,3,2,2,2,3,2,8,3,2,2,4,5,7,6,5,5,6,7,6,8,6,13,9,7,6,10,16,16,12,15,25,18,29,25,22,39,21,29,35,23,33,39,43,44,42,46,57,50,59,81,77,65,84,87,71,92,90,114,111,128,131,133,118,143,166,203,253,319,495,607,869,1109,1398,1637,1813,1855,2000,2118,2070,2037,2035,1960,1860,1721,1742,1624,1590,1413,1317,1247,1210,1214,1077,1025,1038,998,873,851,794,782,723,716,656,652,588,578,587,564,506,793,432,492,437,396,502,446,446,403,385,407,385,379,369,340,379,389,353,339,313,380,380,355,301,275,282,283,293,275,293,301,371,456,230,221,152,145,155,147,96,62,53,24,25,19,12,7,6,5,4,4,9,8,10,13,13,9,13,15,9,5,7,7,5,10,9,5,5,7,12,11,7,3,8,3,5,4,3,2,6,4,7,4,2,7,3,3,3,1,1,1,0,0,0,0,0,0,0,0,0,0,0,0,0,0,0,0,0,0,0,0,0,0,0,0,0,0,0,0,0,0,0,0,0,0,0,0,0,0,0,0,0,0,0,0,0,0,0,0,0,0,0,0,0
25.55,0,0,0,0,0,0,0,0,0,0,0,0,0,0,0,0,0,0,0,0,1,0,0,0,1,0,0,0,0,1,0,0,3,1,0,3,0,1,1,0,2,0,3,1,1,2,5,2,3,2,1,5,2,5,3,4,5,3,3,5,4,6,6,5,5,8,6,10,7,8,10,13,8,15,13,27,10,20,16,20,22,25,33,30,29,34,36,32,39,46,39,38,38,44,63,64,59,64,72,84,79,97,100,110,100,103,109,142,111,154,143,177,205,229,324,469,629,844,1119,1406,1590,1846,1849,1973,2099,2076,2034,2047,1958,1869,1721,1721,1645,1583,1411,1314,1237,1212,1247,1059,1043,1044,1012,877,855,805,792,709,708,663,667,586,573,585,564,512,785,437,494,440,398,500,453,426,412,377,405,395,384,373,343,363,381,352,332,316,380,389,353,316,282,282,284,290,281,297,298,370,452,228,224,154,146,155,148,95,61,55,24,24,17,13,11,7,5,3,5,8,8,10,13,12,10,13,15,10,7,7,7,6,9,10,4,5,8,11,12,7,2,7,3,5,4,3,2,5,4,7,4,2,7,3,2,3,1,1,1,0,0,0,0,0,0,0,0,0,0,0,0,0,0,0,0,0,0,0,0,0,0,0,0,0,0,0,0,0,0,0,0,0,0,0,0,0,0,0,0,0,0,0,0,0,0,0,0,0,0,0,0,0
25.65,0,0,0,0,0,0,0,0,0,0,0,0,0,0,0,0,1,0,1,0,1,0,0,0,1,0,0,0,0,2,0,1,0,2,1,2,0,1,3,3,2,0,1,1,1,1,3,2,0,1,2,2,7,3,4,4,2,3,5,5,5,4,9,6,9,8,8,13,12,17,5,21,4,9,16,12,23,16,10,25,20,18,28,22,22,32,29,44,26,44,39,44,48,51,53,57,61,83,68,82,87,83,91,94,98,110,109,119,131,132,152,173,208,289,329,480,622,843,1093,1418,1627,1875,1882,2023,2101,2079,2038,1990,1993,1798,1749,1770,1606,1567,1457,1285,1247,1211,1221,1068,1051,1052,1034,871,845,819,783,736,703,649,669,599,554,594,570,526,792,440,487,465,399,481,449,439,415,377,408,378,381,370,347,372,383,360,346,320,378,393,356,298,289,279,285,306,287,296,298,375,450,230,222,155,148,156,152,94,58,56,24,22,16,12,10,6,8,3,5,8,9,10,13,13,9,14,17,10,5,7,7,6,8,9,5,5,7,11,12,7,3,7,4,5,4,3,2,5,4,7,4,2,7,3,3,3,1,1,1,0,0,0,0,0,0,0,0,0,0,0,0,0,0,0,0,0,0,0,0,0,0,0,0,0,0,0,0,0,0,0,0,0,0,0,0,0,0,0,0,0,0,0,0,0,0,0,0,0,0,0,0,0
25.75,0,0,0,0,0,1,0,0,0,0,0,0,0,0,1,2,0,1,1,0,1,0,1,0,1,0,1,1,1,0,0,1,0,1,3,2,2,1,5,1,1,1,1,2,1,2,4,4,3,1,2,3,3,10,5,5,5,6,1,3,7,4,4,5,1,6,12,6,7,4,10,11,9,14,12,10,12,18,15,17,25,16,22,20,26,33,23,35,32,43,44,41,53,35,41,42,59,78,59,91,70,74,78,83,94,91,97,89,121,145,154,162,206,284,378,473,668,878,1085,1416,1672,1881,1893,2002,2109,2134,2007,1997,2003,1814,1759,1728,1631,1566,1459,1294,1234,1210,1269,1097,1032,1058,1017,868,847,810,797,740,721,634,676,615,569,577,576,538,781,439,475,441,404,495,440,421,427,391,428,383,383,366,359,369,377,364,337,316,384,398,367,298,277,288,280,306,284,304,299,385,466,234,225,154,149,159,151,97,60,55,25,22,16,11,9,7,6,5,6,8,6,11,13,12,9,14,15,8,6,8,7,5,8,9,5,5,7,11,12,7,3,7,4,5,4,5,3,5,4,7,4,2,7,3,2,3,1,1,1,0,0,0,0,0,0,0,0,0,0,0,0,0,0,0,0,0,0,0,0,0,0,0,0,0,0,0,0,0,0,0,0,0,0,0,0,0,0,0,0,0,0,0,0,0,0,0,0,0,0,0,0,0
25.85,1,0,0,0,0,0,0,0,0,0,0,0,0,0,1,0,0,0,1,0,3,1,0,0,0,0,0,0,0,1,0,1,0,1,1,0,1,1,0,1,2,1,2,1,2,2,1,2,2,0,1,4,3,2,4,7,5,7,2,7,6,3,4,6,7,7,8,10,5,9,12,14,13,17,9,16,13,16,10,24,15,22,11,13,25,32,37,28,32,41,33,28,34,32,42,39,35,46,47,53,56,62,63,50,62,76,97,106,124,139,146,164,234,294,375,534,667,921,1155,1444,1698,1821,1958,2002,2143,2133,2012,1968,1989,1864,1742,1721,1663,1545,1427,1366,1238,1180,1285,1130,1003,1054,1001,890,869,802,804,740,755,645,682,608,575,571,563,546,815,431,485,433,414,501,426,436,438,386,433,381,390,384,355,372,374,374,342,311,392,403,364,315,279,282,287,309,290,322,299,389,468,244,232,161,151,158,146,98,60,58,25,21,17,11,7,7,6,5,6,9,6,10,13,12,8,12,15,9,7,6,6,6,7,11,4,5,8,10,11,6,2,7,3,5,5,4,2,6,5,7,6,2,7,3,2,3,1,1,1,0,0,0,0,0,0,0,0,0,0,0,0,0,0,0,0,0,0,0,0,0,0,0,0,0,0,0,0,0,0,0,0,0,0,0,0,0,0,0,0,0,0,0,0,0,0,0,0,0,0,0,0,0
25.95,0,0,0,0,0,0,0,0,0,0,0,0,0,0,0,0,0,0,0,0,0,0,1,0,1,0,1,1,0,0,1,0,1,1,1,0,2,1,1,1,0,1,1,0,0,0,0,2,3,3,1,0,4,3,1,1,2,3,6,7,5,2,7,1,9,5,0,3,11,5,7,11,5,15,7,9,11,8,8,4,17,20,9,10,12,14,17,21,16,14,15,20,17,26,26,28,19,33,32,34,37,51,47,47,58,57,75,77,96,117,136,160,246,320,370,532,712,931,1222,1511,1730,1857,1934,2061,2131,2129,2053,1979,2006,1874,1784,1743,1642,1550,1434,1326,1263,1220,1249,1113,1077,1033,997,896,872,801,791,751,758,648,683,603,563,577,562,530,850,438,476,442,421,503,453,447,447,399,450,369,392,376,352,379,378,381,351,330,389,420,369,315,286,278,288,313,301,310,317,406,476,246,232,173,160,173,152,92,61,62,24,23,19,11,7,5,7,5,6,8,8,11,13,12,8,12,13,8,5,8,5,6,7,10,5,6,7,12,12,7,2,7,3,5,5,3,2,5,5,9,5,3,7,3,4,4,1,1,1,0,0,0,0,0,0,0,0,0,0,0,0,0,0,0,0,0,0,0,0,0,0,0,0,0,0,0,0,0,0,0,0,0,0,0,0,0,0,0,0,0,0,0,0,0,0,0,0,0,0,0,0,0
26.05,0,0,0,0,0,0,0,0,0,0,0,0,0,0,1,0,0,0,0,0,0,0,0,0,0,0,0,0,1,0,0,0,0,3,0,1,1,1,0,3,1,0,2,4,0,1,3,1,3,4,1,6,2,1,2,1,3,1,4,7,1,8,5,4,7,6,7,5,8,6,10,4,8,10,14,7,15,14,8,6,5,11,8,12,12,21,5,12,15,13,12,18,9,14,22,18,13,21,20,20,15,29,32,40,51,64,77,86,72,104,132,141,245,309,393,528,693,965,1258,1490,1724,1927,2011,2071,2214,2098,2042,1992,2000,1875,1797,1731,1633,1520,1464,1352,1285,1198,1238,1145,1056,1063,1006,900,861,823,793,746,762,673,672,625,567,581,570,526,851,426,472,451,392,502,437,456,448,405,439,397,386,377,346,381,388,386,344,340,403,408,351,318,303,291,285,309,301,318,310,401,482,247,229,176,162,161,168,95,63,58,31,26,15,11,7,7,6,5,7,7,6,11,15,13,8,12,13,8,4,7,5,6,9,9,5,5,10,10,13,7,2,7,3,6,5,3,2,5,4,7,6,3,8,3,3,5,1,2,1,0,0,0,0,0,0,0,0,0,0,0,0,0,0,0,0,0,0,0,0,0,0,0,0,0,0,0,0,0,0,0,0,0,0,0,0,0,0,0,0,0,0,0,0,0,0,0,0,0,0,0,0,0
26.15,0,0,1,0,0,0,0,1,0,0,0,0,1,1,1,1,0,0,0,0,0,0,1,1,0,0,1,1,2,0,0,0,0,1,0,0,3,1,0,4,0,1,3,2,1,4,1,2,3,4,3,0,4,2,2,2,4,2,4,5,8,6,2,6,5,7,7,12,8,6,4,17,9,10,12,16,15,4,21,24,26,16,18,25,23,25,32,30,35,27,31,33,45,36,41,32,35,33,34,40,47,43,47,48,52,78,105,101,106,140,148,151,232,284,407,500,712,927,1221,1448,1752,1915,1993,2056,2177,2104,2048,1986,1968,1862,1815,1714,1628,1547,1438,1354,1314,1168,1241,1185,1085,1037,995,931,863,844,786,719,770,679,670,606,575,569,562,525,848,420,468,460,396,499,436,471,442,401,447,400,381,394,328,368,388,381,340,335,398,399,338,320,301,277,295,303,289,313,313,382,472,246,222,173,160,161,160,92,65,59,30,24,15,11,7,7,5,7,6,6,6,11,15,14,8,12,13,8,5,7,5,6,8,9,5,5,10,10,13,7,2,7,3,5,5,3,2,5,3,7,6,4,8,3,2,5,1,2,1,0,0,0,0,0,0,0,0,0,0,0,0,0,0,0,0,0,0,0,0,0,0,0,0,0,0,0,0,0,0,0,0,0,0,0,0,0,0,0,0,0,0,0,0,0,0,0,0,0,0,0,0,0
26.25,2,0,0,2,0,0,0,0,1,1,0,0,0,0,0,0,0,0,0,0,0,1,0,1,0,0,3,0,0,1,2,0,2,1,1,3,3,1,0,0,2,2,0,1,2,5,2,1,6,3,5,4,3,4,4,2,3,2,4,5,6,5,4,4,8,4,10,9,7,7,12,12,11,15,15,10,17,18,10,17,21,16,26,28,27,26,26,28,35,33,27,32,43,49,55,54,45,54,71,74,63,61,71,79,70,79,106,101,117,150,160,170,245,283,366,501,674,929,1240,1433,1724,1970,1998,2037,2153,2061,2079,2018,1952,1894,1813,1791,1596,1543,1422,1401,1296,1187,1241,1138,1071,1067,1002,901,848,842,815,709,774,672,665,628,600,558,565,517,821,436,448,458,412,522,447,447,448,397,454,404,381,368,330,374,377,362,334,328,389,406,332,320,307,281,284,304,287,297,298,386,468,245,220,162,158,161,158,87,66,58,30,24,15,11,7,7,4,6,6,6,7,11,16,13,8,12,13,8,5,7,6,6,8,9,5,5,10,9,13,7,2,7,3,4,5,3,2,5,3,7,6,4,8,3,2,5,1,2,1,0,0,0,0,0,0,0,0,0,0,0,0,0,0,0,0,0,0,0,0,0,0,0,0,0,0,0,0,0,0,0,0,0,0,0,0,0,0,0,0,0,0,0,0,0,0,0,0,0,0,0,0,0
26.35,0,0,0,0,0,0,1,0,0,0,0,0,0,0,0,0,0,0,0,0,0,0,0,0,0,0,1,0,0,0,0,0,3,1,2,0,3,1,1,2,1,1,4,3,3,2,2,2,2,2,1,2,2,4,2,3,4,5,6,6,7,3,2,5,5,10,12,11,14,6,16,9,13,11,11,10,13,15,16,21,23,31,23,30,30,33,41,35,23,40,45,39,45,49,46,53,83,77,75,72,68,82,87,82,110,85,107,104,106,131,149,165,235,265,350,500,698,948,1220,1419,1806,1958,1990,2018,2173,2067,2066,2004,1955,1924,1840,1758,1606,1591,1453,1373,1272,1213,1231,1132,1049,1082,1016,896,850,828,829,724,774,671,682,643,576,563,555,525,835,404,455,462,405,513,457,453,442,409,432,395,381,383,329,370,369,376,332,332,402,396,332,310,302,286,282,297,277,301,288,386,468,241,214,165,157,161,154,89,65,56,28,23,15,13,7,6,6,5,6,7,7,11,17,13,8,13,13,8,5,7,5,6,8,9,5,6,10,9,12,7,2,7,3,4,5,3,2,5,3,7,6,4,8,3,2,5,1,2,1,0,0,0,0,0,0,0,0,0,0,0,0,0,0,0,0,0,0,0,0,0,0,0,0,0,0,0,0,0,0,0,0,0,0,0,0,0,0,0,0,0,0,0,0,0,0,0,0,0,0,0,0,0
26.45,1,0,0,0,0,0,0,0,1,0,0,0,0,0,0,0,0,1,1,0,0,0,0,0,0,0,0,2,1,1,0,1,1,0,0,1,2,2,1,2,1,0,4,2,1,2,1,1,5,5,2,3,1,0,6,4,4,4,4,6,6,3,8,9,6,5,5,8,8,8,10,14,9,10,11,19,23,24,24,31,20,19,25,25,22,27,30,45,35,35,44,34,52,53,54,67,65,76,78,75,94,78,93,102,89,119,106,107,117,143,159,170,231,265,332,522,685,945,1237,1410,1754,1956,1968,2071,2167,2057,2064,1998,1979,1912,1822,1726,1613,1591,1426,1333,1281,1206,1243,1168,1062,1068,1008,888,871,838,797,750,767,651,696,646,593,557,560,508,807,424,449,446,413,507,431,455,456,409,424,407,381,394,331,383,373,362,348,325,400,404,333,313,299,274,273,300,277,296,285,384,474,232,214,163,162,162,150,94,62,55,30,23,15,11,7,6,6,5,7,6,9,13,16,13,8,13,14,8,5,7,5,6,8,9,5,5,10,9,12,8,2,7,3,4,5,3,2,5,3,7,6,4,8,3,2,5,1,2,1,0,0,0,0,0,0,0,0,0,0,0,0,0,0,0,0,0,0,0,0,0,0,0,0,0,0,0,0,0,0,0,0,0,0,0,0,0,0,0,0,0,0,0,0,0,0,0,0,0,0,0,0,0
26.55,0,0,0,0,0,0,0,0,0,0,0,0,0,0,0,0,0,1,0,1,0,1,1,1,1,0,1,0,2,1,0,1,0,0,0,1,1,1,2,2,1,0,1,3,2,0,0,2,2,6,3,3,4,2,4,3,5,1,2,2,6,3,9,2,7,6,7,11,14,3,12,17,14,9,17,14,17,20,9,14,16,19,32,31,29,31,29,32,34,44,42,44,39,55,61,52,54,67,67,80,85,85,88,107,112,115,102,128,145,143,182,171,226,267,335,505,688,945,1196,1424,1731,1978,1992,2072,2176,2053,2041,1984,2005,1913,1813,1718,1596,1576,1428,1340,1315,1195,1238,1189,1072,1060,1005,898,872,835,811,721,780,641,693,654,614,568,543,530,800,432,450,439,405,507,452,442,448,400,422,399,387,382,334,379,385,380,338,332,400,399,331,312,311,268,285,291,278,298,288,383,479,232,213,162,160,162,147,94,62,54,27,25,17,12,7,6,4,6,6,6,8,12,17,14,10,15,14,8,5,9,5,6,8,9,5,5,10,9,12,7,2,7,3,4,5,3,2,5,3,7,6,4,8,3,2,5,1,2,1,0,0,0,0,0,0,0,0,0,0,0,0,0,0,0,0,0,0,0,0,0,0,0,0,0,0,0,0,0,0,0,0,0,0,0,0,0,0,0,0,0,0,0,0,0,0,0,0,0,0,0,0,0
26.65,0,0,0,0,1,0,0,0,0,0,0,0,0,2,0,0,0,0,1,0,0,0,0,0,0,1,1,0,1,0,1,0,0,0,1,0,1,2,2,0,1,1,1,1,3,0,3,0,2,3,2,2,1,8,6,1,1,2,3,5,3,4,7,7,10,5,10,7,6,9,13,12,10,11,10,16,14,16,26,21,21,29,21,26,24,29,54,37,37,42,42,51,59,39,49,45,61,79,70,85,80,78,117,99,96,112,105,112,126,138,176,177,232,260,356,503,719,912,1211,1417,1732,1956,1999,2103,2189,2046,1991,1966,1984,1909,1784,1748,1591,1531,1453,1365,1309,1215,1268,1140,1092,1023,1028,928,848,861,793,721,802,674,683,624,621,574,563,508,810,430,478,451,399,505,437,444,429,408,441,411,368,394,341,383,370,374,340,346,401,408,330,314,310,279,280,293,277,299,296,385,472,231,212,172,159,164,145,94,64,54,26,25,15,11,7,8,4,5,7,6,7,12,17,14,8,15,13,9,6,9,6,6,9,9,6,5,10,9,11,8,2,8,3,4,5,3,2,5,3,7,6,4,8,3,2,5,1,2,1,0,0,0,0,0,0,0,0,0,0,0,0,0,0,0,0,0,0,0,0,0,0,0,0,0,0,0,0,0,0,0,0,0,0,0,0,0,0,0,0,0,0,0,0,0,0,0,0,0,0,0,0,0
26.75,0,0,0,0,0,0,1,1,0,0,0,0,0,0,1,0,0,0,0,1,1,2,0,0,0,1,0,0,0,0,0,0,1,1,1,2,1,0,0,0,1,1,2,1,3,2,2,2,3,1,3,0,5,2,2,6,1,4,7,2,7,3,3,10,5,9,7,9,7,10,4,11,12,13,11,12,9,20,19,11,29,19,23,19,22,25,29,28,29,36,43,47,47,44,61,53,70,69,77,62,74,85,97,95,97,100,85,111,119,136,172,185,233,285,386,521,710,945,1235,1431,1709,2012,1987,2087,2181,2080,1998,1971,2011,1901,1781,1703,1583,1530,1402,1410,1319,1211,1257,1143,1095,1051,1020,927,880,851,852,729,775,664,676,622,615,572,568,509,831,437,484,445,411,504,468,444,452,401,432,409,385,383,335,376,390,370,339,339,404,409,345,305,311,285,279,315,285,297,299,390,465,234,221,174,165,159,146,95,63,55,26,23,16,12,6,7,4,5,6,7,7,13,20,13,10,13,13,8,6,7,7,6,8,10,7,6,10,9,11,7,3,7,3,4,5,4,2,5,3,8,6,4,8,3,2,5,1,2,1,0,0,0,0,0,0,0,0,0,0,0,0,0,0,0,0,0,0,0,0,0,0,0,0,0,0,0,0,0,0,0,0,0,0,0,0,0,0,0,0,0,0,0,0,0,0,0,0,0,0,0,0,0
26.85,0,0,0,0,1,0,0,0,1,0,0,1,0,0,1,0,0,0,2,0,0,1,1,0,1,0,1,0,0,2,0,0,1,1,1,0,1,1,2,1,3,2,1,0,2,1,2,3,2,4,3,2,3,1,6,3,2,7,3,1,2,8,3,10,4,6,8,6,9,9,12,6,13,13,12,17,9,16,22,13,20,20,21,26,24,20,30,38,27,26,29,27,51,42,39,47,36,34,43,54,47,58,67,75,62,82,97,109,118,139,168,200,260,302,388,545,697,973,1306,1453,1775,1985,2008,2103,2175,2032,2020,2057,1969,1910,1784,1735,1585,1502,1431,1407,1302,1204,1227,1166,1090,1014,1017,924,883,877,825,740,795,685,691,637,606,589,545,535,804,433,488,442,419,526,476,435,452,417,442,411,394,386,330,374,373,376,356,334,411,407,351,317,303,284,282,312,282,306,322,398,463,235,224,180,165,166,145,98,63,53,27,23,15,13,7,7,5,5,6,7,7,13,19,13,9,13,14,9,5,7,6,6,10,10,5,5,13,10,11,8,2,7,3,4,6,3,2,5,3,9,6,4,8,3,2,5,1,2,1,0,0,0,0,0,0,0,0,0,0,0,0,0,0,0,0,0,0,0,0,0,0,0,0,0,0,0,0,0,0,0,0,0,0,0,0,0,0,0,0,0,0,0,0,0,0,0,0,0,0,0,0,0
26.95,0,0,0,0,0,1,0,0,0,0,0,0,1,0,0,0,0,1,0,1,0,0,2,1,0,0,1,3,0,0,2,0,0,0,1,1,2,0,2,1,2,0,2,1,4,1,1,0,2,5,3,2,1,2,5,4,4,4,7,2,3,3,4,5,5,8,2,6,6,2,5,15,12,8,7,13,14,7,9,12,9,12,10,13,13,3,10,15,17,21,15,15,16,13,13,19,13,23,31,31,45,35,45,52,40,51,65,91,98,142,162,200,244,338,398,542,770,1030,1312,1468,1819,1972,2032,2103,2168,2115,2069,2043,2002,1912,1784,1719,1613,1553,1420,1403,1316,1206,1220,1170,1074,1042,984,928,891,898,852,732,793,683,704,641,596,576,550,504,855,429,474,433,440,523,481,446,434,443,448,421,396,385,354,377,377,372,346,335,422,403,370,314,317,298,299,321,290,305,320,404,476,240,236,179,169,171,147,99,64,53,30,25,14,12,10,8,4,5,7,9,7,12,18,13,9,13,14,8,5,10,5,7,8,9,7,4,10,9,13,9,2,7,5,4,5,2,2,5,4,8,6,4,8,3,2,5,1,2,1,0,0,0,0,0,0,0,0,0,0,0,0,0,0,0,0,0,0,0,0,0,0,0,0,0,0,0,0,0,0,0,0,0,0,0,0,0,0,0,0,0,0,0,0,0,0,0,0,0,0,0,0,0
27.05,0,0,0,0,0,0,0,0,0,1,0,0,0,2,0,0,0,0,0,0,2,0,0,0,0,0,0,1,0,0,0,2,1,2,0,1,0,1,1,1,3,0,0,1,2,3,5,3,2,1,0,3,1,1,4,3,5,2,3,3,1,4,2,8,6,6,12,3,6,7,9,7,7,9,10,13,10,10,5,10,9,10,11,7,11,11,11,23,11,9,20,13,18,16,13,16,17,18,24,28,29,33,43,40,49,60,70,94,86,141,152,173,237,336,402,564,778,1037,1314,1501,1824,1931,2006,2131,2216,2091,2034,2046,1981,1882,1782,1716,1617,1584,1398,1355,1332,1247,1251,1135,1079,1043,950,918,876,901,834,752,779,698,713,633,601,562,547,507,857,424,464,449,435,512,485,471,428,415,455,427,394,374,375,383,385,359,361,338,403,417,371,313,331,293,293,328,291,316,336,396,463,239,226,193,170,160,144,100,70,54,31,25,15,12,9,7,7,6,5,5,9,12,21,13,9,14,13,8,5,7,5,6,11,9,5,5,10,9,11,10,4,7,5,5,6,2,2,5,3,9,6,4,8,3,2,5,1,2,1,0,0,0,0,0,0,0,0,0,0,0,0,0,0,0,0,0,0,0,0,0,0,0,0,0,0,0,0,0,0,0,0,0,0,0,0,0,0,0,0,0,0,0,0,0,0,0,0,0,0,0,0,0
27.15,0,0,0,0,0,0,0,0,0,1,1,1,1,0,0,2,0,0,0,0,0,0,0,0,2,0,0,0,0,0,0,1,0,2,0,3,1,4,3,0,1,0,1,0,2,1,2,1,2,1,4,2,5,4,3,4,3,3,0,9,4,6,5,6,8,8,8,8,10,11,10,12,14,15,12,11,10,13,12,20,18,17,15,27,24,25,24,34,30,23,30,35,31,37,35,42,37,37,37,44,40,51,50,54,69,58,84,106,93,135,186,189,246,326,395,552,740,1012,1308,1449,1792,1913,1995,2132,2166,2051,2038,2095,1973,1852,1780,1741,1587,1566,1427,1354,1358,1249,1227,1123,1121,1034,944,957,856,872,838,762,774,671,702,624,583,563,571,507,848,439,466,440,428,503,482,470,439,398,444,419,397,379,366,378,385,358,345,328,409,414,369,320,306,290,293,324,291,315,306,380,469,238,217,187,167,162,142,98,71,56,30,25,15,12,8,8,7,6,5,6,8,12,20,13,9,13,12,8,5,7,4,7,11,11,5,4,10,9,11,10,5,7,5,4,6,2,2,5,3,9,6,4,8,3,2,5,1,2,1,0,0,0,0,0,0,0,0,0,0,0,0,0,0,0,0,0,0,0,0,0,0,0,0,0,0,0,0,0,0,0,0,0,0,0,0,0,0,0,0,0,0,0,0,0,0,0,0,0,0,0,0,0
27.25,0,0,0,0,1,0,0,1,0,0,0,0,0,0,0,1,0,0,0,1,0,0,0,1,0,1,1,0,0,0,0,0,0,0,2,2,1,1,2,0,0,1,1,1,2,0,4,2,1,2,4,3,5,5,2,2,3,4,8,7,4,4,5,4,4,8,11,11,7,9,17,10,13,10,12,18,10,10,14,16,23,20,17,20,30,34,38,29,22,53,37,53,44,45,49,45,61,51,45,52,60,76,68,60,88,85,93,96,127,141,186,192,236,313,386,524,723,971,1299,1452,1799,1923,1984,2112,2168,2093,2033,2101,1959,1840,1806,1762,1560,1552,1423,1383,1353,1259,1224,1124,1096,1040,942,904,865,892,820,756,751,690,705,607,595,571,566,505,842,416,467,438,425,510,472,470,413,405,438,440,406,386,359,373,375,359,349,337,392,399,358,321,313,293,297,321,270,306,314,376,465,236,218,189,163,160,142,100,68,53,31,26,16,12,8,9,7,6,4,5,10,11,20,12,9,14,12,8,5,7,4,6,11,11,5,4,11,9,10,10,4,7,5,4,6,2,2,5,3,9,6,4,8,3,2,5,1,2,1,0,0,0,0,0,0,0,0,0,0,0,0,0,0,0,0,0,0,0,0,0,0,0,0,0,0,0,0,0,0,0,0,0,0,0,0,0,0,0,0,0,0,0,0,0,0,0,0,0,0,0,0,0
27.35,1,0,0,0,0,0,0,0,1,1,0,0,0,0,1,0,1,1,0,1,0,0,1,1,0,0,1,0,0,1,0,0,0,0,1,1,2,1,1,0,1,0,0,1,3,2,1,1,0,2,4,2,3,3,2,1,6,2,5,8,5,7,3,4,8,9,9,9,6,9,10,8,12,12,17,16,9,23,20,17,21,17,25,32,23,32,36,38,41,45,37,52,38,59,54,53,67,71,66,86,80,95,85,89,96,105,109,117,128,150,139,176,219,302,378,530,697,975,1279,1443,1776,1912,1978,2103,2215,2099,2056,2075,1982,1845,1838,1739,1580,1595,1415,1383,1357,1235,1227,1116,1114,1033,977,897,865,866,837,741,752,684,711,615,595,580,566,510,842,425,454,443,453,492,482,466,404,418,452,434,415,375,353,368,385,363,341,325,409,399,357,322,312,292,287,308,273,306,310,377,473,227,218,189,165,162,145,97,67,52,30,27,16,13,8,8,6,6,5,5,8,12,20,11,9,12,13,10,6,7,5,6,11,11,5,4,10,9,10,10,4,7,5,5,6,2,2,5,3,10,6,4,8,3,2,5,1,2,1,0,0,0,0,0,0,0,0,0,0,0,0,0,0,0,0,0,0,0,0,0,0,0,0,0,0,0,0,0,0,0,0,0,0,0,0,0,0,0,0,0,0,0,0,0,0,0,0,0,0,0,0,0
27.45,0,0,0,0,0,0,0,1,0,0,0,0,0,0,0,1,0,0,0,0,0,0,0,2,0,1,2,0,1,0,0,1,0,0,1,0,3,4,1,0,2,1,3,2,3,0,1,6,3,3,1,4,3,7,2,4,6,1,7,7,7,3,9,5,5,9,4,7,12,11,11,10,18,16,21,13,21,16,13,18,24,24,25,29,21,30,41,31,43,31,33,51,46,53,56,65,69,87,78,73,97,92,85,100,105,108,114,118,123,150,149,151,222,306,374,526,701,1009,1271,1436,1774,1872,1988,2112,2258,2112,2066,2041,1970,1858,1813,1703,1604,1569,1433,1350,1355,1219,1237,1113,1092,1055,949,892,867,878,828,746,774,663,690,613,569,598,566,507,838,421,456,455,449,506,481,458,430,424,438,439,412,379,363,370,371,361,344,330,405,409,359,302,309,281,282,312,280,300,308,371,470,228,216,186,163,161,143,96,68,51,30,26,16,13,8,7,7,6,4,6,8,12,19,11,9,12,13,9,5,8,4,8,11,11,5,5,10,9,10,9,4,7,5,5,6,2,2,5,3,10,6,4,8,3,2,5,1,2,1,0,0,0,0,0,0,0,0,0,0,0,0,0,0,0,0,0,0,0,0,0,0,0,0,0,0,0,0,0,0,0,0,0,0,0,0,0,0,0,0,0,0,0,0,0,0,0,0,0,0,0,0,0
27.55,0,0,0,0,0,0,0,0,1,0,1,0,1,1,0,2,0,0,0,0,1,0,0,2,1,0,1,1,1,2,1,0,1,1,0,1,0,1,0,2,1,1,2,3,1,0,3,0,3,1,3,1,3,4,4,3,2,5,6,11,4,4,10,9,5,10,8,10,7,10,22,10,7,13,9,15,21,10,20,16,18,25,19,35,24,28,23,37,36,37,49,55,48,55,66,68,54,86,66,81,91,89,109,82,106,117,107,131,133,154,170,177,215,283,375,529,709,967,1291,1422,1766,1881,2005,2078,2224,2112,2072,2048,1991,1861,1807,1707,1578,1561,1417,1364,1350,1227,1269,1076,1094,1041,935,919,889,891,808,738,753,671,693,602,575,593,562,521,856,431,457,459,427,521,476,471,419,425,435,435,407,383,366,358,375,368,353,334,398,401,363,298,299,288,286,304,278,296,320,368,461,225,215,183,168,159,140,95,65,51,28,25,16,11,11,6,6,6,5,5,9,11,19,11,9,12,12,9,5,7,4,6,11,13,7,4,10,9,9,9,5,7,5,5,6,2,3,4,3,10,6,4,8,3,2,5,1,2,1,0,0,0,0,0,0,0,0,0,0,0,0,0,0,0,0,0,0,0,0,0,0,0,0,0,0,0,0,0,0,0,0,0,0,0,0,0,0,0,0,0,0,0,0,0,0,0,0,0,0,0,0,0
27.65,0,0,1,0,0,0,0,0,0,0,0,1,0,0,0,0,0,0,1,0,0,0,1,0,0,1,2,0,0,1,1,2,2,1,0,0,0,3,0,0,0,1,3,1,1,1,1,1,2,4,2,2,1,5,4,2,5,9,4,6,3,4,8,7,9,7,3,4,8,9,9,9,13,10,7,15,9,17,17,18,25,22,27,32,38,18,25,34,39,33,48,46,39,44,62,61,56,84,66,73,74,81,86,80,115,97,124,115,125,172,179,183,229,296,394,549,724,957,1266,1445,1778,1863,2029,2084,2205,2108,2075,2085,1968,1872,1769,1718,1611,1535,1412,1400,1332,1250,1283,1078,1080,1003,951,893,864,909,811,750,761,665,716,604,571,592,555,517,867,436,468,439,449,510,488,466,435,438,443,429,402,370,359,364,367,358,357,329,403,402,358,306,296,290,282,315,276,298,316,369,461,231,222,183,168,161,139,96,66,52,29,25,16,11,9,7,8,6,5,5,10,10,20,11,10,12,12,9,4,7,4,6,11,11,5,4,11,11,10,9,4,7,5,6,6,2,3,4,3,10,6,4,8,3,2,5,1,2,1,0,0,0,0,0,0,0,0,0,0,0,0,0,0,0,0,0,0,0,0,0,0,0,0,0,0,0,0,0,0,0,0,0,0,0,0,0,0,0,0,0,0,0,0,0,0,0,0,0,0,0,0,0
27.75,0,0,0,0,0,0,0,1,0,0,0,0,0,0,0,0,0,0,0,0,0,0,0,1,0,0,1,1,0,1,0,0,0,0,4,1,0,1,2,1,2,1,1,2,2,0,3,2,3,2,5,3,2,3,4,6,6,2,5,3,2,3,6,6,5,4,9,5,7,9,3,8,9,13,11,13,12,14,17,18,21,24,30,23,25,23,34,44,38,30,42,45,45,43,54,52,64,55,70,65,78,67,72,76,88,97,101,103,128,162,168,200,238,307,400,554,732,979,1231,1450,1779,1865,1997,2112,2230,2130,2068,2096,1930,1858,1804,1719,1622,1552,1418,1396,1296,1260,1275,1085,1066,1007,964,886,888,894,826,738,755,672,703,623,581,602,552,507,862,444,471,474,433,499,477,462,440,444,437,424,398,372,362,366,375,362,355,328,420,398,376,314,296,283,282,304,286,301,310,373,466,233,221,186,168,162,139,96,65,50,31,23,16,12,8,6,10,5,4,6,10,10,20,11,12,14,12,9,3,7,4,6,10,11,6,4,10,9,9,12,4,8,5,5,6,2,4,4,3,10,6,4,7,4,2,5,1,2,1,0,0,0,0,0,0,0,0,0,0,0,0,0,0,0,0,0,0,0,0,0,0,0,0,0,0,0,0,0,0,0,0,0,0,0,0,0,0,0,0,0,0,0,0,0,0,0,0,0,0,0,0,0
27.85,0,0,0,1,0,0,0,0,0,0,0,0,0,0,0,0,0,0,0,0,0,0,0,0,0,1,0,0,0,1,0,1,1,1,0,1,0,0,3,0,0,0,1,3,0,2,1,2,0,0,1,0,1,3,1,6,2,3,2,5,4,7,5,8,4,5,5,8,7,9,5,12,12,20,11,20,18,13,11,21,13,28,26,14,23,20,21,27,35,40,29,31,29,40,35,47,41,48,40,54,36,52,58,53,83,91,101,99,114,162,169,231,256,336,430,545,762,991,1267,1443,1750,1892,2013,2157,2197,2111,2117,2113,1944,1841,1816,1741,1601,1565,1443,1348,1295,1237,1251,1129,1041,1016,964,880,908,893,828,750,760,667,699,613,562,620,569,515,873,429,458,475,439,506,487,459,448,438,439,440,405,376,358,366,379,380,364,318,415,398,366,316,311,292,287,311,288,293,321,371,470,240,220,187,174,164,138,98,66,49,29,24,17,11,7,8,7,6,5,6,11,9,19,13,12,12,12,11,4,8,5,7,10,11,7,4,10,9,9,9,4,10,5,5,7,2,3,4,3,11,6,4,7,4,2,5,1,2,1,0,0,0,0,0,0,0,0,0,0,0,0,0,0,0,0,0,0,0,0,0,0,0,0,0,0,0,0,0,0,0,0,0,0,0,0,0,0,0,0,0,0,0,0,0,0,0,0,0,0,0,0,0
27.95,0,0,0,0,0,0,0,0,0,0,0,1,0,0,0,0,0,0,0,0,0,0,0,1,0,0,0,0,0,1,0,0,0,1,0,0,1,1,1,0,0,0,2,0,2,0,1,4,1,2,1,2,1,1,6,3,3,4,2,2,5,4,6,7,6,5,5,4,6,6,7,10,8,4,5,13,10,7,13,6,11,15,9,20,18,11,11,13,16,24,15,17,16,29,27,14,19,29,21,25,37,45,47,42,41,74,92,100,135,150,167,216,274,318,458,575,806,1006,1323,1461,1810,1890,2064,2160,2243,2142,2099,2093,1930,1842,1821,1740,1605,1563,1440,1355,1338,1226,1222,1137,1073,1013,966,870,881,904,828,750,759,644,731,596,597,583,555,528,891,442,448,463,449,496,503,464,431,439,448,447,413,376,366,377,377,382,364,320,428,396,373,318,317,286,293,305,287,301,323,387,482,239,222,199,180,165,139,100,67,55,29,25,14,13,7,6,7,5,5,5,9,10,19,13,11,13,14,9,3,7,7,8,11,13,7,5,10,9,9,9,4,7,7,7,6,2,3,6,3,10,6,5,6,4,2,5,1,2,1,0,0,0,0,0,0,0,0,0,0,0,0,0,0,0,0,0,0,0,0,0,0,0,0,0,0,0,0,0,0,0,0,0,0,0,0,0,0,0,0,0,0,0,0,0,0,0,0,0,0,0,0,0
28.05,0,0,0,0,0,0,0,0,0,0,1,0,0,0,0,0,0,0,0,0,2,0,0,0,0,0,0,0,0,0,2,1,0,0,0,0,1,1,1,0,1,1,1,3,2,1,2,2,2,2,3,1,0,2,3,4,4,5,3,4,7,8,4,4,10,6,6,6,9,6,8,6,4,15,10,4,9,11,8,12,4,13,16,7,11,5,13,16,12,13,9,15,17,19,19,17,16,19,18,29,26,38,40,43,61,53,74,96,137,137,150,235,260,343,422,601,791,1040,1359,1465,1762,1903,2061,2195,2232,2149,2068,2075,1932,1865,1798,1742,1610,1588,1430,1365,1293,1243,1213,1097,1076,1009,961,920,862,891,819,734,765,655,707,616,569,589,576,515,889,435,449,446,471,500,477,466,451,461,446,451,397,372,378,379,379,389,355,328,428,393,365,335,305,289,300,283,289,304,323,404,481,243,221,195,182,176,139,99,73,51,31,26,14,11,7,6,7,6,4,6,10,9,17,12,13,10,14,11,3,7,4,8,10,13,7,5,13,10,10,9,4,7,6,6,8,2,3,4,4,10,6,5,7,4,2,5,1,2,1,0,0,0,0,0,0,0,0,0,0,0,0,0,0,0,0,0,0,0,0,0,0,0,0,0,0,0,0,0,0,0,0,0,0,0,0,0,0,0,0,0,0,0,0,0,0,0,0,0,0,0,0,0
28.15,0,1,0,0,0,0,1,0,0,0,0,0,0,0,0,2,0,0,0,1,0,0,0,0,1,2,2,0,0,0,0,0,2,0,1,0,0,1,0,1,0,1,0,2,2,2,1,3,2,1,5,1,3,2,6,4,3,3,6,5,8,3,5,9,6,3,10,4,5,4,6,7,12,10,8,13,19,16,19,21,22,20,26,24,22,30,24,34,20,27,37,39,28,38,30,37,47,39,34,31,48,58,59,51,71,74,93,111,133,152,168,222,267,342,411,528,762,970,1306,1460,1770,1883,2025,2190,2237,2070,2094,2063,1936,1813,1799,1714,1602,1559,1434,1375,1354,1204,1184,1083,1060,1007,965,918,845,895,826,747,758,643,692,608,569,580,583,533,861,450,436,445,468,518,461,474,454,453,432,452,397,370,366,387,361,370,350,335,430,388,370,325,309,286,294,278,292,303,325,382,483,233,217,198,183,167,134,97,69,50,30,28,14,10,7,7,7,5,4,7,9,9,18,13,13,11,13,10,3,7,4,8,10,13,7,5,13,10,10,8,4,7,6,6,8,2,3,4,5,10,6,5,7,4,2,4,1,2,1,0,0,0,0,0,0,0,0,0,0,0,0,0,0,0,0,0,0,0,0,0,0,0,0,0,0,0,0,0,0,0,0,0,0,0,0,0,0,0,0,0,0,0,0,0,0,0,0,0,0,0,0,0
28.25,0,0,0,0,0,0,0,0,0,0,0,1,0,0,0,0,0,0,0,0,0,1,1,1,0,0,0,1,0,0,1,0,0,0,2,3,1,0,1,2,1,2,2,0,4,1,0,1,6,3,2,2,5,2,5,4,4,5,4,7,5,5,3,7,4,9,10,9,11,8,16,13,13,16,17,13,13,22,22,20,24,26,15,28,31,32,22,30,36,36,42,49,43,46,55,62,67,46,70,64,65,63,79,76,75,81,96,111,119,132,159,197,258,323,410,532,773,985,1320,1436,1775,1869,2032,2172,2222,2100,2094,2073,1927,1816,1803,1684,1600,1525,1460,1405,1307,1217,1195,1074,1066,1006,970,907,845,891,806,741,732,656,690,603,571,584,582,529,844,438,444,440,472,498,470,477,448,446,420,451,399,370,358,381,357,374,350,323,433,382,363,334,287,285,290,280,291,302,323,375,476,234,221,189,175,165,130,99,67,47,29,28,14,10,6,5,7,5,6,8,9,9,17,11,12,12,13,10,4,7,5,8,10,14,7,6,12,10,10,8,4,7,6,6,8,2,3,4,5,11,5,5,6,4,2,4,1,2,1,0,0,0,0,0,0,0,0,0,0,0,0,0,0,0,0,0,0,0,0,0,0,0,0,0,0,0,0,0,0,0,0,0,0,0,0,0,0,0,0,0,0,0,0,0,0,0,0,0,0,0,0,0
28.35,0,0,0,0,0,0,0,0,0,0,0,1,1,0,0,0,0,0,0,2,0,1,1,1,0,2,1,1,0,1,0,1,1,1,0,5,0,1,1,1,2,0,1,3,1,0,2,0,2,1,2,3,4,2,2,1,6,4,3,7,3,7,3,3,7,9,7,7,14,8,11,6,18,13,16,12,8,13,23,24,21,28,23,30,25,28,30,28,57,47,49,51,49,58,48,69,64,66,71,64,71,93,76,93,80,103,95,126,139,122,178,209,236,308,395,517,758,975,1296,1452,1749,1887,2030,2208,2183,2087,2112,2050,1902,1846,1819,1675,1574,1540,1432,1367,1312,1223,1183,1081,1059,1033,963,896,864,874,829,705,739,661,693,606,572,584,573,515,852,462,441,439,473,499,473,458,454,426,417,449,397,360,374,385,354,373,364,323,425,379,360,320,285,292,294,277,287,300,323,369,476,239,213,186,173,161,130,98,65,48,29,28,14,10,6,6,7,5,4,6,9,10,16,12,13,12,13,10,3,8,4,9,10,13,7,5,12,11,11,8,4,7,6,6,8,2,3,4,5,11,5,5,6,4,2,4,1,2,1,0,0,0,0,0,0,0,0,0,0,0,0,0,0,0,0,0,0,0,0,0,0,0,0,0,0,0,0,0,0,0,0,0,0,0,0,0,0,0,0,0,0,0,0,0,0,0,0,0,0,0,0,0
28.45,0,0,1,0,0,0,0,0,1,1,0,0,0,0,0,0,0,0,1,0,0,0,1,0,0,0,0,0,1,1,1,0,0,0,0,0,0,0,0,0,2,1,2,3,2,1,1,3,0,1,2,2,5,2,2,1,4,2,3,2,7,4,9,2,9,7,15,8,11,6,11,9,12,18,16,21,16,18,22,16,16,25,23,36,23,24,22,39,40,41,52,57,52,51,69,61,53,67,70,64,98,80,95,100,113,107,132,115,118,141,178,191,237,331,381,505,735,984,1308,1443,1768,1844,2043,2197,2222,2060,2073,2052,1906,1830,1815,1671,1601,1538,1417,1399,1305,1195,1201,1111,1029,1019,979,886,850,883,813,720,736,653,676,630,562,578,572,511,853,477,436,449,469,485,468,463,455,419,429,456,387,358,369,384,351,379,348,324,411,388,359,332,289,288,289,282,274,298,322,372,479,227,213,185,173,161,131,100,64,49,30,28,12,10,6,5,8,5,4,7,10,11,16,12,12,12,13,10,5,7,4,8,11,12,8,5,12,10,10,8,4,7,7,6,9,2,3,4,5,11,5,5,6,4,2,4,1,2,1,0,0,0,0,0,0,0,0,0,0,0,0,0,0,0,0,0,0,0,0,0,0,0,0,0,0,0,0,0,0,0,0,0,0,0,0,0,0,0,0,0,0,0,0,0,0,0,0,0,0,0,0,0
28.55,0,0,0,0,0,1,0,0,1,0,0,0,0,0,0,0,0,0,1,0,1,0,0,0,0,0,0,0,0,0,1,1,2,2,1,1,0,0,3,2,5,0,2,1,0,4,2,1,4,3,1,3,5,2,5,1,2,3,5,4,7,4,4,5,8,9,7,5,8,7,10,8,8,12,15,19,15,18,16,17,27,29,29,23,23,39,30,33,37,37,36,54,53,56,60,57,73,74,64,81,88,83,100,85,77,106,109,120,138,122,189,189,257,311,384,498,728,985,1305,1454,1780,1858,2058,2179,2188,2081,2081,2027,1899,1836,1783,1671,1591,1554,1390,1361,1301,1219,1163,1081,1053,1040,966,880,846,874,804,726,744,666,671,636,554,578,567,504,861,464,455,438,460,486,460,461,446,437,415,453,388,361,363,389,352,373,348,318,422,379,362,336,282,298,291,278,282,298,321,367,483,222,211,187,172,163,131,97,67,47,30,29,12,9,6,6,7,5,4,6,10,11,17,13,14,12,13,10,3,5,4,9,11,12,10,4,12,10,9,8,3,7,6,8,8,3,3,4,6,11,5,4,6,4,3,3,1,2,1,0,0,0,0,0,0,0,0,0,0,0,0,0,0,0,0,0,0,0,0,0,0,0,0,0,0,0,0,0,0,0,0,0,0,0,0,0,0,0,0,0,0,0,0,0,0,0,0,0,0,0,0,0
28.65,0,0,0,0,0,0,0,0,0,0,1,0,0,0,0,0,1,0,0,0,1,0,0,0,2,1,0,0,2,0,1,3,0,2,1,0,1,2,0,2,1,2,0,0,4,2,1,7,1,3,5,4,5,4,3,4,6,4,7,6,5,4,7,5,3,7,12,10,7,8,6,10,7,12,12,14,16,24,24,13,17,23,29,24,26,28,38,34,30,40,47,31,46,61,57,53,54,66,46,88,82,87,90,101,89,93,113,112,126,134,178,202,244,307,376,544,726,976,1311,1461,1768,1884,2084,2188,2162,2084,2059,2004,1911,1793,1820,1634,1565,1532,1417,1352,1307,1194,1170,1093,1038,1033,952,882,841,866,822,726,740,668,689,611,575,564,564,508,866,452,459,445,466,493,461,469,444,433,414,454,374,372,367,378,356,369,355,325,411,388,353,340,275,302,297,275,278,303,312,365,482,229,212,186,174,163,131,98,65,47,30,29,12,10,6,5,6,5,4,6,11,11,16,13,12,13,13,11,3,5,4,8,11,12,9,5,13,9,9,8,3,8,6,8,8,2,4,4,6,11,5,6,6,4,2,3,1,2,1,0,0,0,0,0,0,0,0,0,0,0,0,0,0,0,0,0,0,0,0,0,0,0,0,0,0,0,0,0,0,0,0,0,0,0,0,0,0,0,0,0,0,0,0,0,0,0,0,0,0,0,0,0
28.75,0,0,0,0,0,0,1,0,0,0,0,1,0,1,0,1,0,0,0,1,0,0,0,0,0,3,0,1,0,1,0,2,0,1,0,2,0,1,0,1,0,4,2,1,2,3,1,0,4,5,3,4,3,0,3,7,5,4,6,3,7,4,7,4,11,2,10,4,11,7,8,9,12,6,15,9,16,16,15,14,22,22,30,36,25,29,23,22,38,44,47,50,50,53,50,65,45,55,66,65,66,67,72,69,94,84,96,120,135,139,183,203,259,312,421,525,728,959,1297,1447,1745,1921,2054,2187,2144,2089,2066,2034,1858,1793,1798,1642,1564,1530,1418,1340,1321,1176,1189,1106,1032,1023,987,886,856,882,823,720,741,669,679,610,560,572,565,539,844,472,456,439,478,492,475,460,442,425,435,442,384,364,375,380,349,369,347,336,405,391,356,342,277,294,300,284,291,298,316,366,479,225,217,186,172,166,131,96,65,46,31,29,11,9,6,6,7,4,4,6,12,10,16,12,12,12,14,9,4,8,4,9,10,12,8,5,14,10,10,8,2,6,6,8,8,2,3,5,5,11,5,6,6,5,3,3,1,2,1,0,0,0,0,0,0,0,0,0,0,0,0,0,0,0,0,0,0,0,0,0,0,0,0,0,0,0,0,0,0,0,0,0,0,0,0,0,0,0,0,0,0,0,0,0,0,0,0,0,0,0,0,0
28.85,0,0,0,0,0,0,0,0,0,0,0,0,0,0,0,1,0,0,1,0,0,0,0,0,0,0,1,1,0,0,2,2,1,0,1,0,1,0,1,2,2,0,0,1,2,2,2,0,1,1,5,5,3,2,3,3,4,5,2,2,1,2,4,6,11,4,12,4,8,11,5,14,9,12,17,6,13,11,12,22,19,17,20,29,27,33,29,34,33,32,36,32,38,38,33,37,41,42,39,64,48,65,58,67,78,64,111,125,130,140,183,222,259,311,430,561,781,990,1280,1508,1740,1911,2086,2165,2137,2117,2083,2011,1863,1771,1822,1646,1513,1554,1423,1347,1297,1175,1173,1102,1042,1024,973,883,845,889,812,719,722,670,700,617,564,562,553,534,852,466,444,447,483,499,477,454,450,432,423,447,391,370,379,383,350,370,349,332,414,393,360,342,287,301,293,282,285,306,326,363,474,225,216,194,170,167,137,99,66,46,32,30,11,8,6,5,6,3,5,6,13,10,17,13,13,13,13,8,3,7,5,8,11,12,8,5,12,9,10,8,6,5,6,8,8,2,2,5,6,11,6,5,6,6,2,3,2,1,1,0,0,0,0,0,0,0,0,0,0,0,0,0,0,0,0,0,0,0,0,0,0,0,0,0,0,0,0,0,0,0,0,0,0,0,0,0,0,0,0,0,0,0,0,0,0,0,0,0,0,0,0,0
28.95,0,0,0,0,0,0,0,1,0,0,0,0,0,1,0,0,0,0,0,0,0,0,0,1,0,0,2,1,0,0,1,1,0,0,1,0,0,0,0,1,1,0,1,1,1,1,1,0,0,3,6,2,5,2,1,3,3,4,1,2,5,6,6,1,4,5,4,3,6,8,11,8,10,7,10,11,12,10,3,6,11,13,12,13,16,21,15,15,20,18,13,20,20,19,12,16,33,21,26,30,38,36,34,46,63,62,101,100,127,120,201,206,256,353,450,595,791,1038,1346,1504,1765,1918,2094,2178,2136,2117,2100,2016,1859,1758,1818,1703,1529,1561,1416,1347,1305,1168,1164,1092,1079,1028,976,892,851,886,836,717,729,639,688,632,564,581,546,531,875,454,464,454,476,511,467,448,446,436,433,447,410,363,380,385,358,355,359,333,408,398,374,337,292,297,307,283,299,309,325,379,491,224,206,192,168,172,135,102,71,48,30,33,11,8,6,5,7,4,5,5,10,12,19,12,12,13,14,8,3,8,4,8,13,11,8,5,12,10,8,8,3,5,7,9,9,3,2,5,6,12,5,5,7,5,3,3,1,1,2,0,0,0,0,0,0,0,0,0,0,0,0,0,0,0,0,0,0,0,0,0,0,0,0,0,0,0,0,0,0,0,0,0,0,0,0,0,0,0,0,0,0,0,0,0,0,0,0,0,0,0,0,0
29.05,0,0,0,0,1,0,1,0,0,0,0,0,0,0,0,0,0,0,1,0,0,0,0,0,0,1,1,1,1,0,1,0,0,1,0,0,0,0,2,2,0,1,0,3,0,1,2,3,2,3,4,1,3,1,3,3,2,0,4,6,3,4,7,4,6,7,7,9,3,8,9,8,14,6,8,12,9,10,11,9,11,7,10,8,15,9,15,11,9,16,19,11,28,12,8,13,15,13,19,27,31,43,43,45,60,75,87,114,102,135,190,241,262,356,468,604,844,1045,1291,1503,1787,1952,2086,2125,2186,2152,2071,2014,1885,1769,1778,1698,1546,1551,1421,1322,1348,1171,1156,1056,1054,1055,969,878,862,887,820,718,720,656,645,646,564,564,536,549,863,441,461,450,488,508,471,450,419,449,435,438,403,383,365,386,352,368,350,335,414,381,381,338,296,298,308,293,291,302,328,393,474,239,207,188,159,171,138,101,73,49,31,32,11,10,6,5,6,5,5,5,11,12,18,15,11,11,15,8,2,5,5,7,10,12,8,8,11,10,9,8,1,7,7,7,9,2,3,6,6,11,5,5,7,5,3,4,1,1,1,1,0,0,0,0,0,0,0,0,0,0,0,0,0,0,0,0,0,0,0,0,0,0,0,0,0,0,0,0,0,0,0,0,0,0,0,0,0,0,0,0,0,0,0,0,0,0,0,0,0,0,0,0
29.15,0,0,0,0,0,0,0,0,1,0,0,0,0,0,0,0,1,1,0,0,1,0,0,1,0,0,0,0,0,2,1,0,1,2,1,1,0,0,0,0,1,1,1,3,1,3,1,2,0,1,3,2,1,3,3,3,6,4,4,5,7,6,7,5,5,7,8,7,7,5,6,9,8,14,15,14,18,21,17,17,20,22,22,29,18,29,22,33,20,26,30,28,33,29,32,28,42,36,43,39,53,49,56,54,68,80,82,108,101,132,196,235,259,364,461,594,839,1002,1269,1506,1785,1938,2028,2133,2155,2118,2070,1995,1858,1772,1764,1712,1566,1531,1419,1340,1326,1166,1139,1042,1064,1044,935,882,863,869,807,724,714,651,679,623,549,559,551,535,829,453,472,438,500,514,472,427,421,444,431,427,404,369,378,385,358,365,336,346,412,378,382,340,294,293,305,300,282,300,329,381,467,235,205,184,155,170,134,104,73,49,30,34,13,9,6,5,8,5,5,6,10,13,18,13,11,14,15,6,2,5,6,7,9,14,8,6,11,10,10,8,1,6,7,7,9,2,3,7,6,10,5,5,7,5,3,4,1,1,1,1,0,0,0,0,0,0,0,0,0,0,0,0,0,0,0,0,0,0,0,0,0,0,0,0,0,0,0,0,0,0,0,0,0,0,0,0,0,0,0,0,0,0,0,0,0,0,0,0,0,0,0,0
29.25,0,0,0,0,0,0,0,0,0,0,0,0,0,0,0,0,0,0,0,1,0,0,1,0,1,0,0,0,0,1,0,1,0,0,0,0,2,2,0,2,0,1,2,1,3,4,1,1,3,1,6,2,3,4,2,2,2,2,7,6,5,11,5,6,4,8,5,7,13,13,12,7,13,16,10,11,14,22,13,15,21,13,21,26,26,32,36,24,45,44,35,32,45,44,48,36,49,64,48,74,70,52,62,59,96,92,106,124,112,120,200,221,270,335,450,587,824,1001,1292,1460,1754,1943,2059,2134,2149,2104,2030,1973,1828,1757,1759,1714,1552,1514,1410,1311,1313,1161,1144,1056,1069,1040,937,882,882,871,811,717,712,646,645,627,547,567,538,538,843,449,467,440,497,530,463,430,422,439,434,424,389,377,371,384,356,360,341,335,399,379,365,343,294,292,309,301,272,300,313,376,461,233,198,182,154,172,136,103,73,48,30,33,12,11,7,6,7,5,4,6,10,13,18,15,11,12,16,6,2,6,6,7,9,12,8,6,11,10,10,8,1,6,7,7,10,2,3,6,6,10,5,5,7,5,3,4,1,1,1,1,0,0,0,0,0,0,0,0,0,0,0,0,0,0,0,0,0,0,0,0,0,0,0,0,0,0,0,0,0,0,0,0,0,0,0,0,0,0,0,0,0,0,0,0,0,0,0,0,0,0,0,0
29.35,0,0,0,0,0,0,0,0,0,0,1,0,0,0,0,1,1,0,0,0,0,0,1,0,2,0,0,3,0,0,1,1,0,4,0,1,0,1,2,1,4,2,3,0,2,3,0,1,0,6,1,2,3,3,2,6,2,5,3,4,2,6,4,10,5,3,5,6,7,7,10,10,10,15,11,16,15,22,11,18,20,29,9,23,26,30,25,39,32,46,38,45,55,50,55,57,56,67,69,77,74,80,85,84,79,104,112,106,125,147,178,219,269,319,431,584,828,998,1303,1453,1730,1908,2021,2157,2143,2072,2048,1971,1837,1723,1756,1710,1544,1519,1396,1243,1287,1158,1139,1068,1086,1043,936,890,890,880,800,713,722,647,632,617,543,562,553,531,834,454,466,436,510,505,464,435,430,439,419,431,390,381,373,375,357,353,333,343,402,377,371,337,288,289,303,296,276,298,307,368,463,234,203,183,157,167,137,103,73,50,30,32,12,9,6,5,6,5,4,6,11,13,19,14,11,12,16,8,2,5,5,6,9,12,9,6,11,10,9,8,1,6,8,8,9,2,3,6,6,10,5,5,7,5,3,4,1,1,1,1,0,0,0,0,0,0,0,0,0,0,0,0,0,0,0,0,0,0,0,0,0,0,0,0,0,0,0,0,0,0,0,0,0,0,0,0,0,0,0,0,0,0,0,0,0,0,0,0,0,0,0,0
29.45,0,0,0,0,0,0,0,0,0,0,0,0,0,1,0,0,0,0,1,0,0,0,0,0,0,1,0,1,1,1,1,1,1,1,1,2,1,0,2,2,0,0,1,3,0,1,3,2,1,4,2,1,2,3,3,1,1,7,2,4,3,4,7,11,8,5,6,13,9,9,11,10,14,18,8,24,16,22,15,20,18,18,19,23,21,29,39,37,46,38,37,54,38,52,59,52,74,80,75,82,62,80,110,94,96,110,111,138,133,164,149,181,244,330,449,563,804,1021,1275,1412,1794,1932,2012,2110,2151,2082,2057,1938,1809,1754,1761,1671,1571,1520,1384,1254,1279,1170,1129,1062,1063,1081,940,862,871,883,801,701,726,644,613,631,529,566,535,541,823,445,476,429,501,508,453,432,428,441,428,435,404,388,370,362,360,360,337,332,407,383,355,329,284,294,296,290,263,303,303,376,460,234,198,182,156,169,136,101,71,49,30,34,11,9,9,4,6,7,5,5,11,12,18,14,12,12,14,7,2,5,5,7,8,13,8,6,10,10,11,7,2,6,7,8,10,2,3,6,7,10,5,5,7,5,3,4,1,1,1,1,0,0,0,0,0,0,0,0,0,0,0,0,0,0,0,0,0,0,0,0,0,0,0,0,0,0,0,0,0,0,0,0,0,0,0,0,0,0,0,0,0,0,0,0,0,0,0,0,0,0,0,0
29.55,0,0,0,0,0,0,1,0,0,0,0,0,0,0,0,0,0,1,0,0,0,0,0,0,0,2,0,0,0,0,0,1,1,0,0,1,0,2,2,1,2,3,4,1,3,1,2,2,2,1,4,2,2,3,2,4,3,7,3,11,5,6,10,11,2,7,12,8,8,8,14,10,8,9,14,24,16,18,18,16,17,13,19,31,32,21,34,32,38,41,47,42,60,48,72,59,64,68,77,72,75,91,89,93,84,107,113,122,132,169,165,198,250,318,423,570,781,1045,1249,1429,1734,1950,1996,2094,2110,2069,2075,1919,1828,1754,1739,1675,1581,1484,1378,1290,1290,1135,1157,1053,1061,1070,902,891,848,869,807,723,718,645,626,606,520,567,549,526,859,444,458,441,473,511,464,423,424,449,428,426,410,384,364,366,374,354,349,330,413,375,364,324,288,283,296,291,264,303,304,377,461,234,202,181,154,168,136,102,69,49,31,33,10,10,7,6,6,5,5,6,10,12,18,14,13,12,15,7,2,5,5,7,8,11,9,7,8,10,9,7,2,7,7,9,10,2,3,6,7,9,5,5,7,5,3,4,1,1,1,1,0,0,0,0,0,0,0,0,0,0,0,0,0,0,0,0,0,0,0,0,0,0,0,0,0,0,0,0,0,0,0,0,0,0,0,0,0,0,0,0,0,0,0,0,0,0,0,0,0,0,0,0
29.65,0,0,0,0,0,0,0,0,0,0,0,0,0,0,0,0,0,0,0,1,2,0,0,0,0,0,0,1,1,1,0,2,0,1,0,1,0,0,0,0,0,2,2,5,0,3,3,4,5,1,2,2,3,2,1,4,4,4,4,3,4,3,12,3,5,13,10,13,10,10,8,18,14,12,17,13,15,20,28,26,24,27,31,26,19,39,33,32,38,44,44,47,48,47,46,45,61,82,66,82,83,80,70,104,72,101,95,102,127,142,155,180,254,320,426,605,778,1046,1229,1461,1740,1944,2005,2075,2116,2050,2066,1926,1834,1757,1684,1656,1582,1511,1362,1251,1266,1167,1149,1039,1062,1037,908,892,874,867,798,725,733,634,621,624,549,564,535,525,855,441,454,441,478,501,463,425,418,451,431,431,403,375,367,369,359,350,342,338,413,380,361,332,285,277,300,295,265,299,312,376,463,229,205,182,156,170,136,103,69,48,31,32,10,9,6,4,7,6,5,5,9,14,19,14,11,12,15,6,4,5,6,7,8,11,9,6,8,11,9,7,2,7,7,9,10,2,3,6,7,9,5,5,6,6,3,3,1,1,1,1,0,0,0,0,0,0,0,0,0,0,0,0,0,0,0,0,0,0,0,0,0,0,0,0,0,0,0,0,0,0,0,0,0,0,0,0,0,0,0,0,0,0,0,0,0,0,0,0,0,0,0,0
29.75,0,0,0,0,0,0,0,0,0,0,0,0,0,0,0,1,1,0,1,1,1,0,0,0,1,1,1,1,0,1,1,0,0,1,2,0,0,0,3,0,0,0,1,2,0,1,1,1,4,3,2,3,4,4,2,3,4,4,6,3,7,5,9,5,5,4,8,7,6,7,14,11,10,13,17,11,10,12,12,13,26,16,22,15,29,28,25,44,38,43,30,45,51,39,46,57,46,62,68,51,73,64,61,75,71,101,99,114,129,139,173,177,257,316,416,635,805,1070,1244,1456,1740,1919,2000,2133,2087,2040,2085,1909,1853,1741,1653,1664,1561,1524,1372,1269,1265,1146,1155,1033,1038,1018,913,911,841,874,796,726,707,635,635,608,551,575,540,526,861,443,466,436,492,489,467,431,427,444,435,444,397,376,363,374,359,360,334,337,408,377,356,333,291,285,304,293,266,294,312,385,466,238,205,182,153,170,134,104,67,47,32,32,10,9,5,4,7,4,4,6,10,13,17,13,12,13,16,6,2,6,6,8,8,10,8,6,9,9,9,7,3,6,7,10,10,2,4,6,7,9,5,5,6,6,3,2,1,1,1,1,0,0,0,0,0,0,0,0,0,0,0,0,0,0,0,0,0,0,0,0,0,0,0,0,0,0,0,0,0,0,0,0,0,0,0,0,0,0,0,0,0,0,0,0,0,0,0,0,0,0,0,0
29.85,0,0,0,0,0,0,0,0,0,0,0,0,0,0,0,1,0,0,0,0,0,0,0,0,1,0,2,0,0,0,1,0,0,0,1,1,2,0,2,3,2,2,2,2,3,1,2,0,4,2,0,0,3,6,0,5,0,12,9,1,3,6,6,9,8,5,11,4,4,13,9,18,14,14,15,21,16,14,20,20,18,20,15,25,22,25,41,29,35,34,28,36,37,25,38,41,32,39,47,28,51,65,51,74,68,98,76,107,118,135,169,194,269,335,450,633,796,1094,1268,1531,1706,1927,1968,2120,2108,2028,2110,1902,1863,1747,1678,1659,1574,1512,1374,1252,1262,1153,1134,1027,1031,1047,917,887,850,857,783,708,712,635,635,611,561,560,544,531,847,438,448,432,509,503,468,437,429,446,441,443,396,389,365,370,350,350,345,341,418,372,364,335,294,287,299,296,263,297,311,376,472,229,208,186,153,169,133,104,65,47,31,34,9,9,5,5,7,4,3,5,9,14,17,13,11,11,16,7,3,6,5,7,10,10,10,5,9,9,10,6,2,5,8,9,9,2,4,6,9,9,6,5,6,6,3,2,1,1,1,1,0,0,0,0,0,0,0,0,0,0,0,0,0,0,0,0,0,0,0,0,0,0,0,0,0,0,0,0,0,0,0,0,0,0,0,0,0,0,0,0,0,0,0,0,0,0,0,0,0,0,0,0
29.95,0,0,0,1,0,0,0,0,0,0,0,0,0,0,0,0,0,1,0,0,0,0,0,0,0,0,0,1,0,1,1,0,1,0,3,1,0,0,2,1,0,0,3,2,2,2,0,1,2,0,2,2,1,2,2,4,2,1,7,5,2,7,5,5,5,2,8,8,2,7,7,8,6,8,4,14,8,9,11,8,10,15,7,18,7,19,11,13,15,16,18,10,20,19,22,26,23,24,36,24,31,45,46,67,57,73,84,96,117,132,166,205,249,337,478,635,843,1090,1291,1509,1739,1939,1998,2116,2122,2042,2091,1911,1851,1752,1686,1656,1554,1523,1369,1272,1268,1155,1117,1023,1028,1021,913,900,841,854,816,709,711,618,640,594,564,554,527,537,895,440,430,426,502,509,466,442,437,438,429,438,403,391,370,379,359,345,345,353,415,379,362,333,308,302,299,293,265,302,314,391,473,230,211,185,151,172,132,101,66,50,30,35,9,10,5,4,6,4,3,5,10,14,15,15,12,11,16,7,4,7,6,7,8,10,10,5,10,9,9,6,4,5,7,10,10,2,3,6,8,10,6,6,6,7,3,2,1,1,1,1,0,0,0,0,0,0,0,0,0,0,0,0,0,0,0,0,0,0,0,0,0,0,0,0,0,0,0,0,0,0,0,0,0,0,0,0,0,0,0,0,0,0,0,0,0,0,0,0,0,0,0,0
30.05,0,0,0,0,0,0,0,0,0,0,0,0,0,0,0,0,0,0,0,0,0,3,0,1,0,1,0,0,0,0,0,0,0,0,0,3,1,0,0,1,1,1,2,1,3,1,0,1,2,3,1,0,2,2,8,3,1,2,5,2,2,4,7,7,9,5,7,5,5,11,6,7,3,12,8,3,11,14,10,6,8,11,9,5,14,11,8,12,14,14,11,7,18,20,12,18,15,22,15,28,22,31,54,49,69,72,100,94,107,133,165,214,291,354,476,619,880,1069,1262,1518,1770,1943,2013,2086,2122,2025,2016,1942,1854,1781,1677,1632,1557,1537,1400,1256,1255,1132,1115,1051,1016,997,892,887,857,848,799,722,726,620,617,597,560,559,524,537,890,442,428,418,483,511,479,435,457,441,441,437,403,380,374,372,350,353,330,350,429,381,366,330,313,291,304,304,259,297,330,388,463,235,206,181,158,180,133,98,66,48,34,30,11,10,6,5,5,5,2,6,9,17,13,14,10,12,16,6,5,6,6,8,7,11,9,7,9,10,9,6,2,8,6,9,9,3,2,8,6,9,7,5,6,8,3,2,1,1,1,1,0,0,0,0,0,0,0,0,0,0,0,0,0,0,0,0,0,0,0,0,0,0,0,0,0,0,0,0,0,0,0,0,0,0,0,0,0,0,0,0,0,0,0,0,0,0,0,0,0,0,0,0
30.15,0,0,1,0,0,0,0,0,0,0,0,0,1,0,0,0,0,1,1,0,0,0,1,0,0,1,0,0,0,1,0,0,0,0,1,0,0,1,0,3,1,1,1,4,2,1,1,1,1,1,1,2,5,2,1,4,3,2,2,3,3,3,5,6,9,7,6,3,6,15,9,13,14,12,8,9,16,20,18,19,17,19,15,19,26,28,19,22,37,30,23,28,27,30,27,35,35,38,29,41,35,40,46,53,75,72,109,96,122,153,161,228,287,352,449,588,845,1065,1284,1497,1703,1924,2003,2098,2104,2022,2032,1931,1851,1737,1661,1649,1545,1514,1387,1247,1251,1158,1112,1052,993,977,927,881,847,832,764,732,713,627,602,607,549,560,540,545,852,431,440,419,491,514,484,425,447,450,428,443,406,376,359,367,351,345,334,344,417,388,367,324,307,285,305,296,267,302,313,374,464,231,204,181,159,170,128,100,66,47,33,29,13,11,7,4,4,7,2,7,10,12,13,14,10,12,16,6,5,5,6,8,7,12,8,7,8,10,9,6,2,7,7,9,9,3,3,7,6,9,7,5,7,8,4,2,1,1,1,1,0,0,0,0,0,0,0,0,0,0,0,0,0,0,0,0,0,0,0,0,0,0,0,0,0,0,0,0,0,0,0,0,0,0,0,0,0,0,0,0,0,0,0,0,0,0,0,0,0,0,0,0
30.25,0,0,0,0,0,0,0,0,0,1,0,0,0,0,0,0,0,1,0,0,0,0,0,1,1,0,0,0,0,1,2,1,0,3,0,2,1,2,0,0,1,3,2,0,2,0,2,1,1,4,3,2,2,2,5,5,4,6,5,5,4,6,13,5,5,3,8,8,11,6,11,8,15,8,7,15,15,14,17,17,18,20,24,26,31,30,25,32,29,44,43,46,46,38,41,61,47,45,57,51,67,50,61,62,91,86,103,113,113,151,161,217,274,341,439,571,834,1038,1281,1498,1694,1913,1988,2094,2066,1997,2052,1915,1821,1741,1648,1651,1559,1507,1382,1238,1265,1144,1124,1017,1008,968,925,880,820,839,778,739,698,626,610,593,555,565,530,523,842,424,433,414,493,509,478,436,448,443,448,422,393,380,357,353,345,351,328,341,423,386,347,328,298,281,297,296,263,297,313,373,461,227,202,182,155,170,127,99,64,48,34,30,12,9,5,4,5,5,2,5,11,11,13,14,10,12,16,6,6,5,6,8,7,11,8,7,8,10,9,6,2,7,7,10,9,3,2,7,6,9,7,5,7,8,4,2,1,1,1,1,0,0,0,0,0,0,0,0,0,0,0,0,0,0,0,0,0,0,0,0,0,0,0,0,0,0,0,0,0,0,0,0,0,0,0,0,0,0,0,0,0,0,0,0,0,0,0,0,0,0,0,0
30.35,1,0,0,0,0,0,0,0,0,0,0,0,0,1,0,1,0,0,0,1,2,0,1,0,0,1,2,1,0,0,0,0,2,0,2,1,0,0,0,3,2,4,0,4,0,3,2,0,0,4,2,3,3,2,3,2,2,9,7,4,6,6,5,3,10,5,9,10,7,13,10,15,8,10,16,6,10,14,19,17,22,17,27,27,26,23,32,32,35,37,43,35,51,62,53,51,57,69,65,76,77,87,82,88,85,91,98,123,120,152,199,201,268,312,448,588,795,1034,1263,1501,1705,1897,1980,2055,2083,2019,2019,1923,1825,1719,1651,1636,1566,1477,1399,1267,1232,1148,1097,1019,1017,971,918,851,832,830,772,727,706,615,614,590,564,558,511,513,844,418,437,424,509,515,478,423,448,438,448,430,394,373,352,344,349,340,328,335,421,379,341,322,308,283,293,295,256,296,308,369,461,227,204,182,155,171,129,96,64,48,34,29,11,9,6,5,3,6,2,5,9,11,14,14,10,14,15,6,5,5,6,8,7,11,8,7,8,11,9,6,2,8,7,9,8,3,2,7,6,9,7,5,7,8,4,2,1,1,1,1,0,0,0,0,0,0,0,0,0,0,0,0,0,0,0,0,0,0,0,0,0,0,0,0,0,0,0,0,0,0,0,0,0,0,0,0,0,0,0,0,0,0,0,0,0,0,0,0,0,0,0,0
30.45,0,0,0,0,0,0,1,2,0,0,0,2,0,1,0,0,1,1,1,1,0,0,0,0,0,1,1,0,1,0,1,1,3,0,0,0,2,1,1,1,1,2,2,1,3,2,4,2,2,2,3,4,4,5,3,3,1,7,2,5,7,6,5,3,7,8,10,5,10,13,10,10,9,9,11,10,19,15,18,21,21,14,33,22,24,27,31,35,31,35,31,35,56,52,38,62,66,62,78,84,75,86,92,86,99,90,114,111,122,166,169,199,280,325,450,586,798,1022,1242,1499,1699,1890,1967,2052,2063,2007,2015,1936,1831,1693,1625,1638,1547,1501,1351,1295,1258,1137,1093,1047,1005,960,881,857,839,825,792,721,705,608,605,606,559,548,503,505,857,439,432,426,488,519,472,434,440,447,437,431,381,371,352,351,335,343,324,322,409,380,355,323,295,283,298,286,259,296,305,374,458,222,203,183,150,168,131,96,65,50,34,31,11,8,5,4,3,6,2,5,9,11,13,15,10,13,16,6,4,6,6,8,7,11,8,7,8,11,10,6,2,7,7,9,8,3,2,7,6,9,7,5,7,8,4,2,1,1,1,1,0,0,0,0,0,0,0,0,0,0,0,0,0,0,0,0,0,0,0,0,0,0,0,0,0,0,0,0,0,0,0,0,0,0,0,0,0,0,0,0,0,0,0,0,0,0,0,0,0,0,0,0
30.55,0,0,1,0,0,0,0,0,0,0,0,0,0,0,0,0,1,0,0,1,0,0,0,0,1,0,1,2,2,0,0,3,1,1,1,0,3,0,1,3,0,0,1,1,0,1,2,3,2,5,3,2,8,5,2,1,1,6,2,8,7,9,3,7,4,11,8,5,10,13,15,6,10,9,18,18,14,19,17,22,16,29,22,30,16,42,34,45,39,37,51,47,45,53,63,56,74,66,71,54,72,86,90,113,100,117,111,113,143,151,180,222,265,310,433,576,780,1016,1219,1527,1705,1860,1940,2046,2061,2008,1996,1905,1818,1698,1637,1628,1510,1488,1362,1286,1247,1152,1112,1054,998,954,895,838,826,842,769,718,703,615,603,593,553,529,498,522,853,443,434,437,481,511,467,442,440,432,431,426,390,366,358,347,338,346,318,325,412,380,354,321,291,279,300,290,254,294,307,372,465,223,201,183,152,168,128,95,65,47,34,30,11,8,4,5,4,5,2,5,9,12,13,14,9,13,16,6,4,5,6,9,8,11,9,7,8,11,9,6,2,7,7,9,8,3,2,7,6,9,7,6,7,8,4,2,1,1,1,1,0,0,0,0,0,0,0,0,0,0,0,0,0,0,0,0,0,0,0,0,0,0,0,0,0,0,0,0,0,0,0,0,0,0,0,0,0,0,0,0,0,0,0,0,0,0,0,0,0,0,0,0
30.65,1,0,0,0,0,0,0,0,1,1,0,1,0,0,0,0,0,1,1,0,0,0,1,0,0,0,1,0,1,0,2,2,1,1,1,1,1,0,5,0,3,2,2,2,3,2,2,0,2,0,3,4,3,9,3,5,4,1,5,4,5,5,5,6,3,7,8,7,6,7,12,11,11,8,9,19,14,21,18,19,20,14,18,31,24,27,33,29,39,34,39,55,52,40,56,65,61,72,77,76,75,80,78,92,90,113,111,126,136,149,164,211,265,324,455,585,789,1018,1213,1502,1716,1877,1901,2030,2051,1971,1995,1908,1803,1693,1614,1612,1514,1492,1353,1284,1246,1158,1121,1089,991,968,886,858,827,822,783,707,705,598,613,584,552,533,498,527,857,425,439,425,499,498,468,437,437,432,437,431,396,363,341,344,346,336,320,337,408,376,348,322,296,275,302,287,256,286,307,375,466,221,199,181,156,166,127,95,65,46,32,29,11,8,4,4,3,5,2,5,9,12,13,14,9,14,15,6,4,5,6,8,8,12,10,7,9,11,10,6,2,7,7,9,8,3,2,7,6,9,7,6,7,8,4,2,1,1,1,1,0,0,0,0,0,0,0,0,0,0,0,0,0,0,0,0,0,0,0,0,0,0,0,0,0,0,0,0,0,0,0,0,0,0,0,0,0,0,0,0,0,0,0,0,0,0,0,0,0,0,0,0
30.75,0,0,0,0,0,1,0,0,0,0,0,1,0,0,0,0,0,0,0,0,1,0,1,0,1,1,1,0,0,2,1,1,2,1,1,1,2,3,0,0,1,4,2,3,4,0,2,0,2,0,3,0,1,2,1,4,2,5,7,4,5,6,8,5,3,4,3,8,16,10,6,9,12,11,19,13,18,11,18,13,17,23,20,21,23,32,26,32,29,35,35,39,42,39,53,54,52,61,72,52,62,95,79,77,84,92,102,107,136,157,191,232,270,333,470,600,804,1012,1227,1535,1697,1867,1929,2015,2054,1995,1999,1897,1782,1656,1643,1596,1516,1471,1354,1279,1247,1162,1120,1059,970,978,888,854,821,821,770,712,692,599,614,591,542,531,509,502,857,424,449,426,492,496,464,444,436,436,444,422,391,364,347,354,341,335,323,327,409,373,344,331,289,277,298,295,255,293,300,371,470,221,200,180,154,167,125,99,64,46,32,28,11,8,5,5,3,5,2,5,9,11,13,15,9,13,15,6,5,6,6,8,7,10,9,6,10,11,10,8,2,8,7,9,8,3,2,8,6,9,7,7,7,8,4,2,1,1,1,1,0,0,0,0,0,0,0,0,0,0,0,0,0,0,0,0,0,0,0,0,0,0,0,0,0,0,0,0,0,0,0,0,0,0,0,0,0,0,0,0,0,0,0,0,0,0,0,0,0,0,0,0
30.85,0,0,0,0,0,0,0,0,0,0,0,0,0,0,0,0,0,0,0,1,0,0,0,1,1,0,0,0,0,0,1,2,2,0,1,2,1,0,0,3,0,1,2,2,2,2,1,1,4,3,0,3,3,2,4,3,5,6,6,5,4,5,7,7,8,7,2,4,7,7,7,9,14,10,15,19,15,18,10,18,13,20,21,19,20,19,18,23,23,22,29,23,43,36,29,38,32,32,36,39,35,67,62,75,80,79,111,88,136,160,196,236,300,334,487,609,847,1017,1236,1488,1709,1853,1943,2030,2050,2008,1980,1890,1765,1680,1609,1583,1503,1481,1332,1266,1241,1114,1127,1039,986,980,882,831,815,830,784,721,691,600,592,587,545,521,501,518,855,422,447,424,488,495,470,440,445,439,451,419,380,363,347,349,347,339,315,338,414,379,353,324,296,274,303,286,257,298,304,379,467,221,205,181,157,165,128,97,62,47,31,28,10,7,4,6,2,5,2,5,9,11,13,14,7,13,14,8,3,6,7,8,7,10,9,6,10,11,10,6,2,7,10,9,8,3,3,7,6,9,7,7,8,8,4,2,1,1,1,1,0,0,0,0,0,0,0,0,0,0,0,0,0,0,0,0,0,0,0,0,0,0,0,0,0,0,0,0,0,0,0,0,0,0,0,0,0,0,0,0,0,0,0,0,0,0,0,0,0,0,0,0
30.95,0,0,0,0,0,0,0,0,0,0,0,0,0,0,0,0,1,0,0,0,0,0,1,0,0,0,1,0,0,0,0,0,0,1,2,1,0,0,1,0,2,0,3,4,2,1,1,0,5,1,2,6,6,1,4,3,2,1,5,2,2,6,4,4,4,9,2,7,6,6,10,4,6,19,8,5,5,9,10,12,9,10,8,13,13,13,15,11,13,13,13,19,19,14,16,18,21,26,24,21,37,52,53,70,57,85,85,113,152,136,175,229,289,354,521,627,836,1040,1231,1517,1724,1859,1926,2034,2058,2007,1990,1855,1799,1654,1616,1585,1482,1470,1328,1278,1242,1107,1123,1040,970,977,889,845,815,824,794,718,698,594,598,580,545,524,506,518,865,419,433,424,495,502,453,434,450,437,451,427,400,363,350,351,349,338,323,337,408,385,348,325,301,276,296,288,253,294,304,380,474,226,210,186,157,165,127,99,64,46,31,28,10,7,4,5,2,5,3,5,9,11,13,14,7,12,15,6,3,5,6,9,8,10,10,6,10,12,9,7,3,7,9,9,11,4,2,8,6,9,8,7,7,8,4,2,1,1,1,1,0,0,0,0,0,0,0,0,0,0,0,0,0,0,0,0,0,0,0,0,0,0,0,0,0,0,0,0,0,0,0,0,0,0,0,0,0,0,0,0,0,0,0,0,0,0,0,0,0,0,0,0
31.05,0,0,0,0,0,0,0,0,0,0,0,1,0,0,0,0,0,0,0,0,0,0,0,0,0,0,0,1,0,2,2,1,1,0,0,0,2,0,1,0,2,1,2,1,1,1,4,0,2,5,2,1,1,4,2,0,1,1,4,4,8,4,8,4,6,5,5,6,6,6,10,6,8,6,5,8,8,9,8,5,6,8,14,12,10,11,11,18,9,14,10,11,14,14,12,16,14,24,22,28,51,42,26,46,78,67,90,104,125,167,185,218,281,374,508,616,841,1020,1258,1481,1711,1882,1931,2032,2029,1985,1996,1856,1783,1673,1597,1574,1482,1468,1368,1243,1221,1105,1128,1021,986,975,890,832,836,811,772,716,714,594,607,573,549,513,517,521,867,421,425,422,488,498,470,414,464,435,436,419,394,374,351,359,346,339,331,335,414,362,359,318,299,289,288,294,244,294,305,381,476,226,205,183,159,167,125,100,62,49,31,29,8,6,4,5,2,5,2,5,11,11,14,12,7,12,15,5,3,5,6,8,8,9,9,6,9,13,9,8,4,8,8,9,9,4,4,7,6,9,7,7,8,8,4,2,1,1,1,1,0,0,0,0,0,0,0,0,0,0,0,0,0,0,0,0,0,0,0,0,0,0,0,0,0,0,0,0,0,0,0,0,0,0,0,0,0,0,0,0,0,0,0,0,0,0,0,0,0,0,0,0
31.15,0,0,0,0,0,1,0,0,0,0,1,0,1,0,0,1,0,0,0,0,0,1,0,0,1,1,1,0,1,2,0,1,1,2,0,2,0,2,0,0,3,4,0,0,2,1,1,0,1,5,2,0,5,2,1,3,3,7,3,3,3,3,10,4,8,8,11,10,5,10,7,9,14,10,11,12,14,13,16,18,12,22,25,17,22,25,21,26,36,28,26,24,28,19,26,32,22,29,42,39,56,43,31,51,64,82,96,116,132,155,205,220,289,350,477,595,829,1008,1247,1464,1705,1850,1892,2034,1972,2008,1944,1830,1784,1663,1566,1573,1484,1464,1355,1255,1208,1117,1109,1017,991,986,885,819,817,780,779,723,699,598,603,568,561,504,538,521,840,402,421,429,483,497,456,423,453,426,426,419,378,364,359,342,354,345,323,329,415,346,355,315,299,284,289,295,245,294,304,373,465,215,202,190,157,163,123,101,60,48,32,25,8,5,6,5,2,5,2,5,11,11,13,12,7,12,15,5,3,6,6,8,8,9,9,6,9,13,9,8,4,8,8,9,9,4,4,7,6,9,7,7,8,8,4,2,1,1,1,1,0,0,0,0,0,0,0,0,0,0,0,0,0,0,0,0,0,0,0,0,0,0,0,0,0,0,0,0,0,0,0,0,0,0,0,0,0,0,0,0,0,0,0,0,0,0,0,0,0,0,0,0
31.25,0,0,0,0,0,0,0,0,0,0,0,0,0,0,1,1,1,0,0,0,0,0,0,0,0,0,0,0,0,1,1,0,0,1,1,0,0,0,0,1,0,1,1,1,4,0,3,3,1,2,6,3,2,3,2,3,2,1,4,4,6,6,8,5,9,12,9,6,10,10,5,11,11,16,16,12,17,15,10,19,17,17,28,33,22,30,34,31,31,41,46,39,45,45,45,49,52,49,43,53,51,68,48,64,76,72,87,126,135,145,182,200,286,349,454,595,816,1010,1215,1464,1682,1834,1909,2018,1943,1988,1948,1820,1747,1653,1574,1564,1502,1443,1352,1260,1185,1103,1095,1015,1009,991,872,817,805,794,774,715,707,600,590,586,534,519,515,515,831,427,421,434,473,494,445,432,447,422,427,415,370,377,355,341,350,340,316,331,409,348,350,318,290,285,283,291,244,284,305,364,464,220,198,184,155,163,122,99,61,49,29,25,9,6,6,5,2,5,3,5,10,11,13,11,7,13,13,5,3,5,6,8,7,9,9,7,9,13,9,8,4,8,8,9,9,4,4,7,6,9,7,7,8,8,4,2,1,1,1,1,0,0,0,0,0,0,0,0,0,0,0,0,0,0,0,0,0,0,0,0,0,0,0,0,0,0,0,0,0,0,0,0,0,0,0,0,0,0,0,0,0,0,0,0,0,0,0,0,0,0,0,0
31.35,0,0,0,0,0,0,0,0,0,0,0,0,1,0,0,1,0,1,0,0,0,0,0,0,1,0,0,0,0,0,2,1,0,0,0,0,2,1,2,1,1,1,2,3,3,2,2,6,3,0,2,1,3,2,5,7,2,1,4,6,5,8,5,8,5,4,3,7,10,9,8,15,8,8,9,14,19,15,15,21,26,23,23,27,24,19,32,31,45,44,39,35,58,51,59,51,71,57,80,54,59,80,83,71,86,91,78,107,127,146,170,215,261,343,439,585,769,988,1223,1453,1676,1859,1888,2027,1936,1989,1955,1843,1738,1627,1590,1565,1471,1435,1348,1256,1190,1084,1119,1014,1015,991,868,824,789,804,767,742,689,604,591,570,548,515,520,522,829,424,421,413,470,490,470,428,450,401,442,418,370,365,353,345,360,324,305,328,401,353,342,319,288,288,278,291,240,283,301,361,453,217,195,179,157,163,122,100,62,47,28,24,8,5,5,6,4,4,3,6,10,11,12,10,7,12,13,5,3,5,7,7,6,9,9,7,8,13,9,9,3,8,7,9,10,3,5,7,7,9,7,7,8,9,4,2,1,1,1,1,0,0,0,0,0,0,0,0,0,0,0,0,0,0,0,0,0,0,0,0,0,0,0,0,0,0,0,0,0,0,0,0,0,0,0,0,0,0,0,0,0,0,0,0,0,0,0,0,0,0,0,0
31.45,0,0,0,0,0,2,1,0,0,1,0,1,0,0,0,0,1,0,2,1,1,1,0,1,0,0,0,1,0,0,0,2,0,1,3,0,0,5,1,0,4,3,1,1,3,2,0,1,0,1,1,2,6,1,1,5,3,6,3,4,6,7,8,5,7,8,4,10,8,10,10,8,9,12,10,15,14,19,13,21,11,22,23,21,28,31,23,41,38,48,38,50,48,49,68,75,58,63,80,79,70,75,98,72,88,88,84,100,116,156,167,197,233,334,437,579,768,995,1217,1446,1670,1829,1890,2024,1940,1977,1969,1805,1734,1644,1558,1537,1498,1441,1355,1234,1188,1087,1105,1027,1002,994,855,821,775,790,780,748,692,596,598,566,552,514,516,520,828,421,419,414,476,481,458,427,448,417,424,422,377,366,358,342,335,338,299,334,402,353,341,322,291,279,277,281,243,281,299,353,455,218,198,178,157,167,124,99,63,47,28,23,7,7,7,5,3,4,2,6,9,11,13,10,7,12,13,5,3,6,6,7,6,9,9,8,8,13,9,9,2,8,7,9,9,3,5,7,7,9,7,7,8,9,4,2,1,1,1,1,0,0,0,0,0,0,0,0,0,0,0,0,0,0,0,0,0,0,0,0,0,0,0,0,0,0,0,0,0,0,0,0,0,0,0,0,0,0,0,0,0,0,0,0,0,0,0,0,0,0,0,0
31.55,0,0,0,0,0,0,1,0,0,0,0,1,1,0,0,0,0,0,0,1,0,0,0,0,1,1,0,2,0,0,2,1,1,0,0,1,0,1,0,0,1,0,0,0,1,2,0,2,3,1,2,3,3,2,3,6,2,6,8,1,4,6,10,4,10,8,11,6,7,9,6,9,14,12,12,18,17,22,17,20,17,20,27,29,27,27,29,36,37,36,40,38,38,38,59,54,61,59,79,77,77,65,77,94,89,86,94,108,125,154,163,209,234,341,423,562,762,1009,1208,1460,1644,1833,1911,1966,1936,1992,1950,1783,1736,1642,1544,1538,1459,1455,1335,1252,1171,1064,1106,1036,987,1002,848,821,799,795,764,744,699,588,591,563,544,519,517,508,845,427,428,415,467,490,447,429,451,409,432,416,381,367,345,344,331,340,311,329,403,350,340,316,294,285,281,285,238,275,299,360,451,220,198,180,156,168,126,99,63,47,30,23,7,5,7,5,4,4,3,6,9,10,12,10,7,13,13,5,4,5,6,7,6,9,9,8,8,13,9,8,2,8,7,9,10,3,5,6,7,9,7,7,8,9,4,2,1,1,1,1,0,0,0,0,0,0,0,0,0,0,0,0,0,0,0,0,0,0,0,0,0,0,0,0,0,0,0,0,0,0,0,0,0,0,0,0,0,0,0,0,0,0,0,0,0,0,0,0,0,0,0,0
31.65,0,0,0,0,0,0,0,1,2,0,0,0,0,0,0,0,0,0,0,1,0,1,0,0,1,0,0,0,1,1,1,0,0,0,1,1,1,0,1,1,2,2,2,1,0,2,4,0,2,1,1,2,1,1,1,1,5,3,3,9,3,4,5,6,5,6,6,4,10,11,14,7,15,12,5,15,14,19,19,27,10,20,24,21,22,32,24,29,33,30,29,46,49,48,50,50,63,61,68,67,69,84,72,80,88,77,113,108,127,164,183,228,249,348,432,564,761,1014,1197,1470,1632,1799,1914,1983,1918,1991,1946,1761,1728,1630,1541,1513,1465,1451,1336,1241,1172,1064,1110,1038,983,969,851,834,777,809,775,737,699,585,588,562,533,510,511,524,845,421,427,423,473,485,438,442,447,409,440,412,380,373,353,345,334,336,309,330,407,347,349,311,291,284,287,289,242,277,301,355,454,219,197,177,154,171,126,100,62,47,30,22,8,5,8,6,3,5,2,6,9,11,12,10,7,12,13,6,3,5,5,7,6,8,9,9,8,13,9,8,2,8,7,9,10,3,5,6,7,9,7,7,8,9,4,2,1,1,1,1,0,0,0,0,0,0,0,0,0,0,0,0,0,0,0,0,0,0,0,0,0,0,0,0,0,0,0,0,0,0,0,0,0,0,0,0,0,0,0,0,0,0,0,0,0,0,0,0,0,0,0,0
31.75,0,0,1,0,0,0,0,0,0,1,0,0,0,0,0,0,0,0,1,0,0,0,0,0,0,0,0,1,0,0,1,2,1,1,1,0,1,0,1,2,0,0,1,0,2,1,1,3,1,2,1,2,3,2,2,3,5,4,5,3,2,4,9,5,6,10,5,8,6,7,9,8,10,13,10,14,16,6,19,12,22,16,19,25,25,24,27,43,31,32,33,39,42,40,47,32,54,48,60,48,51,63,66,75,82,98,91,104,118,160,191,228,266,362,461,560,749,1013,1206,1447,1629,1791,1876,1970,1908,1955,1928,1795,1746,1625,1539,1487,1467,1443,1324,1215,1152,1095,1097,1032,962,965,854,833,790,822,756,743,685,604,582,545,532,526,511,510,833,418,428,417,473,488,440,434,455,422,428,416,384,366,355,354,337,340,317,324,406,353,347,305,286,286,292,290,240,281,305,357,459,215,200,174,157,168,124,100,63,48,29,23,7,5,7,5,3,5,3,6,7,12,15,10,7,13,13,5,3,5,6,7,6,8,8,9,8,13,9,9,2,8,7,9,10,3,5,6,7,9,7,7,8,9,4,2,1,1,1,1,0,0,0,0,0,0,0,0,0,0,0,0,0,0,0,0,0,0,0,0,0,0,0,0,0,0,0,0,0,0,0,0,0,0,0,0,0,0,0,0,0,0,0,0,0,0,0,0,0,0,0,0
31.85,0,0,0,0,0,0,0,0,1,0,0,1,0,0,0,0,0,0,0,1,0,0,1,0,0,0,0,1,1,0,0,0,1,1,0,0,1,1,1,1,4,2,0,1,1,0,3,2,4,4,1,3,7,1,3,0,2,5,6,5,3,4,1,2,5,6,3,3,7,11,7,7,14,5,13,12,17,15,19,9,14,16,15,13,17,12,20,25,24,27,30,28,27,34,34,32,29,49,42,32,47,37,43,63,75,84,107,111,128,163,184,230,253,375,474,582,771,979,1189,1451,1642,1789,1858,1971,1913,1918,1956,1821,1759,1623,1530,1489,1436,1446,1350,1217,1137,1093,1101,1018,975,957,869,811,787,818,760,728,667,599,582,558,530,526,502,513,830,425,410,414,489,475,443,422,442,419,437,412,385,372,355,352,338,345,311,331,400,357,344,310,287,295,277,296,243,287,300,348,462,219,201,173,159,169,124,99,64,48,29,23,6,5,7,5,4,4,3,6,6,11,14,10,10,12,13,6,3,5,5,8,6,8,8,9,8,13,8,9,2,8,7,9,11,3,5,7,7,9,8,7,8,9,4,2,1,1,1,1,0,0,0,0,0,0,0,0,0,0,0,0,0,0,0,0,0,0,0,0,0,0,0,0,0,0,0,0,0,0,0,0,0,0,0,0,0,0,0,0,0,0,0,0,0,0,0,0,0,0,0,0
31.95,0,0,0,0,0,0,1,0,1,0,0,0,0,0,0,1,0,0,0,0,1,0,1,0,0,0,2,0,0,0,0,1,0,0,0,1,0,0,1,1,1,1,3,0,4,2,2,4,3,2,6,0,3,3,0,2,0,3,4,4,6,5,2,6,5,5,5,1,4,7,10,8,10,10,3,6,5,11,8,9,6,10,3,8,7,16,4,15,12,7,15,11,13,15,15,22,15,21,26,29,31,32,32,46,69,101,101,105,115,162,191,222,279,371,473,604,778,1018,1202,1431,1620,1801,1867,1960,1904,1930,1936,1849,1742,1635,1550,1501,1417,1443,1328,1215,1140,1081,1083,1004,984,945,878,803,769,802,756,728,678,593,583,556,538,519,500,516,842,415,423,412,482,495,432,426,449,416,427,420,380,360,365,353,359,340,316,337,404,357,349,307,286,289,292,290,254,282,309,356,460,215,203,173,163,172,123,100,63,48,29,23,6,6,7,5,3,4,3,7,7,11,14,10,7,14,13,6,3,6,5,7,6,9,8,9,8,12,9,8,2,8,7,9,11,3,6,7,7,9,7,7,8,9,4,2,2,1,1,1,0,0,0,0,0,0,0,0,0,0,0,0,0,0,0,0,0,0,0,0,0,0,0,0,0,0,0,0,0,0,0,0,0,0,0,0,0,0,0,0,0,0,0,0,0,0,0,0,0,0,0,0
32.05,0,0,0,0,0,1,0,0,0,0,0,0,0,0,0,1,0,0,0,0,0,1,0,1,0,0,1,2,0,2,0,0,0,2,1,0,1,1,0,1,1,4,2,2,0,2,4,2,1,3,3,3,2,3,1,0,2,4,3,1,3,9,4,2,2,4,2,2,4,6,5,4,1,5,10,7,6,6,3,7,7,8,14,9,13,8,13,6,14,18,11,13,18,12,14,17,22,19,23,21,26,38,50,60,67,81,112,96,120,167,205,207,288,368,518,595,803,1028,1207,1424,1603,1788,1850,1969,1926,1914,1936,1831,1751,1624,1539,1479,1416,1439,1319,1216,1139,1047,1066,1001,974,959,862,782,775,787,746,699,672,584,610,551,524,534,515,507,834,436,419,403,477,509,425,417,442,409,440,411,379,365,357,350,354,331,322,341,410,355,342,307,290,280,294,293,239,284,313,360,455,216,203,169,161,162,128,99,61,51,26,22,6,7,7,4,4,4,2,8,6,13,13,9,7,12,13,7,3,5,6,6,6,11,8,8,8,12,8,8,2,9,7,10,10,3,5,7,7,12,6,5,8,9,4,2,1,1,1,2,0,0,0,0,0,0,0,0,0,0,0,0,0,0,0,0,0,0,0,0,0,0,0,0,0,0,0,0,0,0,0,0,0,0,0,0,0,0,0,0,0,0,0,0,0,0,0,0,0,0,0,0
32.15,0,0,0,0,0,0,0,0,1,0,0,1,0,1,0,0,0,0,0,0,1,0,0,1,1,1,0,0,1,0,0,1,2,1,1,0,1,0,2,3,1,0,3,0,2,1,0,3,2,2,2,0,2,1,3,2,2,3,3,3,8,1,1,5,4,8,5,10,8,5,15,16,15,10,14,16,16,11,15,18,16,17,22,15,23,20,19,19,18,19,34,23,24,36,23,28,33,30,36,31,42,37,65,53,66,74,102,94,112,185,202,192,296,389,504,612,776,988,1178,1417,1609,1759,1870,1965,1901,1892,1904,1820,1733,1594,1528,1460,1429,1420,1312,1180,1137,1069,1050,995,991,937,847,783,769,779,742,691,687,583,603,553,509,555,505,509,820,433,415,400,485,489,431,417,437,416,429,404,376,358,356,355,349,330,325,336,397,362,333,307,296,273,285,285,239,282,317,346,452,208,202,164,151,155,128,100,61,49,25,22,7,7,7,4,4,4,2,9,5,12,12,8,7,12,14,7,2,5,5,7,6,10,8,9,9,11,8,8,2,9,7,9,11,3,5,8,8,8,5,5,8,9,5,2,1,1,1,2,0,0,0,0,0,0,0,0,0,0,0,0,0,0,0,0,0,0,0,0,0,0,0,0,0,0,0,0,0,0,0,0,0,0,0,0,0,0,0,0,0,0,0,0,0,0,0,0,0,0,0,0
32.25,0,1,0,0,0,0,0,0,2,0,0,0,0,0,0,0,0,0,0,0,0,0,0,0,0,0,2,0,1,1,4,0,1,0,1,1,1,1,0,0,2,5,1,1,2,2,4,2,4,0,4,4,4,2,3,5,3,2,1,3,5,9,4,4,10,7,5,5,10,18,8,9,15,11,11,16,7,20,19,22,14,22,21,25,19,28,25,26,36,30,31,44,31,40,36,42,42,40,48,42,54,53,60,63,69,81,94,111,113,170,222,207,285,382,474,569,761,987,1166,1392,1612,1746,1836,1947,1925,1902,1873,1822,1715,1581,1540,1458,1417,1411,1289,1184,1120,1048,1043,1001,975,938,850,776,765,777,733,697,686,581,611,547,519,533,510,509,806,422,405,408,475,501,430,410,442,415,430,411,373,351,348,351,344,337,319,340,397,358,339,301,286,267,285,290,238,279,325,344,447,210,198,164,149,154,125,102,59,49,26,22,6,6,7,4,4,4,2,10,5,13,12,9,7,12,13,7,4,5,5,6,6,10,7,9,9,12,8,9,2,8,7,9,10,5,5,7,7,8,5,5,8,9,5,2,1,1,1,1,0,0,0,0,0,0,0,0,0,0,0,0,0,0,0,0,0,0,0,0,0,0,0,0,0,0,0,0,0,0,0,0,0,0,0,0,0,0,0,0,0,0,0,0,0,0,0,0,0,0,0,0
32.35,0,0,0,0,0,0,0,0,0,0,2,0,0,0,0,0,0,0,1,0,0,0,0,1,0,0,1,2,1,0,0,0,0,1,0,0,0,1,1,0,2,0,2,3,1,1,2,1,1,1,4,5,5,1,10,3,7,3,5,4,2,3,7,5,5,6,3,14,9,9,18,10,15,15,17,17,11,25,19,14,28,20,26,26,36,28,33,35,38,32,59,40,46,49,47,52,47,42,58,59,73,67,66,71,82,89,96,122,118,169,184,202,278,356,475,563,734,997,1150,1411,1578,1740,1822,1920,1920,1854,1867,1814,1705,1582,1531,1414,1416,1383,1271,1181,1118,1046,1017,986,969,942,845,768,767,780,723,699,676,593,597,555,497,547,507,515,811,419,423,402,464,492,427,420,434,415,434,409,369,351,358,344,342,330,323,341,394,358,339,301,285,274,281,286,236,280,319,340,445,209,196,158,149,154,130,100,61,49,25,22,6,6,7,4,4,4,3,11,5,14,12,8,9,11,14,7,4,5,5,6,6,10,7,9,10,11,8,8,2,8,8,10,10,3,5,7,7,8,5,5,8,9,5,2,1,1,1,1,0,0,0,0,0,0,0,0,0,0,0,0,0,0,0,0,0,0,0,0,0,0,0,0,0,0,0,0,0,0,0,0,0,0,0,0,0,0,0,0,0,0,0,0,0,0,0,0,0,0,0,0
32.45,0,0,0,0,0,0,0,2,1,1,0,0,0,0,0,0,0,0,0,0,0,1,0,0,0,0,1,1,0,1,0,0,1,1,1,1,1,0,0,0,1,5,2,0,2,1,1,2,2,0,1,1,5,3,5,3,4,4,7,5,6,4,7,5,5,7,6,4,4,6,13,11,11,8,13,12,17,14,11,8,16,20,23,26,17,22,30,43,42,40,40,45,56,48,60,60,62,80,77,87,80,71,68,84,89,97,81,110,126,163,191,205,251,333,464,572,744,970,1144,1395,1572,1711,1828,1922,1906,1841,1860,1797,1708,1534,1540,1406,1409,1390,1235,1197,1102,1051,1021,977,973,925,860,780,758,763,743,687,665,597,581,540,508,531,508,525,811,423,423,401,475,494,419,415,425,422,430,408,374,354,345,350,348,336,320,327,394,345,341,302,282,264,285,287,229,279,318,344,443,206,199,156,150,156,129,97,60,49,24,23,6,6,8,4,4,4,4,9,5,13,11,8,8,11,13,7,4,5,5,8,6,11,7,9,9,11,9,8,3,8,7,9,10,3,5,7,7,8,5,5,8,9,5,2,1,1,1,1,0,0,0,0,0,0,0,0,0,0,0,0,0,0,0,0,0,0,0,0,0,0,0,0,0,0,0,0,0,0,0,0,0,0,0,0,0,0,0,0,0,0,0,0,0,0,0,0,0,0,0,0
32.55,0,0,0,0,0,0,0,0,0,0,0,0,0,0,0,0,0,0,0,0,1,1,1,1,0,0,0,1,2,2,0,0,0,0,0,1,2,2,0,2,1,0,2,1,0,2,2,1,1,2,0,2,2,3,1,3,2,4,1,4,3,11,5,5,6,6,8,9,5,9,7,9,8,18,16,16,17,18,16,20,20,11,21,24,27,26,32,36,29,40,42,46,50,58,58,52,63,70,73,78,81,76,83,83,95,110,94,123,117,162,167,204,263,333,465,560,756,987,1158,1383,1590,1715,1809,1922,1893,1817,1872,1775,1719,1534,1521,1391,1404,1372,1228,1191,1107,1065,1007,995,962,907,857,775,758,776,736,699,661,589,580,527,507,538,520,518,806,421,425,398,473,498,417,408,442,416,428,414,380,357,355,360,335,340,314,329,396,344,338,296,284,270,283,283,231,279,317,345,443,205,200,155,146,157,131,96,58,49,24,23,6,7,7,4,5,4,4,8,5,13,11,8,8,11,13,7,4,7,5,6,7,10,8,9,9,13,8,7,2,8,7,9,10,3,5,7,7,8,5,5,8,9,5,2,1,0,1,1,0,0,0,0,0,0,0,0,0,0,0,0,0,0,0,0,0,0,0,0,0,0,0,0,0,0,0,0,0,0,0,0,0,0,0,0,0,0,0,0,0,0,0,0,0,0,0,0,0,0,0,0
32.65,0,0,0,0,0,1,0,0,0,0,0,0,0,0,0,1,0,0,0,0,0,0,0,1,2,1,2,0,0,0,1,1,1,0,1,1,2,0,0,6,4,1,4,1,2,0,3,2,1,3,5,1,5,1,2,4,1,4,4,4,3,8,9,4,10,8,7,8,16,10,8,13,9,7,11,10,15,16,17,17,20,28,24,29,26,32,39,14,32,46,40,47,38,55,56,53,45,49,61,71,73,70,92,78,95,94,102,122,122,167,187,195,262,362,467,565,760,980,1170,1410,1546,1711,1839,1915,1876,1818,1841,1787,1684,1546,1508,1399,1391,1374,1236,1165,1096,1054,1038,995,949,901,856,780,758,751,739,704,671,580,585,527,515,519,515,530,797,429,426,388,471,487,419,409,441,411,434,416,381,363,356,359,345,327,320,322,393,348,336,295,275,262,284,288,232,276,319,343,442,206,198,156,146,156,132,95,59,49,24,22,6,6,7,5,4,4,5,9,5,14,12,9,8,11,13,7,5,6,5,6,6,11,7,9,9,11,8,8,2,8,8,9,10,3,5,7,7,9,5,5,8,9,6,2,1,0,1,1,0,0,0,0,0,0,0,0,0,0,0,0,0,0,0,0,0,0,0,0,0,0,0,0,0,0,0,0,0,0,0,0,0,0,0,0,0,0,0,0,0,0,0,0,0,0,0,0,0,0,0,0
32.75,0,0,1,0,0,0,0,0,0,0,0,0,0,0,0,0,0,1,0,1,0,0,1,0,0,1,1,0,0,0,1,1,0,0,1,0,2,0,0,1,0,3,1,1,2,2,3,3,0,0,1,1,2,2,3,2,5,5,4,2,4,1,4,7,4,4,7,5,15,10,12,14,13,7,4,11,12,13,14,22,19,24,23,25,23,27,34,23,37,29,29,31,47,44,38,48,53,50,46,73,51,65,66,78,76,88,99,110,118,167,183,227,296,364,468,592,756,991,1155,1420,1560,1703,1857,1896,1887,1827,1839,1785,1685,1525,1502,1396,1369,1385,1250,1178,1091,1035,1053,962,954,915,846,794,760,751,759,689,665,592,580,543,490,523,513,521,784,431,418,388,466,501,420,406,444,413,439,423,374,354,356,354,343,331,314,325,396,347,335,300,281,261,273,291,239,285,316,342,442,207,200,156,147,153,134,93,59,49,24,22,6,7,7,4,6,4,5,9,5,13,11,8,8,12,12,7,6,6,5,6,7,10,7,9,9,10,8,9,2,8,7,9,11,3,4,7,7,9,4,5,9,9,6,2,1,0,0,1,0,0,0,0,0,0,0,0,0,0,0,0,0,0,0,0,0,0,0,0,0,0,0,0,0,0,0,0,0,0,0,0,0,0,0,0,0,0,0,0,0,0,0,0,0,0,0,0,0,0,0,0
32.85,0,0,1,0,0,0,0,0,0,0,0,1,0,0,0,0,1,0,0,0,0,0,1,0,0,1,0,0,0,3,0,1,0,0,0,1,1,1,0,1,1,0,0,1,2,4,1,1,5,1,1,5,1,1,1,2,1,1,5,3,4,4,5,5,3,5,8,9,5,9,9,9,10,8,12,18,13,14,9,18,22,27,25,13,20,22,21,25,29,19,28,34,22,17,30,21,30,47,39,47,40,57,78,51,76,79,100,122,125,171,209,227,285,384,491,587,776,994,1158,1414,1560,1705,1819,1894,1887,1823,1812,1750,1645,1522,1520,1383,1356,1379,1244,1173,1093,1028,1033,965,939,890,848,788,759,742,757,690,663,571,589,535,496,513,522,522,790,421,412,410,470,501,416,404,438,407,441,404,379,356,350,364,334,330,320,330,400,346,337,296,281,266,274,289,235,283,327,347,441,203,202,156,151,154,131,91,60,51,24,22,6,6,7,4,4,4,7,8,5,13,11,8,8,11,12,7,6,7,5,6,7,10,7,9,8,9,8,8,2,8,7,9,11,3,4,7,7,8,4,6,9,9,6,2,1,0,0,1,0,0,0,0,0,0,0,0,0,0,0,0,0,0,0,0,0,0,0,0,0,0,0,0,0,0,0,0,0,0,0,0,0,0,0,0,0,0,0,0,0,0,0,0,0,0,0,0,0,0,0,0
32.95,0,0,0,0,0,0,0,0,0,0,1,0,1,0,0,0,0,0,0,0,0,0,0,0,0,0,0,0,1,0,1,0,0,2,0,0,0,1,0,1,0,2,1,3,0,0,0,1,2,2,4,1,3,2,2,1,1,3,3,1,4,9,3,3,2,5,7,6,2,6,5,7,5,10,3,4,8,9,4,11,5,9,10,7,11,12,14,12,9,15,18,12,8,14,13,18,15,23,29,38,43,35,53,50,68,102,99,125,135,180,199,236,291,376,484,632,759,1047,1195,1411,1602,1676,1831,1906,1888,1839,1811,1721,1659,1499,1512,1362,1354,1391,1248,1154,1063,1021,1033,951,931,880,826,789,751,730,750,685,641,591,596,541,503,523,518,515,803,424,411,396,466,505,420,405,439,408,438,400,379,352,359,362,339,335,311,331,399,351,340,295,286,268,275,293,237,280,319,354,450,206,203,162,152,155,134,91,61,50,24,23,7,6,7,4,4,4,5,9,5,13,11,8,8,11,12,7,5,6,6,6,7,10,7,10,8,9,8,8,2,7,6,10,11,3,4,7,7,8,4,6,9,9,6,2,1,0,0,1,0,0,0,0,0,0,0,0,0,0,0,0,0,0,0,0,0,0,0,0,0,0,0,0,0,0,0,0,0,0,0,0,0,0,0,0,0,0,0,0,0,0,0,0,0,0,0,0,0,0,0,0
33.05,0,1,1,0,0,0,0,0,0,0,1,0,0,0,0,0,0,0,1,0,0,0,0,0,1,0,0,0,0,0,0,0,0,1,0,0,1,2,1,3,1,0,0,0,0,0,3,1,2,1,2,1,2,2,1,2,5,5,5,3,2,0,2,4,3,3,5,9,5,7,3,4,6,4,9,7,9,4,5,5,4,8,10,8,8,5,4,7,5,14,8,7,7,18,21,11,20,21,26,26,41,28,53,49,64,89,101,140,150,162,219,217,319,404,502,625,792,1007,1176,1389,1606,1695,1821,1887,1878,1812,1843,1711,1639,1506,1471,1338,1348,1363,1264,1134,1094,1009,1013,927,935,880,831,795,751,751,726,685,618,590,598,536,512,508,510,509,820,427,416,392,455,505,433,407,436,418,426,403,380,341,350,361,350,329,316,338,390,356,337,293,278,261,283,285,232,295,309,351,453,201,201,169,153,151,126,93,61,50,26,22,6,6,8,3,5,5,4,8,5,13,10,8,8,11,13,7,6,6,6,6,7,10,7,9,9,9,9,8,2,7,5,9,12,3,4,7,8,7,4,6,9,9,6,2,1,0,0,1,0,0,0,0,0,0,0,0,0,0,0,0,0,0,0,0,0,0,0,0,0,0,0,0,0,0,0,0,0,0,0,0,0,0,0,0,0,0,0,0,0,0,0,0,0,0,0,0,0,0,0,0
33.15,0,0,0,0,0,0,0,0,0,1,0,0,1,0,0,0,0,1,0,0,0,0,0,1,1,0,1,1,1,1,1,0,0,0,0,1,0,1,1,1,0,1,1,1,3,1,1,0,1,4,1,1,2,4,4,4,5,2,3,3,8,4,3,4,3,14,9,8,10,7,12,9,3,14,8,9,11,19,15,18,10,13,8,15,10,20,27,25,21,21,13,26,23,27,30,35,37,36,34,31,35,49,51,58,65,85,96,125,147,155,230,209,319,403,495,597,759,986,1134,1385,1595,1684,1790,1891,1856,1804,1812,1694,1642,1475,1485,1331,1339,1358,1272,1137,1073,1010,993,927,921,884,851,778,746,727,725,694,632,574,584,546,498,515,501,530,794,429,408,392,455,499,450,412,426,406,428,401,371,336,351,361,345,330,314,327,385,355,342,298,277,263,280,284,241,282,300,348,451,202,204,161,150,153,124,92,61,48,26,23,6,7,8,3,4,4,4,8,5,13,10,8,8,11,13,7,6,6,6,6,7,10,7,9,8,9,9,8,2,7,5,9,12,3,4,8,7,7,4,6,9,9,6,2,1,0,0,1,0,0,0,0,0,0,0,0,0,0,0,0,0,0,0,0,0,0,0,0,0,0,0,0,0,0,0,0,0,0,0,0,0,0,0,0,0,0,0,0,0,0,0,0,0,0,0,0,0,0,0,0
33.25,0,0,1,0,0,0,0,0,0,0,0,0,0,0,0,0,1,0,0,0,1,0,0,0,0,0,0,0,2,1,1,1,0,0,6,1,1,0,1,1,1,2,1,1,0,1,2,3,3,1,3,1,6,3,1,4,3,2,3,4,3,2,4,3,9,4,6,5,9,13,9,14,10,20,3,15,12,12,17,17,17,15,21,22,17,24,20,42,26,37,36,40,26,38,50,30,46,45,25,43,48,51,41,68,61,84,103,115,152,159,210,207,308,380,471,588,744,986,1124,1372,1585,1694,1768,1883,1850,1805,1821,1684,1640,1476,1458,1366,1314,1366,1246,1126,1067,977,1009,920,902,890,863,761,736,745,723,690,614,576,582,541,497,528,519,509,799,421,411,389,445,510,446,414,423,408,435,389,365,336,360,350,343,329,310,328,384,357,341,295,267,262,282,276,237,282,305,347,450,199,202,162,147,150,123,92,61,48,26,22,6,6,7,3,4,4,4,8,5,13,10,8,8,11,13,7,6,6,5,5,7,10,7,9,8,8,9,8,2,8,5,9,13,3,4,7,7,7,4,6,9,9,6,2,1,0,0,1,0,0,0,0,0,0,0,0,0,0,0,0,0,0,0,0,0,0,0,0,0,0,0,0,0,0,0,0,0,0,0,0,0,0,0,0,0,0,0,0,0,0,0,0,0,0,0,0,0,0,0,0
33.35,0,0,0,0,0,0,0,0,0,0,0,0,0,1,0,0,0,0,0,0,0,0,0,0,0,0,1,0,0,0,1,0,0,1,0,2,0,3,0,1,0,0,2,0,0,1,2,2,1,2,3,3,0,2,2,4,3,2,9,1,7,8,0,6,3,4,5,6,15,13,10,12,15,3,5,11,10,11,22,17,21,22,30,24,27,22,26,29,31,39,39,44,33,47,47,31,60,54,61,53,59,50,73,64,69,93,98,108,140,163,182,213,298,378,470,566,748,963,1135,1341,1544,1689,1758,1869,1841,1801,1826,1664,1649,1490,1440,1346,1343,1341,1232,1115,1050,981,994,909,915,891,851,765,726,740,735,673,613,575,583,549,513,521,526,519,791,419,411,385,460,495,440,423,427,412,434,387,368,327,352,348,346,329,313,324,380,358,340,289,273,250,281,277,234,284,304,351,451,202,199,157,143,152,124,93,60,48,26,22,6,5,7,3,4,4,4,8,5,13,10,8,8,11,13,7,6,6,5,5,7,10,7,9,8,8,9,8,2,8,6,9,12,3,5,7,7,7,4,6,8,9,6,2,1,0,0,1,0,0,0,0,0,0,0,0,0,0,0,0,0,0,0,0,0,0,0,0,0,0,0,0,0,0,0,0,0,0,0,0,0,0,0,0,0,0,0,0,0,0,0,0,0,0,0,0,0,0,0,0
33.45,0,0,0,0,0,0,0,0,0,0,0,0,0,0,0,0,1,0,1,0,0,0,1,0,0,0,1,0,0,0,0,0,0,2,1,1,1,0,0,2,2,2,2,1,2,1,1,2,1,3,4,3,2,1,2,4,1,2,1,7,5,5,3,10,4,12,5,10,11,7,9,15,10,14,7,15,8,20,14,10,23,22,16,21,23,22,23,33,33,38,35,51,42,39,50,71,55,56,73,51,60,75,64,69,84,84,113,120,137,140,167,183,290,369,472,567,715,960,1133,1345,1553,1703,1753,1850,1848,1777,1819,1662,1638,1472,1433,1336,1327,1323,1250,1100,1050,948,988,915,912,856,853,772,712,748,719,673,614,587,589,543,520,520,519,520,780,425,410,409,442,497,446,418,421,408,422,399,367,325,362,345,345,319,306,324,379,358,338,290,266,259,275,274,231,285,306,351,450,199,198,153,142,155,124,93,60,47,25,22,6,5,7,3,4,4,4,7,5,13,10,8,8,11,13,7,6,6,5,5,7,10,7,9,8,7,9,9,2,8,5,9,12,3,5,7,7,7,4,6,8,9,6,2,1,0,0,1,0,0,0,0,0,0,0,0,0,0,0,0,0,0,0,0,0,0,0,0,0,0,0,0,0,0,0,0,0,0,0,0,0,0,0,0,0,0,0,0,0,0,0,0,0,0,0,0,0,0,0,0
33.55,0,0,0,0,0,0,0,0,0,0,0,0,0,0,0,0,0,0,1,0,0,0,0,1,0,0,0,0,0,0,0,1,0,1,1,0,1,2,0,0,1,2,2,1,2,1,3,0,1,0,1,4,3,2,2,4,1,5,1,5,3,6,4,8,4,10,6,9,7,10,5,6,15,13,12,10,18,14,24,18,10,19,18,27,26,27,31,34,30,44,40,46,48,37,41,56,49,54,54,66,82,77,69,71,78,85,92,112,123,149,174,191,283,364,477,566,703,939,1126,1346,1567,1683,1751,1830,1836,1774,1811,1650,1603,1476,1424,1329,1283,1321,1258,1095,1060,932,984,913,897,849,853,751,724,726,732,661,619,577,588,542,518,510,524,524,774,426,407,393,448,498,443,415,425,402,425,386,371,327,345,349,343,319,308,319,387,350,331,294,264,259,272,270,237,280,309,347,457,200,199,155,141,152,122,93,61,49,24,22,6,5,7,3,4,4,4,7,5,12,10,8,8,10,13,7,6,6,5,6,7,11,7,10,8,7,9,8,2,8,5,9,12,3,5,7,7,7,4,6,8,9,5,2,1,0,0,1,0,0,0,0,0,0,0,0,0,0,0,0,0,0,0,0,0,0,0,0,0,0,0,0,0,0,0,0,0,0,0,0,0,0,0,0,0,0,0,0,0,0,0,0,0,0,0,0,0,0,0,0
33.65,0,0,0,0,0,0,0,0,0,0,0,0,0,1,1,0,0,0,1,0,1,0,0,0,1,0,0,0,1,1,1,0,1,1,1,1,0,1,3,2,1,0,2,2,1,1,1,1,0,2,0,1,0,3,4,2,0,8,3,3,6,6,8,4,7,10,4,2,12,9,7,10,9,13,6,13,18,11,14,6,16,21,26,19,28,31,32,38,27,26,45,33,45,44,46,50,53,53,69,40,92,64,55,72,79,94,82,115,145,129,179,199,294,360,468,573,707,946,1117,1328,1562,1654,1746,1820,1826,1785,1798,1640,1601,1490,1445,1296,1281,1318,1276,1089,1047,939,975,899,914,830,853,748,720,736,718,684,615,568,579,551,519,513,521,521,775,427,409,398,444,499,446,417,414,394,416,394,370,327,346,352,336,329,308,318,384,351,333,295,268,261,276,272,234,282,305,349,452,202,199,155,142,151,121,94,62,46,23,21,6,6,8,3,4,4,4,7,5,12,10,8,7,10,13,7,6,6,5,5,7,12,7,9,8,8,9,8,2,9,5,9,12,3,5,6,7,6,4,6,8,9,5,2,0,0,0,1,0,0,0,0,0,0,0,0,0,0,0,0,0,0,0,0,0,0,0,0,0,0,0,0,0,0,0,0,0,0,0,0,0,0,0,0,0,0,0,0,0,0,0,0,0,0,0,0,0,0,0,0
33.75,0,0,0,0,0,0,1,0,0,0,0,0,0,1,0,0,1,0,0,0,0,0,0,0,0,0,0,0,0,0,0,0,1,1,0,0,1,1,0,0,0,3,0,2,1,0,2,2,2,1,1,0,2,3,1,3,3,5,5,6,3,3,7,5,10,6,10,9,5,10,9,6,7,9,13,15,13,13,12,14,18,20,22,18,32,18,25,21,22,33,18,32,37,36,40,32,47,43,47,53,47,61,51,74,93,79,100,104,127,151,196,216,308,373,478,583,694,936,1107,1317,1567,1646,1730,1821,1841,1760,1768,1619,1592,1488,1456,1281,1291,1293,1273,1093,1032,926,960,900,917,841,836,738,719,734,724,667,608,555,583,544,517,513,507,520,793,425,400,409,439,499,437,427,414,392,422,387,371,336,342,351,336,317,306,329,376,353,339,300,272,260,276,273,231,286,304,353,456,202,194,157,142,148,119,96,62,46,24,21,6,5,8,4,5,4,5,7,5,12,10,8,7,10,13,7,6,6,5,4,7,12,7,9,8,7,9,8,2,10,5,9,12,3,5,6,7,6,5,6,8,9,5,2,0,0,0,1,0,0,0,0,0,0,0,0,0,0,0,0,0,0,0,0,0,0,0,0,0,0,0,0,0,0,0,0,0,0,0,0,0,0,0,0,0,0,0,0,0,0,0,0,0,0,0,0,0,0,0,0
33.85,0,0,0,0,0,1,0,0,0,0,0,0,2,0,0,0,0,0,0,0,0,1,0,0,0,0,0,1,0,1,0,1,0,1,3,0,1,0,0,0,0,2,2,3,4,1,1,3,2,6,0,3,2,2,4,0,4,3,11,4,2,8,5,3,4,5,11,8,9,16,9,10,9,7,11,4,9,11,11,8,19,13,21,17,23,26,15,26,26,22,26,15,20,23,32,19,26,33,20,29,39,51,55,49,76,78,93,141,145,147,192,228,307,383,493,569,724,955,1109,1348,1540,1673,1737,1829,1837,1758,1729,1629,1605,1464,1448,1285,1278,1285,1267,1095,1041,928,961,891,898,834,847,766,715,720,720,665,603,564,581,544,515,511,511,508,783,425,401,398,451,502,443,412,406,390,422,388,369,332,354,355,334,320,300,320,377,359,337,300,270,268,276,272,237,286,301,353,455,205,201,154,142,150,121,95,63,47,24,21,6,5,8,3,5,3,6,7,5,12,10,8,7,10,13,7,6,6,5,4,7,12,7,9,8,7,9,8,2,9,5,9,13,3,5,6,7,6,5,6,8,9,5,2,0,0,0,1,0,0,0,0,0,0,0,0,0,0,0,0,0,0,0,0,0,0,0,0,0,0,0,0,0,0,0,0,0,0,0,0,0,0,0,0,0,0,0,0,0,0,0,0,0,0,0,0,0,0,0,0
33.95,0,1,0,0,0,0,0,1,0,0,0,0,0,0,0,1,0,0,0,0,0,0,0,0,1,0,0,0,0,0,0,1,0,1,0,0,0,0,0,3,1,0,0,1,1,1,1,3,1,1,0,1,4,3,2,2,5,5,4,4,1,4,4,4,4,2,3,4,1,9,13,8,7,4,6,12,3,3,12,6,12,6,7,11,8,13,12,12,15,12,12,11,11,15,13,18,21,25,22,33,47,38,41,57,76,77,95,131,150,163,215,237,328,397,498,579,744,972,1135,1367,1573,1684,1733,1835,1815,1764,1724,1585,1575,1474,1439,1277,1287,1287,1244,1080,1032,941,984,904,874,822,846,752,720,730,712,655,601,562,575,545,513,502,508,511,787,429,395,401,443,499,451,421,400,392,426,388,366,337,348,351,337,318,306,325,376,354,340,294,277,269,273,271,239,284,308,360,451,205,200,156,145,150,121,96,64,46,24,21,6,5,8,3,6,3,5,7,6,12,10,8,7,10,13,8,6,6,5,5,7,11,7,9,8,7,9,8,2,10,5,9,12,3,5,7,7,6,7,6,8,9,5,2,0,0,0,1,0,0,0,0,0,0,0,0,0,0,0,0,0,0,0,0,0,0,0,0,0,0,0,0,0,0,0,0,0,0,0,0,0,0,0,0,0,0,0,0,0,0,0,0,0,0,0,0,0,0,0,0
34.05,0,0,0,0,0,0,0,0,0,0,0,0,0,0,0,0,0,0,0,1,0,0,0,1,0,0,0,0,0,0,0,0,1,1,0,0,1,1,0,0,1,1,1,2,0,0,1,2,0,1,2,3,3,2,3,1,0,1,2,2,5,2,5,5,8,2,1,6,6,9,10,3,8,5,2,9,2,7,10,3,8,5,4,2,6,7,8,7,9,10,9,7,19,11,14,17,20,16,18,21,43,36,41,65,73,83,105,132,162,175,210,251,314,391,510,600,759,961,1122,1358,1611,1655,1762,1817,1800,1761,1704,1604,1559,1478,1395,1253,1280,1285,1237,1048,1036,930,998,879,907,803,847,729,725,745,704,665,607,555,579,545,528,492,511,511,777,431,387,418,449,484,448,406,415,386,427,389,367,343,350,359,339,317,301,321,380,351,343,296,277,266,272,275,241,278,312,357,459,198,199,152,143,149,119,98,65,45,25,23,6,5,8,3,5,3,7,6,5,13,9,8,7,10,13,8,6,6,5,5,7,10,7,9,9,7,9,7,2,11,4,8,12,5,4,6,8,7,7,7,7,10,4,2,0,0,0,1,0,0,0,0,0,0,0,0,0,0,0,0,0,0,0,0,0,0,0,0,0,0,0,0,0,0,0,0,0,0,0,0,0,0,0,0,0,0,0,0,0,0,0,0,0,0,0,0,0,0,0,0
34.15,0,0,0,0,0,0,0,0,0,0,0,0,0,1,1,0,0,0,0,0,1,0,0,0,1,0,0,1,0,0,0,0,0,2,0,0,0,1,0,1,0,2,0,0,0,0,1,5,0,1,4,0,1,3,2,2,1,4,2,4,0,4,10,3,4,5,3,3,10,10,13,8,12,9,7,9,15,18,17,21,18,15,15,15,16,28,20,16,23,17,23,20,15,27,12,18,31,33,23,34,52,40,62,59,74,77,95,113,160,179,195,242,309,388,500,588,745,947,1110,1386,1574,1650,1720,1803,1781,1743,1685,1593,1550,1435,1397,1245,1282,1283,1222,1035,1004,948,983,879,891,808,841,731,719,729,711,654,598,556,575,538,528,509,500,502,763,433,399,400,455,476,424,418,407,390,427,373,375,333,354,361,327,310,305,334,373,363,330,297,266,263,275,273,241,277,310,348,451,196,200,151,140,150,118,95,67,41,25,22,6,5,8,5,5,3,6,6,5,13,9,8,8,10,12,8,7,7,5,5,6,10,7,9,9,7,9,7,3,10,5,8,12,4,4,6,9,7,8,6,8,9,4,2,0,0,0,1,0,0,0,0,0,0,0,0,0,0,0,0,0,0,0,0,0,0,0,0,0,0,0,0,0,0,0,0,0,0,0,0,0,0,0,0,0,0,0,0,0,0,0,0,0,0,0,0,0,0,0,0
34.25,0,0,0,0,0,0,0,0,0,0,0,0,0,0,0,0,0,0,0,0,1,1,1,0,1,0,0,0,0,0,0,0,2,1,0,0,0,0,1,2,1,0,1,3,2,1,2,1,3,3,1,0,2,1,3,0,4,1,4,3,5,3,5,7,5,10,9,7,7,11,9,10,10,8,7,11,14,19,14,17,7,26,18,13,26,14,28,17,26,37,26,30,43,27,41,45,39,33,28,42,44,60,56,66,72,79,91,119,153,173,189,232,311,377,491,556,743,931,1101,1352,1539,1638,1731,1781,1773,1736,1674,1601,1541,1423,1373,1243,1287,1279,1201,1033,1006,941,969,880,893,802,843,749,714,740,701,642,578,551,572,547,531,496,503,482,769,432,391,395,451,472,425,412,410,390,424,376,369,340,350,348,330,309,311,324,370,351,335,291,270,268,270,271,247,273,305,344,446,192,197,150,141,149,120,97,65,40,25,22,6,6,8,4,5,3,6,6,5,13,10,9,7,9,12,8,6,7,5,5,6,10,7,9,9,7,11,6,2,10,4,8,11,5,5,6,8,7,7,6,8,9,4,1,0,0,0,1,0,0,0,0,0,0,0,0,0,0,0,0,0,0,0,0,0,0,0,0,0,0,0,0,0,0,0,0,0,0,0,0,0,0,0,0,0,0,0,0,0,0,0,0,0,0,0,0,0,0,0,0
34.35,0,0,0,0,0,1,0,1,0,0,0,0,0,0,0,0,1,0,0,0,0,0,0,0,0,0,0,0,0,0,0,0,0,1,1,0,0,1,1,0,3,0,1,3,5,1,3,1,1,2,0,1,3,1,1,2,2,3,6,3,2,5,8,6,4,5,8,8,11,8,3,12,10,13,17,18,9,16,11,14,19,18,19,20,20,24,23,25,36,37,39,32,34,31,33,57,45,50,49,66,68,54,66,68,73,85,93,107,142,176,163,229,308,362,474,551,720,924,1096,1347,1543,1623,1736,1761,1731,1744,1648,1618,1538,1441,1362,1230,1283,1276,1193,1049,998,919,954,895,886,810,842,742,711,744,691,644,591,555,561,542,520,511,501,487,769,425,391,391,437,468,423,417,401,392,423,374,367,340,350,347,340,307,304,321,362,351,332,292,264,271,265,274,241,277,299,341,445,191,199,153,141,149,119,96,65,41,22,22,7,6,8,5,5,3,7,6,5,13,10,8,6,9,12,8,6,8,5,4,6,11,7,9,10,7,9,6,4,11,4,8,11,4,3,6,8,7,7,6,8,9,4,1,0,0,0,1,0,0,0,0,0,0,0,0,0,0,0,0,0,0,0,0,0,0,0,0,0,0,0,0,0,0,0,0,0,0,0,0,0,0,0,0,0,0,0,0,0,0,0,0,0,0,0,0,0,0,0,0
34.45,0,0,0,0,0,0,0,0,0,0,0,0,0,0,0,1,1,0,0,0,0,1,0,1,1,1,1,2,0,1,0,0,1,1,0,0,1,2,1,0,1,0,2,1,2,1,1,2,3,4,2,1,2,3,5,3,1,6,2,5,5,10,7,6,3,7,8,13,4,6,8,5,10,15,11,11,12,7,20,24,19,20,23,25,18,27,26,28,35,33,32,39,47,51,43,53,58,51,60,62,57,65,66,91,78,86,95,102,124,173,155,232,295,354,450,553,726,926,1097,1318,1525,1622,1720,1763,1703,1737,1652,1598,1529,1443,1336,1246,1273,1240,1214,1028,1007,913,955,891,872,808,856,714,708,746,683,655,589,552,563,548,522,492,503,496,765,418,391,391,429,467,424,411,396,387,420,370,370,336,350,354,333,311,299,319,364,348,333,292,261,271,263,271,242,277,298,343,449,187,200,154,141,148,118,96,64,40,22,21,6,5,8,4,5,3,7,6,5,14,9,8,7,10,13,8,6,7,7,4,6,11,7,10,9,7,9,6,3,10,4,8,11,4,3,6,8,7,7,6,7,9,4,1,0,0,0,1,0,0,0,0,0,0,0,0,0,0,0,0,0,0,0,0,0,0,0,0,0,0,0,0,0,0,0,0,0,0,0,0,0,0,0,0,0,0,0,0,0,0,0,0,0,0,0,0,0,0,0,0
34.55,0,0,0,0,1,0,0,0,0,0,0,0,0,0,0,0,0,0,2,0,0,0,1,1,0,0,0,0,0,0,2,0,0,0,1,1,2,1,0,0,4,0,0,1,1,1,0,0,1,3,1,2,5,5,1,2,2,4,5,1,2,6,3,9,5,5,8,12,6,4,10,7,12,7,11,15,13,19,16,10,15,17,16,28,24,33,29,31,25,33,37,23,46,49,57,53,59,47,59,62,63,67,73,80,87,82,88,115,140,158,154,214,284,351,446,543,737,923,1102,1312,1520,1607,1707,1734,1725,1733,1633,1588,1520,1437,1354,1220,1267,1240,1198,1037,1000,907,947,873,872,802,842,714,699,732,676,650,601,545,560,549,534,493,498,489,762,421,396,391,424,468,429,404,390,385,420,372,358,340,353,353,330,314,297,319,364,345,329,291,265,267,260,270,238,280,304,341,447,187,199,155,141,146,118,101,64,39,24,21,6,5,8,4,5,3,7,7,5,13,10,8,7,9,13,8,6,8,7,4,6,10,7,9,9,7,9,6,3,11,4,8,11,4,3,5,8,7,7,6,7,9,4,1,0,0,0,1,0,0,0,0,0,0,0,0,0,0,0,0,0,0,0,0,0,0,0,0,0,0,0,0,0,0,0,0,0,0,0,0,0,0,0,0,0,0,0,0,0,0,0,0,0,0,0,0,0,0,0,0
34.65,0,0,0,0,0,0,0,0,0,1,0,0,0,0,0,0,0,0,0,0,0,0,0,0,0,1,1,2,0,2,0,0,1,0,0,0,1,1,1,2,0,1,2,1,2,5,3,1,0,0,1,1,4,2,1,4,1,5,7,4,3,6,3,8,2,6,9,10,9,4,7,4,6,6,10,8,14,15,18,19,12,29,14,21,24,27,21,23,37,32,45,29,42,57,43,41,52,40,52,52,58,63,68,69,67,80,84,115,149,167,153,241,297,353,443,547,742,921,1098,1288,1520,1599,1697,1725,1704,1719,1617,1600,1519,1435,1354,1217,1260,1228,1214,1016,995,915,925,865,886,803,829,699,707,711,679,647,604,536,563,550,526,492,495,484,753,422,393,389,435,468,424,407,397,381,422,381,358,340,356,345,332,312,296,320,357,350,328,286,264,267,263,272,235,278,308,340,449,191,198,154,142,146,117,98,64,39,24,22,6,5,8,4,5,5,7,6,5,13,9,8,7,9,13,8,6,7,6,4,6,11,7,9,9,7,9,6,3,11,4,8,11,4,3,5,8,7,7,6,7,9,4,1,0,0,0,1,0,0,0,0,0,0,0,0,0,0,0,0,0,0,0,0,0,0,0,0,0,0,0,0,0,0,0,0,0,0,0,0,0,0,0,0,0,0,0,0,0,0,0,0,0,0,0,0,0,0,0,0
34.75,0,0,0,0,0,0,0,0,0,1,0,2,0,0,0,1,0,0,0,0,0,1,0,0,0,0,0,1,0,1,1,0,0,1,0,1,0,1,0,0,1,0,1,1,0,1,0,2,0,1,2,2,3,3,4,3,5,4,2,5,8,7,3,6,7,5,10,11,9,9,9,6,14,6,19,11,10,20,8,25,12,11,19,29,23,23,26,14,24,33,21,34,44,34,42,46,32,35,48,34,52,59,59,69,73,79,73,127,145,165,175,255,306,361,443,548,753,903,1109,1285,1495,1593,1698,1711,1691,1702,1614,1582,1527,1411,1358,1232,1245,1242,1190,1010,1001,899,928,881,866,798,825,699,695,719,672,638,595,542,563,534,522,493,495,483,747,423,395,391,430,472,431,406,387,383,427,377,358,336,352,344,323,316,299,321,362,344,330,284,268,270,261,274,237,270,309,339,450,194,199,156,142,148,117,97,65,39,24,21,6,6,8,5,5,3,7,6,6,13,9,8,7,9,12,8,6,7,6,4,6,10,8,9,10,7,9,6,4,11,4,8,11,3,3,5,8,7,7,6,7,9,4,1,0,0,0,1,0,0,0,0,0,0,0,0,0,0,0,0,0,0,0,0,0,0,0,0,0,0,0,0,0,0,0,0,0,0,0,0,0,0,0,0,0,0,0,0,0,0,0,0,0,0,0,0,0,0,0,0
34.85,0,0,0,0,0,0,0,0,0,0,1,0,0,0,0,0,0,0,0,0,0,0,1,0,2,0,1,0,0,1,0,3,4,1,1,2,0,2,1,0,6,0,1,1,1,2,2,0,1,3,4,4,0,3,5,0,2,3,4,3,0,2,8,6,6,8,4,6,5,13,5,7,7,6,7,21,15,10,12,19,4,20,19,19,16,17,15,27,23,17,19,25,21,27,21,31,29,28,27,25,52,54,71,66,74,74,82,117,148,170,172,261,314,383,473,571,761,908,1109,1284,1498,1594,1704,1729,1710,1695,1611,1556,1507,1417,1311,1235,1254,1217,1173,1014,993,899,897,890,870,782,812,706,685,717,684,627,581,537,554,542,517,483,499,475,743,426,388,400,423,474,431,404,399,376,423,374,361,337,353,344,325,314,291,321,367,346,329,283,267,269,262,275,241,273,311,344,446,194,201,159,140,149,120,97,64,38,24,23,6,6,8,4,5,4,7,7,5,13,9,8,7,10,12,8,6,8,6,4,6,10,8,9,9,7,10,6,4,11,4,8,11,3,3,5,8,7,7,6,7,9,4,1,0,0,0,1,0,0,0,0,0,0,0,0,0,0,0,0,0,0,0,0,0,0,0,0,0,0,0,0,0,0,0,0,0,0,0,0,0,0,0,0,0,0,0,0,0,0,0,0,0,0,0,0,0,0,0,0
34.95,0,0,0,1,0,0,0,0,0,0,0,0,0,0,0,0,0,0,0,0,1,0,0,2,0,0,0,0,1,1,0,0,1,1,0,0,0,0,1,0,0,0,1,0,1,1,3,1,3,3,0,2,2,4,3,1,1,4,2,7,4,3,2,2,4,4,5,2,0,3,5,7,5,13,4,8,11,9,9,14,7,8,10,7,7,4,7,7,8,7,9,11,13,15,22,14,26,22,25,30,38,46,55,62,71,93,93,130,153,176,193,273,306,381,495,596,795,949,1108,1294,1494,1596,1723,1714,1695,1700,1619,1550,1504,1385,1321,1216,1269,1226,1153,1001,983,911,918,859,862,782,802,716,684,720,686,619,583,536,547,538,515,489,490,485,751,413,389,397,421,467,422,415,397,380,423,371,369,338,349,349,323,316,289,327,372,348,330,287,268,270,264,275,237,274,311,345,448,198,199,156,139,150,119,100,63,39,25,21,6,6,8,5,5,4,7,6,5,13,9,7,8,11,12,8,6,8,6,4,6,10,7,9,9,6,9,6,5,11,4,8,11,3,3,5,9,7,7,6,7,9,4,1,0,0,0,1,0,0,0,0,0,0,0,0,0,0,0,0,0,0,0,0,0,0,0,0,0,0,0,0,0,0,0,0,0,0,0,0,0,0,0,0,0,0,0,0,0,0,0,0,0,0,0,0,0,0,0,0
35.05,0,0,1,0,0,1,0,0,0,0,0,0,0,1,0,0,0,0,0,0,1,0,0,0,0,0,1,0,0,1,1,0,0,1,0,0,1,2,1,0,0,0,1,3,1,1,1,2,2,1,1,2,1,2,6,3,5,3,3,7,2,2,3,3,5,3,1,2,3,5,2,5,4,8,6,5,4,3,2,6,4,3,11,8,6,7,4,13,13,10,13,8,7,11,12,15,20,16,22,42,39,36,61,52,67,76,100,144,163,169,188,263,331,376,500,562,824,936,1147,1290,1502,1583,1707,1696,1699,1674,1618,1540,1478,1381,1329,1214,1233,1214,1165,999,987,903,902,876,862,763,795,708,687,713,695,615,590,546,543,541,505,496,483,482,750,422,382,384,411,467,424,417,393,385,430,366,375,336,347,341,317,316,292,323,369,350,331,290,266,261,257,283,240,273,312,346,446,196,194,159,137,150,113,101,61,40,22,22,5,7,8,4,5,4,7,6,5,13,9,7,8,11,13,9,5,8,6,4,6,10,7,8,8,6,8,7,5,12,5,8,10,3,2,5,9,5,7,7,7,9,4,1,0,0,0,1,0,0,0,0,0,0,0,0,0,0,0,0,0,0,0,0,0,0,0,0,0,0,0,0,0,0,0,0,0,0,0,0,0,0,0,0,0,0,0,0,0,0,0,0,0,0,0,0,0,0,0,0
35.15,0,0,0,0,0,0,0,0,0,0,0,0,0,2,0,0,0,0,0,0,1,0,0,1,0,0,0,0,0,0,1,0,1,2,1,1,0,1,2,2,2,1,0,0,6,4,1,2,2,1,1,0,1,1,1,4,5,3,5,4,2,1,2,5,4,6,9,3,7,11,5,3,8,6,8,12,10,6,14,15,13,16,13,11,13,11,23,12,20,21,27,18,19,26,21,27,24,31,29,40,28,47,46,49,78,90,90,144,163,168,183,272,319,364,491,539,808,920,1119,1266,1494,1573,1685,1660,1690,1642,1611,1539,1478,1380,1309,1196,1213,1221,1156,993,979,907,916,871,862,766,787,699,688,706,688,617,582,528,529,544,512,493,497,480,739,408,379,372,414,462,426,417,393,384,430,373,370,335,340,337,313,315,290,315,368,352,327,283,271,259,261,278,239,275,309,340,447,190,192,160,139,149,112,99,60,38,22,22,5,7,8,4,5,4,7,6,6,13,9,7,8,12,14,8,5,8,7,4,6,10,7,8,8,7,7,7,4,12,4,8,10,3,3,5,8,4,7,7,7,8,4,1,0,0,0,1,0,0,0,0,0,0,0,0,0,0,0,0,0,0,0,0,0,0,0,0,0,0,0,0,0,0,0,0,0,0,0,0,0,0,0,0,0,0,0,0,0,0,0,0,0,0,0,0,0,0,0,0
35.25,0,0,0,0,0,0,0,0,0,0,0,0,0,1,0,0,0,0,0,0,0,0,1,1,0,0,2,1,0,0,0,0,0,0,1,2,1,0,2,2,2,0,0,2,0,1,1,0,1,1,2,2,1,2,4,0,1,2,3,5,3,6,3,6,4,12,12,3,4,6,7,8,6,12,8,14,15,15,13,16,14,21,19,24,10,15,26,29,18,32,20,22,25,36,48,23,36,32,35,36,38,47,60,56,69,78,102,125,143,181,179,253,308,357,477,545,794,919,1119,1263,1486,1560,1670,1656,1679,1618,1599,1536,1469,1363,1321,1191,1209,1203,1147,976,997,899,915,859,844,757,792,697,686,692,678,600,595,538,531,549,511,499,484,475,730,406,380,381,422,462,435,415,393,386,423,369,371,325,334,341,313,307,286,314,371,356,320,293,270,255,254,277,241,269,310,336,443,193,193,159,138,147,111,102,59,38,22,21,5,7,8,4,5,4,7,6,6,13,9,8,8,12,12,8,5,9,7,4,7,10,7,8,8,6,7,7,4,12,4,9,10,3,2,5,8,4,7,7,7,8,4,1,0,0,0,1,0,0,0,0,0,0,0,0,0,0,0,0,0,0,0,0,0,0,0,0,0,0,0,0,0,0,0,0,0,0,0,0,0,0,0,0,0,0,0,0,0,0,0,0,0,0,0,0,0,0,0,0
35.35,0,0,1,0,0,0,0,0,0,0,0,0,0,1,1,1,0,0,0,0,0,0,0,0,0,0,1,0,1,1,0,1,0,2,0,1,1,2,0,1,1,0,0,2,0,1,3,3,2,0,5,1,2,2,6,1,1,3,3,3,8,5,2,5,6,7,9,8,12,9,10,11,5,10,9,8,13,20,12,9,12,14,14,21,22,17,22,26,33,35,31,26,52,38,47,41,44,48,32,35,45,51,44,62,77,66,96,124,135,182,165,262,310,373,470,538,773,898,1110,1258,1465,1565,1642,1643,1663,1610,1598,1523,1475,1347,1329,1183,1190,1191,1143,985,976,905,894,863,846,748,764,697,683,689,676,616,582,528,538,538,506,498,475,474,729,410,385,384,422,457,431,416,386,382,430,369,364,324,336,337,315,305,285,322,371,352,323,289,265,255,257,271,232,270,308,338,441,194,192,159,136,147,111,103,59,37,22,20,5,7,8,4,5,4,7,6,6,14,10,7,8,12,12,8,5,8,7,4,7,10,7,8,8,6,7,8,4,12,4,8,10,3,2,5,8,4,7,7,7,8,4,1,0,0,0,1,0,0,0,0,0,0,0,0,0,0,0,0,0,0,0,0,0,0,0,0,0,0,0,0,0,0,0,0,0,0,0,0,0,0,0,0,0,0,0,0,0,0,0,0,0,0,0,0,0,0,0,0
35.45,0,0,0,0,1,0,0,1,0,0,1,1,0,0,0,0,0,1,0,0,0,0,0,0,1,0,1,0,0,1,1,0,1,0,0,1,2,0,2,0,0,0,1,0,2,1,2,0,5,0,1,0,1,2,3,1,3,4,1,3,7,7,1,9,8,5,3,9,4,10,10,9,13,7,12,6,11,11,15,17,22,17,12,23,22,20,30,30,30,29,36,32,43,34,41,44,43,48,51,67,54,54,66,65,63,80,96,115,127,164,163,265,306,348,472,537,771,887,1092,1255,1458,1557,1650,1619,1664,1606,1612,1505,1462,1342,1314,1168,1183,1190,1126,982,983,886,902,856,830,740,778,683,676,688,685,605,573,530,532,545,506,494,486,459,729,408,385,381,425,459,423,408,389,383,427,359,373,330,332,337,309,305,290,320,368,345,323,291,262,252,254,272,230,269,306,340,443,189,193,157,136,149,111,102,56,35,23,20,5,7,8,5,5,4,8,6,6,13,10,7,9,12,12,8,5,8,7,4,7,10,8,8,8,6,7,7,4,12,4,8,10,3,2,4,7,4,7,7,7,8,4,1,0,0,0,1,0,0,0,0,0,0,0,0,0,0,0,0,0,0,0,0,0,0,0,0,0,0,0,0,0,0,0,0,0,0,0,0,0,0,0,0,0,0,0,0,0,0,0,0,0,0,0,0,0,0,0,0
35.55,0,0,0,0,0,0,2,0,0,1,0,0,0,0,1,0,0,0,0,1,1,0,1,0,0,0,1,0,0,0,0,1,0,0,0,0,0,1,0,2,0,1,2,2,3,2,1,2,1,2,2,4,1,3,1,2,0,6,4,1,4,4,9,5,4,4,10,8,7,8,6,7,7,11,11,13,10,13,17,17,15,23,18,14,16,26,29,24,24,30,20,35,39,50,47,45,46,48,54,54,54,60,73,65,72,84,88,129,121,162,152,254,307,340,460,552,775,890,1089,1259,1435,1556,1640,1598,1652,1628,1585,1485,1441,1331,1313,1150,1186,1177,1127,962,993,883,904,855,832,760,761,682,663,676,677,601,569,542,529,530,503,484,488,475,729,412,382,380,416,464,425,416,390,387,417,370,369,319,336,331,317,307,286,310,371,344,317,292,261,253,253,273,230,269,308,336,445,191,193,155,140,146,112,100,56,35,22,20,5,7,8,4,5,6,8,6,7,13,10,7,9,12,12,8,6,8,7,4,7,10,7,8,8,6,7,7,4,11,4,8,10,4,2,4,7,4,7,7,7,8,4,1,0,0,0,1,0,0,0,0,0,0,0,0,0,0,0,0,0,0,0,0,0,0,0,0,0,0,0,0,0,0,0,0,0,0,0,0,0,0,0,0,0,0,0,0,0,0,0,0,0,0,0,0,0,0,0,0
35.65,0,0,0,0,1,0,0,0,0,0,0,0,0,0,1,0,0,0,0,0,0,0,0,1,0,0,0,0,0,0,0,0,0,1,1,1,1,4,0,0,1,2,3,1,1,0,4,0,2,1,4,1,1,4,1,2,6,5,2,4,4,5,4,7,7,4,6,5,8,12,9,6,14,10,13,14,14,13,23,16,10,18,22,14,17,28,21,37,37,25,34,39,39,38,46,42,39,43,52,47,46,54,75,58,72,76,87,119,144,152,157,234,298,343,458,542,794,911,1081,1233,1444,1528,1650,1573,1646,1604,1570,1486,1442,1327,1293,1151,1189,1179,1130,956,980,885,891,855,827,754,765,693,658,679,675,597,581,536,533,539,493,480,470,471,731,404,379,381,421,461,427,412,391,386,430,359,366,320,337,337,312,300,290,315,361,343,320,287,255,250,253,278,228,269,308,338,443,191,193,155,140,146,109,99,57,36,22,20,5,7,9,4,5,6,7,6,6,13,11,9,9,13,12,9,5,8,7,4,7,10,7,8,8,6,7,7,4,12,5,8,10,4,2,4,7,4,7,7,7,8,4,1,0,0,0,1,0,0,0,0,0,0,0,0,0,0,0,0,0,0,0,0,0,0,0,0,0,0,0,0,0,0,0,0,0,0,0,0,0,0,0,0,0,0,0,0,0,0,0,0,0,0,0,0,0,0,0,0
35.75,0,0,0,0,0,0,0,0,0,0,0,0,0,0,0,0,1,0,0,0,0,0,0,1,0,0,0,0,0,0,1,0,0,2,0,1,4,1,0,1,1,0,1,3,0,4,1,1,1,5,3,2,1,2,2,5,3,1,6,2,3,3,4,6,3,7,4,8,4,4,11,11,8,8,11,14,13,16,18,8,16,7,17,14,26,34,24,21,26,31,21,39,41,33,41,45,33,52,42,48,47,50,58,69,60,65,95,117,135,185,168,248,310,351,476,545,789,904,1098,1231,1453,1525,1625,1567,1654,1605,1549,1493,1426,1323,1299,1153,1178,1171,1130,932,993,892,881,840,849,751,754,693,673,675,658,600,568,555,528,519,495,471,473,472,732,398,384,378,420,459,428,410,391,380,423,358,369,321,339,328,305,308,289,317,363,339,316,293,257,249,249,276,229,270,311,337,440,193,192,157,141,147,109,98,56,35,22,21,5,7,9,4,5,6,7,6,6,13,10,7,9,12,13,9,5,9,7,4,7,10,7,8,8,6,7,7,4,12,6,8,10,4,2,4,8,4,7,7,7,8,4,1,0,0,0,1,0,0,0,0,0,0,0,0,0,0,0,0,0,0,0,0,0,0,0,0,0,0,0,0,0,0,0,0,0,0,0,0,0,0,0,0,0,0,0,0,0,0,0,0,0,0,0,0,0,0,0,0
35.85,0,0,0,1,0,0,0,0,1,0,0,0,0,0,0,0,0,0,0,1,0,0,0,0,3,0,1,0,1,0,0,0,0,0,0,1,0,1,0,1,0,3,0,3,0,4,3,4,2,3,2,0,3,4,5,3,2,1,2,2,2,7,8,3,5,6,4,4,11,9,8,5,10,11,7,15,3,14,16,16,16,13,16,19,20,21,19,21,18,14,24,19,13,22,17,32,18,41,31,47,38,46,60,71,71,73,99,112,146,166,164,263,324,362,473,534,792,880,1105,1229,1428,1506,1614,1584,1639,1601,1541,1487,1402,1328,1303,1153,1169,1180,1120,943,981,904,874,831,827,756,753,680,670,679,661,588,566,539,527,524,491,468,470,476,727,409,379,378,425,459,430,404,388,384,420,357,370,326,340,336,304,300,288,312,360,338,318,295,257,254,250,274,231,267,310,338,435,193,190,156,140,150,109,98,56,35,21,22,5,7,9,4,5,6,7,6,6,13,11,6,9,12,12,8,5,8,7,5,7,11,7,8,8,6,7,7,4,12,6,7,10,4,2,4,7,4,7,6,7,8,4,1,1,0,0,1,0,0,0,0,0,0,0,0,0,0,0,0,0,0,0,0,0,0,0,0,0,0,0,0,0,0,0,0,0,0,0,0,0,0,0,0,0,0,0,0,0,0,0,0,0,0,0,0,0,0,0,0
35.95,0,0,0,0,0,0,0,0,0,0,0,0,0,0,0,0,0,1,0,0,0,0,0,2,1,0,1,1,0,0,0,0,0,1,0,1,0,2,1,0,0,1,0,0,0,1,3,0,0,1,0,1,1,2,2,3,2,7,2,0,2,3,8,2,5,6,4,5,4,8,0,7,4,6,6,11,9,4,6,10,6,7,7,13,14,9,9,7,9,4,14,12,9,15,19,21,20,25,37,34,33,37,52,60,72,84,90,129,157,179,188,257,321,369,489,551,804,884,1081,1225,1429,1479,1606,1570,1657,1580,1525,1462,1395,1320,1306,1153,1162,1140,1123,929,973,887,877,833,821,747,752,686,650,681,663,584,572,530,523,525,497,465,464,473,733,403,388,372,418,460,431,404,387,390,422,364,364,327,348,340,306,308,288,308,360,346,318,296,255,261,250,273,229,270,315,338,432,193,192,154,139,149,111,99,56,36,21,22,5,7,9,4,5,6,7,6,6,13,11,6,9,12,12,8,5,7,7,5,7,11,7,8,9,7,7,7,4,12,6,7,10,4,2,4,6,4,7,6,7,8,4,1,1,0,0,1,0,0,0,0,0,0,0,0,0,0,0,0,0,0,0,0,0,0,0,0,0,0,0,0,0,0,0,0,0,0,0,0,0,0,0,0,0,0,0,0,0,0,0,0,0,0,0,0,0,0,0,0
36.05,0,0,0,0,0,0,0,0,1,0,0,0,0,0,0,0,0,0,0,1,1,0,1,0,0,0,0,0,0,0,2,0,0,0,1,1,0,1,1,1,0,0,0,0,1,1,0,1,0,1,1,1,2,2,1,1,4,1,8,2,3,6,3,1,3,5,0,3,4,4,4,5,7,12,5,3,5,4,5,10,6,14,8,3,5,9,12,14,6,8,10,15,16,13,14,15,16,24,27,27,38,41,44,60,67,82,97,125,150,195,172,267,334,394,493,568,790,878,1059,1220,1419,1466,1606,1564,1628,1581,1515,1480,1370,1326,1280,1156,1160,1130,1105,937,976,873,885,832,816,726,745,678,639,699,652,598,579,527,526,515,500,465,469,471,722,402,386,370,422,458,435,393,381,392,438,360,360,326,346,327,302,309,287,312,358,342,318,290,263,256,247,282,228,275,310,346,423,192,192,156,135,148,108,97,57,35,22,22,5,8,8,5,5,5,7,6,6,13,11,6,9,12,12,8,5,7,7,5,8,9,7,9,8,8,6,7,4,12,6,8,9,4,2,4,7,4,7,6,7,8,4,1,1,0,0,1,0,0,0,0,0,0,0,0,0,0,0,0,0,0,0,0,0,0,0,0,0,0,0,0,0,0,0,0,0,0,0,0,0,0,0,0,0,0,0,0,0,0,0,0,0,0,0,0,0,0,0,0
36.15,0,0,0,0,0,0,0,0,0,0,0,0,0,0,0,0,1,0,0,1,1,1,0,0,0,0,0,0,0,1,1,0,0,1,2,0,1,1,0,2,0,0,0,0,3,0,2,1,2,3,1,0,2,5,4,2,4,2,2,1,2,2,7,5,9,6,5,5,6,3,7,5,5,9,9,14,8,11,13,10,13,14,14,15,10,13,17,8,20,20,20,20,25,14,21,25,29,26,27,34,40,46,37,63,63,84,99,122,141,182,190,263,327,382,472,548,768,865,1069,1215,1405,1463,1583,1565,1611,1569,1512,1462,1367,1315,1251,1160,1179,1112,1081,955,964,864,889,850,807,717,734,671,650,686,655,591,571,527,521,523,494,470,461,480,719,396,378,369,428,450,431,395,376,388,430,362,359,316,343,332,298,309,279,313,350,340,324,293,261,251,252,285,228,268,310,340,427,191,190,153,132,147,106,97,57,35,22,22,6,7,8,4,5,5,7,6,6,13,11,7,8,12,11,9,5,7,7,4,8,9,7,9,8,8,6,7,4,13,6,7,9,4,2,4,7,4,7,6,7,8,4,1,1,0,0,1,0,0,0,0,0,0,0,0,0,0,0,0,0,0,0,0,0,0,0,0,0,0,0,0,0,0,0,0,0,0,0,0,0,0,0,0,0,0,0,0,0,0,0,0,0,0,0,0,0,0,0,0
36.25,0,1,0,0,0,0,0,0,0,0,1,0,0,0,0,0,1,0,0,2,1,0,0,0,1,1,0,1,0,0,1,1,2,0,1,2,1,0,1,2,0,1,0,3,0,0,2,2,1,4,2,0,4,0,0,4,1,1,2,2,3,4,7,4,6,4,3,8,7,8,7,11,11,13,10,10,16,15,14,15,9,10,18,18,25,25,22,33,25,29,21,24,18,23,28,28,28,41,32,34,38,47,49,54,55,79,89,129,158,170,167,249,321,365,455,542,761,847,1033,1199,1405,1437,1581,1551,1596,1562,1498,1465,1356,1312,1239,1158,1167,1105,1093,955,965,882,877,853,801,713,725,668,660,683,653,588,568,524,525,523,484,458,464,466,710,389,376,376,424,455,417,395,378,378,432,363,351,324,338,325,295,313,273,312,349,345,329,291,258,253,244,286,229,270,305,339,418,190,188,152,134,145,106,97,59,36,22,20,5,7,8,4,4,5,7,6,6,13,13,6,8,12,11,8,5,7,7,4,8,8,7,8,8,8,7,7,4,12,6,7,9,4,2,4,7,4,7,6,7,8,4,1,1,0,0,1,0,0,0,0,0,0,0,0,0,0,0,0,0,0,0,0,0,0,0,0,0,0,0,0,0,0,0,0,0,0,0,0,0,0,0,0,0,0,0,0,0,0,0,0,0,0,0,0,0,0,0,0
36.35,0,0,1,0,0,0,0,0,0,0,0,0,1,0,0,0,1,0,0,0,1,1,0,0,1,1,0,0,0,0,0,0,4,0,0,1,0,1,2,2,1,1,2,0,3,2,1,3,1,1,1,3,0,1,1,8,1,3,4,2,5,4,5,2,4,9,6,3,6,6,5,6,15,6,11,7,10,12,11,13,23,8,21,14,26,18,20,23,25,34,29,44,34,47,31,39,44,43,34,28,56,47,44,65,73,75,85,115,135,169,162,238,295,358,450,515,753,827,1015,1199,1392,1461,1562,1550,1585,1550,1502,1465,1335,1308,1249,1146,1146,1099,1095,934,966,851,875,839,793,713,728,673,651,671,640,597,569,533,521,515,487,447,463,461,703,384,373,369,422,451,427,402,370,380,423,361,355,319,340,328,298,312,276,317,353,333,324,282,258,249,246,283,226,266,305,337,419,189,188,152,136,148,104,95,56,34,23,21,4,8,8,4,4,6,7,6,6,13,12,6,10,13,11,8,6,7,7,5,8,8,8,8,8,8,6,7,4,12,6,7,9,4,2,4,7,4,7,5,7,8,4,1,1,0,0,1,0,0,0,0,0,0,0,0,0,0,0,0,0,0,0,0,0,0,0,0,0,0,0,0,0,0,0,0,0,0,0,0,0,0,0,0,0,0,0,0,0,0,0,0,0,0,0,0,0,0,0,0
36.45,0,0,0,0,0,0,1,0,0,0,0,0,0,0,0,0,1,0,0,1,0,0,0,0,0,0,0,0,2,2,1,0,0,0,2,1,1,1,1,0,0,0,0,0,2,0,2,0,1,1,3,3,3,1,4,7,3,3,5,6,2,2,4,7,3,6,7,6,3,11,3,10,4,4,8,12,8,9,9,25,11,18,16,17,19,21,23,27,28,31,24,36,42,32,36,45,44,53,47,54,67,57,53,61,75,85,85,118,127,143,154,248,289,359,449,522,748,821,1014,1165,1376,1433,1555,1532,1576,1555,1498,1464,1333,1303,1242,1124,1145,1096,1078,939,957,859,875,830,785,721,721,670,653,670,653,597,557,528,525,520,488,451,455,456,707,385,374,372,419,454,433,397,371,384,415,357,358,318,342,331,302,309,272,314,344,332,319,287,256,250,246,280,228,268,304,339,417,187,189,151,137,149,104,94,56,34,22,21,4,7,8,4,4,5,7,6,6,11,13,7,9,13,11,8,6,8,7,5,8,7,7,8,8,8,6,7,4,12,6,7,9,4,2,4,7,4,7,5,7,8,4,1,1,0,0,1,0,0,0,0,0,0,0,0,0,0,0,0,0,0,0,0,0,0,0,0,0,0,0,0,0,0,0,0,0,0,0,0,0,0,0,0,0,0,0,0,0,0,0,0,0,0,0,0,0,0,0,0
36.55,0,0,0,0,0,0,0,0,1,0,0,0,0,1,0,0,0,0,0,0,0,1,0,0,0,0,0,1,0,0,0,0,0,0,0,0,0,2,2,0,1,1,3,1,0,3,1,1,2,0,2,1,2,6,0,0,4,0,4,5,3,4,1,3,6,3,10,10,12,1,8,6,5,13,16,10,15,23,14,19,16,15,30,25,25,24,33,35,26,32,32,33,44,35,25,39,41,44,51,54,56,44,50,64,73,68,93,118,124,157,160,242,296,360,449,519,738,814,1016,1168,1376,1425,1530,1529,1564,1560,1466,1459,1334,1294,1221,1137,1144,1089,1073,938,946,850,874,837,786,701,740,662,645,666,645,593,560,519,524,523,493,451,462,461,704,380,373,370,427,449,426,396,372,385,424,363,351,315,339,332,290,314,270,305,341,333,325,286,255,248,244,282,227,265,301,335,419,186,186,150,138,149,104,94,56,33,23,20,4,7,8,4,4,5,7,6,6,12,12,7,9,13,12,8,7,7,7,5,8,7,7,9,8,8,6,7,4,12,6,7,9,4,2,4,7,4,7,5,7,8,4,1,1,0,0,1,0,0,0,0,0,0,0,0,0,0,0,0,0,0,0,0,0,0,0,0,0,0,0,0,0,0,0,0,0,0,0,0,0,0,0,0,0,0,0,0,0,0,0,0,0,0,0,0,0,0,0,0
36.65,0,0,0,0,1,0,0,1,0,0,0,0,0,0,0,0,0,0,1,0,0,0,0,0,0,0,1,0,1,0,1,0,1,0,1,2,1,1,0,0,2,2,0,0,0,0,2,3,4,2,2,3,3,2,1,5,3,2,4,8,3,11,11,4,10,12,8,6,4,5,8,13,10,12,16,9,6,12,19,15,13,11,21,25,25,15,36,31,28,36,36,30,26,52,43,39,34,42,45,44,52,36,51,69,59,70,94,105,130,151,166,248,311,359,451,515,726,818,1000,1147,1369,1429,1520,1518,1576,1532,1459,1445,1327,1271,1231,1124,1154,1095,1071,936,944,838,884,833,787,703,720,663,640,668,654,586,555,509,520,524,477,456,465,454,702,385,365,372,408,448,421,397,378,388,421,354,344,313,342,325,297,312,264,309,342,337,324,285,257,249,242,280,223,265,301,336,420,186,187,149,140,147,103,94,56,33,24,20,4,8,8,4,4,5,7,6,6,11,12,7,9,13,11,8,7,8,7,5,8,7,7,9,8,8,6,7,4,12,6,7,9,4,2,4,7,4,7,5,7,8,4,1,1,0,0,0,0,0,0,0,0,0,0,0,0,0,0,0,0,0,0,0,0,0,0,0,0,0,0,0,0,0,0,0,0,0,0,0,0,0,0,0,0,0,0,0,0,0,0,0,0,0,0,0,0,0,0,0
36.75,0,0,0,0,0,1,0,0,0,0,0,0,0,0,0,1,0,0,0,0,1,1,0,0,0,0,0,0,1,0,0,1,0,2,1,1,3,1,1,0,1,1,0,2,0,1,0,2,2,3,1,1,3,0,0,2,2,2,2,4,3,3,5,6,8,3,2,7,12,10,8,10,9,9,9,8,18,12,11,14,13,14,17,17,27,21,27,26,29,21,30,26,23,41,45,40,30,30,37,43,46,46,56,66,61,79,104,112,136,143,175,263,305,366,442,519,732,822,999,1146,1367,1408,1526,1485,1560,1542,1445,1446,1307,1265,1213,1132,1143,1105,1060,928,955,860,865,823,791,704,718,651,649,679,655,568,546,507,513,525,473,446,459,455,709,392,370,364,402,445,421,405,370,380,419,354,344,308,338,328,295,311,265,303,341,341,330,287,254,251,239,281,224,264,302,333,420,187,184,153,138,147,104,94,57,33,23,20,6,9,8,4,4,5,7,6,6,10,12,7,9,13,11,8,7,7,7,6,8,7,8,9,8,8,6,7,4,12,7,6,9,4,2,4,7,4,7,5,7,8,4,1,1,0,0,0,0,0,0,0,0,0,0,0,0,0,0,0,0,0,0,0,0,0,0,0,0,0,0,0,0,0,0,0,0,0,0,0,0,0,0,0,0,0,0,0,0,0,0,0,0,0,0,0,0,0,0,0
36.85,0,0,0,0,0,0,0,0,1,0,0,0,0,0,0,0,0,0,0,0,0,0,0,0,0,0,0,0,0,0,0,0,1,1,0,2,1,0,1,0,1,0,1,1,1,2,3,1,1,2,0,2,3,1,3,3,3,4,1,5,1,5,3,4,2,6,6,9,9,5,12,7,3,12,6,9,13,16,12,9,14,16,16,15,14,12,25,15,18,23,22,20,28,20,37,20,34,34,41,41,47,33,58,78,62,83,98,124,155,161,178,260,318,352,469,510,745,833,1025,1135,1359,1398,1525,1481,1573,1533,1447,1434,1304,1237,1208,1119,1139,1092,1050,932,939,852,857,817,783,703,712,653,638,676,649,579,540,510,504,521,477,451,458,454,699,377,376,368,406,448,413,397,370,382,412,353,341,308,339,325,296,307,267,305,338,336,328,290,253,254,244,285,224,263,305,333,420,186,184,152,136,147,106,94,57,34,20,20,6,8,8,4,5,5,7,6,6,10,13,6,9,13,11,8,7,7,7,5,9,7,9,9,8,8,6,7,4,12,7,6,9,4,2,4,7,4,7,5,7,8,4,1,1,0,0,0,0,0,0,0,0,0,0,0,0,0,0,0,0,0,0,0,0,0,0,0,0,0,0,0,0,0,0,0,0,0,0,0,0,0,0,0,0,0,0,0,0,0,0,0,0,0,0,0,0,0,0,0
36.95,0,0,0,0,0,0,2,1,0,0,0,0,0,0,0,0,0,1,0,0,1,0,0,0,0,0,0,1,0,0,2,0,1,0,0,0,0,0,0,1,0,0,0,1,0,0,1,1,0,1,4,1,1,1,7,1,2,3,4,4,2,4,7,4,3,5,2,5,9,5,3,4,4,7,6,7,6,6,3,4,7,2,11,6,12,9,3,16,10,10,5,12,13,10,20,21,18,28,29,22,47,38,65,72,71,100,103,115,172,186,199,268,311,367,478,517,752,835,1026,1156,1350,1406,1519,1500,1565,1528,1439,1413,1317,1240,1198,1113,1129,1081,1049,918,923,864,849,815,771,701,718,653,628,673,656,585,538,510,509,511,473,447,459,459,700,375,370,369,412,445,421,395,368,376,418,350,341,308,335,330,291,306,264,309,341,337,332,292,254,254,242,283,225,266,309,333,421,178,188,148,139,148,107,95,57,33,20,20,6,7,8,4,4,5,8,6,6,10,13,6,9,13,11,8,7,8,7,5,9,7,8,10,8,9,6,7,4,12,7,6,9,4,2,4,7,4,7,5,7,7,4,1,2,0,0,0,0,0,0,0,0,0,0,0,0,0,0,0,0,0,0,0,0,0,0,0,0,0,0,0,0,0,0,0,0,0,0,0,0,0,0,0,0,0,0,0,0,0,0,0,0,0,0,0,0,0,0,0
37.05,0,0,0,0,0,0,0,0,0,0,0,0,0,0,0,0,1,0,0,0,0,0,0,0,0,0,0,1,0,1,0,1,0,0,0,0,0,2,0,1,0,1,2,0,0,1,0,0,0,3,0,1,1,5,1,4,4,1,3,1,2,4,1,7,4,2,6,6,2,1,4,6,8,4,7,5,6,6,5,2,4,6,6,6,6,4,4,7,7,7,5,10,12,17,12,20,14,18,27,25,43,51,50,59,89,84,114,122,146,177,197,292,324,390,475,548,731,835,1008,1126,1379,1394,1508,1476,1555,1502,1427,1409,1283,1233,1198,1109,1140,1076,1027,903,929,847,854,823,769,704,708,652,627,667,632,588,552,507,511,516,461,445,453,465,701,376,363,363,406,449,423,375,371,385,411,355,334,302,335,330,294,307,267,307,343,338,334,292,248,251,243,285,228,267,310,333,418,176,182,153,135,148,105,94,59,32,19,19,6,7,8,4,4,7,5,7,7,9,13,6,9,13,11,8,7,8,8,5,9,7,8,10,9,9,6,7,5,12,6,6,9,4,2,3,7,5,7,5,6,7,4,2,2,0,0,0,0,0,0,0,0,0,0,0,0,0,0,0,0,0,0,0,0,0,0,0,0,0,0,0,0,0,0,0,0,0,0,0,0,0,0,0,0,0,0,0,0,0,0,0,0,0,0,0,0,0,0,0
37.15,0,0,0,0,0,0,1,0,0,0,0,0,0,0,0,0,0,1,1,0,1,0,0,0,0,0,1,1,0,0,0,0,1,0,1,0,0,1,0,3,0,0,1,0,3,3,0,1,1,1,1,1,4,3,1,3,2,5,1,3,3,2,2,7,3,5,5,5,7,7,11,9,5,9,8,10,6,6,13,10,18,14,8,20,16,10,18,8,13,16,16,10,17,18,28,22,16,26,26,29,41,47,60,66,75,97,129,114,138,181,205,284,313,370,479,509,709,809,1008,1124,1365,1376,1493,1486,1529,1494,1429,1397,1280,1235,1177,1110,1126,1076,1015,908,917,832,848,816,769,688,705,663,635,648,634,595,540,501,510,508,459,459,460,442,700,376,368,355,414,446,414,379,375,375,412,348,329,309,330,326,295,302,259,308,342,333,333,291,244,254,243,291,230,259,307,331,416,174,183,149,135,146,106,95,56,32,19,19,6,8,9,4,3,5,6,7,6,9,13,7,8,13,11,8,8,8,8,5,9,7,8,10,9,7,6,8,4,12,7,6,9,4,2,3,7,4,7,5,6,7,5,2,2,0,0,0,0,0,0,0,0,0,0,0,0,0,0,0,0,0,0,0,0,0,0,0,0,0,0,0,0,0,0,0,0,0,0,0,0,0,0,0,0,0,0,0,0,0,0,0,0,0,0,0,0,0,0,0
37.25,0,0,0,0,0,0,0,0,0,0,0,0,1,0,0,0,0,0,1,1,0,0,1,1,0,0,0,1,1,0,1,2,0,1,0,0,0,0,0,3,3,1,0,2,4,1,1,3,2,4,1,0,1,1,2,4,6,1,2,1,3,4,8,3,6,7,5,5,5,7,9,13,9,12,8,12,11,7,11,12,15,18,18,14,10,18,20,24,25,15,16,21,24,23,25,25,21,31,34,34,53,52,58,55,77,91,99,113,130,178,204,274,299,363,457,504,716,806,983,1114,1365,1362,1472,1504,1510,1506,1412,1370,1307,1221,1162,1106,1116,1067,1011,907,920,824,848,823,767,687,714,671,632,650,629,599,529,499,512,496,471,449,452,448,698,368,368,363,408,450,416,389,367,372,416,345,329,303,329,323,292,302,261,309,336,341,330,290,248,259,240,288,220,261,308,328,414,172,181,150,134,145,107,95,57,34,19,19,7,7,8,6,3,5,5,7,6,10,12,6,9,12,11,8,8,8,8,6,9,7,8,9,9,7,5,7,4,12,7,6,9,4,2,3,7,4,7,5,6,7,5,2,2,1,0,0,0,0,0,0,0,0,0,0,0,0,0,0,0,0,0,0,0,0,0,0,0,0,0,0,0,0,0,0,0,0,0,0,0,0,0,0,0,0,0,0,0,0,0,0,0,0,0,0,0,0,0,0
37.35,0,0,0,0,0,1,0,0,0,0,0,0,0,1,0,0,0,0,1,0,0,0,2,0,0,0,0,0,1,0,0,0,3,2,2,1,0,0,1,1,2,2,1,0,0,0,0,2,3,0,2,3,3,2,1,4,3,2,3,3,4,2,5,5,3,7,7,4,13,3,6,8,7,10,19,16,17,15,13,13,15,16,18,19,27,14,21,19,20,24,22,40,30,37,34,43,36,41,44,31,55,49,60,52,67,86,88,111,132,168,187,261,295,360,471,494,703,808,975,1105,1358,1355,1455,1506,1511,1479,1400,1374,1301,1202,1157,1084,1122,1062,1029,882,917,832,839,818,757,698,710,663,631,648,636,596,529,499,502,500,472,444,450,448,695,373,360,360,411,451,411,384,366,376,408,345,328,306,324,328,295,296,263,304,333,339,330,298,244,258,242,283,222,258,307,327,414,170,180,151,133,145,108,93,58,32,19,18,8,7,8,4,3,5,4,7,7,9,12,6,9,12,11,8,7,8,8,6,9,7,8,9,9,7,6,7,4,12,7,6,9,4,2,3,7,4,7,6,6,7,5,2,2,1,0,0,0,0,0,0,0,0,0,0,0,0,0,0,0,0,0,0,0,0,0,0,0,0,0,0,0,0,0,0,0,0,0,0,0,0,0,0,0,0,0,0,0,0,0,0,0,0,0,0,0,0,0,0
37.45,0,0,0,0,0,0,0,0,0,0,0,1,0,0,0,0,0,1,0,0,1,0,1,0,0,0,0,0,0,0,2,0,0,0,1,0,2,1,0,0,0,2,1,0,3,0,1,2,4,3,3,1,0,2,5,3,1,0,2,2,3,3,2,3,5,6,2,5,5,4,5,7,10,6,11,11,12,10,20,11,17,15,19,20,13,21,25,43,31,42,36,34,36,36,47,44,36,40,59,46,49,51,59,65,56,80,99,100,124,164,183,268,296,352,474,482,697,812,961,1087,1359,1366,1470,1483,1501,1480,1385,1378,1287,1193,1167,1087,1122,1056,1029,882,908,823,842,832,755,683,696,678,629,642,634,590,525,500,494,495,468,450,452,444,699,370,361,363,416,443,408,385,369,375,402,342,321,306,330,324,293,297,263,305,335,337,327,286,247,257,242,282,225,260,309,325,413,169,178,151,133,147,107,92,58,32,19,18,7,6,8,4,3,5,4,8,6,9,12,6,9,12,11,8,7,8,8,6,9,7,8,9,9,7,6,7,4,12,7,6,9,4,2,3,7,4,7,6,6,7,5,2,2,1,0,0,0,0,0,0,0,0,0,0,0,0,0,0,0,0,0,0,0,0,0,0,0,0,0,0,0,0,0,0,0,0,0,0,0,0,0,0,0,0,0,0,0,0,0,0,0,0,0,0,0,0,0,0
37.55,0,0,0,1,0,0,0,0,0,0,0,0,0,0,0,0,0,0,0,0,1,0,0,1,1,0,1,1,0,0,1,1,0,0,1,1,0,0,1,0,1,0,4,0,0,1,2,2,0,1,1,4,1,0,4,5,5,2,6,4,2,3,6,6,0,7,2,11,3,9,1,7,5,11,9,14,12,11,12,12,18,19,15,22,27,23,20,16,26,33,34,35,31,43,50,39,40,50,38,50,43,49,65,51,58,82,98,101,140,164,176,269,291,353,467,501,689,822,951,1090,1355,1374,1448,1456,1500,1481,1391,1374,1275,1195,1164,1087,1118,1058,1017,885,911,819,835,820,752,684,699,666,632,647,627,587,539,487,487,497,472,447,448,448,687,375,356,366,420,442,413,377,361,373,394,350,322,306,328,322,290,298,264,302,334,337,329,283,242,261,239,280,222,260,307,326,412,169,177,152,132,146,108,93,56,32,19,18,6,6,9,4,2,6,4,7,6,9,12,6,9,12,11,8,7,8,8,6,9,7,8,9,9,7,6,7,4,12,7,6,9,4,2,3,7,4,7,6,6,7,5,2,2,1,0,0,0,0,0,0,0,0,0,0,0,0,0,0,0,0,0,0,0,0,0,0,0,0,0,0,0,0,0,0,0,0,0,0,0,0,0,0,0,0,0,0,0,0,0,0,0,0,0,0,0,0,0,0
37.65,0,0,0,0,0,0,0,0,0,0,0,0,0,0,0,1,0,0,1,0,1,0,1,0,0,0,0,0,0,0,0,1,1,0,1,0,1,0,0,0,0,1,1,0,1,0,3,4,2,0,6,1,3,2,3,1,3,3,4,4,3,4,3,5,8,4,6,6,9,9,8,9,7,12,9,13,10,9,12,16,13,10,13,16,21,25,16,26,27,26,34,30,32,38,31,28,55,33,43,49,41,54,47,58,70,79,100,103,132,162,189,272,300,343,476,500,680,812,949,1091,1356,1378,1424,1456,1484,1472,1403,1353,1284,1193,1158,1082,1108,1055,1016,876,914,813,834,800,751,681,701,671,620,633,632,582,533,489,487,500,461,445,453,439,696,364,359,358,415,451,411,372,359,371,400,343,314,310,334,320,290,302,265,299,333,335,327,286,240,257,248,283,223,260,307,326,412,168,176,152,133,145,108,93,56,32,19,18,6,7,9,4,3,5,4,6,6,9,12,6,9,12,11,8,7,8,8,6,9,7,8,9,9,7,6,7,4,12,7,6,9,4,2,3,7,4,7,6,6,7,5,2,2,1,0,0,0,0,0,0,0,0,0,0,0,0,0,0,0,0,0,0,0,0,0,0,0,0,0,0,0,0,0,0,0,0,0,0,0,0,0,0,0,0,0,0,0,0,0,0,0,0,0,0,0,0,0,0
37.75,0,0,0,0,0,0,0,0,0,0,0,0,0,0,0,2,0,0,0,1,0,0,0,0,2,0,1,1,0,0,0,0,0,0,0,1,1,0,0,2,0,4,0,1,0,1,0,2,0,2,1,2,1,0,1,4,3,3,6,5,5,5,6,4,9,5,7,6,7,1,8,7,10,6,8,19,10,12,13,13,13,12,14,21,18,10,18,21,25,26,17,26,27,16,31,33,25,40,30,41,50,50,52,60,77,84,89,105,124,187,195,277,305,349,484,504,696,822,946,1090,1357,1374,1423,1457,1467,1458,1397,1344,1263,1176,1155,1078,1114,1051,1015,871,921,813,822,792,746,679,699,668,624,632,623,584,523,495,500,488,455,440,455,447,692,363,361,357,419,446,413,382,357,364,397,340,315,299,331,322,288,304,266,299,330,335,330,282,241,258,247,282,226,262,306,327,413,168,174,153,132,145,107,93,56,32,19,19,6,7,10,4,2,5,4,6,6,9,12,6,9,12,11,8,6,8,8,6,9,7,8,9,9,7,6,7,4,12,7,6,9,4,2,3,7,4,7,6,6,8,5,2,2,1,0,0,0,0,0,0,0,0,0,0,0,0,0,0,0,0,0,0,0,0,0,0,0,0,0,0,0,0,0,0,0,0,0,0,0,0,0,0,0,0,0,0,0,0,0,0,0,0,0,0,0,0,0,0
37.85,0,0,0,0,0,0,0,0,0,0,0,0,0,0,0,0,0,0,0,0,3,0,0,0,0,1,1,1,0,0,0,1,0,0,0,0,1,1,2,0,2,1,1,0,0,1,2,1,0,0,1,2,1,2,3,2,2,4,1,3,4,8,3,6,3,6,2,3,8,6,4,6,6,6,7,5,7,6,11,15,14,15,16,13,13,21,11,16,14,15,15,21,28,19,23,20,26,28,34,32,43,47,48,60,78,87,104,110,136,176,203,288,302,351,484,503,701,821,938,1113,1351,1374,1431,1447,1468,1431,1387,1351,1256,1189,1150,1080,1101,1051,1014,873,900,811,815,797,740,681,688,670,624,630,620,580,533,498,490,491,456,448,444,448,693,356,367,363,407,448,406,383,351,367,405,342,313,300,323,322,298,303,262,303,333,336,328,279,243,257,248,284,224,262,308,327,413,166,175,150,132,144,108,94,58,32,19,19,6,7,10,4,2,6,4,6,6,9,12,6,9,12,11,8,6,8,8,6,9,7,8,9,9,7,6,7,4,12,7,6,9,4,2,3,7,4,7,6,6,8,5,2,2,1,0,0,0,0,0,0,0,0,0,0,0,0,0,0,0,0,0,0,0,0,0,0,0,0,0,0,0,0,0,0,0,0,0,0,0,0,0,0,0,0,0,0,0,0,0,0,0,0,0,0,0,0,0,0
37.95,1,0,0,0,0,0,0,0,0,0,0,0,0,0,0,0,0,0,1,0,0,0,0,0,0,1,1,0,1,1,1,0,0,0,1,0,4,0,3,0,0,0,2,1,1,0,4,2,0,1,0,2,1,2,3,3,5,3,2,3,0,3,2,4,1,2,1,3,3,6,5,6,5,4,5,2,4,3,1,6,4,7,8,6,6,8,7,7,7,9,5,14,16,17,22,20,21,20,27,32,43,50,45,57,89,82,101,122,137,187,224,284,302,371,486,510,688,828,962,1107,1354,1362,1436,1449,1460,1424,1377,1333,1262,1193,1151,1076,1096,1040,1021,869,898,819,821,785,728,685,687,672,616,629,619,573,532,495,487,493,454,446,440,449,694,363,367,357,409,448,404,382,352,369,401,348,318,297,325,322,288,306,260,307,332,336,328,281,240,255,248,285,226,265,310,326,415,166,174,149,132,144,108,93,58,33,18,19,5,8,10,4,2,5,4,7,6,9,12,6,9,12,12,7,7,8,8,6,9,7,8,9,9,7,6,7,4,12,7,6,9,4,2,3,7,4,7,6,6,8,5,2,2,1,0,0,0,0,0,0,0,0,0,0,0,0,0,0,0,0,0,0,0,0,0,0,0,0,0,0,0,0,0,0,0,0,0,0,0,0,0,0,0,0,0,0,0,0,0,0,0,0,0,0,0,0,0,0
38.05,0,0,0,0,1,0,0,0,0,0,0,0,0,0,0,0,0,0,0,0,0,0,2,0,0,0,1,2,0,0,1,1,1,0,1,0,0,0,1,0,0,2,1,1,1,2,1,0,2,1,0,3,1,4,1,1,0,8,2,3,6,6,4,2,4,3,5,7,3,2,2,5,4,6,3,5,2,2,11,1,2,3,7,2,6,6,4,5,4,7,11,9,10,21,15,17,17,27,28,37,42,47,47,65,81,79,96,125,151,185,219,304,302,370,487,499,700,832,962,1101,1357,1352,1412,1454,1446,1416,1360,1346,1240,1190,1157,1054,1094,1029,1019,870,903,803,816,786,728,673,685,662,622,623,627,565,526,509,475,490,464,442,439,446,697,358,368,359,397,453,388,387,357,377,400,345,321,295,328,326,279,309,257,315,322,342,328,279,239,258,251,286,222,258,311,336,403,167,173,150,133,143,108,93,56,33,17,17,5,7,10,4,2,5,6,6,5,9,12,6,10,12,11,8,5,9,9,6,8,8,8,9,9,8,6,7,5,12,7,5,9,3,3,3,7,4,7,6,7,8,4,2,2,1,0,0,0,0,0,0,0,0,0,0,0,0,0,0,0,0,0,0,0,0,0,0,0,0,0,0,0,0,0,0,0,0,0,0,0,0,0,0,0,0,0,0,0,0,0,0,0,0,0,0,0,0,0,0
38.15,0,0,0,0,0,0,0,0,0,0,0,0,0,0,0,0,0,0,0,1,0,1,0,1,0,0,0,0,0,0,0,0,0,1,1,1,1,0,0,0,1,1,0,1,0,0,0,2,1,3,0,1,2,0,1,4,1,0,4,2,1,2,3,3,4,3,7,10,4,11,3,9,7,6,9,8,8,9,10,8,6,9,17,8,15,13,15,13,9,17,14,9,19,17,16,27,26,34,29,33,42,51,44,59,70,92,101,119,137,178,221,308,292,373,479,490,681,823,960,1088,1342,1338,1398,1444,1427,1412,1361,1331,1232,1179,1147,1065,1086,1022,1016,877,887,805,810,787,715,673,688,656,616,624,633,567,527,502,464,499,465,426,441,446,688,362,370,356,402,443,390,390,344,375,388,351,315,291,325,325,278,308,263,310,324,335,323,281,241,258,242,285,220,260,311,328,404,167,171,147,132,142,105,95,55,32,18,17,4,7,10,5,2,5,6,6,5,9,12,7,11,11,12,8,5,9,9,6,8,8,8,9,9,8,6,7,4,12,7,5,9,3,3,3,7,5,7,6,7,7,4,2,2,1,0,0,0,0,0,0,0,0,0,0,0,0,0,0,0,0,0,0,0,0,0,0,0,0,0,0,0,0,0,0,0,0,0,0,0,0,0,0,0,0,0,0,0,0,0,0,0,0,0,0,0,0,0,0
38.25,0,0,0,0,0,0,0,0,0,0,0,0,0,0,0,0,0,0,0,0,0,0,0,0,0,1,0,2,1,0,1,0,2,0,1,0,2,1,1,1,0,0,2,1,1,1,0,5,0,2,1,3,0,3,2,1,3,1,5,0,2,1,6,2,5,3,7,5,10,5,5,6,8,10,6,9,13,10,11,12,8,12,19,17,11,22,20,16,16,21,30,19,19,31,22,29,27,31,25,35,51,44,43,60,71,84,92,128,141,177,222,299,288,344,473,474,683,810,936,1078,1329,1330,1398,1448,1416,1408,1344,1324,1223,1187,1150,1071,1078,1007,1010,874,888,793,819,780,724,676,678,641,613,618,624,560,519,495,468,486,467,431,442,441,686,364,357,352,397,450,392,385,342,367,394,344,307,291,327,324,281,302,262,308,323,335,332,278,239,252,243,280,224,259,308,324,403,166,170,146,130,143,105,91,57,32,17,17,5,7,10,4,2,6,5,6,6,9,12,7,10,11,11,8,5,9,8,6,8,8,8,9,9,8,6,7,4,12,7,5,9,4,3,3,7,4,8,6,6,7,4,2,2,1,0,0,0,0,0,0,0,0,0,0,0,0,0,0,0,0,0,0,0,0,0,0,0,0,0,0,0,0,0,0,0,0,0,0,0,0,0,0,0,0,0,0,0,0,0,0,0,0,0,0,0,0,0,0
38.35,0,0,0,1,0,0,0,0,0,0,0,0,0,0,0,0,0,0,0,0,0,0,0,0,0,0,2,0,1,1,1,0,1,1,1,1,0,0,0,2,2,1,1,3,2,2,0,4,0,0,2,1,0,2,2,3,2,2,4,0,2,5,6,5,6,4,3,7,5,8,6,5,10,7,10,7,10,10,9,14,16,20,15,18,17,18,17,24,25,24,33,31,28,42,33,39,31,37,24,36,49,45,54,64,68,84,88,127,130,177,198,293,292,355,451,473,668,813,922,1074,1323,1331,1391,1429,1393,1417,1352,1302,1229,1176,1149,1061,1085,1000,1012,863,895,789,825,771,724,673,673,649,615,614,610,553,522,492,471,478,459,424,445,438,679,363,353,351,398,444,387,390,342,365,395,344,310,292,327,324,274,305,258,304,319,342,326,278,239,250,244,280,220,258,308,327,401,165,172,145,130,143,106,90,56,33,17,17,4,7,10,4,2,5,5,6,5,9,13,6,10,11,11,8,5,9,8,6,8,8,9,9,9,8,6,7,5,12,7,6,9,3,3,3,8,3,7,6,6,7,4,2,2,1,0,0,0,0,0,0,0,0,0,0,0,0,0,0,0,0,0,0,0,0,0,0,0,0,0,0,0,0,0,0,0,0,0,0,0,0,0,0,0,0,0,0,0,0,0,0,0,0,0,0,0,0,0,0
38.45,0,0,0,0,0,0,0,1,0,0,1,0,0,0,0,0,0,0,2,1,0,0,0,0,1,1,0,0,0,1,1,0,0,1,0,1,0,1,0,0,0,0,0,1,0,2,1,1,3,5,3,0,0,3,2,4,4,4,3,3,2,4,3,3,5,1,8,1,2,8,8,8,3,10,14,8,18,8,8,10,13,18,21,22,22,21,21,28,26,28,29,30,42,34,36,38,35,44,50,32,43,40,42,65,68,81,93,117,115,170,196,285,278,340,452,466,665,819,910,1075,1306,1326,1374,1431,1395,1408,1335,1318,1240,1170,1141,1063,1075,994,1006,864,881,790,801,777,713,674,676,650,617,614,616,543,524,489,478,473,454,425,446,436,676,358,354,352,392,443,389,390,347,361,395,347,312,286,321,321,275,294,256,307,320,335,330,274,241,250,242,278,221,254,308,327,406,163,170,145,129,142,106,88,56,32,17,17,4,7,11,4,2,5,5,6,5,10,12,6,10,11,11,8,5,9,8,7,8,9,9,9,9,8,6,7,4,11,7,6,9,4,3,3,7,3,7,6,6,7,4,2,2,1,0,0,0,0,0,0,0,0,0,0,0,0,0,0,0,0,0,0,0,0,0,0,0,0,0,0,0,0,0,0,0,0,0,0,0,0,0,0,0,0,0,0,0,0,0,0,0,0,0,0,0,0,0,0
38.55,1,0,0,1,0,0,1,0,0,0,1,0,0,1,0,0,1,0,0,0,0,0,0,1,1,1,0,0,0,0,0,2,1,0,0,2,1,1,0,0,2,0,6,1,1,0,2,0,1,2,7,2,2,3,1,4,7,4,1,2,0,3,5,3,6,7,3,6,5,11,5,10,8,9,5,12,14,13,14,13,12,14,16,14,29,15,21,19,31,24,29,35,30,35,35,34,34,39,41,31,47,49,47,63,48,83,88,120,123,164,200,275,269,342,442,474,676,805,922,1069,1296,1310,1363,1431,1390,1394,1326,1321,1222,1155,1134,1067,1064,999,1013,860,876,782,802,767,720,668,667,652,611,619,599,548,517,490,464,474,454,430,440,435,669,357,354,352,394,432,387,389,339,365,396,345,308,291,324,312,271,294,262,303,322,338,325,274,239,249,239,285,220,253,307,324,403,162,167,145,129,142,105,88,57,32,17,17,4,8,10,4,2,6,5,6,6,9,12,6,11,11,11,8,6,9,8,7,8,8,9,9,9,8,6,6,4,11,8,6,9,3,3,3,7,4,7,6,6,7,4,2,2,1,0,0,0,0,0,0,0,0,0,0,0,0,0,0,0,0,0,0,0,0,0,0,0,0,0,0,0,0,0,0,0,0,0,0,0,0,0,0,0,0,0,0,0,0,0,0,0,0,0,0,0,0,0,0
38.65,0,0,0,0,0,0,0,0,0,0,0,0,1,0,0,0,0,0,0,0,1,0,0,1,1,0,0,0,1,2,1,0,1,1,1,0,2,0,0,1,2,1,1,1,2,2,2,0,5,0,4,1,2,2,3,3,0,6,1,4,0,4,4,3,1,5,5,6,10,8,7,10,10,9,6,5,12,12,16,15,9,20,21,21,17,26,24,19,35,27,21,26,37,31,30,26,34,40,48,38,41,33,33,72,74,68,91,110,117,164,206,272,287,352,433,469,666,789,924,1064,1299,1300,1348,1425,1374,1378,1320,1323,1227,1140,1136,1063,1070,979,1015,861,878,778,790,767,716,661,660,649,608,621,598,546,521,488,469,467,460,421,440,427,672,358,349,360,392,436,381,387,336,364,396,345,305,292,322,316,272,295,258,303,322,341,323,279,240,249,239,283,218,254,306,327,403,161,167,143,130,141,104,88,56,32,17,17,4,8,11,4,2,5,5,7,5,9,12,6,11,11,11,8,6,9,8,7,8,8,9,9,9,8,7,6,4,11,7,6,9,3,3,3,7,4,7,6,6,7,4,2,2,1,0,0,0,0,0,0,0,0,0,0,0,0,0,0,0,0,0,0,0,0,0,0,0,0,0,0,0,0,0,0,0,0,0,0,0,0,0,0,0,0,0,0,0,0,0,0,0,0,0,0,0,0,0,0
38.75,0,0,0,0,1,0,0,1,0,0,0,0,0,1,1,0,0,0,1,0,1,0,0,1,1,0,0,1,1,0,0,1,0,0,0,0,1,0,3,0,1,2,0,0,0,1,0,1,0,1,2,4,0,2,4,2,1,2,4,2,5,1,3,3,2,4,4,6,12,6,4,9,3,6,15,9,13,16,12,16,17,12,14,15,16,18,24,22,18,21,14,28,25,21,29,21,26,36,39,31,52,49,41,60,62,76,105,114,125,167,214,266,275,351,420,469,674,783,930,1039,1290,1290,1336,1396,1385,1368,1305,1308,1227,1137,1134,1049,1070,968,1005,857,869,774,791,760,717,650,660,649,601,607,600,545,517,497,464,467,456,421,441,435,673,350,357,353,388,436,374,395,341,367,394,344,303,290,327,316,272,300,255,300,320,340,327,276,243,254,239,283,217,253,306,330,403,161,168,145,129,143,104,88,56,33,17,16,5,7,10,4,3,5,7,6,5,9,12,6,12,11,11,7,6,9,7,7,8,9,9,9,9,8,6,6,4,11,7,6,9,3,3,3,7,4,7,6,6,7,4,2,2,1,0,0,0,0,0,0,0,0,0,0,0,0,0,0,0,0,0,0,0,0,0,0,0,0,0,0,0,0,0,0,0,0,0,0,0,0,0,0,0,0,0,0,0,0,0,0,0,0,0,0,0,0,0,0
38.85,0,0,0,0,0,0,0,0,0,0,0,0,1,0,0,1,0,0,0,0,0,4,0,0,0,0,1,1,1,0,0,0,0,2,0,0,0,0,1,0,0,1,0,0,1,2,1,3,1,5,1,2,0,1,1,3,5,3,8,2,4,4,0,4,7,5,5,2,5,7,10,2,11,7,7,10,9,14,11,9,12,11,9,11,15,16,11,20,19,17,20,16,17,16,16,28,29,28,31,40,45,37,42,75,77,85,99,115,131,189,205,255,289,367,423,470,673,779,918,1028,1297,1268,1323,1397,1374,1371,1296,1298,1220,1128,1132,1054,1063,980,992,861,873,773,782,754,706,648,655,635,607,601,595,547,513,489,468,476,460,418,439,427,670,360,354,348,384,433,379,382,341,370,387,345,302,288,324,311,274,298,261,302,315,343,327,275,240,253,242,282,218,253,306,329,405,161,165,145,128,146,105,89,56,32,17,17,4,7,10,4,2,5,7,6,6,9,12,6,12,11,11,7,6,9,8,8,7,8,9,9,9,8,5,6,4,10,8,6,9,3,3,3,7,4,7,6,6,7,4,2,2,1,0,0,0,0,0,0,0,0,0,0,0,0,0,0,0,0,0,0,0,0,0,0,0,0,0,0,0,0,0,0,0,0,0,0,0,0,0,0,0,0,0,0,0,0,0,0,0,0,0,0,0,0,0,0
38.95,0,0,0,0,0,0,0,0,0,0,1,0,0,0,0,0,0,0,0,0,0,0,1,0,0,0,0,0,0,0,0,1,0,0,0,0,0,0,0,2,1,0,0,0,1,0,0,1,1,1,1,3,1,0,2,2,0,1,1,5,3,3,0,2,4,5,7,2,6,1,1,4,4,8,6,7,5,3,8,5,5,7,6,7,8,9,6,4,7,10,9,9,10,14,13,22,27,23,27,41,42,34,47,69,66,99,101,131,140,176,211,275,293,384,428,476,673,795,914,1028,1297,1259,1317,1388,1365,1379,1286,1286,1211,1132,1119,1063,1064,962,990,855,872,771,769,751,697,638,649,631,603,595,599,544,516,489,466,477,456,422,440,423,673,355,356,349,383,434,375,374,343,365,394,347,303,286,324,317,272,295,256,304,318,339,328,276,241,255,239,284,216,256,308,327,402,165,169,146,129,143,106,91,56,32,18,17,4,7,10,4,2,5,7,6,5,9,12,7,11,11,11,7,6,9,7,7,7,8,9,10,9,8,5,6,4,11,7,6,9,4,3,3,7,4,7,6,6,7,4,2,2,1,0,0,0,0,0,0,0,0,0,0,0,0,0,0,0,0,0,0,0,0,0,0,0,0,0,0,0,0,0,0,0,0,0,0,0,0,0,0,0,0,0,0,0,0,0,0,0,0,0,0,0,0,0,0
39.05,0,0,0,0,0,0,0,0,0,0,0,0,0,0,0,0,0,0,0,0,0,1,0,0,0,0,0,0,3,1,0,0,0,0,1,0,0,0,0,1,1,0,1,0,3,0,1,0,1,2,1,2,1,0,1,1,3,2,1,4,0,0,5,4,0,7,5,2,8,1,2,7,2,1,2,5,5,0,2,4,3,6,7,5,3,10,4,4,5,7,10,9,17,9,10,17,23,31,28,38,34,34,43,67,79,91,113,126,153,183,234,278,284,373,434,469,672,789,905,1033,1278,1263,1315,1378,1358,1358,1281,1293,1203,1134,1123,1067,1050,959,982,850,869,765,777,734,700,624,650,626,593,600,590,561,515,491,463,478,450,429,436,431,664,355,354,344,388,432,374,373,343,369,385,344,304,286,332,306,284,297,258,308,320,334,330,278,242,254,242,281,217,250,311,324,401,164,166,145,132,139,108,89,56,32,17,17,4,7,10,4,2,5,7,6,5,9,12,6,13,10,12,6,7,8,7,7,7,8,9,9,10,8,5,6,4,10,7,6,10,3,4,3,7,4,7,6,6,7,5,2,1,1,0,0,0,0,0,0,0,0,0,0,0,0,0,0,0,0,0,0,0,0,0,0,0,0,0,0,0,0,0,0,0,0,0,0,0,0,0,0,0,0,0,0,0,0,0,0,0,0,0,0,0,0,0,0
39.15,0,0,1,0,0,0,0,0,0,0,1,1,0,0,0,0,0,0,1,0,0,0,0,0,0,1,0,0,0,0,0,1,2,1,0,2,3,0,4,3,0,2,0,0,0,2,1,2,3,2,2,2,1,3,3,1,3,0,1,1,0,2,3,3,2,6,2,7,3,8,4,1,7,13,9,7,7,3,10,7,6,7,9,8,11,10,17,13,10,16,13,8,14,8,10,11,19,31,26,34,41,31,40,58,71,97,110,133,152,192,218,260,279,366,437,460,672,779,893,1027,1283,1238,1324,1354,1350,1345,1285,1292,1201,1136,1110,1045,1064,956,966,850,856,763,775,723,692,631,657,618,593,607,594,551,526,484,456,483,451,420,442,423,655,354,342,359,381,438,369,370,341,364,376,346,311,284,325,306,280,298,259,304,318,332,329,274,241,261,239,278,214,245,310,322,399,163,167,146,133,136,107,90,55,32,17,18,4,7,10,4,2,6,6,6,5,9,12,7,13,9,11,7,6,7,7,7,7,8,9,9,10,8,5,6,4,10,7,6,10,3,4,3,7,5,7,6,6,7,4,2,1,1,0,0,0,0,0,0,0,0,0,0,0,0,0,0,0,0,0,0,0,0,0,0,0,0,0,0,0,0,0,0,0,0,0,0,0,0,0,0,0,0,0,0,0,0,0,0,0,0,0,0,0,0,0,0
39.25,0,0,0,0,0,0,0,0,0,0,0,0,0,0,0,1,0,0,0,1,1,0,1,0,0,0,0,1,1,0,0,1,0,0,1,0,1,0,0,0,0,2,1,0,0,0,1,0,2,0,3,2,2,1,1,1,0,4,1,4,1,4,1,3,3,5,3,3,7,0,8,12,8,6,9,13,12,8,10,22,15,12,11,14,16,9,16,15,24,14,18,12,18,19,26,34,19,28,34,32,42,33,35,74,59,89,111,142,146,170,208,255,264,353,428,454,659,787,877,1004,1279,1218,1316,1359,1323,1331,1291,1279,1199,1128,1113,1029,1071,942,963,846,847,761,776,718,699,637,652,618,592,594,591,557,516,481,456,478,447,421,443,419,655,357,349,347,383,434,371,371,335,365,381,341,307,281,321,306,283,302,260,296,314,335,333,270,239,254,237,277,212,248,305,321,400,161,168,144,131,136,106,90,56,32,17,18,4,7,10,4,2,6,6,6,5,10,14,6,12,9,12,6,6,7,7,7,7,7,9,9,10,8,5,6,4,11,7,6,10,3,4,3,7,4,7,6,6,7,4,2,1,1,0,0,0,0,0,0,0,0,0,0,0,0,0,0,0,0,0,0,0,0,0,0,0,0,0,0,0,0,0,0,0,0,0,0,0,0,0,0,0,0,0,0,0,0,0,0,0,0,0,0,0,0,0,0
39.35,0,0,0,0,0,0,0,0,0,0,0,1,0,0,0,0,0,2,1,0,0,0,1,0,0,1,0,0,0,1,1,1,1,1,0,2,2,0,0,1,3,0,4,2,1,2,1,3,3,1,0,1,3,4,4,1,1,3,3,1,5,1,2,5,2,1,5,7,7,2,7,12,2,7,3,7,3,10,7,15,10,16,15,21,22,15,26,24,19,24,26,28,25,17,28,32,35,36,22,41,31,41,38,72,60,93,96,122,145,174,220,251,261,347,426,445,643,771,868,1004,1274,1210,1328,1351,1319,1334,1276,1277,1180,1126,1119,1028,1053,943,961,833,848,755,774,720,698,631,635,605,591,598,586,546,517,482,463,471,453,419,438,413,655,356,344,359,386,432,373,366,332,369,372,333,309,287,318,305,277,303,257,296,316,335,331,267,236,255,238,274,211,245,303,321,401,163,166,141,129,136,105,89,56,32,17,18,4,6,10,4,3,5,6,6,7,9,14,6,13,9,11,6,6,7,7,7,7,7,9,9,10,8,5,6,4,10,7,6,10,3,4,3,7,4,7,6,6,7,4,2,1,1,0,0,0,0,0,0,0,0,0,0,0,0,0,0,0,0,0,0,0,0,0,0,0,0,0,0,0,0,0,0,0,0,0,0,0,0,0,0,0,0,0,0,0,0,0,0,0,0,0,0,0,0,0,0
39.45,0,0,0,0,0,0,0,0,0,0,0,0,0,0,0,0,0,0,1,0,0,0,0,1,0,2,0,0,0,0,0,0,0,0,1,0,0,0,0,1,1,2,1,1,0,3,1,3,0,1,0,0,1,2,3,1,5,6,2,3,3,6,2,5,5,4,2,6,4,2,5,3,12,6,4,5,12,12,12,12,8,19,19,11,23,18,22,26,23,28,39,33,20,27,29,33,37,28,30,36,53,39,37,66,61,95,92,125,136,179,207,251,260,344,410,437,634,750,868,993,1267,1202,1319,1348,1306,1316,1264,1265,1176,1127,1117,1023,1045,930,962,839,845,751,772,721,688,627,633,603,584,593,582,550,525,488,458,467,450,414,436,413,645,360,348,349,384,433,366,369,336,367,369,338,304,285,317,302,281,301,255,296,315,340,329,264,239,257,238,272,209,244,303,317,403,162,165,142,128,137,105,89,56,32,17,18,4,6,11,5,2,5,8,6,5,9,13,7,12,9,11,6,6,7,7,7,7,6,10,9,10,8,5,5,4,10,7,6,10,3,4,3,8,4,7,6,5,7,4,2,1,1,0,0,0,0,0,0,0,0,0,0,0,0,0,0,0,0,0,0,0,0,0,0,0,0,0,0,0,0,0,0,0,0,0,0,0,0,0,0,0,0,0,0,0,0,0,0,0,0,0,0,0,0,0,0
39.55,0,0,0,0,0,0,0,0,0,0,0,0,0,0,0,0,0,0,0,0,0,0,1,1,0,0,0,0,3,0,0,0,0,2,0,0,0,0,0,1,0,2,1,2,0,1,0,3,1,1,0,0,0,0,0,2,2,2,2,4,2,4,2,4,5,5,7,8,4,5,7,8,9,4,14,7,13,7,11,9,11,17,9,22,21,21,18,21,23,25,19,24,19,34,34,36,35,30,32,43,54,47,39,52,75,81,89,117,131,172,204,253,255,350,411,439,628,762,856,1008,1246,1205,1327,1329,1317,1313,1259,1269,1185,1110,1114,1016,1043,945,957,832,834,754,773,721,690,622,625,595,595,593,582,555,509,481,459,471,439,414,427,412,653,352,344,353,383,438,368,370,334,371,367,334,304,283,317,305,280,303,254,292,316,344,333,260,235,254,238,273,207,247,304,316,400,160,164,143,128,138,104,90,56,32,17,18,4,6,11,6,3,5,6,6,6,10,13,7,12,9,11,6,6,7,7,7,7,6,10,9,10,9,5,5,4,10,7,6,10,3,4,3,8,5,7,6,5,7,4,2,1,1,0,0,0,0,0,0,0,0,0,0,0,0,0,0,0,0,0,0,0,0,0,0,0,0,0,0,0,0,0,0,0,0,0,0,0,0,0,0,0,0,0,0,0,0,0,0,0,0,0,0,0,0,0,0
39.65,0,0,0,1,1,0,0,0,0,0,0,0,0,0,0,0,0,0,0,0,0,0,2,0,0,0,0,1,0,0,0,0,0,0,1,0,1,2,1,1,1,0,1,2,1,1,1,0,2,2,3,2,3,4,0,2,2,2,6,1,3,3,1,3,4,5,2,7,7,10,8,6,8,11,8,12,10,17,11,19,16,6,16,15,19,14,25,27,15,28,15,28,20,39,33,35,31,34,27,39,36,36,37,63,66,83,83,133,131,169,196,250,249,342,427,432,628,746,865,1005,1237,1205,1318,1313,1319,1301,1252,1251,1187,1114,1108,1010,1039,930,947,831,851,743,765,729,679,614,632,588,593,598,584,544,507,474,458,465,439,415,428,413,648,351,345,349,388,433,372,375,331,364,370,331,304,285,318,301,279,303,255,295,317,346,332,261,237,254,237,273,208,246,305,316,401,161,164,141,128,137,102,90,56,33,17,18,4,7,12,4,2,5,6,7,6,9,13,7,12,9,11,6,6,7,7,7,7,6,10,9,10,9,5,5,4,10,7,6,10,3,4,3,8,5,7,6,5,7,4,2,1,1,0,0,0,0,0,0,0,0,0,0,0,0,0,0,0,0,0,0,0,0,0,0,0,0,0,0,0,0,0,0,0,0,0,0,0,0,0,0,0,0,0,0,0,0,0,0,0,0,0,0,0,0,0,0
39.75,0,0,0,0,0,0,0,1,0,0,0,0,1,0,0,0,1,0,0,0,0,1,0,0,0,0,0,0,0,2,0,0,0,0,1,0,1,1,0,0,1,1,3,0,0,1,1,3,1,0,1,0,0,1,1,0,2,5,0,1,1,3,3,2,4,4,5,7,8,6,7,8,8,8,5,13,12,17,18,10,14,18,18,13,17,12,19,21,23,27,28,16,27,31,18,14,27,34,24,28,48,35,34,53,64,76,103,130,138,173,185,269,260,337,420,433,638,742,866,1014,1226,1200,1296,1291,1313,1293,1245,1253,1165,1103,1111,993,1028,927,946,835,834,739,766,728,682,613,624,586,580,594,580,537,509,469,452,459,437,408,434,417,649,348,342,346,385,438,366,368,336,363,368,332,303,291,320,303,279,302,252,294,319,344,330,260,235,260,235,272,210,245,309,315,399,161,163,142,129,137,104,90,56,32,18,17,4,7,11,4,2,6,6,6,6,9,13,7,12,9,11,6,6,7,7,7,7,6,10,9,10,9,5,4,4,10,7,6,10,3,4,3,8,5,7,6,5,7,4,2,1,1,0,0,0,0,0,0,0,0,0,0,0,0,0,0,0,0,0,0,0,0,0,0,0,0,0,0,0,0,0,0,0,0,0,0,0,0,0,0,0,0,0,0,0,0,0,0,0,0,0,0,0,0,0,0
39.85,0,0,0,0,0,0,0,1,0,0,0,0,0,0,1,0,1,0,0,0,0,0,0,2,0,0,0,0,0,1,0,0,0,0,0,0,0,0,0,0,0,0,0,0,2,0,1,2,2,1,1,2,2,0,4,2,5,1,2,1,3,2,5,8,3,1,5,2,5,8,4,6,11,6,6,7,6,4,12,12,13,10,7,5,8,14,15,13,16,11,16,12,24,12,19,27,32,30,20,38,32,35,50,65,72,80,97,131,140,179,210,262,268,341,439,429,631,742,863,1010,1218,1196,1308,1284,1307,1287,1234,1244,1163,1089,1100,993,1020,934,943,823,829,734,759,717,674,618,617,578,574,594,570,542,513,469,456,457,427,415,429,433,639,345,341,344,384,433,366,368,331,364,368,333,305,285,314,301,282,294,255,295,311,347,333,259,234,258,233,272,210,246,307,316,400,161,163,143,129,135,102,92,57,32,17,17,4,7,12,4,3,5,5,6,6,9,13,7,12,9,11,6,6,8,7,7,7,6,10,9,10,9,5,4,4,10,7,6,10,3,4,3,8,5,7,6,5,7,4,2,1,1,0,0,0,0,0,0,0,0,0,0,0,0,0,0,0,0,0,0,0,0,0,0,0,0,0,0,0,0,0,0,0,0,0,0,0,0,0,0,0,0,0,0,0,0,0,0,0,0,0,0,0,0,0,0
39.95,0,0,0,0,0,0,0,0,0,0,0,0,1,0,0,0,0,0,0,0,0,0,1,0,0,0,1,0,0,0,0,0,0,0,1,0,1,1,0,0,0,1,1,4,0,3,1,0,1,1,2,0,2,3,0,1,2,2,1,4,0,3,1,4,4,2,2,2,1,1,1,5,4,3,6,3,5,4,7,2,4,3,3,5,5,9,4,6,7,8,8,7,15,8,22,17,13,25,31,37,38,51,38,73,71,89,89,134,146,194,214,274,275,351,443,442,638,748,870,1016,1224,1195,1301,1287,1300,1284,1228,1245,1152,1087,1085,999,1025,927,925,822,816,731,750,709,676,607,614,583,578,580,576,534,524,474,452,459,432,409,421,424,650,337,341,344,380,432,371,366,330,364,371,331,304,288,315,300,281,297,257,294,309,347,331,257,237,257,233,271,212,249,311,318,399,163,162,143,130,135,100,91,59,32,17,18,4,7,11,4,3,6,5,6,6,9,13,7,12,9,11,6,6,7,7,7,7,6,10,9,10,9,5,4,4,10,7,6,12,3,4,3,8,5,7,6,5,7,4,2,1,1,0,0,0,0,0,0,0,0,0,0,0,0,0,0,0,0,0,0,0,0,0,0,0,0,0,0,0,0,0,0,0,0,0,0,0,0,0,0,0,0,0,0,0,0,0,0,0,0,0,0,0,0,0,0
40.05,0,0,0,0,0,0,1,0,0,0,0,1,0,0,0,0,0,0,1,0,0,0,0,1,0,1,0,0,0,0,1,0,0,1,3,0,3,1,0,1,0,0,0,0,0,1,1,1,2,1,1,0,1,0,5,0,3,0,2,2,1,2,2,1,4,5,3,6,2,2,3,3,2,3,6,7,4,2,3,7,5,6,1,6,6,1,8,7,10,10,6,5,9,13,18,11,17,18,24,39,40,54,38,70,82,95,112,125,148,180,218,282,253,363,434,437,620,744,874,1025,1213,1219,1309,1278,1290,1283,1216,1240,1139,1072,1082,992,1027,915,913,827,810,726,744,689,682,600,611,582,588,568,580,525,518,472,449,460,425,409,418,420,648,335,344,334,382,431,371,371,322,365,363,334,300,284,321,293,281,297,258,297,310,344,332,255,238,257,231,272,213,243,314,317,399,163,165,141,127,134,101,89,59,34,17,17,4,7,11,3,3,5,5,6,7,9,13,7,12,9,11,6,6,7,8,6,8,6,9,9,10,9,4,4,4,10,7,6,11,3,4,4,8,6,7,6,5,7,3,2,2,0,0,0,0,0,0,0,0,0,0,0,0,0,0,0,0,0,0,0,0,0,0,0,0,0,0,0,0,0,0,0,0,0,0,0,0,0,0,0,0,0,0,0,0,0,0,0,0,0,0,0,0,0,0,0
40.15,0,0,0,0,1,0,0,0,0,0,0,0,0,0,0,0,0,0,0,0,0,0,0,0,0,1,0,0,0,0,1,0,0,0,0,2,0,0,0,1,1,0,1,1,0,1,0,1,0,1,0,0,1,0,1,1,2,2,2,5,4,2,6,3,6,1,7,4,8,3,9,5,3,3,5,14,7,7,8,7,8,10,10,6,10,15,8,12,12,13,8,9,15,11,24,19,25,27,21,35,34,44,35,67,86,92,103,119,142,179,214,265,257,356,427,434,606,745,867,1014,1202,1195,1293,1268,1278,1271,1194,1230,1137,1062,1079,990,1014,921,917,823,808,720,740,682,677,590,620,578,589,565,577,520,517,470,451,462,414,411,417,418,643,339,340,333,381,430,377,361,327,359,364,322,306,286,316,292,278,297,263,296,298,346,330,258,231,257,226,270,214,243,309,318,392,164,163,140,125,134,101,89,59,34,17,16,5,7,11,3,3,5,5,6,7,9,13,7,12,9,11,8,6,7,7,6,7,6,9,9,10,9,4,4,4,10,7,6,11,3,4,3,8,6,7,6,5,7,4,2,1,0,0,0,0,0,0,0,0,0,0,0,0,0,0,0,0,0,0,0,0,0,0,0,0,0,0,0,0,0,0,0,0,0,0,0,0,0,0,0,0,0,0,0,0,0,0,0,0,0,0,0,0,0,0,0
40.25,0,0,0,0,0,0,0,0,0,1,0,0,0,0,0,1,0,1,0,0,0,0,1,0,0,0,0,2,1,0,0,0,0,2,1,0,1,0,0,3,0,1,2,0,0,3,0,3,1,0,1,2,2,3,1,3,1,3,1,1,4,2,2,5,2,4,3,3,5,3,1,2,10,7,13,14,11,9,10,16,11,12,16,6,19,16,20,8,17,16,19,22,16,18,18,21,20,28,24,38,39,49,42,57,80,78,109,115,144,173,209,266,247,365,412,437,611,726,869,999,1187,1197,1277,1269,1260,1279,1197,1220,1125,1054,1080,987,1006,935,909,818,799,713,742,681,667,593,628,570,578,575,572,517,509,468,449,461,417,413,412,419,635,340,346,332,384,433,371,362,318,362,358,327,307,284,313,296,291,298,255,292,301,342,330,255,235,255,226,266,214,238,306,320,389,163,164,138,126,133,101,88,59,34,17,16,5,6,11,3,3,5,5,6,8,9,13,7,13,9,11,6,6,7,7,6,7,6,8,9,10,9,4,4,4,10,7,6,11,3,4,3,8,6,7,7,5,7,3,2,1,0,0,0,0,0,0,0,0,0,0,0,0,0,0,0,0,0,0,0,0,0,0,0,0,0,0,0,0,0,0,0,0,0,0,0,0,0,0,0,0,0,0,0,0,0,0,0,0,0,0,0,0,0,0,0
40.35,0,0,0,1,0,0,0,1,0,0,0,0,0,0,0,0,0,0,0,0,0,0,0,0,0,0,0,1,0,0,0,0,0,0,0,1,0,0,0,1,1,2,0,3,0,3,2,1,2,2,2,1,2,2,0,1,0,1,3,3,1,7,1,5,2,4,5,3,2,3,5,8,7,5,12,10,10,9,15,12,17,16,17,13,10,20,20,20,21,21,26,22,14,28,18,38,34,19,25,38,42,38,42,65,73,84,98,119,144,161,210,263,240,361,413,433,597,731,854,1000,1189,1180,1273,1267,1254,1264,1205,1204,1121,1051,1076,980,1023,926,899,808,787,723,741,680,671,587,619,573,579,574,570,513,516,461,444,461,415,407,411,417,641,340,341,330,384,431,366,353,320,361,362,326,306,289,321,301,283,298,250,291,299,343,328,255,230,258,225,266,212,235,309,317,388,164,163,138,127,134,101,88,58,34,17,16,5,6,11,3,3,5,5,6,7,9,13,7,12,9,11,6,6,7,7,6,7,6,8,9,10,9,4,4,4,10,7,6,11,3,4,4,8,6,7,6,5,7,3,2,1,0,0,0,0,0,0,0,0,0,0,0,0,0,0,0,0,0,0,0,0,0,0,0,0,0,0,0,0,0,0,0,0,0,0,0,0,0,0,0,0,0,0,0,0,0,0,0,0,0,0,0,0,0,0,0
40.45,0,0,0,0,1,0,1,0,0,0,0,1,0,0,0,0,0,0,0,2,1,0,0,0,0,1,0,0,1,0,1,0,0,0,0,1,0,0,1,2,1,1,0,2,0,1,2,1,1,1,6,2,1,1,1,3,1,1,4,3,4,6,2,5,1,1,9,7,3,7,9,12,5,7,7,12,5,15,10,9,19,18,14,14,7,18,16,26,16,31,29,33,22,35,25,31,32,36,22,52,44,38,37,65,73,88,92,114,148,163,208,247,234,357,406,432,587,728,852,986,1182,1170,1280,1262,1261,1269,1184,1204,1101,1068,1070,969,1019,907,898,807,780,713,745,672,664,575,623,576,578,563,561,511,515,461,443,457,412,409,410,422,635,341,332,333,388,432,359,349,323,366,360,328,311,289,316,299,283,292,255,291,293,347,331,252,232,253,226,263,212,236,308,315,385,162,163,139,126,133,101,88,58,34,17,16,5,7,11,3,3,5,5,5,7,9,13,6,12,9,11,5,6,7,7,6,7,6,8,9,10,9,4,3,4,11,7,6,11,3,4,3,8,7,7,6,5,7,3,2,1,0,0,0,0,0,0,0,0,0,0,0,0,0,0,0,0,0,0,0,0,0,0,0,0,0,0,0,0,0,0,0,0,0,0,0,0,0,0,0,0,0,0,0,0,0,0,0,0,0,0,0,0,0,0,0
40.55,0,0,0,1,0,0,0,0,0,0,1,0,0,0,0,0,0,0,0,0,0,0,1,0,0,0,0,1,0,1,1,0,0,2,1,1,0,0,1,2,1,2,0,0,2,0,1,1,0,2,0,3,3,2,2,3,4,2,3,3,2,4,2,3,6,6,3,3,6,6,6,4,9,11,5,9,11,15,14,13,13,17,14,14,11,26,23,20,19,27,38,38,26,31,31,24,27,30,43,34,46,40,41,57,71,83,97,116,140,163,202,249,237,339,401,431,586,728,850,987,1155,1166,1276,1268,1256,1267,1179,1201,1102,1042,1074,957,1013,910,889,808,776,714,741,679,658,579,625,572,571,564,558,512,505,465,437,459,410,414,403,417,634,337,338,334,389,428,359,351,323,362,366,329,305,285,315,296,279,296,254,288,293,344,331,252,233,253,223,265,211,236,307,315,388,162,163,140,126,134,102,89,58,34,17,16,5,6,11,3,3,5,5,5,7,9,13,6,12,9,10,5,6,7,7,6,7,7,8,9,10,9,4,3,4,10,7,6,11,3,4,3,8,7,7,6,5,7,3,2,1,0,0,0,0,0,0,0,0,0,0,0,0,0,0,0,0,0,0,0,0,0,0,0,0,0,0,0,0,0,0,0,0,0,0,0,0,0,0,0,0,0,0,0,0,0,0,0,0,0,0,0,0,0,0,0
40.65,0,0,0,0,0,0,0,0,0,0,0,0,1,0,0,0,0,0,0,0,0,0,0,0,0,1,0,0,1,0,0,0,0,1,0,0,0,0,0,0,0,2,0,1,1,2,1,2,1,2,1,3,0,2,2,1,2,3,2,4,5,4,3,5,1,7,10,7,4,7,4,5,8,10,11,8,13,9,9,13,7,23,11,19,17,17,25,20,25,33,36,29,26,27,29,35,27,25,30,37,48,45,44,62,77,78,90,107,133,161,198,248,238,340,402,428,584,730,849,973,1153,1157,1262,1253,1247,1259,1169,1215,1110,1043,1063,956,1002,909,879,801,774,718,728,678,658,575,625,563,562,563,570,509,502,457,435,469,412,405,405,417,635,339,335,339,381,426,359,355,323,363,368,326,308,284,315,298,280,292,254,287,294,341,331,252,231,251,226,267,209,235,308,314,389,162,162,141,126,133,101,90,59,33,17,16,5,6,11,3,3,5,5,5,7,9,13,6,12,9,11,5,6,7,7,6,7,6,8,10,10,9,4,3,4,10,7,6,11,3,4,3,8,7,7,6,5,7,3,2,1,0,0,0,0,0,0,0,0,0,0,0,0,0,0,0,0,0,0,0,0,0,0,0,0,0,0,0,0,0,0,0,0,0,0,0,0,0,0,0,0,0,0,0,0,0,0,0,0,0,0,0,0,0,0,0
40.75,0,0,0,0,0,0,0,1,0,1,0,0,0,0,0,0,0,0,0,0,0,0,0,0,0,1,0,0,2,0,0,0,2,0,1,1,1,2,0,2,0,0,1,0,1,0,1,0,0,3,1,2,2,2,2,4,4,0,3,5,2,4,4,6,4,5,2,4,4,6,2,8,7,6,8,10,6,12,4,11,14,17,17,9,19,11,12,17,13,19,18,23,22,23,28,24,41,24,39,33,37,34,45,68,77,92,97,114,136,155,202,244,238,348,393,441,587,728,852,961,1161,1151,1254,1256,1240,1250,1158,1220,1110,1040,1046,957,1004,896,881,800,771,707,727,687,651,574,617,569,561,562,563,506,510,457,433,465,418,411,404,415,630,341,336,334,384,422,362,348,324,363,366,327,308,282,315,300,280,295,257,285,294,340,330,253,233,253,227,266,210,234,307,316,389,163,162,138,127,133,101,89,58,32,17,16,5,6,11,3,3,5,5,5,7,9,13,6,12,9,11,5,6,7,7,6,7,6,8,10,10,9,4,3,4,10,7,6,11,3,4,3,8,7,7,6,5,7,3,2,1,0,0,0,0,0,0,0,0,0,0,0,0,0,0,0,0,0,0,0,0,0,0,0,0,0,0,0,0,0,0,0,0,0,0,0,0,0,0,0,0,0,0,0,0,0,0,0,0,0,0,0,0,0,0,0
40.85,0,0,0,0,0,0,0,0,0,0,0,0,0,0,0,0,0,0,0,0,0,0,0,0,1,1,0,0,0,1,0,1,1,1,1,0,0,0,2,0,1,0,1,0,0,2,2,2,0,3,2,0,1,2,1,3,2,1,2,5,1,1,3,2,8,8,3,8,5,4,3,6,7,8,8,7,7,12,7,13,13,8,17,9,12,11,7,16,9,19,10,18,17,18,12,23,24,21,42,35,41,45,36,59,80,101,106,113,148,170,203,248,234,355,393,431,580,735,857,955,1160,1149,1245,1245,1236,1250,1145,1221,1099,1037,1053,944,1012,891,879,795,763,703,727,686,647,572,610,575,565,563,549,509,505,457,436,465,415,411,405,418,630,340,329,338,382,420,359,349,322,360,366,330,309,285,316,297,281,297,257,287,294,341,331,253,234,254,228,268,207,234,311,317,391,162,161,140,126,134,100,89,58,32,17,16,5,6,11,3,3,5,5,5,7,9,13,6,12,9,11,5,6,7,7,6,7,6,8,9,10,9,4,3,4,10,7,6,11,3,4,3,8,7,7,6,4,7,3,2,1,0,0,0,0,0,0,0,0,0,0,0,0,0,0,0,0,0,0,0,0,0,0,0,0,0,0,0,0,0,0,0,0,0,0,0,0,0,0,0,0,0,0,0,0,0,0,0,0,0,0,0,0,0,0,0
40.95,1,0,1,0,0,0,0,0,0,0,0,0,0,0,0,0,1,0,1,0,0,1,0,0,0,0,1,0,0,1,0,1,0,1,0,1,0,1,0,1,3,1,0,0,0,0,1,0,1,1,1,1,0,2,2,2,4,1,2,3,3,3,1,4,5,6,1,4,4,7,6,2,5,3,1,3,2,4,6,3,6,4,7,5,4,11,6,8,7,5,6,8,9,9,21,12,17,24,36,38,43,48,39,59,88,96,102,125,151,184,217,268,234,358,401,431,594,735,851,951,1156,1163,1237,1246,1232,1242,1141,1213,1094,1038,1035,947,1000,891,869,793,753,696,724,682,648,570,616,566,568,564,551,505,499,458,432,463,419,411,402,413,632,341,326,336,382,423,358,344,319,358,366,332,306,286,317,298,279,293,257,287,300,343,328,256,235,255,228,268,209,233,308,316,393,162,163,140,126,136,99,89,58,32,17,16,5,6,11,3,3,5,5,5,7,8,13,6,12,9,11,5,6,7,7,6,7,6,8,9,9,9,4,3,4,10,7,6,11,3,4,3,9,7,7,6,4,7,3,2,1,0,0,0,0,0,0,0,0,0,0,0,0,0,0,0,0,0,0,0,0,0,0,0,0,0,0,0,0,0,0,0,0,0,0,0,0,0,0,0,0,0,0,0,0,0,0,0,0,0,0,0,0,0,0,0
41.05,0,0,0,0,0,1,0,0,0,0,0,1,0,0,0,1,0,0,1,0,0,0,0,0,0,1,0,0,0,0,3,1,0,1,0,0,1,0,0,2,0,1,0,1,1,1,1,0,0,1,0,1,2,1,1,2,1,2,4,3,2,2,3,3,3,1,3,2,3,2,2,1,4,2,3,3,1,3,1,2,1,5,8,4,3,4,9,3,6,8,6,7,11,8,12,17,21,26,29,33,37,52,45,77,78,106,105,128,148,176,222,267,252,348,409,442,591,733,848,936,1158,1148,1244,1253,1220,1227,1139,1192,1091,1039,1035,942,1002,880,862,786,758,694,718,682,650,570,614,570,549,578,549,494,503,456,437,456,417,405,407,412,623,345,328,338,387,415,357,339,316,361,370,323,307,283,323,298,276,289,253,288,306,338,329,253,238,251,228,265,211,233,312,312,388,164,159,142,125,135,99,89,57,32,17,16,5,6,11,3,3,5,5,5,7,7,13,6,12,9,11,5,6,7,7,6,7,6,7,9,9,9,4,3,4,10,7,6,11,3,4,3,9,7,7,7,4,7,3,2,1,0,0,0,0,0,0,0,0,0,0,0,0,0,0,0,0,0,0,0,0,0,0,0,0,0,0,0,0,0,0,0,0,0,0,0,0,0,0,0,0,0,0,0,0,0,0,0,0,0,0,0,0,0,0,0
41.15,0,1,0,0,0,0,0,0,0,0,0,0,0,0,0,0,1,0,0,0,0,0,0,0,0,0,0,0,0,0,0,1,0,0,1,0,0,1,1,0,0,0,0,0,1,1,2,1,0,0,2,3,0,0,1,1,2,3,1,4,4,3,1,3,7,4,2,8,6,7,5,3,7,6,6,9,8,7,6,6,10,7,11,6,14,8,9,10,8,10,8,11,16,10,22,18,19,17,29,32,40,49,45,76,81,93,110,116,139,176,217,266,252,349,397,421,598,709,854,927,1140,1136,1240,1248,1213,1219,1119,1195,1083,1033,1035,927,999,870,864,783,763,693,714,675,642,574,617,554,556,567,541,503,496,459,437,457,415,401,409,412,612,341,328,341,376,419,359,335,311,356,371,325,306,279,323,298,278,290,249,291,303,335,331,248,232,251,235,265,209,230,307,311,390,162,158,140,124,132,99,89,58,32,16,16,5,6,11,3,3,5,5,5,7,7,13,6,12,9,10,5,6,7,7,6,8,6,7,9,9,9,3,3,4,10,7,6,11,3,3,3,9,7,7,7,4,7,3,2,1,0,0,0,0,0,0,0,0,0,0,0,0,0,0,0,0,0,0,0,0,0,0,0,0,0,0,0,0,0,0,0,0,0,0,0,0,0,0,0,0,0,0,0,0,0,0,0,0,0,0,0,0,0,0,0
41.25,0,0,0,0,0,0,0,0,0,0,0,0,0,0,0,0,0,1,0,0,0,0,0,0,0,0,0,0,2,1,1,0,0,2,0,0,0,0,0,3,1,2,3,1,2,1,1,1,1,1,1,0,1,1,5,3,3,3,3,1,0,3,3,3,2,4,5,9,6,4,6,6,7,6,3,5,11,7,18,6,14,13,10,8,17,13,19,12,13,17,14,22,18,17,21,18,17,28,25,28,28,47,43,73,80,92,103,120,138,168,217,255,252,340,392,417,584,701,838,914,1133,1129,1227,1237,1201,1205,1124,1188,1078,1024,1023,933,983,876,863,776,769,682,714,675,641,573,606,560,551,557,547,494,506,456,434,459,416,397,405,408,613,344,328,335,381,411,352,336,311,357,372,328,301,283,324,298,273,295,246,288,304,336,329,249,240,252,230,261,207,228,313,311,386,163,156,140,124,132,98,89,58,32,16,16,5,6,11,3,3,5,5,5,7,7,13,6,13,9,10,5,6,7,7,6,8,6,6,10,9,9,3,3,4,10,7,6,11,3,3,3,9,7,7,6,4,7,3,2,1,0,0,0,0,0,0,0,0,0,0,0,0,0,0,0,0,0,0,0,0,0,0,0,0,0,0,0,0,0,0,0,0,0,0,0,0,0,0,0,0,0,0,0,0,0,0,0,0,0,0,0,0,0,0,0
41.35,0,0,0,0,0,0,0,0,0,0,0,1,0,0,0,0,0,0,2,0,1,1,0,0,1,0,1,1,0,0,0,1,0,0,1,1,0,0,0,0,0,0,0,2,0,0,1,0,1,0,3,1,4,1,2,4,4,1,3,2,3,4,2,2,2,3,2,5,3,4,6,5,12,11,7,5,12,5,11,15,10,13,11,15,24,13,20,18,18,21,20,24,18,22,30,22,26,27,32,29,26,37,34,88,74,86,97,118,124,163,220,261,242,335,389,408,573,698,840,905,1119,1129,1220,1217,1206,1195,1115,1181,1072,1028,1023,923,995,874,854,778,765,684,706,671,635,575,603,556,551,560,541,493,497,454,433,464,417,398,409,406,606,347,331,334,371,411,353,332,313,359,369,325,306,280,321,298,278,298,244,287,301,334,332,254,240,246,227,259,209,231,309,308,385,163,156,140,124,133,97,89,57,32,16,16,5,6,11,3,3,5,5,5,7,7,13,6,13,9,10,5,6,7,7,6,8,7,6,10,10,9,3,3,4,9,7,6,11,3,3,3,8,7,7,5,4,7,3,2,1,0,0,0,0,0,0,0,0,0,0,0,0,0,0,0,0,0,0,0,0,0,0,0,0,0,0,0,0,0,0,0,0,0,0,0,0,0,0,0,0,0,0,0,0,0,0,0,0,0,0,0,0,0,0,0
41.45,0,0,0,0,0,0,0,0,0,0,0,0,0,0,0,1,0,1,0,0,0,0,1,0,0,0,0,0,0,1,0,0,0,1,0,0,1,1,2,3,2,1,1,0,0,0,2,1,0,2,5,0,2,0,0,2,2,3,3,1,2,4,2,3,0,5,7,3,10,3,6,4,8,14,8,8,7,10,4,9,12,19,14,12,21,21,16,15,22,22,23,38,26,31,28,14,11,32,34,34,33,44,45,75,65,87,91,125,124,163,218,250,242,331,382,412,561,680,835,900,1130,1121,1208,1215,1198,1196,1106,1173,1065,1029,1018,918,988,868,849,780,761,682,710,675,636,559,599,556,543,566,533,492,507,442,437,467,412,402,409,413,599,347,327,330,375,408,353,336,315,355,368,333,300,281,321,302,277,288,243,290,301,335,333,251,240,246,229,258,207,226,309,306,386,163,157,140,124,132,97,89,57,32,16,16,5,6,11,3,3,5,5,5,7,7,13,6,13,9,10,5,6,7,7,6,8,7,6,10,10,9,3,3,4,9,7,6,11,3,3,3,8,7,7,5,4,7,3,2,1,0,0,0,0,0,0,0,0,0,0,0,0,0,0,0,0,0,0,0,0,0,0,0,0,0,0,0,0,0,0,0,0,0,0,0,0,0,0,0,0,0,0,0,0,0,0,0,0,0,0,0,0,0,0,0
41.55,0,0,0,0,0,0,0,0,0,0,0,0,0,0,0,0,0,0,0,0,0,0,0,0,0,1,0,0,1,0,0,0,2,1,0,0,1,0,1,0,0,1,2,1,0,3,0,3,3,2,1,3,0,3,3,4,1,0,1,3,4,2,4,7,2,5,7,6,8,7,6,7,7,7,6,6,8,9,11,8,16,8,9,15,18,16,14,18,22,18,20,21,33,18,22,30,34,30,40,26,36,55,47,78,64,89,96,121,125,155,222,246,245,325,378,416,556,681,830,905,1119,1125,1197,1210,1205,1186,1092,1176,1059,1020,1017,914,981,862,844,787,757,688,704,667,636,559,600,559,544,556,528,497,500,444,442,466,416,400,412,413,599,348,324,332,370,411,350,339,311,355,369,326,300,285,323,301,272,288,245,292,303,331,330,253,243,245,228,257,206,226,308,309,386,164,156,140,124,132,97,89,58,32,16,16,5,6,11,3,3,5,5,5,7,7,13,6,13,9,10,5,6,7,7,6,8,7,6,10,10,9,3,3,4,9,7,6,11,3,3,3,8,7,7,5,4,7,3,2,1,0,0,0,0,0,0,0,0,0,0,0,0,0,0,0,0,0,0,0,0,0,0,0,0,0,0,0,0,0,0,0,0,0,0,0,0,0,0,0,0,0,0,0,0,0,0,0,0,0,0,0,0,0,0,0
41.65,0,0,1,0,0,0,0,0,0,0,0,0,0,0,0,0,0,0,1,1,0,1,0,0,0,0,1,2,0,0,1,0,1,0,1,1,0,0,0,1,1,0,1,0,0,0,2,3,2,2,0,2,2,1,3,2,0,0,1,5,3,2,6,4,3,2,7,4,4,8,5,2,5,4,12,10,7,10,10,7,5,15,12,11,10,18,22,22,22,21,16,33,17,21,29,25,20,38,32,44,36,43,59,80,69,89,98,114,118,166,220,244,247,331,380,414,553,676,839,900,1118,1114,1198,1204,1193,1195,1093,1175,1054,1013,1013,914,969,857,840,783,754,683,701,665,630,558,596,560,542,550,526,501,498,440,436,463,420,396,412,415,604,344,325,330,378,404,351,346,304,356,366,325,301,282,325,296,270,291,243,288,302,331,333,248,245,244,228,259,205,225,309,309,386,163,155,140,124,132,98,88,58,32,16,16,5,6,11,3,3,5,5,6,7,7,13,6,13,9,10,5,6,7,7,6,8,7,6,10,10,8,3,3,4,9,7,6,11,3,3,3,9,7,7,5,4,7,3,2,1,0,0,0,0,0,0,0,0,0,0,0,0,0,0,0,0,0,0,0,0,0,0,0,0,0,0,0,0,0,0,0,0,0,0,0,0,0,0,0,0,0,0,0,0,0,0,0,0,0,0,0,0,0,0,0
41.75,0,0,0,0,0,0,0,0,0,0,0,0,0,0,0,1,0,0,0,0,0,0,0,0,1,0,0,0,0,0,0,0,1,0,0,1,0,0,0,0,1,0,0,0,0,2,1,0,0,0,0,3,2,1,1,0,0,0,2,1,0,5,2,6,5,2,3,4,4,3,9,3,7,6,10,5,3,6,13,10,9,14,6,9,13,18,14,18,15,12,21,13,18,16,26,16,24,30,43,36,40,48,63,78,75,100,92,125,127,165,209,245,256,334,379,408,557,670,836,903,1122,1109,1194,1201,1195,1181,1095,1161,1046,1010,1001,922,962,847,848,777,746,681,708,666,627,561,593,560,542,552,527,492,498,435,435,465,422,394,412,411,598,347,325,330,375,404,352,341,303,358,367,324,304,282,323,294,267,287,245,289,300,332,328,252,243,245,228,260,206,225,310,311,387,163,155,139,124,132,98,89,57,32,16,16,5,6,11,3,3,5,5,5,7,7,13,6,13,9,10,5,6,7,7,6,8,7,6,10,10,8,3,3,4,9,7,6,11,3,3,3,9,7,7,5,4,7,3,2,1,0,0,0,0,0,0,0,0,0,0,0,0,0,0,0,0,0,0,0,0,0,0,0,0,0,0,0,0,0,0,0,0,0,0,0,0,0,0,0,0,0,0,0,0,0,0,0,0,0,0,0,0,0,0,0
41.85,0,0,0,0,0,0,0,0,0,0,0,0,0,0,0,0,0,1,0,0,0,0,0,0,0,0,1,0,0,0,1,0,0,0,0,1,0,0,3,2,3,1,3,1,0,1,1,2,0,0,0,1,2,3,4,2,1,3,3,5,1,1,2,2,3,3,4,3,3,7,6,2,9,8,5,10,4,7,4,7,8,8,10,9,10,11,11,6,15,13,14,13,12,15,26,17,20,33,33,35,32,49,54,77,86,99,100,133,140,167,203,252,252,341,391,408,564,669,827,897,1125,1099,1183,1205,1175,1184,1088,1169,1040,1002,1005,916,960,847,841,774,748,680,706,671,628,556,591,555,550,550,522,487,497,435,436,463,416,393,416,412,601,347,326,332,375,403,354,343,303,357,367,327,306,278,319,295,265,286,246,287,300,329,331,250,242,245,231,260,207,226,311,308,389,163,156,139,124,131,98,90,56,32,16,16,5,6,11,3,3,5,5,5,7,7,13,6,13,9,10,5,6,7,7,6,8,7,6,10,9,8,3,3,4,9,7,6,11,3,3,3,9,7,7,5,4,7,3,2,1,0,0,0,0,0,0,0,0,0,0,0,0,0,0,0,0,0,0,0,0,0,0,0,0,0,0,0,0,0,0,0,0,0,0,0,0,0,0,0,0,0,0,0,0,0,0,0,0,0,0,0,0,0,0,0
41.95,0,0,0,0,0,0,0,0,0,0,0,0,0,0,1,0,0,0,0,0,0,0,1,0,0,0,0,0,0,1,0,0,0,2,0,0,1,0,0,1,2,1,1,1,1,1,2,1,1,0,3,2,3,2,0,1,3,1,3,1,2,2,1,5,1,3,1,3,4,6,4,2,3,3,6,5,0,7,3,3,1,1,5,3,7,8,11,4,4,11,6,11,10,8,16,14,15,32,40,34,39,60,62,89,81,100,110,137,138,176,220,263,272,343,387,414,559,679,835,899,1122,1080,1185,1195,1165,1177,1093,1171,1044,1006,996,909,962,851,834,772,750,686,699,668,619,552,594,551,544,546,518,488,493,434,433,461,415,397,412,409,600,343,324,333,378,409,352,342,307,357,366,327,308,278,318,295,267,285,247,288,298,330,329,251,243,243,232,261,208,227,312,310,391,165,153,139,121,132,97,89,56,32,17,16,6,6,11,4,3,5,5,5,8,7,13,6,13,9,10,5,6,7,7,6,8,7,6,10,9,8,3,3,4,9,7,6,11,3,3,3,9,7,7,5,4,7,3,2,1,0,0,0,0,0,0,0,0,0,0,0,0,0,0,0,0,0,0,0,0,0,0,0,0,0,0,0,0,0,0,0,0,0,0,0,0,0,0,0,0,0,0,0,0,0,0,0,0,0,0,0,0,0,0,0
42.05,0,0,0,0,0,0,0,0,0,0,0,0,0,0,0,0,0,0,0,0,0,0,0,0,0,1,0,1,0,1,3,0,0,0,0,2,0,2,0,0,0,0,0,1,0,0,0,1,0,1,2,2,2,1,3,1,4,1,0,1,2,4,3,2,2,1,2,7,4,2,2,7,3,8,0,4,3,2,1,4,0,6,1,5,7,5,6,7,5,4,4,11,10,14,10,17,17,23,33,41,34,64,63,85,78,99,105,142,142,172,242,280,262,349,382,407,579,670,827,902,1127,1066,1177,1192,1155,1168,1101,1159,1039,1006,1008,897,960,845,845,768,752,681,707,659,615,550,593,546,541,544,522,482,496,433,434,460,417,395,414,412,592,335,327,338,381,398,350,342,306,358,359,330,309,285,314,293,269,282,248,286,298,330,329,256,245,240,231,262,205,227,312,312,384,167,156,140,121,128,100,89,54,33,15,15,5,6,11,4,3,5,6,6,6,7,13,6,13,9,10,6,5,8,7,7,8,7,6,10,10,8,3,3,4,8,7,6,11,3,3,3,9,6,7,5,4,7,3,2,1,0,0,0,0,0,0,0,0,0,0,0,0,0,0,0,0,0,0,0,0,0,0,0,0,0,0,0,0,0,0,0,0,0,0,0,0,0,0,0,0,0,0,0,0,0,0,0,0,0,0,0,0,0,0,0
42.15,0,0,0,0,1,0,0,0,0,0,0,0,0,0,0,1,0,0,0,0,0,0,0,0,1,1,0,0,1,0,1,0,0,0,0,1,0,2,1,0,1,0,2,0,1,0,3,0,2,1,0,1,4,2,5,3,1,2,3,6,1,1,4,6,0,8,4,1,3,2,6,6,8,4,1,9,10,10,7,6,8,9,9,6,6,13,8,14,10,13,13,12,14,9,16,11,15,20,31,42,30,56,59,75,68,95,108,143,139,161,236,265,249,341,373,410,574,674,823,898,1122,1065,1162,1185,1148,1159,1097,1150,1034,996,1010,890,966,842,832,771,747,674,697,665,607,561,584,554,539,538,515,480,491,435,439,459,421,398,416,409,588,340,328,335,376,406,349,344,301,353,358,331,313,284,311,295,269,280,244,288,301,329,325,257,246,238,228,261,209,223,310,308,388,162,154,139,121,132,99,89,53,32,14,15,5,6,11,3,4,5,6,5,7,7,13,6,14,9,10,5,5,8,7,7,8,7,6,10,9,8,3,3,4,8,7,6,11,3,4,3,8,6,7,5,4,7,3,2,1,0,0,0,0,0,0,0,0,0,0,0,0,0,0,0,0,0,0,0,0,0,0,0,0,0,0,0,0,0,0,0,0,0,0,0,0,0,0,0,0,0,0,0,0,0,0,0,0,0,0,0,0,0,0,0
42.25,0,0,0,0,0,0,0,0,0,0,0,0,0,0,0,0,0,0,0,1,0,0,1,0,0,0,1,0,0,0,1,1,0,1,1,0,2,0,1,0,2,1,0,3,0,0,1,1,0,0,1,1,2,2,2,0,2,1,3,3,2,4,2,6,1,2,5,7,1,3,3,4,4,7,9,7,7,11,12,6,13,9,12,16,14,13,18,12,18,14,18,15,20,22,18,19,18,18,29,39,30,44,55,84,69,97,97,138,127,149,219,258,250,339,377,405,575,658,819,883,1122,1060,1168,1183,1142,1148,1106,1150,1029,996,1003,885,955,848,833,766,742,678,695,658,610,551,584,552,536,542,507,478,499,431,436,464,419,398,412,409,582,344,327,331,384,404,350,341,297,353,365,332,310,283,310,289,267,283,247,283,303,328,324,257,243,240,228,261,205,222,308,311,384,162,155,142,121,129,99,87,53,32,14,15,5,7,11,3,3,5,6,5,6,7,14,7,13,9,10,5,5,8,7,7,8,7,6,10,9,8,3,3,4,8,7,6,11,3,4,3,8,6,7,5,4,7,3,2,1,0,0,0,0,0,0,0,0,0,0,0,0,0,0,0,0,0,0,0,0,0,0,0,0,0,0,0,0,0,0,0,0,0,0,0,0,0,0,0,0,0,0,0,0,0,0,0,0,0,0,0,0,0,0,0
42.35,0,0,0,1,0,0,0,0,0,0,0,0,0,0,0,0,0,0,2,0,0,0,0,0,1,0,0,0,0,1,0,0,2,0,0,1,0,0,0,1,0,0,0,1,5,3,0,3,1,1,2,0,0,2,1,5,1,3,3,1,3,1,5,6,6,1,3,6,5,6,9,10,9,6,7,8,7,8,9,7,8,15,9,13,15,18,15,18,22,16,17,10,17,21,27,17,22,24,31,41,39,44,50,69,67,83,94,126,129,149,218,263,253,328,369,393,571,657,814,880,1114,1069,1160,1185,1114,1148,1092,1148,1030,984,1007,875,953,848,826,765,733,681,683,660,610,548,576,548,540,536,510,469,503,421,437,463,425,395,408,412,587,345,324,335,380,406,351,341,302,351,365,326,307,281,311,291,267,278,249,282,301,330,330,256,244,237,227,262,200,222,308,309,384,162,152,142,121,129,99,87,53,32,15,15,5,6,10,3,3,5,6,6,7,7,13,7,13,9,10,5,5,8,7,7,8,7,6,10,9,8,3,3,4,8,7,6,11,3,4,3,8,6,7,5,4,7,3,2,1,0,0,0,0,0,0,0,0,0,0,0,0,0,0,0,0,0,0,0,0,0,0,0,0,0,0,0,0,0,0,0,0,0,0,0,0,0,0,0,0,0,0,0,0,0,0,0,0,0,0,0,0,0,0,0
42.45,0,0,0,0,0,0,0,0,0,0,0,0,0,0,0,0,0,0,0,0,0,0,0,1,0,0,0,2,0,1,0,0,1,0,0,0,0,0,0,1,0,0,1,0,2,1,2,1,1,1,0,1,1,1,1,3,7,2,3,3,1,6,3,2,3,1,6,5,3,7,4,4,8,5,9,9,5,13,13,13,18,17,8,18,14,27,13,22,17,28,22,17,20,26,18,39,13,22,27,33,27,40,48,70,60,84,100,132,125,148,213,258,247,342,376,384,562,656,822,877,1109,1063,1168,1176,1109,1152,1071,1149,1021,984,999,879,946,844,828,767,732,679,683,659,604,549,576,553,527,536,511,473,501,426,438,462,418,398,408,411,582,339,326,331,380,404,343,346,304,350,364,324,307,284,306,290,268,280,252,287,300,329,326,253,246,240,225,260,204,221,304,307,383,163,152,142,122,130,99,88,54,32,13,15,5,6,10,3,3,6,6,6,7,7,13,7,13,9,10,5,5,7,7,7,8,7,6,10,9,8,3,4,4,8,7,6,10,4,4,3,7,5,5,6,4,7,3,2,1,0,0,0,0,0,0,0,0,0,0,0,0,0,0,0,0,0,0,0,0,0,0,0,0,0,0,0,0,0,0,0,0,0,0,0,0,0,0,0,0,0,0,0,0,0,0,0,0,0,0,0,0,0,0,0
42.55,0,0,0,0,0,1,0,1,0,0,0,1,0,0,0,0,0,0,0,0,1,0,0,0,0,2,0,0,0,0,1,0,0,2,0,0,1,2,0,1,0,1,1,1,0,0,1,1,0,0,2,0,2,1,2,2,0,2,3,4,0,1,3,6,3,6,3,7,11,9,10,6,6,7,11,13,7,11,10,20,4,18,10,11,15,15,17,29,22,18,17,29,27,28,19,27,16,26,34,41,27,41,50,64,62,91,99,134,127,148,213,262,247,333,373,388,556,656,821,877,1107,1057,1160,1174,1109,1138,1071,1138,1018,975,990,885,942,848,821,775,732,668,688,654,606,548,584,544,523,534,510,474,495,427,430,467,415,393,408,408,587,335,329,333,379,402,346,342,300,350,363,323,310,282,306,293,267,280,246,292,303,325,322,254,245,238,224,258,204,222,303,309,382,163,152,141,123,129,100,87,55,32,13,15,5,6,10,3,3,5,6,6,7,7,13,7,13,9,10,5,5,6,7,8,8,7,6,10,9,8,3,4,4,8,7,6,10,4,4,3,7,5,5,6,4,8,3,2,1,0,0,0,0,0,0,0,0,0,0,0,0,0,0,0,0,0,0,0,0,0,0,0,0,0,0,0,0,0,0,0,0,0,0,0,0,0,0,0,0,0,0,0,0,0,0,0,0,0,0,0,0,0,0,0
42.65,0,0,1,0,0,0,0,0,0,0,0,1,0,1,0,0,0,0,1,0,0,0,0,0,0,0,0,2,1,1,0,0,0,0,0,0,0,0,2,0,0,0,0,0,1,0,0,2,1,1,1,0,1,0,2,0,1,3,1,3,4,4,0,2,2,4,4,7,5,5,6,6,3,8,8,7,9,10,12,14,8,12,10,14,12,15,19,24,13,15,24,24,26,14,27,29,16,16,34,38,37,44,53,76,64,88,96,131,129,149,212,253,242,330,381,389,546,656,812,874,1096,1053,1146,1172,1106,1136,1067,1130,1005,980,981,881,933,842,819,779,726,665,681,658,606,547,578,544,519,531,512,463,491,430,429,461,412,393,416,409,580,335,326,339,377,401,341,340,298,348,366,324,307,282,305,290,274,280,245,285,299,324,325,255,243,237,225,258,202,223,302,307,382,163,152,141,122,130,100,87,54,33,13,15,5,6,10,3,3,5,6,6,7,7,13,7,13,9,11,5,5,6,7,7,8,7,6,10,9,8,4,4,4,8,7,6,10,4,4,3,7,5,5,6,4,8,3,2,1,0,0,0,0,0,0,0,0,0,0,0,0,0,0,0,0,0,0,0,0,0,0,0,0,0,0,0,0,0,0,0,0,0,0,0,0,0,0,0,0,0,0,0,0,0,0,0,0,0,0,0,0,0,0,0
42.75,0,0,0,0,0,0,0,0,0,0,0,0,0,0,0,0,0,0,1,0,0,1,0,0,0,0,1,0,0,0,0,0,1,0,1,0,0,2,1,1,1,3,0,4,1,0,1,1,1,1,0,1,0,4,0,2,0,1,2,3,1,0,3,3,4,7,4,2,5,3,7,4,9,5,5,8,5,9,6,10,10,10,5,9,12,13,14,18,12,7,16,21,28,19,15,18,24,18,36,29,36,39,59,79,62,95,109,137,137,150,215,261,246,326,382,395,551,650,812,877,1090,1051,1140,1157,1103,1137,1062,1119,1006,978,980,869,928,841,815,762,730,675,681,652,603,541,581,545,517,526,514,463,495,424,437,464,408,395,415,406,579,338,324,333,375,403,342,342,298,347,367,324,307,282,307,288,270,281,245,286,301,324,323,255,243,239,223,260,203,223,304,308,383,163,152,141,123,129,100,87,54,33,13,15,5,6,10,3,3,5,6,6,8,7,13,7,13,9,11,5,5,6,7,7,8,7,6,10,9,8,4,4,4,8,7,7,10,4,4,3,7,5,6,6,4,8,3,2,1,0,0,0,0,0,0,0,0,0,0,0,0,0,0,0,0,0,0,0,0,0,0,0,0,0,0,0,0,0,0,0,0,0,0,0,0,0,0,0,0,0,0,0,0,0,0,0,0,0,0,0,0,0,0,0
42.85,0,0,0,0,0,0,0,0,0,0,0,0,1,0,0,1,0,0,0,1,0,0,0,0,1,0,0,0,0,0,1,0,1,1,0,0,0,1,0,1,1,0,0,1,0,1,0,1,0,3,2,4,2,2,2,2,1,2,1,0,2,3,4,5,3,3,5,6,1,5,6,3,4,5,3,4,7,7,5,9,9,7,7,12,14,7,9,10,12,9,9,12,13,14,17,20,30,18,24,34,36,41,58,73,61,86,106,137,146,158,221,262,249,331,382,399,545,647,821,871,1089,1034,1137,1143,1100,1122,1064,1114,1006,969,979,864,923,837,800,766,721,677,674,650,599,544,580,545,515,523,509,466,492,428,435,463,410,397,414,404,575,336,326,336,370,407,342,345,298,351,366,325,306,281,309,288,269,280,248,283,301,324,323,256,245,237,223,260,201,224,305,309,382,164,152,141,122,128,101,87,54,32,14,15,5,6,10,3,3,5,6,6,8,7,13,7,13,9,11,5,5,6,7,7,8,7,6,10,8,8,4,4,4,8,8,6,10,4,5,3,8,5,6,6,5,8,3,2,1,0,0,0,0,0,0,0,0,0,0,0,0,0,0,0,0,0,0,0,0,0,0,0,0,0,0,0,0,0,0,0,0,0,0,0,0,0,0,0,0,0,0,0,0,0,0,0,0,0,0,0,0,0,0,0
42.95,0,0,0,0,0,0,0,0,0,0,0,0,0,1,0,0,0,0,0,0,0,0,0,0,0,0,0,0,0,1,0,0,1,1,1,1,1,0,0,0,0,1,0,1,0,0,1,0,0,2,0,0,0,1,2,2,0,1,2,1,3,3,1,2,5,0,3,1,2,2,4,3,1,1,5,3,2,4,3,2,4,5,4,0,4,9,5,4,5,4,4,8,13,19,14,14,22,18,30,36,38,42,59,72,66,102,103,140,137,162,221,260,255,326,384,403,558,642,823,864,1092,1029,1131,1137,1091,1116,1057,1122,996,968,980,864,913,834,798,750,723,673,673,647,602,547,580,544,516,526,511,459,492,431,436,463,410,394,412,408,581,336,326,331,374,410,341,342,298,349,369,321,306,279,310,290,270,282,243,283,301,325,322,255,246,239,222,261,200,223,307,306,382,166,153,140,121,128,99,87,55,32,14,15,5,6,10,3,3,5,6,6,8,7,13,7,13,9,11,5,5,6,7,7,8,7,6,10,8,8,4,4,4,8,8,6,10,4,4,3,8,6,6,6,5,8,3,2,1,0,0,0,0,0,0,0,0,0,0,0,0,0,0,0,0,0,0,0,0,0,0,0,0,0,0,0,0,0,0,0,0,0,0,0,0,0,0,0,0,0,0,0,0,0,0,0,0,0,0,0,0,0,0,0
43.05,0,0,1,0,0,0,0,1,0,0,0,0,0,0,0,0,0,0,0,0,0,0,0,0,0,0,0,0,0,0,1,0,1,1,0,0,1,0,2,0,2,1,0,1,2,0,1,2,1,1,1,3,3,4,0,1,3,1,2,4,2,1,2,3,4,1,2,1,3,2,1,1,5,3,2,4,0,3,3,5,3,1,2,3,5,2,3,2,3,9,3,7,7,14,12,16,22,17,22,24,41,53,64,64,78,104,113,118,145,163,225,261,248,332,375,411,558,635,818,862,1077,1025,1114,1137,1090,1100,1059,1111,996,961,958,873,922,830,800,738,725,667,674,644,603,546,573,548,511,525,509,463,488,428,432,466,402,391,412,410,574,339,327,328,379,406,342,339,299,349,365,318,309,283,308,288,272,281,243,286,300,322,320,255,248,239,227,261,198,228,303,304,379,166,153,142,120,128,97,86,54,32,14,15,6,6,10,3,3,5,6,6,7,7,13,7,13,9,11,5,5,6,7,7,8,7,6,10,8,8,4,4,4,8,8,6,11,3,4,3,8,5,7,6,5,8,3,2,1,0,0,0,0,0,0,0,0,0,0,0,0,0,0,0,0,0,0,0,0,0,0,0,0,0,0,0,0,0,0,0,0,0,0,0,0,0,0,0,0,0,0,0,0,0,0,0,0,0,0,0,0,0,0,0
43.15,0,0,0,0,0,0,0,0,0,0,0,0,0,0,0,0,0,0,0,0,0,0,0,0,0,0,0,0,1,0,1,2,0,1,1,0,0,1,0,1,1,0,1,3,0,0,2,0,0,1,1,2,1,1,1,0,0,7,1,1,2,0,3,3,1,3,6,2,7,10,6,8,5,7,3,5,5,8,5,13,7,9,10,8,6,6,7,11,8,11,11,14,11,9,13,9,15,24,25,28,37,50,59,66,72,100,108,127,137,164,216,256,249,338,376,411,545,620,811,862,1059,1024,1104,1125,1084,1105,1042,1109,989,954,964,871,915,834,787,737,730,653,665,643,600,543,578,542,499,540,503,455,496,426,436,461,409,385,414,413,573,339,327,328,376,405,340,336,297,353,373,317,315,277,303,286,268,286,244,283,300,319,323,253,248,244,227,255,202,221,300,303,380,168,152,140,119,128,98,84,53,32,14,15,5,6,10,3,3,5,6,6,7,7,13,7,13,9,11,5,5,6,7,7,8,8,6,10,7,8,4,4,4,9,8,6,10,3,4,3,8,5,7,7,5,8,3,2,1,0,0,0,0,0,0,0,0,0,0,0,0,0,0,0,0,0,0,0,0,0,0,0,0,0,0,0,0,0,0,0,0,0,0,0,0,0,0,0,0,0,0,0,0,0,0,0,0,0,0,0,0,0,0,0
43.25,1,0,0,1,0,0,0,0,0,0,0,0,1,0,0,0,0,0,1,0,0,0,0,0,1,0,0,0,0,0,1,0,0,0,0,2,1,0,0,0,1,0,1,0,0,1,0,1,1,2,3,0,2,2,0,3,2,2,1,1,3,4,5,4,7,4,4,9,6,3,5,8,7,1,3,8,9,6,9,17,11,11,13,14,10,8,7,6,13,19,19,14,17,5,11,23,20,25,24,32,43,45,57,61,64,95,100,126,140,166,222,253,240,327,372,404,540,606,810,856,1059,1018,1095,1132,1064,1093,1031,1099,982,964,955,863,921,829,785,746,728,644,667,644,591,542,572,542,504,536,495,459,491,427,430,462,406,389,407,408,571,335,331,332,377,399,339,338,302,354,369,318,308,275,309,283,267,283,245,285,296,324,320,255,247,240,225,258,195,222,301,302,376,165,153,142,121,127,97,84,53,32,14,15,5,6,10,3,3,5,6,6,7,7,13,7,13,9,11,5,5,6,7,6,8,8,6,10,7,8,5,4,4,8,8,6,10,3,4,3,8,5,7,7,5,8,3,2,1,0,0,0,0,0,0,0,0,0,0,0,0,0,0,0,0,0,0,0,0,0,0,0,0,0,0,0,0,0,0,0,0,0,0,0,0,0,0,0,0,0,0,0,0,0,0,0,0,0,0,0,0,0,0,0
43.35,0,0,0,0,0,0,0,0,0,0,0,0,0,0,0,0,0,0,0,0,0,0,0,1,0,0,1,1,0,0,0,0,0,1,0,1,1,1,2,0,1,1,1,1,2,2,2,2,1,0,5,0,1,1,4,4,2,1,1,1,7,1,2,1,5,6,4,8,7,3,8,4,7,7,7,3,7,5,8,9,12,18,7,12,16,18,11,12,32,20,9,17,22,11,16,16,25,32,28,19,37,48,54,67,70,94,103,125,134,158,212,246,236,326,375,402,530,606,813,853,1051,1013,1085,1127,1064,1086,1038,1087,982,956,958,858,915,821,782,743,723,652,669,632,592,544,573,541,515,531,502,448,492,428,430,466,399,386,414,407,568,339,328,333,374,397,343,337,298,358,361,320,312,276,306,282,271,282,247,286,297,320,321,251,248,239,224,255,195,221,301,302,376,165,154,140,120,126,96,84,53,31,14,15,5,6,10,3,3,5,6,7,7,7,13,7,13,9,11,5,5,6,7,6,7,9,6,10,7,8,4,4,4,9,8,6,10,3,4,3,9,5,7,7,5,8,3,2,1,0,0,0,0,0,0,0,0,0,0,0,0,0,0,0,0,0,0,0,0,0,0,0,0,0,0,0,0,0,0,0,0,0,0,0,0,0,0,0,0,0,0,0,0,0,0,0,0,0,0,0,0,0,0,0
43.45,0,0,0,0,0,0,0,0,0,0,0,0,0,0,0,0,0,0,0,0,0,0,0,1,0,1,1,0,0,0,0,0,0,0,1,1,0,0,1,1,0,1,0,0,4,2,0,0,0,0,2,1,1,2,1,3,0,2,0,3,0,4,2,5,5,5,4,3,5,10,7,6,9,10,3,5,11,6,11,11,10,14,7,17,16,20,16,20,22,21,19,17,24,30,23,28,26,24,34,24,28,44,51,52,67,96,99,119,139,157,215,251,235,316,374,397,538,600,807,844,1043,1013,1079,1119,1064,1080,1039,1083,975,947,955,859,904,816,788,737,715,652,666,622,601,542,575,546,505,532,496,447,498,424,431,461,400,389,411,405,567,341,331,331,375,397,342,338,300,351,364,316,316,274,309,283,272,281,245,285,299,319,319,254,246,239,219,255,196,221,302,301,378,164,153,139,120,126,96,84,53,31,14,15,6,6,10,3,3,5,6,6,7,7,13,7,13,10,11,6,5,6,7,6,6,8,6,10,7,8,4,4,4,9,8,7,10,4,4,3,9,5,7,7,5,8,3,2,1,0,0,0,0,0,0,0,0,0,0,0,0,0,0,0,0,0,0,0,0,0,0,0,0,0,0,0,0,0,0,0,0,0,0,0,0,0,0,0,0,0,0,0,0,0,0,0,0,0,0,0,0,0,0,0
43.55,0,0,0,0,0,0,0,2,0,0,0,0,0,0,0,0,0,0,0,1,1,0,0,1,0,0,0,0,0,0,0,1,1,0,0,0,0,1,0,0,1,0,1,1,1,2,3,0,0,1,2,3,0,0,1,2,6,2,3,1,2,1,4,2,7,3,2,5,3,4,2,7,4,5,8,13,9,12,6,13,14,6,13,22,12,10,9,24,22,29,24,23,24,26,17,24,25,28,33,29,36,39,49,57,67,89,104,109,139,158,213,250,230,322,370,401,532,603,801,842,1051,989,1081,1118,1052,1082,1033,1087,971,946,950,854,896,825,782,720,722,653,654,633,591,542,577,538,506,530,490,457,493,418,434,457,397,386,410,406,569,339,334,330,372,399,343,336,301,354,363,318,315,274,308,282,273,284,245,287,297,313,319,253,245,238,219,256,194,221,303,302,377,164,153,138,121,126,96,84,53,32,14,15,5,6,10,4,3,5,6,6,7,7,13,7,13,10,11,5,5,6,7,6,6,8,6,10,7,8,4,4,4,9,8,7,10,4,4,3,9,5,7,7,5,8,3,2,1,0,0,0,0,0,0,0,0,0,0,0,0,0,0,0,0,0,0,0,0,0,0,0,0,0,0,0,0,0,0,0,0,0,0,0,0,0,0,0,0,0,0,0,0,0,0,0,0,0,0,0,0,0,0,0
43.65,1,0,0,0,0,0,0,0,0,0,0,0,0,0,0,0,0,0,0,0,0,0,0,0,0,0,1,1,0,0,0,0,1,1,1,0,0,0,0,1,0,1,2,2,1,0,0,0,2,2,0,1,0,2,2,2,0,2,3,2,4,2,3,3,3,2,3,5,7,11,4,6,8,9,11,4,5,7,11,10,17,13,13,13,14,14,15,14,17,30,19,15,19,31,31,25,27,19,33,30,42,45,53,54,77,90,96,109,139,158,209,243,235,314,372,397,535,603,792,836,1039,988,1077,1111,1050,1076,1017,1094,960,937,947,853,896,825,769,721,711,657,649,635,594,543,568,541,505,527,495,462,485,423,426,456,403,385,407,407,568,342,334,328,370,401,343,340,297,354,365,317,310,275,310,277,273,284,243,287,298,313,316,256,245,237,220,254,195,222,303,302,378,165,154,137,121,125,96,84,53,32,14,15,5,6,10,3,3,5,6,6,7,7,13,7,13,10,11,5,5,6,7,6,6,8,6,10,7,8,4,4,4,9,8,7,10,4,4,3,9,5,7,7,5,8,3,2,1,0,0,0,0,0,0,0,0,0,0,0,0,0,0,0,0,0,0,0,0,0,0,0,0,0,0,0,0,0,0,0,0,0,0,0,0,0,0,0,0,0,0,0,0,0,0,0,0,0,0,0,0,0,0,0
43.75,0,0,0,0,0,0,0,1,0,0,0,0,0,0,0,0,1,0,0,0,0,0,0,0,0,0,0,1,1,0,0,1,0,0,0,0,2,1,1,2,1,2,0,1,1,0,0,0,1,1,4,4,2,0,1,5,0,1,0,0,4,3,4,2,1,2,4,2,4,6,6,8,7,7,12,3,3,10,12,5,11,5,14,13,14,11,14,12,17,15,10,20,19,19,21,24,29,28,42,35,34,40,62,61,63,95,106,117,137,156,214,244,235,318,372,403,534,594,796,839,1038,990,1071,1104,1049,1072,1014,1081,961,931,943,850,893,812,774,711,715,649,649,631,594,541,568,539,503,535,487,458,490,420,433,455,399,384,406,408,566,343,335,326,376,400,348,339,298,350,363,317,309,274,308,279,273,280,244,290,296,313,317,258,245,236,218,255,196,222,303,302,378,166,153,137,120,125,96,84,53,32,13,15,5,6,10,3,3,5,6,6,7,7,13,7,13,10,11,5,5,6,7,6,6,8,6,10,7,8,4,4,4,9,8,7,10,4,4,3,9,5,7,7,5,8,3,2,1,0,0,0,0,0,0,0,0,0,0,0,0,0,0,0,0,0,0,0,0,0,0,0,0,0,0,0,0,0,0,0,0,0,0,0,0,0,0,0,0,0,0,0,0,0,0,0,0,0,0,0,0,0,0,0
43.85,0,0,0,0,0,0,0,0,0,0,0,0,0,0,0,0,0,0,0,0,0,0,0,1,0,1,0,0,0,0,1,0,0,0,0,0,0,0,2,0,1,0,1,0,2,0,3,1,2,0,0,0,0,3,1,0,3,3,1,3,3,1,1,3,1,4,4,2,1,3,3,6,4,5,4,8,4,4,5,8,7,5,4,11,6,10,11,9,12,9,8,19,9,19,17,21,20,23,37,39,38,47,69,61,67,99,106,121,145,165,215,247,230,318,373,409,518,602,790,838,1037,980,1077,1102,1040,1070,1008,1072,954,933,941,846,895,813,766,716,712,650,646,627,586,540,568,543,501,536,489,454,485,417,431,453,399,384,405,409,563,339,334,329,374,403,347,338,299,352,364,316,310,277,307,282,273,283,241,290,295,316,316,256,244,238,219,254,193,224,303,303,379,165,153,137,120,127,97,84,53,32,13,15,5,6,10,3,3,5,5,6,7,7,13,7,13,10,11,5,5,6,7,6,6,8,6,10,8,8,4,4,4,9,8,7,10,4,4,3,9,6,7,7,5,8,3,2,1,0,0,0,0,0,0,0,0,0,0,0,0,0,0,0,0,0,0,0,0,0,0,0,0,0,0,0,0,0,0,0,0,0,0,0,0,0,0,0,0,0,0,0,0,0,0,0,0,0,0,0,0,0,0,0
43.95,0,0,0,0,0,0,0,0,0,0,0,0,0,0,0,0,0,0,0,0,0,0,0,0,0,0,0,0,0,1,0,1,0,0,0,0,0,1,0,1,0,0,2,0,0,0,1,2,0,1,1,3,1,1,1,1,1,0,3,1,7,1,4,4,1,3,5,2,1,7,1,5,1,3,3,1,5,3,0,3,5,3,6,7,6,5,4,6,4,8,8,8,11,10,12,18,19,22,31,31,44,50,74,67,78,107,108,122,148,164,218,249,241,314,372,404,526,599,797,840,1041,978,1071,1095,1034,1065,1011,1065,958,926,938,851,893,812,762,714,715,642,642,624,587,534,571,540,502,529,487,458,485,417,421,455,399,382,405,411,566,339,330,328,376,402,345,340,301,347,366,322,309,277,308,283,273,281,242,292,297,317,318,256,245,235,220,254,195,224,304,303,377,166,154,137,121,127,96,84,53,32,13,15,5,6,10,3,3,5,5,6,7,7,13,7,13,10,11,5,5,6,7,6,6,8,6,9,8,8,4,4,4,9,8,7,10,4,4,3,9,6,7,7,6,8,3,2,1,0,0,0,0,0,0,0,0,0,0,0,0,0,0,0,0,0,0,0,0,0,0,0,0,0,0,0,0,0,0,0,0,0,0,0,0,0,0,0,0,0,0,0,0,0,0,0,0,0,0,0,0,0,0,0
44.05,0,0,0,0,0,0,0,0,1,0,0,0,0,0,0,0,0,0,0,0,0,0,0,0,0,0,0,0,0,0,1,0,1,0,0,0,1,2,0,1,2,1,0,1,0,1,0,1,3,0,1,2,1,1,0,3,3,2,2,2,1,1,1,1,2,1,1,1,6,2,0,3,6,1,0,0,5,3,6,3,3,5,3,3,3,3,2,2,6,6,4,9,9,8,17,13,13,27,28,39,37,54,59,72,81,120,112,135,149,175,218,246,240,318,366,402,512,602,780,828,1038,978,1055,1105,1036,1073,996,1062,947,928,939,855,886,800,765,719,705,647,634,627,579,536,569,533,507,526,494,448,488,418,419,460,397,382,406,408,565,345,326,329,372,405,346,337,308,345,361,320,304,278,309,285,270,279,243,291,293,317,319,252,247,233,222,253,192,225,304,304,379,164,152,136,122,128,94,85,51,31,15,15,5,6,10,4,3,5,4,6,7,7,14,6,13,10,11,5,5,6,7,6,6,9,5,9,8,8,4,4,4,9,8,7,10,4,4,3,9,6,7,7,6,8,3,2,1,0,0,0,0,0,0,0,0,0,0,0,0,0,0,0,0,0,0,0,0,0,0,0,0,0,0,0,0,0,0,0,0,0,0,0,0,0,0,0,0,0,0,0,0,0,0,0,0,0,0,0,0,0,0,0
44.15,0,0,0,0,0,0,0,0,0,0,0,1,0,0,0,0,0,0,0,0,0,0,0,0,0,0,0,1,0,0,0,0,0,1,0,0,0,0,0,0,0,0,2,0,3,1,2,1,1,3,3,0,2,1,1,0,0,3,4,1,1,3,1,1,1,4,4,4,2,4,5,2,6,7,4,6,6,2,5,7,11,6,10,10,5,6,2,5,11,8,5,11,13,13,15,17,16,34,25,37,41,51,60,70,74,114,106,123,142,173,207,242,236,312,367,402,519,584,773,819,1040,965,1047,1098,1036,1054,1000,1044,942,933,928,853,881,793,775,721,700,649,638,622,576,536,566,532,508,527,482,447,491,417,422,458,399,382,404,413,564,343,321,327,373,401,343,339,304,340,363,318,303,280,308,290,270,280,240,289,293,321,316,251,246,231,222,252,192,224,305,303,381,162,151,138,122,129,93,82,52,31,15,15,5,6,10,3,3,5,4,7,7,7,13,6,13,10,11,5,5,6,7,7,6,8,4,9,8,8,4,4,4,9,8,7,10,4,4,3,9,6,7,7,6,8,2,2,1,0,0,0,0,0,0,0,0,0,0,0,0,0,0,0,0,0,0,0,0,0,0,0,0,0,0,0,0,0,0,0,0,0,0,0,0,0,0,0,0,0,0,0,0,0,0,0,0,0,0,0,0,0,0,0
44.25,0,0,0,0,0,0,0,0,0,0,0,0,0,0,0,0,0,0,0,0,0,0,0,1,1,0,0,0,0,0,0,0,0,0,0,1,2,0,1,0,0,0,0,0,2,1,1,3,0,0,1,0,0,0,1,1,2,3,2,0,1,2,5,3,3,2,4,4,4,6,5,4,5,2,6,5,9,13,6,10,8,8,11,14,15,7,10,10,7,8,16,10,14,13,22,20,20,33,32,35,29,46,50,69,75,105,106,121,142,170,204,248,229,314,360,390,512,589,772,815,1030,962,1045,1092,1030,1053,989,1039,951,923,935,836,888,783,777,712,708,638,629,627,577,535,571,529,499,520,485,445,487,414,420,458,393,378,404,411,562,338,322,327,374,402,341,341,298,346,365,317,312,280,309,286,269,282,240,290,293,317,316,250,247,228,222,252,193,222,303,303,382,162,153,138,120,128,93,81,51,30,15,15,5,6,10,4,3,5,4,6,7,7,13,6,13,10,11,6,5,6,7,6,6,8,4,9,8,8,4,4,4,9,8,7,10,4,4,3,9,6,7,7,6,8,2,2,1,0,0,0,0,0,0,0,0,0,0,0,0,0,0,0,0,0,0,0,0,0,0,0,0,0,0,0,0,0,0,0,0,0,0,0,0,0,0,0,0,0,0,0,0,0,0,0,0,0,0,0,0,0,0,0
44.35,0,0,0,0,0,0,0,0,0,0,0,1,0,0,0,0,0,0,0,0,0,0,0,0,1,0,1,0,0,1,0,0,1,0,0,0,0,1,1,0,0,0,0,1,2,2,2,0,0,1,2,0,0,0,1,3,1,0,2,2,2,3,0,1,6,3,3,4,2,7,7,4,4,6,7,4,9,8,3,8,8,12,10,7,8,11,13,13,13,15,20,21,17,18,17,24,25,31,25,28,29,47,47,68,75,97,102,120,138,167,205,242,225,310,362,386,509,584,775,813,1021,960,1039,1096,1023,1048,978,1036,953,917,927,829,879,784,773,711,708,637,622,624,581,528,573,526,493,527,481,448,482,413,416,460,391,375,401,409,557,341,323,333,367,400,346,339,298,344,368,320,299,281,308,286,273,281,238,285,296,317,312,253,245,227,222,254,191,223,305,302,381,163,151,137,120,128,94,81,51,30,16,15,5,6,10,3,3,5,4,6,7,7,13,7,13,10,11,5,5,6,7,6,6,8,4,9,8,8,4,4,4,9,7,7,11,4,4,3,9,6,7,7,6,8,2,2,1,0,0,0,0,0,0,0,0,0,0,0,0,0,0,0,0,0,0,0,0,0,0,0,0,0,0,0,0,0,0,0,0,0,0,0,0,0,0,0,0,0,0,0,0,0,0,0,0,0,0,0,0,0,0,0
44.45,0,0,0,0,1,0,0,0,0,0,1,0,1,0,0,0,0,0,0,0,0,0,0,0,0,0,0,0,0,1,0,0,0,0,0,0,1,2,0,0,2,1,1,1,2,0,2,1,0,2,1,0,0,0,1,5,1,1,2,3,0,6,3,2,3,3,8,6,2,4,2,9,3,3,5,6,7,6,1,9,14,12,17,17,9,15,14,20,14,19,22,22,10,14,20,20,16,21,32,28,33,47,50,71,71,97,102,122,137,165,200,236,223,303,361,388,501,581,764,807,1018,959,1032,1087,1017,1044,977,1035,942,920,923,824,876,789,766,712,706,629,627,620,577,539,569,524,494,524,477,447,479,418,416,460,393,378,396,407,560,340,321,329,365,402,344,336,298,350,365,316,303,280,308,283,269,280,239,288,295,315,312,250,246,229,220,251,189,224,304,304,382,163,150,136,119,128,94,81,51,29,15,15,5,6,10,3,3,6,4,6,7,7,13,6,13,10,11,5,5,6,6,6,5,8,4,9,8,8,4,4,4,9,7,7,11,4,4,3,9,6,7,7,6,7,2,2,1,0,0,0,0,0,0,0,0,0,0,0,0,0,0,0,0,0,0,0,0,0,0,0,0,0,0,0,0,0,0,0,0,0,0,0,0,0,0,0,0,0,0,0,0,0,0,0,0,0,0,0,0,0,0,0
44.55,0,0,0,0,0,0,0,0,0,0,0,0,0,0,0,2,0,0,0,0,0,1,0,0,0,0,0,0,0,0,0,1,0,0,0,0,0,3,0,0,0,0,1,2,0,0,0,1,1,2,1,1,3,1,3,3,0,2,2,3,3,3,1,1,0,3,6,3,3,5,4,6,9,6,4,11,9,9,10,14,7,11,13,10,15,13,16,18,10,19,13,16,18,25,26,19,19,21,27,32,31,42,48,62,70,93,106,123,137,169,195,230,230,308,361,394,500,573,755,802,1011,957,1029,1079,1014,1039,967,1028,952,907,928,831,871,790,767,715,703,626,625,616,575,536,570,525,485,526,478,445,475,421,414,456,387,378,394,408,557,342,322,327,364,398,344,340,298,347,364,320,302,279,309,284,269,281,237,288,293,315,312,249,244,229,220,250,189,223,305,304,383,162,150,136,119,129,94,81,52,29,15,15,5,6,10,3,3,5,4,6,7,7,13,6,13,10,11,5,5,6,6,6,5,8,5,9,8,8,4,4,4,9,7,7,11,4,4,3,9,6,7,7,6,7,2,2,1,0,0,0,0,0,0,0,0,0,0,0,0,0,0,0,0,0,0,0,0,0,0,0,0,0,0,0,0,0,0,0,0,0,0,0,0,0,0,0,0,0,0,0,0,0,0,0,0,0,0,0,0,0,0,0
44.65,0,0,0,0,0,1,1,1,0,0,0,0,0,0,0,0,0,0,1,0,0,0,0,0,0,0,0,0,0,0,1,1,0,1,0,1,1,0,0,0,0,1,0,0,3,1,0,0,3,1,0,2,0,0,3,5,4,0,2,2,5,0,6,1,3,5,2,3,6,2,3,3,7,5,7,5,9,5,10,4,10,8,10,7,17,11,13,12,22,17,11,12,21,20,18,24,17,24,23,31,37,45,45,65,73,95,98,125,139,173,193,232,225,304,365,397,501,572,750,794,1006,943,1024,1071,1013,1032,957,1019,942,912,925,827,869,793,769,709,701,625,627,614,580,531,571,523,491,525,473,450,479,413,417,460,384,380,393,406,561,342,321,327,363,397,338,336,296,351,359,320,305,279,308,282,266,279,237,292,289,318,312,247,244,228,220,251,188,222,305,303,382,162,151,136,119,129,94,80,52,29,15,15,5,6,10,3,3,5,4,5,7,7,13,6,13,10,11,5,5,6,6,6,5,8,5,9,8,8,4,4,4,9,7,7,11,4,4,3,9,6,7,7,6,7,2,2,1,0,0,0,0,0,0,0,0,0,0,0,0,0,0,0,0,0,0,0,0,0,0,0,0,0,0,0,0,0,0,0,0,0,0,0,0,0,0,0,0,0,0,0,0,0,0,0,0,0,0,0,0,0,0,0
44.75,0,0,0,0,0,0,0,0,0,1,0,0,0,0,0,0,0,0,0,0,0,0,0,0,0,0,0,0,0,1,1,1,0,0,0,0,0,0,1,0,1,3,0,2,0,0,0,1,0,1,1,2,1,0,0,1,2,0,1,3,2,2,6,8,4,2,2,4,6,6,3,7,6,6,5,4,9,8,7,4,3,13,14,9,11,5,13,11,6,19,9,9,12,14,14,21,21,19,25,33,42,43,46,66,73,97,104,122,143,171,190,232,228,304,365,394,498,567,751,792,1000,937,1024,1067,1011,1029,956,1013,944,911,920,827,870,798,765,706,699,628,622,614,577,527,574,523,483,523,473,445,475,413,416,454,385,377,391,405,561,342,322,322,363,399,338,339,298,345,361,324,300,279,308,281,267,279,237,290,290,319,311,247,244,229,220,252,190,222,306,303,382,163,151,136,119,129,94,80,52,30,14,15,5,6,10,3,3,5,4,5,7,7,13,6,13,10,11,5,5,6,6,6,5,8,5,9,8,8,4,4,4,9,7,7,11,4,4,3,9,6,7,7,6,7,2,2,1,0,0,0,0,0,0,0,0,0,0,0,0,0,0,0,0,0,0,0,0,0,0,0,0,0,0,0,0,0,0,0,0,0,0,0,0,0,0,0,0,0,0,0,0,0,0,0,0,0,0,0,0,0,0,0
44.85,0,0,0,1,0,0,0,0,0,0,0,0,0,0,0,0,0,0,0,0,1,1,0,0,1,0,0,0,0,0,0,0,0,0,0,0,0,0,1,0,0,0,1,1,1,3,2,0,0,0,0,1,2,0,1,1,0,3,2,2,0,2,2,3,2,4,1,0,2,2,6,6,6,6,8,4,3,9,4,11,6,3,10,10,5,9,5,11,11,10,7,16,12,19,15,15,19,23,23,33,34,45,42,68,84,103,105,130,143,174,191,224,236,299,365,388,499,565,755,789,999,944,1023,1054,1005,1021,959,1008,941,911,918,828,866,789,767,701,700,623,620,613,577,527,569,522,484,526,465,446,474,413,414,456,380,379,393,401,563,341,319,324,362,398,340,337,294,346,362,321,300,281,309,281,265,278,238,290,290,319,312,247,245,230,220,252,189,223,307,302,382,163,151,136,118,129,94,80,52,30,14,15,5,6,10,3,3,5,4,5,7,7,13,6,13,10,11,5,5,6,6,6,5,8,5,9,8,8,4,4,4,9,7,7,11,4,4,3,9,6,7,7,6,7,2,2,1,0,0,0,0,0,0,0,0,0,0,0,0,0,0,0,0,0,0,0,0,0,0,0,0,0,0,0,0,0,0,0,0,0,0,0,0,0,0,0,0,0,0,0,0,0,0,0,0,0,0,0,0,0,0,0
44.95,0,0,0,0,0,0,0,0,0,0,0,0,0,0,0,0,1,0,0,0,0,0,1,0,0,0,1,0,0,0,0,0,0,1,0,0,0,0,1,1,0,2,0,1,1,0,1,0,1,2,2,1,0,0,1,1,2,1,1,0,2,1,1,4,3,1,4,4,1,1,0,3,4,1,3,4,3,5,5,1,5,5,4,5,3,0,6,10,3,8,6,12,8,10,14,19,15,25,24,31,43,52,47,70,81,98,122,140,153,178,198,230,228,299,368,393,493,568,755,789,992,950,1024,1061,995,1027,955,1011,944,904,919,830,865,785,765,707,701,616,627,615,577,524,569,521,477,529,466,445,470,410,416,453,383,377,393,403,561,340,318,320,361,397,338,339,296,346,365,320,300,280,308,284,264,278,239,289,293,321,311,247,245,232,220,253,188,221,307,302,381,164,150,136,118,129,95,80,52,30,14,15,5,6,10,3,3,5,4,5,7,7,13,6,13,10,11,5,5,6,6,6,5,8,5,9,8,8,4,4,4,9,7,7,11,4,4,3,9,6,7,7,6,7,2,2,1,0,0,0,0,0,0,0,0,0,0,0,0,0,0,0,0,0,0,0,0,0,0,0,0,0,0,0,0,0,0,0,0,0,0,0,0,0,0,0,0,0,0,0,0,0,0,0,0,0,0,0,0,0,0,0
45.05,0,0,0,0,0,0,0,0,0,0,0,0,0,0,0,0,0,0,0,0,0,1,0,0,0,0,0,0,2,0,0,0,0,0,1,0,1,0,1,1,1,0,1,0,0,1,1,2,3,0,1,1,1,0,4,2,1,0,2,2,1,2,2,3,0,3,5,3,1,2,2,8,2,2,3,1,2,1,0,2,3,3,7,6,1,2,3,1,5,9,11,6,11,7,12,17,19,17,29,37,33,62,50,55,85,96,124,138,160,176,201,238,240,290,345,396,491,567,761,775,994,933,1030,1062,988,1022,952,1015,931,896,915,834,864,776,758,703,702,616,621,610,573,530,562,517,484,529,467,444,469,403,419,450,381,376,392,403,564,346,317,315,363,395,337,337,298,343,368,319,295,278,307,286,263,278,238,286,296,319,312,244,246,229,222,252,190,221,305,302,380,161,149,136,121,128,92,82,51,30,15,14,5,6,10,3,3,5,4,5,7,7,13,6,13,10,11,6,4,6,6,6,5,8,5,9,8,8,4,4,4,9,7,7,11,4,4,3,9,6,7,7,6,7,2,2,1,0,0,0,0,0,0,0,0,0,0,0,0,0,0,0,0,0,0,0,0,0,0,0,0,0,0,0,0,0,0,0,0,0,0,0,0,0,0,0,0,0,0,0,0,0,0,0,0,0,0,0,0,0,0,0
45.15,0,0,0,0,0,0,0,0,0,0,0,0,1,0,0,0,0,0,0,0,0,0,0,0,0,0,0,1,0,0,1,0,0,0,1,1,0,0,1,2,1,2,1,1,0,0,1,0,0,1,2,1,0,3,2,4,1,2,0,5,2,2,1,3,5,3,1,3,4,5,6,3,5,5,7,1,5,6,6,11,3,2,6,8,7,12,7,3,4,5,6,6,9,8,11,18,23,21,26,30,31,59,53,61,75,103,117,140,154,175,195,240,227,294,347,394,494,570,751,763,988,931,1033,1052,989,1015,954,1012,938,890,915,828,848,782,752,704,693,618,613,608,570,532,564,514,485,529,472,439,470,410,413,451,374,380,395,408,555,345,316,321,358,394,339,338,299,340,365,321,293,274,310,283,264,276,242,285,296,319,310,244,247,229,221,251,189,221,303,305,379,162,150,135,117,128,92,80,52,30,14,15,5,6,10,3,3,5,4,5,7,8,13,6,14,10,11,5,4,6,6,6,5,8,5,9,9,8,4,4,4,9,7,7,11,4,4,3,9,6,7,7,6,7,2,2,1,0,0,0,0,0,0,0,0,0,0,0,0,0,0,0,0,0,0,0,0,0,0,0,0,0,0,0,0,0,0,0,0,0,0,0,0,0,0,0,0,0,0,0,0,0,0,0,0,0,0,0,0,0,0,0
45.25,0,0,0,0,0,0,1,0,1,0,1,0,2,0,0,0,0,0,0,0,0,0,0,0,0,0,0,0,0,0,0,0,0,0,1,1,1,0,0,0,0,0,1,2,1,1,1,3,2,2,1,0,3,1,3,3,1,3,2,3,1,1,1,4,5,2,1,2,5,2,2,6,6,6,7,9,5,6,6,13,8,4,6,9,7,6,9,8,16,12,12,11,7,18,15,13,15,20,31,26,35,60,49,61,73,101,119,131,148,175,190,237,229,276,341,392,481,571,746,765,981,929,1027,1045,990,1015,953,1006,936,880,917,822,845,778,747,709,691,609,611,605,576,524,559,516,494,522,467,438,468,402,418,441,381,382,391,406,554,338,316,316,360,393,340,341,294,342,366,317,296,270,309,286,261,279,243,284,293,320,311,244,247,227,222,252,188,220,303,306,380,161,147,135,117,128,93,80,51,30,14,14,5,6,10,3,3,5,4,5,8,9,12,6,13,10,11,5,4,6,6,6,5,8,5,9,9,8,4,4,4,8,7,7,11,4,4,3,10,6,7,8,6,7,2,2,1,0,0,0,0,0,0,0,0,0,0,0,0,0,0,0,0,0,0,0,0,0,0,0,0,0,0,0,0,0,0,0,0,0,0,0,0,0,0,0,0,0,0,0,0,0,0,0,0,0,0,0,0,0,0,0
45.35,0,1,0,0,0,0,0,0,0,0,0,0,0,0,0,0,0,0,1,1,1,0,0,0,0,1,0,0,1,0,0,0,0,0,0,0,0,0,0,0,0,0,1,4,1,1,1,0,0,2,2,1,1,0,0,0,1,2,4,2,0,0,2,3,2,6,1,6,5,5,4,3,5,7,8,8,9,8,9,11,6,12,14,13,10,18,13,15,11,20,15,9,18,14,18,15,23,15,25,32,30,57,40,59,71,96,117,128,142,171,191,228,227,276,341,384,476,578,744,764,978,926,1021,1037,985,999,956,1009,936,885,903,823,843,773,753,712,688,604,613,606,575,524,555,523,490,523,469,434,466,408,410,446,377,379,389,409,552,335,319,318,357,390,342,341,296,343,361,314,297,268,307,285,265,281,237,284,294,322,310,243,247,228,220,250,185,223,304,305,376,162,146,134,117,128,92,80,51,30,14,14,6,6,11,3,3,5,4,5,7,8,12,6,13,10,12,5,4,6,6,6,5,8,5,9,9,8,4,4,4,8,7,7,11,4,4,3,10,6,7,8,6,7,2,2,1,0,0,0,0,0,0,0,0,0,0,0,0,0,0,0,0,0,0,0,0,0,0,0,0,0,0,0,0,0,0,0,0,0,0,0,0,0,0,0,0,0,0,0,0,0,0,0,0,0,0,0,0,0,0,0
45.45,0,0,0,0,0,0,0,0,0,1,0,0,0,0,0,0,1,0,0,0,0,0,0,0,0,0,0,0,0,0,0,0,1,0,0,0,1,1,0,1,2,0,0,2,0,0,0,1,2,1,2,1,2,2,2,3,1,2,1,0,1,3,4,1,6,1,3,8,6,2,4,5,9,9,8,7,2,8,6,7,10,14,14,14,8,22,18,18,19,19,16,14,13,17,22,20,20,16,21,30,30,49,49,61,70,91,112,131,143,167,191,236,225,272,338,387,481,567,746,760,981,930,1023,1028,988,1001,955,1010,932,890,901,817,832,770,752,708,681,606,618,600,572,521,558,517,482,518,473,432,470,399,409,440,377,377,390,405,555,338,321,315,358,390,343,340,298,340,360,316,295,272,311,284,266,277,238,283,291,319,309,244,247,229,220,251,184,222,305,304,378,162,146,134,116,129,92,80,51,30,14,14,6,6,10,3,3,5,4,5,7,8,12,6,12,10,11,5,4,6,6,7,5,8,5,9,9,8,4,4,4,8,7,7,11,4,4,3,10,6,7,8,6,7,2,2,1,0,0,0,0,0,0,0,0,0,0,0,0,0,0,0,0,0,0,0,0,0,0,0,0,0,0,0,0,0,0,0,0,0,0,0,0,0,0,0,0,0,0,0,0,0,0,0,0,0,0,0,0,0,0,0
45.55,0,0,0,0,0,1,0,0,0,0,0,0,0,0,0,0,0,2,0,0,0,0,0,0,1,1,0,0,1,0,0,0,0,0,0,1,0,2,2,1,0,0,1,1,0,0,0,2,0,2,1,1,2,1,3,3,3,2,4,1,5,5,3,4,5,2,3,4,6,3,5,6,6,4,8,9,2,10,7,10,14,10,6,14,7,9,18,16,12,14,14,13,15,23,18,23,20,14,21,30,29,52,41,61,66,91,115,132,142,165,185,236,229,273,338,388,478,561,743,755,978,941,1010,1027,986,1005,951,1013,924,889,894,818,827,776,744,708,680,603,615,607,571,516,557,519,472,517,468,442,468,399,407,440,374,378,388,406,557,337,316,317,357,391,338,339,295,342,358,319,296,276,311,286,264,280,238,280,291,319,309,244,247,228,220,251,185,221,303,305,378,161,146,134,115,128,92,80,51,30,14,14,6,6,10,3,3,5,4,5,7,8,12,6,12,10,11,5,4,6,6,6,5,8,6,9,9,8,4,4,4,8,7,7,11,4,4,3,10,6,7,8,6,7,2,2,1,0,0,0,0,0,0,0,0,0,0,0,0,0,0,0,0,0,0,0,0,0,0,0,0,0,0,0,0,0,0,0,0,0,0,0,0,0,0,0,0,0,0,0,0,0,0,0,0,0,0,0,0,0,0,0
45.65,0,0,0,0,0,0,0,0,0,0,0,1,0,0,0,0,0,0,0,1,1,0,0,0,0,0,0,0,1,0,0,0,0,0,0,1,1,1,0,0,1,0,1,0,0,1,0,2,1,0,1,1,1,0,1,1,3,1,4,2,0,2,0,1,6,5,1,4,7,7,6,3,4,4,6,6,3,2,4,5,9,7,14,12,12,10,17,17,23,16,19,21,21,18,17,16,21,12,25,36,33,55,39,58,72,88,112,132,145,166,186,239,228,272,342,388,473,560,743,764,970,933,1006,1020,985,1003,942,1011,925,878,898,816,828,772,743,701,677,604,614,611,560,520,556,515,471,520,470,438,467,404,403,443,372,378,387,403,552,340,318,314,361,385,340,342,293,345,359,315,294,275,311,282,267,282,242,282,289,318,309,243,245,227,220,251,184,221,304,304,377,161,146,132,115,128,92,80,51,30,14,14,6,6,9,3,3,5,4,5,6,7,12,7,12,9,11,5,4,6,6,6,6,8,5,9,10,8,4,4,4,8,8,7,11,4,4,3,10,6,6,8,6,7,2,2,1,0,0,0,0,0,0,0,0,0,0,0,0,0,0,0,0,0,0,0,0,0,0,0,0,0,0,0,0,0,0,0,0,0,0,0,0,0,0,0,0,0,0,0,0,0,0,0,0,0,0,0,0,0,0,0
45.75,0,0,0,0,0,0,0,0,0,0,0,0,0,0,0,0,0,0,0,0,0,0,0,0,0,1,1,0,1,0,2,0,0,1,0,1,0,0,1,0,0,0,0,2,1,0,1,1,1,2,1,1,3,3,1,1,3,0,1,0,1,2,2,3,1,5,3,2,4,5,8,7,5,4,5,4,6,3,9,12,11,8,9,5,13,16,7,11,4,11,10,24,18,14,29,18,22,17,27,29,27,50,50,61,76,88,117,130,143,166,186,236,227,275,340,383,473,566,736,763,970,930,1004,1019,982,1000,941,1004,926,868,901,813,824,765,744,700,680,603,616,600,560,520,555,510,473,514,472,441,467,402,407,440,375,377,385,402,553,337,319,314,361,386,341,339,295,345,357,315,296,274,312,280,265,281,240,286,291,318,307,243,245,227,219,251,184,220,303,304,377,162,146,132,114,128,92,80,51,30,15,14,6,6,9,3,3,5,4,5,6,7,12,7,12,9,11,5,4,6,6,6,6,8,5,9,9,8,4,5,4,8,8,7,11,4,4,3,10,6,6,8,6,7,2,2,1,0,0,0,0,0,0,0,0,0,0,0,0,0,0,0,0,0,0,0,0,0,0,0,0,0,0,0,0,0,0,0,0,0,0,0,0,0,0,0,0,0,0,0,0,0,0,0,0,0,0,0,0,0,0,0
45.85,0,0,0,0,0,0,0,0,0,0,0,0,0,0,0,0,0,1,0,0,0,0,0,0,0,0,0,0,0,0,0,2,0,0,1,0,0,0,0,0,0,0,2,2,1,1,0,0,0,0,1,0,2,1,1,0,2,0,1,3,0,1,1,0,3,1,4,3,4,4,5,4,11,4,1,3,5,8,4,6,4,7,15,5,4,8,14,11,6,8,10,20,9,10,19,18,24,16,23,31,36,49,45,65,84,96,115,129,146,172,195,229,235,269,339,382,469,567,729,762,966,940,999,1023,979,991,938,1003,918,869,894,812,825,761,742,699,679,605,616,597,563,519,555,509,474,517,471,439,462,399,399,443,378,379,387,400,556,337,319,314,358,388,342,337,297,341,356,322,292,279,309,279,266,281,239,286,291,318,308,244,245,226,218,250,184,220,302,304,378,161,147,135,114,128,92,80,51,30,15,14,6,6,9,3,3,5,4,5,6,7,12,7,12,9,11,5,4,6,6,6,6,8,5,9,9,8,4,4,4,9,8,7,11,4,4,3,10,6,6,8,6,7,2,2,1,0,0,0,0,0,0,0,0,0,0,0,0,0,0,0,0,0,0,0,0,0,0,0,0,0,0,0,0,0,0,0,0,0,0,0,0,0,0,0,0,0,0,0,0,0,0,0,0,0,0,0,0,0,0,0
45.95,0,0,0,0,0,0,0,0,0,0,0,0,0,0,0,0,0,0,0,0,0,1,1,0,0,0,1,0,2,0,0,1,0,0,1,1,0,0,1,1,1,1,0,1,1,0,0,0,1,1,1,1,1,1,2,0,1,0,1,0,3,1,2,2,2,5,1,1,4,4,0,4,1,2,2,0,0,3,3,3,6,2,2,2,4,4,5,3,4,6,7,15,6,12,24,17,21,16,26,39,35,48,59,71,89,103,126,133,148,178,194,228,238,272,338,382,470,558,732,754,964,928,1010,1024,975,996,929,995,917,865,893,814,825,757,740,701,676,599,618,596,556,522,558,512,470,520,471,440,460,396,401,441,375,382,386,399,553,335,319,314,358,386,341,339,297,342,355,319,293,275,308,279,266,280,238,285,292,321,308,243,246,226,218,248,184,219,300,304,380,160,146,134,115,128,92,80,51,30,15,14,6,6,9,3,3,5,4,5,6,7,12,7,12,9,11,5,4,6,6,6,6,8,5,9,10,8,4,4,4,8,9,7,11,4,4,3,10,6,6,8,6,7,3,2,1,0,0,0,0,0,0,0,0,0,0,0,0,0,0,0,0,0,0,0,0,0,0,0,0,0,0,0,0,0,0,0,0,0,0,0,0,0,0,0,0,0,0,0,0,0,0,0,0,0,0,0,0,0,0,0
46.05,0,0,1,0,0,0,0,0,0,0,0,0,0,0,0,1,0,0,0,1,0,0,0,0,0,0,0,0,0,0,0,0,2,0,1,0,0,0,0,0,1,0,1,1,2,0,0,1,1,0,1,2,1,4,1,0,2,3,0,0,2,2,2,4,3,2,0,2,2,3,0,0,1,1,3,0,1,2,2,4,3,7,2,4,3,5,5,4,8,2,4,17,13,10,13,18,19,26,24,40,39,42,53,80,87,108,119,136,157,173,197,234,242,270,334,389,468,569,726,755,955,944,1001,1018,975,999,930,988,912,867,888,814,823,755,729,711,672,600,601,600,552,528,551,508,466,521,472,437,464,393,400,441,376,382,387,397,557,335,315,314,355,385,347,337,297,344,357,320,291,272,306,279,268,280,236,282,291,319,315,239,243,226,218,247,184,220,302,305,378,156,148,130,115,130,93,80,50,30,15,14,6,6,9,3,3,5,4,5,6,7,12,7,12,9,11,5,4,6,6,6,6,8,5,9,10,8,4,4,4,8,8,8,11,4,4,3,10,6,6,8,6,7,3,2,1,0,0,0,0,0,0,0,0,0,0,0,0,0,0,0,0,0,0,0,0,0,0,0,0,0,0,0,0,0,0,0,0,0,0,0,0,0,0,0,0,0,0,0,0,0,0,0,0,0,0,0,0,0,0,0
46.15,0,0,0,0,0,0,0,0,0,0,0,0,0,1,0,0,0,0,0,0,0,0,0,0,1,1,0,0,0,0,0,0,0,0,0,0,1,1,0,0,0,1,2,0,0,1,0,0,0,2,1,3,2,2,2,1,0,1,0,2,2,2,2,2,1,2,2,4,1,2,2,8,6,6,2,6,4,4,3,7,6,8,8,3,7,7,2,8,8,6,6,12,12,8,6,15,22,19,30,36,40,42,57,87,87,101,117,133,153,171,191,241,236,278,337,389,464,566,715,750,950,933,998,1015,966,1001,917,987,909,869,892,812,814,758,734,702,667,598,599,600,554,519,551,504,471,517,473,431,459,398,396,439,379,377,388,398,553,336,314,317,358,381,344,337,295,346,356,319,294,268,302,281,269,276,236,284,293,319,307,239,242,226,218,250,187,220,302,302,377,158,146,131,115,129,92,80,50,30,15,14,6,6,9,3,3,5,4,5,6,7,12,7,12,9,11,5,4,6,6,6,6,8,5,9,10,8,4,4,4,8,8,8,11,4,4,3,10,6,6,8,6,7,3,2,1,0,0,0,0,0,0,0,0,0,0,0,0,0,0,0,0,0,0,0,0,0,0,0,0,0,0,0,0,0,0,0,0,0,0,0,0,0,0,0,0,0,0,0,0,0,0,0,0,0,0,0,0,0,0,0
46.25,0,0,0,0,0,0,0,0,0,0,0,0,0,0,0,0,0,0,1,0,0,0,0,0,0,0,0,0,0,0,0,0,0,0,0,1,0,1,1,0,0,1,2,0,0,0,0,3,0,1,2,0,0,1,1,1,1,1,2,3,1,1,2,7,5,3,0,5,5,4,1,6,7,5,4,5,9,6,13,13,4,9,6,8,8,10,10,11,10,6,8,17,14,9,18,14,26,20,29,35,32,47,50,79,83,100,117,132,151,168,196,233,244,275,337,383,460,564,712,749,945,921,992,1011,969,999,911,980,913,865,887,813,814,756,734,695,675,594,600,598,553,521,550,503,465,524,466,437,462,393,396,441,375,381,384,398,549,335,313,321,355,380,343,336,294,347,357,321,286,269,306,277,269,275,239,283,290,319,307,239,244,227,220,249,185,220,301,298,379,156,146,129,116,128,92,80,51,30,15,14,6,6,9,3,3,5,4,5,6,7,12,7,12,9,11,5,4,6,6,6,6,8,5,9,10,8,4,4,4,8,8,8,11,4,4,3,10,6,6,8,6,7,3,2,1,0,0,0,0,0,0,0,0,0,0,0,0,0,0,0,0,0,0,0,0,0,0,0,0,0,0,0,0,0,0,0,0,0,0,0,0,0,0,0,0,0,0,0,0,0,0,0,0,0,0,0,0,0,0,0
46.35,0,0,0,0,0,0,0,0,0,0,0,0,0,0,0,1,0,0,0,0,1,0,0,0,0,0,0,0,0,0,0,0,1,0,0,0,0,1,0,0,0,0,0,2,0,3,0,0,0,0,0,2,1,3,3,2,0,0,2,3,5,5,2,1,6,3,2,4,3,6,3,9,1,8,1,6,5,5,7,8,11,6,8,11,10,16,14,14,13,9,14,13,18,15,15,11,24,23,31,39,38,41,42,75,74,93,113,133,159,166,193,228,230,280,334,388,458,559,701,744,940,921,985,1009,966,1001,906,982,910,868,883,806,816,756,731,686,672,588,598,599,551,528,550,498,464,525,466,434,465,391,396,440,376,382,387,396,548,338,315,319,351,377,346,336,297,346,357,318,288,269,302,276,266,276,239,285,286,318,309,240,243,225,220,247,188,219,301,302,378,156,146,129,115,128,92,80,51,30,15,14,6,6,9,3,3,5,4,5,6,7,12,7,12,9,11,5,4,6,6,6,6,8,5,9,10,8,4,4,4,8,8,8,10,4,4,4,10,6,6,8,6,7,3,2,1,0,0,0,0,0,0,0,0,0,0,0,0,0,0,0,0,0,0,0,0,0,0,0,0,0,0,0,0,0,0,0,0,0,0,0,0,0,0,0,0,0,0,0,0,0,0,0,0,0,0,0,0,0,0,0
46.45,0,0,0,0,0,0,0,0,0,1,0,0,0,0,0,0,0,0,0,1,0,0,0,0,0,0,0,1,0,0,1,2,0,1,0,1,1,0,1,0,0,0,1,1,1,1,1,0,0,2,1,2,1,0,3,2,0,3,2,0,2,3,2,0,3,6,3,3,4,0,5,8,4,7,12,7,12,5,8,5,10,16,13,13,13,10,3,15,15,10,12,14,13,13,16,22,24,34,21,34,36,37,48,71,77,92,111,134,148,165,190,230,232,268,343,385,459,557,696,744,931,920,978,1013,955,1000,908,986,904,866,875,806,812,755,726,690,664,586,604,596,550,523,546,499,469,519,463,438,464,391,396,438,373,381,385,394,549,338,317,319,349,378,343,335,298,346,355,315,289,267,305,277,264,279,235,285,286,318,309,238,243,225,221,250,189,218,300,301,377,156,147,128,114,128,92,80,51,30,15,14,6,6,9,3,3,5,4,5,6,7,12,7,12,9,11,5,4,6,6,6,6,8,5,9,10,8,4,4,4,8,8,8,10,4,4,4,10,6,6,8,6,7,3,2,1,0,0,0,0,0,0,0,0,0,0,0,0,0,0,0,0,0,0,0,0,0,0,0,0,0,0,0,0,0,0,0,0,0,0,0,0,0,0,0,0,0,0,0,0,0,0,0,0,0,0,0,0,0,0,0
46.55,0,0,0,0,0,0,0,0,0,0,0,0,0,0,0,0,0,0,0,1,0,0,0,0,0,0,0,0,0,0,0,0,0,0,0,0,1,0,0,0,0,2,0,0,0,2,1,1,1,0,0,0,0,0,1,3,2,3,1,4,1,3,4,2,4,3,3,6,4,2,9,4,6,4,8,6,7,7,4,9,9,7,9,8,8,11,7,18,18,18,21,20,17,17,15,12,20,20,28,41,38,40,41,71,75,94,108,136,148,163,193,227,231,269,334,382,459,553,696,745,928,919,976,1005,959,986,907,976,901,858,873,804,813,758,726,691,666,584,603,597,543,519,545,501,471,522,461,435,458,389,397,435,380,379,384,397,548,337,316,317,353,377,343,338,295,345,354,314,290,267,305,275,264,277,238,284,286,319,306,240,242,226,223,249,187,219,299,302,377,157,146,128,114,128,92,80,51,30,15,14,6,6,9,3,3,5,4,5,6,7,12,7,12,9,11,5,4,6,6,6,6,8,5,9,10,8,4,4,4,8,8,8,10,4,4,4,10,6,6,8,6,7,3,2,1,0,0,0,0,0,0,0,0,0,0,0,0,0,0,0,0,0,0,0,0,0,0,0,0,0,0,0,0,0,0,0,0,0,0,0,0,0,0,0,0,0,0,0,0,0,0,0,0,0,0,0,0,0,0,0
46.65,0,0,0,0,0,0,0,0,0,0,0,0,0,0,0,0,0,0,0,0,1,1,0,0,2,0,0,0,0,0,0,0,0,0,0,0,0,1,1,0,0,1,2,0,0,0,2,2,0,1,1,0,0,3,0,2,2,3,0,3,3,2,4,2,5,5,3,7,3,1,4,8,9,4,5,4,8,5,4,9,11,6,12,11,16,13,23,10,14,17,14,17,15,10,19,18,21,20,25,44,33,36,43,72,75,89,107,136,155,162,190,232,230,267,336,381,459,548,694,745,927,909,972,1001,953,984,907,974,894,849,869,800,810,751,727,681,665,588,600,594,545,518,547,502,470,526,459,434,459,390,394,439,377,378,382,394,551,338,315,315,352,380,344,339,295,343,353,316,289,267,305,274,264,275,237,283,287,318,308,238,241,228,223,249,187,219,298,302,378,157,146,128,114,128,91,80,51,30,15,14,6,7,9,3,3,5,4,5,6,7,12,7,12,9,11,5,4,6,6,6,6,8,5,9,10,8,4,4,4,8,8,8,10,4,4,4,10,6,6,8,6,7,3,2,1,0,0,0,0,0,0,0,0,0,0,0,0,0,0,0,0,0,0,0,0,0,0,0,0,0,0,0,0,0,0,0,0,0,0,0,0,0,0,0,0,0,0,0,0,0,0,0,0,0,0,0,0,0,0,0
46.75,0,0,0,0,0,0,0,0,0,0,0,0,0,1,0,0,0,0,0,0,1,0,0,0,0,0,0,1,1,0,1,1,0,0,0,0,1,0,0,1,0,0,0,0,2,1,1,2,0,1,1,0,0,0,0,0,3,3,5,0,1,2,1,2,4,2,1,3,5,2,4,6,3,4,4,9,7,2,6,7,7,13,9,10,9,15,7,15,14,9,14,11,13,26,20,14,18,17,30,35,34,45,47,78,75,98,107,129,143,164,186,234,232,270,338,386,460,552,692,744,923,900,967,997,947,985,905,966,888,851,865,800,808,744,721,681,664,587,601,590,545,519,542,499,466,522,462,434,457,393,394,438,373,374,384,395,551,339,314,318,353,377,344,338,294,342,355,314,289,267,305,276,263,275,238,284,288,320,306,238,240,227,222,248,189,219,298,303,378,157,146,127,115,128,90,80,51,30,15,14,6,7,9,3,3,5,4,5,6,7,12,7,12,9,11,5,4,6,6,6,6,8,5,9,10,8,4,4,4,8,8,8,10,4,4,4,10,6,6,8,6,7,3,2,1,0,0,0,0,0,0,0,0,0,0,0,0,0,0,0,0,0,0,0,0,0,0,0,0,0,0,0,0,0,0,0,0,0,0,0,0,0,0,0,0,0,0,0,0,0,0,0,0,0,0,0,0,0,0,0
46.85,0,0,0,0,0,0,0,0,0,0,0,0,0,0,2,1,0,0,0,0,0,0,0,0,0,1,0,0,0,0,2,0,0,0,0,0,0,0,0,0,0,0,1,2,1,0,0,0,0,0,2,0,0,1,1,2,1,0,0,0,2,2,2,2,5,5,1,3,2,5,6,3,2,5,3,2,2,3,7,7,7,10,4,9,11,3,5,4,11,6,11,15,11,18,17,14,23,23,31,39,41,42,45,73,76,95,111,134,149,161,189,228,234,267,337,379,465,558,684,741,922,898,966,995,942,980,899,956,891,850,857,796,807,745,716,680,663,587,602,592,541,521,546,499,463,521,461,432,458,391,399,433,370,376,384,395,550,338,316,317,353,374,347,337,297,346,352,312,287,267,306,276,264,277,238,285,287,320,306,238,242,225,222,247,190,221,298,303,378,156,146,127,115,128,90,80,51,30,15,14,6,7,9,3,3,5,4,5,6,7,12,7,12,9,11,5,4,6,6,6,6,8,5,9,10,8,4,4,4,8,8,8,10,4,4,4,10,6,6,8,6,7,3,2,1,0,0,0,0,0,0,0,0,0,0,0,0,0,0,0,0,0,0,0,0,0,0,0,0,0,0,0,0,0,0,0,0,0,0,0,0,0,0,0,0,0,0,0,0,0,0,0,0,0,0,0,0,0,0,0
46.95,0,0,0,0,0,0,0,0,1,0,0,0,0,0,0,0,0,0,0,0,0,1,0,0,1,0,0,0,0,0,0,1,0,0,2,0,0,0,3,0,0,1,1,0,0,1,1,0,1,1,2,1,1,0,0,2,1,2,1,0,1,1,1,2,4,0,2,1,1,2,2,3,2,5,5,5,1,2,3,2,3,2,5,2,4,4,6,1,6,4,8,6,10,11,15,14,33,27,30,44,43,39,49,80,72,98,110,138,153,164,197,235,230,267,336,374,468,552,690,739,918,899,964,997,938,978,893,954,890,847,856,790,806,743,717,677,665,586,599,590,539,517,548,498,469,519,454,433,459,390,395,432,374,374,386,392,553,338,312,320,352,374,345,337,294,345,352,312,286,267,306,275,264,277,237,286,287,320,305,239,242,227,222,247,188,220,299,302,378,155,146,127,116,128,90,81,51,30,15,14,6,7,9,3,3,5,4,5,6,7,12,6,12,9,11,5,4,6,6,6,6,8,5,9,10,7,4,4,4,8,8,8,10,4,5,4,10,6,6,8,6,7,3,2,1,0,0,0,0,0,0,0,0,0,0,0,0,0,0,0,0,0,0,0,0,0,0,0,0,0,0,0,0,0,0,0,0,0,0,0,0,0,0,0,0,0,0,0,0,0,0,0,0,0,0,0,0,0,0,0
47.05,0,0,0,0,0,0,0,0,0,0,0,0,0,0,0,0,0,1,0,0,0,0,1,0,0,0,1,2,0,0,0,2,0,0,1,0,1,1,0,1,0,1,1,1,2,0,2,2,1,1,0,2,1,0,1,1,0,0,2,3,1,2,0,0,1,2,3,2,3,3,2,0,1,3,2,2,3,2,1,3,3,3,3,3,1,5,3,4,4,5,3,7,6,12,16,20,19,30,26,35,46,48,50,83,82,109,117,136,156,159,194,228,239,261,332,383,457,548,687,742,911,896,966,994,936,971,891,947,886,850,853,787,801,741,715,671,667,582,599,593,529,517,545,498,465,517,459,432,457,392,398,431,368,375,384,393,546,339,310,323,354,377,343,332,300,343,353,312,289,268,306,274,267,275,237,283,287,322,304,242,240,227,222,244,186,220,295,306,376,155,145,127,116,130,90,80,51,29,15,14,6,7,9,3,3,5,4,5,6,7,12,6,11,9,11,5,4,6,6,6,6,9,5,9,10,8,4,4,4,8,8,8,10,4,5,4,10,6,7,8,6,7,3,2,1,0,0,0,0,0,0,0,0,0,0,0,0,0,0,0,0,0,0,0,0,0,0,0,0,0,0,0,0,0,0,0,0,0,0,0,0,0,0,0,0,0,0,0,0,0,0,0,0,0,0,0,0,0,0,0
47.15,0,1,0,0,0,0,0,0,0,0,0,0,0,0,0,0,0,0,0,0,0,0,0,0,0,0,0,1,0,0,0,0,0,0,0,0,0,0,0,0,0,1,1,1,1,1,5,0,0,0,1,4,1,1,4,1,2,0,5,3,2,3,2,1,1,4,3,4,10,5,0,4,8,6,4,6,7,8,6,6,2,3,3,1,2,9,10,7,11,9,7,4,6,11,15,12,17,22,26,37,49,44,44,84,79,102,110,140,149,157,197,229,233,262,323,377,455,555,685,737,915,893,969,986,934,970,884,939,890,848,850,788,801,740,712,670,663,582,601,592,529,521,545,495,466,513,453,435,458,392,394,439,367,372,388,388,545,334,311,322,352,376,346,331,301,346,349,313,290,265,307,276,269,274,235,283,288,321,304,240,238,226,221,241,187,221,298,305,373,154,146,128,116,129,90,80,51,29,15,14,6,7,9,3,3,5,4,5,6,7,12,6,11,9,11,5,4,6,6,6,6,9,5,9,10,7,4,4,4,8,8,8,10,4,5,4,10,7,7,8,6,7,3,2,1,0,0,0,0,0,0,0,0,0,0,0,0,0,0,0,0,0,0,0,0,0,0,0,0,0,0,0,0,0,0,0,0,0,0,0,0,0,0,0,0,0,0,0,0,0,0,0,0,0,0,0,0,0,0,0
47.25,0,1,0,0,0,0,0,0,0,0,0,0,0,0,0,0,0,0,0,0,2,0,1,0,0,0,0,0,0,0,1,0,2,1,0,0,0,0,0,1,1,1,0,0,0,0,0,1,1,0,2,1,2,2,3,1,2,2,3,2,2,3,4,6,5,2,2,3,2,5,6,1,9,8,8,8,8,4,8,7,12,5,10,8,9,10,8,4,10,19,11,4,14,16,20,11,18,24,27,28,40,47,49,79,76,107,106,134,153,149,187,232,225,259,327,378,454,539,684,740,902,890,969,984,931,966,879,937,893,848,853,786,801,750,707,665,663,583,600,593,534,512,545,492,463,515,460,437,452,394,394,431,363,376,386,383,544,333,311,322,354,373,345,331,304,344,352,313,289,267,304,275,266,273,237,284,288,319,303,238,238,225,221,244,187,222,296,302,375,152,145,127,117,129,90,80,51,29,15,14,6,7,9,3,3,5,4,5,6,7,12,6,11,9,11,5,4,6,6,6,7,9,5,9,10,7,4,4,4,8,8,8,10,4,5,4,10,7,7,9,6,7,3,2,1,0,0,0,0,0,0,0,0,0,0,0,0,0,0,0,0,0,0,0,0,0,0,0,0,0,0,0,0,0,0,0,0,0,0,0,0,0,0,0,0,0,0,0,0,0,0,0,0,0,0,0,0,0,0,0
47.35,0,0,0,0,0,0,0,0,0,0,0,0,0,0,0,0,0,0,1,0,0,0,0,1,0,0,0,1,0,1,1,0,0,0,2,0,0,1,0,2,0,2,0,0,0,1,2,2,0,1,0,1,1,2,2,1,2,2,1,2,1,3,1,1,0,5,1,2,3,4,4,7,8,5,4,4,9,3,9,10,14,7,8,15,10,12,19,10,17,19,11,15,11,17,17,8,20,24,30,33,40,48,45,70,74,101,108,131,152,151,189,234,230,259,320,378,449,537,681,737,896,892,973,988,928,965,879,938,883,858,850,781,794,742,705,667,658,588,594,595,527,522,537,487,464,515,462,429,454,392,392,430,368,371,386,382,544,332,310,321,352,376,348,331,299,341,352,313,289,264,306,277,266,275,237,284,284,318,304,238,238,228,220,244,185,219,298,300,374,151,145,127,117,129,90,80,51,30,15,14,6,6,9,3,3,5,4,5,6,7,12,6,11,9,11,5,4,6,6,6,7,9,5,9,10,7,4,4,4,8,8,8,10,4,5,4,10,7,7,9,6,7,3,2,1,0,0,0,0,0,0,0,0,0,0,0,0,0,0,0,0,0,0,0,0,0,0,0,0,0,0,0,0,0,0,0,0,0,0,0,0,0,0,0,0,0,0,0,0,0,0,0,0,0,0,0,0,0,0,0
47.45,0,0,0,0,0,0,0,0,0,0,0,0,0,0,0,1,0,0,0,0,0,0,0,0,0,0,0,1,0,0,0,0,1,0,0,0,0,0,0,1,3,0,0,0,3,1,2,2,0,0,0,0,1,2,1,5,2,0,2,2,3,2,1,4,2,1,1,8,3,3,3,4,8,5,9,9,9,5,4,9,10,6,14,5,12,9,17,16,10,19,14,15,20,14,12,23,16,23,31,28,45,46,42,74,78,104,108,137,152,154,190,229,226,255,319,374,453,532,680,735,894,885,976,988,927,964,876,931,886,846,852,780,797,740,709,660,660,586,591,590,535,505,538,486,465,514,464,430,453,390,392,433,365,367,384,383,544,332,311,320,350,375,346,329,299,341,352,312,287,264,305,282,265,273,238,280,286,318,305,240,238,227,221,243,184,220,296,300,374,151,145,127,118,129,91,80,51,30,15,14,6,6,9,3,3,5,4,5,6,7,12,6,11,9,11,5,4,6,6,6,7,9,5,9,10,7,4,4,4,8,8,8,11,4,5,5,10,7,7,9,6,7,3,2,1,0,0,0,0,0,0,0,0,0,0,0,0,0,0,0,0,0,0,0,0,0,0,0,0,0,0,0,0,0,0,0,0,0,0,0,0,0,0,0,0,0,0,0,0,0,0,0,0,0,0,0,0,0,0,0
47.55,0,0,0,0,0,0,0,0,0,0,0,0,0,0,0,0,0,0,0,0,0,0,0,0,0,0,0,1,0,1,0,0,1,0,1,0,0,0,0,0,0,0,1,0,4,2,0,2,1,1,0,0,0,2,1,0,0,1,2,2,1,2,3,1,2,2,4,8,2,0,4,5,5,3,7,6,7,7,12,9,9,7,8,13,13,11,16,8,8,10,18,11,15,17,18,20,17,23,27,32,43,50,53,73,78,101,101,131,152,156,187,233,222,255,323,372,449,527,681,727,902,883,970,987,920,959,874,925,881,848,845,779,797,741,710,656,659,580,594,596,529,505,539,486,465,511,459,431,448,386,392,433,365,372,382,382,545,331,310,318,352,372,345,330,296,341,352,315,287,264,305,280,265,275,237,283,285,319,304,241,237,227,221,243,183,220,296,302,374,151,144,127,118,129,91,79,51,30,15,14,6,6,9,3,3,5,4,5,6,7,12,6,11,9,11,5,4,6,6,6,7,9,5,9,10,7,4,4,4,8,8,8,11,4,5,5,10,7,7,9,6,7,3,2,1,0,0,0,0,0,0,0,0,0,0,0,0,0,0,0,0,0,0,0,0,0,0,0,0,0,0,0,0,0,0,0,0,0,0,0,0,0,0,0,0,0,0,0,0,0,0,0,0,0,0,0,0,0,0,0
47.65,0,1,0,0,0,0,0,0,0,0,0,0,0,0,0,0,0,0,0,0,0,0,0,0,1,0,0,0,0,0,0,0,0,0,1,0,0,1,1,1,0,0,1,0,0,0,0,2,1,1,0,0,1,1,1,2,1,1,2,1,2,1,1,3,2,3,3,3,3,11,3,3,5,4,3,9,7,6,5,4,8,6,7,8,7,10,15,13,9,15,17,7,14,18,19,17,16,31,27,34,46,51,47,73,79,105,95,129,152,157,183,227,220,257,320,378,448,531,679,722,891,890,959,984,920,954,875,925,879,848,838,775,793,738,701,658,654,577,589,595,526,508,538,488,460,510,459,428,447,385,395,429,365,367,382,382,543,333,311,316,350,371,349,330,297,341,351,314,285,269,304,282,265,273,237,281,287,319,303,240,238,226,221,243,182,220,297,300,374,150,144,127,118,129,91,79,51,30,15,14,6,6,9,3,3,5,4,5,6,7,12,6,11,9,11,5,4,6,6,6,7,9,5,9,10,7,4,4,4,8,8,8,11,4,5,5,10,7,7,9,6,7,3,2,1,0,0,0,0,0,0,0,0,0,0,0,0,0,0,0,0,0,0,0,0,0,0,0,0,0,0,0,0,0,0,0,0,0,0,0,0,0,0,0,0,0,0,0,0,0,0,0,0,0,0,0,0,0,0,0
47.75,0,0,0,0,0,0,0,0,1,0,0,0,0,0,0,0,0,0,0,0,0,0,0,0,0,0,1,0,0,0,0,0,0,0,0,1,0,1,0,0,0,0,1,0,2,0,0,0,0,1,0,0,1,1,1,0,0,2,0,0,0,5,5,4,3,3,4,2,1,4,6,4,3,8,3,9,4,9,4,5,7,10,6,6,5,11,8,15,8,21,14,5,16,20,16,22,15,22,33,35,47,48,50,73,80,104,95,132,158,156,187,228,228,253,323,364,445,529,673,719,888,889,957,979,923,957,874,931,873,842,840,769,794,735,704,653,654,583,586,590,521,508,536,484,458,510,457,426,444,383,399,425,365,364,383,382,544,333,310,316,351,371,350,325,297,341,350,313,288,265,304,280,266,273,235,281,285,321,304,241,236,226,221,243,183,221,297,300,374,150,144,127,118,128,91,79,51,30,15,14,6,6,9,3,3,5,4,5,6,7,12,6,10,9,11,5,4,5,6,6,7,9,5,9,10,7,4,4,4,8,8,8,11,4,5,5,10,7,7,9,6,7,3,2,1,0,0,0,0,0,0,0,0,0,0,0,0,0,0,0,0,0,0,0,0,0,0,0,0,0,0,0,0,0,0,0,0,0,0,0,0,0,0,0,0,0,0,0,0,0,0,0,0,0,0,0,0,0,0,0
47.85,0,0,0,0,0,0,0,0,0,0,0,0,0,0,0,0,0,0,0,0,0,0,0,0,0,0,0,1,1,1,0,0,0,2,1,0,1,0,1,1,0,0,0,0,0,0,2,0,1,0,1,1,1,0,0,2,1,1,3,2,0,0,3,1,3,4,2,1,5,2,6,5,7,3,4,2,7,5,5,6,6,11,12,4,7,9,3,7,8,13,6,17,20,12,19,13,15,26,21,39,51,44,61,73,83,104,101,136,160,153,189,231,229,251,318,364,445,527,670,720,882,887,959,977,924,949,878,937,871,839,842,767,795,733,698,650,657,576,587,588,517,506,541,483,460,508,458,424,443,383,397,426,362,367,382,381,544,329,309,317,351,371,347,327,295,341,350,311,288,265,303,280,265,271,236,282,285,319,303,240,236,226,221,243,184,221,297,300,374,150,144,127,118,128,91,79,50,30,15,14,6,6,9,3,3,5,4,5,6,7,12,6,9,9,11,5,4,5,6,6,7,9,5,9,10,7,4,4,4,8,8,8,11,4,5,5,10,7,7,9,6,7,3,2,1,0,0,0,0,0,0,0,0,0,0,0,0,0,0,0,0,0,0,0,0,0,0,0,0,0,0,0,0,0,0,0,0,0,0,0,0,0,0,0,0,0,0,0,0,0,0,0,0,0,0,0,0,0,0,0
47.95,0,0,0,0,0,0,0,0,0,0,0,0,0,0,0,0,0,0,1,0,0,0,0,0,0,0,0,0,1,1,0,0,0,0,1,1,1,0,2,2,0,0,0,1,0,1,0,1,0,0,3,1,1,2,2,2,0,2,1,0,5,3,1,2,2,3,0,0,2,0,2,3,1,1,6,3,6,2,5,2,5,5,3,6,1,5,2,1,4,7,9,14,13,11,15,26,23,24,31,38,46,51,58,84,91,101,105,132,151,162,188,230,230,251,320,365,443,526,670,717,882,887,961,973,918,946,870,939,873,839,842,766,797,737,692,655,658,575,579,590,514,504,538,485,459,510,458,425,443,385,398,427,363,366,380,383,540,328,309,320,353,370,346,326,295,343,350,311,288,266,304,278,267,270,235,282,286,318,302,240,235,226,222,243,183,221,299,300,374,151,144,127,118,128,91,79,50,30,15,14,6,6,9,3,3,5,4,5,6,7,12,6,9,9,11,5,4,5,6,6,7,9,5,9,10,7,4,4,4,8,8,8,11,4,5,5,10,7,7,9,6,7,3,2,1,0,0,0,0,0,0,0,0,0,0,0,0,0,0,0,0,0,0,0,0,0,0,0,0,0,0,0,0,0,0,0,0,0,0,0,0,0,0,0,0,0,0,0,0,0,0,0,0,0,0,0,0,0,0,0
48.05,0,1,0,0,0,0,0,0,0,0,0,1,0,0,0,0,0,0,0,0,0,0,0,2,0,0,0,0,0,0,0,0,0,1,0,1,1,0,1,0,1,0,1,1,0,0,0,0,0,1,0,0,0,1,1,2,1,1,1,0,0,3,0,2,2,1,1,1,1,3,4,2,0,1,5,0,2,1,4,1,2,1,5,1,3,3,4,4,8,9,8,6,11,9,20,13,28,34,33,38,46,48,71,82,80,96,116,130,162,146,193,221,230,249,326,366,447,528,670,701,882,883,963,970,915,937,873,931,871,834,837,772,803,744,684,655,652,578,575,584,519,510,536,486,455,504,459,425,442,384,400,428,363,367,373,386,536,325,311,322,350,373,341,330,299,339,352,311,287,265,303,279,266,272,236,282,288,316,305,238,235,224,223,245,182,222,296,302,374,149,144,127,118,127,91,79,50,30,15,13,6,6,9,3,3,5,4,5,6,7,12,6,9,9,10,5,4,5,6,6,7,9,5,9,10,7,4,4,4,8,8,8,11,4,5,5,10,7,7,9,6,7,3,2,1,0,0,0,0,0,0,0,0,0,0,0,0,0,0,0,0,0,0,0,0,0,0,0,0,0,0,0,0,0,0,0,0,0,0,0,0,0,0,0,0,0,0,0,0,0,0,0,0,0,0,0,0,0,0,0
48.15,0,0,0,0,0,0,0,0,0,0,0,0,0,0,0,0,0,0,0,0,0,0,1,0,0,0,0,0,0,0,0,0,0,0,0,0,0,0,1,0,0,1,0,0,2,0,1,0,0,1,2,1,0,3,0,0,1,0,2,1,2,3,2,4,5,6,1,2,3,1,3,1,3,2,5,1,5,7,4,4,2,2,4,6,6,3,3,7,7,7,8,2,14,9,18,18,24,37,27,32,43,45,68,83,81,95,110,134,152,148,188,214,232,253,318,365,439,523,664,698,880,885,953,957,914,936,866,928,874,838,839,777,798,735,690,655,651,574,574,586,518,505,535,486,454,499,462,422,442,383,399,430,364,367,374,381,534,325,314,323,348,369,345,331,293,341,352,308,288,265,304,281,268,272,236,284,286,316,304,239,234,222,221,244,183,219,298,302,373,149,144,127,118,127,91,79,50,30,15,13,6,6,9,3,3,5,4,5,6,7,12,6,9,9,10,5,4,5,6,6,7,9,4,9,10,7,4,4,4,8,8,8,11,4,5,5,10,7,7,9,6,7,3,2,1,0,0,0,0,0,0,0,0,0,0,0,0,0,0,0,0,0,0,0,0,0,0,0,0,0,0,0,0,0,0,0,0,0,0,0,0,0,0,0,0,0,0,0,0,0,0,0,0,0,0,0,0,0,0,0
48.25,0,0,0,0,1,1,0,0,0,0,0,0,0,0,0,0,0,0,0,0,0,0,0,0,0,1,0,0,1,0,0,0,0,1,0,0,0,0,0,0,1,0,1,1,1,2,1,1,2,1,1,0,0,1,1,2,1,0,1,1,5,2,0,1,1,4,1,3,4,6,4,5,4,4,3,4,1,3,7,7,9,9,8,5,5,7,11,5,5,15,10,6,14,14,16,21,21,28,26,30,42,50,73,79,75,91,108,133,149,141,190,213,220,247,318,365,440,522,661,689,876,883,940,960,904,937,865,930,865,837,836,770,792,732,686,655,649,571,574,587,518,507,534,485,449,502,460,424,441,383,405,427,359,363,377,380,534,327,316,316,349,373,343,330,298,337,355,306,286,268,303,280,266,273,235,280,287,317,302,239,232,222,220,243,185,219,296,299,373,149,144,128,118,127,91,79,50,30,15,13,6,6,9,3,3,5,4,5,6,7,12,6,9,9,10,5,4,5,6,6,7,9,4,9,10,7,4,4,4,8,8,8,11,4,5,5,10,7,7,9,6,7,3,2,1,0,0,0,0,0,0,0,0,0,0,0,0,0,0,0,0,0,0,0,0,0,0,0,0,0,0,0,0,0,0,0,0,0,0,0,0,0,0,0,0,0,0,0,0,0,0,0,0,0,0,0,0,0,0,0
48.35,0,0,0,0,0,0,0,0,1,0,0,0,0,0,0,0,0,0,0,0,0,0,0,0,0,0,0,0,0,0,0,0,0,1,0,0,0,1,0,1,0,1,0,0,0,2,2,0,0,0,1,1,1,0,0,4,3,1,0,1,4,1,2,6,1,2,8,8,2,4,8,3,3,2,5,5,7,2,4,8,6,7,6,3,10,9,11,14,12,18,13,18,9,13,11,13,22,24,30,31,39,49,64,76,73,90,101,128,146,139,187,211,217,244,315,369,429,519,658,688,873,882,943,957,907,932,861,927,864,839,834,772,784,733,692,646,652,569,576,584,522,501,535,487,444,503,460,424,442,384,400,423,357,365,377,380,536,327,314,316,350,374,339,331,296,340,353,306,286,271,305,277,267,271,234,280,289,316,302,238,233,220,221,246,182,218,296,299,373,149,144,128,118,127,91,78,50,30,15,13,6,6,9,3,3,5,4,5,6,7,12,6,9,9,10,5,4,5,6,6,7,9,4,9,10,7,4,4,4,8,8,8,11,4,5,5,10,7,7,9,6,7,3,2,1,0,0,0,0,0,0,0,0,0,0,0,0,0,0,0,0,0,0,0,0,0,0,0,0,0,0,0,0,0,0,0,0,0,0,0,0,0,0,0,0,0,0,0,0,0,0,0,0,0,0,0,0,0,0,0
48.45,0,0,0,0,0,0,0,0,0,0,0,0,0,0,0,0,0,0,0,0,1,0,0,1,0,0,1,0,0,0,0,1,1,0,0,0,0,0,0,0,0,0,0,0,0,0,1,1,0,3,0,0,1,0,3,2,1,2,0,4,0,2,1,0,4,3,2,5,6,4,4,3,6,3,3,7,8,3,7,9,9,11,9,6,14,18,17,10,16,18,9,14,11,15,17,12,31,27,23,23,40,37,65,70,77,88,98,127,144,140,186,208,218,247,315,366,428,518,657,692,868,876,942,951,907,932,861,925,860,838,827,767,789,734,688,646,653,568,573,584,520,499,529,487,444,506,461,420,441,385,398,423,358,362,381,380,534,330,312,316,349,377,344,328,296,337,353,306,286,268,305,277,263,270,235,280,286,318,303,235,234,220,222,244,182,218,296,301,374,149,145,128,118,127,91,78,50,29,15,13,6,6,9,3,3,5,4,5,6,7,12,6,9,9,10,5,4,5,6,6,7,9,4,9,10,7,4,4,4,8,8,8,11,4,5,5,10,7,7,9,6,7,3,2,1,0,0,0,0,0,0,0,0,0,0,0,0,0,0,0,0,0,0,0,0,0,0,0,0,0,0,0,0,0,0,0,0,0,0,0,0,0,0,0,0,0,0,0,0,0,0,0,0,0,0,0,0,0,0,0
48.55,0,0,0,0,0,0,0,0,0,0,0,0,0,0,0,0,0,0,0,0,0,0,0,0,0,0,0,1,0,0,0,0,0,0,1,1,0,2,1,0,0,1,0,0,0,4,1,0,2,2,0,0,1,2,1,1,2,1,3,2,1,3,2,4,1,3,4,5,3,2,8,2,7,2,10,4,7,10,10,7,9,9,10,7,9,15,13,9,22,14,13,13,12,14,14,12,23,25,26,24,37,41,57,68,75,87,98,125,147,140,184,206,220,244,317,361,427,520,658,685,860,877,939,954,906,924,853,922,861,832,827,764,791,730,686,644,654,565,572,586,519,495,533,485,441,504,460,422,437,385,396,424,359,365,376,381,533,329,312,316,351,373,344,324,298,336,354,306,285,266,304,275,264,272,235,281,285,318,299,237,234,219,223,245,181,218,294,301,374,149,145,128,118,127,91,78,50,28,15,13,6,6,9,3,3,5,4,5,6,7,12,6,9,9,10,5,4,5,6,6,7,9,4,9,10,7,4,4,4,8,8,8,11,4,5,5,10,7,7,9,6,7,3,2,1,0,0,0,0,0,0,0,0,0,0,0,0,0,0,0,0,0,0,0,0,0,0,0,0,0,0,0,0,0,0,0,0,0,0,0,0,0,0,0,0,0,0,0,0,0,0,0,0,0,0,0,0,0,0,0
48.65,0,0,0,0,0,0,0,0,0,0,0,0,0,0,0,0,0,0,0,0,0,0,1,0,0,0,0,0,0,0,0,0,1,0,1,2,0,0,1,1,0,0,0,0,1,1,1,0,3,1,1,0,2,1,4,0,1,4,1,3,1,2,2,6,1,3,2,1,4,3,4,3,2,4,10,5,6,4,8,12,6,9,12,8,9,9,10,11,5,17,14,16,15,17,14,19,17,27,21,23,40,45,60,73,77,92,106,121,149,139,182,208,218,244,314,359,425,518,653,684,863,880,937,951,901,925,852,921,862,824,822,764,792,725,685,644,649,566,574,590,513,495,534,484,440,504,462,422,434,385,395,425,360,362,377,384,536,327,309,315,349,377,342,324,297,337,355,306,285,267,304,278,263,271,235,281,285,317,299,236,233,218,224,245,181,218,294,301,374,149,145,128,118,127,91,78,49,28,15,13,6,6,9,3,3,5,4,5,6,7,12,6,9,9,10,5,4,5,6,6,7,9,4,9,10,7,4,4,4,8,8,8,11,4,5,5,10,7,7,9,6,7,3,2,1,0,0,0,0,0,0,0,0,0,0,0,0,0,0,0,0,0,0,0,0,0,0,0,0,0,0,0,0,0,0,0,0,0,0,0,0,0,0,0,0,0,0,0,0,0,0,0,0,0,0,0,0,0,0,0
48.75,0,0,0,0,0,0,0,0,0,0,0,0,0,1,0,0,1,0,1,0,0,0,0,0,0,0,0,0,0,0,0,0,0,0,1,0,0,0,0,0,1,0,0,1,0,1,0,0,1,0,0,1,0,0,4,0,2,3,0,0,3,2,3,2,1,2,2,7,5,2,4,6,5,4,8,6,10,11,6,4,7,8,9,12,6,6,6,10,11,16,10,11,10,16,12,15,19,33,29,27,39,46,56,75,80,94,101,125,148,143,183,207,215,245,321,354,421,516,652,684,864,876,937,947,904,922,852,918,855,825,817,764,791,725,685,640,650,567,572,587,513,498,534,483,441,501,460,421,437,384,396,421,361,360,382,382,533,327,309,313,351,376,343,326,297,335,351,306,286,268,304,277,263,272,234,280,285,319,298,235,234,218,223,245,182,217,296,302,374,151,145,128,118,128,91,78,49,28,15,13,6,6,9,3,3,5,4,5,6,7,12,6,9,9,10,5,4,5,6,6,7,8,4,9,10,7,4,4,4,8,8,8,11,4,5,5,10,8,7,9,6,7,3,2,1,0,0,0,0,0,0,0,0,0,0,0,0,0,0,0,0,0,0,0,0,0,0,0,0,0,0,0,0,0,0,0,0,0,0,0,0,0,0,0,0,0,0,0,0,0,0,0,0,0,0,0,0,0,0,0
48.85,0,0,0,0,0,0,0,0,0,0,0,0,0,0,0,0,0,0,0,0,0,1,0,0,0,0,0,1,0,0,0,1,0,1,0,0,2,0,0,0,0,0,0,0,0,2,1,0,3,0,0,0,2,4,0,4,1,1,3,4,2,2,2,2,2,4,3,1,7,2,3,2,4,4,2,3,3,3,4,3,5,5,1,3,7,4,5,3,10,4,8,18,15,13,14,26,22,31,27,26,52,49,62,73,78,100,101,118,145,144,188,207,222,241,317,355,424,517,650,677,861,872,937,947,904,921,848,917,853,818,821,764,789,729,681,642,649,564,573,585,517,500,534,482,437,500,461,419,440,384,395,423,361,364,377,384,532,327,309,313,351,377,343,326,296,336,353,304,285,267,304,278,264,271,234,281,283,318,299,235,234,219,223,244,181,216,297,302,373,151,145,129,119,128,91,78,49,28,15,13,6,6,9,3,3,5,4,5,6,7,12,6,9,9,10,5,4,5,6,6,7,8,4,9,10,7,4,4,4,8,8,8,11,4,5,5,10,8,7,9,6,7,3,2,1,0,0,0,0,0,0,0,0,0,0,0,0,0,0,0,0,0,0,0,0,0,0,0,0,0,0,0,0,0,0,0,0,0,0,0,0,0,0,0,0,0,0,0,0,0,0,0,0,0,0,0,0,0,0,0
48.95,0,0,0,0,0,0,0,0,0,1,0,0,1,0,0,2,0,0,0,0,1,1,0,0,0,0,0,0,1,1,0,0,0,0,1,0,0,0,0,0,1,0,1,1,0,0,1,0,2,3,1,1,0,1,3,1,0,1,1,0,1,1,2,0,2,1,2,1,1,1,2,0,1,1,2,2,2,5,4,1,4,3,1,5,8,5,5,4,5,4,5,12,11,20,20,24,11,32,34,33,47,51,68,82,90,102,104,119,145,146,185,203,220,245,326,355,424,519,645,677,859,866,934,944,899,925,845,915,851,814,824,757,784,723,679,638,647,564,572,586,512,501,531,482,436,502,459,420,438,383,396,423,361,362,377,383,532,329,308,312,351,374,343,327,296,338,353,306,288,266,302,278,263,270,234,281,284,317,299,234,234,219,223,244,182,216,297,302,373,151,145,129,119,129,91,79,49,28,15,13,6,6,9,3,3,5,4,5,6,7,12,6,9,9,10,5,4,5,6,6,7,8,4,9,10,7,4,4,4,8,8,8,11,4,5,5,10,8,7,9,6,7,3,2,1,0,0,0,0,0,0,0,0,0,0,0,0,0,0,0,0,0,0,0,0,0,0,0,0,0,0,0,0,0,0,0,0,0,0,0,0,0,0,0,0,0,0,0,0,0,0,0,0,0,0,0,0,0,0,0
49.05,0,0,0,0,0,0,0,0,0,0,1,1,0,0,0,0,0,0,0,1,0,1,0,0,0,0,1,0,0,0,1,1,0,1,0,0,0,0,0,0,0,1,0,0,1,1,0,2,1,2,1,0,1,0,1,0,1,1,2,0,0,1,1,0,0,2,0,0,0,1,2,0,1,1,2,1,0,2,3,2,0,3,2,3,4,4,3,3,7,7,12,14,12,16,17,24,26,31,31,38,42,54,69,82,87,105,109,124,148,146,186,207,218,243,327,354,418,511,657,671,860,863,927,950,895,924,846,909,853,814,815,753,785,727,679,641,648,557,570,585,509,496,536,480,438,500,460,424,429,383,398,422,364,363,374,379,537,328,306,312,353,371,343,332,294,338,352,302,293,261,302,279,264,270,235,283,285,315,297,237,235,219,222,242,182,212,298,304,371,151,148,127,119,127,92,79,48,28,15,13,6,6,9,3,3,5,4,5,6,7,12,6,9,9,10,5,4,5,6,6,7,8,4,9,10,7,4,4,4,8,8,8,11,4,5,5,10,8,7,10,6,6,3,2,1,0,0,0,0,0,0,0,0,0,0,0,0,0,0,0,0,0,0,0,0,0,0,0,0,0,0,0,0,0,0,0,0,0,0,0,0,0,0,0,0,0,0,0,0,0,0,0,0,0,0,0,0,0,0,0
49.15,0,0,0,0,0,0,0,0,0,0,0,0,0,0,0,0,0,0,1,0,0,0,0,0,0,0,1,0,0,0,0,1,0,1,1,0,1,0,2,0,0,0,0,0,0,0,1,1,4,0,0,1,1,0,0,1,0,0,1,0,0,3,1,0,4,3,3,2,1,3,4,2,4,4,5,4,5,2,3,5,4,3,7,11,4,3,4,11,4,12,6,10,12,15,18,22,24,22,33,33,43,54,58,80,85,105,110,129,147,144,185,200,211,243,319,348,419,507,652,671,861,864,922,945,891,923,849,902,852,817,811,754,779,721,684,639,642,560,568,586,508,501,525,479,437,501,462,420,432,382,402,424,361,361,372,384,528,329,307,313,354,371,345,332,294,339,348,304,290,260,301,278,266,270,236,285,286,316,294,238,232,218,219,239,181,214,299,306,372,153,145,126,118,127,90,79,48,28,15,13,6,6,9,3,3,5,4,5,6,7,12,6,9,9,10,5,4,5,6,6,7,8,4,9,10,7,4,4,4,8,8,8,11,4,6,5,10,8,7,9,6,6,3,2,1,0,0,0,0,0,0,0,0,0,0,0,0,0,0,0,0,0,0,0,0,0,0,0,0,0,0,0,0,0,0,0,0,0,0,0,0,0,0,0,0,0,0,0,0,0,0,0,0,0,0,0,0,0,0,0
49.25,0,0,0,0,0,0,0,0,0,0,0,0,0,0,0,0,0,0,0,0,0,0,0,1,0,1,0,0,1,0,1,2,0,0,1,0,2,1,0,0,0,0,0,1,1,0,0,1,0,1,0,0,2,1,2,0,3,1,2,1,2,1,4,4,0,5,1,3,3,3,2,3,1,5,3,3,4,4,6,7,7,7,6,8,8,6,7,7,15,11,6,10,12,23,20,17,16,22,29,30,41,48,65,82,87,99,103,126,144,146,180,201,209,240,316,349,420,507,649,663,857,860,919,947,890,920,853,898,852,812,807,754,782,717,681,640,640,559,575,589,503,493,526,484,438,494,466,417,432,383,400,419,363,360,378,377,527,326,308,318,354,369,342,332,290,340,349,305,288,260,302,283,262,273,239,282,282,318,295,236,230,216,221,240,181,213,298,305,372,151,144,125,118,127,91,79,47,28,15,13,6,6,9,3,3,5,4,5,6,7,12,6,9,9,10,4,4,5,6,6,7,8,4,9,10,7,5,4,4,8,8,8,11,4,5,5,10,8,7,9,6,6,3,2,1,0,0,0,0,0,0,0,0,0,0,0,0,0,0,0,0,0,0,0,0,0,0,0,0,0,0,0,0,0,0,0,0,0,0,0,0,0,0,0,0,0,0,0,0,0,0,0,0,0,0,0,0,0,0,0
49.35,0,0,0,0,0,0,0,0,0,0,0,0,0,0,0,0,0,0,0,1,0,0,0,0,0,1,2,0,1,0,0,0,0,0,1,0,0,0,0,0,0,0,0,1,0,0,0,1,1,2,0,0,1,1,3,0,1,1,2,1,5,2,1,0,5,4,1,8,3,3,2,2,5,7,5,3,1,4,9,9,10,12,11,12,12,14,11,6,5,14,5,8,11,19,15,18,18,26,33,35,41,51,57,72,80,97,100,123,143,148,177,195,210,238,316,348,418,508,652,662,857,862,915,943,886,920,852,899,853,815,805,750,781,716,677,637,639,558,576,587,495,493,530,479,437,501,456,418,429,385,393,421,360,360,378,376,530,331,306,317,355,370,342,330,290,337,352,306,292,261,304,278,263,273,235,282,283,316,295,235,231,215,223,239,182,212,299,305,371,151,144,124,118,127,91,79,46,28,15,12,6,6,9,3,4,5,4,5,6,7,12,6,9,9,10,4,4,5,6,6,7,8,4,9,10,7,4,4,4,8,8,8,10,4,5,5,10,8,7,9,5,6,3,2,1,0,0,0,0,0,0,0,0,0,0,0,0,0,0,0,0,0,0,0,0,0,0,0,0,0,0,0,0,0,0,0,0,0,0,0,0,0,0,0,0,0,0,0,0,0,0,0,0,0,0,0,0,0,0,0
49.45,0,0,0,0,0,0,0,0,0,0,0,0,0,0,0,0,0,0,0,0,0,0,0,0,0,0,0,0,0,0,0,0,1,0,0,1,1,0,0,1,0,0,1,0,0,1,2,0,0,3,1,0,2,1,0,5,0,0,2,1,0,4,2,0,4,3,3,3,2,4,8,5,4,5,4,9,4,8,5,6,9,12,8,14,7,16,3,13,12,13,14,14,13,16,14,13,15,17,31,35,35,49,59,74,76,96,102,124,137,145,178,194,211,240,315,344,418,508,649,662,848,862,907,945,883,917,852,893,854,812,809,747,778,715,677,633,636,563,568,581,496,500,531,473,439,499,458,415,431,383,394,420,362,355,374,379,533,330,308,314,354,369,344,328,293,339,355,303,289,261,301,280,262,268,235,281,284,316,294,234,230,215,223,238,182,213,298,305,371,151,144,124,118,127,91,79,46,28,15,12,6,6,9,3,3,5,4,5,6,7,12,6,9,9,10,4,4,5,6,6,7,8,4,9,10,7,4,4,4,8,8,8,10,4,5,5,10,8,7,9,5,6,3,2,1,0,0,0,0,0,0,0,0,0,0,0,0,0,0,0,0,0,0,0,0,0,0,0,0,0,0,0,0,0,0,0,0,0,0,0,0,0,0,0,0,0,0,0,0,0,0,0,0,0,0,0,0,0,0,0
49.55,0,0,0,0,0,0,1,0,1,0,0,0,0,0,0,0,0,0,0,0,0,0,0,0,0,0,0,0,0,0,0,0,0,0,1,3,0,0,0,1,0,0,0,0,1,0,2,2,0,0,3,2,3,2,2,2,3,1,1,0,1,3,3,0,0,1,3,5,3,3,3,5,4,4,4,2,10,8,4,6,4,11,8,10,11,11,7,13,6,9,11,11,12,17,16,17,13,15,23,28,35,48,63,76,72,94,103,127,137,141,176,196,212,243,311,345,415,507,647,660,848,860,908,944,882,919,850,897,851,810,805,749,775,714,676,629,637,555,564,578,495,496,531,474,441,497,455,417,430,384,393,420,359,352,377,379,530,335,305,317,353,370,346,328,291,334,352,305,289,261,300,277,265,267,234,282,283,314,295,234,230,215,223,238,182,212,298,305,371,151,144,124,118,127,91,79,46,28,15,12,6,6,9,3,3,5,4,5,6,7,12,6,9,9,10,4,4,5,6,6,7,8,4,9,10,7,4,4,4,8,8,8,10,4,5,5,10,8,7,9,5,6,3,2,1,0,0,0,0,0,0,0,0,0,0,0,0,0,0,0,0,0,0,0,0,0,0,0,0,0,0,0,0,0,0,0,0,0,0,0,0,0,0,0,0,0,0,0,0,0,0,0,0,0,0,0,0,0,0,0
49.65,0,0,0,0,0,0,0,0,0,0,0,0,0,0,0,0,0,0,0,0,0,0,0,0,1,1,0,0,1,0,0,0,0,0,0,0,0,1,0,0,1,0,0,1,0,1,2,0,1,1,2,0,1,0,0,1,0,1,2,0,5,4,1,3,2,4,4,2,1,2,4,4,5,6,1,5,4,4,6,8,7,7,11,8,7,4,9,9,11,6,12,11,11,14,14,19,17,17,25,32,37,45,65,74,76,99,99,122,136,140,174,197,209,239,306,344,413,504,643,660,851,855,912,941,880,917,849,890,851,805,806,747,775,714,674,630,634,556,559,582,492,497,534,473,440,500,452,419,428,380,394,418,354,354,375,377,531,335,303,315,351,371,345,328,292,333,354,306,290,259,300,277,264,267,234,283,282,314,295,235,232,215,223,237,183,212,298,306,371,151,145,124,118,127,91,79,47,27,15,12,6,6,9,3,3,5,4,5,6,7,12,6,9,9,10,4,4,5,6,6,7,8,4,9,10,7,4,4,4,8,8,8,10,4,5,5,10,8,7,9,5,6,3,2,1,0,0,0,0,0,0,0,0,0,0,0,0,0,0,0,0,0,0,0,0,0,0,0,0,0,0,0,0,0,0,0,0,0,0,0,0,0,0,0,0,0,0,0,0,0,0,0,0,0,0,0,0,0,0,0
49.75,0,0,0,0,0,0,0,0,0,0,0,0,1,0,0,0,0,0,0,0,0,0,0,0,0,0,0,0,0,0,0,0,1,0,0,0,1,0,0,0,0,0,2,0,1,0,1,0,1,0,1,2,1,1,1,0,0,0,2,2,3,0,2,1,2,1,3,1,3,2,3,2,6,5,3,5,3,8,5,3,4,12,6,8,4,10,9,9,8,10,7,14,8,15,15,24,23,28,27,28,36,47,67,71,73,97,100,123,137,139,173,195,216,241,307,340,409,497,643,660,852,854,916,936,883,915,847,893,847,801,806,744,773,719,671,627,632,552,562,580,492,502,526,469,442,493,453,421,429,379,390,417,356,354,374,377,531,334,305,314,354,370,344,328,291,332,352,307,289,259,300,276,265,268,234,279,282,313,295,235,233,215,223,237,184,212,298,305,371,151,145,124,118,127,91,79,47,27,15,12,6,5,9,3,3,5,4,5,6,7,12,6,9,9,10,4,4,5,6,6,7,8,4,9,10,7,4,4,4,8,8,8,10,4,5,5,10,8,7,9,5,6,3,2,1,0,0,0,0,0,0,0,0,0,0,0,0,0,0,0,0,0,0,0,0,0,0,0,0,0,0,0,0,0,0,0,0,0,0,0,0,0,0,0,0,0,0,0,0,0,0,0,0,0,0,0,0,0,0,0
49.85,0,0,0,0,0,0,0,0,0,0,0,0,0,0,0,0,0,0,0,0,0,0,0,0,0,0,0,0,0,0,1,0,0,0,2,0,0,1,0,0,2,0,1,1,1,0,0,2,3,0,0,0,0,1,1,0,2,1,1,3,0,1,5,1,1,0,3,2,3,3,4,3,3,7,6,3,3,6,3,4,2,5,2,4,4,6,5,3,4,11,17,8,11,12,7,18,22,24,39,40,41,49,67,75,76,96,102,126,141,136,176,194,215,243,304,341,408,499,641,658,846,849,907,937,877,914,847,892,848,802,799,743,774,713,669,627,636,551,560,578,497,496,523,467,441,493,454,420,429,379,390,417,358,355,374,375,530,335,303,316,350,371,345,326,291,334,351,307,291,259,299,276,264,268,233,282,280,313,296,236,232,215,223,236,184,212,298,304,371,152,145,123,118,127,91,78,47,27,16,10,6,5,9,3,3,5,4,5,6,7,12,6,9,9,10,4,4,5,6,6,7,8,4,9,10,7,4,4,4,8,8,8,10,4,5,5,10,8,7,9,5,6,3,2,1,0,0,0,0,0,0,0,0,0,0,0,0,0,0,0,0,0,0,0,0,0,0,0,0,0,0,0,0,0,0,0,0,0,0,0,0,0,0,0,0,0,0,0,0,0,0,0,0,0,0,0,0,0,0,0
49.95,0,0,0,0,0,0,0,0,0,0,0,0,0,0,0,0,0,0,0,0,0,0,0,0,0,0,0,0,0,1,0,0,0,0,0,0,0,0,1,0,0,3,0,0,1,0,0,0,0,1,0,2,3,1,1,3,1,2,2,1,0,1,3,4,0,0,0,0,1,1,1,2,2,2,2,0,0,4,3,1,4,3,3,1,3,1,2,3,4,6,8,5,9,21,10,20,24,25,31,36,41,61,72,81,84,98,98,128,141,143,182,196,217,238,305,340,411,497,638,658,845,847,907,935,879,908,845,887,849,800,799,747,776,708,670,628,633,550,560,573,492,495,523,466,441,490,455,421,426,379,389,419,354,353,374,375,529,334,303,314,351,370,346,326,292,334,351,306,290,259,298,277,264,270,233,280,279,314,295,237,232,215,223,236,184,212,298,304,370,152,145,123,118,127,91,78,47,27,16,10,6,5,9,3,3,5,4,5,6,7,12,6,9,9,10,4,4,5,6,6,7,8,4,9,10,7,4,4,4,8,8,8,10,4,5,5,10,8,7,9,5,6,3,2,1,0,0,0,0,0,0,0,0,0,0,0,0,0,0,0,0,0,0,0,0,0,0,0,0,0,0,0,0,0,0,0,0,0,0,0,0,0,0,0,0,0,0,0,0,0,0,0,0,0,0,0,0,0,0,0
50.05,1,0,0,0,0,0,0,0,0,0,0,0,0,0,0,0,0,0,0,1,0,0,0,0,0,1,0,0,0,0,0,0,0,1,1,0,0,0,0,0,0,1,0,2,2,1,0,0,0,0,2,1,0,1,1,1,1,1,0,0,0,1,2,2,1,0,0,2,4,2,0,1,3,1,3,4,0,3,2,2,5,2,1,3,3,1,1,7,3,10,7,9,9,12,18,15,15,28,38,36,51,59,68,77,89,98,105,131,145,139,182,196,228,231,306,327,413,488,644,659,846,848,909,929,870,907,839,887,848,798,798,745,771,712,672,626,632,548,558,572,490,495,520,469,440,489,452,427,424,376,390,416,352,354,373,377,526,333,307,311,351,371,344,324,291,337,350,306,290,257,299,277,265,270,232,281,281,312,295,235,235,219,222,233,182,211,299,303,372,151,145,124,118,127,91,78,47,27,15,10,6,5,9,3,3,5,4,5,6,7,12,6,9,9,10,4,4,5,7,6,6,8,4,9,10,7,4,4,4,8,8,8,10,4,5,5,10,8,7,9,5,6,3,2,1,0,0,0,0,0,0,0,0,0,0,0,0,0,0,0,0,0,0,0,0,0,0,0,0,0,0,0,0,0,0,0,0,0,0,0,0,0,0,0,0,0,0,0,0,0,0,0,0,0,0,0,0,0,0,0
50.15,0,0,0,0,0,0,0,0,0,0,0,0,0,0,0,0,0,0,0,2,0,0,0,0,0,1,0,2,1,0,0,1,0,0,0,1,1,0,1,0,0,1,1,0,1,2,2,0,0,1,1,0,2,1,0,0,2,2,0,3,4,0,2,1,2,1,1,2,2,3,3,3,4,6,2,3,3,5,2,1,5,4,5,3,5,3,8,3,3,10,7,7,4,8,12,14,14,30,35,40,44,51,68,76,91,101,106,128,143,143,181,190,222,231,300,328,406,489,646,651,842,849,901,924,872,905,838,885,848,798,798,741,775,704,666,630,629,548,547,575,490,495,519,464,446,486,452,425,424,374,388,413,354,356,374,371,527,336,307,311,346,373,340,325,298,333,351,306,290,258,301,276,265,270,233,281,280,313,294,235,236,215,223,231,183,210,296,303,371,150,145,124,118,127,91,77,47,27,15,10,6,5,9,3,3,5,4,5,6,7,12,6,9,10,10,4,4,5,6,6,6,8,4,9,10,7,4,4,4,8,8,8,10,4,5,5,10,8,7,9,5,6,3,2,1,0,0,0,0,0,0,0,0,0,0,0,0,0,0,0,0,0,0,0,0,0,0,0,0,0,0,0,0,0,0,0,0,0,0,0,0,0,0,0,0,0,0,0,0,0,0,0,0,0,0,0,0,0,0,0
50.25,0,0,0,0,0,0,0,0,0,0,0,0,0,0,0,0,1,0,0,0,0,1,0,0,0,0,0,0,0,0,1,0,0,0,1,0,0,0,0,0,2,1,1,0,3,0,1,2,0,1,2,0,1,1,0,0,0,2,0,0,2,2,1,1,2,1,2,7,0,6,6,3,5,1,3,9,3,5,11,4,3,7,4,7,5,9,4,6,7,6,5,8,7,12,18,14,15,27,31,29,45,54,64,77,86,96,108,133,141,137,179,190,219,227,292,321,402,491,647,649,841,850,900,920,873,903,835,880,854,793,796,740,771,707,665,632,628,545,547,574,486,493,520,468,440,488,454,423,419,374,386,413,354,359,368,375,527,337,302,312,346,372,343,325,299,333,352,306,291,260,297,280,264,270,232,281,280,312,295,236,234,214,222,231,179,211,294,304,372,149,145,124,119,127,91,77,47,27,15,10,6,5,9,3,3,5,4,6,6,7,12,6,9,9,10,4,4,5,6,6,6,8,4,9,10,7,4,4,4,8,8,8,10,4,5,5,10,8,7,9,5,6,3,2,1,0,0,0,0,0,0,0,0,0,0,0,0,0,0,0,0,0,0,0,0,0,0,0,0,0,0,0,0,0,0,0,0,0,0,0,0,0,0,0,0,0,0,0,0,0,0,0,0,0,0,0,0,0,0,0
50.35,0,0,0,0,0,0,1,0,0,0,0,0,0,0,1,0,0,0,0,0,0,0,0,0,0,1,0,0,1,1,1,0,1,0,0,0,0,0,0,0,0,0,0,1,0,0,3,0,2,2,1,0,0,2,2,1,1,1,3,2,3,2,1,4,3,2,3,0,3,4,3,10,4,5,8,5,4,4,6,7,3,3,6,7,5,9,12,5,4,16,11,10,13,11,14,13,16,29,27,27,38,52,67,71,90,95,101,127,137,137,178,181,220,224,296,320,403,487,643,647,839,843,899,919,871,898,838,875,848,787,794,740,770,709,667,628,626,545,543,575,488,494,520,466,443,485,456,420,419,375,387,411,352,354,370,375,527,333,302,314,347,373,339,325,295,333,353,308,292,260,299,276,265,268,230,284,279,309,296,236,232,214,220,231,180,210,294,304,372,150,144,124,119,127,91,78,47,27,15,10,6,5,9,3,3,5,4,5,6,7,12,6,9,9,10,4,4,5,6,6,6,8,4,9,11,7,4,4,4,8,8,8,10,4,5,5,10,8,7,9,5,6,3,2,1,0,0,0,0,0,0,0,0,0,0,0,0,0,0,0,0,0,0,0,0,0,0,0,0,0,0,0,0,0,0,0,0,0,0,0,0,0,0,0,0,0,0,0,0,0,0,0,0,0,0,0,0,0,0,0
50.45,0,0,0,0,0,0,0,0,0,0,0,0,0,0,0,0,0,0,0,0,0,0,0,0,0,0,0,0,0,0,1,0,1,0,0,2,0,0,2,1,0,0,1,0,1,0,0,0,1,1,1,1,0,1,3,1,3,1,3,0,0,4,1,3,5,3,1,6,2,1,3,3,4,3,4,8,4,3,4,7,6,9,13,14,13,6,6,13,6,13,12,12,11,12,11,19,17,25,26,27,41,45,66,68,82,96,106,125,134,134,179,181,216,222,290,319,399,484,644,649,834,848,893,919,866,898,837,874,843,787,794,737,771,707,667,629,623,543,539,571,488,494,515,467,442,486,451,421,419,373,385,410,354,357,371,373,525,333,305,310,351,373,338,325,295,334,351,303,296,261,297,277,261,270,230,284,279,310,294,234,232,215,220,230,181,209,295,305,370,150,144,124,119,127,91,77,47,28,15,10,6,5,9,3,3,5,4,5,6,7,12,6,9,9,10,4,4,5,5,6,6,7,4,9,10,7,4,4,4,8,8,8,10,4,5,5,10,8,7,11,5,6,3,2,1,0,0,0,0,0,0,0,0,0,0,0,0,0,0,0,0,0,0,0,0,0,0,0,0,0,0,0,0,0,0,0,0,0,0,0,0,0,0,0,0,0,0,0,0,0,0,0,0,0,0,0,0,0,0,0
50.55,0,0,0,0,0,0,0,0,0,0,0,0,0,0,0,0,0,0,0,0,0,0,0,0,1,1,0,0,1,0,0,0,0,0,0,0,1,0,1,0,1,0,1,1,2,1,0,2,2,1,1,1,1,0,1,2,3,1,2,2,2,5,1,3,3,4,0,2,3,0,1,3,4,1,3,4,5,5,7,8,8,8,5,12,7,10,10,7,21,15,9,19,9,12,13,16,9,25,29,27,42,49,65,70,82,90,103,124,138,133,178,179,217,220,288,317,399,485,642,642,833,845,888,912,868,901,831,880,838,787,797,734,765,708,668,625,625,539,539,575,487,492,517,462,448,482,449,422,420,374,385,413,353,355,371,371,525,329,304,310,351,373,338,326,296,332,353,305,294,260,298,277,263,269,229,284,278,311,295,234,232,216,219,229,181,209,297,304,370,149,144,124,119,127,91,77,47,28,15,10,6,5,9,3,3,5,4,5,6,7,12,6,9,9,10,4,4,5,5,6,6,7,4,9,10,7,4,4,4,8,8,8,10,4,5,5,10,8,7,11,5,6,3,2,1,0,0,0,0,0,0,0,0,0,0,0,0,0,0,0,0,0,0,0,0,0,0,0,0,0,0,0,0,0,0,0,0,0,0,0,0,0,0,0,0,0,0,0,0,0,0,0,0,0,0,0,0,0,0,0
50.65,0,0,0,0,0,1,0,0,0,0,0,0,0,0,0,0,0,0,0,0,0,0,0,0,0,0,0,0,0,0,0,0,0,0,0,0,1,1,1,1,1,0,1,0,0,0,1,1,0,0,0,0,1,2,0,1,0,1,2,2,1,3,2,3,2,1,4,2,2,3,1,3,5,9,4,1,4,4,6,9,7,9,6,5,8,11,7,10,10,8,8,9,10,11,20,14,19,23,32,27,42,46,60,71,83,94,98,126,134,134,178,178,216,219,286,316,398,486,638,641,830,845,883,913,867,896,832,875,840,788,797,730,761,709,662,625,623,537,540,576,490,488,516,463,444,483,452,417,419,373,388,412,350,356,372,370,525,328,302,311,350,374,341,324,296,331,352,307,293,259,298,277,263,268,229,284,278,311,295,234,231,216,218,229,181,209,296,304,371,149,144,124,119,127,91,77,47,28,15,10,6,5,9,3,3,5,4,5,6,7,12,6,9,9,10,4,4,5,5,6,6,8,4,9,10,7,4,4,4,8,8,8,10,5,5,5,10,8,8,11,5,6,3,2,1,0,0,0,0,0,0,0,0,0,0,0,0,0,0,0,0,0,0,0,0,0,0,0,0,0,0,0,0,0,0,0,0,0,0,0,0,0,0,0,0,0,0,0,0,0,0,0,0,0,0,0,0,0,0,0
50.75,0,0,0,1,0,1,0,0,0,0,0,0,0,0,0,0,0,0,0,0,1,0,1,0,0,1,0,0,1,0,0,0,0,0,1,0,0,2,0,2,1,0,0,1,0,0,0,1,0,1,1,0,3,1,0,2,2,0,0,1,3,3,3,4,1,1,2,2,4,6,4,7,2,6,4,7,4,1,0,6,10,8,6,5,8,3,3,6,7,10,12,11,16,14,12,16,19,30,29,31,38,40,60,70,82,93,103,127,136,134,176,181,216,221,286,315,398,481,636,641,825,844,878,911,863,897,833,873,838,785,794,729,764,705,661,623,625,536,543,571,490,487,515,465,444,486,449,415,416,376,387,411,351,353,370,369,526,329,303,311,348,374,341,324,294,328,350,307,295,260,297,281,261,268,229,285,277,311,295,233,232,214,217,229,180,208,296,305,370,149,143,123,119,128,92,77,47,28,15,10,6,5,9,3,3,5,4,5,6,7,12,6,9,9,10,4,4,5,5,6,6,8,4,9,10,7,4,4,4,8,8,8,10,5,5,5,10,8,8,11,5,6,3,2,1,0,0,0,0,0,0,0,0,0,0,0,0,0,0,0,0,0,0,0,0,0,0,0,0,0,0,0,0,0,0,0,0,0,0,0,0,0,0,0,0,0,0,0,0,0,0,0,0,0,0,0,0,0,0,0
50.85,0,0,0,0,0,0,0,0,0,0,0,0,0,0,0,0,0,0,0,0,0,1,0,0,0,0,0,0,0,0,0,0,0,0,0,0,0,0,0,0,0,1,1,0,1,0,1,1,1,1,2,0,1,1,0,2,1,2,0,1,0,2,2,1,2,2,1,1,1,3,0,6,6,3,5,2,3,5,1,2,8,2,10,5,6,6,8,2,11,1,9,10,6,8,17,12,13,29,35,31,45,44,62,70,82,94,101,128,139,133,180,182,217,218,286,315,397,481,638,632,824,838,874,914,868,896,829,872,839,782,787,722,758,703,661,623,621,539,542,570,488,486,512,463,444,485,449,414,419,372,387,408,351,354,369,369,525,329,303,311,349,373,337,325,295,329,352,307,295,259,299,280,262,268,229,286,276,312,295,235,231,215,217,229,180,208,298,305,369,149,143,123,119,128,92,76,47,28,15,10,6,5,9,3,3,5,4,5,6,7,12,6,9,9,10,4,4,5,5,6,6,8,4,9,9,7,4,4,4,8,8,8,10,5,5,5,10,8,7,11,5,6,3,2,1,0,0,0,0,0,0,0,0,0,0,0,0,0,0,0,0,0,0,0,0,0,0,0,0,0,0,0,0,0,0,0,0,0,0,0,0,0,0,0,0,0,0,0,0,0,0,0,0,0,0,0,0,0,0,0
50.95,0,0,0,0,0,0,0,0,0,0,0,1,0,0,0,0,0,0,0,0,0,0,0,0,0,0,0,0,0,0,0,0,0,0,0,1,0,1,0,0,1,0,0,1,1,0,0,1,0,2,0,0,2,1,1,1,1,0,1,1,1,0,0,1,2,2,0,3,1,0,0,1,2,3,0,2,3,4,2,3,3,3,2,4,4,3,6,6,8,2,5,6,9,13,12,15,18,24,36,28,51,47,62,73,88,100,107,130,138,135,178,184,217,221,286,314,400,481,637,635,820,836,872,912,868,896,828,873,839,779,786,718,752,703,658,622,621,535,540,571,489,486,510,462,446,482,449,411,418,371,390,409,352,353,369,371,526,328,303,309,349,374,337,324,295,331,352,304,293,260,298,278,261,270,229,286,276,313,295,234,231,215,217,230,180,209,298,305,370,149,143,123,119,128,92,76,47,28,15,10,6,5,9,3,3,5,4,5,6,7,12,6,9,9,10,5,4,5,6,6,6,8,4,9,9,7,4,4,4,8,8,8,10,5,5,5,10,8,7,11,5,6,3,2,1,0,0,0,0,0,0,0,0,0,0,0,0,0,0,0,0,0,0,0,0,0,0,0,0,0,0,0,0,0,0,0,0,0,0,0,0,0,0,0,0,0,0,0,0,0,0,0,0,0,0,0,0,0,0,0
51.05,0,0,0,0,0,0,0,0,1,0,0,0,0,0,1,0,0,0,0,0,0,0,0,1,0,0,0,1,1,0,0,0,0,0,0,0,1,0,1,1,0,0,1,0,1,2,1,2,1,3,1,0,0,0,0,1,2,0,1,0,1,0,0,0,1,2,0,0,1,3,0,1,1,1,0,0,1,0,1,1,1,1,2,5,3,3,4,7,5,4,8,3,13,8,14,15,16,26,32,32,50,53,67,82,84,93,108,130,139,137,182,188,213,215,287,317,400,480,638,633,814,835,866,909,872,896,822,867,839,779,787,714,761,700,660,623,617,534,541,564,488,486,512,458,445,485,449,414,416,371,386,414,356,349,372,366,525,327,302,308,350,374,339,324,294,336,350,300,293,260,298,279,262,267,229,284,278,311,294,233,231,218,217,228,180,208,298,306,363,149,143,123,119,129,92,76,47,28,16,9,6,5,9,3,3,5,4,5,6,7,12,6,9,9,10,5,4,5,6,6,6,8,4,9,9,7,4,4,4,8,8,8,10,5,5,5,10,8,7,11,5,6,3,2,1,0,0,0,0,0,0,0,0,0,0,0,0,0,0,0,0,0,0,0,0,0,0,0,0,0,0,0,0,0,0,0,0,0,0,0,0,0,0,0,0,0,0,0,0,0,0,0,0,0,0,0,0,0,0,0
51.15,0,0,0,0,0,0,0,0,0,0,0,0,0,0,0,0,0,0,0,1,0,0,0,0,0,0,0,0,0,0,0,0,0,1,1,1,2,1,0,0,1,1,0,0,0,0,3,0,0,2,2,1,1,3,1,1,0,1,1,1,2,0,1,3,3,2,3,6,3,3,2,0,4,3,5,5,4,1,4,1,2,3,3,7,6,3,2,5,7,7,2,9,11,5,10,14,13,23,41,27,46,56,67,73,88,91,107,126,137,135,178,184,216,216,285,314,398,478,630,629,810,834,859,910,867,898,824,865,835,776,782,720,763,698,662,618,615,540,537,567,483,489,506,460,451,480,448,416,416,370,388,416,356,349,370,371,522,328,300,314,350,374,338,324,293,332,347,301,291,261,299,279,260,268,228,288,280,311,292,232,232,215,217,230,178,207,298,304,363,149,143,123,119,128,92,76,47,28,16,9,6,5,9,3,3,5,4,5,6,7,12,6,9,9,10,5,4,5,6,6,6,8,4,9,9,7,5,4,4,8,8,8,10,5,5,5,10,8,7,11,5,6,3,2,1,0,0,0,0,0,0,0,0,0,0,0,0,0,0,0,0,0,0,0,0,0,0,0,0,0,0,0,0,0,0,0,0,0,0,0,0,0,0,0,0,0,0,0,0,0,0,0,0,0,0,0,0,0,0,0
51.25,0,0,0,0,0,0,0,0,0,0,0,0,0,0,0,0,0,0,0,0,1,0,0,1,0,0,0,1,0,0,0,1,0,0,0,0,0,1,1,0,0,2,1,0,0,1,1,0,0,0,1,1,0,0,2,3,2,0,0,0,2,3,1,2,2,5,4,2,1,1,4,4,5,3,3,8,8,5,10,5,3,5,4,8,5,2,12,5,4,7,8,7,8,11,11,15,18,25,32,31,46,52,69,71,90,90,102,123,132,133,177,182,213,217,286,310,396,477,630,627,808,832,857,913,865,895,817,870,829,776,783,717,765,701,658,617,620,538,538,563,486,487,505,464,450,482,446,415,415,370,390,415,353,350,372,366,521,327,302,312,349,373,337,324,293,331,348,300,291,262,299,279,264,267,229,287,280,310,291,233,231,216,216,229,179,207,297,305,363,149,143,123,119,128,92,76,47,28,16,9,6,5,9,3,3,5,4,5,6,7,12,6,9,9,10,5,4,5,6,6,6,8,4,9,9,7,5,4,4,8,8,8,10,5,5,5,10,8,7,11,5,6,3,2,1,0,0,0,0,0,0,0,0,0,0,0,0,0,0,0,0,0,0,0,0,0,0,0,0,0,0,0,0,0,0,0,0,0,0,0,0,0,0,0,0,0,0,0,0,0,0,0,0,0,0,0,0,0,0,0
51.35,0,0,0,0,0,0,0,0,0,0,0,0,0,0,0,0,0,0,0,0,0,0,0,0,0,0,0,0,0,0,0,0,0,1,0,1,0,2,0,0,0,0,1,1,0,1,1,0,0,1,1,2,0,0,1,2,0,0,1,3,1,0,1,1,3,1,3,5,0,0,1,10,2,3,3,5,6,6,13,5,4,17,9,7,11,10,6,10,8,6,9,6,14,14,12,18,17,23,32,25,45,53,69,69,82,84,102,119,133,132,175,183,212,212,280,305,396,477,628,625,809,828,855,902,866,894,819,863,831,777,781,724,754,698,656,620,619,537,537,567,479,488,507,464,444,478,448,414,416,369,392,412,354,350,372,369,525,326,301,309,351,371,336,325,293,331,348,302,291,262,299,279,261,268,229,286,279,310,291,231,232,217,216,229,178,207,297,305,363,149,143,122,119,128,92,76,47,28,16,9,6,5,9,3,3,5,4,5,6,7,12,6,9,9,10,5,4,5,6,6,6,8,4,9,9,7,5,4,4,8,8,8,10,5,5,5,10,8,7,11,5,6,3,2,1,0,0,0,0,0,0,0,0,0,0,0,0,0,0,0,0,0,0,0,0,0,0,0,0,0,0,0,0,0,0,0,0,0,0,0,0,0,0,0,0,0,0,0,0,0,0,0,0,0,0,0,0,0,0,0
51.45,0,0,1,0,0,0,0,0,0,1,0,0,0,0,0,0,0,0,0,0,0,0,0,0,0,0,0,0,0,0,0,1,0,0,0,0,0,0,1,0,1,0,1,0,0,1,1,0,0,0,0,0,0,2,1,2,1,3,2,2,1,3,1,3,1,1,2,3,0,2,6,1,5,9,3,6,9,8,4,2,7,5,7,3,8,14,6,10,12,9,10,10,13,10,15,19,17,24,36,30,40,49,65,71,79,89,105,117,135,130,174,182,211,213,279,304,394,474,626,623,812,827,861,896,864,889,820,861,832,775,789,717,750,698,652,621,614,536,541,563,481,492,504,462,444,481,446,414,416,373,392,410,352,354,373,366,522,327,304,309,351,372,336,322,292,330,346,300,291,264,299,279,263,268,228,286,278,311,291,231,233,217,215,228,178,208,297,304,363,149,143,122,119,128,92,76,47,28,16,9,6,5,9,3,3,5,4,5,6,7,12,6,9,9,10,5,4,5,6,6,6,8,4,9,9,7,5,5,4,8,8,8,10,5,5,5,10,8,6,11,5,6,3,2,1,0,0,0,0,0,0,0,0,0,0,0,0,0,0,0,0,0,0,0,0,0,0,0,0,0,0,0,0,0,0,0,0,0,0,0,0,0,0,0,0,0,0,0,0,0,0,0,0,0,0,0,0,0,0,0
51.55,0,0,0,0,0,1,0,0,0,0,0,0,0,0,0,0,0,0,0,0,0,0,0,0,0,0,1,0,0,0,1,1,0,0,0,0,0,0,0,1,0,0,1,1,0,0,1,0,0,0,0,0,0,2,5,2,1,2,1,2,1,2,1,2,4,3,3,3,4,2,3,2,4,6,1,4,4,7,7,5,9,8,8,7,6,7,8,9,10,11,5,9,17,10,10,20,16,23,33,27,40,48,66,71,77,89,103,117,133,133,175,181,212,214,279,309,394,473,626,621,814,821,858,892,861,891,813,860,827,779,788,718,746,698,653,617,615,532,540,560,480,491,507,461,445,478,441,418,415,372,392,406,356,351,372,368,524,326,302,307,349,373,334,323,291,329,349,300,291,262,300,280,263,265,228,286,278,312,291,231,232,215,215,228,179,208,297,303,364,149,143,122,119,128,92,76,47,28,16,9,6,5,9,3,3,5,4,5,6,7,12,6,9,9,10,5,4,5,6,6,6,8,4,9,9,7,5,5,4,8,8,8,10,5,5,5,10,8,6,11,5,6,3,2,1,0,0,0,0,0,0,0,0,0,0,0,0,0,0,0,0,0,0,0,0,0,0,0,0,0,0,0,0,0,0,0,0,0,0,0,0,0,0,0,0,0,0,0,0,0,0,0,0,0,0,0,0,0,0,0
51.65,1,0,0,0,0,0,0,0,0,0,0,0,0,0,0,1,0,1,0,0,0,0,0,2,0,0,1,0,0,0,0,0,2,0,0,0,0,0,0,1,0,3,1,0,0,0,0,0,0,0,1,0,4,0,1,1,2,1,2,3,0,2,1,4,1,1,0,2,2,2,3,5,4,7,6,6,4,2,3,5,5,5,9,4,11,8,8,14,4,6,9,11,10,10,13,17,12,25,32,25,44,50,68,71,77,89,102,118,133,131,174,183,213,216,279,310,396,477,626,619,810,822,858,891,860,880,812,861,829,779,789,714,748,695,654,615,613,528,540,562,480,486,509,459,446,476,444,415,415,371,393,407,355,351,372,367,523,327,301,307,351,368,335,322,291,327,348,301,293,262,301,281,261,265,228,286,279,312,290,231,232,215,215,228,178,208,297,303,364,149,143,122,119,128,92,76,47,28,16,9,6,5,9,3,3,5,4,5,6,7,12,6,9,9,11,5,4,5,6,6,6,8,4,9,9,7,5,5,4,8,8,8,10,5,5,5,10,8,6,11,5,6,3,2,1,0,0,0,0,0,0,0,0,0,0,0,0,0,0,0,0,0,0,0,0,0,0,0,0,0,0,0,0,0,0,0,0,0,0,0,0,0,0,0,0,0,0,0,0,0,0,0,0,0,0,0,0,0,0,0
51.75,0,0,0,0,0,0,0,0,0,0,0,0,0,0,0,0,0,0,0,0,0,0,0,0,0,0,0,0,0,0,0,0,0,1,1,0,0,0,2,1,1,0,1,0,0,1,0,0,2,0,5,1,2,3,0,1,2,1,2,1,0,2,2,2,2,1,2,2,4,3,5,3,5,3,3,5,5,5,4,9,5,8,7,4,5,4,7,4,7,8,5,12,12,9,9,17,11,27,37,28,45,51,65,73,79,86,99,116,133,133,176,182,209,217,278,311,391,476,626,621,809,816,856,892,860,880,814,856,828,778,785,713,745,691,655,616,611,530,538,564,477,484,507,459,444,479,444,415,415,372,391,404,354,349,374,366,525,327,302,307,349,369,333,322,293,328,348,300,293,262,299,282,265,265,227,286,278,312,290,232,233,215,215,228,178,208,296,303,363,149,144,122,119,128,92,76,47,28,16,9,6,5,9,3,3,5,4,5,6,7,12,6,9,9,11,5,4,5,6,6,6,8,4,9,9,7,5,5,4,8,8,8,10,5,5,5,10,8,6,11,5,6,3,2,1,0,0,0,0,0,0,0,0,0,0,0,0,0,0,0,0,0,0,0,0,0,0,0,0,0,0,0,0,0,0,0,0,0,0,0,0,0,0,0,0,0,0,0,0,0,0,0,0,0,0,0,0,0,0,0
51.85,0,0,0,0,0,0,0,0,0,0,1,0,0,0,0,0,0,1,0,0,0,0,0,0,0,0,0,0,0,0,0,1,1,0,0,1,0,1,0,1,1,0,3,0,1,1,0,1,2,1,0,0,1,1,0,2,3,0,2,1,2,1,0,1,1,3,0,5,2,3,3,1,3,3,4,3,3,5,6,4,4,6,3,7,6,5,8,4,4,9,6,9,15,11,11,16,17,22,33,28,48,49,68,69,81,87,99,116,133,135,170,178,214,216,282,309,389,479,627,622,804,814,856,894,856,879,811,854,829,774,780,713,745,690,654,612,611,529,539,565,476,485,507,460,445,476,441,415,414,367,387,402,352,349,374,365,526,327,303,304,350,368,334,322,292,327,350,299,292,262,300,282,264,265,228,286,279,313,290,232,232,215,215,228,178,208,296,301,365,149,143,122,119,128,92,76,47,28,16,9,6,5,9,3,3,5,4,5,6,7,12,6,9,9,11,5,4,5,6,6,6,8,4,9,9,7,5,5,4,8,8,8,10,5,5,5,10,8,6,11,5,6,3,2,1,0,0,0,0,0,0,0,0,0,0,0,0,0,0,0,0,0,0,0,0,0,0,0,0,0,0,0,0,0,0,0,0,0,0,0,0,0,0,0,0,0,0,0,0,0,0,0,0,0,0,0,0,0,0,0
51.95,0,0,0,0,0,0,0,0,0,0,0,0,1,0,0,0,2,0,0,0,0,0,0,1,0,0,0,0,1,0,0,1,0,0,0,1,0,0,0,0,1,0,0,0,2,0,1,0,1,1,0,0,1,2,1,2,1,1,6,0,1,1,0,0,0,0,0,2,0,2,1,2,1,0,1,0,0,4,0,2,3,2,1,1,1,4,2,9,8,6,5,8,18,9,11,24,18,24,35,35,53,46,72,70,79,90,100,116,135,134,171,174,213,221,281,307,390,476,632,619,805,815,854,892,851,877,810,852,827,768,784,711,742,690,652,612,613,527,539,562,479,484,506,459,444,478,438,414,414,367,386,402,352,348,374,367,526,325,303,303,352,368,335,322,292,327,348,299,293,262,300,282,263,266,227,286,279,313,290,232,232,215,215,228,178,208,295,301,365,149,143,122,119,127,92,76,47,28,16,9,6,5,9,3,3,5,4,5,6,7,12,6,9,9,11,5,4,5,6,6,6,7,4,9,9,7,5,5,4,8,8,8,10,5,5,5,11,8,6,11,5,6,3,2,1,0,0,0,0,0,0,0,0,0,0,0,0,0,0,0,0,0,0,0,0,0,0,0,0,0,0,0,0,0,0,0,0,0,0,0,0,0,0,0,0,0,0,0,0,0,0,0,0,0,0,0,0,0,0,0
52.05,0,0,0,0,0,0,0,0,0,0,0,0,0,0,0,0,0,0,0,0,0,0,0,2,0,0,0,0,0,0,1,0,1,0,1,0,0,0,2,0,1,1,1,0,1,0,0,0,0,0,0,2,1,1,0,1,3,1,2,1,3,3,0,0,1,0,1,2,1,0,0,0,0,0,0,3,1,1,3,1,0,0,1,4,5,3,2,3,4,10,7,10,7,18,12,13,15,29,31,37,49,56,74,74,78,89,101,122,133,136,168,175,207,221,280,305,390,477,633,624,805,806,858,888,850,869,816,847,827,761,782,712,744,685,655,609,609,532,537,561,475,483,505,458,446,477,435,415,411,369,387,402,353,348,377,367,525,328,298,302,350,371,336,322,295,325,347,298,295,265,296,283,263,263,228,286,278,314,291,233,231,216,215,227,178,209,296,299,365,150,142,122,119,127,92,76,47,28,16,9,6,5,9,3,3,5,4,5,6,7,12,6,9,9,11,5,4,5,6,6,6,7,4,9,9,7,5,5,4,8,8,8,10,5,5,5,11,8,6,11,5,6,3,2,1,0,0,0,0,0,0,0,0,0,0,0,0,0,0,0,0,0,0,0,0,0,0,0,0,0,0,0,0,0,0,0,0,0,0,0,0,0,0,0,0,0,0,0,0,0,0,0,0,0,0,0,0,0,0,0
52.15,0,0,0,0,0,0,0,0,1,0,1,0,0,0,0,0,0,0,1,0,0,0,0,0,0,0,0,0,0,1,0,1,0,0,0,1,0,0,0,0,0,2,0,0,0,0,0,0,0,1,0,0,1,1,3,1,2,1,1,0,0,1,2,2,1,6,3,3,1,2,6,10,4,1,1,1,7,2,6,4,2,5,2,3,3,10,4,2,7,10,4,10,8,15,21,19,14,34,30,34,51,49,66,68,84,93,101,116,133,131,164,172,208,211,278,306,393,470,632,623,800,810,852,887,849,863,817,848,825,756,779,712,742,685,650,610,608,532,542,556,473,486,500,458,448,475,436,411,413,368,391,401,354,349,380,367,523,321,300,300,352,371,337,321,295,325,350,297,296,266,294,281,260,263,227,287,277,317,290,232,232,215,214,228,178,209,294,300,366,149,142,124,119,126,92,76,47,28,16,9,6,5,9,3,3,5,4,5,6,7,12,6,9,9,11,5,4,5,6,6,6,7,4,9,9,7,5,5,4,8,8,8,10,5,5,5,11,8,6,11,5,6,3,2,1,0,0,0,0,0,0,0,0,0,0,0,0,0,0,0,0,0,0,0,0,0,0,0,0,0,0,0,0,0,0,0,0,0,0,0,0,0,0,0,0,0,0,0,0,0,0,0,0,0,0,0,0,0,0,0
52.25,0,0,0,0,0,0,0,0,0,0,0,0,0,0,0,0,1,0,0,0,0,0,0,0,0,0,0,0,0,2,0,0,1,0,0,0,0,0,0,0,0,0,0,1,0,0,0,0,1,0,0,0,1,2,0,1,3,0,1,0,0,1,1,1,1,1,1,1,1,4,3,3,3,4,3,3,8,3,6,5,6,8,7,4,10,6,3,5,9,9,10,10,11,18,13,18,11,25,30,35,46,47,67,71,79,85,95,115,127,132,162,175,205,214,275,300,392,473,631,624,797,811,848,882,855,865,812,843,823,753,778,716,743,683,647,608,611,531,542,553,472,482,495,459,447,476,435,412,411,370,387,400,353,353,376,366,520,321,301,302,350,372,338,323,294,325,348,296,296,264,294,283,260,262,227,287,275,314,290,233,232,216,215,227,181,207,294,299,366,149,142,122,118,126,92,76,47,28,16,9,6,5,9,3,3,5,4,5,6,7,12,6,9,9,11,5,4,5,6,6,6,7,4,9,9,7,5,5,4,8,8,8,10,5,5,5,11,8,6,11,5,6,3,2,1,0,0,0,0,0,0,0,0,0,0,0,0,0,0,0,0,0,0,0,0,0,0,0,0,0,0,0,0,0,0,0,0,0,0,0,0,0,0,0,0,0,0,0,0,0,0,0,0,0,0,0,0,0,0,0
52.35,1,0,0,0,0,0,0,0,0,0,0,0,0,0,0,0,0,0,0,0,0,0,0,0,0,0,1,0,0,0,0,0,1,0,0,0,0,0,1,0,0,0,1,0,1,0,0,2,0,0,1,1,1,0,1,2,0,0,3,1,3,1,1,4,0,7,4,5,0,3,2,4,4,3,4,2,6,2,4,5,9,5,6,9,7,9,4,7,11,11,4,8,7,24,11,18,12,25,27,33,43,48,59,67,76,86,97,111,129,131,159,172,203,213,270,299,390,472,628,622,799,805,850,877,852,868,806,843,818,752,780,714,743,681,652,605,613,535,537,551,473,485,493,460,446,476,436,414,413,367,384,401,354,352,376,364,521,321,300,306,352,370,337,321,295,326,348,295,296,263,293,281,260,263,227,285,276,315,290,232,232,216,214,228,180,206,295,300,366,148,142,122,118,126,92,76,47,28,16,9,6,5,9,3,3,5,4,5,6,7,12,6,9,9,11,5,4,5,6,6,5,7,4,9,9,7,5,5,4,8,8,8,10,5,5,5,12,8,6,11,5,6,3,2,1,0,0,0,0,0,0,0,0,0,0,0,0,0,0,0,0,0,0,0,0,0,0,0,0,0,0,0,0,0,0,0,0,0,0,0,0,0,0,0,0,0,0,0,0,0,0,0,0,0,0,0,0,0,0,0
52.45,0,0,0,0,0,0,0,0,0,0,0,0,1,0,0,0,0,1,0,0,0,0,0,0,0,0,0,0,0,0,1,0,2,1,0,0,1,0,1,0,1,0,0,0,1,1,0,1,1,1,1,1,0,1,0,4,0,2,1,0,1,1,1,1,1,1,3,0,2,1,3,5,7,6,6,4,3,6,5,9,8,2,7,7,7,8,9,9,11,8,4,13,6,14,12,12,14,19,30,34,39,45,59,65,75,86,93,106,129,128,159,172,202,212,272,299,392,468,631,623,792,803,849,880,849,864,801,843,818,753,779,708,745,682,648,604,616,534,535,555,470,487,491,459,448,476,437,409,413,366,385,398,353,348,375,364,519,323,300,304,352,372,338,320,294,328,347,295,295,264,293,282,260,263,227,286,278,311,290,232,232,216,215,227,181,206,294,299,367,148,142,122,118,126,91,76,47,28,16,9,6,5,9,3,3,5,4,5,6,7,12,6,9,9,11,5,4,5,6,6,5,7,4,9,9,7,5,5,4,8,8,8,10,5,5,5,12,8,6,11,5,6,3,2,1,0,0,0,0,0,0,0,0,0,0,0,0,0,0,0,0,0,0,0,0,0,0,0,0,0,0,0,0,0,0,0,0,0,0,0,0,0,0,0,0,0,0,0,0,0,0,0,0,0,0,0,0,0,0,0
52.55,0,0,0,0,0,0,0,0,0,0,0,0,0,0,0,0,0,0,0,0,0,0,0,0,0,0,0,0,0,0,2,0,0,3,1,1,1,0,0,0,1,0,0,0,0,1,0,0,0,2,1,1,1,0,0,2,0,1,2,3,1,3,1,1,1,1,1,2,6,3,5,6,1,2,3,6,4,7,6,9,10,5,9,9,6,11,4,8,8,8,9,7,12,19,9,20,14,16,26,30,41,46,57,64,75,86,93,108,129,129,159,169,200,210,270,302,395,465,633,613,793,804,847,879,850,863,802,840,813,755,779,709,743,685,644,612,612,530,535,552,473,481,489,457,449,478,434,409,412,370,386,398,353,347,372,362,519,324,300,304,354,371,336,319,296,330,349,294,296,264,294,282,260,263,228,284,277,311,289,230,233,217,214,230,178,206,294,298,366,148,142,123,117,126,91,77,46,28,16,9,6,5,9,3,3,5,4,5,6,7,12,6,9,9,11,5,4,5,6,6,5,7,4,9,9,7,5,5,4,8,8,8,10,5,5,5,12,8,6,11,5,6,3,2,1,0,0,0,0,0,0,0,0,0,0,0,0,0,0,0,0,0,0,0,0,0,0,0,0,0,0,0,0,0,0,0,0,0,0,0,0,0,0,0,0,0,0,0,0,0,0,0,0,0,0,0,0,0,0,0
52.65,0,0,0,1,0,0,0,0,0,0,0,0,0,0,0,0,0,0,0,0,0,0,0,0,0,0,0,0,0,1,0,0,0,0,0,0,0,0,0,0,0,1,0,0,0,0,0,0,0,0,0,2,2,0,0,4,0,2,0,2,1,3,0,1,1,1,3,5,3,5,4,2,5,4,3,5,5,2,6,5,5,2,12,5,10,6,7,9,4,8,6,9,11,16,8,15,14,22,30,30,39,42,57,64,77,88,92,108,128,129,160,174,200,209,271,302,400,463,630,611,793,803,843,883,841,861,805,836,812,751,781,707,745,681,642,615,611,532,535,551,470,483,485,459,445,477,434,410,414,369,384,397,353,346,374,363,516,321,299,310,353,368,337,319,296,330,352,293,296,264,292,284,260,262,227,283,280,309,289,229,232,216,214,230,178,206,294,297,366,148,141,121,117,127,92,77,46,28,16,9,6,5,9,3,3,5,4,5,6,7,12,6,9,9,11,5,4,5,6,6,5,7,4,9,9,7,5,5,4,8,8,8,10,5,5,5,12,8,6,11,5,6,3,2,1,0,0,0,0,0,0,0,0,0,0,0,0,0,0,0,0,0,0,0,0,0,0,0,0,0,0,0,0,0,0,0,0,0,0,0,0,0,0,0,0,0,0,0,0,0,0,0,0,0,0,0,0,0,0,0
52.75,0,0,0,0,0,0,0,0,0,0,0,0,0,0,1,0,0,0,0,0,0,0,0,0,0,0,0,0,0,0,0,0,0,0,0,0,0,0,0,1,0,1,0,0,0,2,0,1,1,0,0,2,0,0,3,2,1,1,4,1,0,2,2,2,1,1,1,2,5,2,6,3,4,4,4,2,5,4,5,2,9,6,4,9,3,6,2,6,6,10,6,9,8,17,12,22,21,21,32,29,43,40,58,64,79,87,93,108,128,127,163,173,200,209,272,300,400,464,626,611,790,802,836,883,837,859,808,834,813,749,780,702,748,677,648,613,608,535,533,552,471,478,486,458,443,478,434,411,414,367,386,396,354,343,373,362,518,321,298,308,355,370,337,320,296,329,350,293,296,266,291,281,261,263,227,284,279,309,289,230,231,216,214,230,178,206,294,297,366,149,141,121,117,126,93,77,46,28,16,9,6,5,9,3,3,5,4,5,6,7,12,6,9,9,11,5,4,5,6,6,5,7,4,10,9,7,5,5,4,8,8,8,10,5,5,5,12,8,6,11,6,6,3,2,1,0,0,0,0,0,0,0,0,0,0,0,0,0,0,0,0,0,0,0,0,0,0,0,0,0,0,0,0,0,0,0,0,0,0,0,0,0,0,0,0,0,0,0,0,0,0,0,0,0,0,0,0,0,0,0
52.85,0,0,0,0,0,0,0,0,0,0,0,1,0,0,1,0,0,1,0,0,0,0,0,0,0,0,0,0,0,0,0,0,1,0,0,0,0,0,0,0,0,0,1,0,2,0,1,0,1,1,1,1,2,2,0,0,1,1,2,2,0,0,1,0,1,1,1,3,1,1,2,4,1,2,5,5,5,2,3,5,2,5,5,3,4,5,1,7,9,7,7,9,7,21,11,17,23,21,29,30,44,48,60,65,78,89,95,108,131,130,168,172,201,205,272,297,396,464,623,609,789,797,836,878,835,858,806,834,812,747,782,704,745,676,646,608,607,531,535,553,469,480,485,458,442,477,434,411,411,370,384,397,351,344,372,362,516,321,301,306,352,373,338,319,296,329,349,293,297,264,291,281,261,261,227,287,279,308,290,230,231,216,214,230,178,205,294,297,366,149,141,121,117,126,92,77,47,28,16,9,6,5,9,3,3,5,4,5,6,7,12,6,9,9,11,5,4,5,6,6,5,7,4,10,9,7,5,5,4,8,8,8,10,5,5,5,12,8,6,11,6,6,3,2,1,0,0,0,0,0,0,0,0,0,0,0,0,0,0,0,0,0,0,0,0,0,0,0,0,0,0,0,0,0,0,0,0,0,0,0,0,0,0,0,0,0,0,0,0,0,0,0,0,0,0,0,0,0,0,0
52.95,0,0,0,0,0,0,0,0,0,0,0,0,0,0,0,0,0,0,0,0,0,1,0,1,0,0,0,0,1,0,0,0,0,0,0,0,1,1,0,2,1,0,1,0,1,0,0,1,0,0,0,0,0,1,0,3,1,0,0,0,1,0,0,0,4,1,1,0,2,1,1,0,4,3,0,0,2,2,2,2,3,2,2,3,5,5,6,3,3,5,6,10,12,22,9,18,22,26,36,34,40,48,57,67,84,95,94,107,134,130,171,174,200,203,272,298,396,465,624,606,789,796,831,873,833,858,808,835,809,748,779,700,741,674,642,608,604,531,532,553,469,480,486,457,441,476,435,411,413,367,385,397,351,343,372,362,516,321,297,305,353,369,339,320,297,329,349,293,297,264,291,281,260,262,225,286,280,308,290,230,231,216,214,230,178,205,294,297,367,149,141,121,117,126,92,76,46,29,16,9,6,5,9,3,3,5,4,5,6,7,12,6,9,9,11,5,4,5,6,6,5,7,4,10,9,7,5,5,4,8,8,8,10,5,5,5,12,8,6,11,6,6,3,2,1,0,0,0,0,0,0,0,0,0,0,0,0,0,0,0,0,0,0,0,0,0,0,0,0,0,0,0,0,0,0,0,0,0,0,0,0,0,0,0,0,0,0,0,0,0,0,0,0,0,0,0,0,0,0,0
53.05,0,0,0,0,0,1,0,0,0,0,0,0,0,0,0,0,0,0,0,0,0,0,0,0,0,0,0,0,0,0,0,0,0,0,0,0,0,0,0,1,0,0,0,0,0,2,0,0,1,1,1,2,0,0,0,1,1,0,0,0,1,0,1,0,0,0,1,2,1,2,0,0,2,0,1,1,0,2,3,1,0,1,1,5,4,4,3,4,5,7,10,13,13,14,25,17,10,21,37,30,47,47,61,65,88,92,94,117,122,126,172,174,197,209,276,298,397,463,616,603,791,797,831,873,835,854,805,832,811,753,781,700,739,670,646,605,607,528,537,547,470,477,485,457,440,474,435,408,413,365,385,395,351,347,365,363,517,319,298,305,352,368,339,320,299,330,347,296,297,265,294,279,258,261,225,283,278,309,292,228,229,216,213,231,179,206,294,293,366,149,140,122,117,126,92,76,46,28,17,9,6,5,9,3,3,5,4,5,6,7,12,6,9,9,11,5,4,5,6,6,5,7,4,10,9,7,5,5,4,8,8,8,10,5,5,5,12,8,6,11,6,6,3,2,1,0,0,0,0,0,0,0,0,0,0,0,0,0,0,0,0,0,0,0,0,0,0,0,0,0,0,0,0,0,0,0,0,0,0,0,0,0,0,0,0,0,0,0,0,0,0,0,0,0,0,0,0,0,0,0
53.15,0,0,0,0,0,0,0,0,0,0,0,0,0,0,0,0,0,0,0,0,0,0,0,0,0,0,0,0,0,0,0,0,1,0,0,1,0,1,0,0,0,1,0,2,0,2,1,0,1,0,0,2,1,2,0,0,0,0,0,3,1,4,2,0,1,3,1,0,4,1,5,3,2,3,2,3,3,2,2,6,2,3,4,2,5,8,4,5,12,2,7,8,4,15,20,21,10,19,34,34,41,45,60,64,85,95,89,112,124,128,169,173,195,205,274,290,396,456,615,603,795,794,828,873,832,852,802,832,808,754,777,699,738,672,642,607,605,531,531,549,471,474,485,456,440,474,435,412,413,363,388,393,352,345,366,364,518,317,296,307,351,369,338,327,298,330,348,294,297,265,290,279,259,259,226,282,277,310,290,228,230,216,214,231,179,204,293,291,365,149,141,121,116,126,92,76,46,28,17,9,6,5,9,3,3,5,4,5,6,7,12,6,9,9,11,5,4,5,6,6,5,7,4,10,9,7,5,5,4,8,8,8,10,5,5,5,12,8,6,11,6,6,3,2,1,0,0,0,0,0,0,0,0,0,0,0,0,0,0,0,0,0,0,0,0,0,0,0,0,0,0,0,0,0,0,0,0,0,0,0,0,0,0,0,0,0,0,0,0,0,0,0,0,0,0,0,0,0,0,0
53.25,0,0,0,0,0,0,0,0,0,0,0,0,0,0,1,0,0,0,0,0,0,0,0,0,0,0,0,0,0,0,1,0,1,0,0,0,0,0,0,0,0,1,0,2,1,0,1,1,3,1,0,2,2,2,2,1,2,0,1,1,1,1,3,1,4,2,0,3,3,6,2,3,6,2,5,4,5,5,3,6,1,6,6,5,2,7,4,7,5,6,5,14,4,18,17,21,10,15,29,31,41,48,55,66,84,92,87,108,123,128,169,170,195,201,271,292,391,448,612,600,788,794,827,876,824,852,802,829,806,747,777,703,734,673,643,605,603,528,533,550,470,475,487,455,441,472,436,415,410,363,388,391,351,345,367,363,516,316,296,307,352,371,339,322,298,330,345,295,296,265,290,280,258,259,224,283,277,309,290,230,228,217,213,231,177,205,291,291,365,151,140,121,116,125,92,76,46,28,17,9,6,5,9,3,3,5,4,5,6,7,11,6,9,9,11,5,4,5,6,6,5,7,4,10,9,7,5,5,4,8,8,8,10,5,5,5,12,8,6,11,6,6,3,2,1,0,0,0,0,0,0,0,0,0,0,0,0,0,0,0,0,0,0,0,0,0,0,0,0,0,0,0,0,0,0,0,0,0,0,0,0,0,0,0,0,0,0,0,0,0,0,0,0,0,0,0,0,0,0,0
53.35,0,0,0,0,0,0,0,0,0,0,0,0,1,0,0,0,0,0,0,0,0,0,1,0,0,0,0,0,0,0,0,0,0,0,1,1,0,1,0,0,0,1,0,0,1,1,1,0,1,0,0,0,1,0,3,0,1,1,0,2,3,1,0,3,0,2,0,3,5,0,4,4,2,1,3,6,6,6,1,5,4,8,7,6,6,5,9,4,7,6,7,11,5,11,19,15,12,18,35,28,40,45,55,58,79,91,88,107,122,130,163,171,193,202,268,288,391,447,610,603,785,792,828,872,823,852,804,828,808,746,775,702,736,672,639,602,607,526,532,551,471,474,481,457,445,471,433,410,409,363,388,389,355,345,365,363,516,316,297,308,352,366,340,323,297,330,345,294,295,264,290,280,257,259,224,283,279,309,290,229,230,216,212,231,177,204,292,291,366,149,140,121,116,125,92,76,46,28,17,9,6,5,9,3,3,5,4,5,6,7,11,6,9,9,11,5,4,5,6,6,5,7,4,10,9,7,5,5,4,8,8,8,10,5,5,5,12,8,6,11,6,6,3,2,1,0,0,0,0,0,0,0,0,0,0,0,0,0,0,0,0,0,0,0,0,0,0,0,0,0,0,0,0,0,0,0,0,0,0,0,0,0,0,0,0,0,0,0,0,0,0,0,0,0,0,0,0,0,0,0
53.45,0,0,0,0,0,0,0,0,0,1,1,0,1,0,1,0,0,0,0,0,0,0,0,1,0,0,0,1,0,0,0,0,2,0,0,0,0,0,0,0,0,0,0,1,0,0,1,0,1,2,0,1,1,3,1,0,0,3,0,1,1,2,1,1,1,1,3,1,4,1,3,0,7,3,2,4,6,3,5,4,6,8,10,4,7,9,3,8,5,6,7,9,8,12,19,16,7,20,37,24,39,43,56,61,78,90,84,101,123,130,165,169,193,201,272,288,391,447,611,604,784,792,826,871,824,851,806,822,805,750,771,702,736,670,638,605,601,527,535,548,465,472,482,460,444,469,431,412,409,361,387,393,354,343,365,361,517,318,295,308,349,365,340,324,297,329,344,293,296,264,291,282,258,260,224,282,277,310,291,229,229,216,212,230,178,203,292,292,365,149,140,121,116,125,92,76,46,28,17,9,6,5,9,3,3,5,4,5,6,7,11,6,9,9,11,5,4,5,6,6,5,7,4,10,9,7,5,5,4,8,8,8,10,5,5,5,12,8,6,11,6,6,3,2,1,0,0,0,0,0,0,0,0,0,0,0,0,0,0,0,0,0,0,0,0,0,0,0,0,0,0,0,0,0,0,0,0,0,0,0,0,0,0,0,0,0,0,0,0,0,0,0,0,0,0,0,0,0,0,0
53.55,0,0,0,0,0,0,0,0,0,0,0,0,0,0,0,0,0,0,1,0,0,0,0,0,0,0,0,0,0,0,0,0,0,0,0,0,0,1,0,1,0,0,2,0,0,1,0,0,1,0,0,0,1,2,2,0,1,1,3,0,2,4,0,1,2,2,3,5,3,0,1,4,4,4,5,6,8,5,7,6,5,9,6,5,1,4,4,11,3,7,5,13,5,13,15,19,16,19,28,28,42,41,56,60,78,89,84,98,121,128,164,169,189,202,270,288,392,446,608,600,780,789,830,870,822,853,803,822,807,748,774,702,733,669,636,605,600,528,532,548,465,469,484,460,443,469,430,410,409,361,388,392,352,342,365,365,515,315,296,307,350,366,342,322,296,332,344,293,296,265,290,280,258,261,224,283,278,310,292,229,229,215,212,231,177,203,293,291,366,149,141,121,116,125,92,76,46,28,17,9,6,5,9,3,3,5,4,5,6,7,11,6,9,9,11,5,4,5,6,6,5,7,4,10,9,7,5,5,4,8,8,8,10,5,5,5,12,8,6,11,6,6,3,2,1,0,0,0,0,0,0,0,0,0,0,0,0,0,0,0,0,0,0,0,0,0,0,0,0,0,0,0,0,0,0,0,0,0,0,0,0,0,0,0,0,0,0,0,0,0,0,0,0,0,0,0,0,0,0,0
53.65,0,0,0,0,0,0,0,0,0,0,0,0,0,0,0,1,0,1,0,0,0,0,0,0,0,0,0,0,0,0,0,0,0,0,0,0,0,0,0,1,1,1,0,0,0,0,2,1,1,0,0,2,1,0,2,0,1,2,1,2,0,3,2,1,1,0,1,2,1,1,3,2,5,3,4,7,1,2,7,3,6,5,3,8,5,8,6,8,6,10,11,9,5,12,17,15,11,24,27,28,44,40,52,62,79,92,84,99,124,127,163,170,189,202,268,287,388,446,608,601,774,785,828,869,819,845,805,821,809,745,780,697,733,666,636,606,601,525,529,547,463,471,483,459,440,468,430,411,408,363,387,391,352,340,367,363,515,316,295,308,351,366,338,322,296,331,344,294,296,264,291,280,257,260,225,283,281,310,291,229,229,216,213,230,177,205,293,290,366,149,141,121,116,124,92,76,46,28,17,9,6,5,9,3,3,5,4,5,6,7,11,6,9,9,11,5,4,5,6,6,5,7,4,10,9,7,5,5,4,8,8,8,10,5,5,5,12,8,6,11,6,6,3,2,1,0,0,0,0,0,0,0,0,0,0,0,0,0,0,0,0,0,0,0,0,0,0,0,0,0,0,0,0,0,0,0,0,0,0,0,0,0,0,0,0,0,0,0,0,0,0,0,0,0,0,0,0,0,0,0
53.75,0,0,0,0,0,0,0,0,0,1,0,0,0,0,0,0,1,0,0,0,0,1,1,0,0,0,0,0,0,0,0,0,0,0,0,0,0,0,0,0,0,0,0,0,1,1,0,0,2,0,0,1,0,0,2,1,2,2,0,2,3,3,1,2,4,2,1,2,2,1,1,3,3,1,2,0,2,5,5,3,4,4,3,3,3,6,6,6,6,2,10,8,5,12,17,20,7,24,33,26,45,45,53,61,82,91,83,102,125,127,164,170,190,202,268,290,388,448,613,598,769,787,826,866,821,846,805,822,809,744,779,693,733,667,636,608,600,524,529,548,464,469,481,457,440,468,430,411,407,362,387,390,352,340,365,363,515,317,295,306,352,365,338,322,296,330,344,294,296,264,291,280,258,261,225,283,280,310,291,229,227,216,213,229,178,205,292,290,366,149,142,121,116,124,92,76,46,28,17,9,6,5,9,3,3,5,4,5,6,7,11,6,9,9,11,5,4,5,6,6,5,7,4,10,9,7,5,5,4,8,8,8,10,5,5,5,12,8,6,11,6,6,3,2,1,0,0,0,0,0,0,0,0,0,0,0,0,0,0,0,0,0,0,0,0,0,0,0,0,0,0,0,0,0,0,0,0,0,0,0,0,0,0,0,0,0,0,0,0,0,0,0,0,0,0,0,0,0,0,0
53.85,0,0,0,0,0,0,0,0,0,0,1,0,0,0,0,0,0,0,0,0,0,0,0,0,0,1,0,0,0,1,0,0,0,0,0,0,0,1,0,0,0,0,0,0,0,0,0,1,0,0,1,0,2,1,3,0,0,0,0,1,0,0,2,0,2,1,3,0,6,3,0,0,1,4,2,2,3,3,4,4,1,3,3,1,4,4,4,6,10,5,5,12,5,17,18,20,12,29,32,31,43,39,52,73,80,94,88,100,124,131,164,169,188,201,270,292,388,447,609,598,768,786,827,863,820,845,802,821,806,747,776,694,731,670,636,606,602,519,532,547,461,469,481,458,437,470,429,412,407,360,388,390,351,339,365,363,515,316,294,307,351,365,339,322,296,330,344,295,296,264,290,281,257,262,226,283,282,310,291,229,227,216,213,230,178,205,291,289,367,149,142,121,116,124,92,76,46,28,17,9,6,5,9,3,3,5,4,5,6,7,11,6,9,9,11,5,4,5,6,6,5,7,4,10,9,7,5,5,4,8,8,8,10,5,5,5,12,8,6,11,6,6,3,2,1,0,0,0,0,0,0,0,0,0,0,0,0,0,0,0,0,0,0,0,0,0,0,0,0,0,0,0,0,0,0,0,0,0,0,0,0,0,0,0,0,0,0,0,0,0,0,0,0,0,0,0,0,0,0,0
53.95,0,0,0,0,0,0,0,0,0,0,0,0,0,0,0,0,0,0,0,0,0,0,0,0,0,0,0,0,0,0,0,0,0,0,1,0,0,0,0,0,0,0,1,0,0,0,0,1,1,0,0,0,0,0,0,0,0,1,1,0,0,3,0,1,1,0,2,0,1,1,1,1,2,5,0,2,3,0,2,3,0,1,2,2,5,3,3,2,6,4,9,9,7,16,17,23,17,27,33,32,45,41,60,65,82,96,91,104,125,129,165,168,185,203,268,288,390,445,607,592,763,784,826,861,821,846,800,821,805,751,772,694,731,665,637,606,602,518,530,543,459,467,480,457,434,468,431,411,407,360,388,389,350,337,364,360,516,316,297,306,353,364,338,322,296,331,345,294,296,264,290,280,258,260,226,283,282,310,291,229,228,217,212,227,178,205,293,289,367,148,142,121,116,124,92,76,45,28,17,9,6,5,9,3,3,5,4,5,6,7,11,6,9,9,11,5,4,5,6,6,5,7,4,10,9,7,5,5,4,8,8,8,10,5,5,5,12,8,6,11,6,6,3,2,1,0,0,0,0,0,0,0,0,0,0,0,0,0,0,0,0,0,0,0,0,0,0,0,0,0,0,0,0,0,0,0,0,0,0,0,0,0,0,0,0,0,0,0,0,0,0,0,0,0,0,0,0,0,0,0
54.05,0,0,0,0,0,0,0,0,0,0,0,0,0,0,0,0,0,0,1,0,0,0,0,0,0,0,0,0,0,0,0,0,0,0,0,1,0,0,1,2,1,1,0,1,0,0,0,0,1,1,0,2,1,0,1,2,0,0,1,1,0,1,1,0,0,1,0,0,1,0,2,2,0,0,3,2,4,0,5,4,3,0,4,3,3,1,3,3,4,4,6,8,16,8,19,20,19,28,40,28,46,44,55,65,81,104,90,99,128,131,163,166,182,203,269,290,385,451,596,596,759,785,820,866,818,847,799,821,809,747,770,691,734,664,637,606,602,517,528,544,456,468,481,454,432,469,426,413,408,359,387,386,351,337,366,359,515,316,295,307,353,364,337,324,294,331,344,297,298,264,290,282,257,261,226,284,280,310,292,229,230,216,212,226,177,206,290,289,368,147,143,122,116,124,92,76,45,28,17,9,6,5,9,3,3,5,4,5,6,7,11,6,10,8,11,5,4,5,6,6,6,6,4,10,9,7,5,5,4,8,8,8,10,5,5,5,12,8,6,11,6,6,3,2,1,0,0,0,0,0,0,0,0,0,0,0,0,0,0,0,0,0,0,0,0,0,0,0,0,0,0,0,0,0,0,0,0,0,0,0,0,0,0,0,0,0,0,0,0,0,0,0,0,0,0,0,0,0,0,0
54.15,0,0,0,0,0,0,0,0,0,0,0,0,0,0,0,0,0,0,0,0,0,0,0,0,0,0,0,0,0,0,0,0,0,0,0,0,0,0,0,0,1,0,0,2,0,1,1,0,1,2,0,0,0,2,2,1,0,1,2,3,1,1,0,2,6,3,2,2,4,1,3,4,3,2,3,1,1,1,1,0,4,2,2,3,2,3,3,4,2,6,5,8,14,13,22,20,22,26,38,34,40,38,57,65,80,102,87,99,128,128,161,164,178,201,264,286,380,447,596,598,758,780,820,864,817,849,797,816,809,746,768,698,728,669,632,601,596,516,527,545,454,468,476,456,433,465,424,413,405,358,387,385,353,336,368,356,514,316,296,307,352,363,340,325,293,332,344,299,296,264,290,281,257,261,225,282,283,311,291,229,231,215,210,227,177,205,290,290,368,147,144,121,116,124,92,76,45,28,17,9,6,5,9,3,3,5,4,5,6,7,12,6,9,8,11,5,5,5,6,6,5,6,4,10,9,7,5,5,4,8,8,8,10,5,5,5,12,8,6,11,6,6,3,2,1,0,0,0,0,0,0,0,0,0,0,0,0,0,0,0,0,0,0,0,0,0,0,0,0,0,0,0,0,0,0,0,0,0,0,0,0,0,0,0,0,0,0,0,0,0,0,0,0,0,0,0,0,0,0,0
54.25,0,0,0,0,0,0,0,0,0,0,0,0,0,0,0,0,0,0,0,0,0,0,0,0,0,0,0,0,0,0,0,0,0,0,0,0,0,0,0,1,0,0,0,1,0,0,0,0,1,1,0,1,0,0,1,1,1,0,0,2,1,1,2,0,1,0,1,2,6,5,4,1,1,2,1,0,2,4,6,3,3,5,5,4,4,3,5,3,6,8,10,10,14,12,13,19,21,22,35,31,42,43,56,63,80,97,89,96,130,125,153,164,183,199,266,283,384,450,592,591,754,783,818,858,817,850,796,815,807,746,769,693,729,664,632,600,596,513,531,542,455,466,477,454,430,464,423,414,403,356,388,388,351,338,364,358,513,316,295,307,350,363,340,321,294,332,345,299,295,264,291,281,257,262,224,282,280,312,292,228,229,216,210,226,177,203,290,292,368,147,143,121,116,124,92,76,45,29,17,9,6,5,9,3,3,5,4,5,6,7,12,6,10,8,11,5,4,5,6,6,5,6,4,10,9,7,5,5,4,8,8,8,10,5,5,5,12,8,6,11,6,6,3,2,1,0,0,0,0,0,0,0,0,0,0,0,0,0,0,0,0,0,0,0,0,0,0,0,0,0,0,0,0,0,0,0,0,0,0,0,0,0,0,0,0,0,0,0,0,0,0,0,0,0,0,0,0,0,0,0
54.35,0,0,0,0,0,0,0,0,0,0,0,0,0,0,0,0,0,0,0,0,0,0,0,0,0,0,1,0,0,0,0,0,0,0,0,1,0,1,1,1,0,0,1,1,0,0,0,0,1,3,0,2,0,0,1,1,0,0,1,2,3,0,0,2,3,2,2,3,1,3,3,2,1,3,2,4,1,6,2,7,2,4,6,9,4,5,6,6,6,5,9,14,10,17,22,16,20,24,34,25,43,41,52,63,82,92,84,92,130,125,157,162,181,200,261,281,384,447,591,591,754,777,818,859,817,848,794,819,806,743,767,692,732,662,633,597,596,516,528,544,451,468,476,454,430,465,422,413,405,357,388,390,351,335,368,355,512,315,296,308,350,364,341,322,293,332,344,298,295,265,291,280,259,259,224,282,281,312,291,227,228,215,210,226,176,204,290,291,368,147,143,121,116,124,92,76,45,29,17,9,6,5,9,3,3,6,4,5,6,7,12,6,9,8,11,5,4,5,6,6,5,6,4,10,9,7,6,5,4,8,8,8,10,5,5,5,12,8,6,11,5,6,3,2,1,0,0,0,0,0,0,0,0,0,0,0,0,0,0,0,0,0,0,0,0,0,0,0,0,0,0,0,0,0,0,0,0,0,0,0,0,0,0,0,0,0,0,0,0,0,0,0,0,0,0,0,0,0,0,0
54.45,0,0,0,0,0,0,0,0,0,0,0,0,0,0,0,0,0,0,0,0,0,0,0,0,0,0,0,0,0,0,0,1,0,0,0,0,0,0,0,0,1,0,0,1,1,0,0,2,1,0,2,0,0,0,0,1,2,0,1,1,0,1,2,3,3,3,2,1,1,3,3,2,2,4,1,5,4,5,4,4,3,5,6,2,7,5,4,7,10,5,9,13,10,13,14,19,18,22,34,25,39,41,52,64,79,92,84,94,128,126,155,160,181,198,260,281,381,448,583,589,758,776,820,854,818,848,794,818,803,740,770,691,729,664,636,597,601,512,530,540,453,469,477,451,430,464,423,413,406,360,388,386,352,336,366,355,510,315,295,309,351,366,340,323,293,330,343,297,297,265,289,283,258,259,224,283,281,312,289,227,228,215,212,225,176,203,290,291,368,147,143,121,116,124,92,76,45,29,17,9,6,5,9,3,4,5,4,5,6,7,12,6,9,8,11,5,4,5,6,6,5,6,4,10,9,7,6,5,4,8,8,8,10,5,5,5,12,8,6,11,5,6,3,2,1,0,0,0,0,0,0,0,0,0,0,0,0,0,0,0,0,0,0,0,0,0,0,0,0,0,0,0,0,0,0,0,0,0,0,0,0,0,0,0,0,0,0,0,0,0,0,0,0,0,0,0,0,0,0,0
54.55,0,0,0,0,0,1,0,0,0,0,0,0,0,0,0,0,0,0,0,0,0,0,0,0,0,0,0,0,0,0,0,0,0,0,1,0,0,0,0,1,0,0,0,0,0,1,0,0,0,1,0,0,0,1,1,1,2,2,1,2,3,0,1,0,0,1,2,2,0,5,6,2,3,3,9,4,5,4,3,2,6,8,8,5,8,11,3,5,10,7,9,7,11,16,18,17,19,22,31,26,41,36,53,64,77,90,83,91,129,126,157,157,180,197,261,281,383,444,582,590,758,777,817,852,822,847,794,814,805,739,767,689,728,662,633,597,599,512,531,539,448,472,475,451,429,465,423,414,409,358,385,388,352,335,364,355,509,316,295,308,350,366,341,320,293,329,343,296,298,265,290,281,259,260,225,282,281,311,290,227,228,215,211,224,176,203,290,291,368,147,143,121,116,124,92,76,45,29,17,9,6,5,9,3,4,5,4,5,6,7,12,6,9,8,11,5,4,5,6,6,5,6,4,10,9,7,6,5,4,8,8,8,10,5,5,5,12,8,6,11,5,6,3,2,1,0,0,0,0,0,0,0,0,0,0,0,0,0,0,0,0,0,0,0,0,0,0,0,0,0,0,0,0,0,0,0,0,0,0,0,0,0,0,0,0,0,0,0,0,0,0,0,0,0,0,0,0,0,0,0
54.65,1,0,0,0,0,0,0,1,0,0,0,0,0,0,0,0,0,0,0,0,0,0,0,0,1,0,0,0,0,0,0,0,0,0,1,0,0,0,0,0,0,0,0,1,0,0,2,2,1,2,0,2,1,0,0,1,1,0,0,0,1,1,4,1,2,0,3,1,1,7,2,2,2,2,4,3,5,3,4,6,6,9,3,7,4,9,5,6,12,4,10,10,9,13,16,17,17,26,32,23,39,39,53,63,77,92,85,91,126,123,153,158,184,197,260,282,384,444,581,587,758,777,814,852,822,849,795,815,805,739,767,688,729,661,633,595,595,513,529,539,451,470,472,453,428,466,422,415,408,357,388,386,351,335,363,355,509,317,298,306,352,364,340,319,295,328,344,297,297,266,290,281,258,261,225,281,281,311,289,227,228,215,211,224,176,203,290,291,368,147,143,121,116,124,92,76,45,29,17,9,6,5,9,3,4,5,4,5,6,7,12,6,9,8,11,5,4,5,6,6,5,6,4,10,9,7,6,5,4,8,8,8,10,5,5,5,12,8,6,11,5,6,3,2,1,0,0,0,0,0,0,0,0,0,0,0,0,0,0,0,0,0,0,0,0,0,0,0,0,0,0,0,0,0,0,0,0,0,0,0,0,0,0,0,0,0,0,0,0,0,0,0,0,0,0,0,0,0,0,0
54.75,0,0,0,0,0,0,0,0,0,0,0,0,0,0,0,0,0,0,0,0,0,0,0,1,0,0,0,0,0,0,0,0,0,0,0,0,0,0,0,0,0,1,0,2,0,0,0,1,1,0,1,0,0,0,1,3,0,1,1,0,3,3,1,1,1,3,4,1,3,0,4,0,2,1,4,8,8,9,5,3,5,1,3,2,3,1,5,9,8,8,5,10,8,11,14,18,16,23,34,27,40,41,49,63,78,88,82,93,126,123,154,157,181,197,263,281,386,445,583,585,759,774,812,853,816,840,798,813,803,736,764,687,730,661,633,592,596,510,531,541,449,468,474,453,432,465,423,414,407,357,386,386,350,335,363,355,511,317,297,308,349,366,340,319,296,328,344,297,299,264,290,280,258,260,223,281,281,312,289,227,227,215,211,224,176,203,290,291,368,147,143,122,116,124,92,76,45,29,17,9,6,5,9,3,4,5,4,5,6,7,12,6,9,8,11,5,4,5,6,6,5,6,4,10,9,7,6,5,4,8,8,8,10,5,5,5,12,8,6,11,5,6,3,2,1,0,0,0,0,0,0,0,0,0,0,0,0,0,0,0,0,0,0,0,0,0,0,0,0,0,0,0,0,0,0,0,0,0,0,0,0,0,0,0,0,0,0,0,0,0,0,0,0,0,0,0,0,0,0,0
54.85,0,0,0,0,0,0,1,0,0,0,0,0,0,0,0,0,0,0,0,0,0,0,0,0,0,0,0,0,0,0,0,0,0,0,0,0,0,0,0,0,1,0,1,1,0,2,2,1,0,0,1,1,0,0,1,2,1,2,1,1,1,1,5,1,2,2,1,1,3,2,2,1,3,4,2,4,1,1,1,1,1,3,1,0,3,5,6,5,12,3,7,5,12,13,15,17,17,20,31,32,47,40,49,64,79,88,85,92,123,124,153,161,181,197,262,283,382,443,582,585,757,772,811,852,817,840,797,814,799,735,765,685,728,662,635,590,598,511,530,539,448,467,476,453,429,467,422,415,408,355,387,385,353,332,364,354,510,317,298,308,349,365,340,319,296,328,344,296,298,264,290,281,258,259,222,281,281,312,289,227,227,215,211,224,176,203,291,291,368,147,143,122,116,124,92,76,45,29,17,9,6,5,9,3,4,5,4,5,6,7,12,6,9,8,11,5,4,5,6,6,5,6,4,10,9,7,6,5,4,8,8,8,10,5,5,5,12,8,6,11,5,6,3,2,1,0,0,0,0,0,0,0,0,0,0,0,0,0,0,0,0,0,0,0,0,0,0,0,0,0,0,0,0,0,0,0,0,0,0,0,0,0,0,0,0,0,0,0,0,0,0,0,0,0,0,0,0,0,0,0
54.95,0,0,0,0,0,0,0,0,0,0,0,0,0,0,0,0,0,0,0,0,0,0,1,0,0,0,0,0,0,0,0,0,1,1,1,0,0,0,1,0,1,0,0,1,0,2,2,0,1,0,1,1,0,0,1,1,0,0,1,1,0,2,0,0,1,0,1,3,0,0,0,0,1,0,2,1,4,1,0,2,2,1,2,1,2,4,1,1,8,8,8,5,10,17,17,24,23,20,36,30,42,40,55,73,78,87,84,95,127,125,154,158,181,198,263,282,377,445,582,585,756,771,810,849,814,837,791,809,800,734,765,686,725,658,635,591,599,509,527,538,450,463,473,448,429,465,423,414,408,356,388,386,353,333,364,354,510,317,298,308,349,366,340,319,296,327,344,295,297,264,291,280,258,260,222,281,281,311,290,226,226,216,211,224,176,202,291,291,368,147,143,122,116,124,92,76,45,29,17,9,6,5,9,3,4,5,4,5,6,7,12,6,9,8,11,5,4,5,6,6,5,6,4,10,9,7,6,5,5,8,8,8,10,5,5,5,12,8,6,11,5,6,3,2,1,0,0,0,0,0,0,0,0,0,0,0,0,0,0,0,0,0,0,0,0,0,0,0,0,0,0,0,0,0,0,0,0,0,0,0,0,0,0,0,0,0,0,0,0,0,0,0,0,0,0,0,0,0,0,0
55.05,0,0,0,0,0,0,0,0,0,0,0,0,0,0,0,0,0,0,0,0,0,0,0,0,0,0,0,0,0,0,0,0,0,0,0,0,0,0,0,0,0,0,1,1,1,0,0,1,0,1,0,0,0,3,0,0,1,0,1,3,0,0,2,0,1,0,0,0,2,1,1,0,2,0,1,1,1,2,0,2,3,3,0,1,3,3,3,3,8,6,5,7,9,11,17,21,21,27,38,31,48,36,57,71,75,92,84,96,124,130,155,159,182,201,263,276,379,442,576,584,759,767,814,848,809,837,788,809,804,734,762,684,723,659,632,584,601,510,529,534,451,460,477,447,427,466,422,416,408,355,387,386,353,331,366,355,509,318,297,309,348,365,340,320,297,327,342,294,299,264,290,281,257,260,222,282,280,309,289,226,225,219,210,223,176,202,292,292,367,145,143,122,116,124,92,77,46,28,17,9,6,5,9,3,4,5,4,5,6,7,12,6,9,8,11,5,4,5,6,6,5,6,4,10,9,7,6,5,4,8,8,8,10,5,5,5,12,8,6,11,5,6,3,3,1,0,0,0,0,0,0,0,0,0,0,0,0,0,0,0,0,0,0,0,0,0,0,0,0,0,0,0,0,0,0,0,0,0,0,0,0,0,0,0,0,0,0,0,0,0,0,0,0,0,0,0,0,0,0,0
55.15,0,0,0,0,0,0,0,0,0,0,0,0,0,0,0,0,0,0,0,0,0,0,0,0,0,0,0,0,0,0,0,0,0,0,0,1,0,0,1,0,0,0,0,0,0,0,2,0,1,0,0,1,2,1,3,1,1,0,1,1,1,2,2,1,3,3,1,3,1,3,0,5,2,3,2,2,4,1,4,2,0,1,0,2,2,8,4,5,4,5,6,5,9,11,13,22,23,26,36,30,46,37,55,66,74,88,87,100,120,129,155,158,188,196,258,277,376,442,574,585,754,766,812,846,807,835,785,807,800,735,764,686,721,661,628,581,601,508,529,533,449,458,477,447,426,464,420,416,408,351,388,386,354,331,366,356,508,318,297,311,345,365,342,321,297,325,342,296,298,264,291,283,256,261,222,280,280,308,290,228,224,217,209,223,177,202,291,290,367,145,145,120,115,125,92,77,45,28,17,9,6,5,9,3,4,5,4,5,6,7,12,6,9,8,11,5,4,5,6,6,5,6,4,10,9,7,7,5,3,8,8,8,10,5,5,5,12,8,6,11,5,6,3,3,1,0,0,0,0,0,0,0,0,0,0,0,0,0,0,0,0,0,0,0,0,0,0,0,0,0,0,0,0,0,0,0,0,0,0,0,0,0,0,0,0,0,0,0,0,0,0,0,0,0,0,0,0,0,0,0
55.25,0,0,0,0,0,0,0,0,0,0,0,0,1,0,0,0,0,0,0,1,0,1,0,0,0,0,0,0,1,0,0,0,0,1,0,1,0,0,0,0,0,0,0,0,0,1,1,0,0,0,1,0,2,1,2,1,1,0,0,3,1,0,1,0,1,1,1,2,1,1,3,3,1,1,1,2,2,4,7,3,3,5,3,3,3,3,3,6,8,5,6,6,10,13,18,20,18,24,37,29,44,35,53,68,76,88,86,98,119,125,154,158,181,195,262,274,375,436,570,583,752,766,805,848,807,833,789,804,799,733,761,684,723,656,627,579,600,509,527,532,450,463,474,444,425,465,420,414,409,352,386,388,352,332,365,355,510,320,296,312,345,365,340,321,297,327,342,296,298,264,292,281,257,259,222,281,281,308,290,226,225,218,208,222,177,202,291,290,368,146,144,120,115,124,92,77,45,28,17,9,6,5,9,3,4,5,4,5,6,7,12,6,9,8,11,5,4,5,6,6,5,6,4,10,9,8,6,5,3,8,8,8,10,5,5,5,12,8,6,11,5,6,3,3,1,0,0,0,0,0,0,0,0,0,0,0,0,0,0,0,0,0,0,0,0,0,0,0,0,0,0,0,0,0,0,0,0,0,0,0,0,0,0,0,0,0,0,0,0,0,0,0,0,0,0,0,0,0,0,0
55.35,0,0,0,0,0,0,0,0,0,0,0,0,0,0,0,0,0,0,0,0,0,1,0,0,0,0,0,0,0,0,0,0,0,2,1,0,0,0,0,1,0,1,1,2,0,2,0,1,0,2,1,0,0,1,1,0,0,1,1,2,1,1,1,1,1,3,2,0,3,1,3,1,8,2,4,6,3,3,3,3,5,4,3,6,4,6,12,7,7,5,5,5,8,15,15,16,21,23,40,27,49,32,50,67,76,86,83,97,117,125,154,158,181,195,258,272,376,432,571,577,751,764,804,847,810,830,783,808,797,730,760,685,721,656,627,578,602,505,527,533,450,461,475,443,424,464,418,415,407,352,390,385,352,332,367,357,508,321,296,307,346,366,339,321,297,324,341,296,300,267,290,280,258,260,222,280,279,308,289,227,224,218,208,222,177,202,292,292,368,145,143,120,115,124,92,77,45,28,17,9,6,5,8,3,4,5,4,5,6,7,12,6,9,8,11,5,4,5,6,6,5,6,4,11,9,7,6,5,3,8,8,8,10,5,5,5,12,8,6,11,5,6,3,3,1,0,0,0,0,0,0,0,0,0,0,0,0,0,0,0,0,0,0,0,0,0,0,0,0,0,0,0,0,0,0,0,0,0,0,0,0,0,0,0,0,0,0,0,0,0,0,0,0,0,0,0,0,0,0,0
55.45,0,0,0,0,0,0,0,0,0,0,0,0,0,0,0,0,0,0,0,0,0,0,0,0,0,0,0,0,0,0,0,0,0,0,0,0,0,0,0,1,0,0,0,0,2,0,2,0,0,0,0,1,2,0,2,1,2,1,1,0,1,0,0,4,1,3,2,3,1,2,4,3,4,1,4,4,5,6,2,5,7,5,7,12,7,7,7,7,9,7,5,4,7,12,18,18,14,29,38,27,45,34,50,65,74,85,85,97,121,123,154,157,180,195,259,271,377,430,574,576,749,765,802,846,808,832,784,809,794,728,759,686,720,656,626,580,602,506,525,530,451,460,473,442,423,464,417,416,407,354,387,385,353,332,366,355,509,321,296,307,348,363,340,321,298,324,343,297,300,264,291,279,257,259,222,280,279,308,289,226,225,218,209,222,177,202,292,291,367,145,143,120,115,124,93,77,45,28,17,9,6,5,8,3,4,5,4,5,6,7,12,6,9,8,11,5,4,5,6,6,5,6,5,10,9,7,6,5,3,8,8,8,10,5,5,5,12,8,6,11,5,6,3,3,1,0,0,0,0,0,0,0,0,0,0,0,0,0,0,0,0,0,0,0,0,0,0,0,0,0,0,0,0,0,0,0,0,0,0,0,0,0,0,0,0,0,0,0,0,0,0,0,0,0,0,0,0,0,0,0
55.55,1,0,0,0,0,0,0,0,0,0,0,0,0,0,1,0,0,0,0,0,0,0,0,2,0,0,0,0,0,1,1,0,0,1,2,0,0,1,0,0,0,0,0,0,1,0,1,3,0,2,0,2,2,1,1,0,0,1,1,1,1,2,0,2,1,1,4,2,1,2,2,3,4,5,2,6,4,2,9,4,5,10,2,8,9,5,3,5,8,2,8,7,11,14,16,19,16,25,40,23,42,35,48,62,77,88,86,94,120,123,153,155,181,195,256,268,374,429,572,575,752,761,805,843,807,833,784,806,794,726,758,683,719,656,626,582,600,503,527,529,451,460,472,441,423,463,418,414,408,354,388,386,352,332,363,357,508,321,297,309,345,363,339,323,299,324,341,298,300,264,290,279,257,259,222,280,280,308,288,227,225,218,208,222,178,202,292,290,367,145,143,120,115,124,93,77,45,28,17,9,6,5,8,3,4,5,4,5,6,7,12,6,9,8,11,5,4,5,6,6,6,6,4,10,9,7,6,5,3,8,8,8,10,5,5,5,12,8,6,11,5,6,3,3,1,0,0,0,0,0,0,0,0,0,0,0,0,0,0,0,0,0,0,0,0,0,0,0,0,0,0,0,0,0,0,0,0,0,0,0,0,0,0,0,0,0,0,0,0,0,0,0,0,0,0,0,0,0,0,0
55.65,0,0,0,0,0,0,0,0,0,0,0,0,0,0,0,0,0,0,1,0,0,0,0,0,0,0,0,0,0,0,0,1,0,0,0,0,0,0,0,1,1,1,1,0,0,0,0,0,1,2,1,1,1,0,1,1,1,2,0,0,2,1,2,2,2,2,1,3,1,2,2,4,2,4,7,3,7,4,1,8,5,8,4,4,7,1,6,5,10,3,7,9,6,14,13,17,15,28,39,23,43,32,54,63,78,86,85,96,118,122,155,155,180,194,256,270,369,429,573,575,748,760,805,841,809,828,780,802,792,730,755,682,721,656,627,583,598,503,525,531,450,459,472,442,422,462,418,414,406,353,387,389,350,331,363,355,511,321,295,308,344,363,341,322,298,324,342,296,300,264,291,279,258,259,223,280,279,308,288,227,225,218,209,222,178,201,291,290,367,145,143,120,115,124,93,77,45,28,17,9,6,5,8,3,4,5,4,5,6,7,12,6,9,8,11,5,4,5,7,6,5,6,4,10,9,7,6,5,3,8,8,8,10,5,5,5,12,8,6,11,5,6,3,3,1,0,0,0,0,0,0,0,0,0,0,0,0,0,0,0,0,0,0,0,0,0,0,0,0,0,0,0,0,0,0,0,0,0,0,0,0,0,0,0,0,0,0,0,0,0,0,0,0,0,0,0,0,0,0,0
55.75,0,1,0,0,0,0,0,0,0,0,0,0,0,0,0,0,0,0,0,0,0,0,0,0,0,0,1,0,0,0,0,0,0,0,1,0,0,0,0,0,1,1,1,0,0,0,2,2,0,0,1,1,1,0,2,0,0,1,2,1,0,0,2,3,1,2,5,4,5,5,5,1,4,1,3,4,1,2,2,5,1,4,6,4,4,0,9,8,8,4,7,6,6,15,11,19,15,29,42,27,45,32,51,61,77,86,87,99,122,121,154,156,180,195,255,269,370,430,568,573,749,759,804,837,809,830,775,802,791,730,756,681,721,657,629,582,597,504,525,527,450,459,471,442,420,463,418,412,406,354,386,387,350,331,364,357,509,321,295,309,343,362,339,322,298,325,341,296,300,264,291,278,260,257,222,280,279,310,288,227,224,218,209,222,177,201,291,290,367,145,143,120,115,124,93,77,45,28,16,9,6,5,8,3,4,5,4,5,6,7,12,6,9,8,11,5,5,5,6,6,5,6,4,10,9,7,6,5,3,8,8,8,10,5,5,5,12,8,6,11,5,6,3,3,1,0,0,0,0,0,0,0,0,0,0,0,0,0,0,0,0,0,0,0,0,0,0,0,0,0,0,0,0,0,0,0,0,0,0,0,0,0,0,0,0,0,0,0,0,0,0,0,0,0,0,0,0,0,0,0
55.85,0,0,0,0,1,0,0,0,0,0,0,0,0,0,0,0,1,1,0,0,0,0,0,0,0,0,0,0,0,0,0,0,0,0,0,0,0,0,0,0,0,0,3,0,1,0,0,0,3,1,2,1,2,0,0,1,3,0,2,0,0,0,1,2,2,2,0,1,1,2,2,3,1,2,1,2,1,2,3,3,4,3,3,3,1,3,3,4,8,6,9,9,8,14,15,19,17,29,43,27,41,35,55,60,79,84,89,100,119,120,152,157,179,197,254,270,367,426,567,573,747,759,800,838,808,829,777,801,790,728,755,680,724,656,629,579,598,503,524,528,448,459,471,442,420,463,418,413,406,353,387,389,349,330,364,355,509,321,293,309,343,362,340,322,299,325,340,296,300,264,291,278,259,257,223,281,279,309,288,227,226,218,208,222,177,201,291,290,367,145,144,120,115,124,93,77,45,28,16,9,6,5,8,3,4,5,3,5,6,7,12,6,9,8,11,5,5,5,6,6,5,6,4,10,9,7,6,5,3,8,8,8,10,5,5,5,12,8,6,11,5,6,3,3,1,0,0,0,0,0,0,0,0,0,0,0,0,0,0,0,0,0,0,0,0,0,0,0,0,0,0,0,0,0,0,0,0,0,0,0,0,0,0,0,0,0,0,0,0,0,0,0,0,0,0,0,0,0,0,0
55.95,0,0,0,0,0,0,0,1,0,0,0,0,0,0,0,0,0,0,0,1,0,0,0,0,0,0,0,0,0,0,0,0,0,0,1,0,0,0,0,1,0,2,0,0,0,1,0,1,0,1,0,1,0,1,0,1,0,0,0,0,2,2,1,3,0,0,2,0,1,2,2,2,1,2,2,1,1,1,1,0,2,2,3,3,4,4,5,2,8,5,8,10,6,16,13,18,18,27,47,29,44,35,51,66,77,86,92,101,120,122,154,154,179,196,254,277,367,424,565,573,741,757,800,837,808,829,776,801,791,726,754,680,725,654,630,579,598,503,524,528,448,459,472,442,420,462,417,413,406,353,389,387,349,330,364,355,509,319,292,310,343,362,339,322,299,325,341,296,300,264,291,278,259,257,223,281,279,309,289,227,224,218,208,223,177,201,291,290,367,145,144,120,115,124,93,77,45,28,16,9,6,5,8,3,4,5,3,5,6,7,12,6,9,8,11,5,5,5,6,6,5,6,4,10,9,7,6,5,3,8,8,8,10,5,5,5,12,8,6,11,5,6,3,3,1,0,0,0,0,0,0,0,0,0,0,0,0,0,0,0,0,0,0,0,0,0,0,0,0,0,0,0,0,0,0,0,0,0,0,0,0,0,0,0,0,0,0,0,0,0,0,0,0,0,0,0,0,0,0,0
56.05,0,0,0,0,0,0,1,0,0,0,0,0,0,0,0,0,0,0,0,0,0,0,0,0,0,0,0,0,0,0,0,0,0,1,0,0,0,0,0,1,0,0,0,0,0,0,1,1,0,0,0,0,0,0,1,0,1,0,0,1,0,0,0,0,0,1,2,1,0,0,0,1,2,0,2,1,3,1,1,2,0,1,2,0,4,5,5,4,5,9,9,5,14,11,21,25,14,26,40,29,49,32,52,74,81,85,91,100,121,123,154,161,173,195,249,274,367,426,567,578,735,760,791,835,808,826,778,802,789,723,750,677,723,654,629,580,598,502,521,529,448,459,471,442,418,462,416,414,407,351,390,388,348,331,367,353,507,320,291,311,346,361,338,323,301,323,340,295,302,265,290,278,260,256,223,283,280,309,287,226,225,218,208,222,177,201,290,290,367,145,144,120,115,125,93,77,46,27,16,9,6,5,8,3,4,5,3,5,6,7,12,6,9,8,11,5,5,5,6,6,5,6,4,10,9,6,6,5,3,8,8,8,10,5,5,5,12,8,6,11,5,6,3,3,1,0,0,0,0,0,0,0,0,0,0,0,0,0,0,0,0,0,0,0,0,0,0,0,0,0,0,0,0,0,0,0,0,0,0,0,0,0,0,0,0,0,0,0,0,0,0,0,0,0,0,0,0,0,0,0
56.15,0,0,0,0,0,0,0,0,0,0,0,0,0,0,0,0,0,0,1,0,0,0,0,0,0,0,0,0,0,0,0,0,0,0,0,0,1,0,0,1,0,2,0,2,0,3,1,1,0,0,0,0,1,0,0,0,0,0,2,1,1,1,1,1,1,5,2,0,3,3,2,1,1,1,1,3,3,1,2,2,2,1,2,3,2,4,4,6,6,6,7,9,10,12,21,26,15,24,38,28,46,34,53,71,80,82,90,104,118,124,152,155,174,194,245,276,366,429,564,579,728,757,789,834,810,828,773,806,784,722,746,676,725,650,632,580,600,497,521,531,448,456,472,439,418,462,417,412,408,350,388,389,348,335,361,352,508,321,292,312,344,363,338,320,298,324,341,295,300,264,291,278,260,256,223,282,280,308,286,227,225,217,208,222,177,202,290,289,367,145,144,120,115,125,94,77,45,27,16,9,6,5,8,3,4,5,3,5,6,7,12,6,9,8,11,5,5,5,6,6,5,6,4,10,9,6,6,5,3,8,8,8,10,5,5,5,12,8,6,11,5,6,3,3,1,0,0,0,0,0,0,0,0,0,0,0,0,0,0,0,0,0,0,0,0,0,0,0,0,0,0,0,0,0,0,0,0,0,0,0,0,0,0,0,0,0,0,0,0,0,0,0,0,0,0,0,0,0,0,0
56.25,0,0,0,0,0,0,0,0,0,0,0,0,0,0,0,0,0,0,0,0,0,0,0,0,0,0,1,0,0,1,0,0,0,1,0,0,1,0,0,0,0,1,0,1,0,1,0,0,1,2,0,1,0,1,1,1,0,2,0,1,2,2,3,0,1,1,2,4,1,2,1,2,3,6,0,4,6,8,3,1,2,0,4,4,3,9,4,8,6,6,12,7,9,9,17,20,14,23,41,27,45,31,57,70,77,82,93,100,119,124,152,154,173,191,247,274,367,429,559,579,729,755,790,833,812,825,775,806,784,717,746,677,725,651,631,580,597,496,522,530,446,457,471,442,419,463,415,414,403,351,390,391,349,329,361,351,508,319,294,313,342,361,341,320,300,322,338,296,301,265,290,279,258,258,223,281,278,307,288,226,224,217,208,223,177,201,289,290,367,145,144,120,116,125,93,77,45,27,16,9,6,5,8,3,4,5,3,5,6,7,12,6,9,8,11,5,5,5,6,6,5,6,4,10,9,6,6,5,3,8,8,8,10,5,5,5,12,8,6,11,5,6,3,3,1,0,0,0,0,0,0,0,0,0,0,0,0,0,0,0,0,0,0,0,0,0,0,0,0,0,0,0,0,0,0,0,0,0,0,0,0,0,0,0,0,0,0,0,0,0,0,0,0,0,0,0,0,0,0,0
56.35,0,0,0,0,0,0,0,0,0,0,1,0,1,0,0,1,0,0,0,0,0,0,0,0,0,0,0,0,0,0,0,0,0,0,0,0,0,0,0,0,0,0,0,0,0,0,2,1,1,0,1,1,1,1,3,0,1,1,2,2,2,0,0,4,0,1,1,4,3,3,4,3,1,3,2,6,1,4,4,6,7,7,9,7,5,3,9,4,3,6,5,6,8,8,17,19,16,23,38,26,48,31,53,70,74,84,88,103,118,123,151,154,172,192,246,275,368,430,558,577,730,753,789,831,807,821,777,804,784,714,749,675,722,652,629,581,596,497,521,530,447,457,473,440,418,459,417,412,403,352,390,391,346,330,362,351,508,322,294,311,343,361,340,319,299,322,338,295,300,264,293,278,258,258,222,280,279,308,286,226,224,218,208,222,177,201,289,290,367,147,144,120,115,125,92,77,45,27,16,9,6,5,8,3,4,5,3,5,6,7,12,6,9,8,11,5,5,5,6,6,5,6,4,10,9,6,6,5,3,8,8,8,10,4,6,5,12,8,6,11,5,6,3,3,1,0,0,0,0,0,0,0,0,0,0,0,0,0,0,0,0,0,0,0,0,0,0,0,0,0,0,0,0,0,0,0,0,0,0,0,0,0,0,0,0,0,0,0,0,0,0,0,0,0,0,0,0,0,0,0
56.45,0,0,0,0,1,0,0,0,0,0,0,0,0,0,0,0,0,0,0,0,0,0,0,0,1,0,0,0,0,0,0,1,0,0,0,0,0,0,0,0,0,0,1,0,0,1,1,0,0,3,1,1,1,0,1,1,0,2,1,0,1,1,4,1,1,1,3,2,4,4,0,3,3,4,4,10,2,5,2,2,7,6,5,3,4,8,5,7,7,8,3,6,6,7,15,24,16,22,35,22,45,28,51,72,73,82,90,100,112,125,150,154,173,192,244,274,367,428,563,573,731,751,788,830,809,822,773,802,784,715,749,675,721,650,632,579,594,497,524,528,447,455,474,441,415,458,418,413,403,354,392,389,347,329,361,351,508,323,290,312,345,360,338,318,299,321,338,295,301,266,291,277,260,255,223,280,278,308,286,227,224,217,208,222,177,201,290,289,367,147,144,120,115,124,92,77,45,27,16,9,6,5,8,3,4,5,3,5,6,7,12,6,9,8,11,5,5,5,6,6,5,6,4,9,9,6,6,5,3,8,8,8,10,4,6,5,12,8,6,11,5,6,3,2,1,0,0,0,0,0,0,0,0,0,0,0,0,0,0,0,0,0,0,0,0,0,0,0,0,0,0,0,0,0,0,0,0,0,0,0,0,0,0,0,0,0,0,0,0,0,0,0,0,0,0,0,0,0,0,0
56.55,0,0,0,0,0,0,0,0,0,0,0,0,0,0,0,0,0,0,0,0,0,0,0,0,0,0,0,0,0,0,1,0,0,0,0,0,0,0,0,0,1,1,0,0,0,2,0,2,0,3,1,0,3,3,1,0,0,1,2,3,2,1,3,3,2,3,2,0,3,3,3,3,3,5,2,4,2,2,3,8,3,7,3,5,10,6,3,3,3,8,5,12,9,8,16,19,12,23,36,27,44,27,49,73,74,81,88,100,113,123,148,152,171,191,246,272,366,429,560,575,728,752,787,829,809,818,775,799,788,715,748,674,720,651,630,580,594,497,522,529,446,456,473,440,416,458,415,413,403,351,390,387,348,328,362,351,510,323,292,312,342,361,337,318,300,321,339,295,300,267,290,277,260,255,222,280,279,308,286,226,224,218,208,222,178,200,289,289,366,147,144,120,115,124,92,77,45,27,16,9,6,5,8,3,4,5,3,5,6,7,12,6,9,8,11,5,5,5,6,6,5,6,4,9,9,6,6,5,3,8,8,8,10,4,6,5,12,8,6,11,5,6,3,2,1,0,0,0,0,0,0,0,0,0,0,0,0,0,0,0,0,0,0,0,0,0,0,0,0,0,0,0,0,0,0,0,0,0,0,0,0,0,0,0,0,0,0,0,0,0,0,0,0,0,0,0,0,0,0,0
56.65,0,0,0,0,0,0,0,0,0,0,0,0,1,0,0,0,0,1,0,0,0,0,0,0,0,2,0,0,0,0,0,0,0,0,0,0,0,0,0,0,0,0,0,1,1,0,0,1,0,0,0,0,1,2,0,1,1,0,2,1,2,4,0,1,1,4,5,2,3,1,1,4,2,4,7,3,3,2,4,7,8,1,6,3,2,8,10,10,4,8,5,6,10,10,16,18,11,23,36,24,45,30,50,65,75,82,88,101,112,121,145,152,170,191,246,270,365,431,560,574,724,756,785,825,806,818,773,800,780,713,748,675,719,651,630,579,592,494,524,526,444,456,473,437,418,456,414,415,402,350,390,387,348,327,363,355,510,321,290,313,342,361,338,318,300,321,338,295,302,267,290,278,258,256,222,281,278,308,286,226,224,217,208,222,178,200,289,289,367,147,144,120,115,124,92,77,45,27,16,9,6,5,8,3,4,5,3,5,6,7,12,6,9,8,11,5,5,5,7,6,5,6,4,9,9,6,6,5,3,8,8,8,10,4,6,5,12,8,6,11,5,6,3,2,1,0,0,0,0,0,0,0,0,0,0,0,0,0,0,0,0,0,0,0,0,0,0,0,0,0,0,0,0,0,0,0,0,0,0,0,0,0,0,0,0,0,0,0,0,0,0,0,0,0,0,0,0,0,0,0
56.75,0,0,0,0,0,0,0,0,1,0,0,0,0,0,0,0,0,0,0,0,0,0,0,0,0,0,0,0,1,0,0,1,0,0,1,0,1,0,0,0,0,0,1,0,0,1,0,0,1,0,0,1,1,0,1,0,1,0,0,0,2,0,2,0,3,1,4,3,0,1,2,3,0,1,2,5,4,5,1,3,4,4,10,3,8,7,7,4,7,9,5,11,8,7,20,20,15,23,34,22,45,32,48,66,73,81,88,103,112,120,145,150,171,189,244,270,366,427,559,577,724,751,787,826,807,819,773,799,780,712,747,676,719,651,631,578,592,494,523,525,444,459,471,439,414,457,416,412,402,350,390,387,348,329,366,352,509,320,292,312,342,361,337,317,299,322,340,295,301,266,290,278,258,256,223,281,278,307,286,226,224,217,208,223,177,200,289,289,367,147,144,120,115,124,92,77,45,27,16,9,6,5,8,3,4,5,3,5,6,7,12,6,9,8,11,5,5,5,7,6,5,6,4,9,9,6,6,5,3,8,8,8,10,4,6,5,12,8,6,11,5,6,3,2,1,0,0,0,0,0,0,0,0,0,0,0,0,0,0,0,0,0,0,0,0,0,0,0,0,0,0,0,0,0,0,0,0,0,0,0,0,0,0,0,0,0,0,0,0,0,0,0,0,0,0,0,0,0,0,0
56.85,0,0,0,0,0,0,0,0,0,0,0,0,0,0,0,0,0,0,0,0,0,1,0,0,0,0,0,1,0,0,0,1,1,0,0,0,0,1,0,0,1,0,0,2,0,0,0,0,0,0,0,1,1,0,2,3,0,3,1,0,0,2,1,1,0,1,4,2,2,4,3,0,2,4,3,0,0,3,3,2,0,2,2,4,3,3,8,8,11,8,5,15,12,12,18,23,14,28,32,21,44,35,49,68,73,81,88,100,112,122,147,152,168,190,244,268,365,426,560,574,721,751,785,826,806,819,772,799,779,711,747,676,715,652,630,578,591,493,521,526,446,456,471,440,413,457,415,411,402,350,391,388,349,329,364,353,508,320,291,312,341,361,339,318,300,323,339,293,301,267,290,278,257,256,222,283,278,306,286,227,224,217,208,223,177,200,289,290,366,147,144,120,115,124,92,77,45,27,16,9,6,5,8,3,4,5,3,5,6,7,12,6,9,8,11,5,5,5,7,6,5,6,4,9,9,6,6,5,3,8,8,8,10,4,6,5,12,8,6,11,5,6,3,2,1,0,0,0,0,0,0,0,0,0,0,0,0,0,0,0,0,0,0,0,0,0,0,0,0,0,0,0,0,0,0,0,0,0,0,0,0,0,0,0,0,0,0,0,0,0,0,0,0,0,0,0,0,0,0,0
56.95,0,0,0,0,0,0,0,0,1,0,0,1,0,0,0,0,0,0,0,0,1,0,0,0,0,0,0,0,0,0,1,0,0,0,0,0,3,0,0,0,1,1,0,0,0,1,0,2,0,0,0,0,2,2,1,0,1,0,1,0,1,2,1,0,1,1,2,0,1,0,2,0,1,2,0,0,4,1,2,2,4,1,2,2,2,5,2,5,4,9,5,8,16,15,20,28,19,29,36,30,40,37,47,66,75,82,89,103,113,122,149,149,168,191,245,269,365,426,559,571,719,750,786,824,805,820,773,798,779,711,748,676,715,652,629,579,590,492,521,527,445,454,473,439,413,456,415,409,402,350,390,386,348,329,364,353,508,320,292,313,341,361,338,317,301,322,338,292,300,267,290,278,257,257,222,283,277,306,286,226,224,218,209,223,177,200,290,290,364,147,144,120,115,124,92,77,45,27,16,9,6,5,8,3,4,5,3,5,6,7,12,6,9,8,11,5,5,5,7,6,5,6,4,9,9,6,6,5,3,8,8,8,10,4,6,5,12,8,6,11,5,6,3,2,1,0,0,0,0,0,0,0,0,0,0,0,0,0,0,0,0,0,0,0,0,0,0,0,0,0,0,0,0,0,0,0,0,0,0,0,0,0,0,0,0,0,0,0,0,0,0,0,0,0,0,0,0,0,0,0
57.05,0,0,1,0,0,0,0,0,0,0,1,0,0,0,0,0,0,0,0,0,0,0,0,0,0,0,0,0,0,0,3,0,0,0,0,0,1,1,0,2,1,0,0,0,1,0,0,0,1,0,1,2,0,0,2,0,0,1,0,0,0,0,0,0,1,1,0,0,0,1,1,0,1,1,1,3,0,0,0,2,0,1,3,4,2,4,5,7,8,5,7,5,7,16,19,29,21,31,41,26,44,36,52,67,74,85,86,98,111,120,148,145,167,191,246,269,361,428,560,573,719,748,781,828,799,817,771,801,777,711,744,674,714,653,630,576,590,489,522,525,443,455,470,440,413,458,412,408,403,350,391,383,347,329,365,353,508,319,295,309,342,363,335,317,302,323,336,293,300,266,290,278,259,257,221,284,275,306,285,226,224,217,211,223,176,200,290,290,363,147,143,120,116,125,91,76,45,27,16,9,6,5,8,3,4,5,3,5,6,7,12,6,9,8,11,5,5,5,7,6,5,6,4,9,9,6,6,5,3,8,8,8,10,4,6,5,12,8,6,11,5,6,3,2,1,0,0,0,0,0,0,0,0,0,0,0,0,0,0,0,0,0,0,0,0,0,0,0,0,0,0,0,0,0,0,0,0,0,0,0,0,0,0,0,0,0,0,0,0,0,0,0,0,0,0,0,0,0,0,0
57.15,0,0,0,0,0,0,0,0,0,0,0,0,0,0,0,0,1,0,0,0,0,0,0,0,0,0,0,0,1,0,0,1,0,0,0,0,1,1,0,0,0,0,0,0,1,0,2,0,1,0,0,1,1,0,3,0,1,0,1,1,0,0,2,0,3,3,3,2,3,3,0,1,3,1,1,2,2,1,2,1,1,1,4,3,1,5,2,3,6,6,9,4,7,14,23,29,18,30,38,29,42,38,53,61,70,85,82,97,109,120,148,144,168,191,245,267,362,427,561,569,719,748,782,826,800,818,767,797,772,710,747,673,712,651,630,577,589,490,524,523,444,452,471,439,416,455,415,408,405,355,388,380,347,329,363,354,506,320,295,309,342,362,338,315,302,323,336,292,301,266,289,277,259,258,221,282,276,305,286,227,225,218,211,222,176,199,289,290,363,147,143,120,117,124,91,76,45,27,16,9,6,5,8,3,4,5,3,5,6,7,12,6,9,8,11,5,5,5,7,6,5,6,4,9,9,6,6,5,3,8,8,8,10,4,6,5,12,8,6,11,5,6,3,2,1,0,0,0,0,0,0,0,0,0,0,0,0,0,0,0,0,0,0,0,0,0,0,0,0,0,0,0,0,0,0,0,0,0,0,0,0,0,0,0,0,0,0,0,0,0,0,0,0,0,0,0,0,0,0,0
57.25,0,0,0,0,0,0,0,0,0,0,0,0,0,0,0,0,0,0,0,0,0,2,0,0,0,0,0,0,0,0,1,0,0,0,0,0,1,0,0,0,2,0,1,1,2,1,0,1,0,1,1,0,1,0,0,1,0,1,1,0,0,3,2,1,0,2,1,0,1,2,2,1,0,2,5,1,2,1,4,3,4,4,4,4,2,5,2,4,5,4,7,6,8,14,20,25,19,28,38,33,41,35,51,62,72,81,83,92,109,119,145,145,168,188,245,268,358,422,559,571,720,751,780,825,802,814,767,795,770,712,747,671,713,650,629,575,589,490,526,517,442,452,470,443,413,458,415,409,406,350,386,381,348,330,361,353,506,321,294,309,343,362,335,316,302,321,335,294,300,265,289,278,259,258,222,282,275,305,288,227,226,217,209,222,176,199,289,290,363,147,143,121,116,125,90,76,45,27,15,9,6,5,8,3,4,5,3,5,6,7,12,6,9,8,11,5,5,5,7,6,5,6,4,9,9,6,6,5,3,8,8,8,10,4,6,5,12,8,6,11,5,6,3,2,1,0,0,0,0,0,0,0,0,0,0,0,0,0,0,0,0,0,0,0,0,0,0,0,0,0,0,0,0,0,0,0,0,0,0,0,0,0,0,0,0,0,0,0,0,0,0,0,0,0,0,0,0,0,0,0
57.35,0,0,0,0,0,0,0,0,1,0,0,0,0,0,0,0,0,1,0,1,0,0,0,0,0,0,0,1,0,1,0,0,0,0,0,1,0,0,0,0,0,0,0,0,0,2,0,0,0,2,0,1,0,2,1,2,1,1,0,1,1,1,0,2,0,2,0,3,3,1,2,2,4,3,5,6,5,3,5,5,2,6,3,2,3,4,2,6,5,7,6,10,6,16,22,26,21,30,35,31,40,34,50,61,72,80,82,91,107,118,146,145,169,192,242,266,358,423,558,573,716,748,780,825,803,811,769,794,772,713,744,671,713,650,631,574,589,490,525,516,444,450,471,442,415,455,414,410,403,353,384,380,347,333,359,352,507,321,296,308,342,361,337,316,300,323,335,293,300,265,291,279,258,258,221,282,275,305,287,226,226,217,209,222,176,199,289,290,363,147,144,120,117,124,90,76,45,27,15,9,6,5,8,3,4,5,3,5,6,7,12,6,9,8,11,5,5,5,7,6,5,6,4,9,9,6,6,5,3,8,8,8,10,4,6,5,12,8,6,11,5,6,3,2,1,0,0,0,0,0,0,0,0,0,0,0,0,0,0,0,0,0,0,0,0,0,0,0,0,0,0,0,0,0,0,0,0,0,0,0,0,0,0,0,0,0,0,0,0,0,0,0,0,0,0,0,0,0,0,0
57.45,0,0,0,1,0,0,1,0,0,0,1,0,0,0,0,1,0,0,0,0,0,0,0,0,1,0,0,1,0,0,0,0,0,0,0,0,0,0,0,0,0,0,0,1,0,0,1,0,0,0,0,1,1,0,0,0,1,0,3,2,0,1,0,1,3,4,6,3,6,4,2,6,3,1,3,3,3,2,3,2,5,2,3,7,3,3,3,7,6,6,5,9,7,13,20,27,14,30,33,32,42,33,50,60,73,80,80,93,107,119,144,140,168,193,243,265,358,424,561,573,710,748,782,823,803,807,768,795,770,712,743,671,713,652,630,572,588,487,526,516,445,451,472,441,412,456,416,408,406,350,384,380,351,329,359,352,507,323,295,310,341,362,337,316,300,322,337,292,302,265,290,276,258,257,220,282,275,306,287,228,225,217,209,222,176,199,290,290,363,148,143,120,117,124,90,76,45,27,15,9,6,5,8,3,4,5,3,5,6,7,12,6,9,8,11,4,5,5,7,6,5,6,4,9,9,6,6,5,3,8,8,8,10,4,6,5,12,8,6,11,5,6,3,2,1,1,0,0,0,0,0,0,0,0,0,0,0,0,0,0,0,0,0,0,0,0,0,0,0,0,0,0,0,0,0,0,0,0,0,0,0,0,0,0,0,0,0,0,0,0,0,0,0,0,0,0,0,0,0,0
57.55,0,0,0,0,0,0,0,0,0,0,0,0,0,0,0,0,0,0,0,0,0,0,0,0,1,0,0,0,0,0,0,0,2,0,1,0,0,0,1,0,0,1,0,1,0,0,0,0,1,0,2,0,0,2,0,1,4,1,1,0,1,0,2,2,2,2,0,1,2,2,2,1,2,7,1,4,5,2,7,5,3,3,2,15,4,4,6,5,6,8,5,8,5,9,23,29,15,29,33,31,39,33,50,62,72,81,80,93,107,119,143,138,169,194,242,263,358,423,562,571,709,751,781,825,803,809,765,795,770,711,744,670,712,648,628,573,587,488,525,516,443,452,470,440,412,459,415,408,403,348,386,382,348,327,360,355,508,322,295,308,342,362,336,315,301,322,337,292,298,265,290,276,257,257,220,282,275,307,288,227,225,217,209,222,176,199,290,290,363,148,143,121,116,124,90,76,45,27,15,9,6,5,8,3,4,5,3,5,6,7,12,6,9,8,11,4,5,5,7,6,5,6,4,9,9,6,6,5,3,8,8,8,10,4,6,5,12,8,6,11,5,6,3,2,1,1,0,0,0,0,0,0,0,0,0,0,0,0,0,0,0,0,0,0,0,0,0,0,0,0,0,0,0,0,0,0,0,0,0,0,0,0,0,0,0,0,0,0,0,0,0,0,0,0,0,0,0,0,0,0
57.65,0,0,0,0,1,0,0,0,0,1,0,0,0,0,0,0,0,0,0,0,0,0,0,0,0,0,0,1,0,0,0,0,1,0,0,1,0,0,0,0,0,0,0,0,0,0,0,0,0,0,0,0,1,0,0,0,0,0,0,2,2,0,0,1,1,1,3,1,4,0,4,4,2,4,0,3,1,6,3,11,7,6,3,8,5,5,4,2,9,6,7,9,4,11,21,24,14,33,33,30,40,32,53,61,73,80,80,93,108,120,143,138,167,195,242,266,357,423,562,569,711,750,780,823,803,809,765,792,774,708,744,670,709,650,627,572,587,487,520,517,442,452,469,440,410,458,414,406,402,349,384,381,348,326,361,354,507,321,296,309,343,361,336,314,301,323,336,292,298,266,289,276,257,257,220,282,273,309,287,227,225,217,209,222,176,200,291,290,363,148,144,120,115,124,90,76,45,27,15,9,6,5,8,3,4,5,3,5,6,7,12,6,9,8,11,4,5,5,7,6,5,6,4,9,9,6,6,5,3,8,8,8,10,4,6,5,12,8,6,11,5,6,3,2,1,1,0,0,0,0,0,0,0,0,0,0,0,0,0,0,0,0,0,0,0,0,0,0,0,0,0,0,0,0,0,0,0,0,0,0,0,0,0,0,0,0,0,0,0,0,0,0,0,0,0,0,0,0,0,0
57.75,0,0,0,0,0,0,0,0,0,0,0,0,0,0,0,0,0,0,0,0,0,1,0,1,0,0,0,0,0,0,0,0,0,0,1,0,0,1,0,0,1,0,0,0,0,0,0,0,1,0,0,0,1,0,0,2,1,2,1,0,0,1,1,2,1,1,1,3,1,2,5,2,1,4,2,3,1,4,4,4,4,2,6,5,1,2,6,4,11,5,4,10,8,13,22,25,19,30,32,31,40,34,52,60,76,79,80,95,109,120,145,138,165,192,242,265,357,423,563,564,710,747,780,823,802,806,766,792,772,709,744,669,709,650,628,572,585,487,521,515,444,452,469,441,408,458,411,406,404,348,383,381,347,327,362,354,505,322,294,308,341,362,336,314,301,322,336,292,298,266,289,276,257,257,220,283,273,307,287,227,225,217,209,222,176,200,291,290,363,148,144,120,115,124,90,76,45,27,15,9,6,5,8,3,4,5,3,5,6,7,12,6,9,8,11,4,5,5,7,6,5,6,4,9,9,6,6,5,3,8,8,8,10,4,6,5,12,8,6,11,5,6,3,2,1,1,0,0,0,0,0,0,0,0,0,0,0,0,0,0,0,0,0,0,0,0,0,0,0,0,0,0,0,0,0,0,0,0,0,0,0,0,0,0,0,0,0,0,0,0,0,0,0,0,0,0,0,0,0,0
57.85,0,0,0,0,0,0,0,0,0,0,0,0,0,0,1,0,0,0,0,0,0,0,0,0,0,0,0,0,0,0,0,0,0,0,0,0,0,0,0,0,0,0,0,0,0,0,0,0,1,1,0,1,1,0,0,1,0,2,1,0,1,3,4,4,2,1,2,3,1,0,1,3,3,1,3,3,1,0,1,1,3,4,4,4,6,5,4,1,4,7,4,7,6,14,20,31,16,34,37,29,41,32,54,59,76,80,82,96,109,119,146,138,165,192,243,267,357,423,563,562,710,747,780,821,803,802,764,792,772,707,745,669,709,650,626,574,585,488,520,516,442,450,470,441,406,458,411,407,404,347,383,381,349,326,360,355,505,323,294,308,340,361,336,314,301,322,336,292,298,265,289,276,257,257,221,282,273,307,287,227,225,217,208,222,176,200,291,290,363,148,144,120,115,124,90,76,45,27,15,9,6,5,8,3,4,5,3,5,6,7,12,6,9,8,11,4,5,5,7,6,5,6,4,9,9,6,6,5,3,8,8,8,10,4,6,5,12,8,6,11,5,6,3,2,1,1,0,0,0,0,0,0,0,0,0,0,0,0,0,0,0,0,0,0,0,0,0,0,0,0,0,0,0,0,0,0,0,0,0,0,0,0,0,0,0,0,0,0,0,0,0,0,0,0,0,0,0,0,0,0
57.95,0,0,0,0,0,0,0,0,0,0,0,0,1,0,0,0,0,0,0,0,0,0,0,0,0,0,0,0,0,0,0,0,0,0,0,0,0,0,0,0,1,0,1,1,0,1,0,1,0,0,1,0,0,0,0,0,0,0,1,1,0,1,0,0,0,1,0,1,1,0,2,0,2,0,0,1,0,2,1,1,1,1,3,2,2,4,4,2,7,5,5,5,8,14,22,30,20,33,39,35,42,35,53,59,77,80,84,95,114,120,147,138,165,193,242,266,356,425,562,561,709,745,781,821,803,801,764,792,772,706,742,669,709,650,627,573,584,488,520,515,442,449,470,441,406,459,412,406,405,347,383,381,346,326,360,355,505,323,294,308,340,361,336,313,301,323,336,292,296,265,289,275,256,258,220,282,273,307,287,227,225,217,208,222,176,200,291,290,363,148,144,120,115,124,90,76,45,27,15,9,6,5,8,3,4,5,3,5,6,7,12,6,9,8,11,4,5,5,7,6,5,6,4,9,9,6,6,5,3,8,8,8,10,4,6,5,12,8,6,11,5,6,3,2,1,1,0,0,0,0,0,0,0,0,0,0,0,0,0,0,0,0,0,0,0,0,0,0,0,0,0,0,0,0,0,0,0,0,0,0,0,0,0,0,0,0,0,0,0,0,0,0,0,0,0,0,0,0,0,0
58.05,0,0,0,0,0,0,0,0,0,0,0,0,0,0,0,0,0,0,0,0,0,0,1,0,0,0,0,0,0,0,0,0,1,0,0,1,0,0,0,0,0,1,0,0,0,2,1,0,0,0,0,2,0,0,3,0,0,0,1,2,1,2,0,1,1,0,0,0,0,3,0,0,0,0,0,0,0,0,1,1,0,4,0,2,3,4,6,3,5,7,2,7,12,15,22,28,22,34,36,34,48,37,54,55,75,83,81,96,116,123,144,134,166,192,243,266,357,420,564,561,707,747,775,820,802,807,760,791,768,707,740,671,707,648,628,574,582,486,523,513,442,450,469,441,409,459,410,405,404,348,382,382,347,325,362,355,503,324,293,308,340,365,335,313,300,322,336,293,295,265,289,275,258,257,220,282,273,307,287,227,225,217,208,223,176,202,289,289,362,148,145,119,115,124,90,76,45,27,15,9,6,5,8,3,4,5,3,5,6,7,12,6,9,8,11,4,5,5,7,6,5,6,4,9,9,6,6,5,3,8,8,8,10,4,6,5,12,8,6,11,5,6,3,2,1,1,0,0,0,0,0,0,0,0,0,0,0,0,0,0,0,0,0,0,0,0,0,0,0,0,0,0,0,0,0,0,0,0,0,0,0,0,0,0,0,0,0,0,0,0,0,0,0,0,0,0,0,0,0,0
58.15,0,0,0,0,0,0,0,0,0,0,0,0,0,0,0,0,0,0,0,0,0,0,0,0,0,0,0,0,0,0,0,1,0,1,0,0,0,0,0,0,0,0,1,0,0,0,0,2,1,1,0,1,1,2,0,1,1,0,0,0,1,1,0,0,0,0,2,3,1,1,2,0,1,0,3,1,2,2,1,1,2,2,1,4,4,4,3,1,6,11,5,14,7,13,19,24,24,36,33,36,42,32,53,54,77,83,80,99,116,121,142,136,165,190,243,261,359,419,564,560,707,744,774,819,802,806,755,789,765,703,744,669,703,651,625,579,577,486,522,516,441,449,468,441,408,455,411,404,404,347,382,385,346,325,361,355,504,323,292,309,341,363,334,312,300,322,338,289,296,266,290,275,258,257,220,281,272,307,287,227,225,219,208,222,176,201,287,289,363,148,144,119,115,125,89,76,45,27,15,9,6,5,8,3,4,5,3,5,6,7,12,6,9,8,11,4,5,5,7,6,5,6,4,9,9,6,6,5,3,8,8,8,10,4,6,5,12,8,6,11,5,6,3,2,1,1,0,0,0,0,0,0,0,0,0,0,0,0,0,0,0,0,0,0,0,0,0,0,0,0,0,0,0,0,0,0,0,0,0,0,0,0,0,0,0,0,0,0,0,0,0,0,0,0,0,0,0,0,0,0
58.25,0,0,0,0,0,0,0,0,0,0,0,0,0,0,0,0,0,0,0,0,0,0,0,0,0,0,0,0,1,1,0,1,0,0,0,0,0,0,0,0,0,0,0,0,0,1,0,0,0,1,0,0,3,0,0,0,1,1,1,2,1,1,0,2,0,1,1,0,3,1,1,5,1,1,1,3,3,0,2,3,2,3,6,7,5,2,1,8,7,13,3,7,7,9,24,23,22,37,36,31,43,31,52,55,75,83,79,95,115,120,144,138,167,186,243,261,357,418,562,560,708,740,775,815,799,804,755,788,768,706,739,669,705,650,629,573,576,486,522,516,440,448,467,442,407,456,410,404,404,347,384,383,346,325,359,355,504,323,292,310,341,361,334,312,300,323,337,290,297,267,289,274,257,257,220,282,272,308,287,227,225,218,207,223,176,200,287,290,362,148,144,119,115,125,89,76,45,27,15,9,6,5,8,3,4,5,3,5,6,7,12,6,9,8,11,4,5,5,7,6,5,6,4,9,9,6,6,5,3,8,8,8,10,4,6,5,12,8,6,11,5,6,3,2,1,1,0,0,0,0,0,0,0,0,0,0,0,0,0,0,0,0,0,0,0,0,0,0,0,0,0,0,0,0,0,0,0,0,0,0,0,0,0,0,0,0,0,0,0,0,0,0,0,0,0,0,0,0,0,0
58.35,0,0,1,0,0,0,0,0,0,0,0,0,0,0,0,0,0,0,0,0,0,0,0,0,0,1,0,0,0,0,0,0,0,0,0,0,0,0,0,0,0,0,1,0,0,1,0,0,1,0,1,1,1,2,2,1,0,1,0,2,0,0,2,1,3,0,2,4,2,3,0,2,3,2,2,5,2,1,1,7,7,5,3,4,6,5,8,5,8,6,4,13,6,9,22,22,20,35,34,32,44,31,50,55,77,82,82,95,113,120,143,136,170,186,242,262,356,416,560,558,708,740,772,816,798,805,754,791,766,702,742,669,703,649,627,570,576,484,523,514,441,447,467,440,406,456,411,404,405,348,384,386,343,324,360,355,505,323,292,310,338,360,334,312,300,322,337,293,296,267,289,274,257,259,219,281,272,307,287,227,226,218,207,222,176,201,287,289,362,148,143,119,116,124,89,76,45,27,15,9,6,5,8,3,4,5,3,5,6,7,12,6,9,9,11,4,5,5,7,6,5,6,4,9,9,6,6,5,3,8,8,8,10,4,6,5,12,8,6,11,5,6,3,2,1,1,0,0,0,0,0,0,0,0,0,0,0,0,0,0,0,0,0,0,0,0,0,0,0,0,0,0,0,0,0,0,0,0,0,0,0,0,0,0,0,0,0,0,0,0,0,0,0,0,0,0,0,0,0,0
58.45,0,0,0,0,0,0,0,0,0,0,0,0,0,0,0,0,0,1,0,0,0,0,0,0,1,0,0,0,2,1,0,0,0,0,0,0,0,0,0,0,1,0,0,0,0,0,1,1,0,0,0,1,0,0,3,1,1,0,0,1,0,0,0,0,2,0,2,1,2,3,3,3,2,3,0,6,4,7,3,5,4,9,4,3,5,6,9,4,8,8,6,8,9,11,14,20,17,34,30,31,47,31,51,53,75,82,80,96,113,121,142,134,168,186,242,262,356,415,558,557,709,739,773,817,797,803,753,787,762,701,743,663,704,650,626,571,575,485,524,514,441,446,466,439,406,457,410,404,408,348,383,383,344,324,359,355,506,323,295,307,338,360,335,312,300,322,338,290,297,266,288,274,258,259,219,281,273,307,287,228,226,217,207,222,177,200,287,289,362,148,143,119,116,124,89,77,45,27,15,9,6,5,8,3,4,5,3,5,6,7,12,5,9,9,11,4,5,5,7,6,5,6,4,9,9,6,6,5,3,8,8,8,10,4,6,5,12,8,6,11,5,6,3,2,1,1,0,0,0,0,0,0,0,0,0,0,0,0,0,0,0,0,0,0,0,0,0,0,0,0,0,0,0,0,0,0,0,0,0,0,0,0,0,0,0,0,0,0,0,0,0,0,0,0,0,0,0,0,0,0
58.55,1,0,0,0,0,0,0,0,0,0,0,0,0,0,0,0,0,0,3,0,0,0,0,0,0,0,0,1,0,0,0,0,2,0,0,0,0,0,2,0,0,1,1,0,1,0,2,1,1,0,0,0,0,2,0,1,0,0,3,0,0,3,2,0,2,2,1,1,3,0,3,4,2,3,4,2,11,2,5,3,6,5,6,9,4,2,4,5,6,6,3,8,8,6,16,24,16,35,31,31,44,32,49,53,74,83,80,95,113,120,142,134,167,186,242,259,356,415,558,557,704,739,774,813,800,802,751,785,761,701,741,664,702,649,625,571,576,487,520,513,442,444,466,441,405,457,409,406,405,345,384,383,343,324,360,354,506,323,294,307,339,360,335,311,301,322,337,289,298,266,288,274,259,258,219,281,272,308,287,227,225,217,207,222,177,200,288,289,362,148,143,120,115,124,89,77,45,27,15,9,6,5,8,3,4,5,3,5,6,7,12,5,9,9,11,4,5,5,7,6,5,6,4,9,9,6,6,5,3,8,8,8,10,4,6,5,12,8,6,11,5,6,3,2,1,1,0,0,0,0,0,0,0,0,0,0,0,0,0,0,0,0,0,0,0,0,0,0,0,0,0,0,0,0,0,0,0,0,0,0,0,0,0,0,0,0,0,0,0,0,0,0,0,0,0,0,0,0,0,0
58.65,0,0,0,0,0,1,0,0,0,0,1,0,0,0,0,0,0,0,0,1,0,0,0,0,0,0,0,0,1,0,0,0,0,1,1,0,0,0,2,0,0,0,0,0,1,0,0,0,3,0,0,0,0,1,0,0,2,0,0,2,1,2,0,0,1,2,3,4,1,5,3,5,7,3,6,3,3,4,3,5,5,3,4,3,5,3,7,5,4,7,4,5,9,6,15,19,17,35,30,32,45,35,50,52,75,85,80,93,113,120,142,135,167,186,242,258,356,414,557,558,702,738,775,812,799,802,751,786,759,702,738,663,704,649,623,570,573,489,520,513,442,445,466,439,405,457,410,403,406,345,383,383,344,325,360,354,506,323,295,306,338,360,335,311,300,323,338,289,297,266,289,275,258,258,219,281,273,307,288,226,225,217,207,222,177,200,288,289,361,148,143,120,115,124,90,77,45,27,15,9,6,5,8,3,4,5,3,5,6,7,12,5,9,9,11,4,5,5,7,6,5,6,4,9,9,6,6,5,3,8,8,8,10,4,6,5,12,8,6,11,5,6,3,2,1,1,0,0,0,0,0,0,0,0,0,0,0,0,0,0,0,0,0,0,0,0,0,0,0,0,0,0,0,0,0,0,0,0,0,0,0,0,0,0,0,0,0,0,0,0,0,0,0,0,0,0,0,0,0,0
58.75,0,0,0,0,0,0,0,0,0,0,1,0,0,0,0,0,0,0,1,0,0,0,0,0,0,0,1,0,0,0,1,0,0,0,0,0,1,1,0,1,0,2,0,0,0,0,0,2,0,0,1,1,0,3,1,1,0,3,0,1,2,2,3,2,1,3,1,1,1,2,3,2,5,2,2,1,3,0,6,4,4,1,3,5,6,5,4,5,3,10,2,5,7,7,17,21,18,34,30,35,47,33,51,51,74,84,80,92,114,119,143,134,167,186,241,255,355,415,556,557,702,739,773,808,799,802,752,785,759,701,734,662,704,649,623,569,574,488,520,514,444,441,466,439,406,457,409,403,406,345,384,383,345,324,358,355,504,324,294,306,339,359,333,311,300,323,338,288,297,266,289,275,258,258,219,281,273,307,288,226,225,215,207,221,177,201,288,288,361,148,143,120,115,124,90,77,45,27,15,9,6,5,8,3,4,5,3,5,6,7,12,5,9,9,11,4,5,5,7,6,5,6,4,9,9,6,6,5,3,8,8,8,9,4,5,5,12,8,6,11,5,6,3,2,1,1,0,0,0,0,0,0,0,0,0,0,0,0,0,0,0,0,0,0,0,0,0,0,0,0,0,0,0,0,0,0,0,0,0,0,0,0,0,0,0,0,0,0,0,0,0,0,0,0,0,0,0,0,0,0
58.85,0,0,0,0,0,0,0,0,0,0,0,0,0,0,0,0,0,0,0,0,0,0,0,0,1,0,0,0,0,0,0,0,0,1,1,0,0,0,0,1,0,0,0,0,0,0,0,0,2,0,1,0,0,1,2,0,0,2,0,2,1,1,1,0,0,0,0,2,1,1,0,2,1,2,1,2,3,2,1,3,3,7,4,2,2,5,5,6,7,7,7,7,13,7,16,23,14,32,33,36,46,33,57,52,76,86,79,91,113,120,142,134,166,186,240,255,355,414,554,557,703,737,772,809,799,800,751,784,762,699,733,663,701,648,624,570,574,487,520,513,444,442,467,439,405,457,409,402,406,346,384,382,345,325,358,354,504,324,295,306,338,360,333,310,300,322,338,288,297,266,289,276,258,258,219,281,273,307,288,226,225,215,206,221,177,201,287,288,361,148,143,120,115,123,89,77,45,27,15,9,6,5,8,3,4,5,3,5,6,7,12,5,9,9,11,4,5,5,7,6,5,6,4,9,9,6,6,5,3,8,8,8,9,4,5,5,12,8,6,11,5,6,3,2,1,1,0,0,0,0,0,0,0,0,0,0,0,0,0,0,0,0,0,0,0,0,0,0,0,0,0,0,0,0,0,0,0,0,0,0,0,0,0,0,0,0,0,0,0,0,0,0,0,0,0,0,0,0,0,0
58.95,0,0,0,0,0,0,0,0,0,0,0,0,0,0,0,0,0,0,0,0,0,0,0,0,0,0,0,0,0,0,0,0,0,0,0,0,1,0,0,0,0,1,0,1,0,0,0,0,1,0,0,0,0,0,0,2,1,0,2,2,0,0,1,1,0,0,0,1,1,2,1,0,1,1,0,0,0,2,2,0,2,1,4,2,2,4,3,9,7,7,3,7,10,8,19,22,17,35,34,36,48,39,53,51,77,84,79,91,115,122,141,133,168,186,241,255,359,413,554,557,701,736,773,809,800,800,749,785,758,699,732,664,702,647,621,570,574,487,518,513,442,440,467,440,405,457,408,402,406,345,385,382,345,324,358,354,505,325,293,306,338,360,333,310,300,322,338,288,297,266,289,276,258,258,219,282,273,307,288,226,225,215,206,221,177,201,287,288,361,148,143,121,115,123,89,77,45,27,15,9,6,5,8,3,4,5,3,5,6,7,12,5,9,9,11,4,5,5,7,6,5,6,4,9,9,6,6,5,3,8,8,8,9,4,5,5,12,8,6,11,5,6,3,2,1,1,0,0,0,0,0,0,0,0,0,0,0,0,0,0,0,0,0,0,0,0,0,0,0,0,0,0,0,0,0,0,0,0,0,0,0,0,0,0,0,0,0,0,0,0,0,0,0,0,0,0,0,0,0,0
59.05,0,0,0,0,0,0,0,0,0,0,0,0,0,0,0,0,0,0,0,0,0,0,0,0,0,0,1,0,0,1,1,0,0,1,0,1,0,0,0,0,0,0,0,2,0,0,0,1,0,0,0,0,1,1,0,2,0,0,0,2,0,0,0,0,3,0,1,0,0,0,0,0,2,1,1,0,0,1,1,2,0,1,2,1,3,2,3,7,8,7,6,10,5,12,21,25,20,34,27,38,53,38,60,48,76,81,80,94,115,121,138,131,169,185,242,258,357,414,553,557,702,737,772,808,801,797,750,787,756,696,733,665,702,645,623,570,575,485,519,512,445,439,466,442,405,456,410,400,405,344,387,382,344,324,357,354,504,325,294,309,337,358,333,312,300,321,339,289,295,265,288,277,258,259,219,281,274,306,287,225,225,214,206,221,177,202,286,288,361,149,143,120,115,124,87,78,45,27,15,9,6,5,8,3,4,5,3,5,6,7,12,5,9,9,11,4,5,5,7,6,5,6,4,9,9,6,6,5,3,8,8,8,9,4,5,5,12,8,6,11,5,6,3,2,1,1,0,0,0,0,0,0,0,0,0,0,0,0,0,0,0,0,0,0,0,0,0,0,0,0,0,0,0,0,0,0,0,0,0,0,0,0,0,0,0,0,0,0,0,0,0,0,0,0,0,0,0,0,0,0
59.15,0,0,0,0,0,0,0,0,0,0,0,0,1,0,0,0,0,0,0,0,0,0,0,0,0,1,0,0,0,0,0,0,0,1,0,0,2,0,0,0,0,1,1,0,0,0,1,0,0,0,0,0,1,1,0,0,0,0,0,0,2,0,3,2,1,2,0,0,1,0,2,2,3,0,0,2,2,1,2,3,5,2,4,1,1,5,1,4,9,6,5,9,7,12,18,25,17,34,25,37,55,37,53,48,77,81,83,90,112,118,139,132,170,184,242,255,355,414,552,559,703,731,774,807,799,796,747,786,762,691,736,662,701,648,622,570,574,486,519,512,444,438,468,440,405,457,406,400,404,346,386,383,343,325,357,354,504,327,295,309,335,359,335,309,300,323,338,287,294,265,288,277,258,259,220,281,273,306,287,226,224,214,206,223,178,200,286,288,361,148,143,121,115,123,87,78,45,27,15,9,6,5,8,3,4,5,3,5,6,7,12,5,9,9,11,4,5,5,7,6,5,6,4,9,9,6,6,5,3,8,8,8,9,4,5,5,12,8,6,11,5,6,3,2,1,1,0,0,0,0,0,0,0,0,0,0,0,0,0,0,0,0,0,0,0,0,0,0,0,0,0,0,0,0,0,0,0,0,0,0,0,0,0,0,0,0,0,0,0,0,0,0,0,0,0,0,0,0,0,0
59.25,0,0,0,0,0,0,0,0,0,0,0,0,0,0,0,0,0,0,0,0,1,0,0,0,0,0,0,1,1,0,1,0,2,0,1,1,0,0,0,0,0,0,0,0,0,0,1,0,0,0,0,2,0,0,1,0,1,0,1,2,0,0,3,0,1,3,0,0,5,2,0,1,2,2,3,2,4,2,2,2,4,2,3,3,3,2,1,4,9,7,9,10,8,10,15,25,20,35,29,36,49,36,53,52,75,78,79,88,112,118,140,130,169,185,240,256,355,414,552,559,703,731,771,808,798,797,748,785,761,690,734,660,701,650,618,569,575,486,520,509,443,440,468,439,404,456,407,400,405,346,385,383,343,325,356,357,503,327,295,305,336,360,335,309,302,321,336,287,293,265,289,277,258,259,219,281,274,306,288,225,225,215,206,221,177,200,286,288,361,149,143,120,115,123,87,77,45,27,15,9,6,5,8,3,4,5,3,5,6,7,12,5,9,9,11,4,5,5,7,6,5,6,4,9,9,6,6,5,3,8,8,8,9,4,5,5,12,8,6,11,5,6,3,2,1,1,0,0,0,0,0,0,0,0,0,0,0,0,0,0,0,0,0,0,0,0,0,0,0,0,0,0,0,0,0,0,0,0,0,0,0,0,0,0,0,0,0,0,0,0,0,0,0,0,0,0,0,0,0,0
59.35,0,0,0,0,0,0,0,0,0,0,0,0,0,0,0,0,0,0,0,0,0,0,0,0,0,0,0,0,0,0,0,0,0,1,0,0,0,0,0,0,1,1,0,1,0,1,1,0,0,0,0,1,0,0,1,0,0,0,1,1,0,1,2,2,1,1,0,2,2,3,0,2,2,2,3,3,2,3,2,6,3,6,4,3,1,1,5,5,8,9,5,9,10,11,20,21,22,32,27,35,51,36,50,49,73,78,79,88,111,119,139,131,169,185,241,255,354,413,552,562,701,731,771,808,799,795,746,788,760,690,735,659,701,646,616,571,573,485,519,509,442,441,468,437,405,455,407,400,405,346,386,382,343,329,355,356,504,326,296,307,335,360,334,310,301,320,337,287,293,266,290,276,258,259,219,282,273,307,287,226,224,214,206,221,177,200,284,289,361,148,143,120,115,123,87,77,45,27,15,9,6,5,8,3,4,5,3,5,6,7,12,5,9,9,11,4,5,5,7,6,5,6,4,9,9,6,6,5,3,8,8,8,9,4,5,5,12,8,6,11,5,6,3,2,1,1,0,0,0,0,0,0,0,0,0,0,0,0,0,0,0,0,0,0,0,0,0,0,0,0,0,0,0,0,0,0,0,0,0,0,0,0,0,0,0,0,0,0,0,0,0,0,0,0,0,0,0,0,0,0
59.45,0,0,0,0,0,0,0,0,0,0,0,0,0,0,0,0,0,0,0,0,0,1,0,0,0,0,0,0,0,0,0,0,0,0,0,0,1,0,0,0,0,1,2,0,0,1,0,0,1,1,0,3,0,1,0,1,1,0,0,0,0,0,2,2,0,1,0,2,4,1,4,1,0,1,4,3,3,2,1,3,5,4,2,4,2,5,4,8,9,6,9,11,7,10,18,22,21,33,25,34,46,37,50,51,71,78,78,89,110,118,140,131,169,184,241,255,354,414,550,558,700,730,771,809,798,795,746,787,757,692,734,659,704,644,615,572,572,485,521,508,444,440,466,436,405,455,407,400,405,345,388,382,344,327,356,357,506,326,294,306,335,360,335,308,300,320,337,286,293,267,290,275,257,259,219,282,273,306,287,226,224,214,206,222,178,200,284,288,361,148,143,120,115,123,87,77,45,27,15,9,6,5,8,3,4,5,3,5,6,7,12,5,9,9,11,4,5,5,7,6,5,6,4,9,9,6,6,5,2,8,8,8,9,4,5,5,12,8,6,11,5,5,3,2,1,1,0,0,0,0,0,0,0,0,0,0,0,0,0,0,0,0,0,0,0,0,0,0,0,0,0,0,0,0,0,0,0,0,0,0,0,0,0,0,0,0,0,0,0,0,0,0,0,0,0,0,0,0,0,0
59.55,0,0,0,0,0,0,0,0,0,0,0,0,0,0,0,0,0,0,0,0,0,0,0,0,0,0,0,0,0,0,0,0,0,0,0,0,0,0,0,0,0,0,0,1,1,1,1,0,1,1,0,1,1,1,1,0,1,2,0,2,0,0,3,3,4,0,2,1,0,1,5,2,0,1,1,1,2,1,3,10,4,5,3,2,6,7,3,6,8,8,5,11,9,12,14,24,18,31,28,34,46,37,47,52,71,78,79,88,107,117,140,132,170,185,240,258,352,414,550,558,698,730,770,809,799,797,743,789,758,691,733,660,704,643,616,571,573,485,520,508,444,438,467,436,405,455,407,401,405,346,387,382,343,329,354,355,504,326,294,305,336,360,334,307,301,320,336,286,294,267,289,275,258,259,219,283,271,306,287,226,225,214,206,222,177,200,284,288,361,148,143,120,115,123,87,77,45,27,15,9,6,5,8,3,4,5,3,5,6,7,12,5,9,9,11,4,5,5,7,6,5,6,4,9,9,6,6,5,2,8,8,8,9,4,5,5,12,8,6,11,5,5,3,2,1,1,0,0,0,0,0,0,0,0,0,0,0,0,0,0,0,0,0,0,0,0,0,0,0,0,0,0,0,0,0,0,0,0,0,0,0,0,0,0,0,0,0,0,0,0,0,0,0,0,0,0,0,0,0,0
59.65,0,0,0,0,0,0,0,0,0,0,0,0,0,0,0,0,0,0,0,0,0,0,0,1,0,0,0,0,0,0,0,0,0,0,0,0,0,0,0,0,1,1,0,0,1,0,1,0,0,0,0,1,0,0,1,0,1,1,2,3,1,1,1,0,1,2,2,1,3,2,5,1,3,3,3,0,2,4,3,4,0,1,6,4,7,2,6,4,11,7,7,10,5,7,15,21,17,32,27,36,47,36,48,50,71,81,78,89,106,117,138,132,168,185,240,260,353,414,550,560,697,730,771,809,798,797,746,785,757,690,733,657,703,642,616,571,570,485,519,508,443,437,467,436,404,453,407,400,404,344,386,383,344,328,353,358,504,325,295,305,337,359,333,307,301,321,336,285,294,267,289,273,256,258,220,282,271,308,287,226,226,214,206,222,176,200,284,288,361,148,143,119,115,123,87,77,45,27,15,9,6,5,8,3,4,5,3,5,6,7,12,5,9,9,11,4,5,5,7,6,5,6,4,9,9,6,6,5,2,8,8,8,9,4,5,5,12,8,6,11,5,5,3,2,1,1,0,0,0,0,0,0,0,0,0,0,0,0,0,0,0,0,0,0,0,0,0,0,0,0,0,0,0,0,0,0,0,0,0,0,0,0,0,0,0,0,0,0,0,0,0,0,0,0,0,0,0,0,0,0
59.75,0,0,0,1,0,0,0,0,0,0,0,0,0,0,0,0,0,0,0,0,0,0,0,0,0,1,0,0,0,2,0,0,0,0,0,0,0,0,0,0,1,0,0,0,1,1,0,0,0,1,0,1,1,1,1,1,0,0,1,1,2,1,0,2,2,2,2,1,2,1,1,2,4,5,3,1,2,5,1,4,5,4,2,1,2,4,4,6,7,4,6,10,9,8,21,21,16,31,26,36,47,36,46,52,73,80,78,91,105,115,139,132,169,185,239,258,354,413,550,560,695,730,771,808,797,797,746,783,758,689,730,658,703,643,617,572,569,483,519,509,442,437,466,436,404,453,407,400,404,344,385,383,345,327,354,358,503,325,295,306,336,359,333,307,301,319,336,285,294,267,289,273,257,259,219,282,271,308,287,226,226,214,206,222,176,200,284,288,361,148,143,119,115,123,87,77,45,27,15,9,6,5,8,3,4,5,3,5,6,7,12,5,9,9,11,4,5,5,7,6,5,6,4,9,9,6,6,5,2,8,8,8,9,4,5,5,12,8,6,11,5,5,3,2,1,1,0,0,0,0,0,0,0,0,0,0,0,0,0,0,0,0,0,0,0,0,0,0,0,0,0,0,0,0,0,0,0,0,0,0,0,0,0,0,0,0,0,0,0,0,0,0,0,0,0,0,0,0,0,0
59.85,0,0,0,0,0,0,0,0,0,0,0,0,0,0,0,0,0,0,0,0,0,1,0,0,0,0,0,0,0,0,0,1,1,0,0,0,0,0,0,0,0,0,1,1,0,0,0,0,1,1,0,0,1,1,1,0,1,1,0,2,0,0,3,1,0,0,0,1,2,1,1,2,1,2,2,2,1,0,1,0,0,4,2,5,3,4,2,7,10,7,7,8,6,12,15,17,19,31,27,36,46,34,47,51,70,78,79,91,106,114,139,131,168,186,240,258,350,413,547,559,696,730,768,807,797,798,745,783,757,690,730,657,702,643,616,572,569,484,519,510,441,438,467,435,404,452,407,400,403,344,385,382,346,329,353,358,503,325,295,305,336,359,333,308,301,319,336,285,294,267,289,274,257,259,219,282,271,308,287,227,226,214,206,222,176,200,284,287,361,148,143,119,115,123,87,77,45,27,15,9,6,5,8,3,4,5,3,5,6,7,12,5,9,9,11,4,5,5,7,6,5,6,4,9,9,6,6,5,2,8,8,7,9,4,5,5,11,8,6,11,5,5,3,2,1,1,0,0,0,0,0,0,0,0,0,0,0,0,0,0,0,0,0,0,0,0,0,0,0,0,0,0,0,0,0,0,0,0,0,0,0,0,0,0,0,0,0,0,0,0,0,0,0,0,0,0,0,0,0,0
59.95,0,0,0,0,0,0,0,0,0,0,0,0,0,0,0,0,0,0,0,0,0,0,0,0,0,0,0,0,1,0,1,0,0,1,0,0,0,0,0,0,0,1,0,1,0,0,1,0,1,1,0,1,0,0,1,1,1,0,2,1,0,1,0,1,1,0,0,0,0,0,1,0,1,0,1,2,0,1,1,1,1,1,2,0,0,2,4,5,9,10,5,9,10,11,18,20,21,29,29,35,49,33,48,52,71,78,80,91,105,114,140,132,167,185,239,258,347,414,546,556,697,728,768,801,798,797,742,783,759,689,730,656,702,643,616,572,569,483,519,510,441,438,466,435,404,452,408,400,403,344,385,381,346,328,353,356,503,324,294,305,336,359,332,307,301,320,335,285,294,267,289,274,256,257,218,282,272,308,287,227,226,214,206,222,176,200,284,287,361,148,143,119,115,123,87,77,45,27,15,9,6,5,8,3,4,5,3,5,6,7,12,5,9,9,11,4,5,5,7,6,5,6,4,9,9,6,6,5,2,8,8,7,9,4,5,5,11,8,6,11,5,5,3,2,1,1,0,0,0,0,0,0,0,0,0,0,0,0,0,0,0,0,0,0,0,0,0,0,0,0,0,0,0,0,0,0,0,0,0,0,0,0,0,0,0,0,0,0,0,0,0,0,0,0,0,0,0,0,0,0
60.05,0,0,0,0,0,0,0,0,0,0,0,0,0,0,0,0,0,0,0,0,0,0,0,0,0,0,0,0,0,0,0,0,0,0,0,0,0,0,0,0,0,0,1,0,0,0,1,2,0,1,0,0,0,1,0,1,1,0,0,1,1,1,1,0,0,0,1,0,0,2,1,0,0,1,0,0,1,0,0,1,2,1,3,1,2,5,3,8,7,4,8,8,11,14,16,23,19,35,28,30,52,38,50,48,70,83,78,88,108,114,134,135,171,180,238,260,346,413,545,555,696,730,772,795,797,793,745,783,758,686,731,655,702,644,617,572,565,484,517,513,440,438,466,433,405,451,409,401,401,344,385,381,347,328,353,357,504,323,294,305,336,359,332,307,301,319,336,284,294,267,289,276,256,256,218,283,271,308,287,229,225,214,205,222,176,200,285,287,360,147,143,119,116,122,87,77,45,27,15,9,6,5,8,3,4,5,3,5,6,7,12,5,9,9,11,4,5,5,7,6,5,6,4,9,9,6,6,5,2,8,8,7,9,4,5,5,11,8,6,11,5,5,3,2,1,1,0,0,0,0,0,0,0,0,0,0,0,0,0,0,0,0,0,0,0,0,0,0,0,0,0,0,0,0,0,0,0,0,0,0,0,0,0,0,0,0,0,0,0,0,0,0,0,0,0,0,0,0,0,0
60.15,0,0,0,0,0,0,0,0,0,0,0,0,0,0,0,0,0,0,0,0,0,0,0,0,0,0,0,0,0,1,0,0,0,0,0,0,0,0,1,0,0,0,0,0,1,0,0,0,1,0,0,0,1,2,1,1,0,2,0,2,0,0,2,2,2,0,3,0,0,0,2,2,1,2,1,1,4,3,2,5,2,2,3,3,4,6,3,7,6,3,7,7,9,13,14,23,19,32,30,34,47,37,48,49,69,79,76,91,104,111,139,132,169,180,240,260,344,413,544,559,695,727,771,797,794,793,746,783,759,684,732,654,702,645,616,567,565,487,515,510,442,438,468,432,403,453,410,399,400,343,385,383,346,329,355,356,501,324,293,306,334,359,332,307,302,319,336,283,294,267,290,276,255,258,218,282,273,309,286,227,224,214,206,221,176,200,284,287,360,147,144,119,115,122,87,77,45,27,15,9,6,5,8,3,4,5,3,5,6,7,12,5,9,9,11,4,5,5,7,6,5,6,4,9,9,6,6,5,2,8,8,7,9,4,5,5,11,8,6,11,5,5,3,2,1,1,0,0,0,0,0,0,0,0,0,0,0,0,0,0,0,0,0,0,0,0,0,0,0,0,0,0,0,0,0,0,0,0,0,0,0,0,0,0,0,0,0,0,0,0,0,0,0,0,0,0,0,0,0,0
60.25,0,0,0,0,0,0,0,0,0,0,0,0,0,0,1,0,0,0,1,0,1,0,0,0,1,0,0,0,0,0,0,0,0,0,1,1,0,1,1,0,0,0,0,0,0,1,2,0,0,0,0,1,1,0,1,0,1,0,1,0,0,0,0,0,1,0,3,2,5,2,1,3,2,2,5,4,1,2,3,1,2,3,6,1,5,6,2,5,4,4,4,6,9,10,15,21,19,33,29,36,44,37,47,46,70,78,75,95,103,110,136,133,167,182,236,259,346,411,543,555,696,726,770,798,796,793,744,783,756,684,733,654,700,647,613,566,567,485,516,510,441,439,466,431,402,451,412,398,401,344,386,383,346,331,352,356,502,325,292,306,334,359,333,307,302,320,335,284,294,267,290,275,255,259,219,282,274,307,286,227,225,215,204,221,176,200,284,288,361,147,143,119,115,122,87,77,45,27,15,9,6,5,8,3,4,5,3,5,6,7,12,5,9,9,11,4,5,5,7,6,5,6,4,9,9,6,6,5,2,8,8,7,9,4,5,5,11,8,6,11,5,5,3,2,1,1,0,0,0,0,0,0,0,0,0,0,0,0,0,0,0,0,0,0,0,0,0,0,0,0,0,0,0,0,0,0,0,0,0,0,0,0,0,0,0,0,0,0,0,0,0,0,0,0,0,0,0,0,0,0
60.35,0,0,0,0,0,0,0,0,0,0,0,0,0,0,0,1,0,0,0,0,0,0,0,0,0,0,0,0,1,0,0,0,0,0,0,0,0,0,2,0,1,0,0,1,0,0,0,0,0,1,0,0,1,0,0,0,1,1,1,1,0,0,0,0,1,4,4,1,3,3,0,1,2,2,2,2,5,4,1,6,3,1,1,6,0,6,4,3,5,2,10,6,11,12,16,18,16,29,27,34,45,36,48,49,70,80,76,89,105,111,139,131,165,182,237,257,343,411,543,556,694,728,767,796,793,792,745,783,755,685,730,653,704,643,613,566,567,484,515,511,439,440,465,432,402,453,410,397,402,344,386,384,345,329,352,356,503,325,292,306,335,359,333,306,301,321,337,284,293,269,290,275,255,258,218,282,272,307,287,228,224,216,204,221,176,201,284,288,360,148,143,119,115,122,87,77,45,27,16,9,6,5,8,3,4,5,3,5,6,8,12,5,9,9,11,4,5,5,7,6,5,6,4,9,9,6,6,5,2,8,8,7,9,4,5,5,11,8,6,11,5,5,3,2,1,1,0,0,0,0,0,0,0,0,0,0,0,0,0,0,0,0,0,0,0,0,0,0,0,0,0,0,0,0,0,0,0,0,0,0,0,0,0,0,0,0,0,0,0,0,0,0,0,0,0,0,0,0,0,0
60.45,0,0,0,0,0,0,0,0,0,0,0,0,0,0,0,0,0,1,0,0,0,0,0,0,1,0,0,0,0,0,0,0,0,0,0,0,0,0,0,0,0,0,0,0,0,0,0,1,1,0,0,1,0,0,0,2,2,1,0,0,0,0,0,0,1,2,2,0,4,0,0,1,4,5,3,3,5,4,3,2,1,3,5,7,6,6,4,9,4,3,4,5,11,9,15,20,16,29,30,34,49,38,46,51,67,78,76,92,104,111,134,131,167,178,237,257,342,411,542,556,692,730,763,795,793,792,746,782,754,686,730,653,703,643,612,567,566,483,516,510,439,440,465,431,404,453,408,398,403,344,385,383,346,329,352,356,504,327,291,306,334,359,333,307,302,321,335,285,294,267,288,275,255,258,219,280,272,306,287,227,224,217,204,221,176,201,284,289,360,148,143,119,115,122,87,77,45,27,16,9,6,5,8,3,4,5,3,5,6,8,12,5,9,9,11,4,5,5,7,6,5,6,4,9,9,6,6,5,2,8,8,7,9,4,5,5,11,8,6,11,5,5,3,2,1,1,0,0,0,0,0,0,0,0,0,0,0,0,0,0,0,0,0,0,0,0,0,0,0,0,0,0,0,0,0,0,0,0,0,0,0,0,0,0,0,0,0,0,0,0,0,0,0,0,0,0,0,0,0,0
60.55,0,0,0,0,0,0,0,0,0,0,0,0,0,0,0,0,0,0,0,0,0,0,0,1,0,1,0,0,0,0,0,0,0,1,0,0,0,1,2,0,0,0,0,0,0,1,1,1,0,0,1,1,0,1,0,0,1,1,1,0,1,0,1,2,0,1,0,2,1,2,1,0,4,0,2,1,4,4,3,3,2,4,4,2,4,0,7,8,4,6,7,4,10,10,16,19,18,31,30,33,44,39,48,49,69,79,77,90,103,111,132,134,166,175,236,258,341,412,542,556,690,727,763,795,792,792,747,780,752,686,730,650,702,643,611,567,567,483,516,509,441,438,465,431,404,454,407,400,402,343,385,385,346,329,353,356,503,326,291,307,334,359,334,306,301,322,335,284,294,267,288,275,255,259,218,282,272,305,287,227,224,216,204,221,176,201,284,289,360,148,143,119,115,122,87,77,45,26,16,9,6,5,8,3,4,5,3,5,6,8,12,5,9,9,11,4,5,5,7,6,5,6,4,9,9,6,6,5,2,8,8,7,9,4,5,5,11,8,6,11,5,5,3,2,1,1,0,0,0,0,0,0,0,0,0,0,0,0,0,0,0,0,0,0,0,0,0,0,0,0,0,0,0,0,0,0,0,0,0,0,0,0,0,0,0,0,0,0,0,0,0,0,0,0,0,0,0,0,0,0
60.65,0,0,0,0,0,0,0,0,0,0,0,1,0,0,0,0,0,0,0,0,0,0,0,0,0,0,0,0,0,0,0,0,1,0,0,0,0,0,0,0,1,2,0,2,0,0,1,0,1,0,0,2,0,0,1,0,1,1,0,1,0,1,1,2,2,3,0,4,2,2,0,2,3,1,5,1,2,3,1,4,4,2,3,2,6,3,5,4,4,8,6,8,12,10,18,19,15,25,27,35,46,38,47,49,68,81,78,89,103,112,132,131,165,175,237,258,340,412,542,553,688,727,761,793,792,792,747,780,753,686,729,650,701,643,611,567,568,482,516,512,438,439,465,429,405,451,407,400,400,343,386,384,345,329,352,356,505,324,291,307,334,360,333,306,302,321,335,285,293,267,288,275,257,259,218,280,272,305,287,227,224,216,204,221,176,201,284,289,360,148,143,119,115,122,87,77,45,26,16,9,6,5,8,3,4,5,3,5,6,8,12,5,9,9,11,4,5,5,7,6,5,6,4,9,9,6,6,5,2,8,8,7,9,4,5,5,11,8,6,11,5,5,3,2,1,1,0,0,0,0,0,0,0,0,0,0,0,0,0,0,0,0,0,0,0,0,0,0,0,0,0,0,0,0,0,0,0,0,0,0,0,0,0,0,0,0,0,0,0,0,0,0,0,0,0,0,0,0,0,0
60.75,0,0,0,0,0,0,0,0,0,0,1,0,0,0,0,0,0,0,0,0,0,0,1,0,0,0,0,0,0,0,0,0,1,0,0,0,0,2,0,0,0,0,1,0,0,0,0,0,1,0,1,3,0,1,0,0,2,1,2,1,0,1,2,1,1,1,2,1,2,1,2,1,5,4,4,2,0,1,6,3,6,1,5,0,4,2,2,5,8,5,2,10,12,12,15,19,15,27,31,35,41,37,49,48,67,78,78,88,102,112,130,132,165,175,237,257,339,413,542,553,688,727,760,793,792,792,747,782,752,686,729,650,701,643,611,567,569,481,517,511,438,438,465,428,404,450,408,399,400,343,385,384,345,330,353,356,507,324,291,306,334,359,333,305,302,321,335,283,293,267,289,276,255,258,218,279,271,305,287,227,224,216,204,221,177,201,284,289,360,148,143,119,116,122,87,77,45,26,16,9,6,5,8,3,4,5,3,5,6,8,12,5,9,9,11,4,5,5,7,6,5,6,4,9,9,6,6,5,2,8,8,7,9,4,5,5,11,8,6,11,5,5,3,2,1,1,0,0,0,0,0,0,0,0,0,0,0,0,0,0,0,0,0,0,0,0,0,0,0,0,0,0,0,0,0,0,0,0,0,0,0,0,0,0,0,0,0,0,0,0,0,0,0,0,0,0,0,0,0,0
60.85,0,0,0,0,0,0,0,0,0,0,0,0,0,1,0,0,0,0,0,0,0,0,0,0,0,0,0,0,0,0,0,0,0,1,0,1,0,0,0,0,0,0,0,1,1,0,0,0,0,0,0,0,0,0,2,2,0,0,0,1,0,3,0,0,1,1,1,2,0,3,1,1,0,2,1,2,1,3,3,1,3,0,3,2,5,2,4,6,5,6,6,7,11,10,22,20,17,25,28,35,38,36,46,48,71,77,77,88,102,112,130,134,163,175,237,257,339,412,542,554,688,725,760,793,792,794,745,781,752,686,730,650,702,642,611,568,568,481,516,510,438,438,464,429,403,450,408,399,400,342,384,384,345,329,353,356,504,324,291,306,333,359,332,305,303,321,335,283,293,267,289,276,255,258,218,279,271,305,287,227,225,216,204,221,177,201,284,288,360,148,143,119,116,122,87,77,45,26,16,9,6,5,8,3,4,5,3,5,6,8,12,5,9,9,11,4,5,5,7,6,5,6,4,9,9,6,6,5,2,8,8,7,9,4,5,5,11,8,6,11,5,5,3,2,1,1,0,0,0,0,0,0,0,0,0,0,0,0,0,0,0,0,0,0,0,0,0,0,0,0,0,0,0,0,0,0,0,0,0,0,0,0,0,0,0,0,0,0,0,0,0,0,0,0,0,0,0,0,0,0
60.95,0,0,0,0,0,0,0,0,0,0,0,0,0,0,0,0,0,0,0,0,0,0,0,0,0,0,0,0,0,0,0,0,0,0,0,0,0,0,0,1,1,1,0,0,0,1,0,0,0,0,2,0,0,0,0,0,0,0,0,0,0,0,0,0,0,0,0,1,0,1,0,2,1,0,2,0,1,1,1,1,2,1,1,0,2,1,6,7,3,8,7,6,13,11,18,19,19,27,33,36,38,37,48,49,69,78,79,86,100,112,131,133,164,176,237,256,338,413,541,553,688,726,760,794,792,796,745,782,752,686,731,651,701,642,611,566,568,481,514,510,438,438,465,427,404,450,408,399,401,342,384,384,345,328,353,355,503,324,291,306,333,358,332,305,302,322,335,283,293,267,289,276,255,258,218,279,271,305,287,228,225,216,204,221,177,201,284,288,360,148,143,119,116,122,87,77,45,26,16,9,6,5,8,3,4,5,3,5,6,8,12,5,9,9,11,4,5,5,7,6,5,6,4,9,9,6,6,5,2,8,8,7,9,4,5,5,11,8,6,11,5,5,3,2,1,1,0,0,0,0,0,0,0,0,0,0,0,0,0,0,0,0,0,0,0,0,0,0,0,0,0,0,0,0,0,0,0,0,0,0,0,0,0,0,0,0,0,0,0,0,0,0,0,0,0,0,0,0,0,0
61.05,1,0,0,0,0,0,0,0,0,0,0,0,0,0,0,0,0,0,0,0,0,0,0,0,0,0,0,0,0,0,0,0,0,0,0,0,0,0,0,0,1,2,0,0,1,1,0,0,0,0,0,1,0,0,1,1,0,1,0,1,0,0,0,0,0,0,1,0,1,0,0,1,1,1,0,1,1,0,1,2,3,1,1,3,2,0,3,8,4,6,5,7,11,14,19,20,17,23,32,35,39,37,55,49,72,72,85,86,99,108,132,132,171,172,237,255,336,409,540,552,688,723,763,796,786,796,745,782,752,688,730,651,701,643,610,564,569,479,514,511,437,438,462,427,403,451,408,397,402,341,384,384,346,326,354,354,504,323,291,306,333,358,332,306,301,321,338,283,294,267,290,274,255,258,218,279,271,306,288,229,225,213,204,221,177,202,284,288,359,148,143,119,116,122,87,77,44,26,16,9,6,5,8,3,4,5,3,5,6,8,12,5,9,9,11,4,5,5,7,6,5,6,4,9,9,6,6,5,3,8,7,7,9,4,5,5,11,8,6,11,5,5,3,2,1,1,0,0,0,0,0,0,0,0,0,0,0,0,0,0,0,0,0,0,0,0,0,0,0,0,0,0,0,0,0,0,0,0,0,0,0,0,0,0,0,0,0,0,0,0,0,0,0,0,0,0,0,0,0,0
61.15,0,0,0,0,0,0,0,0,0,0,0,0,0,0,0,0,0,0,0,0,0,0,0,1,0,0,0,0,0,0,0,0,0,0,0,0,0,0,0,0,0,0,0,0,1,0,1,1,1,2,0,0,2,3,1,0,1,0,1,0,1,0,0,1,3,1,1,0,0,0,1,0,0,1,2,4,2,2,1,1,0,3,3,2,2,1,4,4,4,7,6,9,10,16,15,19,18,25,34,35,40,34,57,51,68,72,80,83,100,110,132,133,167,173,235,254,334,409,536,552,689,720,762,796,785,794,743,785,751,687,732,649,702,643,610,569,566,479,515,508,437,438,462,427,404,451,407,398,401,341,385,385,347,325,354,355,503,323,291,307,331,360,331,306,302,322,340,282,292,267,289,272,255,258,218,279,271,307,288,229,224,213,203,221,178,201,284,288,360,148,142,119,116,122,87,77,44,26,16,9,6,5,8,3,4,5,3,5,6,8,12,5,9,9,11,4,5,5,7,6,5,6,4,9,10,6,6,5,2,8,7,7,9,4,5,5,11,8,6,11,5,5,3,2,1,1,0,0,0,0,0,0,0,0,0,0,0,0,0,0,0,0,0,0,0,0,0,0,0,0,0,0,0,0,0,0,0,0,0,0,0,0,0,0,0,0,0,0,0,0,0,0,0,0,0,0,0,0,0,0
61.25,0,0,0,0,0,0,0,0,0,0,0,0,0,0,0,0,0,0,0,0,0,0,0,0,0,0,1,0,0,0,1,0,0,0,0,1,1,0,0,0,0,0,0,1,1,0,0,0,0,1,1,1,2,0,0,0,1,0,0,2,0,1,2,1,1,0,1,2,1,2,2,0,4,7,4,0,1,2,1,2,1,2,3,3,3,0,4,5,4,9,5,7,8,13,17,16,20,26,29,36,41,37,54,50,67,71,81,83,100,108,128,133,164,172,236,253,334,411,536,552,687,722,757,798,784,794,745,786,750,686,731,650,701,642,611,568,566,480,513,508,436,438,463,428,404,450,408,397,402,341,384,386,346,325,354,357,502,322,291,307,330,360,331,308,302,322,338,281,292,267,288,272,255,258,218,279,272,307,287,228,224,213,203,221,178,201,284,290,359,148,142,119,116,122,87,77,44,26,16,9,6,5,8,3,4,5,3,5,6,8,12,5,9,9,11,4,5,6,7,6,5,6,4,9,9,6,6,5,2,8,7,7,9,4,5,5,11,8,6,11,5,5,3,2,1,1,0,0,0,0,0,0,0,0,0,0,0,0,0,0,0,0,0,0,0,0,0,0,0,0,0,0,0,0,0,0,0,0,0,0,0,0,0,0,0,0,0,0,0,0,0,0,0,0,0,0,0,0,0,0
61.35,0,0,0,0,0,0,0,0,0,0,0,0,0,0,0,0,0,0,0,0,0,0,0,0,0,0,0,0,0,0,0,0,0,1,0,0,0,1,0,0,0,0,0,0,0,0,2,0,2,0,1,0,2,1,1,2,1,1,0,1,1,1,2,2,0,1,1,1,1,3,4,0,2,5,2,2,3,3,5,3,6,2,3,2,0,2,2,6,3,5,6,8,8,13,16,17,18,28,31,37,39,35,56,47,69,70,80,81,98,108,127,132,164,173,236,254,335,411,534,553,687,722,759,793,784,794,747,785,751,686,731,650,702,640,611,568,566,479,513,508,436,439,462,429,403,451,407,397,400,341,385,385,346,325,357,355,503,321,293,306,331,359,331,309,302,320,339,282,292,266,288,273,254,259,218,279,272,306,287,228,224,213,203,221,178,201,286,289,359,148,142,119,116,122,87,77,44,26,16,9,6,5,8,3,5,5,3,5,6,8,12,5,9,9,11,4,5,5,7,6,5,6,4,9,9,6,6,5,2,8,7,7,9,4,5,5,11,8,6,11,5,5,3,2,1,1,0,0,0,0,0,0,0,0,0,0,0,0,0,0,0,0,0,0,0,0,0,0,0,0,0,0,0,0,0,0,0,0,0,0,0,0,0,0,0,0,0,0,0,0,0,0,0,0,0,0,0,0,0,0
61.45,0,0,0,0,0,0,0,0,0,0,0,0,0,0,0,0,0,0,0,0,0,0,0,0,0,0,0,0,0,0,0,0,0,0,0,0,0,0,0,0,0,0,0,0,1,0,3,1,0,1,2,0,0,1,0,0,0,2,0,0,0,0,4,4,1,1,2,1,1,4,0,2,2,4,1,1,1,0,3,1,4,3,5,1,7,3,3,5,2,3,4,12,9,17,16,15,20,26,29,36,37,36,55,46,68,68,78,81,98,108,125,132,165,173,236,252,332,411,535,550,687,722,759,793,785,793,746,785,749,687,730,648,703,640,611,567,566,478,513,509,433,438,463,428,403,451,407,397,400,342,382,385,346,326,354,356,503,320,295,306,330,360,332,307,302,321,339,281,292,266,288,274,254,258,219,279,272,306,287,228,224,213,203,221,178,202,284,289,359,148,142,119,116,122,87,77,44,26,16,9,6,5,8,3,4,5,3,5,6,8,12,5,9,9,11,4,5,5,7,6,5,6,4,9,9,6,6,5,2,8,7,7,9,4,5,5,11,8,6,11,5,5,3,2,1,1,0,0,0,0,0,0,0,0,0,0,0,0,0,0,0,0,0,0,0,0,0,0,0,0,0,0,0,0,0,0,0,0,0,0,0,0,0,0,0,0,0,0,0,0,0,0,0,0,0,0,0,0,0,0
61.55,0,0,0,0,0,0,0,0,0,0,0,0,0,0,0,0,0,0,0,0,0,0,0,0,0,0,0,0,0,0,0,0,0,0,0,0,0,1,0,0,1,0,0,0,0,0,0,0,2,0,0,0,0,0,0,0,0,1,1,1,0,1,0,3,1,1,3,2,3,0,1,3,0,1,2,8,3,4,3,0,5,4,4,2,3,4,3,7,9,4,7,8,8,15,15,18,19,26,27,36,38,35,55,46,67,68,78,83,98,109,125,133,166,174,234,253,331,409,534,548,687,723,756,792,784,795,745,785,747,687,730,650,701,640,611,566,566,478,513,508,432,439,462,428,403,451,407,397,401,342,382,385,347,325,354,358,502,321,293,308,330,359,331,308,303,321,337,281,293,266,288,273,255,258,218,280,271,307,287,228,224,213,203,222,178,201,284,289,359,148,142,119,116,122,87,77,44,26,16,9,6,5,8,3,4,5,3,5,6,8,12,5,9,9,11,4,5,5,7,6,5,6,4,9,9,6,6,5,2,8,7,7,9,4,5,5,11,8,6,11,5,5,3,2,1,1,0,0,0,0,0,0,0,0,0,0,0,0,0,0,0,0,0,0,0,0,0,0,0,0,0,0,0,0,0,0,0,0,0,0,0,0,0,0,0,0,0,0,0,0,0,0,0,0,0,0,0,0,0,0
61.65,0,0,0,0,0,0,0,0,0,0,0,0,0,0,0,1,0,0,0,0,0,1,0,0,0,0,0,0,0,0,0,0,1,1,0,0,0,0,0,1,0,0,0,0,1,0,1,0,0,1,1,0,1,0,1,1,1,0,1,2,3,1,3,0,2,0,2,0,1,2,2,1,3,2,0,0,1,5,2,5,3,7,3,5,1,3,3,3,7,4,8,12,6,14,19,14,21,27,27,37,36,36,56,48,67,68,79,83,99,110,126,132,167,172,235,253,331,410,529,548,687,719,754,792,784,793,745,785,747,686,730,648,701,642,610,568,565,478,513,509,432,438,462,428,403,451,407,397,401,342,382,387,346,325,354,357,504,320,294,307,330,359,331,308,303,321,337,281,292,266,289,273,254,258,218,280,271,307,287,228,224,213,204,221,178,201,284,289,359,148,142,119,116,122,87,77,44,26,16,9,6,5,8,3,4,5,3,5,6,8,12,5,9,9,11,4,5,5,7,6,5,6,4,9,9,6,6,5,2,8,7,7,9,4,5,5,11,8,6,11,5,5,3,2,1,1,0,0,0,0,0,0,0,0,0,0,0,0,0,0,0,0,0,0,0,0,0,0,0,0,0,0,0,0,0,0,0,0,0,0,0,0,0,0,0,0,0,0,0,0,0,0,0,0,0,0,0,0,0,0
61.75,0,0,0,0,0,0,0,0,0,0,0,0,0,0,0,0,0,0,0,0,0,0,0,0,0,0,0,0,0,0,0,0,0,0,0,0,0,0,0,0,0,1,0,0,0,0,0,0,0,0,0,0,0,3,0,1,1,1,1,1,1,0,1,1,1,0,0,1,4,0,2,1,1,2,5,2,1,3,2,2,4,2,7,5,4,5,3,3,3,7,11,8,6,14,20,18,18,27,26,37,37,37,55,48,67,68,79,83,100,109,125,132,168,171,235,253,331,409,528,548,687,720,755,789,784,792,746,784,747,686,731,648,700,640,610,568,565,478,514,508,432,438,461,428,403,451,408,397,401,343,382,385,347,325,355,356,502,320,295,306,329,360,331,307,302,321,337,281,292,266,291,272,254,258,218,280,271,307,287,228,225,213,203,221,178,201,284,289,359,148,142,119,116,122,87,77,44,26,16,9,6,5,8,3,4,5,3,5,6,8,12,5,9,9,11,4,5,5,7,6,5,6,4,9,9,6,6,5,2,8,7,7,9,4,5,5,11,8,6,11,5,5,3,2,1,1,0,0,0,0,0,0,0,0,0,0,0,0,0,0,0,0,0,0,0,0,0,0,0,0,0,0,0,0,0,0,0,0,0,0,0,0,0,0,0,0,0,0,0,0,0,0,0,0,0,0,0,0,0,0
61.85,0,0,0,0,0,0,0,0,0,0,0,0,0,0,0,0,0,0,0,0,0,0,0,0,0,0,0,1,0,0,0,0,0,0,1,0,0,0,0,0,0,0,0,0,0,0,1,0,0,0,0,0,0,1,3,1,0,0,2,1,2,2,2,1,0,1,1,1,1,2,3,0,0,0,2,1,3,2,0,2,5,2,2,2,3,4,6,7,3,5,6,7,9,15,21,19,20,28,23,39,38,35,56,48,67,68,79,83,100,109,122,132,167,171,236,253,331,408,528,547,685,718,755,790,783,792,744,784,747,686,731,648,699,640,610,568,563,479,514,508,432,438,460,428,403,450,407,397,400,342,381,385,346,325,356,356,501,320,292,307,329,359,331,307,302,321,337,281,292,266,291,272,254,258,218,280,271,307,289,227,224,213,204,221,178,201,284,289,358,148,142,119,116,122,87,77,44,26,16,9,6,5,8,3,4,5,3,5,6,8,12,5,9,9,11,4,5,5,7,6,5,6,4,9,9,6,6,5,2,8,7,7,9,4,5,5,11,8,6,11,5,5,3,2,1,1,0,0,0,0,0,0,0,0,0,0,0,0,0,0,0,0,0,0,0,0,0,0,0,0,0,0,0,0,0,0,0,0,0,0,0,0,0,0,0,0,0,0,0,0,0,0,0,0,0,0,0,0,0,0
61.95,0,0,0,0,0,0,0,0,0,0,0,0,0,0,0,0,0,0,0,0,0,0,0,0,0,0,0,0,0,0,0,0,0,0,0,0,0,0,0,0,0,0,1,0,0,1,0,0,0,0,0,0,0,1,0,0,0,2,0,0,1,0,0,0,1,0,0,0,1,0,1,0,2,1,0,4,2,2,0,2,2,1,1,2,5,3,5,3,3,5,7,8,8,16,23,19,20,31,27,41,37,36,55,50,69,68,80,83,100,109,121,132,167,172,236,253,331,407,529,546,687,718,755,790,783,792,742,785,747,686,731,647,699,640,610,568,563,479,514,508,432,438,460,428,403,449,408,397,400,342,380,385,346,323,355,356,500,320,292,306,329,360,332,307,302,321,337,282,291,266,291,272,254,258,218,280,271,307,289,227,225,213,204,221,178,201,284,289,358,148,142,119,116,122,87,77,44,26,16,9,6,5,8,3,4,5,3,5,7,8,12,5,9,9,11,4,5,5,7,6,5,6,4,9,9,6,6,5,2,8,7,7,9,4,5,5,11,8,6,11,5,5,3,2,1,1,0,0,0,0,0,0,0,0,0,0,0,0,0,0,0,0,0,0,0,0,0,0,0,0,0,0,0,0,0,0,0,0,0,0,0,0,0,0,0,0,0,0,0,0,0,0,0,0,0,0,0,0,0,0
62.05,0,0,0,0,0,0,0,0,0,0,0,0,0,0,0,0,0,0,0,0,0,0,0,0,0,0,0,0,0,0,0,0,0,1,0,0,0,0,0,0,0,1,0,1,1,0,0,0,1,0,1,0,0,0,0,0,0,0,1,0,1,0,0,0,1,0,0,0,2,2,0,0,0,1,0,0,2,2,1,1,0,2,2,1,4,1,3,4,4,2,8,10,12,9,22,21,20,32,24,41,42,37,59,48,64,69,77,87,97,109,123,132,165,174,234,253,328,408,529,546,687,717,755,789,781,792,743,785,749,684,731,646,700,640,609,568,563,479,514,509,432,438,460,427,403,449,409,397,400,343,379,387,345,322,354,357,500,320,291,306,330,360,332,306,302,321,337,281,291,266,291,273,254,258,217,280,271,308,289,226,225,213,204,221,178,201,284,289,359,149,140,119,116,122,87,77,44,26,16,9,6,5,8,3,4,5,3,5,7,8,12,5,9,9,11,4,5,5,7,6,5,6,4,9,9,6,6,5,2,8,7,7,9,4,5,5,11,8,6,11,5,5,3,2,1,1,0,0,0,0,0,0,0,0,0,0,0,0,0,0,0,0,0,0,0,0,0,0,0,0,0,0,0,0,0,0,0,0,0,0,0,0,0,0,0,0,0,0,0,0,0,0,0,0,0,0,0,0,0,0
62.15,0,0,0,0,0,0,0,0,0,0,0,0,0,0,0,0,0,0,0,0,0,0,0,0,0,0,0,0,0,0,0,0,0,0,0,0,0,0,0,0,0,1,0,0,0,0,1,0,1,0,1,1,0,0,0,1,0,0,1,0,0,1,2,1,0,0,0,0,0,1,1,1,1,0,0,0,3,1,1,2,3,4,1,1,1,1,4,3,5,0,12,7,10,12,26,21,21,30,24,41,39,39,55,48,65,69,76,86,96,109,121,129,165,173,233,254,327,408,530,545,687,718,753,787,782,792,742,786,746,686,728,647,701,639,610,568,563,479,512,507,434,437,458,427,403,450,408,396,401,343,381,386,344,322,353,357,500,321,291,306,329,360,332,307,301,321,336,281,293,266,291,272,253,258,217,281,271,307,289,226,225,213,204,221,179,201,285,289,358,148,140,119,116,122,87,77,44,26,16,9,6,5,8,3,4,5,3,5,7,8,12,5,9,9,11,4,5,5,7,6,5,6,4,9,9,6,6,5,2,8,7,7,9,4,5,5,11,8,6,11,5,5,3,2,1,1,0,0,0,0,0,0,0,0,0,0,0,0,0,0,0,0,0,0,0,0,0,0,0,0,0,0,0,0,0,0,0,0,0,0,0,0,0,0,0,0,0,0,0,0,0,0,0,0,0,0,0,0,0,0
62.25,0,0,0,0,0,0,0,0,0,0,0,0,0,1,0,0,1,0,0,0,0,0,0,0,0,0,0,0,0,0,1,0,0,0,1,0,0,2,0,0,0,0,1,0,0,0,1,0,0,1,0,0,0,1,1,0,0,0,0,0,1,0,1,1,0,0,1,1,1,0,2,3,3,0,1,1,1,2,0,0,2,2,5,2,4,0,3,4,2,1,13,10,9,13,26,20,20,29,23,40,39,39,54,48,64,67,75,87,96,108,119,130,165,174,232,256,326,407,527,545,686,717,753,787,783,791,742,788,742,686,727,648,701,639,608,568,564,479,512,508,433,436,458,427,405,448,409,396,403,342,380,385,344,321,354,357,499,321,291,306,329,359,334,306,301,321,336,282,292,268,290,272,254,258,217,280,271,307,289,226,225,214,204,222,178,201,284,289,358,148,141,119,116,122,87,77,44,26,16,9,6,5,8,3,4,5,3,5,7,8,12,5,9,9,11,4,5,5,7,6,5,6,4,9,9,6,6,5,2,8,7,7,9,4,5,5,11,8,6,11,5,5,3,2,1,1,0,0,0,0,0,0,0,0,0,0,0,0,0,0,0,0,0,0,0,0,0,0,0,0,0,0,0,0,0,0,0,0,0,0,0,0,0,0,0,0,0,0,0,0,0,0,0,0,0,0,0,0,0,0
62.35,1,0,0,0,0,0,0,0,0,0,0,0,0,0,0,1,0,0,0,0,1,1,0,0,0,0,1,0,0,0,0,0,1,0,0,0,0,0,0,1,0,1,0,0,1,0,0,1,1,1,0,0,1,1,4,0,1,2,2,1,2,2,0,1,0,0,1,2,3,0,1,3,2,2,1,0,1,3,1,1,1,3,2,4,3,6,5,2,4,3,8,5,8,10,24,20,22,29,24,39,38,38,53,48,65,66,78,84,95,107,119,128,166,174,232,254,327,407,526,545,684,717,754,786,783,791,741,788,741,685,729,647,701,638,609,567,568,477,512,507,433,436,458,428,405,448,408,398,403,342,380,386,342,322,353,357,499,321,291,306,329,362,332,305,301,321,336,283,293,266,290,272,253,258,217,280,270,306,290,227,225,214,204,221,178,201,283,289,358,148,140,119,116,122,87,77,44,26,16,9,6,5,8,3,4,5,3,5,7,8,12,5,9,9,11,4,5,5,7,6,5,6,4,9,9,6,6,5,2,8,7,7,9,4,5,5,11,8,6,11,5,5,3,2,1,1,0,0,0,0,0,0,0,0,0,0,0,0,0,0,0,0,0,0,0,0,0,0,0,0,0,0,0,0,0,0,0,0,0,0,0,0,0,0,0,0,0,0,0,0,0,0,0,0,0,0,0,0,0,0
62.45,0,0,0,0,0,0,0,0,0,0,0,0,0,0,0,0,0,1,0,0,0,0,0,0,0,0,0,2,0,0,0,0,0,0,0,1,0,0,0,0,0,0,2,0,0,0,0,0,0,0,0,0,2,1,1,1,3,1,1,0,0,2,0,3,1,0,2,2,4,3,0,1,2,2,0,1,3,3,3,1,3,5,3,3,3,4,3,2,3,0,7,6,9,11,23,20,20,28,24,39,38,39,55,46,63,65,77,83,97,105,119,129,165,174,231,252,326,407,526,545,685,714,754,786,782,791,744,786,741,685,729,646,700,640,608,567,566,477,513,508,432,437,459,428,403,448,409,398,403,342,380,386,342,322,353,357,499,322,291,308,329,360,332,305,300,321,337,282,292,266,290,272,253,259,217,280,270,307,290,226,223,214,204,221,178,201,283,289,358,148,140,119,116,123,87,77,44,26,16,9,6,5,8,3,4,5,3,5,7,8,12,5,9,9,11,4,5,5,7,6,5,6,4,9,9,6,6,5,2,8,7,7,9,4,5,5,11,8,6,11,5,5,3,2,1,1,0,0,0,0,0,0,0,0,0,0,0,0,0,0,0,0,0,0,0,0,0,0,0,0,0,0,0,0,0,0,0,0,0,0,0,0,0,0,0,0,0,0,0,0,0,0,0,0,0,0,0,0,0,0
62.55,0,0,0,0,0,0,0,0,0,0,0,0,0,1,0,0,0,0,0,0,1,0,0,1,0,0,0,1,1,0,0,0,0,0,0,0,0,0,0,0,0,0,0,0,0,0,0,0,0,1,1,0,0,1,0,1,0,0,2,1,0,3,0,0,1,2,0,2,0,0,4,1,3,5,3,2,3,4,3,4,2,4,3,2,4,4,1,2,5,2,5,6,11,12,24,18,22,27,23,38,38,38,52,45,64,64,78,83,97,106,121,129,166,175,232,251,326,407,526,543,686,713,755,786,784,791,744,785,740,686,727,646,701,638,609,568,562,478,512,507,432,434,458,428,403,449,408,398,404,341,380,386,343,320,354,356,500,322,292,306,330,359,332,306,301,321,336,282,292,266,289,272,253,258,217,280,270,307,290,226,223,214,204,221,178,201,283,289,358,148,140,119,116,123,87,77,44,26,16,9,6,5,8,3,4,5,3,5,7,8,12,5,9,9,11,4,5,5,7,6,5,6,4,9,9,6,6,5,2,8,7,7,9,4,5,5,11,8,6,11,5,5,3,2,1,1,0,0,0,0,0,0,0,0,0,0,0,0,0,0,0,0,0,0,0,0,0,0,0,0,0,0,0,0,0,0,0,0,0,0,0,0,0,0,0,0,0,0,0,0,0,0,0,0,0,0,0,0,0,0
62.65,0,0,0,0,0,0,0,0,0,0,0,0,0,0,1,0,0,0,0,0,0,1,0,0,1,0,0,0,0,0,0,0,0,0,1,0,0,0,1,0,2,0,1,0,0,0,0,1,0,0,0,0,0,0,3,0,1,0,1,1,0,2,1,3,1,1,1,0,1,2,0,1,2,2,0,2,2,3,0,2,5,2,4,0,6,5,6,5,4,2,6,5,8,13,22,19,19,27,23,37,37,38,51,45,64,64,79,84,97,107,122,128,165,175,232,251,326,408,526,542,682,713,754,786,784,790,744,784,740,688,727,646,702,637,608,569,563,477,513,506,432,434,459,427,403,449,410,399,401,342,379,387,342,321,354,356,498,321,292,307,329,359,333,305,300,321,335,282,292,266,289,272,252,258,217,280,270,307,291,226,222,214,204,221,178,201,283,289,358,148,139,119,116,123,87,77,44,26,16,9,6,5,8,3,4,5,3,5,7,8,12,5,9,9,11,4,5,5,7,6,5,6,4,9,9,6,6,5,2,8,7,7,9,4,5,5,11,8,6,11,5,5,3,2,1,1,0,0,0,0,0,0,0,0,0,0,0,0,0,0,0,0,0,0,0,0,0,0,0,0,0,0,0,0,0,0,0,0,0,0,0,0,0,0,0,0,0,0,0,0,0,0,0,0,0,0,0,0,0,0
62.75,0,0,0,0,0,0,0,0,0,0,0,0,0,0,0,0,0,0,0,0,0,0,0,0,0,0,0,0,0,0,1,0,0,0,0,0,0,0,0,0,0,0,0,1,0,0,0,0,0,0,1,0,0,0,1,1,0,0,0,2,1,0,3,3,2,3,1,0,0,0,2,4,0,2,1,0,0,2,4,3,2,2,3,0,3,6,2,3,6,5,7,6,9,13,22,17,19,27,22,37,37,37,50,45,64,64,79,84,98,105,121,126,164,176,233,249,325,405,523,542,684,712,752,786,784,790,742,784,740,688,728,647,701,638,608,568,563,477,511,506,432,434,459,427,403,448,409,399,402,341,380,387,342,321,353,356,498,321,292,308,329,359,332,305,300,321,335,282,292,266,289,272,252,258,217,280,270,307,291,226,222,214,204,221,178,201,283,289,358,148,139,119,116,123,87,77,44,26,16,9,6,5,8,3,4,5,3,5,7,8,12,5,9,9,11,4,5,5,7,6,5,6,4,9,9,6,6,5,2,8,7,7,9,4,5,5,11,8,6,11,5,5,3,2,1,1,0,0,0,0,0,0,0,0,0,0,0,0,0,0,0,0,0,0,0,0,0,0,0,0,0,0,0,0,0,0,0,0,0,0,0,0,0,0,0,0,0,0,0,0,0,0,0,0,0,0,0,0,0,0
62.85,0,0,0,0,0,0,0,0,0,0,0,0,0,1,0,0,0,0,0,0,0,0,0,0,0,0,0,0,1,0,0,0,0,0,0,0,0,1,0,0,0,0,0,1,1,0,0,0,0,1,0,1,1,0,1,0,0,0,0,1,2,1,0,2,2,2,1,1,2,2,1,0,0,2,1,0,0,1,2,2,2,3,3,0,3,4,2,3,3,6,8,8,9,11,23,19,20,27,22,37,36,37,51,45,64,64,79,84,96,105,121,126,164,175,234,250,325,403,525,543,682,712,752,785,786,790,742,784,739,687,728,647,701,638,604,567,562,478,511,506,432,434,459,428,403,448,409,400,401,342,379,387,342,321,353,356,498,321,292,307,329,359,332,305,300,321,335,282,292,266,289,272,252,258,217,279,270,307,290,226,222,213,204,221,178,201,283,289,358,148,139,119,117,123,87,77,44,26,16,9,6,5,8,3,4,5,3,5,7,8,12,5,9,9,11,4,5,5,7,6,5,6,4,9,9,6,6,5,2,8,7,7,9,4,5,5,11,8,6,11,5,5,3,2,1,1,0,0,0,0,0,0,0,0,0,0,0,0,0,0,0,0,0,0,0,0,0,0,0,0,0,0,0,0,0,0,0,0,0,0,0,0,0,0,0,0,0,0,0,0,0,0,0,0,0,0,0,0,0,0
62.95,0,0,0,0,0,0,0,0,0,0,0,0,0,0,0,0,1,0,0,0,0,0,0,0,0,0,0,0,0,0,0,0,0,0,0,0,0,0,0,0,0,0,2,1,0,0,0,0,1,0,0,0,0,0,0,0,0,0,0,0,1,0,3,1,0,2,0,0,0,0,0,0,1,0,0,1,1,0,1,0,1,3,5,2,3,6,2,2,3,7,5,5,9,15,28,20,19,28,23,37,37,37,50,45,65,64,79,84,95,105,120,127,163,175,234,250,325,401,526,544,682,712,752,785,785,791,742,784,739,686,726,647,701,637,604,567,562,478,511,506,432,434,459,427,403,448,409,397,400,341,378,387,342,321,353,356,498,321,292,307,329,359,332,305,300,321,334,283,293,265,289,272,252,258,217,279,270,307,290,226,222,213,204,221,178,201,283,289,358,147,139,119,117,123,87,77,44,26,16,9,6,5,8,3,4,5,3,5,7,8,12,5,9,10,11,4,5,5,7,6,5,6,4,9,9,6,6,5,2,8,7,7,9,4,5,5,11,8,6,11,5,5,3,2,1,1,0,0,0,0,0,0,0,0,0,0,0,0,0,0,0,0,0,0,0,0,0,0,0,0,0,0,0,0,0,0,0,0,0,0,0,0,0,0,0,0,0,0,0,0,0,0,0,0,0,0,0,0,0,0
63.05,0,0,0,0,0,0,0,0,0,0,0,0,0,0,0,0,0,0,0,0,0,0,0,0,1,0,0,0,0,1,1,0,0,0,0,0,1,1,1,1,0,0,0,0,0,0,2,1,0,0,0,0,0,0,0,0,1,0,0,0,1,0,1,1,0,0,0,3,1,2,0,0,1,0,0,0,1,0,1,1,2,1,1,3,4,2,3,5,5,7,4,6,15,15,28,22,22,30,23,37,39,36,51,44,64,62,83,81,98,98,120,128,161,176,234,248,325,401,524,543,683,710,755,782,785,789,744,782,738,688,723,646,702,636,603,567,562,479,511,505,431,434,460,428,402,447,411,397,399,342,378,384,342,322,355,352,497,321,294,308,329,357,332,305,301,321,332,283,292,265,288,272,252,258,217,279,271,307,289,226,222,213,204,221,178,201,283,289,358,147,139,119,117,123,87,77,44,26,16,9,6,5,8,3,4,5,3,5,7,8,12,5,9,10,11,4,5,5,7,6,5,6,4,9,9,6,6,5,2,8,7,7,9,4,5,5,11,8,6,11,5,5,3,2,1,1,0,0,0,0,0,0,0,0,0,0,0,0,0,0,0,0,0,0,0,0,0,0,0,0,0,0,0,0,0,0,0,0,0,0,0,0,0,0,0,0,0,0,0,0,0,0,0,0,0,0,0,0,0,0
63.15,0,0,0,0,0,0,0,0,0,0,0,0,0,0,0,0,0,0,0,0,1,0,0,0,0,0,0,0,0,0,0,0,0,0,0,2,0,0,0,1,0,1,0,0,0,0,0,2,2,0,0,0,1,0,0,0,1,0,1,1,2,1,1,0,1,1,0,1,2,0,1,1,0,0,0,1,0,2,2,2,2,5,2,1,3,4,4,5,7,5,4,7,10,17,25,20,20,25,20,40,36,34,51,42,65,63,79,78,95,101,120,126,164,176,233,248,324,400,524,543,682,711,752,783,786,790,744,782,736,690,722,648,700,637,603,565,561,478,512,506,432,432,460,427,403,447,411,397,399,341,377,384,342,322,354,352,499,320,293,308,329,357,334,306,299,319,332,283,292,266,287,273,252,258,217,279,270,307,289,226,222,213,204,221,178,201,283,289,358,147,139,119,117,123,87,77,44,26,16,9,6,5,8,3,4,5,3,5,7,8,12,5,9,10,11,4,5,5,7,6,5,6,4,9,9,6,6,5,2,8,7,7,9,4,5,5,11,8,6,11,5,5,3,2,1,1,0,0,0,0,0,0,0,0,0,0,0,0,0,0,0,0,0,0,0,0,0,0,0,0,0,0,0,0,0,0,0,0,0,0,0,0,0,0,0,0,0,0,0,0,0,0,0,0,0,0,0,0,0,0
63.25,0,0,0,0,0,0,0,0,0,0,0,0,1,0,0,0,0,0,0,0,0,0,0,0,0,0,0,2,0,0,0,0,0,0,1,0,1,0,0,0,0,0,1,0,0,1,0,1,1,0,1,1,0,1,0,2,1,0,0,0,2,1,0,1,1,0,4,1,2,2,1,3,4,3,2,2,2,2,1,4,1,3,2,1,2,3,3,6,5,6,6,6,11,16,22,17,19,26,24,37,36,34,51,42,64,65,78,79,95,98,121,126,165,175,233,249,324,400,523,542,683,709,752,781,788,790,742,782,739,687,721,648,699,634,603,565,562,478,513,504,431,432,461,428,405,448,410,395,399,342,376,385,343,321,353,352,498,320,294,309,329,358,333,306,298,319,333,283,294,265,287,272,252,258,217,279,270,307,289,226,222,213,204,221,178,201,283,289,358,147,139,119,117,123,87,77,44,26,16,9,6,5,8,3,4,5,3,5,7,8,12,5,9,10,11,4,5,5,7,6,5,6,4,9,9,6,6,5,2,8,7,7,9,4,5,5,11,8,6,11,5,5,3,2,1,1,0,0,0,0,0,0,0,0,0,0,0,0,0,0,0,0,0,0,0,0,0,0,0,0,0,0,0,0,0,0,0,0,0,0,0,0,0,0,0,0,0,0,0,0,0,0,0,0,0,0,0,0,0,0
63.35,0,0,0,0,0,0,0,0,0,0,0,0,0,0,0,0,0,0,0,0,0,1,0,0,0,0,0,0,0,0,0,0,0,1,0,0,0,1,0,0,0,0,0,1,0,0,0,2,0,1,1,0,2,1,0,1,0,1,1,0,1,2,0,0,2,0,3,1,2,1,0,1,1,5,4,3,3,1,4,7,2,1,4,3,3,2,4,6,4,8,2,8,9,13,25,20,18,23,23,38,36,33,51,41,63,67,78,79,94,98,121,127,167,175,233,249,325,399,521,542,682,710,752,779,786,793,743,780,740,685,720,647,700,633,604,565,560,479,511,504,430,431,460,428,407,445,411,394,398,341,376,385,342,321,354,353,498,319,294,307,330,357,334,305,298,319,333,284,293,265,287,272,252,258,217,279,270,307,289,226,222,213,204,221,178,201,283,289,358,147,139,119,117,123,87,77,44,26,16,9,6,5,8,3,4,5,3,5,7,8,12,5,9,10,11,4,5,5,7,6,5,6,4,9,9,6,6,5,2,8,7,7,9,4,5,5,11,8,6,11,5,5,3,2,1,1,0,0,0,0,0,0,0,0,0,0,0,0,0,0,0,0,0,0,0,0,0,0,0,0,0,0,0,0,0,0,0,0,0,0,0,0,0,0,0,0,0,0,0,0,0,0,0,0,0,0,0,0,0,0
63.45,0,0,0,0,0,0,0,0,0,0,0,0,0,0,0,0,0,0,0,0,0,0,0,0,0,0,0,0,0,0,0,0,0,0,0,0,1,0,0,1,1,1,1,0,0,0,1,0,0,1,0,0,0,0,0,2,0,0,0,1,1,0,0,0,0,3,2,0,4,1,3,2,5,4,2,2,4,3,3,5,3,2,4,1,2,6,4,5,8,5,2,8,11,11,22,18,18,25,20,35,35,34,48,41,63,66,78,80,94,99,122,126,166,175,233,249,324,400,520,544,679,711,752,779,786,790,743,780,740,686,719,649,699,632,604,564,560,477,512,504,429,431,460,428,405,445,410,395,398,341,376,385,342,321,352,353,498,319,293,308,329,358,333,305,298,319,334,284,293,265,287,272,252,258,217,279,270,307,289,226,222,213,204,222,178,201,282,289,358,147,139,119,117,123,87,77,44,26,16,9,6,5,8,3,4,5,3,5,7,8,12,5,9,10,11,4,5,5,7,6,5,6,4,9,9,6,6,5,2,8,7,7,9,4,5,5,11,8,6,11,5,5,3,2,1,1,0,0,0,0,0,0,0,0,0,0,0,0,0,0,0,0,0,0,0,0,0,0,0,0,0,0,0,0,0,0,0,0,0,0,0,0,0,0,0,0,0,0,0,0,0,0,0,0,0,0,0,0,0,0
63.55,0,0,0,0,0,0,0,0,0,0,0,1,0,0,0,0,0,0,0,0,0,0,0,0,0,0,1,0,0,0,0,0,0,0,0,0,0,1,0,0,1,2,0,1,0,0,0,0,0,0,1,0,0,1,1,1,1,0,1,4,1,1,0,0,0,3,1,0,1,1,3,1,1,2,3,2,3,4,4,4,2,4,0,4,3,5,4,9,8,7,4,9,9,13,20,15,19,24,21,35,35,32,49,41,62,67,77,78,95,98,122,127,166,175,233,249,323,402,517,545,678,711,751,780,784,788,742,780,741,685,719,649,699,632,605,564,559,477,512,504,429,433,459,429,406,444,411,394,397,342,376,385,342,321,353,353,498,318,294,307,329,357,333,305,299,319,333,284,293,265,287,272,252,258,217,278,270,307,289,226,222,213,204,222,178,201,282,289,358,147,139,119,117,123,87,77,44,26,16,9,6,5,8,3,4,5,3,5,7,8,12,5,9,10,11,4,5,5,7,6,5,6,4,9,9,6,6,5,2,8,7,7,9,4,5,5,11,8,6,11,5,5,3,2,1,1,0,0,0,0,0,0,0,0,0,0,0,0,0,0,0,0,0,0,0,0,0,0,0,0,0,0,0,0,0,0,0,0,0,0,0,0,0,0,0,0,0,0,0,0,0,0,0,0,0,0,0,0,0,0
63.65,0,0,0,0,0,0,0,0,0,0,0,0,0,0,0,0,0,0,0,0,0,0,1,1,0,0,0,0,1,0,1,0,1,0,0,0,0,0,0,0,0,0,1,0,0,0,1,0,1,0,1,0,0,0,0,1,2,1,0,2,0,0,0,1,3,1,2,1,1,3,0,2,2,1,3,1,3,0,2,3,6,3,8,5,0,2,5,5,8,9,5,6,9,13,21,15,17,23,20,36,34,32,49,42,62,68,79,77,96,99,123,128,167,176,234,249,323,399,517,544,679,711,751,781,783,788,742,780,739,685,719,649,699,632,606,564,559,477,512,504,429,433,461,427,406,445,410,395,397,342,376,385,342,322,353,354,498,318,294,306,330,356,333,306,298,319,333,284,293,265,287,272,252,258,217,278,270,307,289,226,222,213,204,222,178,201,282,289,358,147,139,119,117,123,87,77,44,26,16,9,6,5,8,3,4,5,3,5,7,8,12,5,9,10,11,4,5,5,7,6,5,6,4,9,9,6,6,5,2,8,7,7,9,4,5,5,11,8,6,11,5,5,3,2,1,1,0,0,0,0,0,0,0,0,0,0,0,0,0,0,0,0,0,0,0,0,0,0,0,0,0,0,0,0,0,0,0,0,0,0,0,0,0,0,0,0,0,0,0,0,0,0,0,0,0,0,0,0,0,0
63.75,0,0,0,1,0,0,0,0,0,1,0,0,0,0,1,0,0,0,0,0,0,0,0,0,0,0,0,0,0,0,0,0,0,0,0,0,0,0,0,1,0,0,0,0,1,1,0,0,0,0,0,1,1,1,1,0,1,1,0,0,0,1,1,1,1,0,2,3,5,0,0,0,1,1,5,3,1,1,2,3,3,2,6,4,2,4,7,3,4,8,2,10,10,14,23,15,19,24,18,37,34,32,49,42,62,68,79,76,96,99,122,127,166,176,235,249,323,399,518,541,675,711,750,782,783,788,742,780,739,684,720,647,698,634,605,564,559,477,512,504,430,434,459,426,406,446,410,396,397,342,376,385,342,322,352,353,497,319,293,306,330,358,334,305,298,319,333,284,293,265,287,272,252,257,217,278,270,307,289,226,222,213,204,222,178,201,281,289,358,147,139,119,117,123,87,77,44,26,16,9,6,5,8,3,4,5,3,5,7,8,12,5,9,10,11,4,5,5,7,6,5,6,4,9,9,6,6,5,2,8,7,7,9,4,5,5,11,8,6,11,5,5,3,2,1,1,0,0,0,0,0,0,0,0,0,0,0,0,0,0,0,0,0,0,0,0,0,0,0,0,0,0,0,0,0,0,0,0,0,0,0,0,0,0,0,0,0,0,0,0,0,0,0,0,0,0,0,0,0,0
63.85,0,0,0,0,0,0,0,0,0,0,0,0,0,0,0,0,0,0,0,0,0,0,0,0,0,0,0,0,0,1,0,0,0,0,0,0,0,0,1,0,0,0,2,1,0,0,1,0,0,1,0,1,0,0,2,0,0,1,0,2,0,1,0,1,1,2,0,1,4,0,2,1,4,0,1,0,1,4,3,2,0,1,1,1,5,2,5,4,7,10,2,8,9,13,22,21,17,25,17,40,35,34,49,42,63,68,79,75,97,99,122,125,166,176,234,249,323,398,516,541,675,710,751,782,783,789,741,780,739,684,720,647,698,632,605,564,560,477,512,506,430,433,459,426,406,446,410,396,397,342,376,384,342,321,351,353,497,319,293,306,330,357,334,305,298,320,333,284,293,265,287,272,252,257,217,278,270,307,288,226,222,214,204,222,177,201,281,289,358,147,139,119,117,123,87,77,44,26,16,9,6,5,8,3,4,5,3,5,7,8,12,5,9,10,11,4,5,5,7,6,5,6,4,9,9,6,6,5,2,8,7,7,9,4,5,5,11,8,6,11,5,5,3,2,1,1,0,0,0,0,0,0,0,0,0,0,0,0,0,0,0,0,0,0,0,0,0,0,0,0,0,0,0,0,0,0,0,0,0,0,0,0,0,0,0,0,0,0,0,0,0,0,0,0,0,0,0,0,0,0
63.95,0,0,0,0,0,0,0,0,0,0,0,0,0,0,0,0,0,0,0,0,1,0,0,0,0,0,0,0,0,0,0,0,0,0,1,0,0,0,0,0,0,0,1,0,0,0,0,0,0,0,1,1,0,0,0,0,0,0,0,0,1,0,0,1,0,0,0,0,1,2,1,2,0,1,2,1,1,1,1,1,1,1,2,2,4,0,10,5,5,8,7,8,10,15,22,17,19,28,17,43,38,33,49,42,63,67,79,75,97,99,122,126,165,176,234,249,323,397,516,542,675,710,751,781,785,788,742,780,740,684,721,645,698,632,604,564,561,477,511,503,429,433,459,426,406,446,410,396,397,342,376,384,340,321,350,353,497,319,293,306,330,357,334,305,298,319,333,284,293,266,287,272,252,257,217,278,270,307,288,226,222,214,204,222,177,201,281,289,358,147,139,119,117,123,87,77,44,26,16,9,6,5,8,3,4,5,3,5,7,8,12,5,9,10,11,4,5,5,7,6,5,6,4,9,9,6,6,5,2,8,7,7,9,4,5,5,11,8,6,11,5,5,3,2,1,1,0,0,0,0,0,0,0,0,0,0,0,0,0,0,0,0,0,0,0,0,0,0,0,0,0,0,0,0,0,0,0,0,0,0,0,0,0,0,0,0,0,0,0,0,0,0,0,0,0,0,0,0,0,0
64.05,0,0,0,0,0,0,0,0,0,0,0,0,0,0,0,0,0,0,0,0,0,0,0,1,0,0,0,0,0,0,0,0,0,0,0,0,0,1,0,0,0,0,0,0,0,0,0,0,0,0,0,0,1,0,2,0,0,1,1,0,0,0,2,1,0,1,0,1,0,1,0,0,0,1,0,2,0,0,0,0,0,2,0,0,5,2,5,7,7,8,11,9,15,15,16,17,18,25,23,40,39,35,47,42,63,67,84,70,96,100,125,125,166,176,234,248,322,397,515,541,678,709,752,779,783,788,743,779,739,685,720,644,700,632,604,564,561,476,512,505,428,432,459,428,404,446,412,395,398,342,374,385,339,321,351,353,497,319,293,305,328,357,334,305,298,320,332,284,293,264,286,273,251,257,217,278,271,307,288,225,222,214,203,222,177,201,282,288,357,147,139,119,117,123,87,77,44,26,16,9,6,5,8,3,4,5,3,5,7,8,12,5,9,10,11,4,5,5,7,6,5,6,4,9,9,6,6,5,2,8,7,7,9,4,5,5,11,8,6,11,5,5,3,2,1,1,0,0,0,0,0,0,0,0,0,0,0,0,0,0,0,0,0,0,0,0,0,0,0,0,0,0,0,0,0,0,0,0,0,0,0,0,0,0,0,0,0,0,0,0,0,0,0,0,0,0,0,0,0,0
64.15,0,0,0,0,0,0,0,0,0,0,0,1,0,0,0,0,0,0,0,0,0,0,0,0,1,1,0,1,0,0,0,0,0,0,0,0,0,0,0,0,0,0,0,0,0,0,0,0,0,2,1,0,1,1,0,0,0,0,0,1,0,0,1,2,1,2,0,0,1,1,1,0,2,0,1,1,0,0,0,0,2,2,0,1,3,0,5,7,6,6,11,11,13,12,17,22,20,21,19,40,36,32,44,42,66,68,80,69,97,102,123,126,164,175,233,248,322,397,516,543,675,709,750,779,783,786,741,779,741,683,719,646,699,631,605,564,559,477,512,504,428,433,459,427,405,446,411,396,397,342,375,385,340,320,351,353,497,320,291,305,327,358,334,306,297,319,331,286,293,263,286,273,251,257,217,278,270,307,289,225,221,214,203,222,177,201,282,288,357,147,139,119,117,123,87,77,44,26,16,9,6,5,8,3,4,5,3,5,7,8,12,5,9,10,11,4,5,5,7,6,5,6,4,9,9,6,6,5,2,8,7,7,9,4,5,5,11,8,6,11,5,5,3,2,1,1,0,0,0,0,0,0,0,0,0,0,0,0,0,0,0,0,0,0,0,0,0,0,0,0,0,0,0,0,0,0,0,0,0,0,0,0,0,0,0,0,0,0,0,0,0,0,0,0,0,0,0,0,0,0
64.25,0,0,0,0,0,0,0,0,1,0,1,0,0,0,0,0,0,0,0,0,0,0,0,0,0,0,0,0,0,0,0,0,1,1,0,0,0,1,0,0,0,0,1,0,0,0,0,0,0,1,0,1,0,0,0,1,0,1,1,2,1,1,0,1,0,1,0,2,2,0,1,1,5,1,0,3,0,1,1,2,1,0,2,2,1,1,4,6,8,8,8,8,15,14,16,17,19,22,18,39,36,33,47,43,64,68,81,68,96,100,123,128,161,175,232,248,324,397,512,541,672,708,750,779,783,785,741,778,741,683,717,649,697,632,605,564,557,475,513,504,428,432,460,427,406,444,412,395,398,341,376,386,339,320,351,354,497,319,291,305,327,357,335,305,297,320,331,284,292,262,286,273,252,256,217,277,270,308,288,225,221,214,203,222,177,201,282,288,357,146,139,119,117,123,87,77,44,26,16,9,6,5,8,3,4,5,3,5,7,8,12,5,9,10,11,4,5,5,7,6,5,6,4,9,9,6,6,5,2,8,7,7,9,4,5,5,11,8,6,11,5,5,3,2,1,1,0,0,0,0,0,0,0,0,0,0,0,0,0,0,0,0,0,0,0,0,0,0,0,0,0,0,0,0,0,0,0,0,0,0,0,0,0,0,0,0,0,0,0,0,0,0,0,0,0,0,0,0,0,0
64.35,0,0,0,0,0,0,0,0,0,0,0,0,0,0,0,0,0,0,0,0,0,0,0,0,0,0,0,0,0,1,0,0,0,0,0,0,0,1,0,0,0,0,0,0,0,0,0,1,0,2,0,0,0,1,1,0,0,3,0,0,3,1,1,0,2,1,0,1,2,2,0,3,1,1,1,0,1,3,2,1,1,5,4,2,2,1,5,4,9,6,8,7,12,12,18,17,17,22,18,40,40,34,46,43,61,68,79,70,95,100,122,127,162,175,233,247,322,399,511,541,674,706,751,779,783,785,739,780,741,682,718,646,696,631,603,564,557,476,512,506,427,433,461,426,405,445,410,396,397,342,375,386,338,321,351,353,495,319,292,305,327,358,335,305,297,319,331,284,293,262,285,273,253,256,218,278,270,307,288,225,221,214,203,222,177,202,281,289,356,146,139,119,117,123,87,77,44,26,16,9,6,5,8,3,4,5,3,5,7,8,12,5,9,10,11,4,5,5,7,6,5,6,4,9,9,6,6,5,2,8,7,7,9,4,5,5,11,8,6,11,5,5,3,2,1,1,0,0,0,0,0,0,0,0,0,0,0,0,0,0,0,0,0,0,0,0,0,0,0,0,0,0,0,0,0,0,0,0,0,0,0,0,0,0,0,0,0,0,0,0,0,0,0,0,0,0,0,0,0,0
64.45,0,0,0,0,0,0,0,0,0,0,0,0,0,0,0,0,0,0,0,0,0,0,0,0,0,0,0,1,0,0,1,0,0,1,0,0,1,1,0,1,0,0,1,0,0,0,0,0,1,0,0,1,0,0,0,0,1,0,0,0,0,1,2,1,0,1,2,2,0,0,3,0,5,3,1,3,2,4,3,1,0,3,5,1,3,1,8,3,8,6,5,8,12,11,16,18,19,23,21,39,38,33,44,43,62,68,79,68,97,100,121,126,162,174,232,248,322,400,511,541,676,704,751,780,782,785,740,781,739,682,718,646,696,630,604,563,557,476,512,505,428,434,460,426,406,444,411,395,399,341,375,387,338,320,352,352,495,319,292,306,326,360,333,305,297,319,331,284,293,262,285,275,252,257,218,277,270,307,288,225,221,215,203,223,177,202,281,289,356,146,139,119,117,123,87,77,44,26,16,9,6,5,8,3,4,5,3,5,7,8,12,5,9,10,11,4,5,5,7,6,5,6,4,9,9,6,6,5,2,8,7,7,9,4,5,5,11,8,6,11,5,5,3,2,1,1,0,0,0,0,0,0,0,0,0,0,0,0,0,0,0,0,0,0,0,0,0,0,0,0,0,0,0,0,0,0,0,0,0,0,0,0,0,0,0,0,0,0,0,0,0,0,0,0,0,0,0,0,0,0
64.55,0,0,0,0,0,0,0,0,0,0,0,0,0,0,0,0,0,0,0,0,0,0,1,0,0,0,0,0,0,0,0,0,0,1,0,0,0,0,0,0,0,0,0,0,0,0,1,0,0,0,0,0,0,0,1,0,0,0,3,1,2,0,1,1,2,1,0,0,1,0,1,2,3,5,0,1,3,2,4,4,1,5,2,1,3,2,6,3,9,8,8,6,14,14,16,17,17,23,17,39,38,33,44,45,62,68,79,68,98,99,121,126,161,174,231,248,324,398,512,541,673,705,751,781,781,785,740,782,738,683,717,645,695,630,604,563,558,476,513,505,428,433,460,427,404,445,410,395,399,342,376,385,339,320,351,352,495,319,292,306,326,360,333,306,297,319,331,284,293,262,285,278,252,256,219,277,270,307,288,225,221,215,203,223,177,203,280,289,356,147,139,119,117,123,87,77,44,26,16,9,6,5,8,3,4,5,3,5,7,8,12,5,9,10,11,4,5,5,7,6,5,6,4,9,9,6,6,5,2,8,7,7,9,4,5,5,11,8,6,11,5,5,3,2,1,1,0,0,0,0,0,0,0,0,0,0,0,0,0,0,0,0,0,0,0,0,0,0,0,0,0,0,0,0,0,0,0,0,0,0,0,0,0,0,0,0,0,0,0,0,0,0,0,0,0,0,0,0,0,0
64.65,0,0,0,0,0,0,0,0,0,0,0,0,0,1,0,0,0,0,0,0,0,0,0,0,0,1,0,0,0,0,0,0,0,1,0,1,0,0,1,0,0,0,0,0,0,0,0,0,0,0,0,4,1,1,1,0,0,2,0,0,0,0,1,0,0,2,0,2,0,1,2,3,1,2,1,2,3,2,1,0,2,1,6,5,4,1,6,2,7,6,6,7,14,13,16,15,17,23,19,40,36,33,43,47,63,67,80,68,98,99,120,126,160,174,231,248,324,398,513,540,672,705,751,782,782,784,741,779,739,682,718,645,695,631,603,564,557,476,514,505,427,434,460,427,404,444,410,396,399,341,376,386,339,319,351,352,495,319,292,306,326,360,333,306,297,319,331,284,293,263,285,277,252,256,219,277,270,307,288,225,221,215,203,223,177,203,280,289,356,147,139,119,117,123,87,77,44,26,16,9,6,5,8,3,4,5,3,5,7,8,12,5,9,10,11,4,5,5,7,6,5,6,4,9,9,6,6,5,2,8,7,7,9,4,5,5,11,8,6,11,5,5,3,2,1,1,0,0,0,0,0,0,0,0,0,0,0,0,0,0,0,0,0,0,0,0,0,0,0,0,0,0,0,0,0,0,0,0,0,0,0,0,0,0,0,0,0,0,0,0,0,0,0,0,0,0,0,0,0,0
64.75,0,0,0,0,0,0,0,0,0,0,0,0,0,0,0,0,0,0,0,0,0,0,0,0,0,0,0,0,0,0,0,0,0,0,0,0,0,0,0,0,0,0,0,0,0,1,0,0,0,0,2,0,2,0,0,1,2,2,0,1,0,1,2,2,0,1,0,1,1,6,1,0,0,2,1,2,1,0,4,1,3,4,2,2,2,3,7,3,9,6,6,5,13,11,18,17,20,22,19,39,36,33,43,47,62,66,79,68,98,100,120,127,160,174,231,248,324,396,512,541,672,705,751,783,778,784,741,779,739,680,718,645,695,631,604,563,557,477,514,504,427,435,459,427,403,444,410,395,399,341,376,386,339,319,351,352,495,319,292,306,326,360,333,306,297,319,332,284,293,262,286,277,252,256,219,278,270,307,288,225,221,215,203,224,178,203,280,289,356,147,139,119,117,123,87,77,44,26,16,9,6,5,8,3,4,5,3,5,7,8,12,5,9,10,11,4,5,5,7,6,5,6,4,9,9,6,6,5,2,8,7,7,9,4,5,5,11,8,6,11,5,5,3,2,1,1,0,0,0,0,0,0,0,0,0,0,0,0,0,0,0,0,0,0,0,0,0,0,0,0,0,0,0,0,0,0,0,0,0,0,0,0,0,0,0,0,0,0,0,0,0,0,0,0,0,0,0,0,0,0
64.85,0,0,0,0,0,0,0,0,0,0,0,0,1,0,0,0,0,0,0,0,0,0,0,0,0,0,0,0,1,1,0,0,0,1,0,2,0,0,0,0,0,0,0,0,1,0,0,0,0,0,0,1,0,0,0,0,0,2,0,0,0,2,0,0,1,0,0,1,1,0,0,1,1,0,1,1,0,3,4,1,2,2,3,4,2,4,5,3,9,6,9,9,14,10,16,18,19,22,21,42,36,33,44,47,63,66,77,68,98,99,120,128,160,174,231,247,323,396,512,541,672,705,751,783,776,784,741,778,740,680,718,645,696,630,603,563,557,478,513,504,426,434,458,427,402,444,410,395,399,341,376,386,339,319,351,352,495,319,292,306,326,360,333,306,298,319,331,284,293,262,286,277,252,256,219,278,269,307,287,225,220,214,203,224,178,203,280,289,356,147,139,119,117,123,87,77,44,26,16,9,6,5,8,3,4,5,3,5,7,8,12,5,9,10,11,4,5,5,7,6,5,6,4,9,9,6,6,5,2,8,7,7,9,4,5,5,11,8,6,11,5,5,3,2,1,1,0,0,0,0,0,0,0,0,0,0,0,0,0,0,0,0,0,0,0,0,0,0,0,0,0,0,0,0,0,0,0,0,0,0,0,0,0,0,0,0,0,0,0,0,0,0,0,0,0,0,0,0,0,0
64.95,0,0,0,0,0,0,0,0,0,0,0,0,0,0,0,0,0,0,0,0,0,0,0,0,0,0,0,0,0,0,0,0,0,0,0,0,0,0,0,0,0,0,0,0,0,1,0,1,0,0,0,0,1,0,0,0,0,0,1,0,1,0,0,0,0,0,0,1,0,0,1,2,1,0,0,1,0,0,0,1,4,1,2,1,4,3,8,6,11,7,9,9,13,11,18,16,19,22,20,41,38,37,43,48,62,67,77,69,98,99,120,127,160,175,231,247,323,397,511,540,671,706,751,783,776,784,741,778,740,680,718,646,695,630,603,563,558,477,513,504,426,434,458,428,402,444,410,395,399,341,376,386,339,319,352,352,495,319,293,307,326,360,332,306,298,319,331,284,293,262,286,277,252,255,219,278,269,307,287,225,220,214,203,224,176,203,280,289,356,147,139,118,117,123,87,77,44,26,16,9,6,5,8,3,4,5,3,5,7,8,12,5,9,10,11,4,5,5,7,6,5,6,4,9,9,6,6,5,2,8,7,7,9,4,5,5,11,8,6,11,5,5,3,2,1,1,0,0,0,0,0,0,0,0,0,0,0,0,0,0,0,0,0,0,0,0,0,0,0,0,0,0,0,0,0,0,0,0,0,0,0,0,0,0,0,0,0,0,0,0,0,0,0,0,0,0,0,0,0,0
65.05,0,0,0,0,0,0,0,0,0,0,0,0,0,0,0,0,0,0,0,0,0,0,0,0,0,0,0,0,0,0,0,0,0,0,0,0,1,0,0,1,0,0,1,0,0,0,0,0,0,0,0,0,0,0,1,0,0,0,0,0,0,0,0,0,2,0,0,0,1,0,0,0,2,0,1,2,1,0,0,1,2,1,2,2,3,6,4,7,6,9,12,10,15,9,19,20,19,19,23,36,37,35,46,47,64,70,73,71,101,101,116,128,161,172,233,247,322,399,510,535,670,704,751,783,775,784,743,778,739,679,720,643,695,632,601,563,556,477,513,505,425,435,458,428,402,444,409,395,400,340,375,387,338,319,352,352,495,319,293,307,327,361,331,306,298,318,330,285,292,262,286,277,252,255,218,278,269,308,287,225,221,215,202,225,176,202,280,288,356,146,139,118,117,123,87,77,44,26,16,9,6,5,8,3,4,5,3,5,7,8,12,5,9,10,11,4,5,5,7,6,5,6,4,9,9,6,6,5,2,8,7,7,9,4,5,5,11,8,6,11,5,5,3,2,1,1,0,0,0,0,0,0,0,0,0,0,0,0,0,0,0,0,0,0,0,0,0,0,0,0,0,0,0,0,0,0,0,0,0,0,0,0,0,0,0,0,0,0,0,0,0,0,0,0,0,0,0,0,0,0
65.15,0,0,0,0,0,0,0,0,0,0,0,0,0,1,0,0,0,0,0,0,0,0,0,0,0,0,0,0,0,0,0,0,0,0,0,0,0,0,0,0,0,0,0,1,0,0,1,0,0,0,1,0,0,0,0,1,1,1,0,0,1,1,0,1,1,0,0,0,1,0,0,0,0,0,2,0,1,1,4,1,1,4,4,5,3,2,6,5,6,7,8,7,11,8,18,18,20,20,23,34,37,35,47,48,62,69,75,73,98,98,118,127,160,173,233,248,319,397,510,537,668,706,749,784,773,785,740,778,740,679,718,645,697,630,602,561,556,478,513,502,425,435,458,428,401,446,409,394,399,339,376,387,337,317,352,352,495,320,293,307,329,358,331,305,298,320,329,283,292,262,286,277,252,255,218,278,269,307,287,227,220,213,202,224,176,202,280,288,356,146,139,118,117,123,87,77,44,26,16,9,6,5,8,3,4,5,3,5,7,8,12,5,9,10,11,4,5,5,7,6,5,6,4,9,9,6,6,5,2,8,7,7,9,4,5,5,11,8,6,11,5,5,3,2,1,1,0,0,0,0,0,0,0,0,0,0,0,0,0,0,0,0,0,0,0,0,0,0,0,0,0,0,0,0,0,0,0,0,0,0,0,0,0,0,0,0,0,0,0,0,0,0,0,0,0,0,0,0,0,0
65.25,0,0,0,0,0,0,0,0,0,0,0,0,0,0,0,0,0,0,0,0,0,0,0,0,0,0,0,0,0,0,0,0,0,0,0,0,1,0,1,1,0,0,0,0,1,0,0,0,0,0,0,1,0,1,0,2,1,1,0,1,1,1,0,1,0,0,1,0,0,0,1,2,0,1,1,0,1,3,4,3,1,1,2,2,3,2,5,5,7,7,7,5,12,10,21,19,18,18,22,36,37,36,45,47,63,69,74,70,101,97,116,129,159,172,233,249,317,396,510,538,668,707,747,783,773,784,741,777,739,680,716,646,697,630,601,562,556,477,513,502,425,435,458,429,400,447,408,393,399,340,376,387,337,317,352,352,495,319,294,307,328,359,330,306,299,318,329,283,292,262,286,277,252,255,219,278,270,307,287,225,220,213,202,224,176,202,280,288,356,146,139,118,117,123,87,77,44,26,16,9,6,5,8,3,4,5,3,5,7,8,12,5,9,10,11,4,5,5,7,6,5,6,4,9,9,6,6,5,2,8,7,7,9,4,5,5,11,8,6,11,5,5,3,2,1,1,0,0,0,0,0,0,0,0,0,0,0,0,0,0,0,0,0,0,0,0,0,0,0,0,0,0,0,0,0,0,0,0,0,0,0,0,0,0,0,0,0,0,0,0,0,0,0,0,0,0,0,0,0,0
65.35,0,0,0,0,0,0,0,0,0,0,0,0,0,0,0,0,0,0,0,0,1,0,0,0,0,0,0,0,0,0,0,0,0,0,0,0,0,0,0,1,0,0,0,0,0,0,0,0,0,0,0,0,0,0,0,1,3,0,0,0,1,2,0,0,0,0,1,1,3,1,2,1,5,0,2,1,2,2,0,4,0,1,1,3,2,3,4,4,7,9,9,7,14,9,21,19,18,19,20,36,37,33,48,47,60,69,74,70,100,96,116,128,160,172,232,250,317,396,510,539,667,706,746,780,774,783,740,779,738,679,716,647,696,631,600,562,556,477,513,502,425,435,459,429,400,446,408,393,398,340,376,386,337,317,352,352,496,319,293,308,329,358,330,305,299,318,330,283,292,262,286,277,252,256,218,278,269,307,287,225,220,213,202,224,176,202,280,289,355,146,139,118,117,123,87,77,44,26,16,9,6,5,8,3,4,5,3,5,7,8,12,5,9,10,11,4,5,5,7,6,5,6,4,9,9,6,6,5,2,8,7,7,9,4,5,5,11,8,6,11,5,5,3,2,1,1,0,0,0,0,0,0,0,0,0,0,0,0,0,0,0,0,0,0,0,0,0,0,0,0,0,0,0,0,0,0,0,0,0,0,0,0,0,0,0,0,0,0,0,0,0,0,0,0,0,0,0,0,0,0
65.45,0,0,0,0,0,0,0,0,0,0,0,0,0,0,0,0,0,1,0,0,0,0,0,0,0,0,0,0,0,0,1,1,0,0,0,1,0,0,0,0,0,0,0,0,0,1,0,2,1,1,0,0,0,1,0,0,0,1,1,4,1,1,1,1,3,1,1,1,0,0,3,1,1,2,1,3,1,2,2,4,2,1,4,4,2,4,3,5,7,9,5,3,13,10,18,19,18,19,23,35,36,33,46,48,62,67,73,70,99,96,115,129,161,173,234,251,316,395,510,539,666,704,745,780,773,783,742,778,740,678,716,648,697,629,600,562,556,478,513,502,424,435,459,428,400,446,408,393,399,340,376,386,337,317,353,352,495,320,293,308,328,358,330,306,298,318,329,283,293,262,286,277,252,255,218,278,269,307,287,225,220,213,202,224,176,202,280,289,355,146,139,118,117,123,87,77,44,26,16,9,6,5,8,3,4,5,3,5,7,8,12,5,9,10,11,4,5,5,7,6,5,6,4,9,9,6,6,5,2,8,7,7,9,4,5,5,11,8,6,11,5,5,3,2,1,1,0,0,0,0,0,0,0,0,0,0,0,0,0,0,0,0,0,0,0,0,0,0,0,0,0,0,0,0,0,0,0,0,0,0,0,0,0,0,0,0,0,0,0,0,0,0,0,0,0,0,0,0,0,0
65.55,0,0,0,0,0,0,0,0,0,0,0,0,0,0,0,0,0,0,0,0,0,0,0,2,0,0,0,0,0,0,0,0,0,1,0,1,0,0,0,0,1,0,1,1,0,0,0,0,0,1,0,0,2,0,0,0,0,1,1,0,2,1,0,2,1,1,2,1,1,1,2,0,1,3,4,4,2,1,3,5,1,1,5,5,3,1,1,4,5,9,5,3,14,11,20,21,17,20,22,35,36,32,45,48,61,68,73,70,99,96,115,130,160,173,231,251,315,396,510,534,664,702,744,779,772,782,740,778,741,677,716,648,697,629,600,562,556,478,513,502,424,436,458,428,400,446,408,393,399,340,376,386,337,317,353,352,495,320,293,308,327,359,330,306,298,318,329,283,292,262,286,277,252,255,218,278,269,307,287,225,220,213,202,224,176,202,280,288,355,146,139,118,117,123,87,77,44,26,16,9,6,5,8,3,4,5,3,5,7,8,12,5,9,10,11,4,5,5,7,6,5,6,4,9,9,6,7,5,2,8,7,7,9,4,5,5,11,8,6,11,5,5,3,2,1,1,0,0,0,0,0,0,0,0,0,0,0,0,0,0,0,0,0,0,0,0,0,0,0,0,0,0,0,0,0,0,0,0,0,0,0,0,0,0,0,0,0,0,0,0,0,0,0,0,0,0,0,0,0,0
65.65,0,0,0,0,0,0,0,0,0,0,0,0,0,0,0,0,0,0,0,0,0,1,0,0,0,0,0,0,0,0,0,0,0,0,0,0,0,0,0,1,0,0,0,0,0,2,0,0,0,0,0,0,1,0,0,0,0,3,0,0,0,0,0,0,2,1,4,3,1,0,1,1,1,1,3,3,3,0,2,3,3,2,6,5,4,2,1,4,6,9,6,3,15,9,20,19,18,18,22,34,36,32,45,47,60,68,73,70,99,95,115,130,160,173,231,249,315,396,510,535,663,702,744,779,772,782,740,778,741,677,717,648,696,629,599,562,556,478,513,502,424,436,458,427,401,445,409,393,399,339,377,386,336,317,353,352,495,320,294,307,327,358,331,305,298,318,329,283,292,262,285,277,252,255,218,278,269,307,287,225,221,213,202,224,176,202,280,287,355,146,139,117,117,123,87,77,44,26,16,9,6,5,8,3,4,5,3,5,7,8,12,5,9,10,11,4,5,5,7,6,5,6,4,9,9,6,7,5,2,8,7,7,9,4,5,5,11,8,6,11,5,5,3,2,1,1,0,0,0,0,0,0,0,0,0,0,0,0,0,0,0,0,0,0,0,0,0,0,0,0,0,0,0,0,0,0,0,0,0,0,0,0,0,0,0,0,0,0,0,0,0,0,0,0,0,0,0,0,0,0
65.75,0,0,0,0,0,0,0,0,0,0,0,0,0,0,0,0,0,0,0,0,0,0,0,0,0,0,0,0,0,0,0,0,0,0,0,0,0,0,0,1,0,0,1,0,0,0,0,1,0,1,1,0,0,1,1,0,1,1,1,0,0,1,1,1,0,0,2,1,2,2,1,3,3,2,3,3,2,0,2,2,1,2,5,5,4,2,4,5,3,9,11,3,14,9,18,18,19,18,22,34,35,31,45,47,60,68,73,70,99,95,115,130,160,173,230,249,313,396,510,533,661,703,744,779,772,782,740,779,740,677,718,647,696,629,599,562,556,478,513,502,424,436,458,427,401,445,409,393,399,339,377,386,336,317,354,352,495,320,294,307,327,358,331,305,298,318,329,284,292,262,285,277,252,255,218,278,269,307,286,225,221,213,202,224,176,203,279,287,355,146,139,117,117,123,87,77,44,26,16,9,6,5,8,3,4,5,3,5,7,8,12,5,9,10,11,4,5,5,7,6,5,6,4,9,9,6,7,5,2,8,7,7,9,4,5,5,11,8,6,11,5,5,3,2,1,1,0,0,0,0,0,0,0,0,0,0,0,0,0,0,0,0,0,0,0,0,0,0,0,0,0,0,0,0,0,0,0,0,0,0,0,0,0,0,0,0,0,0,0,0,0,0,0,0,0,0,0,0,0,0
65.85,0,0,0,0,0,0,0,0,0,0,0,0,0,0,0,0,0,0,0,0,0,0,0,0,0,0,0,0,0,0,0,0,0,0,0,0,0,1,1,0,0,0,0,0,0,0,0,0,0,0,0,0,0,1,2,1,0,0,1,0,1,2,0,0,1,1,1,1,0,1,2,2,0,0,1,1,0,1,3,4,0,2,2,2,8,0,3,4,5,9,7,2,16,9,20,20,18,17,22,34,35,30,45,47,61,67,73,70,96,95,115,130,160,173,230,249,313,396,510,532,661,702,745,779,772,782,740,779,740,677,717,647,696,629,599,562,556,478,513,502,424,436,458,427,402,445,409,393,399,339,377,385,336,317,354,352,495,320,294,307,327,358,331,305,299,318,329,284,292,262,285,277,252,255,218,278,269,307,286,225,221,213,202,224,176,203,279,287,355,146,140,117,117,123,87,77,44,26,16,9,6,5,8,3,4,5,3,5,7,8,12,5,9,10,11,4,5,5,7,6,5,6,4,9,9,6,7,5,2,8,7,7,9,4,5,5,11,8,6,11,5,5,3,2,1,1,0,0,0,0,0,0,0,0,0,0,0,0,0,0,0,0,0,0,0,0,0,0,0,0,0,0,0,0,0,0,0,0,0,0,0,0,0,0,0,0,0,0,0,0,0,0,0,0,0,0,0,0,0,0
65.95,0,0,0,0,0,0,0,0,0,0,0,0,0,0,0,0,0,0,0,0,0,0,0,0,0,0,0,0,0,0,0,1,0,0,0,0,0,0,0,0,0,0,0,0,1,1,0,1,0,0,1,0,0,0,0,0,0,0,1,0,1,0,0,0,0,0,0,0,0,0,0,0,0,0,0,0,0,2,2,1,2,1,4,4,3,2,3,6,5,10,8,6,15,9,19,19,19,18,23,35,35,30,45,48,61,67,73,70,96,96,115,130,160,173,231,250,313,396,508,532,660,702,744,778,772,782,740,779,739,678,718,646,696,629,599,562,556,478,513,500,424,436,458,427,402,445,409,393,399,339,377,386,336,317,354,353,495,321,293,307,327,358,331,304,299,317,329,284,292,262,285,277,252,255,217,278,269,307,286,225,221,213,202,224,176,203,279,287,355,145,140,117,117,123,87,77,44,26,16,9,6,5,8,3,4,5,3,5,7,8,12,5,9,10,11,4,5,5,7,6,5,6,4,9,9,6,7,5,2,8,7,7,9,4,5,5,11,8,6,11,5,5,3,2,1,1,0,0,0,0,0,0,0,0,0,0,0,0,0,0,0,0,0,0,0,0,0,0,0,0,0,0,0,0,0,0,0,0,0,0,0,0,0,0,0,0,0,0,0,0,0,0,0,0,0,0,0,0,0,0
66.05,0,0,0,0,0,0,0,0,0,0,0,0,0,0,1,0,0,0,0,0,0,0,0,0,0,0,0,0,0,0,0,0,0,1,0,0,0,0,0,1,0,0,0,1,0,0,0,1,0,0,0,0,0,1,0,0,0,0,0,0,0,3,1,0,0,0,1,0,1,0,0,0,1,0,0,2,0,0,1,1,1,4,2,3,2,0,3,7,10,9,7,8,11,10,19,20,18,17,21,36,34,31,49,45,60,66,71,71,97,96,117,128,160,173,230,250,315,395,509,531,661,703,743,778,773,780,739,780,738,677,720,647,695,629,599,563,555,478,513,501,422,436,458,427,402,446,408,394,399,339,375,385,336,318,354,354,494,321,293,307,327,359,331,304,301,317,329,283,293,261,285,277,252,256,216,278,269,307,286,225,221,213,202,225,176,202,279,288,354,145,140,117,117,123,87,77,44,26,16,9,6,5,8,3,4,5,3,5,7,8,12,5,9,10,11,4,5,5,7,6,5,6,4,9,9,6,7,5,2,8,7,7,9,4,5,5,11,8,6,11,5,5,3,2,1,1,0,0,0,0,0,0,0,0,0,0,0,0,0,0,0,0,0,0,0,0,0,0,0,0,0,0,0,0,0,0,0,0,0,0,0,0,0,0,0,0,0,0,0,0,0,0,0,0,0,0,0,0,0,0
66.15,0,0,0,0,0,0,0,0,0,0,0,0,0,0,0,0,0,0,0,0,0,1,0,0,0,0,0,0,0,0,0,0,0,0,0,0,0,0,0,0,0,1,0,0,0,0,1,0,0,2,0,0,0,0,0,0,1,0,1,1,0,0,0,1,0,0,0,1,1,2,2,0,1,0,0,0,2,1,2,1,3,2,2,3,5,2,4,8,7,8,8,7,12,11,16,17,19,16,22,37,34,30,45,45,59,67,73,71,96,96,115,128,159,173,232,250,315,395,508,530,659,702,743,778,775,779,737,779,738,676,722,647,694,629,601,561,553,478,513,501,422,437,458,427,401,445,409,393,398,340,374,385,336,318,354,354,494,321,293,307,328,359,331,304,301,318,328,283,292,261,285,278,252,255,216,278,269,307,286,225,221,213,202,226,175,202,280,287,354,145,140,117,117,123,87,77,44,26,16,9,6,5,8,3,4,5,3,5,7,8,12,5,9,10,11,4,5,5,7,6,5,6,4,9,9,6,7,5,2,8,7,7,9,4,5,5,11,8,6,11,5,5,3,2,1,1,0,0,0,0,0,0,0,0,0,0,0,0,0,0,0,0,0,0,0,0,0,0,0,0,0,0,0,0,0,0,0,0,0,0,0,0,0,0,0,0,0,0,0,0,0,0,0,0,0,0,0,0,0,0
66.25,0,0,0,0,0,0,0,0,0,0,0,0,0,0,0,0,0,0,0,0,0,0,0,0,0,0,1,0,0,0,0,0,0,0,0,0,0,0,0,0,0,0,0,0,0,0,0,1,0,0,0,0,0,0,1,0,1,0,1,1,0,0,3,2,1,1,0,0,1,0,2,1,1,2,0,2,3,2,2,1,3,2,3,6,4,1,3,7,8,7,7,5,11,6,19,19,20,14,20,35,34,31,45,48,58,65,72,70,96,96,115,129,159,174,231,250,314,394,506,530,659,704,741,781,773,778,738,778,738,676,723,645,695,629,601,560,553,478,514,500,423,436,458,427,401,446,408,393,399,339,374,385,336,318,355,352,494,321,293,307,327,360,331,304,300,317,328,283,292,262,285,277,252,255,216,278,269,307,286,225,221,213,202,226,176,202,279,286,354,145,140,117,117,123,87,77,44,26,16,9,6,5,8,3,4,5,3,5,7,8,12,5,9,10,11,4,5,5,7,6,5,6,4,9,9,6,7,5,2,8,7,7,9,4,5,5,11,8,6,11,5,5,3,2,1,1,0,0,0,0,0,0,0,0,0,0,0,0,0,0,0,0,0,0,0,0,0,0,0,0,0,0,0,0,0,0,0,0,0,0,0,0,0,0,0,0,0,0,0,0,0,0,0,0,0,0,0,0,0,0
66.35,0,0,0,0,0,0,0,0,0,0,0,0,0,0,1,0,0,0,1,0,0,0,0,0,0,0,0,0,0,1,0,0,0,0,0,0,0,0,0,1,1,0,0,0,0,0,0,0,0,1,1,0,0,0,0,1,0,0,0,0,1,0,1,1,0,3,1,2,1,0,1,0,1,3,4,3,2,2,1,4,2,3,2,3,4,2,1,5,5,7,7,5,12,8,18,16,18,14,19,36,33,31,44,45,58,65,72,71,96,94,116,126,161,172,230,249,314,392,507,530,659,703,741,779,774,777,738,778,738,676,723,645,696,629,601,559,553,479,513,500,423,436,458,427,402,445,409,392,399,339,374,385,336,319,354,353,494,322,293,307,327,358,331,304,300,319,328,283,291,261,285,277,252,255,216,278,269,307,286,225,221,213,203,226,175,202,279,286,354,145,140,117,117,123,87,77,44,26,16,9,6,5,8,3,4,5,3,5,7,8,12,5,9,10,11,4,5,5,7,6,5,6,4,9,9,6,7,5,2,8,7,7,9,4,5,5,11,8,6,11,5,5,3,2,1,1,0,0,0,0,0,0,0,0,0,0,0,0,0,0,0,0,0,0,0,0,0,0,0,0,0,0,0,0,0,0,0,0,0,0,0,0,0,0,0,0,0,0,0,0,0,0,0,0,0,0,0,0,0,0
66.45,0,0,0,0,0,0,0,0,0,0,0,0,0,0,0,0,0,0,0,1,0,0,0,0,0,0,0,0,0,0,0,0,0,0,0,0,0,0,1,0,1,0,0,0,0,0,0,0,1,0,0,1,0,0,2,0,1,1,0,0,0,1,0,2,0,3,0,2,3,0,2,2,0,0,0,1,2,0,5,3,2,1,3,2,3,1,2,4,5,7,7,4,12,6,19,17,17,15,18,35,33,29,45,46,58,66,72,71,95,96,115,126,160,172,230,249,314,392,509,527,660,700,741,780,771,777,738,779,738,677,722,645,697,628,601,559,552,478,513,501,422,436,458,427,402,445,408,393,398,339,374,385,337,319,354,352,494,321,293,307,327,359,331,304,300,318,328,283,291,261,285,277,252,255,216,278,269,307,286,226,221,213,202,226,175,202,279,286,354,145,140,117,117,123,87,77,44,26,16,9,6,5,8,3,4,5,3,5,7,8,12,5,9,10,11,3,5,5,7,6,5,6,4,9,9,6,7,5,2,8,7,7,9,4,5,5,11,8,6,11,5,5,3,2,1,1,0,0,0,0,0,0,0,0,0,0,0,0,0,0,0,0,0,0,0,0,0,0,0,0,0,0,0,0,0,0,0,0,0,0,0,0,0,0,0,0,0,0,0,0,0,0,0,0,0,0,0,0,0,0
66.55,0,0,0,0,0,0,0,0,0,0,0,0,0,0,0,0,0,0,0,0,0,1,0,0,0,0,0,0,1,0,0,0,0,0,0,0,0,0,0,0,0,1,0,0,0,1,1,0,0,0,0,0,1,0,1,0,1,1,0,1,1,2,0,1,0,0,1,3,1,1,2,0,0,4,1,1,1,0,0,1,2,4,2,5,4,3,0,2,6,5,8,4,12,7,18,15,17,15,19,35,34,29,46,45,59,65,73,70,95,95,115,126,160,172,230,249,314,392,509,527,658,701,738,780,771,777,736,779,738,678,722,645,697,630,599,559,552,478,514,500,422,436,458,428,402,445,409,392,398,339,374,385,335,318,354,352,494,321,293,307,327,359,331,304,300,318,328,283,291,261,285,277,252,255,216,278,270,307,286,225,221,213,203,225,175,202,279,286,354,145,140,117,117,123,87,77,44,26,16,9,6,5,8,3,4,5,3,5,7,8,12,5,9,10,11,3,5,5,7,6,5,6,4,9,9,6,7,5,2,8,7,7,9,4,5,5,11,8,6,11,5,5,3,2,1,1,0,0,0,0,0,0,0,0,0,0,0,0,0,0,0,0,0,0,0,0,0,0,0,0,0,0,0,0,0,0,0,0,0,0,0,0,0,0,0,0,0,0,0,0,0,0,0,0,0,0,0,0,0,0
66.65,0,1,0,0,0,0,0,0,0,0,0,0,0,0,0,0,0,0,0,1,0,0,0,0,0,0,0,0,0,0,1,0,0,0,1,0,0,0,0,0,0,1,0,0,0,0,0,0,0,0,0,0,0,1,1,0,0,0,0,1,2,2,0,0,1,2,2,1,1,1,1,2,0,2,0,0,2,0,0,2,2,5,2,3,4,1,2,2,4,5,8,4,13,7,18,15,17,14,18,34,33,28,45,46,59,65,72,69,95,95,115,125,159,172,230,250,314,392,510,527,658,699,738,782,768,777,737,779,738,678,722,646,696,630,599,559,552,478,514,500,422,436,458,428,402,444,409,391,398,339,374,385,335,318,355,352,494,321,293,308,327,359,331,304,300,317,328,283,291,261,285,277,252,256,216,279,269,307,286,225,221,213,203,225,175,202,279,286,353,145,140,117,117,123,87,77,44,26,16,9,6,5,8,3,4,5,3,5,7,8,12,5,9,10,11,3,5,5,7,6,5,6,4,9,9,6,7,5,2,8,7,7,9,4,5,5,11,8,6,11,5,5,3,2,1,1,0,0,0,0,0,0,0,0,0,0,0,0,0,0,0,0,0,0,0,0,0,0,0,0,0,0,0,0,0,0,0,0,0,0,0,0,0,0,0,0,0,0,0,0,0,0,0,0,0,0,0,0,0,0
66.75,0,0,0,0,0,0,0,0,0,1,0,0,0,0,0,0,0,0,0,0,0,0,0,0,0,0,0,0,0,0,0,0,0,0,1,0,0,1,0,0,1,0,0,0,0,0,0,1,0,1,1,1,0,0,0,0,0,0,0,1,0,0,0,2,0,0,0,0,1,2,1,2,3,4,2,0,3,1,1,3,3,2,2,3,3,1,1,1,3,8,7,6,10,8,19,15,18,15,20,34,33,29,45,45,58,66,73,70,95,95,115,125,157,172,230,251,313,392,509,527,658,699,738,783,768,777,737,779,738,678,721,645,696,630,599,559,552,479,513,500,422,436,458,428,402,444,409,391,398,339,374,385,335,318,355,352,494,321,293,308,327,358,331,304,300,317,328,283,292,261,285,278,252,255,216,279,269,308,286,225,221,213,203,225,175,202,279,286,353,145,140,117,117,123,87,77,44,26,16,9,6,5,8,3,4,5,3,5,7,8,12,5,9,10,11,3,5,5,7,6,5,6,4,9,9,6,7,5,2,8,7,7,9,4,5,5,11,8,6,11,5,5,3,2,1,1,0,0,0,0,0,0,0,0,0,0,0,0,0,0,0,0,0,0,0,0,0,0,0,0,0,0,0,0,0,0,0,0,0,0,0,0,0,0,0,0,0,0,0,0,0,0,0,0,0,0,0,0,0,0
66.85,0,0,0,0,0,0,0,0,0,0,0,0,0,0,0,0,0,0,0,0,0,0,0,0,0,0,0,0,0,0,0,0,0,0,0,0,0,0,0,0,1,0,0,0,0,0,1,0,0,1,0,0,0,0,0,0,0,0,2,0,1,0,1,1,0,0,1,0,0,0,0,0,0,2,1,0,1,2,0,2,0,0,4,6,4,2,1,1,6,7,9,4,11,9,19,17,18,16,19,34,33,29,46,45,58,66,74,70,95,95,115,125,156,172,230,251,313,392,509,527,658,699,738,781,768,778,736,779,738,678,721,645,697,629,599,559,553,478,514,500,422,435,458,428,402,444,409,391,398,339,374,385,334,318,355,352,494,321,293,308,327,357,331,304,299,317,328,284,291,261,285,279,252,254,216,279,269,308,286,225,221,213,203,225,175,202,279,287,353,145,140,117,117,123,87,77,44,26,16,9,6,5,8,3,4,5,3,5,7,8,12,5,9,10,11,3,5,5,7,6,5,6,4,9,9,6,7,5,2,8,7,7,9,4,5,5,11,8,6,11,5,5,3,2,1,1,0,0,0,0,0,0,0,0,0,0,0,0,0,0,0,0,0,0,0,0,0,0,0,0,0,0,0,0,0,0,0,0,0,0,0,0,0,0,0,0,0,0,0,0,0,0,0,0,0,0,0,0,0,0
66.95,0,0,0,0,0,0,0,0,0,0,0,0,0,0,0,0,0,0,0,0,0,0,0,0,0,0,0,0,0,1,0,0,0,0,0,0,0,1,0,0,0,0,0,0,1,0,0,1,0,1,0,0,0,0,0,0,0,0,0,0,0,0,0,0,0,0,0,0,0,0,1,0,0,3,0,1,1,2,1,1,0,2,2,2,5,0,1,4,7,7,9,8,13,10,18,14,19,15,21,35,33,29,45,45,58,66,74,70,95,95,115,126,156,172,230,250,313,392,509,527,658,699,738,779,769,778,736,780,738,678,721,645,697,629,599,559,551,478,514,500,422,435,458,428,402,444,409,391,398,339,374,385,334,318,355,352,494,321,293,308,327,357,331,304,299,317,328,284,291,261,285,279,252,254,216,279,269,308,286,225,221,213,203,225,175,202,279,287,353,145,140,117,117,123,87,77,44,26,16,9,6,5,8,3,4,5,3,5,7,8,12,5,9,10,11,3,5,5,7,6,5,6,4,9,9,6,7,5,2,8,7,7,9,4,5,5,11,8,6,11,5,5,3,2,1,1,0,0,0,0,0,0,0,0,0,0,0,0,0,0,0,0,0,0,0,0,0,0,0,0,0,0,0,0,0,0,0,0,0,0,0,0,0,0,0,0,0,0,0,0,0,0,0,0,0,0,0,0,0,0
67.05,0,0,0,0,0,0,0,0,0,0,0,0,0,0,0,0,0,0,0,0,0,1,0,0,2,0,0,0,0,1,0,0,0,0,0,1,0,0,0,0,1,0,0,0,0,0,0,0,0,0,1,0,0,0,0,0,0,0,0,0,0,0,0,0,0,1,0,0,0,1,1,1,0,0,0,0,0,5,1,1,2,2,3,5,4,1,2,2,5,8,13,8,12,7,20,14,17,19,20,31,36,30,44,41,59,64,74,70,95,95,116,126,156,171,230,249,315,389,509,527,659,698,738,779,769,778,736,781,737,680,722,643,698,629,598,560,549,477,514,501,423,434,458,428,404,442,409,393,397,339,373,385,334,317,355,352,494,321,294,308,326,357,331,305,299,317,329,283,290,261,285,279,254,254,216,279,269,308,286,225,221,213,203,225,175,202,279,287,353,145,140,117,117,123,87,77,44,26,16,9,6,5,8,3,4,5,3,5,7,8,12,5,9,10,11,3,5,5,7,6,5,6,4,9,9,6,7,5,2,8,7,7,9,4,5,5,11,8,6,11,5,5,3,2,1,1,0,0,0,0,0,0,0,0,0,0,0,0,0,0,0,0,0,0,0,0,0,0,0,0,0,0,0,0,0,0,0,0,0,0,0,0,0,0,0,0,0,0,0,0,0,0,0,0,0,0,0,0,0,0
67.15,0,0,0,0,0,0,0,0,0,0,0,0,0,0,0,0,0,0,0,0,0,0,0,0,0,0,0,0,0,0,1,1,0,0,0,0,0,0,1,0,0,0,1,1,1,0,0,1,1,0,0,0,0,0,0,1,4,0,0,3,0,2,2,1,0,0,0,1,2,2,0,0,0,2,0,0,3,0,1,1,0,2,2,4,3,0,3,3,5,9,10,6,11,9,21,12,18,17,20,31,35,30,43,42,58,65,73,70,98,94,116,126,156,170,232,249,313,387,509,526,658,699,738,777,770,777,736,779,740,680,720,643,697,632,598,559,550,476,513,503,422,434,458,428,404,442,409,392,397,339,373,387,333,317,355,352,494,322,294,308,326,357,331,304,300,317,327,283,290,261,285,279,254,254,216,279,269,308,286,225,221,213,203,225,175,202,279,287,353,145,140,117,117,123,87,77,44,26,16,9,6,5,8,3,4,5,3,5,7,8,12,5,9,10,11,3,5,5,7,6,5,6,4,9,9,6,7,5,2,8,7,7,9,4,5,5,11,8,6,11,5,5,3,2,1,1,0,0,0,0,0,0,0,0,0,0,0,0,0,0,0,0,0,0,0,0,0,0,0,0,0,0,0,0,0,0,0,0,0,0,0,0,0,0,0,0,0,0,0,0,0,0,0,0,0,0,0,0,0,0
67.25,0,0,0,0,0,0,0,0,0,0,0,0,0,0,0,0,0,0,0,0,0,0,0,0,0,0,0,0,0,0,0,0,0,0,0,0,0,0,0,0,0,1,0,0,0,0,0,1,0,0,0,0,0,1,1,0,0,1,0,0,0,0,0,1,0,4,2,1,3,0,6,1,1,0,1,0,1,0,3,3,0,2,3,4,3,2,3,4,6,7,12,9,10,6,20,12,15,18,19,32,34,29,43,42,58,64,75,70,96,96,116,126,157,170,230,249,314,386,509,526,658,698,738,776,770,777,736,779,738,678,720,643,696,631,598,560,549,476,514,502,422,434,457,430,402,442,409,392,397,339,374,385,333,317,353,352,494,322,293,308,326,357,332,304,299,317,327,283,290,261,285,279,254,254,216,279,269,308,286,225,221,213,203,225,175,202,279,287,353,145,140,116,117,123,87,77,44,26,16,9,6,5,8,3,4,5,3,5,7,8,12,5,9,10,11,3,5,5,7,6,5,6,4,9,9,6,7,5,2,8,7,7,9,4,5,5,11,8,6,11,5,5,3,2,1,1,0,0,0,0,0,0,0,0,0,0,0,0,0,0,0,0,0,0,0,0,0,0,0,0,0,0,0,0,0,0,0,0,0,0,0,0,0,0,0,0,0,0,0,0,0,0,0,0,0,0,0,0,0,0
67.35,0,0,0,0,1,0,0,0,0,0,0,0,0,0,0,0,0,0,0,0,0,0,1,0,0,0,0,0,0,0,0,1,0,0,0,1,0,0,0,0,0,0,0,1,0,0,0,0,1,1,1,0,0,2,0,0,2,0,1,0,1,0,0,0,1,0,2,1,0,1,5,1,0,0,5,3,0,1,0,4,1,1,2,5,3,1,2,4,5,8,11,6,10,7,20,12,17,18,18,32,34,27,41,42,58,64,74,71,97,95,117,124,156,171,229,249,314,386,511,527,658,698,738,777,770,776,735,778,738,677,720,643,695,631,598,559,549,476,514,501,422,434,458,429,402,442,410,391,397,340,373,385,333,314,353,352,494,322,293,308,327,357,331,304,299,317,328,282,290,261,285,279,254,254,216,280,269,308,286,225,221,213,203,225,175,202,279,287,353,145,140,116,117,123,87,77,44,26,16,9,6,5,8,3,4,5,3,5,7,8,12,5,9,10,11,3,5,5,7,6,5,6,4,9,9,6,7,5,2,8,7,7,9,4,5,5,11,8,6,11,5,5,3,2,1,1,0,0,0,0,0,0,0,0,0,0,0,0,0,0,0,0,0,0,0,0,0,0,0,0,0,0,0,0,0,0,0,0,0,0,0,0,0,0,0,0,0,0,0,0,0,0,0,0,0,0,0,0,0,0
67.45,0,0,0,0,0,0,0,0,0,0,0,0,0,0,0,0,0,0,0,0,0,0,0,0,0,0,0,0,0,0,0,0,0,0,0,0,1,0,0,0,1,0,0,1,0,1,0,1,1,2,1,0,1,0,1,0,0,0,0,1,1,0,2,0,0,0,0,2,1,0,1,1,1,1,1,2,1,1,2,4,1,0,5,4,4,1,3,2,4,5,10,6,9,7,19,12,17,16,16,31,32,26,43,43,58,64,74,71,96,95,116,124,156,171,229,249,314,386,511,525,659,698,738,777,770,776,735,779,737,677,720,643,695,632,597,559,550,476,513,501,422,435,460,428,402,442,410,392,397,339,373,385,333,314,353,352,494,322,294,308,326,357,331,303,299,317,328,282,290,261,285,279,254,253,216,280,269,308,286,225,221,213,203,224,175,202,279,287,353,145,140,116,117,123,87,77,44,26,16,9,6,5,8,3,4,5,3,5,7,8,12,5,9,10,11,3,5,5,7,6,5,6,4,9,9,6,7,5,2,8,7,7,9,4,5,5,11,8,6,11,5,5,3,2,1,1,0,0,0,0,0,0,0,0,0,0,0,0,0,0,0,0,0,0,0,0,0,0,0,0,0,0,0,0,0,0,0,0,0,0,0,0,0,0,0,0,0,0,0,0,0,0,0,0,0,0,0,0,0,0
67.55,0,0,0,0,0,0,0,0,0,0,0,0,0,0,0,0,0,0,0,0,0,0,0,0,0,1,0,0,0,0,0,0,1,0,0,0,0,0,0,0,0,0,1,0,0,1,0,0,0,0,0,0,1,1,0,0,0,3,0,0,1,2,0,0,0,1,0,1,2,2,0,0,0,1,1,2,0,3,3,3,0,1,2,3,3,2,4,2,3,5,11,6,8,9,18,12,17,17,16,31,31,26,42,43,58,64,71,70,96,96,116,125,156,171,229,249,314,386,511,525,659,698,739,776,771,775,735,780,736,677,720,644,694,630,597,560,549,476,513,501,424,435,458,428,404,441,412,390,397,339,373,385,333,314,353,352,494,322,294,308,326,356,331,303,299,317,328,282,290,260,285,279,255,253,216,280,269,309,286,225,222,212,203,224,175,202,278,287,352,145,140,116,117,123,87,77,44,26,16,9,6,5,8,3,4,5,3,5,7,8,12,5,9,10,11,3,5,5,7,6,5,6,4,9,9,6,7,5,2,8,7,7,9,4,5,5,11,8,6,11,5,5,3,2,1,1,0,0,0,0,0,0,0,0,0,0,0,0,0,0,0,0,0,0,0,0,0,0,0,0,0,0,0,0,0,0,0,0,0,0,0,0,0,0,0,0,0,0,0,0,0,0,0,0,0,0,0,0,0,0
67.65,1,0,0,0,0,0,0,0,0,0,0,0,0,0,0,0,0,0,0,0,0,0,0,0,0,1,0,0,0,0,0,0,0,0,0,0,0,0,0,0,0,0,0,1,0,0,1,0,0,0,0,0,1,0,0,2,0,0,0,0,0,1,1,1,1,1,1,0,0,0,3,0,1,3,1,0,5,2,3,3,3,1,1,3,4,1,4,2,5,5,11,5,8,8,18,13,17,15,18,30,32,26,42,42,58,64,71,70,96,97,116,125,155,171,229,249,315,386,511,525,659,697,736,777,770,774,736,779,736,677,721,644,693,630,597,558,550,475,513,502,424,434,458,428,404,442,411,390,397,339,373,385,333,314,353,352,495,322,294,308,326,356,331,303,299,317,328,282,290,260,285,279,255,253,216,280,269,309,286,225,222,212,203,224,175,202,278,287,352,145,140,116,117,123,87,77,44,26,16,9,6,5,8,3,4,5,3,5,7,8,12,5,9,10,11,3,5,5,7,6,5,6,4,9,9,6,7,5,2,8,7,7,9,4,5,5,11,8,6,11,5,5,3,2,1,1,0,0,0,0,0,0,0,0,0,0,0,0,0,0,0,0,0,0,0,0,0,0,0,0,0,0,0,0,0,0,0,0,0,0,0,0,0,0,0,0,0,0,0,0,0,0,0,0,0,0,0,0,0,0
67.75,0,0,0,0,0,0,0,0,0,0,0,0,0,0,0,0,0,0,0,0,0,0,0,1,0,0,0,0,0,0,0,0,0,0,0,0,0,0,0,1,0,0,0,0,0,0,0,0,1,0,0,0,2,0,0,0,0,0,1,1,1,0,1,1,1,2,1,0,2,1,1,0,1,1,0,1,0,1,1,2,2,2,4,4,6,0,1,3,3,6,14,5,8,8,17,12,17,15,15,30,32,27,41,42,57,64,71,70,96,96,116,125,155,171,229,249,315,387,510,526,659,698,736,777,770,774,737,777,736,678,719,644,693,630,597,559,549,475,513,500,424,434,458,428,402,441,411,391,397,338,373,385,333,314,353,353,495,322,294,308,326,356,331,303,299,317,328,282,290,260,285,278,255,253,216,280,268,309,286,225,222,212,203,224,175,202,278,287,352,145,140,116,117,123,87,77,44,26,16,9,6,5,8,3,4,5,3,5,7,8,12,5,9,10,11,3,5,5,7,6,5,6,4,9,9,6,7,5,2,8,7,7,9,4,5,5,11,8,6,11,5,5,3,2,1,1,0,0,0,0,0,0,0,0,0,0,0,0,0,0,0,0,0,0,0,0,0,0,0,0,0,0,0,0,0,0,0,0,0,0,0,0,0,0,0,0,0,0,0,0,0,0,0,0,0,0,0,0,0,0
67.85,0,0,0,0,0,0,0,0,0,0,0,0,0,0,0,0,0,0,0,0,0,0,0,0,0,0,0,0,0,0,0,0,0,0,0,0,0,0,0,0,0,0,1,1,0,0,0,1,0,0,0,0,0,0,1,0,0,0,0,0,2,0,0,1,0,0,0,0,2,0,0,0,1,2,3,2,1,1,0,3,0,0,1,4,6,4,4,2,3,7,11,5,8,8,17,12,18,14,15,29,32,27,40,42,57,64,72,69,96,96,116,125,155,171,229,249,315,388,509,526,658,698,736,778,770,774,735,777,736,678,718,643,693,630,598,558,549,475,513,501,423,434,458,428,402,441,411,390,398,338,373,385,333,314,353,353,495,322,294,308,326,356,331,303,299,317,328,282,290,260,285,278,255,253,216,280,268,309,286,225,222,212,203,224,175,202,278,287,352,145,140,116,117,123,87,77,44,26,16,9,6,5,8,3,4,5,3,5,7,8,12,5,9,10,11,3,5,5,7,6,5,6,4,9,9,6,7,5,2,8,7,7,9,4,5,5,11,8,6,11,5,5,3,2,1,1,0,0,0,0,0,0,0,0,0,0,0,0,0,0,0,0,0,0,0,0,0,0,0,0,0,0,0,0,0,0,0,0,0,0,0,0,0,0,0,0,0,0,0,0,0,0,0,0,0,0,0,0,0,0
67.95,0,0,0,0,0,0,0,0,0,0,0,0,0,0,0,0,0,0,0,0,0,0,0,0,0,0,0,0,0,0,0,0,0,0,0,0,0,0,0,0,1,0,0,0,0,0,0,0,0,0,0,0,0,0,0,1,0,0,1,0,0,0,0,1,0,0,2,0,0,0,0,1,0,0,1,2,0,0,0,4,0,2,4,5,5,2,2,4,4,10,12,5,8,10,18,12,16,13,17,30,31,28,39,42,56,64,72,69,96,96,116,125,155,171,229,249,315,388,509,526,658,698,736,776,770,774,735,777,736,678,718,642,693,630,598,558,549,475,513,501,423,434,458,428,402,441,411,390,398,339,373,385,333,314,353,353,495,322,294,308,326,356,331,303,299,317,328,282,290,260,285,278,255,253,216,280,268,309,286,225,223,212,203,224,175,202,278,287,352,145,140,116,117,123,87,77,44,26,16,9,6,5,8,3,4,5,3,5,7,8,12,5,9,10,11,3,5,5,7,6,5,6,4,9,9,6,7,5,2,8,7,7,9,4,5,5,11,8,6,11,5,5,3,2,1,1,0,0,0,0,0,0,0,0,0,0,0,0,0,0,0,0,0,0,0,0,0,0,0,0,0,0,0,0,0,0,0,0,0,0,0,0,0,0,0,0,0,0,0,0,0,0,0,0,0,0,0,0,0,0
68.05,0,0,0,0,0,0,0,0,0,0,0,0,0,0,0,0,0,0,0,0,0,0,0,0,0,0,0,0,0,0,0,0,1,0,0,0,0,0,0,0,0,0,0,0,1,0,0,0,0,1,0,0,0,0,1,0,0,0,1,0,0,0,1,1,0,0,1,1,0,0,0,2,0,0,0,0,0,3,0,0,1,2,2,1,5,5,4,4,6,5,13,7,6,13,19,13,17,12,16,33,34,27,36,44,56,65,70,69,95,94,116,125,157,170,231,248,314,388,509,527,659,697,737,775,769,773,735,777,736,678,717,642,693,630,598,557,550,474,514,500,423,433,457,429,400,440,411,391,397,338,374,385,332,315,353,354,494,322,294,308,326,355,331,305,298,317,327,282,290,260,285,278,255,253,216,280,269,310,286,225,223,212,203,224,175,202,278,288,352,145,140,116,117,123,87,77,44,26,16,9,6,5,8,3,4,5,3,5,7,8,12,5,9,10,11,3,5,5,7,6,5,6,4,9,9,6,7,5,2,8,7,7,9,4,5,5,11,8,6,11,5,5,3,2,1,1,0,0,0,0,0,0,0,0,0,0,0,0,0,0,0,0,0,0,0,0,0,0,0,0,0,0,0,0,0,0,0,0,0,0,0,0,0,0,0,0,0,0,0,0,0,0,0,0,0,0,0,0,0,0
68.15,0,0,0,0,0,0,0,0,1,0,0,0,0,0,0,0,0,0,0,0,0,0,0,0,0,0,0,0,0,0,0,2,0,1,0,0,0,0,0,1,0,0,1,0,0,0,0,2,0,2,0,0,1,0,0,0,0,0,0,1,1,0,1,0,0,0,0,1,1,0,1,0,0,0,0,0,0,0,1,1,2,1,4,1,6,2,2,1,5,5,13,6,9,16,17,13,19,15,15,31,34,27,36,44,55,64,71,67,94,94,117,126,156,169,229,248,315,387,509,527,658,699,733,775,769,773,735,778,737,676,717,642,693,631,598,558,549,475,513,500,425,432,456,430,400,441,411,390,397,338,375,384,332,316,353,353,495,321,296,306,325,355,332,304,298,317,327,282,289,260,286,278,255,253,216,281,268,308,286,225,223,212,203,224,175,203,278,287,352,145,140,116,117,123,87,77,44,26,16,9,6,5,8,3,4,5,3,5,7,8,12,5,9,10,11,3,5,5,7,6,5,6,4,9,9,6,7,5,2,8,7,7,9,4,5,5,11,8,6,11,5,5,3,2,1,1,0,0,0,0,0,0,0,0,0,0,0,0,0,0,0,0,0,0,0,0,0,0,0,0,0,0,0,0,0,0,0,0,0,0,0,0,0,0,0,0,0,0,0,0,0,0,0,0,0,0,0,0,0,0
68.25,0,0,0,0,0,0,0,0,0,0,0,0,0,0,0,0,0,0,0,0,0,0,0,0,0,0,0,0,0,0,0,0,0,0,0,0,0,0,0,2,0,0,0,0,0,0,1,0,0,1,1,0,0,0,1,0,1,1,1,1,1,0,3,1,0,1,1,0,0,0,2,0,0,2,0,0,2,1,0,1,2,3,3,1,4,2,2,3,6,5,15,10,7,16,18,11,17,13,17,31,31,27,35,43,57,64,71,67,95,94,115,125,156,170,229,248,315,387,509,525,659,696,733,775,769,773,735,780,735,676,717,642,693,631,598,558,550,475,512,502,424,432,458,428,399,441,410,391,397,339,374,384,331,315,353,354,495,322,294,306,326,356,331,304,298,317,327,282,289,260,285,278,255,253,217,280,268,308,286,225,223,212,204,224,175,202,278,287,352,145,140,116,117,123,87,77,44,26,16,9,6,5,8,3,4,5,3,5,7,8,12,5,9,10,11,3,5,5,7,6,5,6,4,9,9,6,7,5,2,8,7,7,9,4,5,5,11,8,6,11,5,5,3,2,1,1,0,0,0,0,0,0,0,0,0,0,0,0,0,0,0,0,0,0,0,0,0,0,0,0,0,0,0,0,0,0,0,0,0,0,0,0,0,0,0,0,0,0,0,0,0,0,0,0,0,0,0,0,0,0
68.35,0,0,0,1,0,0,0,0,0,0,0,0,0,0,0,0,0,0,0,0,0,0,0,0,0,0,0,0,0,0,0,1,0,0,0,0,0,0,0,0,0,0,1,0,1,3,0,1,0,0,0,0,1,1,1,1,2,0,1,0,2,1,0,0,0,1,1,1,0,1,1,1,0,1,1,3,4,1,0,2,0,1,2,3,4,2,2,2,8,7,11,9,7,13,18,11,17,12,16,31,30,28,35,42,54,64,71,67,94,94,116,125,156,171,229,248,316,387,509,524,659,696,732,775,769,773,735,780,737,674,717,642,693,631,598,558,550,475,512,502,424,433,458,427,400,441,410,390,400,338,374,384,331,315,353,355,494,322,295,306,325,355,331,304,298,317,327,282,289,260,285,278,256,253,216,280,268,308,286,225,224,212,203,224,175,202,278,287,352,145,140,116,118,123,87,77,44,26,16,9,6,5,8,3,4,5,3,5,7,8,12,5,9,10,11,3,5,5,7,6,5,6,4,9,9,6,7,5,2,8,7,7,9,4,5,5,11,8,6,11,5,5,3,2,1,1,0,0,0,0,0,0,0,0,0,0,0,0,0,0,0,0,0,0,0,0,0,0,0,0,0,0,0,0,0,0,0,0,0,0,0,0,0,0,0,0,0,0,0,0,0,0,0,0,0,0,0,0,0,0
68.45,0,0,0,0,0,0,0,0,0,0,0,0,0,0,0,0,0,0,0,0,0,0,0,0,0,1,0,0,0,0,0,0,0,0,0,0,1,0,0,0,0,0,0,0,0,0,0,0,0,0,0,1,0,2,0,0,2,1,0,0,1,3,0,1,0,0,1,2,5,2,0,1,2,0,0,1,2,3,0,0,3,1,2,2,7,2,4,3,6,6,11,6,7,15,19,11,16,12,15,31,29,26,36,42,55,64,70,67,94,94,114,125,155,171,228,249,317,387,509,524,657,696,731,774,769,773,736,779,737,674,717,642,693,631,598,559,549,475,512,502,425,432,457,428,400,441,410,390,399,339,374,384,331,315,354,355,495,321,294,306,325,355,331,304,298,317,327,282,289,261,286,278,255,253,216,280,269,308,286,225,223,212,203,224,175,202,278,287,352,145,140,116,118,123,87,77,44,26,16,9,6,5,8,3,4,5,3,5,7,8,12,5,9,10,11,3,5,5,7,6,5,6,4,9,9,6,7,5,2,8,7,7,9,4,5,5,11,8,6,11,5,5,3,2,1,1,0,0,0,0,0,0,0,0,0,0,0,0,0,0,0,0,0,0,0,0,0,0,0,0,0,0,0,0,0,0,0,0,0,0,0,0,0,0,0,0,0,0,0,0,0,0,0,0,0,0,0,0,0,0
68.55,0,0,0,0,0,0,0,1,0,0,0,0,0,0,0,0,0,0,0,0,0,0,0,0,0,0,0,0,0,0,0,0,0,0,0,0,0,0,0,0,1,0,0,0,0,1,0,0,0,0,0,0,0,1,0,1,1,1,0,0,1,0,2,0,0,2,1,1,1,0,0,1,2,2,1,1,2,2,0,0,2,2,3,2,5,3,2,3,4,6,13,6,7,14,20,10,16,12,14,31,29,28,36,42,54,63,71,67,94,94,114,125,155,171,228,247,317,385,509,524,657,696,732,775,768,773,736,779,737,674,717,642,693,631,599,558,550,474,512,502,423,433,456,427,401,441,410,391,398,339,374,384,331,316,354,355,494,321,294,306,325,355,331,304,297,317,327,283,289,261,285,279,255,253,216,280,268,308,286,225,223,212,203,224,175,202,278,287,352,145,140,116,118,123,87,77,44,26,16,9,6,5,8,3,4,5,3,5,7,8,12,5,9,10,11,3,5,5,7,6,5,6,4,9,9,6,7,5,2,8,7,7,9,4,5,5,11,8,6,11,5,5,3,2,1,1,0,0,0,0,0,0,0,0,0,0,0,0,0,0,0,0,0,0,0,0,0,0,0,0,0,0,0,0,0,0,0,0,0,0,0,0,0,0,0,0,0,0,0,0,0,0,0,0,0,0,0,0,0,0
68.65,0,0,0,0,0,0,0,0,0,0,0,0,0,0,0,0,0,0,0,0,0,0,0,0,0,0,0,0,0,0,0,0,0,0,0,1,0,0,1,1,0,2,0,1,0,0,1,0,0,0,1,0,0,2,0,0,0,2,0,1,0,0,1,1,1,1,1,1,1,1,0,1,1,3,2,1,0,3,1,3,1,2,2,2,6,2,2,3,4,5,12,7,7,13,19,10,16,13,15,32,30,27,37,42,54,63,71,67,94,94,114,123,155,171,228,247,317,385,509,524,658,695,732,775,768,774,735,780,736,672,717,642,693,631,599,558,548,474,512,502,423,433,456,427,400,442,411,390,398,338,375,384,332,316,354,355,494,321,294,306,325,355,331,304,297,317,328,282,288,261,285,278,255,253,216,280,268,308,286,225,223,212,203,224,175,202,278,287,352,145,140,116,118,123,87,77,44,26,16,9,6,5,8,3,4,5,3,5,7,8,12,5,9,10,11,3,5,5,7,6,5,6,4,9,9,6,7,5,2,8,7,7,9,4,5,5,11,8,6,11,5,5,3,2,1,1,0,0,0,0,0,0,0,0,0,0,0,0,0,0,0,0,0,0,0,0,0,0,0,0,0,0,0,0,0,0,0,0,0,0,0,0,0,0,0,0,0,0,0,0,0,0,0,0,0,0,0,0,0,0
68.75,0,0,0,0,0,0,0,0,0,0,0,0,0,0,0,0,0,0,0,0,0,0,0,0,0,0,0,0,0,0,0,0,0,1,0,0,1,1,0,0,0,0,0,0,1,0,0,0,0,0,0,0,0,2,0,0,0,1,0,0,0,2,0,0,2,1,0,1,3,0,1,4,3,0,0,0,3,2,1,0,0,2,3,3,7,4,3,2,4,5,13,8,8,13,19,11,17,12,16,31,29,26,38,42,55,63,71,67,94,94,114,123,156,171,228,247,317,385,509,524,658,695,733,774,768,772,735,780,737,672,717,642,693,630,598,558,548,474,512,502,424,432,456,427,400,441,410,390,398,338,374,385,332,316,354,355,494,321,294,306,325,355,331,304,297,317,327,282,288,261,285,278,255,253,216,280,269,308,286,224,223,212,203,224,175,202,278,287,352,145,140,116,118,123,87,77,44,26,16,9,6,5,8,3,4,5,3,5,7,8,12,5,9,10,11,3,5,5,7,6,5,6,4,9,9,6,7,5,2,8,7,7,9,4,5,5,11,8,6,11,5,5,3,2,1,1,0,0,0,0,0,0,0,0,0,0,0,0,0,0,0,0,0,0,0,0,0,0,0,0,0,0,0,0,0,0,0,0,0,0,0,0,0,0,0,0,0,0,0,0,0,0,0,0,0,0,0,0,0,0
68.85,0,0,0,0,0,0,0,0,0,0,0,0,0,0,0,0,0,0,0,0,0,0,0,1,0,0,0,0,1,0,0,1,1,0,0,0,0,0,0,0,0,0,0,0,0,0,0,2,0,0,0,0,0,0,0,0,1,1,1,0,1,0,1,1,0,0,0,0,0,2,0,1,0,3,3,4,1,3,4,1,0,0,2,3,5,3,2,5,5,5,14,9,8,15,19,11,16,13,17,31,29,24,37,42,55,62,72,68,94,94,114,123,156,171,228,246,317,385,509,524,658,695,733,774,768,772,735,778,737,672,717,642,693,630,598,558,548,474,512,502,424,431,454,427,400,441,410,390,398,338,374,385,332,316,354,355,494,321,294,306,325,355,331,304,297,317,327,282,288,261,285,278,255,253,216,280,269,308,286,224,223,212,203,224,175,202,278,287,352,145,140,116,118,123,87,77,44,26,16,9,6,5,8,3,4,5,3,5,7,8,12,5,9,10,11,3,5,5,7,6,5,6,4,9,9,6,7,5,2,8,7,7,9,4,5,5,11,8,6,11,5,5,3,2,1,1,0,0,0,0,0,0,0,0,0,0,0,0,0,0,0,0,0,0,0,0,0,0,0,0,0,0,0,0,0,0,0,0,0,0,0,0,0,0,0,0,0,0,0,0,0,0,0,0,0,0,0,0,0,0
68.95,0,0,0,0,0,0,0,0,0,0,0,0,0,0,0,0,0,0,0,0,0,0,0,0,0,0,0,0,0,0,0,0,0,0,0,0,0,0,1,1,0,0,0,1,0,0,0,0,0,1,0,0,2,1,0,1,0,0,0,1,0,1,0,0,0,0,0,2,0,2,1,0,2,0,2,1,2,1,2,3,1,1,2,2,7,3,3,3,2,7,16,6,10,15,19,13,18,14,16,30,30,24,38,42,54,62,74,70,94,95,114,123,157,171,228,245,317,385,509,524,658,694,733,774,768,772,735,779,737,672,717,642,693,630,598,558,548,474,512,503,423,431,454,427,400,441,410,390,398,338,374,384,333,316,354,355,494,321,294,306,325,355,331,304,297,317,327,282,288,261,285,278,255,253,216,280,269,308,286,224,223,212,203,224,175,202,278,287,352,145,140,116,118,123,87,77,44,26,16,9,6,5,8,3,4,5,3,5,7,8,12,5,9,10,11,3,5,5,7,6,5,6,4,9,9,6,7,5,2,8,7,7,9,4,5,5,11,8,6,11,5,5,3,2,1,1,0,0,0,0,0,0,0,0,0,0,0,0,0,0,0,0,0,0,0,0,0,0,0,0,0,0,0,0,0,0,0,0,0,0,0,0,0,0,0,0,0,0,0,0,0,0,0,0,0,0,0,0,0,0
69.05,0,0,0,0,0,0,0,0,0,0,0,0,0,0,0,0,0,0,0,0,0,0,0,0,0,0,0,0,0,0,0,0,0,0,0,0,0,0,0,1,0,0,0,0,0,1,0,0,0,0,0,0,0,0,0,1,0,0,1,0,1,0,0,0,0,0,0,0,0,0,0,0,2,0,3,1,1,5,0,1,3,2,6,3,4,6,2,2,4,5,15,11,9,14,18,13,17,16,20,27,27,25,37,42,56,64,72,71,92,96,112,124,157,171,229,245,318,385,508,524,657,695,731,774,768,772,735,779,736,672,717,642,694,629,598,558,549,473,512,503,423,431,455,426,400,441,411,391,398,338,373,384,333,317,353,355,494,321,294,306,325,355,331,305,296,317,327,284,287,261,285,277,256,253,216,280,269,309,284,224,223,212,203,224,175,202,279,288,351,145,139,116,118,123,87,77,44,26,16,9,6,5,8,3,4,5,3,5,7,8,12,5,9,10,11,3,5,5,7,6,5,6,4,9,9,6,7,5,2,8,7,7,9,4,5,5,11,8,6,11,5,5,3,2,1,1,0,0,0,0,0,0,0,0,0,0,0,0,0,0,0,0,0,0,0,0,0,0,0,0,0,0,0,0,0,0,0,0,0,0,0,0,0,0,0,0,0,0,0,0,0,0,0,0,0,0,0,0,0,0
69.15,0,0,0,0,0,0,0,0,0,0,0,0,0,0,0,1,0,0,0,1,0,0,0,0,0,0,0,0,0,0,0,0,0,0,1,0,0,0,0,0,0,0,1,0,1,0,1,1,0,0,1,1,0,0,1,0,0,1,0,0,1,0,0,1,4,0,0,0,0,1,0,0,0,0,1,3,0,2,3,2,4,4,3,2,3,5,2,5,2,7,13,10,10,14,17,13,18,14,18,27,28,26,37,43,55,60,74,70,95,94,112,124,156,171,229,246,317,385,507,524,655,693,730,774,770,770,735,780,736,671,717,643,693,628,599,558,548,474,512,503,423,431,455,425,400,441,411,392,398,338,374,383,332,315,353,355,494,321,294,306,325,356,331,304,298,317,327,282,288,261,284,278,255,253,216,281,268,308,284,224,223,212,203,225,175,202,278,288,351,145,139,115,118,123,87,77,44,26,16,9,6,5,8,3,4,5,3,5,7,8,12,5,9,10,11,3,5,5,7,6,5,6,4,9,9,6,7,5,2,8,7,7,9,4,5,5,11,8,6,11,5,5,3,2,1,1,0,0,0,0,0,0,0,0,0,0,0,0,0,0,0,0,0,0,0,0,0,0,0,0,0,0,0,0,0,0,0,0,0,0,0,0,0,0,0,0,0,0,0,0,0,0,0,0,0,0,0,0,0,0
69.25,0,0,0,0,0,0,0,0,0,0,0,0,0,0,0,0,0,0,0,0,0,0,0,0,0,0,0,0,0,0,0,0,0,0,0,0,2,0,0,1,0,0,0,1,1,0,1,1,0,0,0,0,0,0,2,0,0,0,0,1,1,0,0,0,1,0,2,0,0,0,1,2,1,2,2,1,1,3,1,0,6,3,3,2,4,4,2,3,3,7,14,7,9,14,17,12,15,14,20,27,28,25,37,43,57,62,72,70,93,94,112,123,156,172,228,245,317,385,507,524,655,693,731,775,770,768,736,779,734,672,718,642,692,629,598,557,548,473,512,503,423,431,455,425,400,441,411,392,398,338,374,383,332,314,353,356,493,321,295,306,325,355,333,304,297,317,327,282,287,261,284,278,255,254,216,280,268,308,284,224,223,212,203,225,175,202,279,287,351,145,139,115,118,123,87,77,44,26,16,9,6,5,8,3,4,5,3,5,7,8,12,5,9,10,11,3,5,5,7,6,5,6,4,9,9,6,7,5,2,8,7,7,9,4,5,5,11,8,6,11,5,5,3,2,1,1,0,0,0,0,0,0,0,0,0,0,0,0,0,0,0,0,0,0,0,0,0,0,0,0,0,0,0,0,0,0,0,0,0,0,0,0,0,0,0,0,0,0,0,0,0,0,0,0,0,0,0,0,0,0
69.35,0,0,0,0,0,0,0,0,0,0,0,0,0,0,0,0,0,0,0,0,0,0,0,0,0,0,0,1,0,0,0,0,0,0,0,0,0,0,0,1,0,0,0,0,0,0,0,0,0,1,0,0,0,0,1,0,0,0,1,0,1,1,2,1,2,1,2,1,2,0,2,1,1,1,3,0,1,4,1,2,2,3,1,1,4,5,2,2,2,6,13,7,9,12,16,15,16,15,19,27,27,26,40,42,55,61,72,69,93,94,112,123,156,171,228,245,317,385,507,525,656,692,731,774,768,769,736,779,734,672,717,642,692,629,598,557,548,473,512,503,423,432,454,425,400,441,411,392,398,339,373,383,332,314,354,356,493,321,294,307,325,356,332,304,297,316,327,282,287,261,285,278,255,253,216,280,268,308,284,224,223,212,203,225,175,203,278,287,351,145,139,115,118,123,87,77,44,26,16,9,6,5,8,3,4,5,3,5,7,8,12,5,9,10,11,3,5,5,7,6,5,6,4,9,9,6,7,5,2,8,7,7,9,4,5,5,11,8,6,11,5,5,3,2,1,1,0,0,0,0,0,0,0,0,0,0,0,0,0,0,0,0,0,0,0,0,0,0,0,0,0,0,0,0,0,0,0,0,0,0,0,0,0,0,0,0,0,0,0,0,0,0,0,0,0,0,0,0,0,0
69.45,0,0,0,0,0,0,0,0,0,0,0,0,0,0,0,0,0,0,0,0,0,0,1,0,0,0,0,0,0,0,0,0,0,0,0,0,0,1,1,0,1,0,0,0,0,0,0,1,1,2,1,0,1,0,0,0,1,0,0,0,0,0,0,0,1,0,0,0,0,3,4,0,0,2,1,3,2,3,0,0,2,1,7,2,6,5,0,1,3,5,12,7,10,12,16,14,15,14,17,29,27,26,37,42,56,61,72,70,93,94,112,124,156,171,229,245,317,385,507,524,656,693,731,773,769,768,736,779,734,672,717,642,693,629,598,557,548,473,512,503,424,431,454,425,400,441,411,392,398,339,373,385,332,314,354,356,493,320,294,307,326,355,331,304,297,316,328,282,287,261,284,278,255,253,216,280,268,308,284,224,223,212,203,225,175,203,278,287,351,145,139,115,118,123,87,77,44,26,16,9,6,5,8,3,4,5,3,5,7,8,12,5,9,10,11,3,5,5,7,6,5,6,4,9,9,6,7,5,2,8,7,7,9,4,5,5,11,8,6,11,5,5,3,2,1,1,0,0,0,0,0,0,0,0,0,0,0,0,0,0,0,0,0,0,0,0,0,0,0,0,0,0,0,0,0,0,0,0,0,0,0,0,0,0,0,0,0,0,0,0,0,0,0,0,0,0,0,0,0,0
69.55,0,0,0,0,0,0,0,0,0,0,0,0,0,0,0,0,0,0,0,0,0,0,0,0,0,0,0,0,0,0,0,0,0,0,0,0,0,0,0,0,0,0,1,0,0,0,0,1,0,0,0,1,0,0,1,0,0,0,1,0,0,1,1,0,2,0,0,1,1,0,3,1,0,1,2,2,2,2,1,1,1,1,1,1,2,7,0,3,4,6,12,7,7,12,17,15,17,13,18,27,28,26,37,42,56,61,72,72,93,94,112,124,156,172,228,245,316,385,507,524,656,695,729,773,768,769,735,779,735,671,717,642,693,629,598,557,548,473,512,503,424,431,454,425,400,441,410,392,399,338,374,384,332,315,354,355,493,320,295,306,325,355,331,304,297,315,327,282,287,261,283,278,255,253,216,280,268,308,284,224,223,212,203,225,175,203,278,287,351,145,140,115,118,123,87,77,44,26,16,9,6,5,8,3,4,5,3,5,7,8,12,5,9,10,11,3,5,5,7,6,5,6,4,9,9,6,7,5,2,8,7,7,9,4,5,5,11,8,6,11,5,5,3,2,1,1,0,0,0,0,0,0,0,0,0,0,0,0,0,0,0,0,0,0,0,0,0,0,0,0,0,0,0,0,0,0,0,0,0,0,0,0,0,0,0,0,0,0,0,0,0,0,0,0,0,0,0,0,0,0
69.65,0,0,0,0,0,0,0,0,0,0,0,0,0,0,0,0,0,0,0,0,0,0,0,0,0,0,0,0,0,0,0,0,0,0,0,0,0,0,0,0,0,0,0,0,0,0,1,0,0,1,0,0,0,2,0,0,0,0,1,0,0,1,1,2,0,0,1,2,1,0,1,2,2,0,3,1,2,2,0,1,0,2,1,1,2,6,1,2,4,5,13,8,8,12,17,14,16,13,18,27,28,26,37,43,56,61,72,72,94,94,112,124,156,171,228,245,316,386,507,525,655,694,729,774,767,767,736,779,733,671,718,641,693,627,599,556,548,473,512,505,424,431,454,425,401,441,410,393,399,338,373,384,332,315,353,355,494,319,294,306,325,355,331,304,297,314,327,282,287,261,283,278,255,253,216,280,268,308,284,224,223,212,202,225,175,203,278,287,351,145,140,115,118,123,87,77,44,26,16,9,6,5,8,3,4,5,3,5,7,8,12,5,9,10,11,3,5,5,7,6,5,6,4,9,9,6,7,5,2,8,7,7,9,4,5,5,11,8,6,11,5,5,3,2,1,1,0,0,0,0,0,0,0,0,0,0,0,0,0,0,0,0,0,0,0,0,0,0,0,0,0,0,0,0,0,0,0,0,0,0,0,0,0,0,0,0,0,0,0,0,0,0,0,0,0,0,0,0,0,0
69.75,0,0,0,0,0,0,0,0,0,0,0,0,0,0,0,0,0,1,0,0,0,0,0,0,0,0,0,0,0,0,1,0,1,0,0,0,0,0,0,1,0,0,1,2,1,0,0,1,1,0,0,0,0,0,0,0,1,0,0,1,1,2,2,0,0,1,0,1,0,0,0,0,0,1,2,4,0,1,1,1,1,3,4,0,2,5,1,4,3,7,11,7,8,12,18,16,16,13,18,27,29,27,37,43,57,61,72,72,93,94,112,125,156,171,228,245,316,385,507,525,655,694,729,773,768,767,736,779,733,671,718,641,693,627,599,556,548,473,513,504,423,431,454,425,401,442,410,393,398,338,373,384,333,314,354,355,493,319,294,306,325,355,331,304,297,314,327,282,287,261,283,278,255,253,216,280,268,308,284,224,223,212,202,225,175,203,278,287,351,145,140,115,118,123,87,77,44,26,16,9,6,5,8,3,4,5,3,5,7,8,12,5,9,10,11,3,5,5,7,6,5,6,4,9,9,7,7,5,2,8,7,7,9,4,5,5,11,8,6,11,5,5,3,2,1,1,0,0,0,0,0,0,0,0,0,0,0,0,0,0,0,0,0,0,0,0,0,0,0,0,0,0,0,0,0,0,0,0,0,0,0,0,0,0,0,0,0,0,0,0,0,0,0,0,0,0,0,0,0,0
69.85,0,0,0,0,0,0,0,0,0,0,0,0,0,0,0,0,0,0,0,0,0,0,0,0,0,0,0,0,0,0,0,0,0,0,0,0,0,0,0,0,0,0,0,0,0,0,1,0,1,0,1,1,0,2,0,2,0,0,0,0,0,0,1,0,0,1,0,2,0,0,1,2,0,0,2,0,0,2,0,2,0,2,4,0,2,6,1,2,4,6,10,9,8,12,18,16,15,14,18,27,29,27,38,43,57,61,72,72,93,94,112,124,156,171,227,246,316,385,507,525,655,692,729,773,768,767,736,779,733,671,716,641,693,627,599,556,548,473,511,504,423,431,454,424,401,442,411,393,398,338,373,385,332,314,352,355,493,319,294,306,325,355,331,304,297,314,327,282,287,261,283,278,255,253,216,280,268,308,284,224,223,212,202,225,175,203,278,287,351,145,140,115,118,123,87,77,44,26,16,9,6,5,8,3,4,5,3,5,7,8,12,5,9,10,11,3,5,5,7,6,5,6,4,9,9,7,7,5,2,8,7,7,9,4,5,5,11,8,6,11,5,5,3,2,1,1,0,0,0,0,0,0,0,0,0,0,0,0,0,0,0,0,0,0,0,0,0,0,0,0,0,0,0,0,0,0,0,0,0,0,0,0,0,0,0,0,0,0,0,0,0,0,0,0,0,0,0,0,0,0
69.95,0,0,0,0,0,0,0,0,0,0,0,0,0,0,0,0,0,0,0,0,0,0,0,0,0,0,0,0,0,0,0,1,0,0,0,0,0,1,0,0,0,0,0,0,0,0,0,0,0,0,0,0,1,0,0,0,0,0,1,1,0,0,0,0,1,0,0,1,0,0,3,0,1,1,3,2,0,1,1,2,1,2,3,1,3,4,0,3,4,6,11,8,8,14,18,16,16,16,17,27,30,26,36,44,59,61,72,72,93,94,112,124,156,171,227,246,316,385,507,525,655,692,729,773,767,768,736,780,731,672,716,642,692,627,599,556,548,473,511,504,423,431,454,424,401,442,410,393,399,338,372,385,332,314,351,355,494,319,294,306,325,355,331,304,297,314,327,282,287,261,283,278,255,253,216,280,268,308,284,224,223,212,202,225,175,203,278,287,351,145,140,115,118,123,87,77,44,26,16,9,6,5,8,3,4,5,3,5,7,8,12,5,9,10,11,3,5,5,7,6,5,6,4,9,9,7,7,5,2,8,7,7,9,4,5,5,11,8,6,11,5,5,3,2,1,1,0,0,0,0,0,0,0,0,0,0,0,0,0,0,0,0,0,0,0,0,0,0,0,0,0,0,0,0,0,0,0,0,0,0,0,0,0,0,0,0,0,0,0,0,0,0,0,0,0,0,0,0,0,0
70.05,0,0,0,0,0,0,0,0,0,0,0,0,0,0,0,0,0,0,0,0,0,0,0,0,0,0,0,0,0,0,0,0,0,0,0,0,0,0,0,0,0,0,0,0,0,1,1,0,0,0,0,0,0,0,0,0,0,0,0,0,0,1,0,0,0,0,0,0,1,0,2,0,0,0,3,0,0,3,1,2,1,5,1,3,3,3,0,4,3,6,12,8,7,14,22,20,12,18,17,28,29,25,37,43,55,60,73,72,91,94,112,124,157,171,227,246,316,386,507,525,654,693,728,773,767,767,739,777,732,671,716,642,692,627,600,555,548,473,511,505,423,431,454,424,401,442,411,393,397,340,372,385,332,314,351,355,495,317,294,306,325,355,331,304,297,314,327,282,287,261,284,277,255,254,216,279,268,308,284,224,223,212,202,225,175,203,278,287,351,145,140,115,118,123,87,77,44,26,16,9,6,5,8,3,4,5,3,5,7,8,12,5,9,10,11,3,5,5,7,6,5,6,4,9,9,7,7,5,2,8,7,7,9,4,5,5,11,8,6,11,5,5,3,2,1,1,0,0,0,0,0,0,0,0,0,0,0,0,0,0,0,0,0,0,0,0,0,0,0,0,0,0,0,0,0,0,0,0,0,0,0,0,0,0,0,0,0,0,0,0,0,0,0,0,0,0,0,0,0,0
70.15,0,0,0,0,0,0,0,0,0,0,0,0,0,0,0,0,0,0,0,0,0,0,0,0,1,0,1,1,0,0,0,0,0,0,0,0,0,0,0,0,0,1,0,0,2,0,1,0,0,0,0,0,0,0,0,0,0,1,0,0,0,1,0,0,0,0,0,2,1,1,2,0,0,1,2,0,0,2,1,1,0,3,1,2,1,3,1,3,5,5,9,10,5,15,21,18,13,17,18,29,28,25,35,47,56,58,72,71,91,94,113,125,155,169,228,245,316,386,506,526,655,693,728,774,766,766,736,777,733,669,716,642,693,626,600,555,548,473,511,505,423,431,454,424,401,442,410,393,397,339,372,386,331,314,351,355,495,317,294,306,325,355,331,304,297,314,328,283,286,261,283,277,255,254,216,279,268,308,284,224,223,212,202,225,175,203,278,287,351,145,140,115,118,123,87,77,44,26,16,9,6,5,8,3,4,5,3,5,7,8,12,5,9,10,11,3,5,5,7,6,5,6,4,9,9,7,7,5,2,8,7,7,9,4,5,5,11,8,6,11,5,5,3,2,1,1,0,0,0,0,0,0,0,0,0,0,0,0,0,0,0,0,0,0,0,0,0,0,0,0,0,0,0,0,0,0,0,0,0,0,0,0,0,0,0,0,0,0,0,0,0,0,0,0,0,0,0,0,0,0
70.25,0,0,0,0,0,0,0,0,0,0,0,0,0,0,0,0,0,0,0,0,0,0,0,0,0,0,0,0,0,0,0,0,0,0,0,0,0,0,0,0,0,1,0,0,1,0,0,0,0,0,0,4,1,1,0,1,0,0,0,1,0,0,0,0,0,0,0,1,1,0,0,0,1,2,2,2,0,3,1,1,0,1,2,2,1,4,1,2,4,5,9,11,7,14,20,19,12,18,17,28,30,26,35,41,56,57,71,72,91,95,110,124,155,169,228,245,317,384,506,526,655,694,728,773,766,766,736,778,732,669,716,642,693,626,600,555,548,473,512,505,423,431,453,425,400,442,410,393,397,339,373,384,331,314,351,356,494,317,294,306,325,355,332,304,297,314,328,283,285,261,283,277,255,254,216,279,268,308,284,225,223,212,202,225,175,203,278,287,351,145,140,115,118,123,87,77,44,26,16,9,6,5,8,3,4,5,3,5,7,8,12,5,9,10,11,3,5,5,7,6,5,6,4,9,9,7,7,5,2,8,7,7,9,4,5,5,11,8,6,11,5,5,3,2,1,1,0,0,0,0,0,0,0,0,0,0,0,0,0,0,0,0,0,0,0,0,0,0,0,0,0,0,0,0,0,0,0,0,0,0,0,0,0,0,0,0,0,0,0,0,0,0,0,0,0,0,0,0,0,0
70.35,0,0,0,0,0,0,0,0,0,0,0,0,0,0,0,0,0,0,0,0,0,0,0,0,0,0,0,0,0,0,0,0,0,1,0,0,0,0,0,0,0,1,0,0,0,0,1,1,0,0,0,0,0,0,0,0,0,0,0,0,3,0,0,1,1,1,3,0,0,1,0,1,2,0,2,0,1,0,2,1,1,3,1,3,2,3,2,3,5,6,9,10,6,13,20,17,12,18,18,29,28,25,35,40,56,58,71,72,92,94,108,123,156,169,226,245,317,385,507,526,656,693,729,772,766,766,737,778,731,669,716,642,692,627,599,555,548,473,513,504,423,431,453,423,400,442,410,393,397,340,372,384,331,314,352,356,494,317,294,306,325,355,331,304,297,314,328,283,285,261,283,277,255,254,216,279,268,308,284,225,223,212,202,225,175,203,278,287,351,145,140,115,118,123,87,77,44,26,16,9,6,5,8,3,4,5,3,5,7,8,12,5,9,10,11,3,5,5,7,6,5,6,4,9,9,7,7,5,2,8,7,7,9,4,5,5,11,8,6,11,5,5,3,2,1,1,0,0,0,0,0,0,0,0,0,0,0,0,0,0,0,0,0,0,0,0,0,0,0,0,0,0,0,0,0,0,0,0,0,0,0,0,0,0,0,0,0,0,0,0,0,0,0,0,0,0,0,0,0,0
70.45,0,0,0,0,0,0,0,0,0,0,0,0,0,0,0,0,0,1,0,0,0,0,0,0,1,0,0,0,0,0,0,0,0,0,0,0,0,0,0,0,0,1,0,0,0,1,0,0,0,0,1,1,1,0,0,0,0,0,2,1,0,0,1,0,0,5,1,0,0,0,3,1,0,0,2,2,1,0,1,2,2,4,4,1,1,5,2,5,3,6,9,9,7,12,21,17,13,17,17,27,27,27,36,40,57,57,71,71,92,94,108,123,157,169,226,245,315,384,507,526,656,694,728,773,765,767,736,778,731,669,716,642,692,626,599,555,548,474,512,504,423,431,453,423,400,442,410,393,399,339,372,384,331,315,351,355,494,317,294,306,325,355,331,304,297,315,327,283,285,261,283,277,255,254,216,279,268,308,284,225,223,212,202,225,175,203,278,287,351,145,140,115,118,123,87,77,44,26,16,9,6,5,8,3,4,5,3,5,7,8,12,5,9,10,11,3,5,5,7,6,5,6,4,9,9,7,7,5,2,8,7,7,9,4,5,5,11,8,6,11,5,5,3,2,1,1,0,0,0,0,0,0,0,0,0,0,0,0,0,0,0,0,0,0,0,0,0,0,0,0,0,0,0,0,0,0,0,0,0,0,0,0,0,0,0,0,0,0,0,0,0,0,0,0,0,0,0,0,0,0
70.55,0,0,0,0,0,0,0,0,0,0,0,0,0,0,0,0,0,0,0,0,0,0,0,0,0,1,0,0,2,0,0,0,0,0,0,0,0,0,0,0,0,0,0,0,0,0,0,2,1,2,1,0,0,0,0,1,0,1,0,0,0,1,0,0,1,1,0,1,1,2,2,1,1,1,5,1,0,2,1,2,1,2,2,0,3,3,2,4,6,5,10,9,7,12,18,16,13,17,17,27,27,27,36,40,56,59,71,71,92,94,109,123,156,169,226,245,315,384,507,526,656,692,728,774,764,768,735,777,731,669,717,641,692,626,599,555,548,474,512,504,423,431,453,423,400,442,410,394,398,340,371,384,330,314,351,355,494,317,294,306,325,355,331,303,297,315,328,282,285,261,283,277,255,255,216,278,268,307,284,225,223,212,202,225,175,203,279,287,352,145,140,115,118,123,87,77,44,26,16,9,6,5,8,3,4,5,3,5,7,8,12,5,9,10,11,3,5,5,7,6,5,6,4,9,9,7,7,5,2,8,7,7,9,4,5,5,11,8,6,11,5,5,3,2,1,1,0,0,0,0,0,0,0,0,0,0,0,0,0,0,0,0,0,0,0,0,0,0,0,0,0,0,0,0,0,0,0,0,0,0,0,0,0,0,0,0,0,0,0,0,0,0,0,0,0,0,0,0,0,0
70.65,0,0,0,0,0,0,0,0,0,0,0,0,0,0,0,0,0,0,0,0,0,0,0,0,0,0,0,0,1,1,0,1,0,0,0,1,0,0,0,0,1,0,0,1,0,0,0,0,0,0,0,0,0,0,0,1,0,0,1,2,0,0,0,1,0,0,0,2,0,0,0,2,3,3,4,0,1,3,0,2,4,2,2,2,3,2,2,3,4,7,9,9,6,14,18,16,13,18,17,27,27,26,36,40,56,58,71,71,92,94,109,123,156,169,226,245,315,387,505,526,656,692,729,773,764,768,735,777,731,669,717,641,693,625,599,555,549,473,512,504,423,431,453,423,400,442,411,393,398,340,372,384,329,314,351,354,494,317,294,306,325,355,331,303,298,314,328,282,285,261,283,277,255,255,216,278,268,307,284,225,223,212,202,225,175,203,279,287,352,145,140,115,118,123,87,77,44,26,16,9,6,5,8,3,4,5,3,5,7,8,12,5,9,10,11,3,5,5,7,6,5,6,4,9,9,7,7,5,2,8,7,7,9,4,5,5,11,8,6,11,5,5,3,2,1,1,0,0,0,0,0,0,0,0,0,0,0,0,0,0,0,0,0,0,0,0,0,0,0,0,0,0,0,0,0,0,0,0,0,0,0,0,0,0,0,0,0,0,0,0,0,0,0,0,0,0,0,0,0,0
70.75,0,0,0,0,0,0,0,0,0,0,0,0,0,0,0,0,0,0,0,0,0,0,0,0,0,0,0,0,0,0,0,0,0,0,0,0,0,1,0,0,1,1,0,0,0,0,0,0,2,0,0,0,0,0,0,0,0,0,0,0,0,0,1,1,1,1,0,1,0,1,0,0,1,2,1,5,0,3,1,1,3,3,1,0,2,3,3,3,4,6,10,10,6,12,18,16,14,17,18,28,27,26,34,40,56,59,71,71,92,94,109,123,156,169,226,245,315,385,505,526,656,692,725,773,763,769,733,777,731,669,717,641,693,625,599,555,549,473,512,504,423,431,453,423,400,443,410,393,398,341,371,384,329,314,351,354,494,317,294,306,325,355,331,303,298,314,328,282,285,261,283,277,255,255,216,278,268,307,284,225,223,212,202,225,175,203,279,287,352,145,140,115,118,123,87,77,44,26,16,9,6,5,8,3,4,5,3,5,7,8,12,5,9,10,11,3,5,5,7,6,5,6,4,9,9,7,6,5,2,8,7,7,9,4,5,5,11,8,6,11,5,5,3,2,1,1,0,0,0,0,0,0,0,0,0,0,0,0,0,0,0,0,0,0,0,0,0,0,0,0,0,0,0,0,0,0,0,0,0,0,0,0,0,0,0,0,0,0,0,0,0,0,0,0,0,0,0,0,0,0
70.85,0,0,0,0,0,0,0,0,0,0,0,0,0,0,0,0,0,0,0,0,0,0,0,0,0,0,0,0,0,0,0,0,0,0,0,0,1,0,0,0,0,0,0,0,0,0,1,1,0,0,0,1,0,1,1,0,0,0,1,0,0,0,0,2,0,0,0,1,1,1,1,0,1,0,1,1,0,1,0,1,2,2,4,0,3,2,2,3,4,5,10,11,6,13,18,18,13,18,19,28,27,26,35,40,56,59,71,71,91,94,109,123,156,169,226,245,315,385,505,526,656,691,726,773,763,768,733,777,731,669,717,641,693,625,599,556,548,473,512,504,423,431,453,423,400,443,411,393,399,340,371,384,329,314,351,354,494,317,294,306,325,355,330,303,298,314,328,282,285,261,283,277,255,255,216,278,268,307,284,225,223,212,201,225,175,203,279,287,352,145,140,115,118,123,87,77,44,26,16,9,6,5,8,3,4,5,3,5,7,8,12,5,9,10,11,3,5,5,7,6,5,6,4,9,9,7,6,5,2,8,7,7,9,4,5,5,11,8,6,11,5,5,3,2,1,1,0,0,0,0,0,0,0,0,0,0,0,0,0,0,0,0,0,0,0,0,0,0,0,0,0,0,0,0,0,0,0,0,0,0,0,0,0,0,0,0,0,0,0,0,0,0,0,0,0,0,0,0,0,0
70.95,0,0,0,0,0,0,0,0,0,0,1,0,0,0,0,0,0,0,0,0,0,0,0,0,0,0,0,0,1,0,0,0,0,0,0,0,0,0,0,0,0,0,0,0,0,1,1,1,0,0,1,0,0,0,0,0,0,0,0,1,0,0,1,0,1,0,0,0,1,0,1,1,0,2,1,0,0,0,1,3,1,2,3,0,3,2,4,3,3,7,11,9,6,13,19,17,13,19,18,27,27,26,36,41,57,59,71,71,91,94,109,122,156,169,226,245,315,385,505,526,656,691,726,773,763,768,733,777,731,669,717,641,693,625,599,556,548,473,512,504,423,431,453,423,400,443,411,393,399,340,371,384,329,314,351,354,494,317,294,306,325,355,330,303,298,314,328,282,285,261,283,277,255,255,216,278,268,307,284,225,223,212,201,225,175,203,279,287,352,145,140,115,118,123,87,77,44,26,16,9,6,5,8,3,4,5,3,5,7,8,12,5,9,10,11,3,5,5,7,6,5,6,4,9,9,7,6,5,2,8,7,7,9,4,5,5,11,8,6,11,5,5,3,2,1,1,0,0,0,0,0,0,0,0,0,0,0,0,0,0,0,0,0,0,0,0,0,0,0,0,0,0,0,0,0,0,0,0,0,0,0,0,0,0,0,0,0,0,0,0,0,0,0,0,0,0,0,0,0,0
71.05,0,0,0,0,0,0,0,0,0,0,0,0,0,0,0,0,0,0,0,0,0,0,0,0,0,0,0,0,0,0,0,0,0,0,0,0,0,0,0,0,1,0,0,1,0,0,0,0,0,0,1,1,0,0,0,0,0,0,0,0,0,0,0,0,0,0,1,0,0,0,2,0,0,0,1,3,0,0,1,2,1,2,1,1,3,7,3,2,6,5,10,11,5,11,19,14,14,21,15,25,27,26,36,40,55,59,70,70,91,94,109,122,156,169,227,244,315,383,505,526,656,691,725,773,763,767,734,776,731,668,717,641,693,625,599,558,546,473,512,504,423,431,453,423,401,443,411,392,399,340,371,384,329,314,351,354,494,317,294,306,325,355,330,304,298,313,328,282,285,261,283,277,255,255,216,279,268,307,284,224,223,212,201,225,175,203,279,287,352,145,140,115,118,123,87,77,44,26,16,9,6,5,8,3,4,5,3,5,7,8,12,5,9,10,11,3,5,5,7,6,5,6,4,9,9,7,6,5,2,8,7,7,9,4,5,5,11,8,6,11,5,5,3,2,1,1,0,0,0,0,0,0,0,0,0,0,0,0,0,0,0,0,0,0,0,0,0,0,0,0,0,0,0,0,0,0,0,0,0,0,0,0,0,0,0,0,0,0,0,0,0,0,0,0,0,0,0,0,0,0
71.15,0,0,0,0,0,0,0,0,0,0,0,0,0,0,0,0,0,0,0,0,0,0,0,0,0,0,0,0,0,0,0,0,0,0,0,0,1,0,1,0,0,0,0,0,2,0,1,0,0,0,0,0,1,0,1,0,0,0,0,0,0,0,0,0,0,1,0,0,0,1,0,0,1,1,3,1,0,0,2,1,1,2,1,2,3,4,4,3,7,3,9,9,5,12,20,16,14,20,15,24,27,26,35,39,54,59,70,70,91,94,109,123,156,169,226,244,315,383,507,524,656,690,726,772,763,768,733,776,731,668,717,641,693,626,599,557,546,473,512,504,423,432,452,423,402,442,411,392,399,340,371,384,329,314,351,354,494,317,294,306,326,356,329,303,299,314,327,282,285,261,283,277,255,255,216,278,268,307,284,224,223,212,201,225,175,203,279,287,352,145,140,115,118,123,87,77,44,26,16,9,6,5,8,3,4,5,3,5,7,8,12,5,9,10,11,3,5,5,7,6,5,6,4,9,9,7,6,5,2,8,7,7,9,4,5,5,11,8,6,11,5,5,3,2,1,1,0,0,0,0,0,0,0,0,0,0,0,0,0,0,0,0,0,0,0,0,0,0,0,0,0,0,0,0,0,0,0,0,0,0,0,0,0,0,0,0,0,0,0,0,0,0,0,0,0,0,0,0,0,0
71.25,0,0,0,0,0,0,0,0,0,0,0,0,0,0,0,0,0,0,0,0,0,0,0,0,0,0,0,0,0,0,0,0,0,0,0,0,0,0,0,0,0,0,0,0,0,0,0,1,0,0,0,0,1,0,0,0,0,0,0,0,0,1,1,1,1,0,0,0,0,0,0,0,0,0,0,1,0,1,0,2,2,4,1,2,3,4,2,1,6,4,9,9,6,11,21,15,13,19,15,24,27,25,35,39,54,59,70,70,92,94,109,122,156,169,226,244,315,382,504,524,656,690,726,772,763,769,732,776,731,668,717,641,694,626,598,557,548,471,512,504,423,432,452,423,402,442,411,392,399,340,371,384,328,314,352,354,494,317,294,306,325,356,329,303,298,314,327,282,285,261,283,277,255,255,216,278,268,307,284,224,223,212,201,225,175,203,279,287,352,145,140,115,118,123,87,77,44,26,16,9,6,5,8,3,4,5,3,5,7,8,12,5,9,10,11,3,5,5,7,6,5,6,4,9,9,7,6,5,2,8,7,7,9,4,5,5,11,8,6,11,5,5,3,2,1,1,0,0,0,0,0,0,0,0,0,0,0,0,0,0,0,0,0,0,0,0,0,0,0,0,0,0,0,0,0,0,0,0,0,0,0,0,0,0,0,0,0,0,0,0,0,0,0,0,0,0,0,0,0,0
71.35,0,0,0,0,0,0,0,0,0,0,0,0,0,0,0,0,0,0,0,0,0,0,0,0,0,0,0,0,0,0,0,0,0,0,0,0,0,0,0,0,0,0,1,0,0,0,0,0,0,0,0,0,0,0,0,2,1,0,0,0,1,0,0,0,0,0,0,0,1,3,0,1,1,1,1,1,0,3,0,4,2,3,0,1,4,3,3,2,4,4,9,9,6,12,20,14,13,18,15,24,27,26,35,40,54,59,71,70,92,94,108,123,155,169,226,244,314,382,504,524,656,691,725,772,762,768,732,776,733,667,716,641,693,626,598,557,548,471,512,504,424,431,452,424,401,442,412,393,400,340,370,384,328,314,351,354,494,317,294,306,326,355,329,303,299,313,327,282,285,261,283,276,255,255,216,279,268,306,284,224,223,212,201,225,175,203,279,287,352,145,140,115,118,123,87,77,44,26,16,9,6,5,8,3,4,5,3,5,7,8,12,5,9,10,11,3,5,5,7,6,5,6,4,9,9,7,6,5,2,8,7,7,9,4,5,5,11,8,6,11,5,5,3,2,1,1,0,0,0,0,0,0,0,0,0,0,0,0,0,0,0,0,0,0,0,0,0,0,0,0,0,0,0,0,0,0,0,0,0,0,0,0,0,0,0,0,0,0,0,0,0,0,0,0,0,0,0,0,0,0
71.45,0,0,0,0,0,0,0,0,0,0,0,0,0,0,0,0,0,0,0,0,0,0,0,0,1,0,0,0,0,0,0,0,0,0,0,0,0,0,0,0,0,0,0,0,0,0,0,0,1,0,0,0,0,0,1,0,1,0,2,0,0,0,0,0,2,1,0,0,1,1,0,1,1,2,4,1,3,0,0,2,2,2,3,2,2,1,3,2,4,5,8,8,5,11,20,14,15,19,14,24,27,26,35,39,54,59,71,70,92,94,108,121,155,169,226,244,314,382,504,525,655,691,725,772,763,767,732,777,733,667,716,641,693,626,599,557,547,471,512,504,422,431,453,424,401,442,412,393,400,340,370,384,328,314,351,354,494,317,294,306,326,355,329,303,299,313,327,282,285,261,283,276,255,255,216,279,268,306,284,224,223,212,201,225,175,203,279,287,352,145,140,115,118,123,87,77,44,26,16,9,6,5,8,3,4,5,3,5,7,8,12,5,9,10,11,3,5,5,7,6,5,6,4,9,9,7,6,5,2,8,7,7,9,4,5,5,11,8,6,11,5,5,3,2,1,1,0,0,0,0,0,0,0,0,0,0,0,0,0,0,0,0,0,0,0,0,0,0,0,0,0,0,0,0,0,0,0,0,0,0,0,0,0,0,0,0,0,0,0,0,0,0,0,0,0,0,0,0,0,0
71.55,0,0,0,0,0,0,0,0,0,0,0,0,0,0,0,0,0,0,0,0,0,0,0,0,0,0,1,0,0,0,1,0,0,0,0,1,0,0,0,0,1,0,0,0,1,0,0,0,0,1,1,0,2,0,1,0,0,0,1,0,1,0,1,2,0,2,1,0,2,3,1,0,1,3,1,2,1,0,1,1,1,5,0,0,3,3,3,2,4,3,9,8,7,11,21,14,14,18,14,24,27,26,35,40,54,59,71,70,93,94,108,121,156,169,227,243,314,382,504,525,655,691,725,772,763,767,732,777,733,667,716,641,694,625,599,557,547,471,512,504,422,431,454,423,401,442,412,393,400,340,370,384,328,314,351,354,494,317,294,307,325,355,329,304,298,313,327,282,285,261,283,276,255,255,216,279,268,306,284,224,223,212,201,225,175,203,279,287,352,145,140,115,118,123,87,77,44,26,16,9,6,5,8,3,4,5,3,5,7,8,12,5,9,10,11,3,5,5,7,6,5,6,4,9,9,7,6,5,2,8,7,7,9,4,5,5,11,8,6,11,5,5,3,2,1,1,0,0,0,0,0,0,0,0,0,0,0,0,0,0,0,0,0,0,0,0,0,0,0,0,0,0,0,0,0,0,0,0,0,0,0,0,0,0,0,0,0,0,0,0,0,0,0,0,0,0,0,0,0,0
71.65,0,0,0,0,0,0,0,0,0,0,0,0,0,0,0,0,0,0,0,0,0,0,0,0,0,0,0,0,1,0,0,0,0,0,0,0,0,0,0,0,2,1,0,0,0,0,1,0,0,0,1,1,0,0,1,0,0,0,0,1,0,1,3,0,0,1,0,2,3,0,1,1,0,0,0,0,1,0,0,2,1,5,0,0,3,1,4,3,3,3,9,9,5,11,20,16,14,18,14,23,26,26,35,40,53,59,71,70,93,94,108,121,156,169,227,243,315,382,504,525,656,690,725,774,761,767,733,777,733,667,717,641,694,625,600,556,547,471,512,504,422,431,455,423,401,442,412,394,400,340,370,384,328,314,351,354,494,317,295,306,325,355,329,304,298,313,327,282,285,261,283,276,255,255,216,279,268,306,284,224,223,213,201,225,175,203,279,287,352,145,141,115,118,123,87,77,44,26,16,9,6,5,8,3,4,5,3,5,7,8,12,5,9,10,11,3,5,5,7,6,5,6,4,9,9,7,6,5,2,8,7,7,9,4,5,5,11,8,6,11,5,5,3,2,1,1,0,0,0,0,0,0,0,0,0,0,0,0,0,0,0,0,0,0,0,0,0,0,0,0,0,0,0,0,0,0,0,0,0,0,0,0,0,0,0,0,0,0,0,0,0,0,0,0,0,0,0,0,0,0
71.75,0,0,0,0,0,0,0,0,0,0,0,0,0,0,0,0,0,0,0,0,0,0,0,0,0,0,0,0,0,0,0,0,0,0,0,0,0,0,0,0,0,0,0,0,0,0,0,0,0,1,0,0,0,0,0,0,1,0,0,1,1,1,0,1,0,0,1,1,0,0,0,4,0,2,2,1,1,1,2,2,2,2,1,0,2,1,4,1,2,3,9,8,5,12,21,14,14,20,14,23,26,26,35,40,53,59,71,69,93,94,108,121,156,169,227,243,315,382,504,523,656,690,725,774,761,767,733,777,733,667,717,641,694,625,600,556,547,471,512,504,422,431,453,423,401,442,412,394,400,340,370,384,328,314,351,354,494,317,295,306,325,355,329,304,298,313,327,282,285,261,283,276,255,255,216,279,268,306,284,224,223,213,201,225,175,203,279,287,352,145,141,115,118,123,87,77,44,26,16,9,6,5,8,3,4,5,3,5,7,8,12,5,9,10,11,3,5,5,7,6,5,6,4,9,9,7,6,5,2,8,7,7,9,4,5,5,11,8,6,11,5,5,3,2,1,1,0,0,0,0,0,0,0,0,0,0,0,0,0,0,0,0,0,0,0,0,0,0,0,0,0,0,0,0,0,0,0,0,0,0,0,0,0,0,0,0,0,0,0,0,0,0,0,0,0,0,0,0,0,0
71.85,0,0,0,0,0,0,0,0,0,0,0,0,0,0,0,0,0,0,0,0,0,0,0,0,0,0,0,0,0,0,0,0,0,0,0,0,0,1,0,0,0,0,0,0,0,2,0,2,0,2,0,0,1,0,0,0,1,0,0,0,2,0,1,1,0,0,0,0,0,0,0,1,1,0,0,0,3,1,1,2,1,1,2,1,2,3,4,1,2,4,9,8,5,11,21,14,14,20,14,22,26,26,36,40,54,60,71,69,93,94,108,121,156,170,227,243,315,382,503,523,654,690,725,772,761,767,733,777,733,667,717,641,694,627,598,556,547,471,512,504,422,431,453,423,401,442,413,394,400,340,370,384,328,314,351,354,494,317,295,306,325,355,329,304,298,313,327,282,285,261,283,276,255,255,216,279,268,306,284,224,223,212,201,225,175,203,279,287,352,145,141,115,118,123,87,77,44,26,16,9,6,5,8,3,4,5,3,5,7,8,12,5,9,10,11,3,5,5,7,6,5,6,4,9,9,7,6,5,2,8,7,7,9,4,5,5,11,8,6,11,5,5,3,2,1,1,0,0,0,0,0,0,0,0,0,0,0,0,0,0,0,0,0,0,0,0,0,0,0,0,0,0,0,0,0,0,0,0,0,0,0,0,0,0,0,0,0,0,0,0,0,0,0,0,0,0,0,0,0,0
71.95,0,0,0,0,0,0,0,0,0,0,0,0,0,0,0,0,0,0,0,0,0,0,0,0,0,0,0,0,0,0,1,0,0,0,0,0,0,0,0,1,0,0,0,0,0,0,0,0,0,0,1,0,0,0,0,0,0,0,0,0,0,0,0,0,0,0,0,0,0,0,0,0,1,2,0,0,1,2,0,3,2,0,1,0,2,2,5,1,2,5,10,8,5,11,21,14,15,18,14,22,28,27,35,39,55,60,71,69,93,94,108,121,156,170,227,243,315,382,501,523,654,690,725,772,761,767,733,777,731,667,717,641,694,627,596,556,547,471,512,504,422,431,453,423,401,442,413,394,400,340,370,384,328,314,351,354,494,317,295,306,325,355,329,304,298,313,327,282,285,261,283,276,255,255,216,279,268,306,284,224,223,212,201,225,175,203,279,287,352,145,141,115,118,123,87,77,44,26,16,9,6,5,8,3,4,5,3,5,7,8,12,5,9,10,11,3,5,5,7,6,5,6,4,9,9,7,6,5,2,8,7,7,9,4,5,5,11,8,6,11,5,5,3,2,1,1,0,0,0,0,0,0,0,0,0,0,0,0,0,0,0,0,0,0,0,0,0,0,0,0,0,0,0,0,0,0,0,0,0,0,0,0,0,0,0,0,0,0,0,0,0,0,0,0,0,0,0,0,0,0
72.05,0,0,0,0,0,0,0,0,0,0,0,0,0,0,0,0,0,0,0,0,0,0,0,0,0,0,0,0,0,0,0,0,0,0,0,0,0,0,0,0,0,0,0,0,0,0,0,0,0,0,0,0,0,1,0,0,0,0,0,0,0,0,0,1,0,0,0,0,0,0,2,0,0,0,0,1,1,0,0,2,1,1,1,1,2,1,4,2,3,5,9,8,8,10,21,13,12,19,16,21,28,27,34,39,55,62,69,69,94,94,107,123,156,170,227,244,313,383,502,521,654,689,725,772,762,766,733,777,730,666,716,641,694,626,595,557,546,471,513,503,422,431,453,423,401,442,413,394,400,340,370,384,328,314,351,355,493,316,295,307,325,355,329,304,298,313,327,282,286,261,282,275,255,255,216,279,268,306,284,225,222,212,201,225,175,203,279,287,352,145,141,115,118,123,87,77,44,26,16,9,6,5,8,3,4,5,3,5,7,8,12,5,9,10,11,3,5,5,7,6,5,6,4,9,9,7,6,5,2,8,7,7,9,4,5,5,11,8,6,11,5,5,3,2,1,1,0,0,0,0,0,0,0,0,0,0,0,0,0,0,0,0,0,0,0,0,0,0,0,0,0,0,0,0,0,0,0,0,0,0,0,0,0,0,0,0,0,0,0,0,0,0,0,0,0,0,0,0,0,0
72.15,0,0,0,0,0,0,0,0,0,0,0,0,0,0,0,0,0,0,0,0,0,0,0,0,0,0,0,0,0,0,0,0,0,0,0,1,0,0,0,0,0,0,1,0,0,1,0,0,0,0,0,0,0,1,0,1,0,0,0,0,0,1,0,1,0,0,0,0,1,0,1,0,2,0,1,0,0,0,0,1,1,1,1,1,2,1,5,3,2,7,9,9,6,9,20,13,13,19,14,21,28,28,34,39,54,61,69,69,94,94,108,123,155,170,227,243,314,381,500,521,655,688,724,772,760,767,733,777,729,667,715,641,694,627,594,558,546,471,512,503,422,431,453,423,401,442,413,395,399,340,370,386,328,314,352,353,493,316,297,306,324,355,329,304,298,314,327,284,285,260,282,275,255,255,216,279,269,306,284,224,222,212,201,225,175,203,279,287,352,145,141,115,118,123,87,77,44,26,16,9,6,5,8,3,4,5,3,5,7,8,12,5,9,10,11,3,5,5,7,6,5,6,4,9,9,7,6,5,2,8,7,7,9,4,5,5,11,8,6,11,5,5,3,2,1,1,0,0,0,0,0,0,0,0,0,0,0,0,0,0,0,0,0,0,0,0,0,0,0,0,0,0,0,0,0,0,0,0,0,0,0,0,0,0,0,0,0,0,0,0,0,0,0,0,0,0,0,0,0,0
72.25,0,0,0,0,0,0,0,0,0,0,0,0,0,0,0,0,0,0,0,0,0,0,0,0,0,0,0,0,1,0,0,0,0,0,0,0,0,0,0,0,0,0,1,0,1,0,0,1,0,0,0,0,0,0,0,0,0,0,0,0,0,1,0,0,0,0,0,1,1,0,1,2,0,0,0,0,0,0,0,1,2,1,0,2,2,2,4,3,4,5,9,8,6,9,20,13,12,18,14,21,29,26,34,38,54,61,68,70,94,94,107,124,156,170,226,244,312,381,500,521,655,688,725,772,761,765,733,777,730,666,716,640,695,626,594,556,546,471,512,503,422,431,453,423,401,443,414,394,399,340,371,384,328,314,352,353,493,318,295,306,324,356,329,304,298,313,329,282,285,260,282,275,255,256,216,279,268,306,284,224,222,212,201,225,175,203,279,287,352,145,141,115,118,123,87,77,44,26,16,9,6,5,8,3,4,5,3,5,7,8,12,5,9,10,11,3,5,5,7,6,5,6,4,9,9,7,6,5,2,8,7,7,9,4,5,5,11,8,6,11,5,5,3,2,1,1,0,0,0,0,0,0,0,0,0,0,0,0,0,0,0,0,0,0,0,0,0,0,0,0,0,0,0,0,0,0,0,0,0,0,0,0,0,0,0,0,0,0,0,0,0,0,0,0,0,0,0,0,0,0
72.35,0,0,0,0,0,0,0,0,0,0,0,0,0,0,0,0,0,0,0,0,0,0,0,0,0,0,0,0,0,0,0,0,0,0,0,0,1,0,0,0,0,0,0,0,0,0,0,1,0,0,0,1,0,1,0,0,1,2,0,1,1,0,0,1,2,0,0,1,0,0,0,0,0,0,1,1,0,2,1,3,1,1,1,2,4,0,4,2,2,5,9,8,7,9,18,13,13,19,14,20,28,26,34,38,54,62,68,68,95,95,107,124,154,169,226,244,312,381,501,521,655,688,724,772,761,765,733,776,729,666,716,641,695,625,595,555,546,471,512,503,422,431,453,423,401,442,413,394,399,340,371,384,328,314,353,355,493,316,295,306,324,355,329,304,299,313,328,282,285,260,283,275,255,255,216,279,268,306,284,224,222,212,201,225,175,203,279,288,351,145,141,115,118,123,87,77,44,26,16,9,6,5,8,3,4,5,3,5,7,8,12,5,9,10,11,3,5,5,7,6,5,6,4,9,9,7,6,5,2,8,7,7,9,4,5,5,11,8,6,11,5,5,3,2,1,1,0,0,0,0,0,0,0,0,0,0,0,0,0,0,0,0,0,0,0,0,0,0,0,0,0,0,0,0,0,0,0,0,0,0,0,0,0,0,0,0,0,0,0,0,0,0,0,0,0,0,0,0,0,0
72.45,0,0,0,0,0,0,0,0,0,0,0,0,0,0,0,0,0,0,0,0,0,0,0,0,0,0,0,0,0,0,0,0,0,1,0,0,0,0,0,0,0,1,0,0,0,0,0,0,0,0,0,0,0,0,0,1,0,0,0,0,0,2,1,0,0,1,0,3,0,0,0,1,0,1,2,0,1,0,3,3,1,1,2,0,4,0,4,2,2,6,10,10,6,9,19,13,13,18,14,20,28,26,35,38,55,62,68,69,94,94,106,123,154,170,227,243,311,381,500,521,655,688,724,772,761,765,733,774,729,667,716,640,695,625,595,555,546,471,512,503,422,431,453,423,402,441,413,394,398,340,371,384,328,315,352,355,492,316,295,306,324,355,329,303,298,313,328,283,285,260,282,275,255,255,216,279,268,306,284,224,222,212,201,225,175,203,279,288,351,145,141,115,118,123,87,77,44,26,16,9,6,5,8,3,4,5,3,5,7,8,12,5,9,10,11,3,5,5,7,6,5,6,4,9,9,7,6,5,2,8,7,7,9,4,5,5,11,8,6,11,5,5,3,2,1,1,0,0,0,0,0,0,0,0,0,0,0,0,0,0,0,0,0,0,0,0,0,0,0,0,0,0,0,0,0,0,0,0,0,0,0,0,0,0,0,0,0,0,0,0,0,0,0,0,0,0,0,0,0,0
72.55,0,0,0,0,0,0,0,0,0,0,0,0,0,0,0,0,0,0,0,0,0,0,0,0,0,0,0,0,0,1,0,0,0,0,0,1,0,0,0,0,0,0,0,0,0,0,0,0,1,0,0,0,3,1,0,0,0,1,2,0,0,0,0,0,0,0,0,2,0,1,1,1,2,3,0,2,0,0,1,1,2,1,0,1,4,2,4,2,2,5,10,10,6,9,18,13,13,18,15,21,30,26,34,39,54,62,69,68,94,94,106,123,154,169,227,243,312,380,500,522,654,688,724,772,761,765,733,774,729,666,715,641,694,626,594,555,546,471,512,503,422,431,453,423,400,441,413,394,398,340,371,385,328,315,351,355,492,316,295,306,324,355,329,303,298,314,327,283,285,260,282,275,255,255,216,279,268,306,284,224,222,212,201,225,175,203,279,288,351,145,141,115,118,123,87,77,44,26,16,9,6,5,8,3,4,5,3,5,7,8,12,5,9,10,11,3,5,5,7,6,5,6,4,9,9,7,6,5,2,8,7,7,9,4,5,5,11,8,6,11,5,5,3,2,1,1,0,0,0,0,0,0,0,0,0,0,0,0,0,0,0,0,0,0,0,0,0,0,0,0,0,0,0,0,0,0,0,0,0,0,0,0,0,0,0,0,0,0,0,0,0,0,0,0,0,0,0,0,0,0
72.65,0,0,0,0,0,0,0,0,0,0,0,0,0,0,0,0,1,0,0,0,0,0,0,0,0,0,0,0,0,0,0,0,0,0,0,0,0,1,0,0,0,1,0,0,1,0,2,0,0,0,0,1,0,2,0,0,1,2,0,0,0,0,0,2,0,1,2,1,1,1,2,2,0,1,0,0,1,2,0,1,3,2,0,1,4,0,4,3,2,5,11,10,6,11,18,12,14,18,15,20,29,27,34,38,54,62,69,68,94,94,106,123,154,169,227,243,312,380,500,522,654,688,724,770,760,765,733,774,729,666,715,641,694,626,594,555,546,471,512,503,422,431,452,423,400,441,413,394,399,340,371,384,328,315,351,355,492,316,295,306,324,355,329,303,298,314,327,283,285,260,282,275,255,255,216,279,268,306,284,224,222,212,201,225,175,203,279,288,351,145,141,115,118,123,87,77,44,26,16,9,6,5,8,3,4,5,3,5,7,8,12,5,9,10,11,3,5,5,7,6,5,6,4,9,9,7,6,5,2,8,7,7,9,4,5,5,11,8,6,11,5,5,3,2,1,1,0,0,0,0,0,0,0,0,0,0,0,0,0,0,0,0,0,0,0,0,0,0,0,0,0,0,0,0,0,0,0,0,0,0,0,0,0,0,0,0,0,0,0,0,0,0,0,0,0,0,0,0,0,0
72.75,0,0,0,0,0,0,0,0,0,0,0,0,0,0,0,0,0,0,0,0,0,0,0,0,0,0,0,0,0,1,0,0,0,0,0,1,0,0,0,0,1,0,0,1,0,0,0,0,0,0,1,0,0,0,0,0,0,0,0,0,0,0,1,0,2,0,2,0,2,0,0,1,2,0,2,1,1,0,1,2,4,2,0,0,7,1,5,2,2,6,10,9,6,10,18,12,13,18,15,20,29,27,34,38,54,62,69,68,94,94,106,124,154,169,227,241,312,380,500,522,654,687,724,770,760,765,733,774,730,665,716,640,695,624,594,555,546,471,512,503,422,431,452,423,400,441,413,393,398,340,371,384,328,315,351,355,492,316,295,306,324,355,329,303,299,313,327,283,285,260,282,275,255,255,216,279,268,306,284,224,222,212,201,225,175,203,279,288,351,145,141,115,118,123,87,77,44,26,16,9,6,5,8,3,4,5,3,5,7,8,12,5,9,10,11,3,5,5,7,6,5,6,4,9,9,7,6,5,2,8,7,7,9,4,5,5,11,8,6,11,5,5,3,2,1,1,0,0,0,0,0,0,0,0,0,0,0,0,0,0,0,0,0,0,0,0,0,0,0,0,0,0,0,0,0,0,0,0,0,0,0,0,0,0,0,0,0,0,0,0,0,0,0,0,0,0,0,0,0,0
72.85,0,0,0,0,0,0,0,0,0,0,0,0,0,0,0,0,0,0,0,0,0,0,0,0,0,0,0,0,0,0,1,0,0,0,0,0,0,0,0,0,0,0,0,1,0,0,0,1,0,0,0,1,0,0,1,1,0,0,0,0,1,0,0,0,1,1,1,0,0,0,0,1,2,0,0,1,1,1,1,4,3,2,0,2,4,1,4,2,3,9,10,9,6,10,18,14,13,18,15,20,29,27,34,38,54,62,69,68,94,94,106,124,154,169,227,241,309,380,500,522,654,687,724,770,760,765,733,774,730,665,716,640,695,624,594,555,546,471,512,503,422,431,452,423,400,441,413,393,398,340,371,384,328,315,351,355,492,316,295,306,324,355,329,303,299,313,327,283,285,260,282,275,255,255,216,279,267,306,284,224,222,212,201,225,175,203,280,287,351,145,141,115,118,123,87,77,44,26,16,9,6,5,8,3,4,5,3,5,7,8,12,5,9,10,11,3,5,5,7,6,5,6,4,9,9,7,6,5,2,8,7,7,9,4,5,5,11,8,6,11,5,5,3,2,1,1,0,0,0,0,0,0,0,0,0,0,0,0,0,0,0,0,0,0,0,0,0,0,0,0,0,0,0,0,0,0,0,0,0,0,0,0,0,0,0,0,0,0,0,0,0,0,0,0,0,0,0,0,0,0
72.95,0,0,0,0,0,0,0,0,0,0,0,0,0,0,0,0,0,0,0,0,0,0,0,0,0,0,0,0,0,0,0,0,1,0,0,0,0,0,0,1,0,0,0,0,0,0,0,0,0,0,0,0,0,0,0,0,1,0,0,0,0,0,0,0,0,0,0,0,0,0,0,0,1,1,0,1,1,1,2,1,3,2,0,2,5,2,5,3,2,9,12,10,6,11,17,14,13,18,15,20,29,27,33,38,54,62,69,68,94,94,106,124,154,169,227,241,307,380,501,519,654,687,724,770,760,765,733,775,729,665,716,640,695,624,594,555,546,471,512,503,422,431,452,423,400,441,413,393,398,340,371,384,328,313,351,355,492,316,295,306,324,355,329,303,297,313,327,283,285,260,282,275,255,255,216,279,267,306,284,224,222,212,201,225,175,203,280,287,351,145,141,115,118,123,87,77,44,26,16,9,6,5,8,3,4,5,3,5,7,8,12,5,9,10,11,3,5,5,7,6,5,6,4,9,9,7,6,5,2,8,7,7,9,4,5,5,11,8,6,11,5,5,3,2,1,1,0,0,0,0,0,0,0,0,0,0,0,0,0,0,0,0,0,0,0,0,0,0,0,0,0,0,0,0,0,0,0,0,0,0,0,0,0,0,0,0,0,0,0,0,0,0,0,0,0,0,0,0,0,0
73.05,0,0,0,0,0,0,0,0,0,0,0,0,0,0,0,0,0,0,0,0,0,0,0,0,0,0,0,0,0,0,0,0,0,0,0,0,0,1,0,0,0,0,0,0,0,0,0,0,0,0,0,0,0,0,0,0,0,0,0,0,0,1,0,1,0,0,0,0,0,0,0,0,0,1,1,1,0,1,1,2,1,3,2,1,4,1,5,4,3,10,9,10,7,10,19,15,13,17,15,19,29,27,33,37,54,62,69,67,94,94,106,125,154,169,227,243,306,379,502,518,654,688,723,770,760,765,733,773,729,665,716,640,695,624,594,555,546,471,512,503,423,430,452,424,399,441,413,393,398,340,372,384,328,313,350,355,492,316,295,306,324,355,329,303,297,313,327,283,285,260,282,275,255,255,216,279,267,306,284,224,222,212,201,225,175,203,280,287,351,145,141,115,118,123,87,77,44,26,16,9,6,5,8,3,4,5,3,5,7,8,12,5,9,10,11,3,5,5,7,6,5,6,4,9,9,7,6,5,2,8,7,7,9,4,5,5,11,8,6,11,5,5,3,2,1,1,0,0,0,0,0,0,0,0,0,0,0,0,0,0,0,0,0,0,0,0,0,0,0,0,0,0,0,0,0,0,0,0,0,0,0,0,0,0,0,0,0,0,0,0,0,0,0,0,0,0,0,0,0,0
73.15,0,0,0,0,0,0,0,0,0,0,0,0,0,0,0,0,0,0,0,0,0,0,0,0,0,0,0,0,0,0,1,0,0,0,0,0,0,0,0,0,0,0,0,0,0,1,0,0,0,0,0,1,0,1,0,0,0,0,0,0,0,0,0,0,0,0,0,0,0,0,0,1,0,0,2,0,0,1,2,2,1,4,4,3,4,2,5,5,2,7,9,11,6,10,18,14,13,17,16,19,27,27,33,37,54,60,69,67,94,94,105,127,154,169,228,241,306,379,501,519,653,688,723,771,759,765,733,774,728,665,716,640,695,623,595,556,544,471,512,504,422,431,452,423,399,441,413,393,399,340,371,385,327,313,350,355,492,316,295,306,324,355,329,303,297,313,327,283,285,260,282,275,255,255,216,279,267,306,284,224,222,212,201,225,175,203,280,287,351,145,141,115,118,123,87,77,44,26,16,9,6,5,8,3,4,5,3,5,7,8,12,5,9,10,11,3,5,5,7,6,5,6,4,9,9,7,6,5,2,8,7,7,9,4,5,5,11,8,6,11,5,5,3,2,1,1,0,0,0,0,0,0,0,0,0,0,0,0,0,0,0,0,0,0,0,0,0,0,0,0,0,0,0,0,0,0,0,0,0,0,0,0,0,0,0,0,0,0,0,0,0,0,0,0,0,0,0,0,0,0
73.25,0,0,0,0,0,0,0,0,0,0,0,0,0,0,0,0,0,0,0,0,0,0,0,0,0,0,0,1,0,0,0,1,0,0,0,0,0,0,0,0,0,0,0,0,0,0,0,0,0,1,0,0,0,0,1,0,0,1,0,0,0,0,0,2,0,1,0,1,2,0,1,0,0,0,0,0,3,1,1,2,1,3,2,1,5,4,5,2,2,7,9,10,6,10,18,15,13,17,15,19,27,27,33,37,54,62,69,67,93,94,106,125,154,170,227,241,306,380,500,519,652,688,723,771,759,765,733,774,728,665,716,640,695,623,596,555,544,471,513,504,422,430,452,423,399,442,413,393,399,340,372,384,327,313,350,355,492,316,295,306,324,355,329,303,297,313,327,283,285,260,282,275,255,255,216,279,267,306,284,224,222,212,201,225,175,203,280,287,351,145,141,115,118,123,87,77,44,26,16,9,6,5,8,3,4,5,3,5,7,8,12,5,9,10,11,3,5,5,7,6,5,6,4,9,9,7,6,5,2,8,7,7,9,4,5,5,11,8,6,11,5,5,3,2,1,1,0,0,0,0,0,0,0,0,0,0,0,0,0,0,0,0,0,0,0,0,0,0,0,0,0,0,0,0,0,0,0,0,0,0,0,0,0,0,0,0,0,0,0,0,0,0,0,0,0,0,0,0,0,0
73.35,0,0,0,0,0,0,0,0,0,0,0,0,0,0,0,0,0,0,0,0,0,0,0,0,0,0,0,0,0,0,0,0,0,1,0,0,0,0,1,0,0,0,1,0,1,0,0,0,0,0,0,0,0,0,0,0,0,1,1,0,1,0,0,1,1,1,0,0,1,0,0,3,1,0,1,0,1,2,1,1,1,4,3,1,4,2,5,3,2,6,9,10,6,11,19,15,15,17,15,20,27,27,33,37,54,60,69,67,93,94,105,125,154,170,227,241,306,380,500,519,652,688,724,770,759,766,733,773,728,665,716,640,695,623,597,554,544,472,511,503,422,430,452,423,399,442,413,393,399,341,371,384,327,313,350,355,492,316,295,306,324,355,329,303,297,313,327,283,285,260,282,275,255,255,216,279,267,306,284,224,222,212,201,225,175,203,280,287,351,145,141,115,118,123,87,77,44,26,16,9,6,5,8,3,4,5,3,5,7,8,12,5,9,10,11,3,5,5,7,6,5,6,4,9,9,7,6,5,2,8,7,7,9,4,5,5,11,8,6,11,5,5,3,2,1,1,0,0,0,0,0,0,0,0,0,0,0,0,0,0,0,0,0,0,0,0,0,0,0,0,0,0,0,0,0,0,0,0,0,0,0,0,0,0,0,0,0,0,0,0,0,0,0,0,0,0,0,0,0,0
73.45,0,0,0,0,0,0,0,0,0,0,0,0,0,0,0,0,0,0,0,0,0,0,0,0,0,0,0,0,0,0,0,0,0,0,0,1,0,0,0,0,0,0,0,1,0,1,0,1,0,0,0,0,1,0,1,0,0,0,0,0,0,1,0,1,0,1,0,0,0,0,0,1,0,1,0,0,4,1,2,3,1,3,3,0,4,3,4,2,3,7,10,10,6,10,17,16,14,17,15,21,27,27,33,37,54,59,69,67,93,94,105,124,154,170,227,241,306,380,500,519,653,687,724,770,760,765,733,773,728,665,716,640,695,624,594,554,544,472,511,503,422,430,452,423,399,442,413,393,400,340,371,384,327,313,350,355,492,316,295,306,324,355,329,303,297,313,327,283,285,261,282,275,255,255,216,279,267,306,284,224,222,212,201,225,175,203,280,287,351,145,141,115,118,123,87,77,44,26,16,9,6,5,8,3,4,5,3,5,7,8,12,5,9,10,11,3,5,5,7,6,5,6,4,9,9,7,6,5,2,8,7,7,9,4,5,5,11,8,6,11,5,5,3,2,1,1,0,0,0,0,0,0,0,0,0,0,0,0,0,0,0,0,0,0,0,0,0,0,0,0,0,0,0,0,0,0,0,0,0,0,0,0,0,0,0,0,0,0,0,0,0,0,0,0,0,0,0,0,0,0
73.55,0,0,0,0,0,0,0,0,0,0,0,0,0,0,0,0,0,0,0,0,0,0,0,0,0,0,0,0,0,0,0,0,0,0,0,1,0,0,0,0,0,0,0,1,0,0,0,0,0,0,0,1,1,0,0,1,0,0,0,1,0,0,0,0,0,0,2,1,1,1,0,0,2,0,1,1,1,1,1,3,1,3,3,0,4,3,5,2,3,7,9,10,6,10,17,15,14,17,15,21,27,27,33,37,54,59,69,67,93,94,105,124,154,170,227,241,306,380,500,519,653,687,724,770,761,765,732,773,728,665,716,641,695,625,594,553,544,472,511,503,422,430,452,423,399,442,413,394,399,340,371,384,327,313,350,355,492,316,295,306,324,355,329,303,297,313,326,284,285,261,282,275,255,256,216,279,267,306,284,225,222,212,201,225,175,203,280,287,351,145,141,115,118,123,87,77,44,26,16,9,6,5,8,3,4,5,3,5,7,8,12,5,9,10,11,3,5,5,7,6,5,6,4,9,9,7,6,5,2,8,7,7,9,4,5,5,11,8,6,11,5,5,3,2,1,1,0,0,0,0,0,0,0,0,0,0,0,0,0,0,0,0,0,0,0,0,0,0,0,0,0,0,0,0,0,0,0,0,0,0,0,0,0,0,0,0,0,0,0,0,0,0,0,0,0,0,0,0,0,0
73.65,0,0,0,0,0,0,0,0,0,0,0,0,0,0,0,0,0,0,0,0,0,0,0,0,0,0,0,0,0,0,0,0,0,0,0,0,0,0,1,0,0,1,1,0,0,0,2,0,0,1,0,0,0,0,0,0,1,0,0,0,0,2,0,0,0,0,1,0,0,3,0,1,1,0,0,0,0,1,1,1,1,4,4,0,3,2,5,3,3,7,9,10,6,10,17,16,14,17,15,21,27,27,33,37,54,59,69,68,94,94,105,124,154,170,227,240,306,380,501,518,653,687,724,770,759,765,732,773,728,665,716,641,696,622,595,553,544,472,511,503,422,430,452,423,399,442,413,394,399,340,371,384,327,313,350,355,492,316,295,306,324,355,329,303,297,313,327,284,285,260,282,275,255,256,216,279,267,306,284,225,222,212,201,225,175,203,280,287,351,145,141,115,118,123,87,77,44,26,16,9,6,5,8,3,4,5,3,5,7,8,12,5,9,10,11,3,5,5,7,6,5,6,4,9,9,7,6,5,2,8,7,7,9,4,5,5,11,8,6,11,5,5,3,2,1,1,0,0,0,0,0,0,0,0,0,0,0,0,0,0,0,0,0,0,0,0,0,0,0,0,0,0,0,0,0,0,0,0,0,0,0,0,0,0,0,0,0,0,0,0,0,0,0,0,0,0,0,0,0,0
73.75,0,0,0,0,0,0,0,0,0,0,0,0,1,0,0,0,0,0,0,0,0,0,0,0,0,0,0,0,0,0,0,0,1,0,0,0,0,0,0,0,0,0,0,0,0,0,1,1,0,0,0,0,0,0,1,0,0,0,0,0,1,0,2,0,2,0,1,0,0,0,1,1,0,2,1,1,0,1,0,2,0,2,2,0,4,3,4,3,2,7,10,10,6,10,17,15,15,17,15,21,28,27,33,37,54,58,69,68,94,94,105,124,154,170,227,240,306,380,501,519,652,687,724,770,759,763,732,773,728,665,716,641,696,622,595,553,544,472,511,503,422,430,452,423,399,442,413,394,399,340,371,384,327,313,350,355,492,316,295,306,324,355,329,303,297,313,327,284,285,260,282,275,255,256,216,279,267,306,284,225,222,212,201,225,175,203,280,287,351,145,141,115,118,123,87,77,44,26,16,9,6,5,8,3,4,5,3,5,7,8,12,5,9,10,11,3,5,5,7,6,5,6,4,9,9,7,6,5,2,8,7,7,9,4,5,5,11,8,6,11,5,5,3,2,1,1,0,0,0,0,0,0,0,0,0,0,0,0,0,0,0,0,0,0,0,0,0,0,0,0,0,0,0,0,0,0,0,0,0,0,0,0,0,0,0,0,0,0,0,0,0,0,0,0,0,0,0,0,0,0
73.85,0,0,0,0,0,0,0,0,0,0,0,0,0,0,0,0,0,1,0,0,0,0,0,0,0,0,0,0,0,0,0,0,0,0,0,0,0,0,0,0,0,0,0,0,0,0,0,1,1,0,1,0,1,1,1,0,0,0,0,0,0,0,0,0,0,1,1,0,0,0,0,0,1,0,1,0,0,1,0,2,0,2,2,0,3,3,5,3,3,7,8,10,6,12,17,15,15,17,15,22,26,27,33,37,55,58,69,68,94,94,105,124,154,170,227,240,307,379,501,517,652,687,724,770,759,763,732,773,728,665,716,641,696,623,595,553,544,472,511,503,422,430,452,423,399,442,413,394,399,340,371,384,327,313,350,355,492,316,295,306,324,355,329,303,297,313,327,284,285,260,282,275,255,256,216,279,267,306,284,225,222,212,201,225,175,203,280,287,351,145,141,115,118,123,87,77,44,26,16,9,6,5,8,3,4,5,3,5,7,8,12,5,9,10,11,3,5,5,7,6,5,6,4,9,9,7,6,5,2,8,7,7,9,4,5,5,11,8,6,11,5,5,3,2,1,1,0,0,0,0,0,0,0,0,0,0,0,0,0,0,0,0,0,0,0,0,0,0,0,0,0,0,0,0,0,0,0,0,0,0,0,0,0,0,0,0,0,0,0,0,0,0,0,0,0,0,0,0,0,0
73.95,0,0,0,0,0,0,0,0,0,0,0,0,0,0,0,0,0,0,0,0,0,0,0,0,0,0,0,0,0,0,0,0,0,0,0,0,0,0,0,0,0,0,0,0,0,0,0,0,1,0,0,0,0,0,0,1,0,1,0,0,0,0,0,1,0,0,1,0,0,1,0,0,0,0,1,0,1,2,0,2,0,1,2,1,4,2,5,2,3,8,9,9,6,10,17,18,16,17,16,22,26,27,33,37,53,58,69,69,94,94,105,124,154,170,227,240,305,379,500,517,653,687,724,770,759,763,732,773,728,665,716,641,696,623,595,553,543,472,511,504,422,430,452,423,399,442,413,394,399,340,371,384,327,313,350,355,492,316,295,306,324,355,329,303,297,313,327,284,285,260,282,275,255,256,216,279,267,306,284,225,222,212,201,225,175,203,280,287,351,145,141,115,118,124,87,77,44,26,16,9,6,5,8,3,4,5,3,5,7,8,12,5,9,10,11,3,5,5,7,6,5,6,4,9,9,7,6,5,2,8,7,7,9,4,5,5,11,8,6,11,5,5,3,2,1,1,0,0,0,0,0,0,0,0,0,0,0,0,0,0,0,0,0,0,0,0,0,0,0,0,0,0,0,0,0,0,0,0,0,0,0,0,0,0,0,0,0,0,0,0,0,0,0,0,0,0,0,0,0,0
74.05,0,0,0,0,0,0,0,0,0,0,0,0,0,0,0,0,0,0,0,0,0,0,0,0,0,0,0,0,0,0,0,0,0,0,0,0,0,0,0,0,0,0,0,0,0,0,0,0,0,0,0,0,0,0,0,1,0,0,0,0,0,0,0,1,0,0,0,0,0,0,0,0,0,0,0,0,2,1,2,1,0,1,2,2,3,1,3,3,3,8,9,6,7,11,17,14,17,18,17,23,28,27,35,34,54,57,70,68,94,94,104,125,153,171,227,239,306,379,499,515,653,687,724,770,759,763,733,772,728,665,717,640,696,621,595,553,544,471,511,503,422,431,452,423,400,441,413,394,399,340,371,384,327,313,351,354,493,315,295,306,324,355,329,303,297,313,327,284,285,260,282,275,255,256,216,279,267,306,284,225,222,212,201,225,175,203,280,287,351,145,141,115,118,124,87,77,44,26,16,9,6,5,8,3,4,5,3,5,7,8,12,5,9,10,11,3,5,5,7,6,5,6,4,9,9,7,6,5,2,8,7,7,9,4,5,5,11,8,6,11,5,5,3,2,1,1,0,0,0,0,0,0,0,0,0,0,0,0,0,0,0,0,0,0,0,0,0,0,0,0,0,0,0,0,0,0,0,0,0,0,0,0,0,0,0,0,0,0,0,0,0,0,0,0,0,0,0,0,0,0
74.15,0,0,0,0,0,0,0,0,0,0,0,0,0,0,0,0,0,0,1,0,0,0,0,0,0,0,0,0,0,0,0,0,0,0,0,0,0,0,0,0,0,0,0,0,1,0,0,1,0,1,0,0,0,0,0,0,0,0,0,0,0,0,0,0,0,0,0,0,0,0,0,0,0,1,0,0,0,3,2,1,0,1,4,3,3,1,4,2,2,8,9,6,9,11,17,15,16,18,16,25,27,26,34,35,53,56,70,67,94,94,103,125,154,170,227,240,305,378,498,515,653,687,724,770,759,763,733,772,729,665,716,640,696,621,595,554,543,471,511,503,422,432,451,424,399,441,414,393,400,339,371,384,328,313,350,354,493,315,295,306,324,355,329,303,297,313,327,284,285,260,282,275,255,256,216,279,267,306,284,225,222,212,201,225,175,203,280,287,351,145,141,115,118,124,87,77,44,26,16,9,6,5,8,3,4,5,3,5,7,8,12,5,9,10,11,3,5,5,7,6,5,6,4,9,9,7,6,5,2,8,7,7,9,4,5,5,11,8,6,11,5,5,3,2,1,1,0,0,0,0,0,0,0,0,0,0,0,0,0,0,0,0,0,0,0,0,0,0,0,0,0,0,0,0,0,0,0,0,0,0,0,0,0,0,0,0,0,0,0,0,0,0,0,0,0,0,0,0,0,0
74.25,0,0,0,0,0,0,0,0,0,0,0,0,0,0,0,0,0,0,0,0,0,0,0,0,0,0,0,0,0,0,0,0,0,0,0,0,0,0,0,0,0,0,1,0,1,0,0,0,0,0,0,0,0,0,1,0,0,1,0,1,0,0,0,0,1,0,0,2,1,0,3,2,1,0,3,0,1,0,2,0,0,1,1,1,2,1,3,3,4,8,8,6,7,13,16,15,18,17,15,25,27,25,32,34,53,56,69,67,93,94,103,125,153,171,227,239,305,379,496,515,653,687,724,770,759,763,733,771,728,665,716,640,696,622,595,553,543,471,511,503,423,432,451,423,399,441,414,393,400,339,371,384,328,313,350,354,493,315,295,306,324,355,329,303,297,313,327,284,285,260,282,275,255,256,216,279,267,306,284,225,222,212,201,225,175,203,280,287,351,145,141,115,118,124,87,77,44,26,16,9,6,5,8,3,4,5,3,5,7,8,12,5,9,10,11,3,5,5,7,6,5,6,4,9,9,7,6,5,2,8,7,7,9,4,5,5,11,8,6,11,5,5,3,2,1,1,0,0,0,0,0,0,0,0,0,0,0,0,0,0,0,0,0,0,0,0,0,0,0,0,0,0,0,0,0,0,0,0,0,0,0,0,0,0,0,0,0,0,0,0,0,0,0,0,0,0,0,0,0,0
74.35,1,0,0,0,0,0,0,0,0,0,0,0,0,0,0,0,0,0,0,0,1,0,0,0,0,0,0,0,0,0,0,0,0,0,0,0,0,0,0,0,0,0,0,0,0,0,0,0,0,0,0,0,0,1,0,1,2,0,0,0,0,0,1,1,1,1,1,0,1,2,2,1,1,0,0,0,1,1,2,0,0,1,2,2,2,2,3,3,3,9,7,7,8,12,15,14,17,16,15,23,26,25,31,34,53,56,69,67,93,94,103,126,153,170,227,239,305,377,496,515,653,687,724,770,759,763,733,771,728,665,716,640,696,622,595,553,543,471,512,503,422,433,450,423,399,442,413,394,399,339,371,384,328,313,350,354,493,315,295,306,324,355,329,303,297,313,327,284,285,260,282,275,255,256,216,279,267,306,284,225,222,212,201,225,175,203,280,287,351,145,141,115,118,124,87,77,44,26,16,9,6,5,8,3,4,5,3,5,7,8,12,5,9,10,11,3,5,5,7,6,5,6,4,9,9,7,6,5,2,7,7,7,9,4,5,5,11,8,6,11,5,5,3,1,1,1,0,0,0,0,0,0,0,0,0,0,0,0,0,0,0,0,0,0,0,0,0,0,0,0,0,0,0,0,0,0,0,0,0,0,0,0,0,0,0,0,0,0,0,0,0,0,0,0,0,0,0,0,0,0
74.45,0,0,0,1,0,0,0,0,0,0,0,0,0,0,0,0,0,0,0,0,0,0,0,0,0,1,0,0,0,0,0,0,0,1,0,0,0,0,0,0,1,0,0,1,0,0,0,0,0,1,0,1,0,1,0,0,0,0,1,0,0,1,0,0,0,1,0,0,0,1,0,0,1,0,2,0,1,2,0,0,0,2,2,2,3,2,3,2,3,8,7,6,7,12,15,14,16,16,15,23,26,25,31,34,51,56,70,67,94,94,103,125,153,170,227,239,305,378,496,515,653,687,724,770,759,763,733,771,728,665,716,641,696,622,595,553,543,472,511,503,424,431,450,423,399,442,413,394,399,339,371,384,328,313,350,354,493,315,295,306,324,355,329,303,297,313,327,284,285,260,282,275,255,256,216,279,267,306,284,225,222,212,201,225,175,203,280,287,351,145,141,115,118,124,87,77,44,26,16,9,6,5,8,3,4,5,3,5,7,8,12,5,9,10,11,3,5,5,7,6,5,6,4,9,9,7,6,5,2,7,7,7,9,4,5,5,11,8,6,11,5,5,3,1,1,1,0,0,0,0,0,0,0,0,0,0,0,0,0,0,0,0,0,0,0,0,0,0,0,0,0,0,0,0,0,0,0,0,0,0,0,0,0,0,0,0,0,0,0,0,0,0,0,0,0,0,0,0,0,0
74.55,0,0,0,0,0,0,0,0,0,0,0,0,0,0,0,0,0,0,0,0,0,0,0,0,0,0,0,0,0,0,0,0,0,0,0,0,0,0,0,0,0,0,0,0,0,0,0,0,0,0,1,0,0,0,1,0,1,0,1,0,0,1,0,0,1,1,0,0,2,0,0,0,1,2,1,1,0,1,0,0,3,3,2,1,3,1,3,3,1,8,8,6,7,11,15,14,15,16,15,23,26,25,31,34,51,57,70,67,93,94,103,125,153,170,227,239,305,378,496,514,653,686,724,770,759,763,733,771,728,665,716,641,696,622,595,553,543,472,511,504,423,431,450,423,399,442,414,393,399,339,371,384,328,313,350,354,493,315,295,306,324,355,329,303,297,313,327,284,285,260,282,275,255,256,216,279,267,306,284,225,223,212,201,225,175,203,280,287,351,145,141,115,118,124,87,77,44,26,16,9,6,5,8,3,4,5,3,5,7,8,12,5,9,10,11,3,5,5,7,6,5,6,4,9,9,7,6,5,2,7,7,7,9,4,5,5,11,8,6,11,5,5,3,1,1,1,0,0,0,0,0,0,0,0,0,0,0,0,0,0,0,0,0,0,0,0,0,0,0,0,0,0,0,0,0,0,0,0,0,0,0,0,0,0,0,0,0,0,0,0,0,0,0,0,0,0,0,0,0,0
74.65,0,0,0,0,0,0,0,0,0,0,0,0,0,0,0,0,0,0,0,0,0,0,0,0,0,0,0,0,0,0,0,0,1,0,0,0,0,1,0,2,0,0,0,0,0,1,0,0,0,0,0,0,0,0,0,0,0,1,0,0,0,0,0,2,0,0,0,1,1,0,0,0,1,0,1,2,1,0,0,3,1,1,1,3,3,1,3,2,1,8,7,7,7,11,15,15,15,16,15,23,26,26,31,34,51,56,71,67,93,94,103,125,154,170,227,239,305,378,496,514,653,686,724,770,759,763,733,771,728,665,716,641,696,622,595,553,543,471,511,504,422,431,450,423,399,442,414,393,399,339,371,384,328,313,350,354,493,315,295,306,324,355,329,303,297,313,327,284,285,260,282,275,255,256,216,279,267,306,284,225,223,212,201,225,175,203,280,287,351,145,141,115,118,124,87,77,44,26,16,9,6,5,8,3,4,5,3,5,7,8,12,5,9,10,11,3,5,5,7,6,5,6,4,9,9,7,6,5,2,7,7,7,9,4,5,5,11,8,6,11,5,5,3,1,1,1,0,0,0,0,0,0,0,0,0,0,0,0,0,0,0,0,0,0,0,0,0,0,0,0,0,0,0,0,0,0,0,0,0,0,0,0,0,0,0,0,0,0,0,0,0,0,0,0,0,0,0,0,0,0
74.75,0,0,0,0,0,0,0,0,0,0,0,0,0,0,0,0,0,0,0,0,0,0,0,0,0,0,0,0,0,0,0,0,0,0,0,0,0,1,0,0,0,1,0,0,0,0,0,0,0,0,1,0,0,0,0,0,0,2,0,0,0,0,0,0,0,0,1,0,0,2,1,0,1,0,1,1,1,0,0,2,1,1,0,1,2,1,4,4,1,8,7,6,6,11,14,14,17,16,16,23,26,26,31,34,49,56,71,67,93,95,103,125,154,170,227,239,305,378,496,514,653,686,724,770,759,763,733,771,727,665,716,641,696,622,595,553,543,471,511,504,422,431,450,423,399,442,414,393,399,339,371,384,328,313,350,354,493,315,295,306,324,355,329,303,297,313,327,284,285,260,282,275,255,256,216,279,267,306,284,225,223,212,201,225,175,203,280,287,351,145,141,115,118,124,87,77,44,26,16,9,6,5,8,3,4,5,3,5,7,8,12,5,9,10,11,3,5,5,7,6,5,6,4,9,9,7,6,5,2,7,7,7,9,4,5,5,11,8,6,11,5,5,3,1,1,1,0,0,0,0,0,0,0,0,0,0,0,0,0,0,0,0,0,0,0,0,0,0,0,0,0,0,0,0,0,0,0,0,0,0,0,0,0,0,0,0,0,0,0,0,0,0,0,0,0,0,0,0,0,0
74.85,0,0,0,0,0,0,0,0,0,0,0,0,0,0,0,0,0,0,0,0,0,0,0,0,0,0,0,0,0,0,0,0,0,0,1,0,0,1,0,0,0,0,0,0,0,0,0,0,0,0,1,0,0,0,0,0,1,0,0,0,1,0,0,0,1,1,0,0,0,0,0,0,0,0,1,1,1,0,0,1,2,2,0,1,2,1,4,5,2,10,7,6,6,11,14,14,15,16,15,23,27,28,31,34,49,56,71,67,93,95,103,125,154,170,227,239,305,378,496,514,653,686,724,770,759,763,733,771,727,665,716,641,696,622,595,553,543,471,512,503,422,431,450,423,399,442,414,393,400,339,371,384,328,313,350,354,493,315,295,306,324,355,329,303,297,313,327,284,285,260,282,275,255,256,216,279,267,306,284,225,223,212,200,225,175,203,280,287,351,145,141,115,118,124,87,77,44,26,16,9,6,5,8,3,4,5,3,5,7,8,12,5,9,10,11,3,5,5,7,6,5,6,4,9,9,7,6,5,2,7,7,7,9,4,5,5,11,8,6,11,5,5,3,1,1,1,0,0,0,0,0,0,0,0,0,0,0,0,0,0,0,0,0,0,0,0,0,0,0,0,0,0,0,0,0,0,0,0,0,0,0,0,0,0,0,0,0,0,0,0,0,0,0,0,0,0,0,0,0,0
74.95,0,0,0,0,0,0,0,0,0,0,0,0,0,0,0,0,0,0,0,0,0,0,0,0,0,0,0,0,0,0,0,0,0,0,0,0,0,0,0,0,0,0,0,0,0,0,0,0,0,0,0,0,0,0,0,0,0,0,1,0,0,0,0,0,0,0,0,2,0,0,1,1,0,0,1,1,0,0,1,1,2,3,1,2,2,1,5,4,1,9,8,8,6,11,14,14,15,16,15,23,26,28,31,36,49,56,71,67,93,95,103,125,154,170,227,239,305,378,496,514,653,686,724,770,759,763,733,771,727,665,716,641,696,622,595,553,543,471,512,503,422,431,450,423,399,442,414,393,400,339,371,384,328,313,350,354,493,315,295,306,324,355,329,303,297,313,327,284,285,260,282,275,255,256,216,279,267,306,284,225,223,212,200,225,175,203,280,287,351,145,141,115,118,124,87,76,44,26,16,9,6,5,8,3,4,5,3,5,7,8,12,5,9,10,11,3,5,5,7,6,5,6,4,9,9,7,6,5,2,7,7,7,9,4,5,5,11,8,6,11,5,5,3,1,1,1,0,0,0,0,0,0,0,0,0,0,0,0,0,0,0,0,0,0,0,0,0,0,0,0,0,0,0,0,0,0,0,0,0,0,0,0,0,0,0,0,0,0,0,0,0,0,0,0,0,0,0,0,0,0
75.05,0,0,0,0,0,0,0,0,0,0,0,0,0,0,0,0,0,0,0,0,0,0,0,0,0,0,0,0,0,0,0,0,0,0,0,0,0,0,0,0,0,0,0,0,0,0,0,0,0,0,1,0,0,0,0,1,0,0,0,0,0,0,0,0,0,0,0,0,0,0,0,1,2,1,0,1,1,2,0,0,1,1,0,1,5,1,6,5,2,6,9,6,9,11,13,14,16,16,14,25,26,27,32,34,50,56,70,67,93,95,105,126,153,169,227,239,304,378,497,513,653,686,724,770,759,763,732,771,727,667,713,641,696,622,595,553,544,470,512,503,422,431,450,423,399,442,414,393,400,339,372,383,328,313,350,354,493,315,295,306,325,354,329,303,297,314,326,284,285,260,282,275,255,256,217,278,267,306,284,225,222,212,200,225,175,203,280,287,351,145,141,115,118,124,87,76,44,26,16,9,6,5,8,3,4,5,3,5,7,8,12,5,9,10,11,3,5,5,7,6,5,6,4,9,9,7,6,5,2,7,7,7,9,4,5,5,11,8,6,11,5,5,3,1,1,1,0,0,0,0,0,0,0,0,0,0,0,0,0,0,0,0,0,0,0,0,0,0,0,0,0,0,0,0,0,0,0,0,0,0,0,0,0,0,0,0,0,0,0,0,0,0,0,0,0,0,0,0,0,0
75.15,0,0,0,0,0,0,0,0,0,0,0,0,0,0,0,0,0,0,0,0,0,0,0,0,0,0,0,0,0,0,0,0,0,1,0,0,1,0,0,0,0,0,1,0,0,0,0,1,0,0,0,0,1,0,0,0,0,0,0,0,0,0,0,0,1,0,0,0,0,1,0,0,1,1,0,0,0,1,0,2,1,1,0,1,7,1,8,4,1,5,11,5,9,10,15,15,15,16,14,23,26,27,31,34,50,56,70,68,92,95,104,125,152,169,227,239,305,378,496,513,653,685,723,771,757,762,732,771,727,667,713,641,696,622,595,555,542,470,512,503,422,432,450,422,399,442,414,393,400,340,371,383,328,313,350,354,493,315,295,307,324,354,329,304,297,313,326,284,285,260,282,275,255,256,217,278,267,306,284,225,222,212,200,225,175,203,280,287,351,145,141,115,118,124,87,76,44,26,16,9,6,5,8,3,4,5,3,5,7,8,12,5,9,10,11,3,5,5,7,6,5,6,4,9,9,7,6,5,2,7,7,7,9,4,5,5,11,8,6,11,5,5,3,1,1,1,0,0,0,0,0,0,0,0,0,0,0,0,0,0,0,0,0,0,0,0,0,0,0,0,0,0,0,0,0,0,0,0,0,0,0,0,0,0,0,0,0,0,0,0,0,0,0,0,0,0,0,0,0,0
75.25,0,0,0,0,0,0,0,0,0,0,0,0,0,0,0,0,0,0,0,0,0,0,0,0,0,0,0,0,0,0,0,0,0,0,0,0,1,0,0,0,0,0,0,1,1,0,0,0,0,0,1,1,0,0,0,0,1,0,0,0,0,0,0,0,0,0,0,0,0,1,0,1,1,0,0,1,1,1,0,1,4,1,0,2,5,1,6,4,3,5,12,5,10,10,12,14,15,15,14,23,26,27,31,34,50,57,70,66,93,96,103,124,152,169,228,239,304,378,496,513,654,684,723,771,757,762,732,771,728,666,713,641,696,622,596,554,542,470,512,503,423,431,450,422,399,442,414,394,400,339,371,383,328,313,350,354,493,316,295,306,324,354,330,303,297,313,326,284,285,260,282,275,255,257,216,278,267,306,284,225,222,212,200,225,175,203,280,287,351,145,141,115,118,124,87,76,44,26,16,9,6,5,8,3,4,5,3,5,7,8,12,5,9,10,11,3,5,5,7,6,5,6,4,9,9,7,6,5,2,7,7,7,9,4,5,5,11,8,6,11,5,5,3,1,1,1,0,0,0,0,0,0,0,0,0,0,0,0,0,0,0,0,0,0,0,0,0,0,0,0,0,0,0,0,0,0,0,0,0,0,0,0,0,0,0,0,0,0,0,0,0,0,0,0,0,0,0,0,0,0
75.35,0,0,0,0,0,0,0,0,0,0,0,0,0,0,0,0,0,0,0,0,0,0,0,0,0,0,0,0,0,0,0,0,0,0,0,0,1,0,0,0,0,0,0,0,0,0,0,1,0,0,1,0,0,0,0,0,0,0,0,0,0,0,0,0,0,1,0,0,0,3,0,1,1,2,0,2,2,2,1,1,1,1,0,1,5,2,7,4,1,6,10,5,9,10,12,14,15,15,14,23,26,27,32,34,49,57,71,66,92,95,103,124,153,169,227,239,304,378,496,513,654,684,723,771,756,762,732,771,728,666,713,641,696,623,597,552,542,470,513,503,422,431,450,422,399,443,414,393,400,339,371,383,328,313,350,355,493,315,295,306,324,354,330,303,297,313,326,284,285,260,282,275,256,256,216,278,267,306,284,225,222,212,200,225,175,203,280,287,351,145,141,115,118,124,87,76,44,26,16,9,6,5,8,3,4,5,3,5,7,8,12,5,9,10,11,3,5,5,7,6,5,6,4,9,9,7,6,5,2,7,7,7,9,4,5,5,11,8,6,11,5,5,3,1,1,1,0,0,0,0,0,0,0,0,0,0,0,0,0,0,0,0,0,0,0,0,0,0,0,0,0,0,0,0,0,0,0,0,0,0,0,0,0,0,0,0,0,0,0,0,0,0,0,0,0,0,0,0,0,0
75.45,0,0,0,0,0,0,0,0,0,0,0,0,0,0,0,0,0,0,0,0,0,0,1,0,0,0,0,0,0,0,0,0,0,0,0,0,0,0,0,0,1,0,1,0,0,0,0,0,0,1,0,0,1,0,0,0,0,1,0,0,1,0,0,0,0,0,0,2,0,2,0,1,1,0,1,0,0,2,0,2,1,1,0,2,4,1,7,4,1,5,9,5,9,10,12,14,15,16,14,23,26,27,31,35,50,56,70,66,92,96,103,124,152,169,227,239,304,378,496,513,654,684,723,772,755,762,732,773,726,667,713,641,697,622,597,552,543,470,512,503,422,431,450,423,400,442,414,393,400,339,371,383,328,314,350,354,493,315,295,306,324,354,329,303,297,313,327,284,285,260,282,276,255,256,216,278,267,306,284,225,222,212,200,225,175,203,280,287,351,145,141,115,118,124,87,76,44,26,16,9,6,5,8,3,4,5,3,5,7,8,12,5,9,10,11,3,5,5,7,6,5,6,4,9,9,7,6,5,2,7,7,7,9,4,5,5,11,8,6,11,5,5,3,1,1,1,0,0,0,0,0,0,0,0,0,0,0,0,0,0,0,0,0,0,0,0,0,0,0,0,0,0,0,0,0,0,0,0,0,0,0,0,0,0,0,0,0,0,0,0,0,0,0,0,0,0,0,0,0,0
75.55,0,0,0,0,0,0,0,0,0,0,0,0,0,0,0,0,0,0,0,0,0,0,0,0,0,0,0,0,0,0,0,0,0,1,0,0,0,0,1,0,0,0,1,0,0,2,0,0,0,0,0,0,0,0,0,0,1,1,0,1,2,0,1,2,0,1,0,0,0,0,0,0,0,0,0,0,0,1,0,1,3,2,0,1,5,1,6,4,1,5,10,6,8,10,12,14,15,15,14,23,28,28,30,34,49,58,70,66,92,95,103,124,152,169,227,237,304,378,496,512,653,683,723,772,755,762,732,773,726,667,713,641,695,623,596,552,541,470,512,503,423,431,450,423,399,442,414,393,400,339,372,383,328,313,350,354,493,315,295,306,324,354,329,303,297,313,327,284,285,260,282,275,255,256,216,278,267,306,284,225,222,212,200,225,175,203,280,287,351,145,141,115,118,124,87,76,44,26,16,9,6,5,8,3,4,5,3,5,7,8,12,5,9,10,11,3,5,5,7,6,5,6,4,9,9,7,6,5,2,7,7,7,9,4,5,5,11,8,6,11,5,5,3,1,1,1,0,0,0,0,0,0,0,0,0,0,0,0,0,0,0,0,0,0,0,0,0,0,0,0,0,0,0,0,0,0,0,0,0,0,0,0,0,0,0,0,0,0,0,0,0,0,0,0,0,0,0,0,0,0
75.65,0,0,0,0,0,0,0,0,0,0,0,0,0,0,0,0,1,0,0,0,0,0,0,0,0,0,1,0,0,0,0,0,0,1,0,0,0,0,0,0,0,0,0,0,0,0,0,0,0,0,1,0,0,0,0,0,0,1,0,0,2,0,0,0,0,0,1,0,0,0,0,0,0,1,2,1,1,1,1,1,2,2,0,1,4,1,5,4,3,6,10,5,8,9,12,16,16,15,14,23,27,29,30,34,48,57,70,66,92,95,103,124,152,169,227,237,304,378,496,511,653,683,723,772,755,762,732,773,726,667,713,641,695,623,596,552,541,470,512,504,422,431,450,423,399,442,414,393,400,339,372,383,328,313,350,354,493,315,295,306,324,354,329,303,297,313,327,284,285,261,281,275,255,256,216,278,267,306,284,225,222,212,200,225,175,203,280,287,351,145,141,115,118,124,87,76,44,26,16,9,6,5,8,3,4,5,3,5,7,8,12,5,9,10,11,3,5,5,7,6,5,6,4,9,9,7,6,5,2,7,7,7,9,4,5,5,11,8,6,11,5,5,3,1,1,1,0,0,0,0,0,0,0,0,0,0,0,0,0,0,0,0,0,0,0,0,0,0,0,0,0,0,0,0,0,0,0,0,0,0,0,0,0,0,0,0,0,0,0,0,0,0,0,0,0,0,0,0,0,0
75.75,0,0,0,0,0,0,0,0,0,0,0,0,0,0,0,0,0,0,0,0,0,0,0,0,0,0,0,0,0,0,0,0,0,0,0,0,0,0,0,0,0,0,0,0,0,0,0,0,0,0,1,0,0,1,1,0,1,0,0,0,0,1,0,0,1,0,0,0,0,1,0,0,0,0,0,0,0,1,2,1,2,2,1,2,4,1,5,4,1,6,10,6,9,9,12,15,15,15,14,23,26,29,30,34,47,57,70,66,92,95,103,124,152,169,227,237,304,378,496,511,653,683,724,771,755,762,731,773,726,667,713,641,696,622,596,552,541,470,512,504,422,431,450,423,399,442,414,393,400,339,372,383,328,313,350,354,493,315,295,306,324,354,329,303,297,313,327,284,286,260,281,275,255,256,216,278,267,306,284,225,222,212,200,225,175,203,280,287,351,145,141,115,118,124,87,76,44,26,16,9,6,5,8,3,4,5,3,5,7,8,12,5,9,10,11,3,5,5,7,6,5,6,4,9,9,7,6,5,2,7,7,7,9,4,5,5,11,8,6,11,5,5,3,1,1,1,0,0,0,0,0,0,0,0,0,0,0,0,0,0,0,0,0,0,0,0,0,0,0,0,0,0,0,0,0,0,0,0,0,0,0,0,0,0,0,0,0,0,0,0,0,0,0,0,0,0,0,0,0,0
75.85,0,0,0,0,1,0,0,0,0,0,0,0,0,0,1,0,0,0,0,0,0,0,0,0,0,0,1,0,0,0,0,0,0,0,0,0,0,0,1,0,0,0,0,1,0,0,1,0,0,0,0,0,1,0,0,1,0,1,0,0,0,0,1,0,0,0,0,0,0,1,0,0,1,3,0,0,0,1,1,3,2,2,0,1,5,1,5,5,1,5,8,5,8,9,13,15,15,15,14,23,26,29,30,34,47,57,70,66,92,95,103,124,152,169,227,237,304,378,496,511,653,683,722,771,755,762,731,773,726,667,713,641,696,622,596,552,541,470,512,504,422,431,450,421,400,442,414,393,400,339,372,383,328,313,350,354,493,315,295,306,324,354,329,303,297,313,327,283,285,260,281,275,254,256,216,278,267,306,284,224,222,212,200,225,175,203,280,287,351,145,141,115,118,124,87,76,44,26,16,9,6,5,8,3,4,5,3,5,7,8,12,5,9,10,11,3,5,5,7,6,5,6,4,9,9,7,6,5,2,7,7,7,9,4,5,5,11,8,6,11,5,5,3,1,1,1,0,0,0,0,0,0,0,0,0,0,0,0,0,0,0,0,0,0,0,0,0,0,0,0,0,0,0,0,0,0,0,0,0,0,0,0,0,0,0,0,0,0,0,0,0,0,0,0,0,0,0,0,0,0
75.95,0,0,0,0,0,0,0,0,0,0,0,0,0,0,0,0,0,0,0,0,0,0,1,0,0,0,0,0,0,0,0,0,0,0,0,0,0,0,0,0,0,0,0,0,0,1,0,0,0,0,0,0,0,0,0,0,0,0,0,0,0,1,0,0,1,0,1,0,1,0,0,0,2,1,0,0,0,2,1,2,2,3,0,1,5,1,5,4,1,5,8,6,8,9,12,15,16,15,14,23,26,29,30,34,47,57,70,66,92,96,103,124,152,170,227,237,304,377,496,511,653,683,722,771,755,762,731,773,726,667,713,642,695,622,596,552,541,470,512,504,422,431,450,421,400,442,414,393,400,339,372,383,328,313,350,354,493,315,295,306,324,354,329,303,297,313,327,283,285,260,281,275,254,256,216,278,267,306,284,224,222,212,200,225,175,203,280,287,351,145,141,115,118,124,87,76,44,26,16,9,6,5,8,3,4,5,3,5,7,8,12,5,9,10,11,3,5,5,7,6,5,6,4,9,9,7,6,5,2,7,7,7,9,4,5,5,11,8,6,11,5,5,3,1,1,1,0,0,0,0,0,0,0,0,0,0,0,0,0,0,0,0,0,0,0,0,0,0,0,0,0,0,0,0,0,0,0,0,0,0,0,0,0,0,0,0,0,0,0,0,0,0,0,0,0,0,0,0,0,0
76.05,0,0,0,0,0,0,0,0,0,0,0,0,0,0,0,0,0,0,0,0,0,0,0,0,0,0,0,0,0,0,0,0,0,0,0,0,0,0,0,0,0,0,0,0,1,0,0,0,0,0,1,0,1,0,0,0,1,0,0,0,0,0,0,0,0,0,0,0,0,0,2,0,1,0,1,1,0,3,2,0,0,2,2,1,5,1,3,4,4,7,5,6,7,10,12,14,16,17,14,23,26,28,30,35,46,57,69,67,92,96,103,124,151,170,226,238,303,377,496,511,653,683,722,771,755,762,731,773,726,667,713,642,695,622,597,551,541,470,512,504,422,432,449,421,400,442,415,393,399,339,372,383,328,313,350,354,493,315,295,306,324,354,329,304,296,313,327,283,285,260,281,275,254,256,216,278,267,306,284,224,223,211,200,225,175,203,280,287,351,145,141,115,118,124,87,76,44,26,16,9,6,5,8,3,4,5,3,5,7,8,12,5,9,10,11,3,5,5,7,6,5,6,4,9,9,7,6,5,2,7,7,7,9,4,5,5,11,8,6,11,5,5,3,1,1,1,0,0,0,0,0,0,0,0,0,0,0,0,0,0,0,0,0,0,0,0,0,0,0,0,0,0,0,0,0,0,0,0,0,0,0,0,0,0,0,0,0,0,0,0,0,0,0,0,0,0,0,0,0,0
76.15,0,0,0,0,0,0,0,0,0,0,0,0,0,0,0,0,0,0,1,0,0,0,0,0,0,0,0,0,0,0,0,0,0,0,0,0,0,0,1,0,0,0,0,0,0,0,0,0,0,0,1,0,0,0,0,0,0,0,0,0,1,0,0,0,0,1,0,0,1,0,1,0,1,1,2,2,0,3,1,1,0,2,1,1,5,1,5,6,2,4,5,6,7,9,11,14,15,16,14,22,26,29,30,34,47,57,69,67,93,95,102,124,152,170,226,237,303,377,496,510,653,683,722,771,756,761,731,773,726,668,712,642,695,623,594,551,541,470,512,505,422,431,449,421,402,442,414,392,399,339,372,383,328,313,350,355,492,315,295,306,324,354,330,303,296,313,327,283,285,260,281,276,254,256,216,278,267,306,285,224,222,211,200,225,175,203,280,287,351,145,141,115,118,124,87,76,44,26,16,9,6,5,8,3,4,5,3,5,7,8,12,5,9,10,11,3,5,5,7,6,5,6,4,9,9,7,6,5,2,7,7,7,9,4,5,5,11,8,6,11,5,5,3,1,1,1,0,0,0,0,0,0,0,0,0,0,0,0,0,0,0,0,0,0,0,0,0,0,0,0,0,0,0,0,0,0,0,0,0,0,0,0,0,0,0,0,0,0,0,0,0,0,0,0,0,0,0,0,0,0
76.25,0,0,0,0,0,0,0,0,0,0,0,0,0,0,0,0,0,0,1,0,0,0,0,1,0,0,0,0,0,0,0,0,0,0,0,0,0,0,0,0,1,0,0,0,0,1,0,1,0,0,0,1,1,1,0,0,0,0,1,0,0,0,0,1,0,0,1,0,1,0,1,0,2,0,1,1,1,3,1,1,1,1,0,1,5,2,3,4,0,4,5,6,7,9,11,14,16,16,15,23,26,28,30,34,46,58,69,66,92,95,103,124,151,170,226,237,303,377,496,510,653,683,722,771,756,761,731,773,726,668,712,642,696,622,594,551,541,470,512,505,422,431,451,421,400,442,414,392,399,339,372,383,328,313,351,354,492,315,295,306,324,355,329,303,296,313,327,283,285,260,281,276,254,256,216,278,268,306,284,224,222,211,200,225,175,203,280,287,351,145,141,115,118,124,87,76,44,26,16,9,6,5,8,3,4,5,3,5,7,8,12,5,9,10,11,3,5,5,7,6,5,6,4,9,9,7,6,5,2,7,7,7,9,4,5,5,11,8,6,11,5,5,3,1,1,1,0,0,0,0,0,0,0,0,0,0,0,0,0,0,0,0,0,0,0,0,0,0,0,0,0,0,0,0,0,0,0,0,0,0,0,0,0,0,0,0,0,0,0,0,0,0,0,0,0,0,0,0,0,0
76.35,0,0,0,0,0,0,0,0,0,0,0,0,0,0,1,0,0,0,0,0,0,0,0,0,0,0,0,0,0,0,0,0,0,0,0,0,0,0,0,0,0,0,0,1,0,0,0,0,0,0,0,0,0,0,0,0,0,0,1,0,1,2,0,0,0,1,0,0,0,1,2,0,1,0,3,1,0,1,1,0,0,1,2,1,4,1,3,4,0,4,5,6,8,9,10,15,16,16,15,23,26,28,31,35,45,57,69,67,92,95,102,124,151,170,226,237,303,377,496,510,653,683,722,771,756,761,731,773,726,668,712,642,696,622,594,551,541,470,512,505,422,431,449,421,399,442,414,392,399,339,372,383,328,314,350,354,492,315,295,306,325,354,329,303,296,313,327,283,285,260,281,276,254,256,217,278,267,306,284,224,222,211,200,225,175,203,280,287,351,145,141,115,118,124,87,76,44,26,16,9,6,5,8,3,4,5,3,5,7,8,12,5,9,10,11,3,5,5,7,6,5,6,4,9,9,7,6,5,2,7,7,7,9,4,5,5,11,8,6,11,5,5,3,1,1,1,0,0,0,0,0,0,0,0,0,0,0,0,0,0,0,0,0,0,0,0,0,0,0,0,0,0,0,0,0,0,0,0,0,0,0,0,0,0,0,0,0,0,0,0,0,0,0,0,0,0,0,0,0,0
76.45,0,0,0,0,0,0,0,0,0,0,0,0,0,0,0,0,0,0,0,0,0,0,0,0,0,0,0,0,0,0,0,0,0,0,0,0,0,0,0,0,0,0,0,0,0,0,0,0,0,0,0,0,0,0,0,1,0,0,0,0,0,0,0,0,0,2,1,1,0,0,1,2,1,0,1,1,2,1,1,2,0,1,0,1,4,1,3,4,0,4,5,8,8,9,10,14,16,16,15,22,26,29,31,35,45,57,69,66,92,95,102,124,151,170,226,237,303,377,496,510,653,683,722,772,755,761,731,773,727,667,712,643,695,622,594,551,541,470,513,504,422,431,449,421,399,442,414,393,398,339,372,383,329,313,350,354,492,315,296,307,324,354,329,303,296,313,327,283,285,260,281,277,254,256,216,278,267,306,284,224,222,211,200,225,175,203,280,287,351,145,141,115,118,124,87,76,44,26,16,9,6,5,8,3,4,5,3,5,7,8,12,5,9,10,11,3,5,5,7,6,5,6,4,9,9,7,6,5,2,7,7,7,9,4,5,5,11,8,6,11,5,5,3,1,1,1,0,0,0,0,0,0,0,0,0,0,0,0,0,0,0,0,0,0,0,0,0,0,0,0,0,0,0,0,0,0,0,0,0,0,0,0,0,0,0,0,0,0,0,0,0,0,0,0,0,0,0,0,0,0
76.55,0,0,0,0,0,0,0,0,0,0,0,0,0,0,0,0,0,0,0,0,0,0,0,0,0,0,0,0,0,0,0,0,0,0,0,0,0,0,0,0,1,0,0,0,1,0,0,0,0,0,0,0,0,0,0,0,0,0,1,1,0,0,0,0,0,0,0,2,1,0,1,0,1,0,1,1,1,1,2,0,1,1,0,1,5,1,3,4,0,4,5,7,7,9,10,14,16,17,16,22,26,28,31,34,45,57,69,66,92,95,102,124,151,170,226,237,303,377,496,510,653,683,722,770,755,761,731,773,727,667,711,642,695,622,594,551,541,470,513,504,422,431,449,421,399,442,414,393,398,339,372,384,328,313,350,354,492,316,295,307,324,354,329,303,296,313,327,283,286,260,281,276,254,256,216,278,267,306,284,224,222,211,200,225,175,203,280,287,351,145,141,115,118,124,87,76,44,26,16,9,6,5,8,3,4,5,3,5,7,8,12,5,9,10,11,3,5,5,7,6,5,6,4,9,9,7,6,5,2,7,7,7,9,4,5,5,11,8,6,11,5,5,3,1,1,1,0,0,0,0,0,0,0,0,0,0,0,0,0,0,0,0,0,0,0,0,0,0,0,0,0,0,0,0,0,0,0,0,0,0,0,0,0,0,0,0,0,0,0,0,0,0,0,0,0,0,0,0,0,0
76.65,0,0,0,0,0,0,0,0,0,0,0,0,0,0,0,0,0,0,0,0,0,0,0,0,0,0,0,0,0,0,0,0,0,0,1,0,0,0,0,0,0,0,0,0,0,1,1,0,0,0,1,0,0,0,0,0,1,0,0,0,0,1,1,0,0,0,0,2,0,0,0,0,2,1,2,1,0,1,2,0,0,1,0,1,4,1,3,4,0,6,5,7,7,9,11,13,16,15,15,22,26,29,30,34,45,57,69,66,93,95,102,124,151,170,226,237,303,377,496,510,653,682,722,770,755,761,731,773,727,666,711,642,695,622,594,551,541,469,513,504,422,431,449,421,399,442,414,393,398,339,372,384,328,313,350,355,492,315,295,307,324,354,329,303,296,313,328,284,286,260,281,276,254,256,217,278,267,306,284,223,222,211,201,225,175,203,280,287,351,145,141,115,118,124,87,76,44,26,16,9,6,5,8,3,4,5,3,5,7,8,12,5,9,10,11,3,5,5,7,6,5,6,4,9,9,7,6,5,2,7,7,7,9,4,5,5,11,8,6,11,5,5,3,1,1,1,0,0,0,0,0,0,0,0,0,0,0,0,0,0,0,0,0,0,0,0,0,0,0,0,0,0,0,0,0,0,0,0,0,0,0,0,0,0,0,0,0,0,0,0,0,0,0,0,0,0,0,0,0,0
76.75,0,0,0,0,0,0,0,0,0,0,0,0,0,0,0,0,0,0,0,0,0,0,0,0,0,0,0,0,0,1,0,0,0,0,0,0,0,0,0,0,0,0,0,0,1,0,0,0,0,0,0,0,0,1,3,0,0,0,0,0,0,0,0,1,1,0,1,0,0,0,0,0,1,0,0,1,1,1,1,0,1,1,0,1,4,1,3,4,0,7,5,5,7,9,10,14,16,15,15,22,26,29,30,34,45,57,69,66,93,95,102,124,151,170,226,237,303,377,496,510,653,682,722,770,755,761,731,774,726,666,711,642,695,622,594,551,541,470,512,504,422,431,449,421,399,442,414,393,398,339,372,384,327,314,350,354,492,315,295,307,324,354,329,303,296,313,328,284,286,260,281,276,254,256,217,278,267,307,284,223,222,211,201,225,175,203,280,287,351,145,141,115,118,124,87,76,44,26,16,9,6,5,8,3,4,5,3,5,7,8,12,5,9,10,11,3,5,5,7,6,5,6,4,9,9,7,6,5,2,7,7,7,9,4,5,5,11,8,6,11,5,5,3,1,1,1,0,0,0,0,0,0,0,0,0,0,0,0,0,0,0,0,0,0,0,0,0,0,0,0,0,0,0,0,0,0,0,0,0,0,0,0,0,0,0,0,0,0,0,0,0,0,0,0,0,0,0,0,0,0
76.85,0,0,0,0,0,0,0,0,0,0,0,0,0,0,0,0,0,0,0,0,0,0,0,0,0,0,0,0,1,0,0,0,0,0,0,1,0,0,0,0,0,0,0,0,0,0,0,0,0,0,1,0,1,0,0,1,1,1,0,0,0,0,0,0,0,0,0,0,0,1,1,0,1,0,0,1,0,1,2,0,0,3,0,1,4,2,3,4,0,6,5,5,7,9,10,14,16,15,14,22,26,29,30,34,45,57,69,66,93,95,102,124,151,170,226,237,303,377,496,510,653,682,722,770,755,761,732,774,726,666,711,642,695,622,594,551,541,470,512,504,422,431,449,421,399,442,414,393,398,339,372,384,327,312,350,353,492,315,295,307,324,354,329,303,296,313,328,284,286,260,281,276,254,256,217,278,267,307,284,223,222,211,201,225,175,203,280,287,351,145,141,115,118,124,87,76,44,26,16,9,6,5,8,3,4,5,3,5,7,8,12,5,9,10,11,3,5,5,7,6,5,6,4,9,9,7,6,5,2,7,7,7,9,4,5,5,11,8,6,11,5,5,3,1,1,1,0,0,0,0,0,0,0,0,0,0,0,0,0,0,0,0,0,0,0,0,0,0,0,0,0,0,0,0,0,0,0,0,0,0,0,0,0,0,0,0,0,0,0,0,0,0,0,0,0,0,0,0,0,0
76.95,0,0,0,0,0,0,0,0,0,0,0,0,0,0,0,0,0,0,0,0,0,0,0,0,0,0,0,0,0,0,0,0,0,0,0,0,0,0,0,0,0,0,0,0,0,0,0,0,0,0,0,0,1,0,0,0,0,1,0,0,0,0,0,1,0,0,1,1,0,1,0,0,1,0,0,2,0,1,2,0,1,2,0,1,4,1,3,4,0,6,5,5,8,9,10,14,16,15,14,22,26,29,30,34,45,57,69,66,93,95,102,124,151,170,226,237,303,377,496,510,653,682,722,770,755,761,732,774,726,666,711,642,695,622,594,551,541,470,512,504,422,431,449,421,399,442,414,393,398,339,372,384,327,312,350,353,492,315,295,307,324,354,329,303,296,313,328,284,286,260,281,276,254,256,217,278,267,307,284,223,222,211,201,225,175,203,280,287,351,145,141,115,118,124,87,76,44,26,16,9,6,5,8,3,4,5,3,5,7,8,12,5,9,10,11,3,5,5,7,6,5,6,4,9,9,7,6,5,2,7,7,7,9,4,5,5,11,8,6,11,5,5,3,1,1,1,0,0,0,0,0,0,0,0,0,0,0,0,0,0,0,0,0,0,0,0,0,0,0,0,0,0,0,0,0,0,0,0,0,0,0,0,0,0,0,0,0,0,0,0,0,0,0,0,0,0,0,0,0,0
77.05,0,0,0,1,0,0,0,0,0,0,0,0,0,0,0,0,0,0,0,0,0,0,0,0,0,0,0,0,0,0,0,0,0,0,0,0,0,0,0,0,0,0,0,1,0,0,0,0,0,0,0,0,0,0,0,0,0,0,0,0,0,0,0,0,0,0,0,1,0,0,3,0,0,0,0,2,0,3,1,0,1,2,0,2,4,3,4,5,3,6,5,4,6,9,10,13,17,16,14,22,24,29,30,34,45,57,68,66,93,95,103,123,152,169,226,238,302,377,497,509,653,682,722,770,755,761,732,772,726,667,710,642,695,622,594,551,540,469,512,504,422,431,449,421,399,442,414,394,398,338,372,384,328,312,350,353,492,314,295,307,324,354,329,303,296,313,328,284,286,260,281,276,254,256,217,278,267,307,284,223,222,211,201,225,175,203,280,287,351,145,141,115,118,124,87,76,44,26,16,9,6,5,8,3,4,5,3,5,7,8,12,5,9,10,11,3,5,5,7,6,5,6,4,9,9,7,6,5,2,7,7,7,9,4,5,5,11,8,6,11,5,5,3,1,1,1,0,0,0,0,0,0,0,0,0,0,0,0,0,0,0,0,0,0,0,0,0,0,0,0,0,0,0,0,0,0,0,0,0,0,0,0,0,0,0,0,0,0,0,0,0,0,0,0,0,0,0,0,0,0
77.15,0,0,0,0,0,0,0,0,0,0,0,0,0,0,0,1,0,0,0,0,0,0,0,0,0,1,0,0,0,0,0,0,0,0,0,0,0,0,0,0,0,1,1,0,0,0,1,0,0,0,1,0,0,0,0,0,0,0,0,0,0,2,0,0,1,1,0,2,0,1,1,1,0,0,1,1,1,2,1,0,0,2,2,2,4,3,3,4,2,7,4,5,6,9,10,13,16,16,14,21,24,30,29,35,45,56,69,66,93,95,102,125,151,169,226,236,303,377,496,509,653,682,722,770,755,761,732,772,727,665,710,642,695,622,594,551,541,469,511,504,422,430,448,421,399,442,414,393,398,338,372,384,327,312,350,353,492,314,295,307,324,354,329,303,296,313,327,284,286,260,281,276,254,256,217,278,267,307,284,223,222,211,201,225,175,203,280,287,351,145,141,115,118,124,87,76,44,26,16,9,6,5,8,3,4,5,3,5,7,8,12,5,9,10,11,3,5,5,7,6,5,6,4,9,9,7,6,5,2,7,7,7,9,4,5,5,11,8,6,11,5,5,3,1,1,1,0,0,0,0,0,0,0,0,0,0,0,0,0,0,0,0,0,0,0,0,0,0,0,0,0,0,0,0,0,0,0,0,0,0,0,0,0,0,0,0,0,0,0,0,0,0,0,0,0,0,0,0,0,0
77.25,0,0,0,0,0,0,0,0,0,0,0,0,0,0,0,0,0,0,0,0,0,0,0,0,0,0,0,0,0,0,0,0,0,0,1,0,0,0,0,0,0,0,0,0,1,0,0,1,1,0,1,0,1,0,0,1,1,0,0,1,0,1,0,0,0,1,0,1,0,3,1,2,0,0,2,1,1,1,1,0,2,2,0,2,4,3,3,3,2,6,4,4,6,9,11,13,16,15,14,21,25,31,29,34,45,56,68,67,93,96,102,123,151,170,226,236,302,377,496,509,654,681,722,770,755,761,730,773,725,665,710,642,695,622,594,552,540,469,511,504,422,430,448,421,399,442,414,393,398,338,372,384,327,312,350,353,492,314,295,307,324,354,329,303,296,313,327,284,286,260,281,276,254,256,217,278,267,307,284,223,222,211,201,225,175,203,280,287,351,145,141,115,118,124,87,76,44,26,16,9,6,5,8,3,4,5,3,5,7,8,12,5,9,10,11,3,5,5,7,6,5,6,4,9,9,7,6,5,2,7,7,7,9,4,5,5,11,8,6,11,5,5,3,1,1,1,0,0,0,0,0,0,0,0,0,0,0,0,0,0,0,0,0,0,0,0,0,0,0,0,0,0,0,0,0,0,0,0,0,0,0,0,0,0,0,0,0,0,0,0,0,0,0,0,0,0,0,0,0,0
77.35,0,0,0,0,0,0,0,0,0,0,0,0,0,0,0,0,0,0,0,0,0,0,0,0,0,1,0,0,0,0,0,0,0,0,1,0,0,0,0,0,2,0,0,0,1,0,0,0,0,0,0,0,0,1,0,0,0,0,0,0,0,0,0,1,0,1,0,0,0,0,2,2,0,1,0,1,0,1,0,0,1,2,1,2,5,3,3,3,2,6,5,4,6,9,10,14,16,16,14,21,24,30,30,34,45,56,68,67,93,95,103,123,151,169,226,236,302,377,496,509,654,681,722,770,755,761,730,773,725,665,710,642,695,622,595,551,540,469,511,504,422,430,448,421,399,442,414,393,398,338,372,384,327,312,350,353,492,314,295,307,324,354,329,303,296,313,327,284,286,260,281,276,254,256,217,278,267,307,284,223,222,211,201,225,175,203,280,287,351,145,141,115,118,124,87,76,44,26,16,9,6,5,8,3,4,5,3,5,7,8,12,5,9,10,11,3,5,5,7,6,5,6,4,9,9,7,6,5,2,7,7,7,9,4,5,5,11,8,6,11,5,5,3,1,1,1,0,0,0,0,0,0,0,0,0,0,0,0,0,0,0,0,0,0,0,0,0,0,0,0,0,0,0,0,0,0,0,0,0,0,0,0,0,0,0,0,0,0,0,0,0,0,0,0,0,0,0,0,0,0
77.45,0,0,0,0,0,0,0,0,0,0,0,0,0,0,0,0,0,0,1,0,0,0,0,0,0,0,0,0,0,0,0,0,0,0,0,0,0,0,0,0,0,1,0,0,1,1,0,0,0,0,0,0,1,0,0,0,1,1,0,1,0,0,0,0,2,0,0,0,0,2,1,0,0,1,0,1,0,1,0,0,1,3,0,2,5,3,4,3,2,6,4,4,7,10,10,13,16,15,14,21,24,30,29,35,46,56,69,66,93,95,102,123,151,169,226,236,302,377,496,509,654,681,722,770,755,761,730,773,725,665,710,642,694,622,594,551,540,469,511,504,422,430,448,421,399,442,414,393,398,337,372,384,327,312,350,353,492,314,295,307,324,354,329,303,296,313,327,284,286,260,281,276,254,256,217,278,267,307,284,223,222,211,201,225,175,203,280,287,351,145,141,115,118,124,87,76,44,26,16,9,6,5,8,3,4,5,3,5,7,8,12,5,9,10,11,3,5,5,7,6,5,6,4,9,9,7,6,5,2,7,7,7,9,4,5,5,11,8,6,11,5,5,3,1,1,1,0,0,0,0,0,0,0,0,0,0,0,0,0,0,0,0,0,0,0,0,0,0,0,0,0,0,0,0,0,0,0,0,0,0,0,0,0,0,0,0,0,0,0,0,0,0,0,0,0,0,0,0,0,0
77.55,0,0,0,0,0,0,1,0,0,0,0,0,0,0,0,0,0,0,0,0,0,0,0,0,0,0,0,0,0,0,0,0,0,0,0,0,0,0,0,0,0,0,0,0,0,0,0,1,0,0,0,0,0,0,2,0,0,0,0,1,0,0,1,0,2,0,2,0,0,0,0,0,3,1,0,1,0,2,1,1,1,2,0,2,5,3,3,4,2,6,4,4,6,9,10,13,16,15,14,21,24,32,29,35,45,56,68,66,93,95,102,123,151,169,226,236,302,377,496,509,654,681,722,770,755,761,730,773,725,665,710,642,694,623,593,551,540,469,511,504,422,430,448,421,399,442,414,393,398,337,372,384,327,312,350,353,492,314,295,307,324,354,329,303,296,313,327,284,286,260,281,276,254,256,217,278,267,307,284,223,222,211,201,225,175,203,280,287,351,145,141,115,118,124,87,76,44,26,16,9,6,5,8,3,4,5,3,5,7,8,12,5,9,10,11,3,5,5,7,6,5,6,4,9,9,7,6,5,2,7,7,7,9,4,5,5,11,8,6,11,5,5,3,1,1,1,0,0,0,0,0,0,0,0,0,0,0,0,0,0,0,0,0,0,0,0,0,0,0,0,0,0,0,0,0,0,0,0,0,0,0,0,0,0,0,0,0,0,0,0,0,0,0,0,0,0,0,0,0,0
77.65,0,0,0,0,1,0,0,0,0,0,0,0,0,0,0,0,0,0,0,0,0,0,0,0,0,0,0,0,0,0,0,0,0,0,0,0,0,0,0,0,0,0,0,0,0,0,0,0,0,0,1,0,0,0,1,0,0,0,1,1,0,0,1,0,0,0,1,1,0,1,0,1,1,1,1,2,0,3,1,0,1,2,0,2,5,3,3,3,2,6,4,4,6,9,11,13,16,16,14,21,24,28,29,35,45,56,68,66,93,95,102,123,151,169,226,236,302,377,496,510,653,681,722,770,755,761,731,773,725,665,710,642,694,623,593,551,540,469,511,504,422,430,448,421,399,442,414,393,398,337,372,384,327,312,350,353,492,314,295,307,324,354,329,303,296,313,327,284,286,260,281,276,254,256,217,278,267,307,284,223,222,211,201,225,175,203,280,287,351,145,141,115,118,124,87,76,44,26,16,9,6,5,8,3,4,5,3,5,7,8,12,5,9,10,11,3,5,5,7,6,5,6,4,9,9,7,6,5,2,7,7,7,9,4,5,5,11,8,6,11,5,5,3,1,1,1,0,0,0,0,0,0,0,0,0,0,0,0,0,0,0,0,0,0,0,0,0,0,0,0,0,0,0,0,0,0,0,0,0,0,0,0,0,0,0,0,0,0,0,0,0,0,0,0,0,0,0,0,0,0
77.75,0,0,0,0,0,0,0,0,0,0,0,0,0,0,0,0,0,0,0,0,0,0,0,1,0,2,0,0,0,0,0,0,0,0,0,0,0,0,0,0,0,0,0,0,0,0,0,0,0,2,0,1,1,0,0,0,1,0,0,0,1,0,0,0,0,0,0,0,0,0,0,0,0,1,1,1,1,2,2,0,1,3,1,2,5,3,3,3,2,6,4,5,7,9,10,13,16,15,14,21,24,28,29,35,45,56,68,66,93,95,102,123,151,169,226,236,302,377,496,510,653,681,722,770,755,761,731,773,725,665,710,642,694,623,593,551,540,469,511,504,422,430,448,421,399,442,414,393,398,337,372,384,327,312,350,353,492,314,295,307,324,354,329,303,296,313,327,284,286,260,281,276,254,256,217,278,267,307,284,223,222,211,201,225,175,203,280,287,351,145,141,115,118,124,87,76,44,26,16,9,6,5,8,3,4,5,3,5,7,8,12,5,9,10,11,3,5,5,7,6,5,6,4,9,9,7,6,5,2,7,7,7,9,4,5,5,11,8,6,11,5,5,3,1,1,1,0,0,0,0,0,0,0,0,0,0,0,0,0,0,0,0,0,0,0,0,0,0,0,0,0,0,0,0,0,0,0,0,0,0,0,0,0,0,0,0,0,0,0,0,0,0,0,0,0,0,0,0,0,0
77.85,0,0,0,0,0,0,0,0,0,0,0,0,0,0,0,0,0,0,0,0,0,0,0,0,0,0,0,0,0,0,0,1,0,0,0,0,0,0,0,0,0,0,0,0,1,0,1,0,0,0,0,0,0,0,0,0,0,0,0,0,0,0,0,0,0,0,0,0,0,0,1,1,0,1,0,1,0,2,1,0,1,3,1,2,6,3,4,3,2,6,4,4,7,9,10,13,16,15,13,21,24,28,29,35,45,56,68,66,93,95,102,123,151,169,226,236,302,377,496,510,653,681,722,769,755,761,731,773,725,665,710,642,694,623,593,551,540,469,511,504,422,430,448,421,399,442,414,393,398,337,372,384,327,312,350,353,492,314,295,307,324,354,329,303,296,313,327,284,286,260,281,276,254,256,217,278,267,307,284,223,222,211,201,225,175,203,280,287,351,145,141,115,118,124,87,76,44,26,16,9,6,5,8,3,4,5,3,5,7,8,12,5,9,10,11,3,5,5,7,6,5,6,4,9,9,7,6,5,2,7,7,7,9,4,5,5,11,8,6,11,5,5,3,1,1,1,0,0,0,0,0,0,0,0,0,0,0,0,0,0,0,0,0,0,0,0,0,0,0,0,0,0,0,0,0,0,0,0,0,0,0,0,0,0,0,0,0,0,0,0,0,0,0,0,0,0,0,0,0,0
77.95,0,0,0,0,0,0,1,0,0,0,0,0,0,0,0,0,0,0,0,0,0,0,0,0,0,0,1,0,0,0,0,0,0,0,0,0,0,0,0,0,0,0,0,0,0,0,0,0,0,1,0,0,0,0,1,0,0,0,0,0,0,0,0,0,0,1,0,0,1,0,0,0,0,1,0,1,0,2,1,1,2,2,0,2,5,5,3,4,2,6,5,4,7,9,10,13,16,16,13,21,24,28,29,35,45,56,68,66,93,95,102,123,151,169,226,236,302,377,496,510,653,681,722,769,755,761,731,773,725,665,710,642,694,623,593,551,540,469,511,504,422,430,448,421,399,442,414,393,398,337,372,384,327,312,350,353,492,314,295,307,324,354,329,303,296,313,327,284,286,260,281,276,254,256,217,278,267,307,284,223,222,211,201,225,175,203,280,287,351,145,141,115,117,124,87,76,44,26,16,9,6,5,8,3,4,5,3,5,7,8,12,5,9,10,11,3,5,5,7,6,5,6,4,9,9,7,6,5,2,7,7,7,9,4,5,5,11,8,6,11,5,5,3,1,1,1,0,0,0,0,0,0,0,0,0,0,0,0,0,0,0,0,0,0,0,0,0,0,0,0,0,0,0,0,0,0,0,0,0,0,0,0,0,0,0,0,0,0,0,0,0,0,0,0,0,0,0,0,0,0
78.05,0,0,0,0,0,0,0,0,0,0,0,0,0,0,0,0,0,0,0,0,0,0,0,0,0,0,0,1,0,0,0,0,0,0,0,0,1,0,0,0,0,0,0,0,0,0,0,0,0,0,0,0,0,0,0,0,0,0,0,0,0,0,0,0,0,1,0,0,1,0,1,0,0,0,0,1,0,1,0,1,2,3,0,2,5,3,5,4,2,7,5,3,7,8,11,13,16,17,11,21,24,28,30,34,46,57,67,66,93,95,102,123,151,170,226,235,302,377,496,510,653,681,723,768,755,761,731,772,724,665,710,642,694,623,593,551,541,468,511,504,422,431,448,420,399,442,414,393,398,337,372,384,327,312,350,353,492,314,295,307,324,354,330,302,296,313,327,284,286,260,281,276,254,256,217,278,267,307,284,223,222,211,201,225,175,203,280,287,351,145,141,115,117,124,87,76,44,26,16,9,6,5,8,3,4,5,3,5,7,8,12,5,9,10,11,3,5,5,7,6,5,6,4,9,9,7,6,5,2,7,7,7,9,4,5,5,11,8,6,11,5,5,3,1,1,1,0,0,0,0,0,0,0,0,0,0,0,0,0,0,0,0,0,0,0,0,0,0,0,0,0,0,0,0,0,0,0,0,0,0,0,0,0,0,0,0,0,0,0,0,0,0,0,0,0,0,0,0,0,0
78.15,0,0,0,0,0,0,0,0,0,0,0,0,0,0,0,0,0,0,0,0,0,0,0,0,0,0,0,0,0,0,0,0,0,0,0,0,0,0,0,0,0,0,0,0,0,0,0,0,0,0,0,0,0,0,0,1,1,0,0,0,0,1,1,0,0,0,1,0,0,1,1,0,1,0,0,1,1,1,0,0,4,2,1,2,5,3,4,4,2,5,4,4,8,9,10,13,15,16,12,21,24,28,30,34,46,56,67,67,93,95,102,123,151,169,226,235,302,377,496,510,654,681,722,768,755,762,730,772,725,664,710,642,693,623,593,551,541,468,511,504,423,430,448,420,399,442,414,393,398,337,372,384,327,312,350,353,492,314,295,307,325,354,329,302,296,313,327,284,286,260,281,276,254,256,217,278,267,307,284,223,222,211,201,225,175,203,280,287,351,145,141,115,117,124,87,76,44,26,16,9,6,5,8,3,4,5,3,5,7,8,12,5,9,10,11,3,5,5,7,6,5,6,4,9,9,7,6,5,2,7,7,7,9,4,5,5,11,8,6,11,5,5,3,1,1,1,0,0,0,0,0,0,0,0,0,0,0,0,0,0,0,0,0,0,0,0,0,0,0,0,0,0,0,0,0,0,0,0,0,0,0,0,0,0,0,0,0,0,0,0,0,0,0,0,0,0,0,0,0,0
78.25,0,0,0,0,0,0,0,0,0,0,0,0,0,0,0,0,0,0,0,0,0,0,0,0,0,0,0,0,0,0,0,0,0,0,0,0,0,0,0,0,0,0,0,0,0,0,0,0,0,0,0,1,0,0,0,1,0,0,0,1,0,0,0,0,0,1,1,2,0,2,0,2,0,0,0,1,1,1,0,0,2,2,1,2,6,3,3,3,2,4,4,3,7,10,9,12,15,16,12,22,24,28,29,34,46,57,67,66,93,95,102,123,151,169,226,235,302,377,497,510,653,681,722,768,756,761,730,772,725,664,710,642,693,623,593,551,541,468,511,505,422,430,448,420,399,442,414,393,398,337,372,384,327,312,351,353,492,314,296,307,324,354,329,302,296,313,327,284,286,260,281,276,254,256,217,278,267,307,284,223,222,211,201,225,175,203,281,287,351,145,141,115,117,124,87,76,44,26,16,9,6,5,8,3,4,5,3,5,7,8,12,5,9,10,11,3,5,5,7,6,5,6,4,9,9,7,6,5,2,7,7,7,9,4,5,5,11,8,6,11,5,5,3,1,1,1,0,0,0,0,0,0,0,0,0,0,0,0,0,0,0,0,0,0,0,0,0,0,0,0,0,0,0,0,0,0,0,0,0,0,0,0,0,0,0,0,0,0,0,0,0,0,0,0,0,0,0,0,0,0
78.35,0,0,0,0,0,0,0,0,0,0,0,0,0,0,0,0,0,0,0,0,0,0,0,0,0,0,0,0,0,0,0,0,0,0,0,0,0,0,0,0,0,0,0,0,0,0,0,0,0,0,0,0,0,0,0,0,1,0,0,0,0,0,1,0,1,1,0,1,0,0,0,1,0,1,0,1,0,2,1,1,3,2,1,2,5,5,4,3,2,5,4,3,6,8,9,13,15,16,11,21,24,28,29,34,46,57,67,66,93,95,102,123,151,169,226,235,303,377,496,510,653,681,722,768,756,762,729,772,725,664,710,642,693,623,593,551,541,468,510,505,422,431,447,420,400,441,414,393,398,337,372,384,327,312,351,354,492,314,295,307,324,354,329,302,296,313,327,284,286,260,281,276,254,256,217,278,267,307,284,223,222,211,201,225,175,203,281,287,351,145,141,115,117,124,87,76,44,26,16,9,6,5,8,3,4,5,3,5,7,8,12,5,9,10,11,3,5,5,7,6,5,6,4,9,9,7,6,5,2,7,7,7,9,4,5,5,11,8,6,11,5,5,3,1,1,1,0,0,0,0,0,0,0,0,0,0,0,0,0,0,0,0,0,0,0,0,0,0,0,0,0,0,0,0,0,0,0,0,0,0,0,0,0,0,0,0,0,0,0,0,0,0,0,0,0,0,0,0,0,0
78.45,0,0,0,0,0,0,0,0,0,0,0,0,0,0,0,0,0,0,0,0,0,0,0,0,0,0,0,0,0,0,0,0,0,0,0,0,0,0,1,0,0,0,0,0,0,0,0,0,0,1,0,1,0,0,0,0,0,0,0,0,0,0,0,1,1,0,0,0,1,0,0,1,0,0,2,1,0,2,0,0,2,1,1,2,5,3,3,5,2,4,4,3,6,8,9,12,15,16,11,21,24,28,29,34,46,57,67,66,93,95,102,123,151,170,226,235,302,377,496,510,652,681,722,768,756,762,729,772,725,664,710,642,693,623,593,551,541,468,510,505,422,431,447,420,400,441,414,393,398,337,372,384,328,312,351,353,492,314,295,307,324,354,329,303,296,313,327,284,286,260,281,276,254,256,217,278,267,307,284,223,222,211,201,225,175,203,281,287,351,145,141,115,117,124,87,76,44,26,16,9,6,5,8,3,4,5,3,5,7,8,12,5,9,10,11,3,5,5,7,6,5,6,4,9,9,7,6,5,2,7,7,7,9,4,5,5,11,8,6,11,5,5,3,1,1,1,0,0,0,0,0,0,0,0,0,0,0,0,0,0,0,0,0,0,0,0,0,0,0,0,0,0,0,0,0,0,0,0,0,0,0,0,0,0,0,0,0,0,0,0,0,0,0,0,0,0,0,0,0,0
78.55,0,0,0,0,0,0,0,0,0,0,0,0,0,0,0,0,0,0,0,0,0,0,0,0,0,0,0,0,0,0,1,0,0,0,0,0,0,0,0,0,0,0,0,0,0,0,0,0,0,0,0,0,0,1,0,1,0,0,0,0,1,1,0,1,0,0,0,1,0,0,0,0,0,0,0,1,1,1,0,0,3,2,1,2,6,3,3,3,1,4,3,3,6,8,9,12,15,16,11,21,24,28,29,34,46,57,67,66,93,96,103,123,151,169,226,235,302,377,496,510,652,681,722,768,756,762,729,772,725,664,710,642,693,623,593,551,541,468,510,505,422,431,447,420,400,441,414,393,399,337,372,384,327,312,351,353,492,314,295,307,324,354,329,303,296,313,327,284,286,260,281,276,254,256,217,278,267,307,284,223,222,211,201,225,175,203,281,287,351,145,141,115,117,124,87,76,44,26,16,9,6,5,8,3,4,5,3,5,7,8,12,5,9,10,11,3,5,5,7,6,5,6,4,9,9,7,6,5,2,7,7,7,9,4,5,5,11,8,6,11,5,5,3,1,1,1,0,0,0,0,0,0,0,0,0,0,0,0,0,0,0,0,0,0,0,0,0,0,0,0,0,0,0,0,0,0,0,0,0,0,0,0,0,0,0,0,0,0,0,0,0,0,0,0,0,0,0,0,0,0
78.65,0,0,0,0,0,0,0,0,0,0,0,0,0,0,0,0,0,0,0,0,0,0,0,0,0,0,0,0,0,0,0,0,0,0,0,0,0,0,0,0,0,0,0,0,0,0,0,0,0,1,0,1,0,0,0,0,1,0,1,0,0,0,0,0,0,0,1,0,1,0,0,0,1,0,0,1,1,1,0,0,3,1,0,3,5,3,3,3,1,4,3,3,6,8,9,12,16,16,11,21,24,28,29,34,46,57,68,66,93,96,102,123,151,169,226,235,302,377,496,510,652,681,722,768,756,762,729,772,725,664,710,642,693,623,593,551,541,468,510,505,423,430,447,420,400,441,414,393,397,337,372,384,327,312,351,353,492,314,295,307,324,354,329,303,296,313,327,284,286,260,281,276,254,256,217,278,267,307,284,223,222,211,201,225,175,203,281,287,351,145,141,115,117,124,87,76,44,26,16,9,6,5,8,3,4,5,3,5,7,8,12,5,9,10,11,3,5,5,7,6,5,6,4,9,9,7,6,5,2,7,7,7,9,4,5,5,11,8,6,11,5,5,3,1,1,1,0,0,0,0,0,0,0,0,0,0,0,0,0,0,0,0,0,0,0,0,0,0,0,0,0,0,0,0,0,0,0,0,0,0,0,0,0,0,0,0,0,0,0,0,0,0,0,0,0,0,0,0,0,0
78.75,0,0,0,0,0,0,0,0,0,0,0,0,0,0,0,0,0,0,0,0,0,0,0,0,0,0,0,0,0,0,0,0,0,0,0,0,0,0,0,0,0,0,0,0,0,0,0,0,1,0,0,0,0,0,0,0,0,0,0,0,0,0,0,0,1,0,0,0,0,0,1,0,1,0,0,2,0,0,0,0,3,1,0,2,5,3,4,3,1,4,3,3,6,8,9,12,16,16,11,21,24,29,29,34,46,57,67,66,93,96,102,123,151,169,226,235,302,377,496,510,652,681,722,768,756,762,727,772,725,664,710,642,693,623,593,551,541,468,510,505,423,430,447,421,399,441,414,393,397,337,372,384,327,312,351,353,492,314,295,307,324,354,329,303,296,313,327,284,286,260,281,276,254,256,217,278,267,307,284,223,222,211,201,225,175,203,281,287,351,145,141,115,117,124,87,76,44,26,16,9,6,5,8,3,4,5,3,5,7,8,12,5,9,10,11,3,5,5,7,6,5,6,4,9,9,7,6,5,2,7,7,7,9,4,5,5,11,8,6,11,5,5,3,1,1,1,0,0,0,0,0,0,0,0,0,0,0,0,0,0,0,0,0,0,0,0,0,0,0,0,0,0,0,0,0,0,0,0,0,0,0,0,0,0,0,0,0,0,0,0,0,0,0,0,0,0,0,0,0,0
78.85,0,0,0,0,0,0,0,0,0,0,0,0,0,0,0,0,0,0,0,0,0,0,0,0,0,0,0,0,0,0,0,0,1,0,0,0,0,0,0,0,0,0,0,0,0,0,0,0,0,1,0,0,0,1,0,0,0,0,0,0,0,0,0,0,0,0,1,0,0,0,1,0,0,0,0,2,0,0,0,0,2,1,0,2,5,4,3,3,2,4,3,3,7,8,9,12,16,16,11,22,24,28,29,34,46,57,67,66,94,95,102,123,151,169,226,235,302,377,496,510,652,681,722,768,756,762,727,772,725,664,710,642,693,623,593,551,541,468,510,506,422,430,447,419,399,441,414,393,397,337,372,384,327,312,351,353,492,314,295,307,324,354,329,303,296,313,327,284,286,260,281,276,254,256,217,278,267,307,284,223,222,211,201,225,175,203,281,287,351,145,141,115,117,124,87,76,44,26,16,9,6,5,8,3,4,5,3,5,7,8,12,5,9,10,11,3,5,5,7,6,5,6,4,9,9,7,6,5,2,7,7,7,9,4,5,5,11,8,6,11,5,5,3,1,1,1,0,0,0,0,0,0,0,0,0,0,0,0,0,0,0,0,0,0,0,0,0,0,0,0,0,0,0,0,0,0,0,0,0,0,0,0,0,0,0,0,0,0,0,0,0,0,0,0,0,0,0,0,0,0
78.95,0,0,0,0,0,0,0,0,0,0,0,0,0,0,0,0,0,0,0,0,0,0,0,0,0,0,0,0,0,0,0,0,0,0,0,0,0,0,0,0,0,1,0,0,1,0,0,0,0,0,0,0,0,0,0,0,1,0,1,0,0,0,0,1,0,1,0,0,0,0,1,1,0,0,0,1,0,0,1,1,2,0,0,2,5,3,5,3,1,6,3,3,6,8,9,12,16,16,11,22,24,28,29,34,46,57,67,66,94,95,102,123,151,169,226,235,302,377,496,510,652,681,722,768,756,762,727,771,725,664,710,642,692,623,593,551,541,468,510,506,422,430,447,419,399,441,414,393,397,336,372,384,327,312,351,353,492,314,295,307,324,354,329,304,295,313,327,284,286,260,281,276,254,256,217,278,267,307,284,223,222,211,201,225,175,203,282,287,351,145,141,114,117,124,87,76,44,26,16,9,6,5,8,3,4,5,3,5,7,8,12,5,9,10,11,3,5,5,7,6,5,6,4,9,9,7,6,5,2,7,7,7,9,4,5,5,11,8,6,11,5,5,3,1,1,1,0,0,0,0,0,0,0,0,0,0,0,0,0,0,0,0,0,0,0,0,0,0,0,0,0,0,0,0,0,0,0,0,0,0,0,0,0,0,0,0,0,0,0,0,0,0,0,0,0,0,0,0,0,0
79.05,0,0,0,0,0,0,0,0,0,0,0,0,0,0,0,0,0,0,0,0,0,0,0,0,0,0,0,0,0,0,0,0,0,0,0,0,0,0,0,0,0,0,0,0,0,0,0,0,0,0,0,0,0,0,0,1,0,0,0,2,0,0,1,0,0,0,0,0,0,0,0,0,0,0,0,2,0,0,1,1,1,1,0,3,5,4,4,2,2,3,7,2,8,8,10,11,15,17,11,21,25,29,28,33,46,57,68,66,92,96,102,122,151,169,226,236,301,376,496,510,652,680,723,768,756,762,727,771,725,664,710,642,692,623,593,551,541,468,510,506,422,430,447,419,399,441,414,392,397,336,372,384,327,312,351,353,492,314,295,307,324,354,329,304,295,313,327,284,286,260,281,276,254,256,217,278,267,307,284,223,223,210,201,225,175,203,282,287,351,145,141,114,117,124,87,76,44,26,16,9,6,5,8,3,4,5,3,5,7,8,12,5,9,10,11,3,5,5,7,6,5,6,4,9,9,7,6,5,2,7,7,7,9,4,5,5,11,8,6,11,5,5,3,1,1,1,0,0,0,0,0,0,0,0,0,0,0,0,0,0,0,0,0,0,0,0,0,0,0,0,0,0,0,0,0,0,0,0,0,0,0,0,0,0,0,0,0,0,0,0,0,0,0,0,0,0,0,0,0,0
79.15,0,0,0,0,0,0,0,0,0,0,0,0,0,0,1,0,0,0,0,0,0,0,0,0,0,0,0,0,0,0,0,0,0,0,0,0,0,0,0,0,0,0,0,0,0,0,0,1,0,0,0,0,0,0,0,0,0,0,0,0,0,0,0,0,0,0,0,0,0,0,0,0,0,0,0,1,2,0,1,3,1,1,2,1,4,4,3,2,2,3,7,3,7,8,9,10,15,16,11,22,25,28,28,33,47,57,68,66,92,94,102,122,152,169,226,234,300,376,496,510,652,680,723,769,755,762,727,771,725,664,710,642,692,623,593,551,541,468,510,506,422,430,447,420,398,441,414,392,397,336,372,384,327,312,351,353,492,314,295,307,324,354,329,304,295,313,327,284,286,260,281,276,254,256,217,278,267,308,284,223,222,210,201,225,175,203,282,287,351,145,141,114,117,124,87,76,44,26,16,9,6,5,8,3,4,5,3,5,7,8,12,5,9,10,11,3,5,5,7,6,5,6,4,9,9,7,6,5,2,7,7,7,9,4,5,5,11,8,6,11,5,5,3,1,1,1,0,0,0,0,0,0,0,0,0,0,0,0,0,0,0,0,0,0,0,0,0,0,0,0,0,0,0,0,0,0,0,0,0,0,0,0,0,0,0,0,0,0,0,0,0,0,0,0,0,0,0,0,0,0
79.25,0,0,0,0,0,0,0,0,0,0,0,0,0,0,1,0,0,0,0,0,0,0,0,0,1,0,0,0,0,0,0,0,0,0,0,0,0,0,0,0,0,1,0,0,0,0,0,0,1,0,0,0,0,0,2,0,0,0,0,0,0,0,0,0,0,0,1,0,0,0,2,0,0,1,1,1,1,0,1,2,2,1,0,1,5,3,4,3,0,4,5,2,6,8,9,10,16,16,11,21,25,29,29,33,46,57,67,67,92,94,102,122,151,169,225,234,300,376,496,510,653,680,723,770,755,762,727,771,725,664,710,642,692,623,593,551,541,468,510,506,422,430,447,420,398,441,414,392,397,336,372,384,327,312,351,353,492,314,295,307,324,354,329,304,295,313,327,284,286,260,281,276,254,257,217,278,267,308,283,223,222,210,201,225,175,203,282,287,351,145,141,114,117,124,87,76,44,26,16,9,6,5,8,3,4,5,3,5,7,8,12,5,9,10,11,3,5,5,7,6,5,6,4,9,9,7,6,5,2,7,7,7,9,4,5,5,11,8,6,11,5,5,3,1,1,1,0,0,0,0,0,0,0,0,0,0,0,0,0,0,0,0,0,0,0,0,0,0,0,0,0,0,0,0,0,0,0,0,0,0,0,0,0,0,0,0,0,0,0,0,0,0,0,0,0,0,0,0,0,0
79.35,0,0,0,0,0,0,0,0,0,0,0,0,0,0,1,0,0,0,0,0,0,0,0,0,0,0,0,0,0,0,0,0,0,0,0,0,0,0,0,0,0,0,0,1,0,0,0,0,0,0,0,2,0,0,0,0,0,0,0,0,0,0,1,0,0,0,1,1,0,1,0,0,0,0,1,1,1,0,0,2,2,1,0,1,6,3,3,2,0,3,5,2,6,8,11,10,15,16,11,21,26,29,28,33,46,57,67,66,92,94,102,122,151,169,225,234,300,376,496,510,653,681,722,770,755,762,727,771,725,664,710,642,692,623,593,551,541,468,510,506,422,430,447,420,398,441,414,392,397,336,372,384,327,312,351,353,492,314,295,307,324,354,329,304,295,313,327,285,286,260,281,276,254,256,217,278,267,308,283,223,222,210,201,225,175,203,282,287,351,145,141,114,117,124,87,76,44,26,16,9,6,5,8,3,4,5,3,5,7,8,12,5,9,10,11,3,5,5,7,6,5,6,4,9,9,7,6,5,2,7,7,7,9,4,5,5,11,8,6,11,5,5,3,1,1,1,0,0,0,0,0,0,0,0,0,0,0,0,0,0,0,0,0,0,0,0,0,0,0,0,0,0,0,0,0,0,0,0,0,0,0,0,0,0,0,0,0,0,0,0,0,0,0,0,0,0,0,0,0,0
79.45,0,0,0,0,0,0,0,0,0,0,0,0,0,0,0,0,0,0,0,0,0,0,0,0,0,0,0,0,0,0,2,0,0,0,0,0,0,0,0,1,0,0,0,0,0,0,0,0,0,0,0,1,0,0,0,0,0,0,0,0,1,0,1,1,1,0,0,0,0,1,0,1,0,0,1,1,0,0,0,3,2,1,0,1,4,3,3,3,0,4,6,2,6,8,10,10,15,16,12,21,25,28,28,33,46,57,67,66,92,94,102,122,151,169,225,234,300,376,496,510,653,681,723,769,755,762,727,771,725,664,710,642,692,623,593,551,541,468,510,506,422,430,447,420,398,441,414,392,397,336,372,384,327,312,351,353,492,314,295,308,324,354,329,304,295,313,327,284,286,260,281,276,254,256,217,278,267,308,283,223,222,210,201,225,175,203,282,287,351,145,141,114,117,124,87,76,44,26,16,9,6,5,8,3,4,5,3,5,7,8,12,5,9,10,11,3,5,5,7,6,5,6,4,9,9,7,6,5,2,7,7,7,9,4,5,5,11,8,6,11,5,5,3,1,1,1,0,0,0,0,0,0,0,0,0,0,0,0,0,0,0,0,0,0,0,0,0,0,0,0,0,0,0,0,0,0,0,0,0,0,0,0,0,0,0,0,0,0,0,0,0,0,0,0,0,0,0,0,0,0
79.55,0,0,1,0,0,0,0,0,0,0,0,0,0,0,0,0,0,0,0,0,0,0,0,0,0,0,0,0,0,0,0,0,0,0,0,0,0,0,1,0,0,0,0,0,0,0,0,0,0,0,0,0,0,0,0,0,1,0,0,0,0,0,0,0,2,1,0,0,0,1,0,0,0,1,1,0,1,0,0,0,1,1,0,1,3,3,4,2,0,4,5,2,6,8,10,12,15,16,11,21,25,28,28,33,46,57,68,66,92,94,102,122,151,169,225,234,300,376,496,510,653,681,722,769,755,762,727,771,725,664,710,642,692,623,593,551,541,468,510,506,422,430,447,420,398,441,414,392,397,336,373,383,327,312,350,353,492,314,295,307,324,354,329,304,295,313,327,284,286,260,281,276,254,256,217,278,267,308,283,223,222,210,201,225,175,203,282,287,351,145,141,114,117,124,87,76,44,26,16,9,6,5,8,3,4,5,3,5,7,8,12,5,9,10,11,3,5,5,7,6,5,6,4,9,9,7,6,5,2,7,7,7,9,4,5,5,11,8,6,11,5,5,3,1,1,1,0,0,0,0,0,0,0,0,0,0,0,0,0,0,0,0,0,0,0,0,0,0,0,0,0,0,0,0,0,0,0,0,0,0,0,0,0,0,0,0,0,0,0,0,0,0,0,0,0,0,0,0,0,0
79.65,0,0,0,0,0,0,0,0,0,0,0,0,0,0,0,0,0,0,0,0,0,0,0,0,0,0,0,0,0,1,0,0,0,0,0,0,0,0,0,3,0,0,0,1,0,0,0,0,0,0,0,1,0,0,0,0,0,0,0,0,0,0,1,0,0,0,0,0,0,1,0,1,0,0,0,0,0,1,0,1,1,1,0,1,3,3,3,2,0,4,5,3,6,8,11,11,15,16,11,21,25,28,27,33,46,57,68,66,92,94,102,122,151,169,225,234,300,376,496,510,653,681,720,769,755,762,727,771,725,664,710,642,692,623,593,551,541,468,510,506,422,431,447,420,398,441,414,392,397,336,373,383,327,312,350,353,492,314,295,307,324,354,329,304,295,313,327,284,286,260,281,276,254,256,217,278,267,308,283,223,222,210,201,225,175,203,282,287,351,145,141,114,117,124,87,76,44,26,16,9,6,5,8,3,4,5,3,5,7,8,12,5,9,10,11,3,5,5,7,6,5,6,4,9,9,7,6,5,2,7,7,7,9,4,5,5,11,8,6,11,5,5,3,1,1,1,0,0,0,0,0,0,0,0,0,0,0,0,0,0,0,0,0,0,0,0,0,0,0,0,0,0,0,0,0,0,0,0,0,0,0,0,0,0,0,0,0,0,0,0,0,0,0,0,0,0,0,0,0,0
79.75,0,0,0,0,0,0,0,0,0,0,0,0,0,0,0,0,0,0,0,0,0,0,0,0,0,0,0,0,0,0,0,0,0,0,0,0,0,0,0,0,0,0,0,0,0,0,1,0,1,0,0,0,0,0,1,0,0,0,0,0,0,0,0,1,1,1,0,0,2,0,0,0,1,0,0,0,0,0,0,0,1,1,0,1,3,3,3,2,0,4,5,2,7,8,11,11,15,16,11,21,25,28,27,33,46,57,68,66,92,94,102,122,151,169,225,234,300,376,496,510,654,680,720,769,755,762,727,771,725,664,710,642,692,623,593,551,541,468,510,506,422,431,447,420,398,441,414,392,397,336,373,383,327,312,350,353,492,314,295,307,324,354,329,304,295,313,327,284,286,260,281,276,254,256,217,278,267,308,283,223,222,210,201,225,175,203,282,287,351,145,141,114,117,124,87,76,44,26,16,9,6,5,8,3,4,5,3,5,7,8,12,5,9,10,11,3,5,5,7,6,5,6,4,9,9,7,6,5,2,7,7,7,9,4,5,5,11,8,6,11,5,5,3,1,1,1,0,0,0,0,0,0,0,0,0,0,0,0,0,0,0,0,0,0,0,0,0,0,0,0,0,0,0,0,0,0,0,0,0,0,0,0,0,0,0,0,0,0,0,0,0,0,0,0,0,0,0,0,0,0
79.85,0,0,0,0,0,0,0,0,0,0,0,0,0,0,0,0,0,0,0,0,0,0,0,0,0,0,0,0,0,0,0,0,0,0,0,0,0,0,0,0,0,1,0,0,0,0,0,0,0,1,1,0,0,0,0,0,0,0,1,0,0,0,0,1,0,0,0,0,0,0,0,0,0,0,0,1,1,0,0,0,1,1,0,1,3,2,3,3,0,4,6,2,7,8,11,11,14,16,11,21,25,29,28,33,46,57,68,66,92,94,102,122,151,169,225,234,300,376,496,510,654,680,720,769,755,762,727,771,725,664,710,642,692,623,593,551,541,468,510,506,422,431,447,420,398,441,414,392,397,336,373,383,327,312,350,353,492,314,295,307,324,354,329,304,295,313,327,284,286,260,281,276,254,256,217,278,268,307,283,223,222,210,201,225,175,203,282,287,351,145,141,114,117,124,87,76,44,26,16,9,6,5,8,3,4,5,3,5,7,8,12,5,9,10,11,3,5,5,7,6,5,6,4,9,9,7,6,5,2,7,7,7,9,4,5,5,11,8,6,11,5,5,3,1,1,1,0,0,0,0,0,0,0,0,0,0,0,0,0,0,0,0,0,0,0,0,0,0,0,0,0,0,0,0,0,0,0,0,0,0,0,0,0,0,0,0,0,0,0,0,0,0,0,0,0,0,0,0,0,0
79.95,0,0,0,0,0,0,0,0,0,0,0,0,0,0,0,0,0,0,0,0,0,0,0,0,0,0,0,0,0,0,0,0,0,0,0,0,0,0,0,0,0,0,0,0,0,0,1,0,0,0,0,0,1,0,0,0,0,0,0,0,0,0,0,0,0,0,0,0,0,0,0,0,0,0,0,1,0,1,0,0,1,1,0,1,3,2,3,3,0,4,5,2,7,8,11,11,14,15,11,22,25,29,28,33,46,57,68,66,92,94,102,122,152,169,225,234,300,376,496,510,652,680,720,769,755,762,727,771,725,664,710,642,692,623,593,551,542,468,510,506,422,431,447,420,398,441,414,392,397,336,373,383,327,312,350,353,492,313,295,307,324,354,329,304,295,313,327,284,286,260,281,276,254,256,217,278,268,307,283,223,222,210,201,225,175,203,282,287,351,145,141,114,117,124,87,76,44,26,16,9,6,5,8,3,4,5,3,5,7,8,12,5,9,10,11,3,5,5,7,6,5,6,4,9,9,7,6,5,2,7,7,7,9,4,5,5,11,8,6,11,5,5,3,1,1,1,0,0,0,0,0,0,0,0,0,0,0,0,0,0,0,0,0,0,0,0,0,0,0,0,0,0,0,0,0,0,0,0,0,0,0,0,0,0,0,0,0,0,0,0,0,0,0,0,0,0,0,0,0,0
80.05,0,0,0,0,0,0,0,0,0,0,0,0,0,0,0,0,0,0,0,0,0,0,0,0,0,0,0,0,0,0,0,0,0,0,0,0,0,0,0,0,0,0,0,0,0,0,0,0,1,0,0,0,0,1,0,0,0,0,0,0,0,0,0,0,0,0,1,0,0,0,1,1,0,0,0,0,0,0,2,1,1,1,0,2,3,2,3,2,0,4,5,3,6,8,11,11,14,15,13,19,26,28,29,33,47,56,68,67,92,94,102,122,152,168,225,234,301,375,496,510,652,680,720,769,755,762,727,771,725,664,710,642,692,623,593,551,542,468,510,506,422,431,447,420,398,441,414,392,397,337,372,383,327,312,350,354,491,313,295,307,324,354,329,304,295,313,327,284,286,260,281,276,254,256,217,278,268,307,283,223,222,210,201,225,175,203,282,287,351,145,141,114,117,124,87,76,44,26,16,9,6,5,8,3,4,5,3,5,7,8,12,5,9,10,11,3,5,5,7,6,5,6,4,9,9,7,6,5,2,7,7,7,9,4,5,5,11,8,6,11,5,5,3,1,1,1,0,0,0,0,0,0,0,0,0,0,0,0,0,0,0,0,0,0,0,0,0,0,0,0,0,0,0,0,0,0,0,0,0,0,0,0,0,0,0,0,0,0,0,0,0,0,0,0,0,0,0,0,0,0
80.15,0,0,0,0,0,0,0,0,0,0,0,0,0,0,0,0,0,1,0,0,0,0,0,0,0,0,0,0,0,0,1,0,0,0,0,0,0,0,0,0,0,0,1,0,0,0,0,1,0,0,0,0,0,0,0,0,0,0,0,0,0,0,1,0,0,0,0,0,0,0,0,1,0,0,0,0,1,1,2,1,1,1,0,2,3,1,3,2,2,4,5,2,6,8,12,11,16,15,12,19,24,28,30,33,46,56,68,67,93,94,103,121,151,168,226,234,300,375,496,510,652,680,720,769,755,762,727,771,725,664,710,642,692,624,593,551,542,468,510,506,422,431,447,420,398,441,414,393,397,336,373,382,327,312,351,353,491,313,295,307,324,354,329,304,295,313,327,284,286,260,281,276,254,256,217,278,268,307,283,223,222,210,201,225,175,203,282,287,351,145,141,114,117,124,87,76,44,26,16,9,6,5,8,3,4,5,3,5,7,8,12,5,9,10,11,3,5,5,7,6,5,6,4,9,9,7,6,5,2,7,7,7,9,4,5,5,11,8,6,11,5,5,3,1,1,1,0,0,0,0,0,0,0,0,0,0,0,0,0,0,0,0,0,0,0,0,0,0,0,0,0,0,0,0,0,0,0,0,0,0,0,0,0,0,0,0,0,0,0,0,0,0,0,0,0,0,0,0,0,0
80.25,0,0,0,0,0,0,0,0,0,0,0,0,0,0,0,0,0,0,0,1,0,0,0,0,0,0,0,0,0,0,0,0,0,0,0,0,0,0,0,0,0,0,0,1,0,0,1,1,0,0,0,0,0,1,0,1,0,0,0,0,0,0,0,1,0,0,0,0,0,0,0,1,0,0,0,0,0,0,2,2,1,1,0,1,3,2,4,2,1,5,5,2,6,9,13,11,15,15,11,19,25,28,29,33,47,56,68,67,93,94,102,121,152,168,225,234,300,375,496,510,652,680,720,769,755,762,727,771,725,664,710,642,692,624,593,551,542,468,510,506,422,431,447,420,398,442,414,392,397,337,372,382,327,313,350,353,491,313,295,307,324,354,329,304,295,313,327,284,286,260,281,276,254,256,217,278,268,307,283,223,222,210,201,225,175,203,282,287,351,145,141,114,117,124,87,76,44,26,16,9,6,5,8,3,4,5,3,5,7,8,12,5,9,10,11,3,5,5,7,6,5,6,4,9,9,7,6,5,2,7,7,7,9,4,5,5,11,8,6,11,5,5,3,1,1,1,0,0,0,0,0,0,0,0,0,0,0,0,0,0,0,0,0,0,0,0,0,0,0,0,0,0,0,0,0,0,0,0,0,0,0,0,0,0,0,0,0,0,0,0,0,0,0,0,0,0,0,0,0,0
80.35,0,0,0,0,0,0,0,0,0,0,0,0,0,0,0,0,0,0,0,0,0,0,0,0,0,0,0,0,0,0,0,0,0,0,0,0,0,0,1,0,0,0,0,0,0,1,0,1,0,0,0,0,0,0,0,0,0,0,0,0,1,1,1,0,0,0,0,0,0,0,0,1,0,0,0,1,1,0,2,1,1,1,1,1,3,1,3,3,1,5,6,2,7,9,12,11,14,15,13,19,24,28,29,33,46,57,68,67,92,95,102,121,151,168,225,234,300,375,496,510,652,680,721,767,755,762,727,771,725,664,710,642,692,624,593,551,542,468,510,506,422,431,447,420,398,442,414,392,398,336,372,382,328,312,350,353,491,313,295,307,324,354,329,304,295,313,327,284,286,260,281,276,254,256,217,278,268,307,283,223,222,210,201,225,175,203,282,287,351,145,141,114,117,124,87,76,44,26,16,9,6,5,8,3,4,5,3,5,7,8,12,5,9,10,11,3,5,5,7,6,5,6,4,9,9,7,6,5,2,7,7,7,9,4,5,5,11,8,6,11,5,5,3,1,1,1,0,0,0,0,0,0,0,0,0,0,0,0,0,0,0,0,0,0,0,0,0,0,0,0,0,0,0,0,0,0,0,0,0,0,0,0,0,0,0,0,0,0,0,0,0,0,0,0,0,0,0,0,0,0
80.45,0,0,0,0,0,0,0,0,0,0,0,0,0,0,0,0,0,0,0,0,0,0,0,0,0,0,0,0,0,1,0,0,0,0,0,0,0,0,0,0,0,0,0,0,0,0,0,0,0,0,0,0,0,0,0,0,1,0,0,0,0,0,0,0,0,0,1,2,0,1,0,1,1,0,1,0,0,1,2,1,1,1,0,1,3,2,3,4,1,6,5,3,6,8,13,11,14,15,11,19,24,28,30,33,46,57,68,67,92,94,102,121,151,168,224,234,300,376,496,510,652,680,721,767,755,762,727,771,725,664,710,642,692,624,593,551,542,468,510,506,422,431,447,420,398,442,415,392,397,336,372,383,327,312,350,353,491,313,295,307,324,354,329,304,295,313,327,284,286,260,281,276,254,256,217,278,268,306,283,223,222,210,201,225,175,203,282,287,351,145,141,114,117,124,87,76,44,26,16,9,6,5,8,3,4,5,3,5,7,8,12,5,9,10,11,3,5,5,7,6,5,6,4,9,9,7,6,5,2,7,7,7,9,4,5,5,11,8,6,11,5,5,3,1,1,1,0,0,0,0,0,0,0,0,0,0,0,0,0,0,0,0,0,0,0,0,0,0,0,0,0,0,0,0,0,0,0,0,0,0,0,0,0,0,0,0,0,0,0,0,0,0,0,0,0,0,0,0,0,0
80.55,0,0,0,0,0,0,1,0,0,0,0,0,0,0,0,1,0,0,0,0,0,0,0,0,0,0,0,0,0,0,0,0,0,0,1,0,0,0,0,0,0,0,0,0,1,0,1,0,1,0,0,0,0,0,0,0,0,0,1,0,0,0,0,0,0,2,0,0,1,1,0,2,0,0,1,0,0,0,3,1,1,1,0,1,3,1,5,4,1,5,6,2,6,8,12,11,14,15,12,19,24,29,30,33,46,56,68,67,92,94,102,121,151,168,224,234,300,376,496,510,652,680,721,767,755,762,727,771,725,664,710,642,692,624,593,551,542,468,510,506,422,431,447,420,398,443,414,392,397,336,373,382,327,312,350,353,491,313,295,307,324,354,329,304,295,314,327,284,286,260,281,276,254,256,217,278,268,306,283,223,222,210,201,225,175,203,282,287,351,145,141,114,117,124,87,76,44,26,16,9,6,5,8,3,4,5,3,5,7,8,12,5,9,10,11,3,5,5,7,6,5,6,4,9,9,7,6,5,2,7,7,7,9,4,5,5,11,8,6,11,5,5,3,1,1,1,0,0,0,0,0,0,0,0,0,0,0,0,0,0,0,0,0,0,0,0,0,0,0,0,0,0,0,0,0,0,0,0,0,0,0,0,0,0,0,0,0,0,0,0,0,0,0,0,0,0,0,0,0,0
80.65,0,0,0,0,0,0,0,0,0,0,0,0,0,0,0,0,0,0,0,0,0,0,0,0,0,0,0,0,0,0,0,0,0,0,0,0,0,0,0,0,0,0,0,0,0,0,0,0,1,0,0,0,0,1,0,0,0,1,0,0,0,3,0,1,0,0,0,0,0,0,0,0,2,0,2,0,0,0,2,1,1,1,2,1,4,1,4,3,1,5,5,2,7,9,12,11,14,15,11,19,24,28,30,33,46,56,68,67,92,94,102,121,151,168,224,234,300,376,497,509,652,680,721,767,755,762,727,771,725,664,710,642,692,624,593,551,542,468,510,506,422,431,447,420,397,442,414,392,397,337,372,382,327,312,350,353,491,313,295,307,324,354,329,304,295,314,327,284,286,260,281,276,254,256,217,278,268,306,282,223,222,210,201,225,175,203,282,287,351,145,141,114,117,124,87,76,44,26,16,9,6,5,8,3,4,5,3,5,7,8,12,5,9,10,11,3,5,5,7,6,5,6,4,9,9,7,6,5,2,7,7,7,9,4,5,5,11,8,6,11,5,5,3,1,1,1,0,0,0,0,0,0,0,0,0,0,0,0,0,0,0,0,0,0,0,0,0,0,0,0,0,0,0,0,0,0,0,0,0,0,0,0,0,0,0,0,0,0,0,0,0,0,0,0,0,0,0,0,0,0
80.75,0,0,0,0,0,0,0,0,0,0,0,0,0,0,0,0,0,0,0,0,0,0,0,0,0,0,0,0,0,0,0,0,0,0,0,0,0,0,0,0,0,0,0,0,0,0,0,0,0,0,0,0,0,0,0,1,1,0,0,0,0,0,0,1,0,0,1,0,1,0,1,0,1,1,2,1,1,1,3,1,1,1,1,1,3,2,4,3,1,5,5,2,6,8,12,11,14,15,11,19,24,28,30,33,46,56,68,67,92,94,102,121,151,168,224,234,300,376,497,509,652,680,721,767,755,763,726,771,725,664,710,642,692,624,593,551,542,468,510,506,422,431,447,420,397,442,414,392,397,337,372,382,327,312,350,353,491,313,295,307,323,354,329,304,295,315,327,284,286,260,281,276,254,256,217,278,268,306,282,223,222,210,201,225,175,203,282,287,351,145,141,114,117,124,87,76,44,26,16,9,6,5,8,3,4,5,3,5,7,8,12,5,9,10,11,3,5,5,7,6,5,6,4,9,9,7,6,5,2,7,7,7,9,4,5,5,11,8,6,11,5,5,3,1,1,1,0,0,0,0,0,0,0,0,0,0,0,0,0,0,0,0,0,0,0,0,0,0,0,0,0,0,0,0,0,0,0,0,0,0,0,0,0,0,0,0,0,0,0,0,0,0,0,0,0,0,0,0,0,0
80.85,0,0,0,0,0,0,0,0,0,0,0,0,0,0,0,0,0,0,0,0,0,0,0,0,0,0,0,0,0,0,0,2,0,0,0,0,0,0,0,0,0,0,0,0,0,0,1,0,1,0,0,1,0,0,0,0,0,0,0,1,0,0,0,0,0,0,1,0,0,0,0,1,1,1,1,0,2,0,2,2,1,1,0,1,3,2,4,3,1,5,5,2,6,8,12,11,14,15,11,19,24,28,30,33,46,56,68,67,92,94,102,121,151,168,224,234,300,376,495,509,650,680,721,767,755,763,726,771,725,664,710,642,692,624,593,551,542,468,510,506,422,431,447,420,397,442,414,392,396,337,372,382,327,312,350,353,491,313,295,307,323,354,329,304,295,315,327,284,286,260,281,276,254,256,217,278,268,306,282,223,222,210,201,225,175,203,282,287,351,145,141,114,117,124,87,76,44,26,16,9,6,5,8,3,4,5,3,5,7,8,12,5,9,10,11,3,5,5,7,6,5,6,4,9,9,7,6,5,2,7,7,7,9,4,5,5,11,8,6,11,5,5,3,1,1,1,0,0,0,0,0,0,0,0,0,0,0,0,0,0,0,0,0,0,0,0,0,0,0,0,0,0,0,0,0,0,0,0,0,0,0,0,0,0,0,0,0,0,0,0,0,0,0,0,0,0,0,0,0,0
80.95,0,0,0,0,0,0,0,0,0,0,0,0,0,0,0,0,0,0,0,0,0,0,0,0,0,0,0,0,0,0,1,0,0,0,0,0,0,0,0,0,0,0,0,0,0,0,0,0,0,0,0,0,0,0,0,0,0,1,0,0,1,0,1,0,0,0,0,0,0,0,0,1,1,2,2,0,0,0,3,1,2,2,1,1,2,2,4,3,1,5,5,2,6,8,12,11,14,15,11,19,24,28,30,33,46,56,68,67,92,94,102,121,151,168,224,234,300,376,495,509,650,680,721,767,755,763,726,771,725,664,710,642,692,624,593,551,542,468,510,506,422,431,447,420,397,442,414,392,396,337,372,382,327,312,350,353,491,313,295,307,323,354,329,304,295,315,327,284,286,260,281,276,254,256,217,278,268,306,282,223,222,210,201,225,175,203,282,287,351,145,141,114,117,124,87,76,44,26,16,9,6,5,8,3,4,5,3,5,7,8,12,5,9,10,11,3,5,5,7,6,5,6,4,9,9,7,6,5,2,7,7,7,9,4,5,5,11,8,6,11,5,5,3,1,1,1,0,0,0,0,0,0,0,0,0,0,0,0,0,0,0,0,0,0,0,0,0,0,0,0,0,0,0,0,0,0,0,0,0,0,0,0,0,0,0,0,0,0,0,0,0,0,0,0,0,0,0,0,0,0
81.05,0,0,0,0,0,0,0,0,0,0,0,0,0,0,0,0,0,0,0,0,0,0,0,0,0,0,0,0,0,0,0,0,0,0,0,0,0,0,0,0,0,0,0,0,0,0,0,0,0,0,0,0,0,0,0,0,0,0,0,0,0,0,0,0,1,1,2,0,0,0,1,2,1,0,0,0,0,0,2,2,3,3,1,1,3,3,4,2,2,6,6,3,6,7,11,10,14,15,11,19,23,28,30,34,46,57,67,67,92,94,102,121,151,168,224,234,300,376,495,509,651,679,721,767,755,763,726,771,725,664,710,642,692,624,593,551,542,468,510,506,422,431,447,420,397,442,414,392,396,337,372,382,327,312,350,353,491,313,295,307,323,354,329,304,295,315,327,284,286,260,281,276,254,256,217,278,268,306,282,223,222,210,201,225,175,203,282,287,351,145,141,114,117,124,87,76,44,26,16,9,6,5,8,3,4,5,3,5,7,8,12,5,9,10,11,3,5,5,7,6,5,6,4,9,9,7,6,5,2,7,7,7,9,4,5,5,11,8,6,11,5,5,3,1,1,1,0,0,0,0,0,0,0,0,0,0,0,0,0,0,0,0,0,0,0,0,0,0,0,0,0,0,0,0,0,0,0,0,0,0,0,0,0,0,0,0,0,0,0,0,0,0,0,0,0,0,0,0,0,0
81.15,0,0,0,0,0,0,0,0,0,0,0,0,0,0,0,0,0,0,0,0,0,0,0,0,0,0,0,0,0,0,0,0,0,0,0,0,0,0,0,0,1,0,0,0,1,0,0,0,0,0,0,0,0,0,0,0,0,0,0,0,0,0,0,0,1,1,1,0,1,2,0,1,1,0,0,1,0,0,2,2,3,2,5,2,2,2,3,1,2,5,5,2,6,7,11,10,14,15,11,19,23,28,30,35,46,56,67,67,92,94,102,121,151,168,224,234,300,376,495,508,651,679,721,767,755,763,726,771,725,664,710,642,692,624,593,551,542,468,510,506,422,431,447,420,397,442,414,392,396,338,371,382,327,312,350,353,491,313,295,307,323,354,329,304,295,315,327,284,286,260,281,276,254,256,217,278,269,305,282,223,222,210,201,225,175,203,282,287,351,145,141,114,117,124,87,76,44,26,16,9,6,5,8,3,4,5,3,5,7,8,12,5,9,10,11,3,5,5,7,6,5,6,4,9,9,7,6,5,2,7,7,7,9,4,5,5,11,8,6,11,5,5,3,1,1,1,0,0,0,0,0,0,0,0,0,0,0,0,0,0,0,0,0,0,0,0,0,0,0,0,0,0,0,0,0,0,0,0,0,0,0,0,0,0,0,0,0,0,0,0,0,0,0,0,0,0,0,0,0,0
81.25,0,0,0,0,0,0,0,0,0,0,0,0,0,0,0,0,0,0,0,0,0,0,0,1,0,0,0,0,0,0,0,0,0,0,0,0,0,1,0,0,0,0,0,0,0,0,0,0,0,1,0,0,0,0,0,0,0,0,0,0,0,0,0,0,1,1,1,3,0,0,0,0,0,0,0,0,0,1,2,3,5,3,1,2,1,1,3,1,2,5,5,3,6,7,11,10,14,15,11,19,23,29,30,34,46,56,67,67,92,94,102,121,151,168,224,234,300,376,495,508,651,679,721,767,755,763,726,771,725,665,709,642,692,624,593,551,542,468,510,506,422,431,447,420,398,441,414,392,397,337,371,382,327,312,350,353,491,313,295,307,323,354,329,304,295,315,327,284,286,260,281,276,254,256,217,278,269,305,282,223,222,210,201,225,175,203,282,287,351,145,141,114,117,124,87,76,44,26,16,9,6,5,8,3,4,5,3,5,7,8,12,5,9,10,11,3,5,5,7,6,5,6,4,9,9,7,6,5,2,7,7,7,9,4,5,5,11,8,6,11,5,5,3,1,1,1,0,0,0,0,0,0,0,0,0,0,0,0,0,0,0,0,0,0,0,0,0,0,0,0,0,0,0,0,0,0,0,0,0,0,0,0,0,0,0,0,0,0,0,0,0,0,0,0,0,0,0,0,0,0
81.35,0,0,0,0,0,0,0,0,0,0,0,0,0,0,0,0,0,0,0,0,0,0,0,0,0,0,0,0,0,0,0,0,0,0,0,0,0,0,0,0,0,0,0,0,0,0,0,0,0,0,0,0,0,0,0,0,1,2,0,0,0,0,0,0,2,0,0,0,0,0,1,0,0,0,0,1,0,1,3,3,3,3,1,1,1,1,3,1,2,5,5,3,6,7,10,10,14,15,11,20,23,28,30,34,46,56,67,67,92,94,102,121,151,168,224,234,300,376,495,508,651,679,721,767,755,763,726,771,725,665,709,642,692,624,593,551,542,468,510,506,422,431,447,420,398,441,414,393,396,337,371,382,327,312,350,353,491,313,295,307,323,354,329,304,295,315,327,284,286,260,281,276,254,256,217,278,269,305,282,223,222,210,201,225,175,203,282,287,351,145,141,114,117,124,87,76,44,26,16,9,6,5,8,3,4,5,3,5,7,8,12,5,9,10,11,3,5,5,7,6,5,6,4,9,9,7,6,5,2,7,7,7,9,4,5,5,11,8,6,11,5,5,3,1,1,1,0,0,0,0,0,0,0,0,0,0,0,0,0,0,0,0,0,0,0,0,0,0,0,0,0,0,0,0,0,0,0,0,0,0,0,0,0,0,0,0,0,0,0,0,0,0,0,0,0,0,0,0,0,0
81.45,0,0,0,0,0,0,0,0,0,0,0,0,0,0,0,0,0,0,0,0,0,0,0,0,0,0,0,0,0,0,0,0,0,0,0,1,0,0,0,0,0,0,1,0,0,0,1,0,0,0,0,0,0,0,0,1,0,0,0,0,1,1,0,0,1,0,0,0,0,1,0,0,0,0,1,1,1,1,2,2,3,2,1,1,1,1,3,1,2,5,5,3,6,7,10,10,15,15,11,19,23,28,30,34,46,56,67,67,92,94,102,120,151,168,224,234,300,376,495,508,651,679,721,767,755,763,726,771,726,664,708,642,692,624,593,551,542,468,510,506,422,431,447,421,397,442,414,392,396,337,371,382,327,312,350,353,491,313,295,307,323,354,329,304,295,315,327,284,286,260,281,276,254,256,217,278,269,305,282,223,222,210,201,225,175,203,282,287,351,145,141,114,117,124,87,76,44,26,16,9,6,5,8,3,4,5,3,5,7,8,12,5,9,10,11,3,5,5,7,6,5,6,4,9,9,7,6,5,2,7,7,7,9,4,5,5,11,8,6,11,5,5,3,1,1,1,0,0,0,0,0,0,0,0,0,0,0,0,0,0,0,0,0,0,0,0,0,0,0,0,0,0,0,0,0,0,0,0,0,0,0,0,0,0,0,0,0,0,0,0,0,0,0,0,0,0,0,0,0,0
81.55,0,0,0,0,0,1,0,0,0,0,0,0,0,0,0,0,0,0,0,0,0,1,0,0,0,0,0,0,0,0,0,0,0,0,0,0,0,0,0,0,0,0,0,0,0,0,0,0,0,0,0,0,0,1,0,0,0,1,0,1,0,0,0,0,0,0,0,0,0,1,1,1,0,2,0,0,0,0,1,3,3,2,1,1,1,1,3,1,1,5,5,3,7,7,10,10,14,15,11,19,24,28,30,34,46,56,67,67,92,95,102,120,151,168,224,234,300,376,495,508,651,678,721,767,755,763,726,771,726,664,708,642,692,624,593,551,542,468,510,506,422,431,447,421,398,441,414,392,396,337,371,382,327,312,350,353,491,313,295,307,323,354,329,304,295,315,327,284,286,260,281,276,254,256,217,278,269,305,282,223,222,210,201,225,175,203,282,287,351,145,141,114,117,124,87,76,44,26,16,9,6,5,8,3,4,5,3,5,7,8,12,5,9,10,11,3,5,5,7,6,5,6,4,9,9,7,6,5,2,7,7,7,9,4,5,5,11,8,6,11,5,5,3,1,1,1,0,0,0,0,0,0,0,0,0,0,0,0,0,0,0,0,0,0,0,0,0,0,0,0,0,0,0,0,0,0,0,0,0,0,0,0,0,0,0,0,0,0,0,0,0,0,0,0,0,0,0,0,0,0
81.65,0,0,0,0,0,0,0,0,0,0,0,0,0,0,0,0,0,1,0,0,0,0,0,0,0,0,0,0,0,0,0,0,1,0,1,0,0,0,0,0,0,1,0,0,0,0,0,0,0,0,0,0,1,0,1,0,0,0,0,0,0,0,0,0,0,2,0,0,1,1,0,0,0,1,0,0,0,0,1,1,3,2,1,1,1,1,3,1,2,5,5,3,6,7,9,10,15,15,11,19,24,28,30,34,46,56,67,67,92,95,102,120,151,168,224,234,300,376,495,508,651,678,721,767,755,763,726,771,726,664,708,642,692,624,593,551,542,468,510,506,422,431,448,421,397,441,414,392,396,337,371,382,327,312,350,353,491,313,295,307,323,354,329,304,295,315,327,284,286,260,281,276,254,256,217,278,269,305,282,223,222,210,201,225,175,203,282,287,351,145,141,114,117,124,87,76,44,26,16,9,6,5,8,3,4,5,3,5,7,8,12,5,9,10,11,3,5,5,7,6,5,6,4,9,9,7,6,5,2,7,7,7,9,4,5,5,11,8,6,11,5,5,3,1,1,1,0,0,0,0,0,0,0,0,0,0,0,0,0,0,0,0,0,0,0,0,0,0,0,0,0,0,0,0,0,0,0,0,0,0,0,0,0,0,0,0,0,0,0,0,0,0,0,0,0,0,0,0,0,0
81.75,0,0,0,0,0,0,0,0,0,0,0,0,0,0,0,0,0,0,0,0,0,0,0,0,0,0,0,0,0,0,0,0,0,0,0,0,0,0,0,0,0,1,1,0,0,0,0,0,0,0,0,0,0,1,1,0,1,1,1,0,0,0,0,0,1,0,0,0,0,0,0,0,0,0,0,0,1,0,1,1,2,2,1,1,1,1,3,1,1,5,4,3,6,7,9,10,15,15,11,19,24,28,30,34,46,55,67,67,92,95,102,120,151,168,224,234,300,376,495,508,651,678,721,767,755,763,726,770,725,664,708,642,692,624,593,551,542,468,510,506,422,433,447,420,397,441,414,392,396,337,371,382,327,312,350,353,491,313,295,307,323,353,329,304,295,315,327,284,286,260,281,276,253,256,217,278,269,305,282,223,222,210,201,225,175,203,282,287,351,145,141,114,117,124,87,76,44,26,16,9,6,5,8,3,4,5,3,5,7,8,12,5,9,10,11,3,5,5,7,6,5,6,4,9,9,7,6,5,2,7,7,7,9,4,5,5,11,8,6,11,5,5,3,1,1,1,0,0,0,0,0,0,0,0,0,0,0,0,0,0,0,0,0,0,0,0,0,0,0,0,0,0,0,0,0,0,0,0,0,0,0,0,0,0,0,0,0,0,0,0,0,0,0,0,0,0,0,0,0,0
81.85,0,0,0,0,0,0,0,0,0,1,0,0,0,0,0,0,0,0,0,0,1,0,0,0,0,0,0,0,0,0,0,1,0,0,0,0,0,0,0,0,1,0,0,0,0,0,1,0,0,0,0,0,0,0,0,0,1,0,0,0,0,0,0,0,1,0,0,0,1,0,0,0,0,0,0,0,0,0,2,1,2,1,1,1,1,1,3,1,1,5,4,3,6,7,9,10,15,16,11,19,24,28,30,34,46,55,67,67,92,94,102,120,151,168,224,234,300,376,495,507,651,678,721,767,755,763,726,770,725,664,707,642,692,624,593,551,542,468,510,506,422,431,447,420,397,441,414,392,396,337,371,382,327,312,350,353,491,313,295,307,323,353,329,304,295,315,327,284,286,260,281,276,253,256,216,278,269,305,282,223,222,210,201,225,175,203,282,287,351,145,141,114,117,124,87,76,44,26,16,9,6,5,8,3,4,5,3,5,7,8,12,5,9,10,11,3,5,5,7,6,5,6,4,9,9,7,6,5,2,7,7,7,9,4,5,5,11,8,6,11,5,5,3,1,1,1,0,0,0,0,0,0,0,0,0,0,0,0,0,0,0,0,0,0,0,0,0,0,0,0,0,0,0,0,0,0,0,0,0,0,0,0,0,0,0,0,0,0,0,0,0,0,0,0,0,0,0,0,0,0
81.95,0,0,0,0,0,0,0,0,0,0,0,0,0,0,0,0,0,0,0,0,0,0,0,0,0,0,0,0,0,0,0,0,0,0,0,0,0,0,0,1,0,0,0,0,0,0,0,0,1,0,0,0,0,0,0,0,0,1,0,0,0,0,0,0,0,0,0,0,1,0,1,0,0,0,0,0,0,0,1,1,3,1,1,1,1,1,3,1,1,5,4,3,6,7,9,10,15,16,11,19,24,28,30,34,46,55,67,67,92,94,102,120,151,168,224,234,300,376,495,507,651,678,721,767,755,763,726,770,725,664,707,642,692,624,593,551,542,468,510,506,422,431,447,420,397,441,414,392,396,337,371,382,327,312,350,353,491,313,295,307,323,353,329,304,295,315,327,284,286,260,281,276,253,256,216,278,269,305,282,223,222,210,201,225,175,203,282,287,351,145,141,114,117,124,87,76,44,26,16,9,6,5,8,3,4,5,3,5,7,8,12,5,9,10,11,3,5,5,7,6,5,6,4,9,9,7,6,5,2,7,7,7,9,4,5,5,11,8,6,11,5,5,3,1,1,1,0,0,0,0,0,0,0,0,0,0,0,0,0,0,0,0,0,0,0,0,0,0,0,0,0,0,0,0,0,0,0,0,0,0,0,0,0,0,0,0,0,0,0,0,0,0,0,0,0,0,0,0,0,0
82.05,0,0,0,0,0,0,0,0,0,0,0,0,0,0,0,0,0,0,0,0,0,0,0,0,0,0,0,0,0,0,0,0,0,0,0,0,0,0,0,0,0,0,0,0,0,0,1,0,0,0,1,0,0,0,0,0,0,0,0,0,0,0,0,0,0,0,1,0,0,0,0,0,0,2,0,0,0,0,1,1,1,2,1,1,0,1,3,1,1,6,5,2,6,7,9,10,15,16,10,19,24,28,30,34,46,55,67,67,92,94,102,120,151,168,224,233,300,375,495,507,651,678,721,767,755,763,727,769,725,664,707,642,692,624,593,551,542,468,510,506,422,431,447,420,397,441,414,392,396,337,371,383,326,312,350,354,490,313,295,307,323,353,329,304,295,315,327,284,286,260,281,276,253,256,216,278,269,305,282,223,222,210,201,225,175,203,282,287,351,145,141,113,117,124,87,76,44,26,16,9,6,5,8,3,4,5,3,5,7,8,12,5,9,10,11,3,5,5,7,6,5,6,4,9,9,7,6,5,2,7,7,7,9,4,5,5,11,8,6,11,5,5,3,1,1,1,0,0,0,0,0,0,0,0,0,0,0,0,0,0,0,0,0,0,0,0,0,0,0,0,0,0,0,0,0,0,0,0,0,0,0,0,0,0,0,0,0,0,0,0,0,0,0,0,0,0,0,0,0,0
82.15,0,0,0,0,0,0,0,0,0,0,0,0,0,0,0,0,0,0,0,0,0,0,0,0,0,0,0,0,0,0,0,0,0,0,0,0,0,0,0,1,0,0,0,0,0,0,0,0,0,0,1,0,0,0,0,0,0,0,0,0,0,0,0,0,0,0,1,0,0,1,0,0,0,2,0,0,0,0,1,2,1,2,1,0,0,2,3,1,1,5,4,2,6,7,9,11,15,15,10,20,24,27,30,34,46,55,67,67,92,94,102,120,151,168,224,233,300,375,495,507,651,678,721,767,756,763,726,769,725,664,708,641,692,624,593,551,542,468,510,506,422,431,447,420,397,441,414,392,396,338,371,382,326,313,350,353,490,313,295,307,323,353,329,304,295,315,327,284,286,260,281,276,253,256,216,278,269,305,282,223,222,210,201,225,175,203,282,287,351,145,141,113,117,124,87,76,44,26,16,9,6,5,8,3,4,5,3,5,7,8,12,5,9,10,11,3,5,5,7,6,5,6,4,9,9,7,6,5,2,7,7,7,9,4,5,5,11,8,6,11,5,5,3,1,1,1,0,0,0,0,0,0,0,0,0,0,0,0,0,0,0,0,0,0,0,0,0,0,0,0,0,0,0,0,0,0,0,0,0,0,0,0,0,0,0,0,0,0,0,0,0,0,0,0,0,0,0,0,0,0
82.25,0,0,0,0,0,0,0,0,0,0,0,0,0,0,0,0,0,0,0,0,0,0,0,0,0,0,0,1,0,0,0,0,0,0,0,0,0,0,0,0,0,0,0,0,0,0,0,0,0,0,1,0,0,0,0,0,0,0,0,0,0,0,0,0,0,0,1,0,0,0,0,0,0,2,0,1,0,0,1,1,2,2,1,0,0,1,3,1,1,5,4,2,7,7,9,10,15,16,10,19,24,27,30,34,46,55,67,67,92,94,102,120,151,168,224,233,300,375,495,507,651,678,722,767,755,763,726,769,725,664,708,641,692,624,593,551,542,468,510,506,422,431,447,420,397,441,415,392,396,337,372,382,326,312,350,353,490,313,295,307,323,353,329,304,295,315,327,284,286,260,281,276,253,256,216,278,269,305,282,223,222,210,201,225,175,203,282,287,351,145,141,113,117,124,87,76,44,26,16,9,6,5,8,3,4,5,3,5,7,8,12,5,9,10,11,3,5,5,7,6,5,6,4,9,9,7,6,5,2,7,7,7,9,4,5,5,11,8,6,11,5,5,3,1,1,1,0,0,0,0,0,0,0,0,0,0,0,0,0,0,0,0,0,0,0,0,0,0,0,0,0,0,0,0,0,0,0,0,0,0,0,0,0,0,0,0,0,0,0,0,0,0,0,0,0,0,0,0,0,0
82.35,0,0,0,0,0,0,0,0,0,0,0,0,0,0,0,0,0,0,0,0,0,0,0,0,0,0,0,0,1,0,0,0,0,0,0,0,0,0,0,0,0,0,0,0,0,0,0,1,0,0,1,0,0,0,0,0,0,0,0,0,0,0,0,0,0,0,1,0,1,0,0,1,0,2,0,0,0,0,1,1,1,2,1,0,0,1,3,1,1,6,4,2,6,7,9,11,15,15,10,19,25,27,30,34,46,55,67,67,92,94,102,120,151,168,224,233,300,375,495,508,651,678,721,767,755,763,726,769,725,665,707,641,692,624,593,551,542,468,510,506,422,431,447,421,397,441,414,392,397,337,371,382,326,312,350,353,490,313,295,307,323,353,329,304,295,315,327,284,286,260,281,276,253,256,216,278,269,305,282,223,222,210,201,225,175,203,282,287,351,145,141,113,117,124,87,76,44,26,16,9,6,5,8,3,4,5,3,5,7,8,12,5,9,10,11,3,5,5,7,6,5,6,4,9,9,7,6,5,2,7,7,7,9,4,5,5,11,8,6,11,5,5,3,1,1,1,0,0,0,0,0,0,0,0,0,0,0,0,0,0,0,0,0,0,0,0,0,0,0,0,0,0,0,0,0,0,0,0,0,0,0,0,0,0,0,0,0,0,0,0,0,0,0,0,0,0,0,0,0,0
82.45,0,0,0,0,0,0,0,0,0,0,0,0,0,0,0,0,0,0,0,0,0,0,0,0,0,0,0,0,0,0,0,0,0,0,0,0,0,0,0,0,1,0,0,0,0,1,0,0,1,0,1,0,0,0,1,0,0,0,1,0,0,0,0,0,0,0,1,0,0,0,0,0,0,2,0,0,0,0,1,1,1,2,1,1,1,1,3,1,1,6,4,2,7,7,9,10,15,15,10,19,25,27,30,35,46,55,67,67,92,94,102,120,151,168,224,233,301,375,495,507,651,678,721,767,755,763,726,769,725,665,707,641,692,624,593,551,542,468,510,506,422,432,447,420,398,441,414,392,396,337,371,382,326,312,350,353,490,313,295,307,323,353,329,304,295,315,327,284,286,260,281,276,253,256,216,278,269,305,282,223,222,210,201,225,175,203,282,287,351,145,141,113,117,124,87,76,44,26,16,9,6,5,8,3,4,5,3,5,7,8,12,5,9,10,11,3,5,5,7,6,5,6,4,9,9,7,6,5,2,7,7,7,9,4,5,5,11,8,6,11,5,5,3,1,1,1,0,0,0,0,0,0,0,0,0,0,0,0,0,0,0,0,0,0,0,0,0,0,0,0,0,0,0,0,0,0,0,0,0,0,0,0,0,0,0,0,0,0,0,0,0,0,0,0,0,0,0,0,0,0
82.55,0,0,0,0,0,0,0,0,0,0,0,0,0,0,0,0,0,0,0,0,0,0,0,0,0,0,0,0,0,0,0,0,0,0,0,0,0,0,0,0,0,0,1,0,0,0,0,0,0,0,1,0,0,0,0,0,0,0,0,0,0,0,0,0,1,0,0,0,0,0,0,0,0,2,0,0,0,0,2,1,1,1,1,0,0,1,3,1,1,7,4,2,6,7,9,10,15,15,10,19,25,27,30,35,46,55,67,67,92,94,102,120,151,169,224,233,300,375,495,507,652,677,721,767,755,763,726,769,726,664,707,641,692,624,593,551,542,468,510,506,422,431,447,420,397,441,414,392,396,337,371,382,326,312,350,353,490,313,295,307,323,353,329,304,295,315,327,284,285,260,281,276,253,256,216,278,269,305,282,223,222,210,201,225,175,203,282,287,351,145,141,113,117,124,87,76,44,26,16,9,6,5,8,3,4,5,3,5,7,8,12,5,9,10,11,3,5,5,7,6,5,6,4,9,9,7,6,5,2,7,7,7,9,4,5,5,11,8,6,11,5,5,3,1,1,1,0,0,0,0,0,0,0,0,0,0,0,0,0,0,0,0,0,0,0,0,0,0,0,0,0,0,0,0,0,0,0,0,0,0,0,0,0,0,0,0,0,0,0,0,0,0,0,0,0,0,0,0,0,0
82.65,0,0,0,0,0,0,0,0,0,0,0,0,0,0,0,0,0,0,0,0,0,0,0,0,0,0,0,0,0,0,0,0,1,0,1,0,0,0,0,0,0,0,0,0,0,0,0,0,0,0,0,0,0,0,0,0,0,0,0,0,0,0,0,0,0,0,2,0,1,0,0,0,0,2,0,0,0,0,1,1,1,1,1,0,0,2,3,1,1,6,4,2,6,7,9,10,15,15,10,19,25,27,30,35,46,55,67,68,92,94,102,120,151,168,224,233,300,375,495,507,652,677,721,767,755,763,726,769,726,664,707,641,692,624,593,551,542,468,510,506,422,431,447,420,397,441,414,392,396,337,371,382,326,312,350,353,490,313,295,307,323,353,329,304,295,315,327,284,285,260,281,276,253,256,216,278,269,305,282,223,222,210,201,225,175,203,282,287,351,145,141,113,117,124,87,76,44,26,16,9,6,5,8,3,4,5,3,5,7,8,12,5,9,10,11,3,5,5,7,6,5,6,4,9,9,7,6,5,2,7,7,7,9,4,5,5,11,8,6,11,5,5,3,1,1,1,0,0,0,0,0,0,0,0,0,0,0,0,0,0,0,0,0,0,0,0,0,0,0,0,0,0,0,0,0,0,0,0,0,0,0,0,0,0,0,0,0,0,0,0,0,0,0,0,0,0,0,0,0,0
82.75,0,0,0,0,0,0,0,0,0,0,0,0,0,0,0,1,0,0,0,0,0,0,0,0,0,0,0,0,0,0,0,0,0,0,0,0,0,0,0,0,0,0,0,0,0,0,0,0,0,0,0,0,0,1,0,0,0,0,0,0,0,0,0,0,0,0,0,0,0,0,0,0,1,2,0,0,0,0,1,2,1,1,1,0,1,1,3,1,1,6,3,2,6,7,9,10,15,15,10,20,24,27,30,35,46,55,67,67,92,94,102,120,150,168,224,233,300,375,495,507,650,677,721,767,755,763,726,770,725,664,707,641,692,624,593,551,542,468,510,506,422,431,447,420,397,441,414,392,396,337,371,382,326,312,350,353,490,313,295,307,323,353,329,304,295,315,327,284,285,260,281,276,253,256,216,278,269,305,282,223,222,210,201,225,175,203,282,287,351,145,141,113,117,124,87,76,44,26,16,9,6,5,8,3,4,5,3,5,7,8,12,5,9,10,11,3,5,5,7,6,5,6,4,9,9,7,6,5,2,7,7,7,9,4,5,5,11,8,6,11,5,5,3,1,1,1,0,0,0,0,0,0,0,0,0,0,0,0,0,0,0,0,0,0,0,0,0,0,0,0,0,0,0,0,0,0,0,0,0,0,0,0,0,0,0,0,0,0,0,0,0,0,0,0,0,0,0,0,0,0
82.85,0,0,0,0,0,0,0,0,0,0,0,0,0,0,0,0,0,0,0,0,0,0,0,0,0,0,0,0,0,0,0,0,0,0,0,0,0,2,0,0,0,0,0,0,0,0,0,0,0,0,0,0,0,0,0,0,0,0,0,0,0,0,0,0,0,0,0,0,0,0,1,0,0,2,0,1,0,0,2,1,1,1,1,0,1,1,3,1,1,6,3,2,6,7,9,10,15,14,10,19,24,27,30,35,46,55,67,67,92,94,102,120,150,168,224,233,300,375,495,507,650,677,721,767,755,763,726,768,725,664,707,641,692,624,593,551,542,468,510,506,422,431,447,420,397,441,414,392,396,337,371,382,326,312,350,353,490,313,295,307,323,353,329,304,295,315,326,284,285,260,281,276,253,256,216,278,269,305,282,223,222,210,201,225,175,203,282,287,351,145,141,113,117,124,87,76,44,26,16,9,6,5,8,3,4,5,3,5,7,8,12,5,9,10,11,3,5,5,7,6,5,6,4,9,9,7,6,5,2,7,7,7,9,4,5,5,11,8,6,11,5,5,3,1,1,1,0,0,0,0,0,0,0,0,0,0,0,0,0,0,0,0,0,0,0,0,0,0,0,0,0,0,0,0,0,0,0,0,0,0,0,0,0,0,0,0,0,0,0,0,0,0,0,0,0,0,0,0,0,0
82.95,0,0,0,0,0,0,0,0,0,0,0,0,0,0,0,0,0,0,0,0,0,0,0,0,0,0,0,0,0,0,0,0,0,0,0,0,0,0,1,0,0,0,0,0,0,1,0,1,0,0,0,0,0,0,0,1,0,0,0,1,0,0,0,0,0,0,0,0,0,0,0,0,0,2,0,0,0,1,1,1,1,1,1,0,1,1,3,1,1,6,3,2,6,7,9,10,15,14,10,19,24,27,30,35,46,55,67,67,92,94,102,120,150,168,224,233,300,375,495,507,650,677,721,767,755,763,726,768,725,664,707,641,692,624,593,551,542,468,510,506,422,431,447,420,397,441,414,392,396,337,371,382,326,312,350,353,490,313,295,307,323,353,329,304,295,315,326,284,285,260,281,276,253,256,216,278,269,305,282,223,222,210,201,225,175,203,282,287,351,145,141,113,117,124,87,76,44,26,16,9,6,5,8,3,4,5,3,5,7,8,12,5,9,10,11,3,5,5,7,6,5,6,4,9,9,7,6,5,2,7,7,7,9,4,5,5,11,8,6,11,5,5,3,1,1,1,0,0,0,0,0,0,0,0,0,0,0,0,0,0,0,0,0,0,0,0,0,0,0,0,0,0,0,0,0,0,0,0,0,0,0,0,0,0,0,0,0,0,0,0,0,0,0,0,0,0,0,0,0,0
83.05,0,0,0,0,0,0,0,0,0,0,0,0,0,0,0,0,0,0,0,0,0,0,0,0,0,0,0,0,0,0,0,0,0,1,0,0,0,0,0,0,0,0,0,0,0,0,0,0,1,0,0,0,0,0,0,0,0,0,0,0,0,0,0,0,0,1,0,0,0,0,0,0,0,2,0,0,0,2,2,1,1,1,1,2,1,0,2,1,3,4,3,2,6,7,9,9,15,14,10,19,24,27,30,35,46,55,68,67,91,94,102,120,150,168,224,233,300,375,495,507,650,677,721,767,755,763,726,768,725,664,707,641,692,624,593,551,542,468,510,506,422,431,447,420,397,441,414,392,396,337,371,382,326,312,350,353,490,313,295,307,323,353,329,304,295,315,326,284,285,260,281,276,253,256,216,278,269,305,282,223,222,210,201,225,175,203,282,287,351,145,141,113,117,124,87,76,44,26,16,9,6,5,8,3,4,5,3,5,7,8,12,5,9,10,11,3,5,5,7,6,5,6,4,9,9,7,6,5,2,7,7,7,9,4,5,5,11,8,6,11,5,5,3,1,1,1,0,0,0,0,0,0,0,0,0,0,0,0,0,0,0,0,0,0,0,0,0,0,0,0,0,0,0,0,0,0,0,0,0,0,0,0,0,0,0,0,0,0,0,0,0,0,0,0,0,0,0,0,0,0
83.15,0,0,0,0,0,0,0,0,0,0,0,0,0,0,0,0,0,0,0,0,0,0,0,0,1,0,0,0,0,0,0,0,0,0,0,0,0,0,0,0,0,0,0,0,0,0,0,0,0,0,0,0,1,0,0,0,0,0,0,0,0,0,0,0,0,1,0,1,0,0,0,0,0,2,0,0,0,2,3,1,1,1,1,0,1,0,4,1,1,4,3,2,6,7,9,9,15,14,10,19,24,28,30,35,46,55,67,67,91,94,102,120,150,168,224,233,301,374,495,507,650,677,721,767,755,763,726,768,725,664,707,641,692,624,593,551,542,468,510,506,422,431,447,420,397,441,414,392,396,337,371,382,326,312,350,353,490,313,295,307,323,353,329,304,295,315,326,284,285,260,281,276,253,256,216,278,269,305,282,223,222,210,201,225,175,203,282,287,351,145,141,113,117,124,87,76,44,26,16,9,6,5,8,3,4,5,3,5,7,8,12,5,9,10,11,3,5,5,7,6,5,6,4,9,9,7,6,5,2,7,7,7,9,4,5,5,11,8,6,11,5,5,3,1,1,1,0,0,0,0,0,0,0,0,0,0,0,0,0,0,0,0,0,0,0,0,0,0,0,0,0,0,0,0,0,0,0,0,0,0,0,0,0,0,0,0,0,0,0,0,0,0,0,0,0,0,0,0,0,0
83.25,0,0,0,0,0,0,0,0,0,0,0,0,0,0,0,0,0,0,0,0,0,0,0,0,0,0,1,0,0,0,0,0,0,0,0,0,0,0,0,0,0,0,0,0,0,0,0,0,0,0,0,0,0,0,0,0,0,0,0,0,0,0,0,1,0,1,0,0,1,0,0,1,0,2,0,0,0,1,2,1,1,1,1,1,2,0,2,1,1,4,3,2,7,7,9,9,15,14,10,19,24,27,30,35,46,55,67,67,91,94,102,120,149,168,224,233,301,374,495,507,650,677,721,767,755,763,726,768,725,664,707,641,692,624,593,551,542,468,510,506,422,431,447,420,397,441,414,392,396,337,371,382,326,313,349,353,490,313,295,307,323,353,329,304,295,315,326,284,285,260,281,276,253,256,216,278,269,305,282,223,222,210,201,225,175,203,282,287,351,145,141,113,117,124,87,76,44,26,16,9,6,5,8,3,4,5,3,5,7,8,12,5,9,10,11,3,5,5,7,6,5,6,4,9,9,7,6,5,2,7,7,7,9,4,5,5,11,8,6,11,5,5,3,1,1,1,0,0,0,0,0,0,0,0,0,0,0,0,0,0,0,0,0,0,0,0,0,0,0,0,0,0,0,0,0,0,0,0,0,0,0,0,0,0,0,0,0,0,0,0,0,0,0,0,0,0,0,0,0,0
83.35,0,0,0,0,0,0,0,0,0,0,0,0,0,0,0,0,0,0,0,0,0,0,0,0,0,0,0,0,0,0,0,0,0,0,0,0,0,0,0,0,0,0,0,0,0,0,0,0,0,0,1,0,0,0,0,1,0,1,0,1,0,0,0,0,0,1,0,0,0,0,0,0,0,1,0,0,0,1,2,1,2,2,1,0,1,0,2,1,2,4,3,2,6,7,9,9,15,14,10,19,24,27,30,35,46,55,67,67,91,94,102,120,149,168,224,233,301,374,495,507,650,677,721,767,754,762,726,768,725,664,707,641,692,624,593,551,542,468,510,506,422,431,447,420,397,441,414,392,396,337,371,382,326,313,349,353,490,313,295,307,323,353,329,304,295,315,326,284,285,259,281,276,253,256,216,278,269,305,282,223,222,210,201,225,175,203,282,287,351,145,141,113,117,124,87,76,44,26,16,9,6,5,8,3,4,5,3,5,7,8,12,5,9,10,11,3,5,5,7,6,5,6,4,9,9,7,6,5,2,7,7,7,9,4,5,5,11,8,6,11,5,5,3,1,1,1,0,0,0,0,0,0,0,0,0,0,0,0,0,0,0,0,0,0,0,0,0,0,0,0,0,0,0,0,0,0,0,0,0,0,0,0,0,0,0,0,0,0,0,0,0,0,0,0,0,0,0,0,0,0
83.45,0,0,0,0,0,0,0,0,0,0,0,0,0,0,0,0,0,0,0,0,0,0,0,0,0,0,0,0,0,0,0,0,0,0,0,0,0,0,0,0,0,0,0,0,0,0,0,0,0,0,0,0,0,1,0,0,0,0,0,0,0,0,0,0,1,0,1,0,1,0,0,0,0,1,0,0,1,2,1,1,1,1,1,0,1,0,2,1,2,4,3,2,6,7,9,9,15,14,10,19,24,27,30,35,46,55,67,67,91,94,102,120,149,168,224,233,301,374,495,507,650,677,721,767,754,762,726,768,725,664,707,641,692,624,593,551,542,468,510,506,422,431,447,420,397,441,414,392,396,337,371,382,327,312,349,353,490,313,295,307,323,353,329,304,295,315,326,284,285,259,281,276,253,256,216,278,269,305,282,223,222,210,201,225,175,203,282,287,351,145,141,113,117,124,87,76,43,26,16,9,6,5,8,3,4,5,3,5,7,8,12,5,9,10,11,3,5,5,7,6,5,6,4,9,9,7,6,5,2,7,7,7,9,4,5,5,11,8,6,11,5,5,3,1,1,1,0,0,0,0,0,0,0,0,0,0,0,0,0,0,0,0,0,0,0,0,0,0,0,0,0,0,0,0,0,0,0,0,0,0,0,0,0,0,0,0,0,0,0,0,0,0,0,0,0,0,0,0,0,0
83.55,0,0,0,0,0,0,0,0,0,0,0,0,0,0,0,0,0,0,0,0,0,0,0,0,0,0,0,0,0,0,0,0,0,0,0,0,0,0,0,0,0,0,0,1,0,0,0,0,0,0,0,0,0,0,1,0,0,0,0,0,0,0,0,0,0,0,0,0,0,0,1,1,0,1,0,1,0,1,1,1,1,1,1,0,1,0,2,1,2,4,3,2,6,7,9,9,15,14,10,19,24,27,30,35,46,55,67,67,91,94,102,120,149,168,224,234,300,374,495,507,650,677,721,767,754,762,726,768,725,664,707,641,692,624,593,551,542,468,510,506,422,431,447,420,397,441,414,392,396,337,371,383,326,312,349,353,490,313,295,307,323,353,329,304,295,315,326,284,285,259,281,276,253,256,216,278,269,305,282,223,222,210,201,225,175,203,282,287,351,145,141,113,117,124,87,76,43,26,16,9,6,5,8,3,4,5,3,5,7,8,12,5,9,10,11,3,5,5,7,6,5,6,4,9,9,7,6,5,2,7,7,7,9,4,5,5,11,8,6,11,5,5,3,1,1,1,0,0,0,0,0,0,0,0,0,0,0,0,0,0,0,0,0,0,0,0,0,0,0,0,0,0,0,0,0,0,0,0,0,0,0,0,0,0,0,0,0,0,0,0,0,0,0,0,0,0,0,0,0,0
83.65,0,0,0,0,0,0,0,0,0,0,0,0,0,0,0,0,0,0,0,0,0,0,0,0,0,0,0,0,0,0,0,0,0,0,0,0,0,0,0,0,1,0,0,0,0,0,0,0,0,0,0,0,0,0,0,0,0,0,0,0,0,1,0,1,0,0,0,0,0,0,0,0,0,1,0,0,0,1,1,1,2,1,1,0,1,0,2,1,2,4,3,2,6,7,9,9,15,14,10,19,24,27,30,35,46,55,67,67,91,94,102,120,149,168,224,232,300,374,495,507,650,677,721,767,754,762,726,768,725,664,707,641,692,624,593,551,542,468,510,506,422,431,447,420,397,441,414,392,396,337,371,383,326,312,349,353,490,313,295,307,323,353,329,304,295,315,326,284,285,258,281,276,253,256,216,278,269,305,282,223,222,210,201,225,175,203,282,287,350,145,141,113,117,124,87,76,43,26,16,9,6,5,8,3,4,5,3,5,7,8,12,5,9,10,11,3,5,5,7,6,5,6,4,9,9,7,6,5,2,7,8,7,9,4,5,5,11,8,7,11,5,5,3,1,1,1,0,0,0,0,0,0,0,0,0,0,0,0,0,0,0,0,0,0,0,0,0,0,0,0,0,0,0,0,0,0,0,0,0,0,0,0,0,0,0,0,0,0,0,0,0,0,0,0,0,0,0,0,0,0
83.75,0,0,0,0,0,0,0,0,0,0,0,0,0,0,0,0,0,0,0,0,0,0,0,0,0,0,0,0,0,1,0,0,0,0,0,1,0,0,0,1,0,0,0,0,0,0,0,0,0,0,0,0,0,0,0,0,0,0,0,0,0,0,0,0,0,0,0,0,0,0,0,0,0,1,0,0,0,1,1,1,1,1,1,1,1,0,2,1,2,4,3,2,6,7,9,9,15,14,10,18,24,27,30,35,46,55,67,67,91,94,102,120,149,168,224,232,300,374,495,507,650,677,721,767,754,762,726,768,725,664,707,641,692,624,593,551,542,468,510,506,422,431,447,420,397,441,414,392,396,337,372,382,326,312,349,353,490,313,295,307,323,353,329,304,295,315,326,284,285,258,281,276,253,256,216,278,269,305,282,223,222,210,201,225,175,203,282,287,350,145,141,113,117,124,87,76,43,26,16,9,6,5,8,3,4,5,3,5,7,8,12,5,9,10,11,3,5,5,7,6,5,6,4,9,9,7,6,5,2,7,8,7,9,4,5,5,11,8,7,11,5,5,3,1,1,1,0,0,0,0,0,0,0,0,0,0,0,0,0,0,0,0,0,0,0,0,0,0,0,0,0,0,0,0,0,0,0,0,0,0,0,0,0,0,0,0,0,0,0,0,0,0,0,0,0,0,0,0,0,0
83.85,0,0,0,0,0,0,0,0,0,0,0,0,0,0,0,0,0,0,0,0,0,0,0,0,0,0,0,0,0,0,0,0,0,0,0,0,0,0,0,1,0,0,0,0,0,1,0,0,0,0,0,0,0,0,0,0,0,0,0,0,0,1,0,0,0,0,0,0,0,0,0,0,0,1,0,0,0,1,1,1,1,0,1,0,1,0,3,1,2,4,3,2,6,7,9,9,15,14,10,18,24,27,30,35,46,55,67,67,91,94,102,120,149,168,224,232,300,374,495,507,650,677,721,767,754,762,726,768,725,664,707,641,692,624,593,551,542,468,510,506,422,431,447,420,397,441,414,392,396,338,371,382,326,312,349,353,490,313,295,307,323,353,329,304,295,315,326,284,285,258,281,276,253,256,216,278,269,305,282,223,222,210,201,225,175,203,282,287,350,145,141,113,117,124,87,76,43,26,16,9,6,5,8,3,4,5,3,5,7,8,12,5,9,10,11,3,5,5,7,6,5,6,4,9,9,7,6,5,2,7,8,7,9,4,5,5,11,8,7,11,5,5,3,1,1,1,0,0,0,0,0,0,0,0,0,0,0,0,0,0,0,0,0,0,0,0,0,0,0,0,0,0,0,0,0,0,0,0,0,0,0,0,0,0,0,0,0,0,0,0,0,0,0,0,0,0,0,0,0,0
83.95,0,0,0,0,0,0,0,0,0,0,0,0,0,0,0,0,0,0,0,0,1,0,1,0,0,0,0,0,0,0,0,0,0,0,0,0,0,0,0,0,0,0,0,0,0,0,0,0,0,0,0,0,0,0,0,0,0,0,0,0,0,0,0,0,0,0,0,0,0,0,0,0,0,1,0,0,0,1,1,1,1,0,1,0,1,0,2,1,3,4,3,2,6,7,9,9,15,14,10,18,24,27,30,35,46,55,67,67,91,94,102,120,149,168,224,232,300,374,495,507,650,677,721,767,754,762,726,768,725,664,707,641,692,624,593,551,542,468,510,506,422,431,447,420,397,441,414,392,396,338,371,382,326,312,349,353,490,313,295,307,323,353,329,304,295,315,326,284,285,258,281,276,253,256,216,278,269,305,282,223,222,210,201,225,175,203,282,287,350,145,141,113,117,124,87,76,43,26,16,9,6,5,8,3,4,5,3,5,7,8,12,5,9,10,11,3,5,5,7,6,5,6,4,9,9,7,6,5,2,7,8,7,9,4,5,5,11,8,7,11,5,5,3,1,1,1,0,0,0,0,0,0,0,0,0,0,0,0,0,0,0,0,0,0,0,0,0,0,0,0,0,0,0,0,0,0,0,0,0,0,0,0,0,0,0,0,0,0,0,0,0,0,0,0,0,0,0,0,0,0
84.05,0,0,0,0,0,0,0,0,0,0,0,0,0,0,0,0,0,0,0,0,0,0,0,0,0,0,0,0,0,0,0,0,0,0,0,0,0,0,0,0,0,0,0,0,0,0,0,0,0,0,0,0,0,0,0,0,0,0,0,0,1,0,0,0,0,0,0,0,0,0,0,0,0,2,0,0,0,1,1,0,1,0,1,0,0,0,2,1,2,5,3,2,6,7,9,9,15,14,10,18,24,27,30,36,45,55,67,67,91,94,102,120,149,168,224,232,300,374,496,506,650,677,721,767,754,762,726,768,725,664,707,641,692,624,593,551,542,468,510,506,422,431,447,420,397,441,414,392,396,336,371,382,326,312,349,353,490,313,295,307,323,353,329,304,295,315,326,284,285,258,281,276,253,256,216,278,269,305,282,223,222,210,201,225,175,203,282,287,350,145,141,113,117,124,87,76,43,26,16,9,6,5,8,3,4,5,3,5,7,8,12,5,9,10,11,3,5,5,7,6,5,6,4,9,9,7,6,5,2,7,8,7,9,4,5,5,11,8,7,11,5,5,3,1,1,1,0,0,0,0,0,0,0,0,0,0,0,0,0,0,0,0,0,0,0,0,0,0,0,0,0,0,0,0,0,0,0,0,0,0,0,0,0,0,0,0,0,0,0,0,0,0,0,0,0,0,0,0,0,0
84.15,0,0,0,0,0,0,0,0,0,0,0,0,0,0,0,0,0,0,0,0,0,0,0,0,0,0,0,0,0,0,1,0,0,0,0,0,0,0,0,0,0,0,0,0,0,0,0,0,0,0,0,0,0,0,0,0,0,0,0,0,0,0,0,0,0,0,0,0,0,0,0,0,0,1,0,0,0,1,1,0,1,0,1,0,0,0,2,1,2,5,3,2,6,7,9,9,15,14,10,19,24,27,30,35,45,55,67,67,91,94,102,120,149,168,224,232,301,374,495,506,650,677,721,767,754,762,726,768,725,664,707,641,692,624,593,551,542,468,510,506,422,431,447,420,397,441,414,392,396,336,371,382,326,312,349,353,490,313,295,307,323,353,329,304,295,315,326,284,285,258,281,276,253,256,216,278,269,305,282,223,222,210,201,225,175,203,282,287,350,145,141,113,117,124,87,76,43,26,16,9,6,5,8,3,4,5,3,5,7,8,12,5,9,10,11,3,5,5,7,6,5,6,4,9,9,7,6,5,2,7,8,7,9,4,5,5,11,8,7,11,5,5,3,1,1,1,0,0,0,0,0,0,0,0,0,0,0,0,0,0,0,0,0,0,0,0,0,0,0,0,0,0,0,0,0,0,0,0,0,0,0,0,0,0,0,0,0,0,0,0,0,0,0,0,0,0,0,0,0,0
84.25,0,0,0,0,0,0,0,0,0,0,0,0,0,0,0,0,0,0,0,0,0,0,0,0,0,0,0,0,0,0,0,0,0,0,0,0,0,0,0,0,0,0,0,0,0,0,0,1,0,0,0,0,0,0,0,0,0,0,0,0,0,0,0,0,0,0,0,0,0,0,0,0,0,1,0,1,0,1,1,0,1,0,1,0,0,0,2,1,2,5,3,2,6,8,9,9,15,14,10,18,24,27,30,35,45,55,67,67,91,94,102,120,149,168,225,232,300,374,495,506,650,677,721,768,753,762,726,768,725,664,707,641,692,624,593,551,542,468,510,506,422,431,447,420,397,441,414,392,396,336,371,382,326,312,349,353,490,313,295,307,323,353,329,304,295,315,326,284,285,258,281,276,253,256,216,278,269,305,282,223,222,210,201,225,175,203,282,287,350,145,141,113,117,124,87,76,43,26,16,9,6,5,8,3,4,5,3,5,7,8,12,5,9,10,11,3,5,5,7,6,5,6,4,9,9,7,6,5,2,7,8,7,9,4,5,5,11,8,7,11,5,5,3,1,1,1,0,0,0,0,0,0,0,0,0,0,0,0,0,0,0,0,0,0,0,0,0,0,0,0,0,0,0,0,0,0,0,0,0,0,0,0,0,0,0,0,0,0,0,0,0,0,0,0,0,0,0,0,0,0
84.35,0,0,0,0,0,0,0,0,0,1,0,0,0,0,0,0,0,0,0,0,0,0,0,0,0,0,0,0,0,0,0,0,0,0,0,0,0,0,0,0,0,0,0,0,0,0,0,0,0,0,0,0,0,0,0,1,0,0,0,0,0,0,0,0,0,0,0,0,0,0,0,0,0,2,0,0,0,1,1,0,1,0,1,0,0,1,2,1,2,5,3,2,6,7,9,9,15,14,10,18,24,27,30,35,45,55,67,67,91,94,102,121,149,168,224,232,300,374,495,506,650,677,721,765,753,762,726,768,725,664,707,641,692,624,593,551,542,468,510,506,422,431,447,420,397,441,414,392,396,336,371,382,326,312,349,353,490,313,295,307,323,353,329,304,295,315,326,284,285,258,281,276,253,256,216,278,269,305,282,223,222,210,201,225,175,203,282,287,350,145,141,113,117,124,87,76,43,26,16,9,6,5,8,3,4,5,3,5,7,8,12,5,9,10,11,3,5,5,7,6,5,6,4,9,9,7,6,5,2,7,8,7,9,4,5,5,11,8,7,11,5,5,3,1,1,1,0,0,0,0,0,0,0,0,0,0,0,0,0,0,0,0,0,0,0,0,0,0,0,0,0,0,0,0,0,0,0,0,0,0,0,0,0,0,0,0,0,0,0,0,0,0,0,0,0,0,0,0,0,0
84.45,0,0,0,0,0,0,0,0,0,0,0,0,0,0,0,0,0,0,0,0,0,0,0,0,0,0,0,0,0,0,0,0,0,0,0,0,0,0,0,0,0,0,0,0,0,0,0,0,0,0,0,0,0,0,0,0,0,1,0,0,1,1,0,0,0,0,0,0,0,0,1,0,0,1,0,0,0,0,1,0,1,0,1,0,0,0,2,1,2,5,3,2,6,7,10,9,15,14,10,18,25,27,30,35,45,55,67,67,92,94,102,120,149,168,224,232,300,374,495,506,650,677,721,765,753,762,726,768,725,664,707,641,692,624,593,551,543,467,510,506,422,431,447,420,397,441,414,392,396,336,371,382,326,312,349,353,490,313,295,307,323,353,329,304,295,315,326,284,285,258,281,276,253,256,216,278,269,305,282,223,222,210,201,225,175,203,282,287,350,145,141,113,117,124,87,76,43,26,16,9,6,5,8,3,4,5,3,5,7,8,12,5,9,10,11,3,5,5,7,6,5,6,4,9,9,7,6,5,2,7,8,7,9,4,5,5,11,8,7,11,5,5,3,1,1,1,0,0,0,0,0,0,0,0,0,0,0,0,0,0,0,0,0,0,0,0,0,0,0,0,0,0,0,0,0,0,0,0,0,0,0,0,0,0,0,0,0,0,0,0,0,0,0,0,0,0,0,0,0,0
84.55,0,0,0,0,0,0,0,0,0,0,0,0,0,0,0,0,0,0,0,1,0,0,0,0,0,0,0,0,0,0,0,0,0,0,0,0,0,0,0,0,1,0,0,0,0,0,0,0,0,0,0,0,0,0,0,0,0,0,0,0,0,0,0,0,1,0,0,1,0,0,0,0,0,1,0,0,0,0,1,0,1,0,0,0,0,0,2,2,2,5,3,2,6,7,10,9,15,14,10,18,25,27,30,35,45,56,67,67,91,94,102,120,149,168,224,232,300,374,495,506,650,677,721,765,753,762,726,768,725,664,707,641,692,624,593,551,543,467,510,506,422,431,447,420,397,441,414,392,396,336,371,382,326,312,349,353,490,313,295,307,323,353,329,304,295,315,325,284,286,258,281,276,253,256,216,278,269,305,282,223,222,210,201,225,175,203,282,287,350,145,141,113,117,124,87,76,43,26,16,9,6,5,8,3,4,5,3,5,7,8,12,5,9,10,11,3,5,5,7,6,5,6,4,9,9,7,6,5,2,7,8,7,9,4,5,5,11,8,7,11,5,5,3,1,1,1,0,0,0,0,0,0,0,0,0,0,0,0,0,0,0,0,0,0,0,0,0,0,0,0,0,0,0,0,0,0,0,0,0,0,0,0,0,0,0,0,0,0,0,0,0,0,0,0,0,0,0,0,0,0
84.65,0,0,0,0,0,0,0,0,0,0,0,0,0,0,0,0,0,0,0,0,0,0,0,0,0,0,0,0,0,0,0,0,0,0,1,0,0,0,0,0,0,0,0,0,0,0,0,0,0,1,0,0,0,0,0,0,0,0,0,0,1,0,0,1,0,0,0,1,0,0,0,0,0,1,0,1,0,1,1,0,1,0,0,0,0,0,2,2,2,5,3,2,6,7,10,9,15,14,10,18,26,27,30,35,45,55,67,67,91,94,102,120,149,168,224,232,300,374,495,506,650,677,721,765,753,762,726,768,725,664,707,641,692,624,593,551,543,467,510,506,422,431,447,420,397,441,414,392,396,336,371,382,326,312,349,353,490,313,295,307,323,353,329,304,295,315,325,284,286,258,281,276,253,256,216,278,269,305,282,223,222,210,201,225,175,203,282,287,350,145,141,113,117,124,87,76,43,26,16,9,6,5,8,3,4,5,3,5,7,8,12,5,9,10,11,3,5,5,7,6,5,6,4,9,9,7,6,5,2,7,8,7,9,4,5,5,11,8,7,11,5,5,3,1,1,1,0,0,0,0,0,0,0,0,0,0,0,0,0,0,0,0,0,0,0,0,0,0,0,0,0,0,0,0,0,0,0,0,0,0,0,0,0,0,0,0,0,0,0,0,0,0,0,0,0,0,0,0,0,0
84.75,0,0,0,0,0,0,0,0,0,0,0,0,0,0,0,0,0,0,0,0,0,0,0,0,0,0,0,0,0,0,0,0,0,0,0,0,0,0,0,0,0,0,0,0,0,0,0,0,0,0,0,0,0,0,0,1,1,0,1,0,0,1,0,0,0,0,0,0,0,3,0,0,0,1,0,1,0,1,1,0,1,0,0,0,0,0,2,2,2,5,3,2,7,7,10,9,15,14,10,18,25,27,28,35,45,55,67,67,91,94,102,120,149,168,224,232,300,374,495,506,649,677,721,765,753,762,726,768,725,664,707,641,692,624,593,551,543,467,510,506,422,431,447,420,397,441,414,392,396,336,371,382,326,312,349,353,490,313,295,307,323,353,329,304,295,315,325,284,286,258,281,276,253,257,216,278,269,305,282,223,222,210,201,225,175,203,282,287,350,145,141,113,117,124,87,76,43,26,16,9,6,5,8,3,4,5,3,5,7,8,12,5,9,10,11,3,5,5,7,6,5,6,4,9,9,7,6,5,2,7,8,7,9,4,5,5,11,8,7,11,5,5,3,1,1,1,0,0,0,0,0,0,0,0,0,0,0,0,0,0,0,0,0,0,0,0,0,0,0,0,0,0,0,0,0,0,0,0,0,0,0,0,0,0,0,0,0,0,0,0,0,0,0,0,0,0,0,0,0,0
84.85,0,0,0,0,0,0,0,0,0,0,0,0,0,0,0,0,0,0,0,0,0,0,0,0,0,0,0,0,0,0,0,0,0,0,0,0,0,0,0,0,0,0,0,0,0,0,0,0,1,0,0,0,0,0,0,0,0,0,0,0,0,0,0,0,0,0,0,0,0,0,0,1,1,1,1,2,0,1,1,1,1,0,0,0,0,0,2,2,2,4,3,2,6,7,10,9,15,14,10,18,25,27,28,35,45,55,67,67,91,94,102,120,149,168,224,232,300,374,495,506,649,677,721,765,753,762,726,768,725,664,707,641,692,624,593,551,543,467,510,506,422,431,447,420,397,441,414,392,396,336,371,382,326,312,349,353,490,313,295,307,323,353,329,304,295,315,325,284,286,258,281,276,253,257,216,278,269,305,282,223,222,210,201,225,175,203,282,287,350,145,141,113,117,124,87,76,43,26,16,9,6,5,8,3,4,5,3,5,7,8,12,5,9,10,11,3,5,5,7,6,5,6,4,9,9,7,6,5,2,7,8,7,9,4,5,5,11,8,7,11,5,5,3,1,1,1,0,0,0,0,0,0,0,0,0,0,0,0,0,0,0,0,0,0,0,0,0,0,0,0,0,0,0,0,0,0,0,0,0,0,0,0,0,0,0,0,0,0,0,0,0,0,0,0,0,0,0,0,0,0
84.95,0,0,0,0,0,0,0,0,0,0,0,0,0,1,0,0,0,0,0,0,0,0,0,0,0,0,0,0,0,0,0,0,0,0,0,0,0,0,0,0,0,0,0,1,0,0,0,0,0,0,0,0,0,0,0,0,0,0,0,0,0,0,0,0,0,0,0,0,0,0,0,0,0,2,0,1,0,1,3,0,1,0,0,0,0,0,2,2,3,4,3,2,6,7,10,9,15,14,10,18,25,27,28,35,45,55,67,67,91,94,102,120,149,168,224,232,300,374,495,506,649,677,721,765,753,762,726,768,725,664,707,641,692,624,593,551,543,467,510,506,422,431,447,420,397,441,414,392,396,336,371,382,326,312,349,353,490,313,295,307,323,353,329,304,295,315,325,284,286,258,281,276,253,257,216,278,268,305,282,223,222,210,201,225,175,203,282,287,350,145,141,113,117,124,87,76,43,26,16,9,6,5,8,3,4,5,3,5,7,8,12,5,9,10,11,3,5,5,7,6,5,6,4,9,9,7,6,5,2,7,8,7,9,4,5,5,11,8,7,11,5,5,3,1,1,1,0,0,0,0,0,0,0,0,0,0,0,0,0,0,0,0,0,0,0,0,0,0,0,0,0,0,0,0,0,0,0,0,0,0,0,0,0,0,0,0,0,0,0,0,0,0,0,0,0,0,0,0,0,0
85.05,0,0,0,0,0,0,0,0,0,0,0,0,0,0,0,0,0,0,0,0,0,0,0,0,0,0,0,0,0,0,0,0,0,0,0,0,0,0,0,0,0,0,0,0,0,0,0,0,0,0,0,0,0,0,0,0,0,0,0,0,0,1,0,0,1,0,0,0,0,0,0,0,0,1,1,1,0,1,1,1,1,1,0,0,0,1,2,2,2,4,3,2,6,7,10,9,15,14,10,18,25,27,28,35,45,55,68,67,91,93,101,120,149,168,224,232,300,374,495,506,650,676,721,765,753,762,726,768,725,664,708,640,692,625,592,551,543,467,510,506,422,431,447,420,397,441,414,392,396,336,371,382,326,312,349,353,490,313,295,307,323,353,329,304,295,314,325,284,286,258,281,276,253,257,216,278,268,305,282,223,222,210,201,225,175,203,282,287,350,145,141,113,117,124,87,76,43,26,16,9,6,5,8,3,4,5,3,5,7,8,12,5,9,10,11,3,5,5,7,6,5,6,4,9,9,7,6,5,2,7,8,7,9,4,5,5,11,8,7,11,5,5,3,1,1,1,0,0,0,0,0,0,0,0,0,0,0,0,0,0,0,0,0,0,0,0,0,0,0,0,0,0,0,0,0,0,0,0,0,0,0,0,0,0,0,0,0,0,0,0,0,0,0,0,0,0,0,0,0,0
85.15,0,0,0,0,0,0,0,0,0,0,0,0,0,0,0,0,0,0,0,0,0,0,0,0,0,0,0,0,0,0,0,0,0,0,0,0,0,0,0,0,0,0,0,1,0,0,0,1,0,0,0,0,0,0,0,0,0,1,0,0,0,0,0,0,0,0,0,0,0,0,0,0,0,1,1,1,0,1,2,1,1,1,0,0,0,0,2,2,2,4,3,2,6,7,10,9,16,14,10,18,25,27,28,35,45,55,67,67,91,93,101,120,149,168,223,232,300,374,495,507,649,676,721,765,753,762,726,768,726,664,707,640,693,625,591,551,543,467,510,506,422,431,447,420,397,441,414,392,396,336,371,382,326,312,349,353,490,313,295,307,323,353,329,304,295,314,325,284,286,258,281,276,253,257,216,278,268,305,282,223,222,210,201,225,175,203,282,287,350,145,141,113,116,124,87,76,43,26,16,9,6,5,8,3,4,5,3,5,7,8,12,5,9,10,11,3,5,5,7,6,5,6,4,9,9,7,6,5,2,7,8,7,9,4,5,5,11,8,7,11,5,5,3,1,1,1,0,0,0,0,0,0,0,0,0,0,0,0,0,0,0,0,0,0,0,0,0,0,0,0,0,0,0,0,0,0,0,0,0,0,0,0,0,0,0,0,0,0,0,0,0,0,0,0,0,0,0,0,0,0
85.25,0,0,0,0,0,0,0,0,0,0,0,0,0,0,0,0,0,0,0,0,0,0,0,0,0,0,0,0,0,0,0,0,0,0,0,0,0,0,0,0,0,0,0,0,0,0,0,0,0,0,0,0,0,0,0,0,0,0,0,0,1,0,0,1,0,0,0,0,0,0,0,0,0,1,2,1,0,1,1,1,1,1,0,0,0,1,2,2,2,4,3,2,6,7,10,9,15,14,10,18,24,27,28,35,45,55,67,67,91,93,101,120,149,168,223,232,300,374,495,505,649,676,721,765,753,762,726,769,725,664,708,640,693,624,591,551,543,467,510,506,422,431,447,420,397,441,414,392,396,336,371,382,326,312,349,353,490,313,295,307,323,353,329,304,295,314,325,284,286,258,281,276,253,257,216,278,268,305,282,223,222,210,201,225,175,203,282,287,350,145,141,113,116,124,87,76,43,26,16,9,6,5,8,3,4,5,3,5,7,8,12,5,9,10,11,3,5,5,7,6,5,6,4,9,9,7,6,5,2,7,8,7,9,4,5,5,11,8,7,11,5,5,3,1,1,1,0,0,0,0,0,0,0,0,0,0,0,0,0,0,0,0,0,0,0,0,0,0,0,0,0,0,0,0,0,0,0,0,0,0,0,0,0,0,0,0,0,0,0,0,0,0,0,0,0,0,0,0,0,0
85.35,0,0,0,0,0,0,0,0,0,0,0,0,0,0,0,0,0,0,0,0,0,0,0,0,0,0,0,0,0,0,0,0,0,0,0,0,0,0,0,0,0,0,0,0,0,0,0,0,0,0,0,0,0,0,0,0,0,0,0,0,0,0,0,0,0,0,0,0,0,0,0,0,0,1,2,1,0,1,1,1,1,1,0,0,0,1,2,2,2,4,3,2,6,7,10,9,15,14,10,18,24,27,28,35,45,55,67,67,91,94,101,120,149,168,223,232,300,374,495,505,649,676,721,765,753,762,726,768,725,664,706,641,692,624,591,551,543,467,510,506,422,431,447,420,397,441,414,392,396,336,371,382,326,312,349,353,490,313,295,307,323,353,329,304,295,314,325,284,286,258,281,276,253,257,216,278,268,305,282,223,222,210,201,225,175,203,282,287,350,145,141,113,116,124,87,76,43,26,16,9,6,5,8,3,4,5,3,5,7,8,12,5,9,10,11,3,5,5,7,6,5,6,4,9,9,7,6,5,2,7,8,7,9,4,5,5,11,8,7,11,5,5,3,1,1,1,0,0,0,0,0,0,0,0,0,0,0,0,0,0,0,0,0,0,0,0,0,0,0,0,0,0,0,0,0,0,0,0,0,0,0,0,0,0,0,0,0,0,0,0,0,0,0,0,0,0,0,0,0,0
85.45,0,0,0,0,0,0,0,0,0,0,0,0,0,0,0,0,0,0,0,0,0,0,0,0,0,0,0,0,0,0,0,0,0,0,0,0,0,0,0,0,0,1,0,0,0,0,0,0,0,0,0,0,0,0,0,0,0,0,0,0,0,0,0,0,0,0,0,0,0,0,0,0,0,1,2,2,0,1,1,1,1,1,0,0,0,1,2,2,2,4,3,2,6,7,10,9,15,14,10,18,24,27,28,35,45,55,67,67,91,94,101,120,149,168,223,232,300,374,495,505,649,676,721,765,753,762,726,768,725,664,707,640,692,624,591,551,543,467,510,506,422,431,447,420,397,441,414,392,396,336,371,382,326,312,349,353,490,313,295,307,323,353,329,304,295,314,325,284,286,258,281,276,253,257,216,278,268,305,282,223,222,210,201,225,175,203,282,287,350,145,141,113,116,124,87,76,43,26,16,9,6,5,8,3,4,5,3,5,7,8,12,5,9,10,11,3,5,5,7,6,5,6,4,9,9,7,6,5,2,7,8,7,9,4,5,5,11,8,7,11,5,5,3,1,1,1,0,0,0,0,0,0,0,0,0,0,0,0,0,0,0,0,0,0,0,0,0,0,0,0,0,0,0,0,0,0,0,0,0,0,0,0,0,0,0,0,0,0,0,0,0,0,0,0,0,0,0,0,0,0
85.55,0,0,0,0,0,0,0,0,0,0,0,0,0,0,0,0,0,0,0,0,0,0,0,0,0,0,0,0,0,0,0,0,0,0,0,0,0,0,0,0,0,0,0,0,0,0,0,0,0,0,0,2,0,0,0,0,0,0,0,0,0,0,0,0,0,0,0,1,0,0,0,0,0,1,2,2,0,1,1,1,1,1,0,0,0,1,2,2,2,4,3,2,6,7,9,9,15,14,10,18,24,27,28,35,45,55,67,67,91,94,101,120,149,168,223,232,300,374,495,505,649,676,721,765,753,762,726,768,725,663,706,640,692,624,591,551,543,467,510,506,422,431,447,420,397,441,414,392,396,336,371,382,326,312,349,353,490,313,295,307,323,353,329,304,295,314,325,284,286,258,281,276,253,257,216,278,268,305,282,223,222,210,201,225,175,203,282,287,350,145,141,113,116,124,87,76,43,26,16,9,6,5,8,3,4,5,3,5,7,8,12,5,9,10,11,3,5,5,7,6,5,6,4,9,9,7,6,5,2,7,8,7,9,4,5,5,11,8,7,11,5,5,3,1,1,1,0,0,0,0,0,0,0,0,0,0,0,0,0,0,0,0,0,0,0,0,0,0,0,0,0,0,0,0,0,0,0,0,0,0,0,0,0,0,0,0,0,0,0,0,0,0,0,0,0,0,0,0,0,0
85.65,0,0,0,0,0,0,0,0,0,0,0,0,0,0,0,0,0,0,0,0,0,0,0,0,0,0,0,0,0,0,0,0,0,0,0,0,0,0,0,0,0,0,0,0,0,0,0,0,0,0,0,0,0,0,0,0,0,0,0,0,0,0,0,0,0,0,0,1,0,0,0,0,0,1,2,2,0,1,1,1,1,1,0,0,0,1,2,2,2,4,3,2,6,6,9,9,15,14,10,18,24,27,28,35,45,55,67,67,91,94,101,120,149,168,223,232,300,374,495,505,649,676,721,765,753,762,726,768,725,663,706,640,692,624,591,551,543,467,510,506,422,431,447,420,397,441,414,392,396,336,371,382,326,312,349,353,490,313,295,307,323,353,329,304,295,314,325,284,286,258,281,276,253,257,216,278,268,305,282,223,222,210,201,225,175,203,282,287,350,145,141,113,116,124,87,76,43,26,16,9,6,5,8,3,4,5,3,5,7,8,12,5,9,10,11,3,5,5,7,6,5,6,4,9,9,7,6,5,2,7,8,7,9,4,5,5,11,8,7,11,5,5,3,1,1,1,0,0,0,0,0,0,0,0,0,0,0,0,0,0,0,0,0,0,0,0,0,0,0,0,0,0,0,0,0,0,0,0,0,0,0,0,0,0,0,0,0,0,0,0,0,0,0,0,0,0,0,0,0,0
85.75,0,0,0,0,0,0,0,0,0,0,0,0,0,0,0,0,0,0,0,0,0,0,0,0,0,0,0,0,0,0,0,0,0,0,0,0,0,0,0,0,0,0,0,0,0,0,0,0,0,0,0,0,0,0,0,0,0,0,0,0,0,0,0,0,0,0,0,1,0,0,0,0,0,1,2,2,0,1,1,1,1,1,0,0,0,1,2,2,2,4,3,2,6,6,9,9,15,14,10,18,24,27,28,35,45,55,67,67,91,94,101,120,149,168,223,232,300,374,495,505,649,676,721,765,753,762,726,768,725,663,706,639,692,624,591,551,543,467,510,506,422,431,447,420,397,441,414,392,396,336,371,382,326,312,349,353,490,313,295,307,323,353,329,304,295,314,325,284,286,258,281,276,253,257,216,278,268,305,282,223,222,210,201,225,175,203,282,287,350,145,141,113,116,124,87,76,43,26,16,9,6,5,8,3,4,5,3,5,7,8,12,5,9,10,11,3,5,5,7,6,5,6,4,9,9,7,6,5,2,7,8,7,9,4,5,5,11,8,7,11,5,5,3,1,1,1,0,0,0,0,0,0,0,0,0,0,0,0,0,0,0,0,0,0,0,0,0,0,0,0,0,0,0,0,0,0,0,0,0,0,0,0,0,0,0,0,0,0,0,0,0,0,0,0,0,0,0,0,0,0
85.85,0,0,0,0,0,0,0,0,0,0,0,0,0,0,0,0,0,0,0,0,0,0,0,0,0,0,0,0,0,0,0,0,0,0,0,0,0,0,0,0,0,0,0,0,0,0,0,0,1,0,0,0,0,0,0,0,0,0,0,0,0,0,0,0,0,0,0,1,0,0,0,0,0,1,2,2,0,1,1,1,1,1,0,0,0,1,2,2,3,4,3,2,6,6,9,9,16,14,10,18,24,27,28,35,45,55,67,67,91,94,101,120,149,168,223,232,300,374,495,505,649,676,721,765,753,762,726,768,725,663,706,639,692,624,591,551,543,467,510,506,422,431,447,420,397,441,414,392,396,336,371,382,326,312,349,353,490,313,295,307,323,353,329,304,295,314,325,284,286,258,281,276,253,257,216,278,268,305,282,223,222,210,201,225,175,203,282,287,350,145,141,113,116,124,87,76,43,26,16,9,6,5,8,3,4,5,3,5,7,8,12,5,9,10,11,3,5,5,7,6,5,6,4,9,9,7,6,5,2,7,8,7,9,4,5,5,11,8,7,11,5,5,3,1,1,1,0,0,0,0,0,0,0,0,0,0,0,0,0,0,0,0,0,0,0,0,0,0,0,0,0,0,0,0,0,0,0,0,0,0,0,0,0,0,0,0,0,0,0,0,0,0,0,0,0,0,0,0,0,0
85.95,0,0,0,0,0,0,0,0,0,0,0,0,0,0,0,0,0,0,0,0,0,0,0,0,0,0,0,0,0,0,0,0,0,0,0,0,0,0,0,0,1,0,0,0,0,0,0,0,1,0,0,0,0,0,2,0,0,0,0,0,0,0,0,0,0,0,0,1,0,0,0,0,0,1,2,2,0,1,1,1,1,2,0,0,0,1,2,2,3,4,3,2,6,6,9,9,16,15,10,18,24,27,28,35,45,55,67,67,91,94,101,120,149,168,223,232,300,374,495,505,649,676,721,765,753,762,726,768,725,663,706,639,692,624,591,551,543,467,510,506,422,431,447,420,397,441,414,392,396,336,371,382,326,312,349,353,490,313,295,307,323,353,329,304,295,314,325,284,286,258,281,276,253,257,216,278,268,305,282,223,222,210,201,225,175,203,282,287,350,145,141,113,116,124,87,76,43,26,16,9,6,5,8,3,4,5,3,5,7,8,12,5,9,10,11,3,5,5,7,6,5,6,4,9,9,7,6,5,2,7,8,7,9,4,5,5,11,8,7,11,5,5,3,1,1,1,0,0,0,0,0,0,0,0,0,0,0,0,0,0,0,0,0,0,0,0,0,0,0,0,0,0,0,0,0,0,0,0,0,0,0,0,0,0,0,0,0,0,0,0,0,0,0,0,0,0,0,0,0,0
86.05,0,0,0,0,0,0,0,0,0,0,0,0,0,0,0,0,0,0,1,0,0,0,0,0,0,0,0,0,0,0,0,0,0,0,0,0,0,0,0,0,0,0,0,0,0,0,1,1,0,0,0,0,0,0,0,1,0,0,0,0,0,0,0,0,0,0,0,2,0,0,0,0,0,1,2,1,0,0,1,2,0,2,0,0,0,1,2,2,4,3,3,2,6,6,9,9,16,15,10,18,24,28,28,34,45,55,67,67,91,94,101,120,149,168,223,233,299,374,495,505,649,676,721,765,754,761,726,768,725,663,706,639,692,624,591,551,543,467,510,506,422,431,447,420,397,441,414,392,396,336,371,382,326,312,349,353,490,313,295,307,323,353,329,304,295,314,325,284,286,258,281,276,253,257,216,278,268,305,282,223,222,210,201,225,175,203,282,288,349,145,141,113,116,124,87,76,43,26,16,9,6,5,8,3,4,5,3,5,7,8,12,5,9,10,11,3,5,5,7,6,5,6,4,9,9,7,6,5,2,7,8,7,9,4,5,5,11,8,7,11,5,5,3,1,1,1,0,0,0,0,0,0,0,0,0,0,0,0,0,0,0,0,0,0,0,0,0,0,0,0,0,0,0,0,0,0,0,0,0,0,0,0,0,0,0,0,0,0,0,0,0,0,0,0,0,0,0,0,0,0
86.15,0,0,0,0,0,0,0,0,0,0,0,0,0,0,0,0,0,0,0,0,0,0,0,0,0,0,0,0,0,0,0,0,0,0,0,0,0,0,0,0,0,0,0,1,0,0,1,0,0,0,0,0,0,0,0,0,0,0,0,0,0,0,0,0,0,0,0,1,0,0,0,0,1,1,0,1,1,0,1,1,0,2,0,0,0,2,2,2,3,3,3,2,6,6,9,9,16,16,10,18,24,27,28,34,45,55,67,67,91,94,101,120,149,169,223,232,299,374,495,505,649,676,722,764,754,761,726,768,725,663,706,639,692,624,591,551,543,467,510,506,422,431,447,420,397,441,414,392,396,336,371,382,326,312,349,353,490,313,295,307,323,353,329,304,295,314,325,284,286,258,281,276,253,257,216,278,268,305,282,223,222,210,201,225,175,204,282,287,349,145,141,113,116,124,87,76,43,26,16,9,6,5,8,3,4,5,3,5,7,8,12,5,9,10,11,3,5,5,7,6,5,6,4,9,9,7,6,5,2,7,8,7,9,4,5,5,11,8,7,11,5,5,3,1,1,1,0,0,0,0,0,0,0,0,0,0,0,0,0,0,0,0,0,0,0,0,0,0,0,0,0,0,0,0,0,0,0,0,0,0,0,0,0,0,0,0,0,0,0,0,0,0,0,0,0,0,0,0,0,0
86.25,0,0,0,0,0,0,0,0,0,0,0,0,0,0,0,0,0,0,0,0,0,0,0,0,0,0,0,0,0,0,0,0,0,0,0,0,0,1,0,0,0,0,0,0,0,0,1,0,0,0,0,0,0,0,0,0,0,0,0,0,0,0,0,0,0,0,0,1,0,0,1,0,0,2,0,1,0,0,1,1,0,2,1,0,0,1,2,2,3,3,3,3,6,6,9,9,16,15,10,18,24,27,28,34,45,56,67,67,91,95,101,120,149,168,223,232,299,374,495,505,649,676,722,764,754,761,726,768,725,663,706,639,692,624,591,551,543,467,510,506,422,431,447,420,397,441,414,392,396,336,371,382,326,312,349,353,490,313,295,307,323,354,329,304,295,315,325,284,286,258,281,276,253,257,216,278,268,305,282,223,222,210,201,226,175,203,282,287,349,145,141,113,116,124,87,76,43,26,16,9,6,5,8,3,4,5,3,5,7,8,12,5,9,10,11,3,5,5,7,6,5,6,4,9,9,7,6,5,1,7,8,7,9,4,5,5,11,8,7,11,5,5,3,1,1,1,0,0,0,0,0,0,0,0,0,0,0,0,0,0,0,0,0,0,0,0,0,0,0,0,0,0,0,0,0,0,0,0,0,0,0,0,0,0,0,0,0,0,0,0,0,0,0,0,0,0,0,0,0,0
86.35,0,0,0,0,0,0,0,0,0,0,0,0,0,0,0,0,0,0,0,0,0,0,0,0,0,0,0,0,0,1,0,0,0,0,0,0,0,0,0,0,0,0,0,0,0,0,1,0,0,0,0,0,0,0,0,0,0,0,0,0,0,0,0,0,0,0,0,1,1,2,0,0,0,1,0,1,0,0,1,2,0,3,0,0,0,1,2,2,3,3,3,2,6,6,9,9,16,15,10,18,24,27,28,34,45,57,67,67,91,94,101,120,149,168,223,232,299,374,495,505,649,677,721,764,754,761,726,768,725,663,706,639,692,624,591,551,543,467,510,506,422,431,447,420,397,441,414,392,396,336,371,382,326,312,349,353,491,313,295,307,323,354,329,304,295,315,325,284,286,258,281,276,253,257,216,278,268,305,282,223,223,210,201,225,175,203,282,287,349,145,141,113,116,124,87,76,43,26,16,9,6,5,8,3,4,5,3,5,7,8,12,5,9,10,11,3,5,5,7,6,5,6,4,9,9,7,6,5,1,7,8,7,9,4,5,5,11,8,7,11,5,5,3,1,1,1,0,0,0,0,0,0,0,0,0,0,0,0,0,0,0,0,0,0,0,0,0,0,0,0,0,0,0,0,0,0,0,0,0,0,0,0,0,0,0,0,0,0,0,0,0,0,0,0,0,0,0,0,0,0
86.45,0,0,0,1,0,0,0,0,0,0,0,0,0,0,1,0,0,0,1,0,0,0,0,0,0,0,0,0,0,0,0,0,0,0,0,0,0,0,0,0,0,0,0,0,0,0,2,0,0,0,0,0,0,0,0,0,0,0,0,0,0,0,0,1,0,1,0,1,0,0,0,0,0,1,1,1,0,0,1,1,0,2,0,0,0,1,2,2,3,3,3,2,6,6,9,9,16,15,10,19,24,27,28,34,45,56,67,66,91,94,101,120,149,168,223,232,299,374,495,505,649,677,721,764,754,761,725,768,725,663,706,639,692,624,591,551,543,467,510,506,422,431,447,420,397,441,414,392,396,336,371,382,326,312,349,353,491,313,295,307,323,354,329,304,295,315,325,284,286,258,282,276,253,257,216,278,268,306,282,223,222,210,201,225,175,203,282,287,349,145,141,113,116,124,87,76,43,26,16,9,6,5,8,3,4,5,3,5,7,8,12,5,9,10,11,3,5,5,7,6,5,6,4,9,9,7,6,5,1,7,8,7,9,4,5,5,11,8,7,11,5,5,3,1,1,1,0,0,0,0,0,0,0,0,0,0,0,0,0,0,0,0,0,0,0,0,0,0,0,0,0,0,0,0,0,0,0,0,0,0,0,0,0,0,0,0,0,0,0,0,0,0,0,0,0,0,0,0,0,0
86.55,0,0,0,0,0,0,0,0,0,0,0,0,0,0,0,0,0,0,0,0,0,0,0,0,0,0,0,0,0,2,1,0,0,0,0,0,0,0,0,0,0,0,0,0,0,0,0,0,0,0,0,0,0,1,0,0,0,0,0,0,0,1,0,0,0,0,2,1,1,0,0,0,0,1,0,1,0,0,1,1,0,2,0,0,0,1,2,2,3,4,3,2,6,6,9,9,16,15,10,18,24,27,28,34,45,56,67,66,91,94,101,120,149,168,223,232,299,374,495,505,649,677,721,764,754,761,725,768,725,663,706,639,692,624,591,551,543,467,510,506,422,431,447,420,397,441,414,392,396,336,371,382,326,312,349,353,491,313,295,307,323,354,329,304,295,315,325,284,286,258,282,276,253,258,216,278,268,305,282,223,222,210,201,225,175,203,281,287,349,145,141,113,116,124,86,76,43,26,16,9,6,5,8,3,4,5,3,5,7,8,12,5,9,10,11,3,5,5,7,6,5,6,4,9,9,7,6,5,1,7,8,7,9,4,5,5,11,8,7,11,5,5,3,1,1,1,0,0,0,0,0,0,0,0,0,0,0,0,0,0,0,0,0,0,0,0,0,0,0,0,0,0,0,0,0,0,0,0,0,0,0,0,0,0,0,0,0,0,0,0,0,0,0,0,0,0,0,0,0,0
86.65,0,0,0,0,0,0,0,0,0,0,0,0,0,0,0,0,0,0,0,0,0,0,0,0,0,0,1,0,0,0,0,0,0,0,0,0,1,0,0,0,0,0,0,0,0,0,1,0,0,0,0,0,0,0,0,1,0,0,0,0,0,0,0,0,0,0,0,1,0,0,0,0,0,1,0,1,0,0,1,1,0,2,0,0,0,1,2,2,3,3,4,2,6,6,9,9,16,16,10,18,24,27,28,34,45,56,68,65,91,94,101,120,149,168,222,232,299,374,495,505,649,675,721,764,754,761,725,768,725,663,706,638,692,624,591,551,542,467,510,506,422,431,447,420,397,441,414,392,396,336,371,382,326,312,349,353,491,313,295,307,323,354,330,304,295,315,324,285,286,258,282,276,253,257,216,278,268,305,282,223,222,210,201,225,175,203,281,287,349,145,141,113,116,124,85,76,43,26,16,9,6,5,8,3,4,5,3,5,7,8,12,5,9,10,11,3,5,5,7,6,5,6,4,9,9,7,6,5,1,7,8,7,9,4,5,5,11,8,7,11,5,5,3,1,1,1,0,0,0,0,0,0,0,0,0,0,0,0,0,0,0,0,0,0,0,0,0,0,0,0,0,0,0,0,0,0,0,0,0,0,0,0,0,0,0,0,0,0,0,0,0,0,0,0,0,0,0,0,0,0
86.75,0,0,0,0,0,0,0,0,0,0,0,0,0,0,0,0,0,0,0,0,0,0,0,0,0,0,0,0,0,0,0,0,0,0,0,0,0,0,0,0,0,1,0,0,0,0,0,1,0,0,0,0,0,0,2,0,0,0,0,0,0,0,0,0,0,0,0,1,0,0,0,0,0,1,0,1,0,0,1,1,0,2,0,0,0,1,2,2,3,3,3,2,6,6,9,9,16,16,10,18,24,27,28,34,45,56,68,65,91,94,101,120,149,168,222,232,299,374,495,505,649,675,721,764,754,761,725,768,725,663,706,638,692,624,591,551,542,467,510,506,422,431,447,420,397,441,414,392,396,336,371,382,326,312,349,353,491,313,295,307,323,354,330,304,295,315,325,284,286,258,282,276,253,257,216,278,268,305,282,223,222,210,201,225,175,203,281,287,349,145,141,113,116,124,85,76,43,26,16,9,6,5,8,3,4,5,3,5,7,8,12,5,9,10,11,3,5,5,7,6,5,6,4,9,9,7,6,5,1,7,8,7,9,4,5,5,11,8,7,11,5,5,3,1,1,1,0,0,0,0,0,0,0,0,0,0,0,0,0,0,0,0,0,0,0,0,0,0,0,0,0,0,0,0,0,0,0,0,0,0,0,0,0,0,0,0,0,0,0,0,0,0,0,0,0,0,0,0,0,0
86.85,0,0,0,0,0,0,0,0,0,0,0,0,0,0,0,0,0,0,0,0,0,0,0,0,1,0,0,0,0,0,0,0,0,0,0,0,0,0,0,0,0,0,0,0,1,0,0,0,0,0,0,0,0,0,0,0,0,0,0,0,0,0,0,0,1,0,0,1,0,0,0,0,0,1,0,1,0,0,1,1,0,2,0,0,0,1,2,2,3,3,3,2,6,6,9,9,15,16,10,18,24,27,28,34,45,56,68,65,91,94,101,120,149,168,222,232,299,374,495,505,649,675,721,764,754,761,725,768,725,663,706,638,692,624,591,551,542,467,510,506,422,431,447,420,397,441,414,392,396,336,371,382,326,312,349,353,491,313,295,307,323,354,330,304,295,315,325,284,286,258,282,276,253,257,216,278,268,305,282,223,222,210,201,225,175,203,281,287,349,145,141,113,116,124,85,76,43,26,16,9,6,5,8,3,4,5,3,5,7,8,12,5,9,10,11,3,5,5,7,6,5,6,4,9,9,7,6,5,1,7,8,7,9,4,5,5,11,8,7,11,5,5,3,1,1,1,0,0,0,0,0,0,0,0,0,0,0,0,0,0,0,0,0,0,0,0,0,0,0,0,0,0,0,0,0,0,0,0,0,0,0,0,0,0,0,0,0,0,0,0,0,0,0,0,0,0,0,0,0,0
86.95,0,0,0,0,0,0,0,0,0,0,0,0,0,0,0,0,0,0,0,0,0,0,0,0,0,0,0,0,0,0,0,0,0,0,0,0,0,0,0,0,0,0,0,0,0,0,0,1,0,0,0,0,0,0,0,0,0,0,0,0,0,0,0,0,0,0,0,1,0,0,0,0,0,1,0,1,0,0,1,1,0,2,0,0,0,1,2,2,3,3,3,2,6,6,9,9,15,16,10,18,24,27,28,34,45,56,68,65,91,94,101,120,149,168,222,232,299,374,495,505,649,675,721,764,754,761,725,768,725,663,706,638,692,624,591,551,542,467,510,506,422,431,447,420,397,441,414,392,396,336,371,382,326,312,349,353,491,313,295,307,323,354,330,304,295,315,325,284,286,258,282,276,253,257,216,278,268,305,282,223,222,210,201,225,175,203,281,287,349,145,141,113,116,124,85,76,43,26,16,9,6,5,8,3,4,5,3,5,7,8,12,5,9,10,11,3,5,5,7,6,5,6,4,9,9,7,6,5,1,7,8,7,9,4,5,5,11,8,7,11,5,5,3,1,1,1,0,0,0,0,0,0,0,0,0,0,0,0,0,0,0,0,0,0,0,0,0,0,0,0,0,0,0,0,0,0,0,0,0,0,0,0,0,0,0,0,0,0,0,0,0,0,0,0,0,0,0,0,0,0
87.05,0,0,0,0,0,0,0,0,0,0,0,0,0,0,0,0,0,0,0,1,0,0,0,0,0,0,0,0,0,0,0,0,0,0,0,0,0,0,0,0,0,0,0,0,0,0,0,0,0,0,0,0,0,0,0,0,0,0,0,0,0,0,0,0,0,0,0,1,0,1,0,0,0,1,0,1,0,0,1,1,0,2,0,0,1,1,2,1,3,3,3,3,6,5,9,9,15,17,10,18,23,27,28,34,45,56,68,65,91,94,101,120,149,168,222,232,299,374,495,505,649,675,721,764,754,761,725,768,725,663,706,638,692,624,591,551,542,467,510,506,422,431,447,420,397,441,414,392,396,336,371,382,326,312,349,353,491,313,295,307,323,354,330,304,295,315,325,284,286,258,282,276,253,257,216,278,268,305,282,223,222,210,201,225,175,203,281,287,349,145,141,113,116,124,85,76,43,26,16,9,6,5,8,3,4,5,3,5,7,8,12,5,9,10,11,3,5,5,7,6,5,6,4,9,9,7,6,5,1,7,8,7,9,4,5,5,11,8,7,11,5,5,3,1,1,1,0,0,0,0,0,0,0,0,0,0,0,0,0,0,0,0,0,0,0,0,0,0,0,0,0,0,0,0,0,0,0,0,0,0,0,0,0,0,0,0,0,0,0,0,0,0,0,0,0,0,0,0,0,0
87.15,0,0,0,0,0,0,0,0,0,0,0,0,0,0,0,0,0,0,0,0,0,0,0,0,0,0,0,0,0,0,0,0,0,0,0,0,0,0,0,0,0,0,0,0,0,0,0,0,0,0,0,0,0,0,0,0,0,0,0,0,0,0,0,0,0,0,0,1,0,0,0,0,0,1,0,1,0,0,0,2,1,2,0,0,0,1,3,1,4,3,3,2,6,5,9,9,15,16,10,18,23,27,28,34,45,56,68,65,91,94,101,120,149,168,222,232,299,374,495,505,649,675,721,764,754,761,725,768,725,664,705,638,692,624,591,551,542,467,510,506,422,431,447,420,397,441,414,392,396,336,371,382,326,312,349,353,491,313,295,307,323,354,330,304,295,315,325,284,286,258,282,276,253,257,216,278,268,305,282,224,221,210,201,225,175,203,281,287,349,145,141,113,116,124,85,76,43,26,16,9,6,5,8,3,4,5,3,5,7,8,12,5,9,10,11,3,5,5,7,6,5,6,4,9,9,7,6,5,1,7,8,7,9,4,5,5,11,8,7,11,5,5,3,1,1,1,0,0,0,0,0,0,0,0,0,0,0,0,0,0,0,0,0,0,0,0,0,0,0,0,0,0,0,0,0,0,0,0,0,0,0,0,0,0,0,0,0,0,0,0,0,0,0,0,0,0,0,0,0,0
87.25,0,0,0,0,0,0,0,0,0,0,0,0,0,0,0,0,0,0,0,0,0,0,0,0,0,0,0,0,0,0,0,0,0,0,0,0,1,0,0,0,0,0,0,0,0,0,0,0,0,0,0,0,0,0,0,0,0,0,0,0,0,0,0,0,1,0,0,1,0,0,1,0,0,1,0,1,0,0,0,1,2,2,0,0,0,1,2,1,3,3,3,2,6,5,9,9,15,16,10,18,23,27,28,34,45,56,68,65,91,94,101,120,149,168,222,232,299,374,495,505,649,675,721,764,754,761,725,768,726,663,705,638,692,624,591,551,542,467,510,506,422,431,447,420,397,441,414,392,396,336,371,382,326,312,349,353,491,313,295,307,323,354,330,304,295,315,325,284,286,258,282,276,253,257,216,278,268,306,282,223,221,210,201,225,175,203,281,287,349,145,141,113,116,124,85,76,43,26,16,9,6,5,8,3,4,5,3,5,7,8,12,5,9,10,11,3,5,5,7,6,5,6,4,9,9,7,6,5,1,7,8,7,9,4,5,5,11,8,7,11,5,5,3,1,1,1,0,0,0,0,0,0,0,0,0,0,0,0,0,0,0,0,0,0,0,0,0,0,0,0,0,0,0,0,0,0,0,0,0,0,0,0,0,0,0,0,0,0,0,0,0,0,0,0,0,0,0,0,0,0
87.35,0,0,0,0,0,0,0,0,0,0,0,0,0,0,0,0,0,0,0,0,0,0,0,0,0,0,0,0,0,0,0,0,0,0,0,0,0,0,0,0,0,0,0,0,1,1,0,0,0,0,0,0,0,0,1,0,0,0,0,0,0,0,0,0,0,0,0,2,0,0,0,0,0,1,0,1,0,0,0,1,1,2,0,1,0,1,2,1,3,3,3,2,6,5,9,9,15,16,10,18,23,27,28,34,45,56,68,65,91,94,101,120,149,168,222,232,299,374,495,505,649,675,721,764,754,761,725,767,725,663,705,638,692,624,591,551,542,467,510,506,422,431,447,420,397,441,414,392,396,336,371,382,326,312,349,353,491,313,295,307,323,354,330,304,295,315,325,284,286,258,282,276,253,257,216,278,269,305,282,223,221,210,201,225,175,203,281,287,349,145,141,113,116,124,85,76,43,26,16,9,6,5,8,3,4,5,3,5,7,8,12,5,9,10,11,3,5,5,7,6,5,6,4,9,9,7,6,5,1,7,8,7,9,4,5,5,11,8,7,11,5,5,3,1,1,1,0,0,0,0,0,0,0,0,0,0,0,0,0,0,0,0,0,0,0,0,0,0,0,0,0,0,0,0,0,0,0,0,0,0,0,0,0,0,0,0,0,0,0,0,0,0,0,0,0,0,0,0,0,0
87.45,0,0,0,0,0,0,0,0,0,0,0,0,0,0,0,0,0,0,0,0,0,0,0,0,0,0,0,0,0,0,0,0,0,0,0,0,0,0,0,0,0,0,0,1,0,0,0,0,1,0,0,1,0,0,0,0,0,0,0,0,0,0,0,0,0,0,0,1,0,0,0,0,0,1,0,1,0,0,0,1,1,3,0,1,0,1,2,1,3,4,3,2,6,5,9,9,15,16,10,18,23,27,28,34,45,56,68,65,91,94,101,120,149,168,222,232,299,374,495,505,649,675,721,764,754,761,725,767,725,663,705,638,692,624,591,551,542,467,510,506,422,431,447,420,397,441,414,392,396,336,371,382,326,312,349,353,491,313,295,307,323,354,330,304,295,315,325,284,286,258,282,276,253,257,217,278,268,305,282,223,221,210,201,225,175,203,281,287,349,145,141,113,116,124,85,76,43,26,16,9,6,5,8,3,4,5,3,5,7,8,12,5,9,10,11,3,5,5,7,6,5,6,4,9,9,7,6,5,1,7,8,7,9,4,5,5,11,8,7,11,5,5,3,1,1,1,0,0,0,0,0,0,0,0,0,0,0,0,0,0,0,0,0,0,0,0,0,0,0,0,0,0,0,0,0,0,0,0,0,0,0,0,0,0,0,0,0,0,0,0,0,0,0,0,0,0,0,0,0,0
87.55,0,0,0,0,0,0,0,0,0,0,0,0,0,0,0,0,0,0,0,0,0,0,0,0,0,0,0,1,0,0,0,0,0,0,0,0,0,1,0,0,0,0,0,0,0,0,0,0,0,0,0,0,0,0,0,0,0,1,0,0,0,0,0,0,0,0,0,1,0,0,0,0,1,1,0,1,0,0,0,1,1,3,0,1,0,1,2,1,3,4,3,2,6,5,9,9,15,16,10,18,23,27,28,34,45,56,68,65,91,94,101,120,149,168,222,232,299,374,495,505,649,675,721,764,754,761,725,767,725,663,705,638,692,624,591,551,542,467,510,506,422,431,447,420,397,441,414,392,396,336,371,382,326,312,349,353,491,313,295,307,323,354,330,304,295,315,325,284,286,258,282,276,253,258,216,278,268,305,282,223,221,210,201,225,175,203,281,287,349,145,141,113,116,124,85,76,43,26,16,9,6,5,8,3,4,5,3,5,7,8,12,5,9,10,11,3,5,5,7,6,5,6,4,9,9,7,6,5,1,7,8,7,9,4,5,5,11,8,7,11,5,5,3,1,1,1,0,0,0,0,0,0,0,0,0,0,0,0,0,0,0,0,0,0,0,0,0,0,0,0,0,0,0,0,0,0,0,0,0,0,0,0,0,0,0,0,0,0,0,0,0,0,0,0,0,0,0,0,0,0
87.65,0,0,0,0,0,0,0,0,0,0,0,0,0,0,0,0,0,0,0,0,0,0,0,0,0,0,0,0,0,0,0,0,0,0,0,0,0,0,0,0,0,0,0,1,0,0,0,0,0,0,0,0,0,1,0,0,0,0,0,1,0,0,0,0,1,0,0,1,0,0,0,0,1,1,0,1,0,0,0,1,1,3,0,1,0,1,2,1,3,4,3,2,6,5,9,9,15,16,10,18,23,27,28,34,45,56,68,65,91,94,101,120,149,168,222,232,299,374,495,505,649,675,721,764,754,761,725,767,725,663,705,638,692,624,591,551,542,467,510,506,422,431,447,420,397,441,414,392,396,336,371,382,326,312,349,353,491,313,295,307,323,354,330,304,295,315,325,284,286,258,282,277,253,257,216,278,268,305,282,223,221,210,201,225,175,203,281,287,349,145,141,113,116,124,85,75,43,26,16,9,6,5,8,3,4,5,3,5,7,8,12,5,9,10,11,3,5,5,7,6,5,6,4,9,9,7,6,5,1,7,8,7,9,4,5,5,11,8,7,11,5,5,3,1,1,1,0,0,0,0,0,0,0,0,0,0,0,0,0,0,0,0,0,0,0,0,0,0,0,0,0,0,0,0,0,0,0,0,0,0,0,0,0,0,0,0,0,0,0,0,0,0,0,0,0,0,0,0,0,0
87.75,0,0,0,0,0,0,0,0,0,0,0,0,0,0,0,0,0,0,0,0,0,0,0,0,0,0,0,0,0,0,0,0,0,0,0,0,0,0,1,0,0,0,1,0,0,0,0,0,0,0,0,1,0,0,0,1,0,0,0,0,0,0,0,0,0,0,0,1,0,0,0,0,1,1,0,1,0,0,0,1,1,3,0,1,0,1,2,1,3,4,3,2,6,5,9,9,15,16,10,18,23,27,28,34,45,56,68,65,91,94,101,120,149,168,222,232,299,374,495,505,649,675,721,764,754,761,725,767,725,663,705,638,692,624,591,551,542,467,510,506,422,431,447,420,397,441,414,392,396,336,371,382,326,312,349,353,491,313,295,307,323,354,330,304,295,315,325,284,286,259,282,276,253,257,216,278,268,305,282,223,221,210,201,225,175,203,281,287,349,145,141,113,116,124,85,75,43,26,16,9,6,5,8,3,4,5,3,5,7,8,12,5,9,10,11,3,5,5,7,6,5,6,4,9,9,7,6,5,1,7,8,7,9,4,5,5,11,8,7,11,5,5,3,1,1,1,0,0,0,0,0,0,0,0,0,0,0,0,0,0,0,0,0,0,0,0,0,0,0,0,0,0,0,0,0,0,0,0,0,0,0,0,0,0,0,0,0,0,0,0,0,0,0,0,0,0,0,0,0,0
87.85,0,0,0,0,0,0,0,0,0,0,0,0,0,0,0,0,0,0,0,0,0,0,0,0,0,0,0,0,0,0,0,0,0,0,0,0,0,0,0,0,0,0,0,0,0,0,0,1,0,0,0,1,0,0,0,1,0,0,0,0,0,1,0,0,0,0,0,1,0,0,0,0,1,1,0,1,0,0,0,1,1,3,0,1,0,1,2,1,3,4,3,2,6,5,9,9,15,16,10,18,23,27,28,34,45,56,68,65,91,94,101,120,149,168,222,232,299,374,495,505,649,675,721,764,754,761,725,767,725,663,705,638,692,624,591,551,542,467,510,506,422,431,447,420,397,441,414,392,396,336,371,382,326,312,349,353,491,313,295,307,323,354,330,304,295,315,325,284,286,259,282,276,253,257,216,278,268,305,282,223,221,210,201,225,175,203,281,287,349,145,141,113,116,124,85,75,43,26,16,9,6,5,8,3,4,5,3,5,7,8,12,5,9,10,11,3,5,5,7,6,5,6,4,9,9,7,6,5,1,7,8,7,9,4,5,5,11,8,7,11,5,5,3,1,1,1,0,0,0,0,0,0,0,0,0,0,0,0,0,0,0,0,0,0,0,0,0,0,0,0,0,0,0,0,0,0,0,0,0,0,0,0,0,0,0,0,0,0,0,0,0,0,0,0,0,0,0,0,0,0
87.95,0,0,0,0,0,0,0,0,0,0,0,0,0,0,0,0,0,0,0,0,0,0,0,0,0,0,0,0,0,1,0,0,0,0,0,0,0,0,0,0,0,0,0,0,0,0,0,0,0,0,0,1,0,0,0,0,0,0,0,0,0,0,0,0,0,0,1,1,0,0,0,0,1,1,0,1,0,0,0,1,1,3,0,1,0,1,2,1,3,4,3,2,6,6,9,9,15,16,10,18,23,27,28,34,45,56,68,65,91,94,101,120,149,168,222,232,299,374,495,505,649,675,721,764,754,761,725,767,725,663,705,638,692,624,591,551,542,467,510,506,422,431,447,420,397,441,414,392,396,336,371,382,326,312,349,353,491,313,295,307,323,354,330,304,295,315,325,284,286,259,282,276,253,257,216,278,268,305,282,223,221,210,201,225,175,203,281,287,349,145,141,113,116,124,85,75,43,26,16,9,6,5,8,3,4,5,3,5,7,8,12,5,9,10,11,3,5,5,7,6,5,6,4,9,9,7,6,5,1,7,8,7,9,4,5,5,11,8,7,11,5,5,3,1,1,1,0,0,0,0,0,0,0,0,0,0,0,0,0,0,0,0,0,0,0,0,0,0,0,0,0,0,0,0,0,0,0,0,0,0,0,0,0,0,0,0,0,0,0,0,0,0,0,0,0,0,0,0,0,0
88.05,0,0,0,0,0,0,0,0,0,0,0,0,0,0,0,0,0,0,0,0,0,0,0,0,0,1,0,0,0,0,0,0,0,0,0,0,0,0,0,0,0,0,0,0,0,0,0,0,0,0,0,1,0,0,0,0,0,0,0,0,0,0,0,0,0,0,0,1,1,0,0,0,1,1,0,1,0,0,1,1,0,3,0,1,0,1,2,2,2,4,3,2,6,6,9,9,15,16,10,18,23,27,28,34,45,56,68,65,91,94,101,120,149,168,222,232,299,374,495,505,650,674,721,764,754,761,725,767,725,663,705,638,692,624,591,551,542,467,510,506,422,431,447,420,397,441,414,392,396,336,371,382,326,312,349,353,491,313,295,307,323,354,330,304,295,315,325,284,286,259,282,276,253,257,216,278,268,305,282,223,221,210,201,225,175,203,281,287,349,145,141,113,116,124,85,75,43,26,16,9,6,5,8,3,4,5,3,5,7,8,12,5,9,10,11,3,5,5,7,6,5,6,4,9,9,7,6,5,1,7,8,7,9,4,5,5,11,8,7,11,5,5,3,1,1,1,0,0,0,0,0,0,0,0,0,0,0,0,0,0,0,0,0,0,0,0,0,0,0,0,0,0,0,0,0,0,0,0,0,0,0,0,0,0,0,0,0,0,0,0,0,0,0,0,0,0,0,0,0,0
88.15,0,0,0,0,0,0,0,0,0,0,0,0,0,0,0,0,0,0,0,0,0,0,0,0,0,0,0,0,0,0,0,0,0,0,0,0,0,0,0,0,0,0,0,0,0,0,0,0,0,0,1,1,0,0,0,0,0,0,0,0,0,0,0,0,0,0,0,1,1,0,0,0,1,2,0,1,0,0,0,1,0,3,0,1,0,2,2,1,2,4,3,2,6,6,9,9,15,16,10,18,23,27,28,34,45,56,68,65,91,94,101,120,149,168,222,232,299,374,496,505,649,674,721,764,754,761,725,767,725,663,705,638,692,624,591,551,542,467,510,506,422,431,447,420,397,441,414,392,396,336,371,382,326,312,349,353,491,313,295,307,323,354,330,304,295,315,325,284,286,259,282,276,253,257,216,278,268,305,282,223,221,210,201,225,175,203,281,287,349,145,141,113,116,124,85,75,43,26,16,9,6,5,8,3,4,5,3,5,7,8,12,5,9,10,11,3,5,5,7,6,5,6,4,9,9,7,6,5,1,7,8,7,9,4,5,5,11,8,7,11,5,5,3,1,1,1,0,0,0,0,0,0,0,0,0,0,0,0,0,0,0,0,0,0,0,0,0,0,0,0,0,0,0,0,0,0,0,0,0,0,0,0,0,0,0,0,0,0,0,0,0,0,0,0,0,0,0,0,0,0
88.25,0,0,0,0,0,0,0,0,0,0,0,0,0,0,0,0,0,0,0,0,0,0,0,0,0,0,0,0,0,0,0,0,0,0,0,0,0,0,0,0,0,0,0,0,0,0,0,0,0,0,0,1,0,0,0,0,0,0,0,1,0,1,0,0,0,1,0,1,0,0,0,0,1,1,0,1,0,0,0,1,0,3,0,2,0,1,2,1,2,4,3,2,6,6,9,9,15,16,10,18,23,27,28,34,45,56,68,65,91,94,101,120,149,168,222,232,300,374,495,505,649,674,721,764,754,761,725,767,725,663,705,638,692,624,591,551,542,467,510,506,422,431,447,420,397,441,414,392,396,336,371,382,326,312,349,353,491,313,295,307,323,354,330,304,295,315,325,284,286,259,282,276,253,257,216,278,268,305,282,223,221,210,201,225,175,203,281,287,349,145,141,113,116,124,85,75,43,26,16,9,6,5,8,3,4,5,3,5,7,8,12,5,9,10,11,3,5,5,7,6,5,6,4,9,9,7,6,5,1,7,8,7,9,4,5,5,11,8,7,11,5,5,3,1,1,1,0,0,0,0,0,0,0,0,0,0,0,0,0,0,0,0,0,0,0,0,0,0,0,0,0,0,0,0,0,0,0,0,0,0,0,0,0,0,0,0,0,0,0,0,0,0,0,0,0,0,0,0,0,0
88.35,0,0,0,0,0,0,0,0,0,0,0,0,0,0,0,0,0,0,0,0,0,0,0,0,0,0,0,0,0,0,0,0,0,0,0,0,0,0,0,0,0,0,0,0,0,1,0,0,0,0,0,1,0,0,0,1,0,0,0,0,0,0,0,0,1,0,0,1,0,0,0,0,1,1,0,1,0,0,0,1,0,4,0,1,0,1,2,1,2,4,3,2,6,6,9,9,15,16,10,18,23,27,28,34,45,56,68,65,91,94,101,120,149,169,222,232,299,374,495,505,649,674,721,764,754,761,725,767,725,663,705,638,692,624,591,551,542,467,510,506,422,431,447,420,397,441,414,392,396,336,371,382,326,312,349,353,491,313,295,307,323,354,330,304,295,315,325,284,286,259,282,276,253,257,216,278,268,305,282,223,221,210,201,225,175,203,281,287,349,145,141,113,116,124,85,75,43,26,16,9,6,5,8,3,4,5,3,5,7,8,12,5,9,10,11,3,5,5,7,6,5,6,4,9,9,7,6,5,1,7,8,7,9,4,5,5,11,8,7,11,5,5,3,1,1,1,0,0,0,0,0,0,0,0,0,0,0,0,0,0,0,0,0,0,0,0,0,0,0,0,0,0,0,0,0,0,0,0,0,0,0,0,0,0,0,0,0,0,0,0,0,0,0,0,0,0,0,0,0,0
88.45,0,0,0,0,0,0,0,0,0,0,0,0,0,0,0,0,0,0,0,0,0,0,0,0,0,0,0,0,0,0,0,0,0,0,0,0,0,0,0,0,0,0,0,0,0,0,0,1,0,0,0,1,0,0,0,0,0,0,0,0,0,0,0,0,0,0,0,1,0,0,0,0,1,1,0,1,0,1,0,1,0,3,0,1,0,1,2,1,2,4,3,2,6,6,9,9,15,16,10,18,23,27,28,34,45,56,68,65,91,94,102,120,150,168,222,232,299,374,495,505,649,674,721,764,754,761,725,767,725,663,705,638,692,624,591,551,542,467,510,506,422,431,447,420,397,441,414,392,396,336,371,382,326,312,349,353,491,313,295,307,323,354,330,304,295,315,325,284,286,260,282,276,253,257,216,278,268,305,283,223,221,210,201,225,175,203,281,287,349,145,141,113,116,124,85,75,43,26,16,9,6,5,8,3,4,5,3,5,7,8,12,5,9,10,11,3,5,5,7,6,5,6,4,9,9,7,6,5,1,7,8,7,9,4,5,5,11,8,7,11,5,5,3,1,1,1,0,0,0,0,0,0,0,0,0,0,0,0,0,0,0,0,0,0,0,0,0,0,0,0,0,0,0,0,0,0,0,0,0,0,0,0,0,0,0,0,0,0,0,0,0,0,0,0,0,0,0,0,0,0
88.55,0,0,0,0,0,0,0,0,0,0,0,0,0,0,0,0,0,0,0,0,0,0,0,0,1,0,0,0,0,0,0,0,0,0,0,0,0,0,0,0,0,0,0,0,0,0,0,0,0,0,0,1,0,0,1,0,0,0,0,0,0,0,0,0,0,0,0,1,0,0,0,0,1,2,0,1,0,0,0,1,0,3,0,1,0,1,2,1,2,4,3,2,6,6,9,9,15,16,10,18,23,27,28,34,45,56,69,65,91,94,101,120,150,168,222,232,299,374,495,505,649,674,721,764,754,761,725,767,725,663,705,638,692,624,591,551,542,467,510,506,422,431,447,420,397,441,414,392,396,336,371,382,326,312,349,353,491,313,295,307,323,354,330,304,295,315,325,284,286,260,282,276,253,257,216,278,268,305,283,223,221,210,201,225,175,203,281,287,349,145,141,113,116,124,85,75,43,26,16,9,6,5,8,3,4,5,3,5,7,8,12,5,9,10,11,3,5,5,7,6,5,6,4,9,9,7,6,5,1,7,8,7,9,4,5,5,11,8,7,11,5,5,3,1,1,1,0,0,0,0,0,0,0,0,0,0,0,0,0,0,0,0,0,0,0,0,0,0,0,0,0,0,0,0,0,0,0,0,0,0,0,0,0,0,0,0,0,0,0,0,0,0,0,0,0,0,0,0,0,0
88.65,0,0,0,0,0,0,0,0,0,0,0,0,0,0,0,0,0,0,0,0,0,0,0,0,0,0,0,0,0,0,0,0,0,0,0,0,0,0,0,0,0,1,0,0,0,0,0,0,0,0,0,1,1,0,0,0,0,0,0,0,0,0,0,0,0,0,0,1,1,0,0,0,1,1,0,1,0,0,0,1,0,3,0,1,1,1,2,1,2,4,3,2,6,6,9,9,15,16,10,18,24,27,28,34,45,56,68,65,91,94,101,120,150,168,222,232,299,374,495,505,649,674,721,764,754,761,725,767,725,663,705,638,692,624,591,551,542,467,510,506,422,431,447,420,397,441,414,392,396,336,371,382,326,312,349,353,491,313,295,307,323,354,330,304,295,315,325,284,286,260,282,276,253,257,216,278,268,305,283,223,221,210,201,225,175,203,281,287,349,145,141,113,116,124,85,75,43,26,16,9,6,5,8,3,4,5,3,5,7,8,12,5,9,10,11,3,5,5,7,6,5,6,4,9,9,7,6,5,1,7,8,7,9,4,5,5,11,8,7,11,5,5,3,1,1,1,0,0,0,0,0,0,0,0,0,0,0,0,0,0,0,0,0,0,0,0,0,0,0,0,0,0,0,0,0,0,0,0,0,0,0,0,0,0,0,0,0,0,0,0,0,0,0,0,0,0,0,0,0,0
88.75,0,0,0,0,0,0,0,0,0,0,0,0,0,0,0,0,0,0,0,0,0,0,0,0,0,0,0,0,0,0,0,0,0,0,0,0,0,0,0,0,0,0,0,0,0,0,0,1,0,0,0,1,1,0,0,0,0,0,1,1,0,0,0,0,0,0,0,1,1,0,0,0,1,1,0,1,0,0,0,1,0,3,0,1,0,1,2,1,3,4,3,2,6,6,9,9,15,16,10,18,23,27,28,34,45,56,68,65,91,94,101,120,150,168,223,232,299,374,495,505,649,674,721,764,754,761,725,767,725,663,705,638,692,624,591,551,542,467,510,506,422,431,447,420,397,441,414,392,396,336,371,382,326,312,349,353,491,313,295,307,323,354,330,304,295,315,325,284,286,260,282,276,253,257,216,278,268,305,283,223,221,210,201,225,175,203,281,287,349,145,141,113,116,124,85,75,43,26,16,9,6,5,8,3,4,5,3,5,7,8,12,5,9,10,11,3,5,5,7,6,5,6,4,9,9,7,6,5,1,7,8,7,9,4,5,5,11,8,7,11,5,5,3,1,1,1,0,0,0,0,0,0,0,0,0,0,0,0,0,0,0,0,0,0,0,0,0,0,0,0,0,0,0,0,0,0,0,0,0,0,0,0,0,0,0,0,0,0,0,0,0,0,0,0,0,0,0,0,0,0
88.85,0,0,0,0,0,0,0,0,0,0,0,0,0,0,0,0,0,0,0,0,0,0,0,0,0,0,1,0,0,0,0,0,0,0,0,0,0,0,0,0,0,0,0,0,0,0,0,0,0,0,0,1,1,0,0,0,0,0,0,0,0,0,0,0,0,1,0,1,0,0,0,0,1,1,0,1,0,0,0,1,0,3,0,1,0,1,2,1,2,4,3,2,6,7,9,9,15,16,10,18,23,27,28,34,45,56,68,65,91,94,101,120,150,168,223,232,299,374,495,505,649,674,721,764,754,761,725,767,725,663,705,638,692,624,591,551,542,467,510,506,422,431,447,420,397,441,414,392,396,336,371,382,326,312,349,353,491,313,295,307,323,354,330,304,295,315,325,284,286,260,282,276,253,257,216,278,268,305,283,223,221,210,201,225,175,203,281,287,349,145,141,113,116,124,85,75,43,26,16,9,6,5,8,3,4,5,3,5,7,8,12,5,9,10,11,3,5,5,7,6,5,6,4,9,9,7,6,5,1,7,8,7,9,4,5,5,11,8,7,11,5,5,3,1,1,1,0,0,0,0,0,0,0,0,0,0,0,0,0,0,0,0,0,0,0,0,0,0,0,0,0,0,0,0,0,0,0,0,0,0,0,0,0,0,0,0,0,0,0,0,0,0,0,0,0,0,0,0,0,0
88.95,0,0,0,0,0,0,0,0,0,0,0,0,0,0,0,0,0,0,0,0,0,0,0,0,0,0,0,0,0,0,0,0,0,0,0,0,0,0,0,0,0,0,0,0,0,0,0,0,0,0,1,1,1,0,0,0,0,0,0,0,0,0,0,0,0,0,0,1,0,0,1,0,1,1,0,1,0,0,0,1,0,3,0,1,0,1,2,1,2,4,3,2,6,7,9,9,15,16,10,18,23,27,28,34,45,56,68,65,91,94,101,120,150,168,223,232,299,374,495,505,649,674,721,764,754,761,725,767,725,663,705,638,692,624,591,551,542,467,510,506,422,431,447,420,397,441,414,392,396,336,371,382,326,312,349,353,491,313,295,307,323,354,330,304,295,315,325,284,286,260,282,276,253,257,216,278,268,305,283,223,221,210,201,225,175,203,281,287,349,145,141,113,116,124,85,75,43,26,16,9,6,5,8,3,4,5,3,5,7,8,12,5,9,10,11,3,5,5,7,6,5,6,4,9,9,7,6,5,1,7,8,7,9,4,5,5,11,8,7,11,5,5,3,1,1,1,0,0,0,0,0,0,0,0,0,0,0,0,0,0,0,0,0,0,0,0,0,0,0,0,0,0,0,0,0,0,0,0,0,0,0,0,0,0,0,0,0,0,0,0,0,0,0,0,0,0,0,0,0,0
89.05,0,0,0,0,0,0,0,0,0,0,0,0,0,0,0,0,0,0,0,0,0,0,0,0,0,0,0,0,0,0,0,0,0,0,0,0,0,0,0,0,0,0,0,0,0,0,0,0,0,1,2,0,0,0,0,0,0,0,0,0,0,0,0,0,0,0,0,1,0,0,0,0,2,1,0,1,0,0,0,1,0,3,0,1,0,1,2,1,2,4,3,2,6,7,9,9,15,16,10,18,22,27,28,35,45,55,68,65,92,94,101,120,149,168,223,232,299,374,495,505,649,674,721,764,754,761,725,767,725,663,705,638,692,625,591,551,541,467,510,506,422,431,447,420,397,441,414,392,396,336,371,382,326,312,349,353,491,313,295,307,323,354,330,304,295,315,325,284,286,260,282,276,253,257,216,278,268,305,283,223,221,210,201,225,175,203,281,287,349,145,141,113,116,124,85,75,43,26,16,9,6,5,8,3,4,5,3,5,7,8,12,5,9,10,11,3,5,5,7,6,5,6,4,9,9,7,6,5,1,7,8,7,9,4,5,5,11,8,7,11,5,5,3,1,1,1,0,0,0,0,0,0,0,0,0,0,0,0,0,0,0,0,0,0,0,0,0,0,0,0,0,0,0,0,0,0,0,0,0,0,0,0,0,0,0,0,0,0,0,0,0,0,0,0,0,0,0,0,0,0
89.15,0,0,0,0,0,0,0,0,0,0,0,1,0,0,0,0,0,0,0,0,0,0,0,0,0,0,0,0,0,0,0,0,0,0,1,0,0,0,0,0,1,0,0,0,0,0,0,1,0,0,1,0,0,0,0,0,0,0,0,0,0,0,0,0,0,0,0,1,0,0,0,0,2,1,0,1,0,0,0,1,0,3,0,1,0,1,2,1,2,4,3,2,6,8,9,9,15,16,11,18,22,27,28,34,45,55,68,65,91,95,101,120,149,168,223,232,299,374,495,505,649,674,721,764,754,761,725,767,725,663,705,637,692,624,591,551,541,467,510,506,422,431,447,420,397,441,414,392,396,336,371,382,326,312,349,353,491,313,295,307,323,354,330,304,295,315,325,284,286,260,282,276,253,257,216,278,268,305,283,223,221,210,201,225,175,203,281,287,349,145,141,113,116,124,85,75,43,26,16,9,6,5,8,3,4,5,3,5,7,8,12,5,9,10,11,3,5,5,7,6,5,6,4,9,9,7,6,5,1,7,8,7,9,4,5,5,11,8,7,11,5,5,3,1,1,1,0,0,0,0,0,0,0,0,0,0,0,0,0,0,0,0,0,0,0,0,0,0,0,0,0,0,0,0,0,0,0,0,0,0,0,0,0,0,0,0,0,0,0,0,0,0,0,0,0,0,0,0,0,0
89.25,0,0,0,0,0,0,0,0,0,1,0,0,0,0,0,0,0,0,0,0,0,0,0,0,0,0,0,0,0,0,0,0,0,0,0,0,0,0,0,0,0,0,0,1,1,0,1,0,0,0,1,0,0,0,0,0,0,0,0,0,0,0,0,0,0,1,0,1,0,0,0,0,2,1,0,1,0,0,0,1,0,3,0,1,0,1,2,1,2,4,3,3,6,7,9,9,15,16,10,18,22,27,28,34,45,55,68,65,91,95,101,120,149,168,223,232,299,374,495,505,649,674,721,764,754,761,725,767,725,663,705,637,692,624,591,551,541,467,510,506,422,431,447,420,397,441,414,391,396,336,371,382,326,312,349,353,491,313,295,307,323,354,330,304,295,315,325,284,286,260,282,276,253,257,216,278,268,305,283,223,221,210,201,225,175,203,281,287,349,145,141,113,116,124,85,75,43,26,16,9,6,5,8,3,4,5,3,5,7,8,12,5,9,10,11,3,5,5,7,6,5,6,4,9,9,7,6,5,1,7,8,7,9,4,5,5,11,8,7,11,5,5,3,1,1,1,0,0,0,0,0,0,0,0,0,0,0,0,0,0,0,0,0,0,0,0,0,0,0,0,0,0,0,0,0,0,0,0,0,0,0,0,0,0,0,0,0,0,0,0,0,0,0,0,0,0,0,0,0,0
89.35,0,0,0,0,0,0,0,0,0,0,0,0,0,0,0,0,0,0,0,0,0,0,0,0,0,0,0,0,0,0,0,0,0,0,0,0,0,0,0,0,1,0,0,0,0,0,0,0,0,0,1,0,1,1,0,1,0,0,0,0,0,0,0,0,0,0,0,1,0,0,0,0,2,1,0,1,1,0,0,1,0,3,0,1,0,1,2,1,2,4,3,2,6,7,9,9,15,16,10,18,22,27,28,34,45,55,68,65,91,95,101,120,149,168,223,232,299,374,495,505,649,674,721,764,754,761,725,767,725,663,705,637,692,624,591,551,541,467,510,506,422,431,447,420,397,441,414,391,396,336,371,382,326,312,349,353,491,313,295,307,323,354,330,304,295,315,325,284,286,260,282,276,253,257,216,278,268,305,283,223,221,210,201,225,175,203,281,287,349,145,141,113,116,124,85,75,43,26,16,9,6,5,8,3,4,5,3,5,7,8,12,5,9,10,11,3,5,5,7,6,5,6,4,9,9,7,6,5,1,7,8,7,9,4,5,5,11,8,7,11,5,5,3,1,1,1,0,0,0,0,0,0,0,0,0,0,0,0,0,0,0,0,0,0,0,0,0,0,0,0,0,0,0,0,0,0,0,0,0,0,0,0,0,0,0,0,0,0,0,0,0,0,0,0,0,0,0,0,0,0
89.45,0,0,0,0,0,0,0,0,0,0,0,0,0,0,0,0,0,0,0,0,0,0,0,0,0,0,0,0,0,0,0,0,0,0,0,1,0,0,0,0,0,0,1,0,0,0,0,0,0,0,1,0,0,0,0,0,0,0,2,0,0,0,0,0,0,0,0,1,0,0,0,0,2,1,0,1,0,0,0,1,0,3,0,1,0,1,2,1,2,4,3,2,6,7,9,9,15,16,10,18,22,27,28,34,45,55,68,65,91,96,101,120,149,168,223,232,299,374,495,505,649,674,721,764,754,761,725,767,725,663,705,637,692,624,591,551,541,467,510,506,422,431,447,420,397,441,414,391,396,336,371,382,326,312,349,353,491,313,295,307,323,354,330,304,295,315,325,284,286,260,282,276,253,257,216,278,268,305,283,223,221,210,201,225,175,203,281,287,349,145,141,113,116,124,85,75,43,26,16,9,6,5,8,3,4,5,3,5,7,8,12,5,9,10,11,3,5,5,7,6,5,6,4,9,9,7,6,5,1,7,8,7,9,4,5,5,11,8,7,11,5,5,3,1,1,1,0,0,0,0,0,0,0,0,0,0,0,0,0,0,0,0,0,0,0,0,0,0,0,0,0,0,0,0,0,0,0,0,0,0,0,0,0,0,0,0,0,0,0,0,0,0,0,0,0,0,0,0,0,0
89.55,0,0,0,0,0,0,0,0,0,0,0,0,0,0,0,0,0,0,0,0,0,0,0,0,0,0,0,1,0,0,0,0,0,0,0,0,0,0,0,0,0,0,0,0,0,0,0,0,0,0,1,0,0,0,0,0,0,0,0,0,0,1,1,0,0,0,0,1,0,0,0,0,2,1,0,1,0,0,0,1,0,3,0,1,0,1,2,1,2,4,3,2,6,7,9,9,15,16,10,18,22,27,28,34,45,55,68,65,91,96,101,120,149,168,223,232,299,374,495,505,649,674,721,764,754,761,725,767,725,663,705,637,692,624,591,551,541,467,510,506,422,431,447,420,397,441,414,391,396,336,371,382,326,312,349,353,491,313,295,307,323,354,330,304,295,315,325,284,286,260,282,276,253,257,216,278,268,305,283,223,221,210,201,225,175,203,281,287,349,145,141,113,116,124,85,75,43,26,16,9,6,5,8,3,4,5,3,5,7,8,12,5,9,10,11,3,5,5,7,6,5,6,4,9,9,7,6,5,1,7,8,7,9,4,5,5,11,8,7,11,5,5,3,1,1,1,0,0,0,0,0,0,0,0,0,0,0,0,0,0,0,0,0,0,0,0,0,0,0,0,0,0,0,0,0,0,0,0,0,0,0,0,0,0,0,0,0,0,0,0,0,0,0,0,0,0,0,0,0,0
89.65,0,0,0,0,0,0,1,0,0,0,0,0,0,0,0,0,0,0,0,0,0,0,0,0,0,0,0,0,0,0,0,0,0,0,0,0,0,0,0,0,0,0,0,0,0,0,0,0,0,0,1,1,0,0,0,0,0,0,0,0,0,0,0,0,0,1,0,1,0,0,0,0,2,1,0,1,0,0,0,1,0,3,0,1,0,1,2,1,2,4,3,2,6,7,9,9,15,16,10,18,22,27,28,34,45,55,68,65,91,96,101,120,149,168,223,232,299,374,495,505,649,674,721,764,754,761,725,767,725,663,705,637,692,624,591,551,541,467,510,506,422,431,447,420,397,441,414,391,396,336,371,382,326,312,349,353,491,313,295,307,323,354,330,304,295,315,325,284,286,260,282,276,253,257,216,278,268,305,283,223,221,210,201,225,175,203,281,287,349,145,141,113,116,124,85,75,43,26,16,9,6,5,8,3,4,5,3,5,7,8,12,5,9,10,11,3,5,5,7,6,5,6,4,9,9,7,6,5,1,7,8,7,9,4,5,5,11,8,7,11,5,5,3,1,1,1,0,0,0,0,0,0,0,0,0,0,0,0,0,0,0,0,0,0,0,0,0,0,0,0,0,0,0,0,0,0,0,0,0,0,0,0,0,0,0,0,0,0,0,0,0,0,0,0,0,0,0,0,0,0
89.75,0,0,0,0,0,0,0,0,0,0,0,0,0,0,0,0,0,0,0,0,0,0,0,0,0,0,0,0,0,0,0,0,0,0,0,0,0,0,0,0,0,0,0,0,0,0,0,0,0,0,1,1,0,0,0,0,0,0,0,0,0,0,0,0,0,0,0,2,0,0,0,0,1,1,0,1,0,0,0,1,0,3,0,1,0,1,2,1,2,4,3,2,6,7,9,9,15,16,10,18,22,27,28,34,45,55,68,65,91,96,101,120,149,168,223,232,299,374,495,505,649,674,721,764,754,761,725,767,725,663,705,637,692,624,591,551,541,467,510,506,422,431,447,420,397,441,414,391,396,336,371,382,326,312,349,353,491,313,295,307,323,354,330,304,295,315,325,284,286,260,282,276,253,257,216,278,268,305,283,223,221,210,201,225,175,203,281,287,349,145,141,113,116,124,85,75,43,26,16,9,6,5,8,3,4,5,3,5,7,8,12,5,9,10,11,3,5,5,7,6,5,6,4,9,9,7,6,5,1,7,8,7,9,4,5,5,11,8,7,11,5,5,3,1,1,1,0,0,0,0,0,0,0,0,0,0,0,0,0,0,0,0,0,0,0,0,0,0,0,0,0,0,0,0,0,0,0,0,0,0,0,0,0,0,0,0,0,0,0,0,0,0,0,0,0,0,0,0,0,0
89.85,0,0,0,0,0,0,0,0,0,0,0,0,0,0,0,0,0,0,0,0,0,0,0,0,0,0,0,0,0,0,0,0,0,0,0,0,0,0,0,0,0,0,0,0,0,0,0,0,0,0,1,1,0,0,0,0,0,0,0,0,0,0,0,0,0,0,0,1,0,0,1,0,1,1,0,1,0,0,0,1,0,3,0,1,0,1,2,1,2,4,3,2,6,7,9,9,15,16,10,18,22,27,28,34,45,55,68,65,91,96,101,120,149,168,223,232,299,374,495,505,649,674,721,764,754,761,725,767,725,663,705,637,692,624,591,551,541,467,510,506,422,431,447,420,397,441,414,391,396,336,371,382,326,312,349,353,491,313,295,307,323,354,330,304,295,315,325,284,286,260,282,276,253,257,216,278,268,305,283,223,221,210,201,225,175,203,281,287,349,145,141,113,116,124,85,75,43,26,16,9,6,5,8,3,4,5,3,5,7,8,12,5,9,10,11,3,5,5,7,6,5,6,4,9,9,7,6,5,1,7,8,7,9,4,5,5,11,8,7,11,5,5,3,1,1,1,0,0,0,0,0,0,0,0,0,0,0,0,0,0,0,0,0,0,0,0,0,0,0,0,0,0,0,0,0,0,0,0,0,0,0,0,0,0,0,0,0,0,0,0,0,0,0,0,0,0,0,0,0,0
89.95,0,0,0,0,0,0,0,0,0,0,0,0,0,0,0,0,0,0,0,0,0,0,0,0,0,0,0,0,0,0,0,0,0,0,0,0,0,0,0,0,0,0,0,0,0,0,0,0,0,0,1,1,0,0,0,0,0,0,0,0,0,0,0,0,0,0,0,1,0,0,0,1,2,1,0,1,0,0,0,1,0,3,0,1,0,1,2,1,2,4,3,2,6,7,9,9,15,16,10,18,22,27,28,34,45,55,68,65,91,96,101,120,149,168,223,232,299,374,495,505,649,674,721,764,754,761,725,767,725,663,705,637,692,624,591,551,541,467,510,506,422,431,447,420,396,441,414,391,396,336,371,382,326,312,349,353,491,313,295,307,323,354,330,304,295,315,325,284,286,260,282,276,253,257,216,278,268,305,283,223,221,210,201,225,175,203,281,287,349,145,141,113,116,124,85,75,43,26,16,9,6,5,8,3,4,5,3,5,7,8,12,5,9,10,11,3,5,5,7,6,5,6,4,9,9,7,6,5,1,7,8,7,9,4,5,5,11,8,7,11,5,5,3,1,1,1,0,0,0,0,0,0,0,0,0,0,0,0,0,0,0,0,0,0,0,0,0,0,0,0,0,0,0,0,0,0,0,0,0,0,0,0,0,0,0,0,0,0,0,0,0,0,0,0,0,0,0,0,0,0
90.05,0,0,0,0,0,0,0,0,0,0,0,0,0,0,0,0,0,0,0,0,0,0,0,0,0,0,0,0,0,0,0,0,0,0,0,0,0,0,0,0,0,0,0,0,0,0,0,0,2,0,0,0,0,0,0,0,0,0,0,0,0,0,0,0,0,1,0,0,0,0,0,0,3,1,0,1,0,0,0,1,0,3,0,1,0,1,3,1,2,4,2,2,6,7,9,9,15,16,10,18,22,27,28,34,45,55,68,65,91,96,101,120,149,168,223,232,299,374,495,505,649,674,721,764,754,760,725,766,725,663,705,637,692,624,591,551,541,467,510,506,422,431,447,420,396,441,414,391,396,336,371,382,326,312,349,353,491,313,295,307,323,354,330,304,295,315,325,284,286,261,281,276,253,257,216,278,268,305,283,223,221,210,201,225,175,203,281,287,349,145,141,113,116,124,85,75,43,26,16,9,6,5,8,3,4,5,3,5,7,8,12,5,9,10,11,3,5,5,7,6,5,6,4,9,9,7,6,5,1,7,8,7,9,4,5,5,11,8,7,11,5,5,3,1,1,1,0,0,0,0,0,0,0,0,0,0,0,0,0,0,0,0,0,0,0,0,0,0,0,0,0,0,0,0,0,0,0,0,0,0,0,0,0,0,0,0,0,0,0,0,0,0,0,0,0,0,0,0,0,0
90.15,0,0,0,0,0,0,0,0,0,0,0,0,0,0,0,0,0,0,0,0,0,0,0,0,0,0,0,0,0,0,0,0,0,0,0,0,0,0,0,0,1,0,0,1,0,0,0,0,0,0,0,0,0,0,0,0,0,0,0,0,0,0,0,1,0,0,0,0,0,0,0,0,3,1,1,1,0,0,0,1,0,3,0,1,0,1,2,1,2,4,2,2,6,7,9,9,15,16,10,18,22,27,28,34,45,55,68,65,91,96,101,120,149,168,223,232,299,374,495,505,649,674,721,764,754,760,725,766,725,662,705,637,692,624,591,551,541,467,510,506,422,431,447,420,396,441,414,391,396,336,371,382,326,312,349,353,491,313,295,307,323,354,330,304,295,315,325,285,286,260,281,276,253,257,216,278,268,305,283,223,221,210,201,225,175,203,281,287,349,145,141,113,116,124,85,75,43,26,16,9,6,5,8,3,4,5,3,5,7,8,12,5,9,10,11,3,5,5,7,6,5,6,4,9,9,7,6,5,1,7,8,7,9,4,5,5,11,8,7,11,5,5,3,1,1,1,0,0,0,0,0,0,0,0,0,0,0,0,0,0,0,0,0,0,0,0,0,0,0,0,0,0,0,0,0,0,0,0,0,0,0,0,0,0,0,0,0,0,0,0,0,0,0,0,0,0,0,0,0,0
90.25,0,0,0,0,0,0,0,0,0,0,0,0,0,0,0,0,0,0,0,0,0,0,1,0,0,0,0,0,0,0,0,0,0,0,0,0,1,0,0,0,0,0,0,0,0,0,0,0,0,0,0,0,0,0,0,0,0,0,0,1,0,0,0,0,0,0,0,0,0,0,0,0,3,1,0,1,0,0,0,1,0,3,0,1,0,1,2,1,2,4,2,2,6,7,9,9,15,16,10,18,22,27,28,34,45,55,68,65,91,96,101,120,149,168,223,232,299,374,495,505,649,674,721,764,754,760,725,766,725,662,705,637,692,624,591,551,541,467,510,506,422,431,447,420,396,441,414,391,396,336,371,382,326,312,349,353,491,313,295,307,323,354,330,304,296,315,325,284,286,260,281,276,253,257,216,278,268,305,283,223,221,210,201,225,175,203,281,287,349,145,141,113,116,124,85,75,43,26,16,9,6,5,8,3,4,5,3,5,7,8,12,5,9,10,11,3,5,5,7,6,5,6,4,9,9,7,6,5,1,7,8,7,9,4,5,5,11,8,7,11,5,5,3,1,1,1,0,0,0,0,0,0,0,0,0,0,0,0,0,0,0,0,0,0,0,0,0,0,0,0,0,0,0,0,0,0,0,0,0,0,0,0,0,0,0,0,0,0,0,0,0,0,0,0,0,0,0,0,0,0
90.35,0,0,0,0,0,0,0,0,0,0,0,0,0,0,0,0,0,0,0,0,1,0,0,0,0,0,0,0,0,0,0,0,0,0,0,0,0,0,0,0,0,0,0,0,0,0,0,0,0,0,0,0,0,0,1,0,0,0,0,0,0,0,0,1,0,0,0,0,0,0,0,0,3,1,0,1,0,0,0,0,0,3,0,1,0,1,2,1,2,4,2,2,6,7,9,9,15,16,10,18,22,27,28,34,45,55,68,65,91,96,101,120,149,168,223,232,299,374,495,505,650,673,721,764,754,760,725,766,725,662,705,637,692,624,591,551,541,467,510,506,422,431,447,420,396,441,414,391,396,336,371,382,326,312,349,353,491,313,295,307,323,354,331,304,295,315,325,284,286,260,281,276,253,257,216,278,268,305,283,223,221,210,201,225,175,203,281,287,349,145,141,113,116,124,85,75,43,26,16,9,6,5,8,3,4,5,3,5,7,8,12,5,9,10,11,3,5,5,7,6,5,6,4,9,9,7,6,5,1,7,8,7,9,4,5,5,11,8,7,11,5,5,3,1,1,1,0,0,0,0,0,0,0,0,0,0,0,0,0,0,0,0,0,0,0,0,0,0,0,0,0,0,0,0,0,0,0,0,0,0,0,0,0,0,0,0,0,0,0,0,0,0,0,0,0,0,0,0,0,0
90.45,0,0,0,0,0,0,0,0,0,0,0,0,0,0,0,0,0,0,0,0,0,0,0,0,0,0,0,0,0,0,0,0,0,0,0,0,0,0,0,0,0,0,0,0,0,0,1,0,0,0,0,0,0,0,0,0,0,0,0,0,1,0,0,0,0,0,0,0,0,0,0,0,3,2,0,1,0,0,0,0,0,3,0,1,0,1,2,1,2,4,2,2,6,7,9,9,15,16,10,18,22,27,28,34,45,55,68,65,91,96,101,120,149,168,223,232,299,374,495,505,648,673,721,764,754,760,725,766,725,662,705,637,692,624,591,551,541,467,510,506,422,431,447,420,396,441,414,391,396,336,371,382,326,312,349,353,491,313,296,307,323,354,330,304,295,315,325,284,286,260,281,276,253,257,216,278,268,305,283,223,221,210,201,225,175,203,281,287,349,145,141,113,116,124,85,75,43,26,16,9,6,5,8,3,4,5,3,5,7,8,12,5,9,10,11,3,5,5,7,6,5,6,4,9,9,7,6,5,1,7,8,7,9,4,5,5,11,8,7,11,5,5,3,1,1,1,0,0,0,0,0,0,0,0,0,0,0,0,0,0,0,0,0,0,0,0,0,0,0,0,0,0,0,0,0,0,0,0,0,0,0,0,0,0,0,0,0,0,0,0,0,0,0,0,0,0,0,0,0,0
90.55,0,0,0,0,0,0,0,0,0,0,0,0,0,0,0,0,0,0,0,0,0,0,0,0,0,0,0,1,0,0,0,0,0,0,0,0,0,0,0,0,0,0,0,0,0,0,0,0,0,0,0,0,0,0,0,1,0,0,0,1,0,0,0,0,0,0,0,0,0,0,0,0,3,1,0,1,0,0,0,0,0,3,0,1,0,1,2,1,2,4,2,2,6,7,9,9,15,16,10,18,22,27,28,34,45,55,68,65,91,96,101,120,149,168,223,232,299,374,495,505,648,673,721,764,754,760,725,766,725,662,705,637,692,624,591,551,541,467,510,506,422,431,447,420,396,441,414,391,396,336,371,382,326,312,349,353,491,312,295,307,323,354,330,304,295,315,325,284,286,260,281,276,253,257,216,278,268,305,283,223,221,210,201,225,175,203,281,287,349,145,141,113,116,124,85,75,43,26,16,9,6,5,8,3,4,5,3,5,7,8,12,5,9,10,11,3,5,5,7,6,5,6,4,9,9,7,6,5,1,7,8,7,9,4,5,5,11,8,7,11,5,5,3,1,1,1,0,0,0,0,0,0,0,0,0,0,0,0,0,0,0,0,0,0,0,0,0,0,0,0,0,0,0,0,0,0,0,0,0,0,0,0,0,0,0,0,0,0,0,0,0,0,0,0,0,0,0,0,0,0
90.65,0,0,0,0,0,0,0,0,0,0,0,0,0,0,0,0,0,0,0,0,0,0,0,0,0,0,0,0,0,0,0,0,0,0,0,0,0,0,0,0,0,0,0,0,0,0,0,0,1,0,0,0,0,0,0,0,0,0,0,0,0,0,0,0,0,0,0,0,0,0,0,0,2,1,0,1,0,0,0,0,0,3,0,1,0,1,2,1,2,4,2,2,6,7,9,9,15,16,10,18,22,27,28,34,45,55,68,65,91,96,101,120,149,168,223,232,299,374,495,505,648,673,721,764,754,760,725,766,725,662,705,637,692,624,591,551,541,467,510,506,422,431,447,420,396,441,414,391,396,336,371,382,326,312,349,353,491,312,295,307,323,354,330,304,295,315,325,284,286,260,281,276,253,257,216,278,268,305,283,223,221,210,201,225,175,203,281,287,349,145,141,113,116,124,85,75,43,26,16,9,6,5,8,3,4,5,3,5,7,8,12,5,9,10,11,3,5,5,7,6,5,6,4,9,9,7,6,5,1,7,8,7,9,4,5,5,11,8,7,11,5,5,3,1,1,1,0,0,0,0,0,0,0,0,0,0,0,0,0,0,0,0,0,0,0,0,0,0,0,0,0,0,0,0,0,0,0,0,0,0,0,0,0,0,0,0,0,0,0,0,0,0,0,0,0,0,0,0,0,0
90.75,0,0,0,0,0,0,0,0,0,0,0,0,0,0,0,0,0,0,0,0,0,0,0,0,0,0,0,0,0,0,0,0,0,0,0,0,1,0,0,0,0,0,0,0,0,0,0,0,0,0,0,0,0,0,0,0,0,0,0,0,0,0,0,0,0,0,0,0,0,0,0,0,2,1,0,1,0,0,0,0,0,3,0,1,0,1,2,1,2,4,2,2,6,7,9,9,15,16,10,18,22,27,28,34,45,55,68,65,91,96,101,120,149,168,223,232,299,374,495,505,648,673,721,764,754,760,725,766,725,662,705,637,692,624,591,551,541,467,510,506,422,431,447,420,396,441,414,391,396,336,371,382,326,312,349,353,491,312,295,307,323,354,330,304,295,315,325,284,286,260,281,276,253,257,216,278,268,305,283,223,221,210,201,225,175,203,281,287,349,145,141,113,116,124,85,75,43,26,16,9,6,5,8,3,4,5,3,5,7,8,12,5,9,10,11,3,5,5,7,6,5,6,4,9,9,7,6,5,1,7,8,7,9,4,5,5,11,8,7,11,5,5,3,1,1,1,0,0,0,0,0,0,0,0,0,0,0,0,0,0,0,0,0,0,0,0,0,0,0,0,0,0,0,0,0,0,0,0,0,0,0,0,0,0,0,0,0,0,0,0,0,0,0,0,0,0,0,0,0,0
90.85,0,0,0,0,0,0,0,0,0,0,0,0,0,0,0,0,0,0,0,0,0,0,0,0,0,0,0,0,0,0,0,0,0,0,0,0,0,0,0,0,0,0,0,0,0,0,0,0,0,0,0,0,0,0,0,0,0,0,0,0,0,0,0,0,0,0,0,0,0,0,0,0,2,1,0,1,0,0,0,0,0,3,0,1,0,1,2,1,2,4,2,2,6,7,9,9,15,16,10,18,22,27,28,34,45,55,68,65,91,96,101,120,149,168,223,232,299,374,495,505,648,673,721,764,754,760,725,766,725,662,705,637,692,624,591,551,541,467,510,506,422,431,447,420,396,441,414,391,396,336,371,382,326,312,349,353,491,312,295,307,323,354,330,304,295,315,325,284,286,260,281,276,253,257,216,278,268,305,283,223,221,210,201,225,175,203,281,287,349,145,141,113,116,124,85,75,43,26,16,9,6,5,8,3,4,5,3,5,7,8,12,5,9,10,11,3,5,5,7,6,5,6,4,9,9,7,6,5,1,7,8,7,9,4,5,5,11,8,7,11,5,5,3,1,1,1,0,0,0,0,0,0,0,0,0,0,0,0,0,0,0,0,0,0,0,0,0,0,0,0,0,0,0,0,0,0,0,0,0,0,0,0,0,0,0,0,0,0,0,0,0,0,0,0,0,0,0,0,0,0
90.95,0,0,0,0,0,0,0,0,0,0,0,0,0,0,0,0,0,0,0,0,0,0,0,0,0,0,0,0,0,0,0,0,0,0,0,0,0,0,0,0,0,0,0,0,0,0,0,0,0,1,1,0,0,0,0,0,0,0,0,0,0,0,0,0,0,0,0,0,0,0,0,0,2,1,0,1,0,0,0,0,0,3,0,1,0,1,2,1,2,4,2,2,6,7,9,9,15,16,10,18,22,27,28,34,45,55,68,65,91,95,101,120,149,168,223,232,299,374,495,505,648,673,721,764,754,760,725,766,725,662,705,637,692,624,591,551,541,467,510,506,422,431,447,420,396,441,414,391,396,336,371,382,326,312,349,353,491,312,295,307,323,354,330,304,295,315,325,284,286,260,281,276,253,257,216,278,268,304,283,223,221,210,201,225,175,203,281,287,349,145,141,113,116,124,85,75,43,26,16,9,6,5,8,3,4,5,3,5,7,8,12,5,9,10,11,3,5,5,7,6,5,6,4,9,9,7,6,5,1,7,8,7,9,4,5,5,11,8,7,11,5,5,3,1,1,1,0,0,0,0,0,0,0,0,0,0,0,0,0,0,0,0,0,0,0,0,0,0,0,0,0,0,0,0,0,0,0,0,0,0,0,0,0,0,0,0,0,0,0,0,0,0,0,0,0,0,0,0,0,0
91.05,0,0,0,0,0,0,0,0,0,0,0,0,0,0,0,0,0,0,0,0,0,0,0,0,0,0,0,0,0,0,1,0,0,0,0,0,0,0,0,0,0,0,0,0,0,0,0,0,0,0,1,0,0,0,0,0,0,0,1,0,0,0,0,0,0,0,0,0,0,0,0,0,2,1,0,1,0,0,0,0,0,3,0,1,0,1,2,1,3,3,2,2,6,7,9,9,15,16,10,18,22,27,28,34,45,56,68,65,90,95,101,120,149,168,222,232,299,374,495,505,648,673,721,764,754,760,725,766,725,662,705,637,692,624,591,551,541,467,510,506,422,431,447,420,396,441,414,391,397,335,371,382,326,312,349,353,491,312,295,307,323,354,330,304,295,315,325,284,286,260,281,276,253,257,216,278,268,304,283,223,221,210,201,225,175,203,281,287,349,145,141,113,116,124,85,75,43,26,16,9,6,5,8,3,4,5,3,5,7,8,12,5,9,10,11,3,5,5,7,6,5,6,4,9,9,7,6,5,1,7,8,7,9,4,5,5,11,8,7,11,5,5,3,1,1,1,0,0,0,0,0,0,0,0,0,0,0,0,0,0,0,0,0,0,0,0,0,0,0,0,0,0,0,0,0,0,0,0,0,0,0,0,0,0,0,0,0,0,0,0,0,0,0,0,0,0,0,0,0,0
91.15,0,0,0,0,0,0,0,0,0,0,0,0,0,0,0,0,0,0,0,0,0,0,0,0,0,0,0,0,0,0,0,0,0,0,0,0,0,0,0,0,0,0,0,0,0,0,0,0,1,0,1,0,0,0,0,0,0,0,2,0,0,0,0,0,0,0,0,0,0,0,0,0,2,1,0,1,0,0,0,0,0,3,0,1,0,1,3,1,2,3,2,2,6,7,9,10,15,16,10,18,22,27,28,34,45,55,68,65,90,95,101,120,149,168,222,232,299,374,495,505,648,673,721,764,754,760,725,766,725,662,705,637,692,624,591,551,541,467,510,506,422,431,447,420,396,441,414,391,397,335,371,382,326,312,349,353,491,312,295,307,323,354,330,304,295,315,325,284,286,260,281,276,253,257,216,278,268,304,283,223,221,210,201,225,175,203,281,287,349,145,141,113,116,124,85,75,43,26,16,9,6,5,8,3,4,5,3,5,7,8,12,5,9,10,11,3,5,5,7,6,5,6,4,9,9,7,6,5,1,7,8,7,9,4,5,5,11,8,7,11,5,5,3,1,1,1,0,0,0,0,0,0,0,0,0,0,0,0,0,0,0,0,0,0,0,0,0,0,0,0,0,0,0,0,0,0,0,0,0,0,0,0,0,0,0,0,0,0,0,0,0,0,0,0,0,0,0,0,0,0
91.25,0,0,0,0,0,0,0,0,0,0,0,0,0,0,0,0,0,0,0,0,0,0,0,0,0,0,0,0,0,0,0,0,0,0,0,0,0,0,0,0,0,0,0,0,0,0,0,0,0,1,1,0,0,0,0,0,1,0,1,0,0,0,0,0,0,1,0,0,0,0,0,0,2,1,0,1,0,0,0,0,0,3,0,2,0,1,2,1,2,3,2,2,6,7,9,9,15,16,10,18,22,27,28,34,45,55,68,65,90,95,101,120,149,168,222,232,299,374,495,505,648,673,721,764,754,760,725,766,725,662,705,637,692,624,591,551,541,467,510,506,422,431,447,420,396,441,414,392,396,335,371,382,326,312,349,353,491,312,295,307,323,354,330,304,295,315,324,285,286,260,281,276,253,257,216,278,268,304,283,223,221,210,201,225,175,203,281,287,349,145,141,113,116,124,85,75,43,26,16,9,6,5,8,3,4,5,3,5,7,8,12,5,9,10,11,3,5,5,7,6,5,6,4,9,9,7,6,5,1,7,8,7,9,4,5,5,11,8,7,11,5,5,3,1,1,1,0,0,0,0,0,0,0,0,0,0,0,0,0,0,0,0,0,0,0,0,0,0,0,0,0,0,0,0,0,0,0,0,0,0,0,0,0,0,0,0,0,0,0,0,0,0,0,0,0,0,0,0,0,0
91.35,0,0,0,0,0,0,0,0,0,0,0,0,0,0,0,0,1,0,0,0,0,0,0,0,0,0,0,0,0,0,0,0,0,0,0,0,0,0,0,0,0,0,0,0,0,0,0,0,0,0,1,0,0,0,0,0,0,0,1,0,0,1,0,0,0,0,0,0,0,0,0,0,2,1,0,1,0,0,0,1,0,3,0,1,0,1,2,1,2,4,2,2,6,7,9,9,15,16,10,18,22,27,28,34,45,55,68,65,90,95,101,120,149,168,222,232,299,374,495,505,648,673,721,764,754,760,725,766,725,662,705,637,692,624,591,551,541,467,510,506,422,431,447,420,396,441,415,391,396,335,371,382,326,312,349,353,491,312,295,307,323,354,330,304,295,315,324,285,286,260,281,276,253,257,216,278,268,304,283,223,221,210,201,225,175,203,281,287,349,145,141,113,116,124,85,75,43,26,16,9,6,5,8,3,4,5,3,5,7,8,12,5,9,10,11,3,5,5,7,6,5,6,4,9,9,7,6,5,1,7,8,7,9,4,5,5,11,8,7,11,5,5,3,1,1,1,0,0,0,0,0,0,0,0,0,0,0,0,0,0,0,0,0,0,0,0,0,0,0,0,0,0,0,0,0,0,0,0,0,0,0,0,0,0,0,0,0,0,0,0,0,0,0,0,0,0,0,0,0,0
91.45,0,0,0,0,0,0,0,0,0,0,0,0,0,0,0,0,0,0,0,0,0,0,0,0,0,0,0,0,0,0,0,0,0,0,0,0,0,0,0,0,0,0,0,0,0,0,0,0,0,0,1,0,0,0,0,0,0,0,1,0,0,0,0,0,1,0,0,0,0,0,0,0,2,1,1,1,0,0,0,0,0,3,0,1,0,1,2,1,2,4,2,2,6,7,9,9,15,16,10,18,22,27,28,34,45,55,68,65,90,95,101,120,149,168,222,232,299,374,495,505,648,673,721,764,754,760,725,766,725,662,705,637,692,624,591,551,541,467,510,506,422,431,447,420,397,441,414,391,396,335,371,382,326,312,349,353,491,312,295,307,323,354,330,304,295,315,324,285,286,260,281,276,253,257,216,278,268,304,283,223,221,210,201,225,175,203,281,287,349,145,141,113,116,124,85,75,43,26,16,9,6,5,8,3,4,5,3,5,7,8,12,5,9,10,11,3,5,5,7,6,5,6,4,9,9,7,6,5,1,7,8,7,9,4,5,5,11,8,7,11,5,5,3,1,1,1,0,0,0,0,0,0,0,0,0,0,0,0,0,0,0,0,0,0,0,0,0,0,0,0,0,0,0,0,0,0,0,0,0,0,0,0,0,0,0,0,0,0,0,0,0,0,0,0,0,0,0,0,0,0
91.55,0,0,0,0,0,0,0,0,0,0,0,0,0,0,0,0,0,0,0,0,0,0,0,0,0,0,0,0,0,0,0,0,0,0,0,0,0,0,0,0,0,0,0,0,0,0,0,0,0,0,1,0,0,0,0,0,0,0,1,0,0,0,0,0,0,1,0,0,0,0,0,0,2,1,0,1,0,0,0,0,0,3,0,1,0,1,2,1,2,4,2,2,6,7,9,9,15,16,10,18,22,27,28,34,45,55,68,65,90,95,101,120,149,168,222,232,299,374,495,505,648,673,721,764,754,760,725,766,725,662,705,637,692,624,591,551,541,467,510,506,422,431,447,421,396,441,414,391,396,335,371,382,326,312,348,353,491,312,295,307,323,354,330,304,295,315,324,285,286,260,281,276,253,257,216,278,268,304,283,223,221,210,201,225,175,203,281,287,349,145,141,113,116,124,85,75,43,26,16,9,6,5,8,3,4,5,3,5,7,8,12,5,9,10,11,3,5,5,7,6,5,6,4,9,9,7,6,5,1,7,8,7,9,4,5,5,11,8,7,11,5,5,3,1,1,1,0,0,0,0,0,0,0,0,0,0,0,0,0,0,0,0,0,0,0,0,0,0,0,0,0,0,0,0,0,0,0,0,0,0,0,0,0,0,0,0,0,0,0,0,0,0,0,0,0,0,0,0,0,0
91.65,0,0,0,0,0,0,0,0,0,0,0,0,0,0,0,0,0,0,0,0,0,0,0,0,0,0,0,0,0,0,0,0,0,0,0,0,0,0,0,0,0,0,0,0,1,0,0,0,0,0,1,0,0,0,0,0,0,0,0,0,0,0,0,0,0,0,0,0,0,0,0,0,2,1,0,1,0,0,0,0,0,3,0,1,0,1,2,1,2,4,2,2,6,7,9,9,15,16,10,18,22,27,28,34,45,55,68,65,90,95,101,120,149,168,222,232,299,374,495,505,648,673,721,764,754,760,725,766,725,662,705,637,692,624,591,551,541,467,510,506,422,431,448,420,396,441,414,391,396,335,371,382,326,312,348,353,491,312,295,307,323,354,330,304,295,315,324,285,286,260,281,276,253,257,216,278,268,304,283,223,221,210,201,225,175,203,281,287,349,145,141,113,116,124,85,75,43,26,16,9,6,5,8,3,4,5,3,5,7,8,12,5,9,10,11,3,5,5,7,6,5,6,4,9,9,7,6,5,1,7,8,7,9,4,5,5,11,8,7,11,5,5,3,1,1,1,0,0,0,0,0,0,0,0,0,0,0,0,0,0,0,0,0,0,0,0,0,0,0,0,0,0,0,0,0,0,0,0,0,0,0,0,0,0,0,0,0,0,0,0,0,0,0,0,0,0,0,0,0,0
91.75,0,0,0,0,0,0,0,0,0,0,0,0,0,0,0,0,0,0,0,0,0,0,0,0,0,0,0,0,0,0,0,0,0,0,0,0,0,0,0,0,0,0,0,0,0,0,0,0,0,0,1,0,0,0,0,0,0,0,0,0,0,0,0,0,0,0,0,0,0,0,0,0,2,1,0,1,0,0,0,0,0,3,0,1,0,1,2,1,2,4,2,2,6,7,9,9,15,16,10,18,22,27,28,34,45,55,68,65,90,95,101,120,149,168,222,232,299,374,495,505,648,673,721,764,754,760,725,766,725,662,705,637,692,624,591,551,541,467,510,506,423,431,447,420,396,441,414,391,396,335,371,382,326,312,348,353,491,312,295,307,323,354,330,304,295,315,324,285,286,260,281,276,253,257,216,278,268,304,283,223,221,210,201,225,175,203,281,287,349,145,141,113,116,124,85,75,43,26,16,9,6,5,8,3,4,5,3,5,7,8,12,5,9,10,11,3,5,5,7,6,5,6,4,9,9,7,6,5,1,7,8,7,9,4,5,5,11,8,7,11,5,5,3,1,1,1,0,0,0,0,0,0,0,0,0,0,0,0,0,0,0,0,0,0,0,0,0,0,0,0,0,0,0,0,0,0,0,0,0,0,0,0,0,0,0,0,0,0,0,0,0,0,0,0,0,0,0,0,0,0
91.85,0,0,0,0,0,0,0,0,0,0,0,0,0,0,0,0,0,0,0,0,0,0,0,0,0,0,0,0,0,0,0,0,0,0,0,0,0,0,0,0,0,0,0,0,0,0,0,1,0,0,1,0,0,0,0,0,0,0,0,0,0,0,0,0,0,0,0,0,0,0,0,0,2,1,0,1,0,0,0,0,0,3,0,1,0,1,2,1,2,4,2,2,6,7,9,9,15,16,10,18,22,27,28,34,45,55,68,65,90,95,101,120,149,168,222,232,299,374,495,505,648,673,721,764,754,760,725,765,725,662,705,637,692,624,591,551,541,467,510,507,422,431,447,420,396,441,414,391,396,335,371,382,326,312,348,353,491,312,295,307,323,354,330,304,295,315,324,285,286,260,281,276,253,257,216,278,268,304,283,223,221,210,201,225,175,203,281,287,349,145,141,113,116,124,85,75,43,26,16,9,6,5,8,3,4,5,3,5,7,8,12,5,9,10,11,3,5,5,7,6,5,6,4,9,9,7,6,5,1,7,8,7,9,4,5,5,11,8,7,11,5,5,3,1,1,1,0,0,0,0,0,0,0,0,0,0,0,0,0,0,0,0,0,0,0,0,0,0,0,0,0,0,0,0,0,0,0,0,0,0,0,0,0,0,0,0,0,0,0,0,0,0,0,0,0,0,0,0,0,0
91.95,0,0,0,0,0,0,0,0,0,0,0,0,0,0,0,0,0,0,0,0,0,0,0,0,0,0,0,0,0,0,0,0,0,0,0,0,0,0,0,1,0,0,0,0,0,0,0,1,0,0,1,0,0,0,0,0,0,0,0,0,0,0,0,0,0,0,0,0,0,0,0,0,2,1,0,1,0,0,0,0,0,3,0,1,0,1,2,1,2,4,2,2,6,7,9,9,15,16,10,18,22,27,28,34,45,55,68,65,90,95,101,120,149,168,222,232,299,374,495,505,648,673,721,764,754,760,725,765,725,662,705,637,692,624,591,551,541,467,511,506,422,431,447,420,396,441,414,391,396,335,371,382,326,312,348,353,491,312,295,307,323,354,330,304,295,315,324,285,286,260,281,276,253,257,216,278,268,304,283,223,221,210,201,225,175,203,281,287,349,145,141,113,116,124,85,75,43,26,16,9,6,5,8,3,4,5,3,5,7,8,12,5,9,10,11,3,5,5,7,6,5,6,4,9,9,7,6,5,1,7,8,7,9,4,5,5,11,8,7,11,5,5,3,1,1,1,0,0,0,0,0,0,0,0,0,0,0,0,0,0,0,0,0,0,0,0,0,0,0,0,0,0,0,0,0,0,0,0,0,0,0,0,0,0,0,0,0,0,0,0,0,0,0,0,0,0,0,0,0,0
92.05,0,0,0,0,0,0,0,0,0,0,0,0,0,0,0,0,0,0,0,0,0,0,0,0,0,0,0,0,0,0,0,0,0,0,0,0,0,0,0,0,0,0,0,0,0,0,0,1,0,0,1,0,0,0,0,0,0,0,0,0,0,0,0,1,0,0,0,0,0,0,0,0,1,1,0,1,0,0,0,0,0,3,0,1,0,1,2,1,3,4,2,2,6,7,9,9,15,16,10,18,22,27,28,34,45,55,68,65,90,95,101,120,149,168,222,232,299,375,494,505,648,673,721,764,754,760,725,765,725,662,705,637,692,624,591,551,541,467,511,506,422,431,447,420,396,441,414,391,396,335,371,382,326,312,348,353,491,312,295,307,323,354,330,304,295,315,324,285,286,260,281,276,253,257,216,278,268,304,283,222,221,210,201,225,175,203,281,287,349,145,141,113,116,124,85,75,43,26,16,9,6,5,8,3,4,5,3,5,7,8,12,5,9,10,11,3,5,5,7,6,5,6,4,9,9,7,6,5,1,7,8,7,9,4,5,5,11,8,7,11,5,5,3,1,1,1,0,0,0,0,0,0,0,0,0,0,0,0,0,0,0,0,0,0,0,0,0,0,0,0,0,0,0,0,0,0,0,0,0,0,0,0,0,0,0,0,0,0,0,0,0,0,0,0,0,0,0,0,0,0
92.15,0,0,0,0,0,0,0,0,0,0,0,0,0,0,0,0,0,0,0,0,0,0,0,0,0,0,0,0,0,0,0,0,0,0,0,0,0,0,0,0,0,0,0,0,0,1,0,0,0,0,2,0,0,0,0,0,0,0,0,0,0,0,0,0,0,0,0,0,1,0,0,0,1,1,0,1,0,0,0,0,0,3,0,1,0,1,2,1,3,4,2,2,6,7,9,9,15,16,10,18,22,27,28,34,45,55,68,65,90,95,101,120,149,168,222,233,299,374,494,505,648,673,721,764,754,760,725,765,725,662,705,637,692,624,591,551,541,467,511,506,422,431,447,420,396,441,414,391,396,335,371,382,326,312,348,353,491,312,295,307,323,354,330,304,295,315,324,285,286,260,281,276,253,257,216,278,268,304,283,222,221,210,201,225,175,203,281,287,349,145,141,113,116,124,85,75,43,26,16,9,6,5,8,3,4,5,3,5,7,8,12,5,9,10,11,3,5,5,7,6,5,6,4,9,9,7,6,5,1,7,8,7,9,4,5,5,11,8,7,11,5,5,3,1,1,1,0,0,0,0,0,0,0,0,0,0,0,0,0,0,0,0,0,0,0,0,0,0,0,0,0,0,0,0,0,0,0,0,0,0,0,0,0,0,0,0,0,0,0,0,0,0,0,0,0,0,0,0,0,0
92.25,0,0,0,0,0,0,0,0,0,0,0,0,0,0,0,0,0,0,0,0,0,0,0,0,0,0,0,0,0,0,0,0,0,0,0,0,0,0,0,0,0,0,1,0,0,0,0,0,0,0,2,0,0,0,0,0,0,0,0,0,0,1,0,0,0,0,0,0,0,0,0,0,1,1,0,1,0,0,0,0,0,3,0,1,0,1,2,1,3,4,2,2,6,7,9,9,15,16,10,18,22,27,28,34,45,55,68,65,90,95,101,120,150,168,222,232,299,374,494,505,648,673,721,764,754,760,725,765,725,662,705,637,692,624,591,551,541,467,511,506,422,431,447,420,396,441,414,391,396,335,371,382,326,312,348,353,491,312,295,307,323,354,330,304,295,315,324,285,286,260,281,276,253,257,216,278,268,304,283,222,221,210,201,225,175,203,281,287,349,145,141,113,116,124,85,75,43,26,16,9,6,5,8,3,4,5,3,5,7,8,12,5,9,10,11,3,5,5,7,6,5,6,4,9,9,7,6,5,1,7,8,7,9,4,5,5,11,8,7,11,5,5,3,1,1,1,0,0,0,0,0,0,0,0,0,0,0,0,0,0,0,0,0,0,0,0,0,0,0,0,0,0,0,0,0,0,0,0,0,0,0,0,0,0,0,0,0,0,0,0,0,0,0,0,0,0,0,0,0,0
92.35,0,0,0,0,0,0,0,0,0,0,0,0,0,0,0,0,0,0,0,0,0,0,0,0,0,0,0,0,0,0,0,0,0,0,0,0,0,0,0,0,1,0,0,0,0,0,0,0,1,0,2,0,0,0,0,0,0,0,0,0,0,0,0,0,0,0,0,0,0,0,0,1,1,1,0,1,0,0,0,0,0,3,0,1,0,1,2,1,3,4,2,2,6,7,9,9,15,16,10,18,22,27,28,34,45,55,68,65,90,96,101,120,149,168,222,232,299,374,494,505,648,673,721,764,754,760,725,765,725,662,705,637,692,624,591,551,541,467,511,506,422,431,447,420,396,441,414,391,396,335,371,382,326,312,348,353,491,312,295,307,323,354,330,304,295,315,324,285,286,260,281,276,253,257,216,278,268,304,283,222,221,210,201,225,175,203,281,287,349,145,141,113,116,124,85,75,43,26,16,9,6,5,8,3,4,5,3,5,7,8,12,5,9,10,11,3,5,5,7,6,5,6,4,9,9,7,6,5,1,7,8,7,9,4,5,5,11,8,7,11,5,5,3,1,1,1,0,0,0,0,0,0,0,0,0,0,0,0,0,0,0,0,0,0,0,0,0,0,0,0,0,0,0,0,0,0,0,0,0,0,0,0,0,0,0,0,0,0,0,0,0,0,0,0,0,0,0,0,0,0
92.45,0,0,0,0,0,0,0,0,0,0,0,0,0,0,0,0,0,0,0,0,0,0,0,0,0,0,0,0,0,0,0,0,0,0,0,0,0,1,0,0,0,0,0,0,0,0,0,0,0,0,2,0,0,0,0,0,0,0,0,0,0,0,0,0,0,0,0,0,0,0,0,1,1,1,0,1,0,0,0,0,0,3,0,1,0,1,2,1,3,4,2,3,6,7,9,9,15,16,10,18,22,27,28,34,45,56,68,65,90,95,101,120,149,168,222,232,299,374,494,505,648,673,721,764,754,760,725,765,725,661,705,637,692,624,591,551,541,467,511,506,422,431,447,420,396,441,414,391,396,335,371,382,326,312,348,353,491,312,295,307,323,354,330,304,295,315,324,285,286,260,281,276,253,257,216,278,268,304,283,222,221,210,201,225,175,203,281,287,349,145,141,113,116,124,85,75,43,26,16,9,6,5,8,3,4,5,3,5,7,8,12,5,9,10,11,3,5,5,7,6,5,6,4,9,9,7,6,5,1,7,8,7,9,4,5,5,11,8,7,11,5,5,3,1,1,1,0,0,0,0,0,0,0,0,0,0,0,0,0,0,0,0,0,0,0,0,0,0,0,0,0,0,0,0,0,0,0,0,0,0,0,0,0,0,0,0,0,0,0,0,0,0,0,0,0,0,0,0,0,0
92.55,0,0,0,0,0,0,0,0,0,0,0,0,0,0,0,0,0,0,0,0,0,0,0,0,0,0,0,0,0,0,0,0,0,1,0,0,0,0,0,0,0,0,0,0,0,0,0,0,0,0,2,0,0,0,0,0,0,0,0,0,0,0,0,0,0,0,0,0,0,0,0,1,1,0,0,1,0,0,0,0,0,3,0,1,0,1,2,1,3,4,2,3,6,7,9,9,15,16,11,18,22,27,28,34,45,55,68,65,90,95,101,120,149,168,222,232,299,374,494,505,648,673,721,764,754,760,725,765,725,661,705,637,692,624,591,551,541,467,511,506,422,431,447,420,396,441,414,391,396,335,371,382,326,312,348,353,491,312,295,307,323,354,330,304,295,314,324,285,286,260,281,276,253,257,216,278,268,304,283,222,221,210,201,225,175,203,281,287,349,145,141,113,116,124,85,75,43,26,16,9,6,5,8,3,4,5,3,5,7,8,12,5,9,10,11,3,5,5,7,6,5,6,4,9,9,7,6,5,1,7,8,7,9,4,5,5,11,8,7,11,5,5,3,1,1,1,0,0,0,0,0,0,0,0,0,0,0,0,0,0,0,0,0,0,0,0,0,0,0,0,0,0,0,0,0,0,0,0,0,0,0,0,0,0,0,0,0,0,0,0,0,0,0,0,0,0,0,0,0,0
92.65,0,0,0,0,0,0,0,0,0,0,0,0,0,0,0,0,0,0,0,0,0,0,0,0,0,0,0,1,0,0,0,0,0,0,0,0,0,0,0,0,0,0,0,0,0,0,0,0,0,0,2,0,0,0,0,0,0,0,0,0,0,0,0,0,0,0,0,0,0,0,0,1,1,0,0,1,0,0,0,0,0,4,1,1,0,1,2,2,3,4,2,3,6,7,9,9,15,16,10,18,22,27,28,34,45,55,68,65,90,95,101,120,149,168,222,232,299,374,494,505,648,673,721,764,754,760,725,765,725,661,705,637,692,624,591,551,541,467,511,506,422,431,447,420,396,441,414,391,396,335,371,382,326,312,348,353,491,312,295,307,323,354,330,304,295,314,324,285,286,260,281,276,253,257,216,278,268,304,283,222,221,210,201,225,175,203,281,287,349,145,141,113,116,124,85,75,43,26,16,9,6,5,8,3,4,5,3,5,7,8,12,5,9,10,11,3,5,5,7,6,5,6,4,9,9,7,6,5,1,7,8,7,9,4,5,5,11,8,7,11,5,5,3,1,1,1,0,0,0,0,0,0,0,0,0,0,0,0,0,0,0,0,0,0,0,0,0,0,0,0,0,0,0,0,0,0,0,0,0,0,0,0,0,0,0,0,0,0,0,0,0,0,0,0,0,0,0,0,0,0
92.75,0,0,0,0,0,0,0,0,0,0,0,0,0,0,0,0,0,0,1,0,0,0,0,0,0,0,0,0,0,0,0,0,0,0,0,0,0,0,0,0,0,0,0,0,0,0,0,0,0,0,2,0,0,0,0,0,0,0,0,0,0,0,0,0,0,0,0,0,0,0,0,1,1,0,0,1,0,0,0,0,0,4,1,1,0,1,2,1,3,4,2,3,6,7,9,9,15,16,10,18,22,27,28,34,45,55,68,65,90,95,101,120,149,168,222,232,299,374,494,505,648,673,721,764,754,760,725,765,725,661,705,637,692,624,591,551,541,467,511,506,422,431,447,420,396,441,414,391,396,335,371,382,326,312,348,353,491,312,295,307,323,354,330,304,295,314,324,285,286,260,281,276,253,257,216,278,268,304,283,222,221,210,201,225,175,203,281,287,349,145,141,113,116,124,85,75,43,26,16,9,6,5,8,3,4,5,3,5,7,8,12,5,9,10,11,3,5,5,7,6,5,6,4,9,9,7,6,5,1,7,8,7,9,4,5,5,11,8,7,11,5,5,3,1,1,1,0,0,0,0,0,0,0,0,0,0,0,0,0,0,0,0,0,0,0,0,0,0,0,0,0,0,0,0,0,0,0,0,0,0,0,0,0,0,0,0,0,0,0,0,0,0,0,0,0,0,0,0,0,0
92.85,0,0,0,0,0,0,0,0,0,0,0,0,0,0,0,0,0,0,0,0,0,0,0,0,0,0,0,0,0,0,0,0,0,0,0,0,0,0,0,0,0,0,0,0,0,0,0,0,0,0,2,0,0,0,0,0,0,0,0,0,0,0,0,0,0,0,0,0,0,0,0,1,1,0,0,1,0,0,0,0,0,4,1,1,0,1,2,1,3,4,2,3,6,7,9,9,15,16,10,18,22,27,28,34,45,55,68,65,90,95,101,120,149,168,222,232,299,374,494,505,648,673,721,764,754,760,725,765,725,661,705,637,692,624,591,551,541,467,511,506,422,431,447,420,396,441,414,391,396,335,371,382,326,312,348,353,491,312,295,306,323,354,330,304,295,314,324,285,286,260,281,276,253,257,216,278,268,304,283,222,221,210,201,225,175,203,281,287,349,145,141,113,116,124,85,75,43,26,16,9,6,5,8,3,4,5,3,5,7,8,12,5,9,10,11,3,5,5,7,6,5,6,4,9,9,7,6,5,1,7,8,7,9,4,5,5,11,8,7,11,5,5,3,1,1,1,0,0,0,0,0,0,0,0,0,0,0,0,0,0,0,0,0,0,0,0,0,0,0,0,0,0,0,0,0,0,0,0,0,0,0,0,0,0,0,0,0,0,0,0,0,0,0,0,0,0,0,0,0,0
92.95,0,0,0,0,0,0,0,0,0,0,0,0,0,0,0,0,0,0,0,0,0,0,0,0,0,0,0,0,0,0,0,0,0,0,0,0,0,0,0,0,0,0,0,0,0,0,0,0,0,0,2,0,0,0,0,0,0,0,0,0,0,0,0,0,0,0,0,0,0,0,0,1,1,0,0,1,0,0,0,0,0,4,1,1,0,1,2,1,3,4,2,3,6,7,9,9,15,16,10,18,22,27,28,34,45,55,68,65,90,95,101,120,149,168,222,232,299,374,494,505,648,673,721,764,754,760,725,765,725,661,705,637,692,624,591,551,541,467,511,506,422,431,447,420,396,441,414,391,396,335,371,382,326,312,348,353,491,312,295,306,323,354,330,304,295,314,324,285,286,260,281,276,253,257,216,278,268,304,283,222,221,210,201,225,175,203,281,287,349,145,141,113,116,124,85,75,43,26,16,9,6,5,8,3,4,5,3,5,7,8,12,5,9,10,11,3,5,5,7,6,5,6,4,9,9,7,6,5,1,7,8,7,9,4,5,5,11,8,7,11,5,5,3,1,1,1,0,0,0,0,0,0,0,0,0,0,0,0,0,0,0,0,0,0,0,0,0,0,0,0,0,0,0,0,0,0,0,0,0,0,0,0,0,0,0,0,0,0,0,0,0,0,0,0,0,0,0,0,0,0
93.05,0,0,0,0,0,0,0,0,0,0,0,0,0,0,0,0,0,0,0,0,0,0,0,0,0,0,0,0,0,0,0,0,0,0,0,0,0,0,0,0,0,0,0,0,0,0,0,0,1,1,0,0,0,0,0,0,0,0,0,0,0,0,0,0,0,0,0,0,0,0,1,0,1,0,1,0,0,0,0,0,0,4,1,1,1,1,2,1,2,4,2,3,6,7,9,9,15,16,10,18,22,27,28,34,45,55,68,65,90,95,101,120,149,168,222,232,299,374,494,505,648,673,721,764,754,760,725,765,725,661,705,637,692,624,591,551,541,467,511,506,422,431,447,420,396,441,414,391,396,335,371,382,326,312,348,353,491,312,295,306,323,354,330,304,295,314,324,285,286,260,281,276,253,257,216,278,268,304,283,222,221,210,201,225,175,203,281,287,349,145,141,113,116,124,85,75,43,26,16,9,6,5,8,3,4,5,3,5,7,8,12,5,9,10,11,3,5,5,7,6,5,6,4,9,9,7,6,5,1,7,8,7,9,4,5,5,11,8,7,11,5,5,3,1,1,1,0,0,0,0,0,0,0,0,0,0,0,0,0,0,0,0,0,0,0,0,0,0,0,0,0,0,0,0,0,0,0,0,0,0,0,0,0,0,0,0,0,0,0,0,0,0,0,0,0,0,0,0,0,0
93.15,0,0,0,0,0,0,0,0,0,0,0,0,0,0,0,0,0,0,0,0,0,0,0,0,0,0,0,0,0,0,0,0,0,0,0,0,0,0,0,0,0,0,1,0,0,0,0,1,0,0,0,0,0,0,0,0,0,0,0,0,0,0,0,0,0,0,0,0,2,0,0,1,1,0,0,0,0,0,0,0,0,4,1,1,0,1,2,1,2,4,2,3,6,7,9,9,15,16,10,18,22,27,28,34,45,55,68,65,90,95,101,120,149,168,222,232,299,374,494,505,648,673,721,764,754,760,725,765,725,661,705,637,692,624,591,551,541,467,511,506,422,431,447,420,396,441,414,391,396,335,371,382,326,312,348,353,491,312,295,306,323,354,330,304,295,314,324,285,286,260,281,276,253,257,216,278,268,304,283,222,221,210,201,225,175,203,281,287,349,145,141,113,116,124,85,75,43,26,16,9,6,5,8,3,4,5,3,5,7,8,12,5,9,10,11,3,5,5,7,6,5,6,4,9,9,7,6,5,1,7,8,7,9,4,5,5,11,8,7,11,5,5,3,1,1,1,0,0,0,0,0,0,0,0,0,0,0,0,0,0,0,0,0,0,0,0,0,0,0,0,0,0,0,0,0,0,0,0,0,0,0,0,0,0,0,0,0,0,0,0,0,0,0,0,0,0,0,0,0,0
93.25,0,0,0,0,0,0,0,0,0,0,0,0,0,0,0,0,0,0,0,0,0,0,0,0,1,0,0,0,0,0,0,0,1,0,0,0,0,0,0,0,0,0,0,0,1,0,0,0,0,0,0,0,0,0,0,0,0,0,0,0,0,0,0,0,0,0,0,1,1,0,0,0,1,0,0,0,0,0,0,0,0,4,1,1,0,1,2,1,2,4,2,3,6,7,9,9,15,16,10,18,22,27,28,34,45,55,68,65,90,95,101,120,149,168,222,232,299,374,494,505,648,673,721,764,754,760,725,765,725,661,705,637,692,624,591,551,541,467,511,506,422,431,447,420,396,441,414,391,396,335,371,382,326,312,348,353,491,312,295,306,323,354,330,304,295,314,324,285,286,260,281,276,253,257,216,278,268,303,283,222,221,210,201,225,175,203,281,287,349,145,141,113,116,124,85,75,43,26,16,9,6,5,8,3,4,5,3,5,7,8,12,5,9,10,11,3,5,5,7,6,5,6,4,9,9,7,6,5,1,7,8,7,9,4,5,5,11,8,7,11,5,5,3,1,1,1,0,0,0,0,0,0,0,0,0,0,0,0,0,0,0,0,0,0,0,0,0,0,0,0,0,0,0,0,0,0,0,0,0,0,0,0,0,0,0,0,0,0,0,0,0,0,0,0,0,0,0,0,0,0
93.35,0,0,0,0,0,0,0,0,0,0,0,0,0,0,0,0,0,0,0,0,0,0,0,0,0,0,0,0,0,0,0,0,0,0,0,1,0,0,0,0,0,1,0,0,0,1,0,0,0,0,0,0,0,0,0,0,0,0,0,0,0,0,0,0,1,1,0,0,0,0,0,0,1,0,0,0,0,0,0,0,0,4,1,1,0,1,2,1,2,4,2,3,6,7,9,9,15,16,10,18,22,27,28,34,45,55,68,65,90,95,101,120,149,168,222,232,299,374,494,505,648,673,721,764,754,760,725,765,725,661,705,637,692,624,591,551,541,467,511,506,422,431,447,420,396,441,414,391,396,335,371,382,326,312,348,353,491,312,295,306,323,354,330,304,295,314,324,285,286,260,281,276,253,257,216,278,268,303,283,222,221,210,201,225,175,203,281,287,349,145,141,113,116,124,85,75,43,26,16,9,6,5,8,3,4,5,3,5,7,8,12,5,9,10,11,3,5,5,7,6,5,6,4,9,9,7,6,5,1,7,8,7,9,4,5,5,11,8,7,11,5,5,3,1,1,1,0,0,0,0,0,0,0,0,0,0,0,0,0,0,0,0,0,0,0,0,0,0,0,0,0,0,0,0,0,0,0,0,0,0,0,0,0,0,0,0,0,0,0,0,0,0,0,0,0,0,0,0,0,0
93.45,0,0,0,0,0,0,0,0,0,0,0,0,0,0,0,0,0,0,0,0,0,0,0,0,0,0,0,0,0,0,0,0,0,0,0,0,0,1,0,0,0,1,0,0,0,0,0,0,0,0,0,0,0,0,0,0,0,0,0,1,0,0,1,0,1,0,0,0,0,0,0,0,1,0,0,0,0,0,0,0,0,4,1,1,0,1,2,1,2,4,2,3,6,7,9,9,15,16,10,18,22,27,28,34,45,55,68,65,90,95,101,120,149,168,222,232,299,374,494,505,648,673,721,764,754,760,725,765,725,661,705,637,692,624,591,551,541,467,511,506,422,431,447,420,396,441,414,391,396,335,371,382,326,312,348,353,491,312,295,306,323,354,330,304,295,314,324,285,286,260,281,276,253,257,216,278,268,303,283,222,221,210,201,225,175,203,281,287,349,145,141,113,116,124,85,75,43,26,16,9,6,5,8,3,4,5,3,5,7,8,12,5,9,10,11,3,5,5,7,6,5,6,4,9,9,7,6,5,1,7,8,7,9,4,5,5,11,8,7,11,5,5,3,1,1,1,0,0,0,0,0,0,0,0,0,0,0,0,0,0,0,0,0,0,0,0,0,0,0,0,0,0,0,0,0,0,0,0,0,0,0,0,0,0,0,0,0,0,0,0,0,0,0,0,0,0,0,0,0,0
93.55,0,0,0,0,0,0,0,0,0,0,0,0,0,0,0,0,0,0,0,0,0,0,0,0,0,0,0,0,0,0,0,1,0,0,0,0,0,0,0,0,0,0,0,0,0,1,0,0,0,0,0,1,0,0,0,0,0,0,0,1,0,0,0,0,0,1,0,0,0,0,0,0,2,0,0,0,0,0,0,0,0,4,1,1,0,1,2,1,2,4,2,3,6,7,9,9,15,16,10,18,22,27,28,34,45,55,68,65,90,95,101,120,149,168,222,232,299,374,494,505,648,673,721,764,754,760,725,765,725,661,705,637,692,624,591,551,541,467,511,506,422,431,447,420,396,441,414,391,396,335,371,382,326,312,348,353,491,312,295,306,323,354,330,304,295,314,324,285,286,260,281,276,253,257,216,278,268,303,283,222,221,210,201,225,175,203,281,287,349,145,141,113,116,124,85,75,43,26,16,9,6,5,8,3,4,5,3,5,7,8,12,5,9,10,11,3,5,5,7,6,5,6,4,9,9,7,6,5,1,7,8,7,9,4,5,5,11,8,7,11,5,5,3,1,1,1,0,0,0,0,0,0,0,0,0,0,0,0,0,0,0,0,0,0,0,0,0,0,0,0,0,0,0,0,0,0,0,0,0,0,0,0,0,0,0,0,0,0,0,0,0,0,0,0,0,0,0,0,0,0
93.65,0,0,0,0,0,0,0,0,0,0,0,0,0,0,0,0,0,0,0,0,1,0,0,0,0,0,0,1,0,0,0,0,0,0,0,0,0,0,0,0,0,0,0,0,0,0,0,0,0,0,0,0,0,0,0,0,1,0,0,1,0,0,0,0,0,0,0,0,0,0,0,0,1,0,1,0,0,0,0,0,0,4,1,1,0,1,1,1,2,4,2,2,6,7,9,9,15,16,10,18,22,27,28,34,45,55,68,65,90,95,101,120,149,168,222,232,299,374,493,505,648,673,721,764,754,760,725,764,725,661,705,637,692,624,591,551,541,467,511,506,422,431,446,421,396,441,414,391,396,335,371,382,326,312,348,353,491,312,295,306,323,354,330,304,295,314,324,285,286,260,281,276,253,257,216,278,268,303,283,222,221,210,200,225,175,203,281,287,349,145,141,113,116,124,85,75,43,26,16,8,6,5,8,3,4,5,3,5,7,8,12,5,9,10,11,3,5,5,7,6,5,6,4,9,9,7,6,5,1,7,8,7,9,4,5,5,11,8,7,11,5,5,3,1,1,1,0,0,0,0,0,0,0,0,0,0,0,0,0,0,0,0,0,0,0,0,0,0,0,0,0,0,0,0,0,0,0,0,0,0,0,0,0,0,0,0,0,0,0,0,0,0,0,0,0,0,0,0,0,0
93.75,0,0,0,1,0,0,0,0,0,0,0,0,0,0,0,0,0,0,0,0,0,0,0,0,0,0,0,0,0,0,0,0,0,0,0,0,0,0,0,0,0,0,0,0,0,0,1,0,0,0,0,1,0,0,0,0,0,0,0,0,0,0,0,0,0,0,0,0,0,0,0,0,1,0,1,0,0,0,0,0,0,4,1,1,0,1,1,1,2,4,2,2,6,7,9,9,15,16,10,18,22,27,28,34,45,55,68,65,90,95,101,120,149,168,222,232,299,374,493,505,648,673,721,764,754,760,725,764,725,661,705,637,692,624,591,551,541,467,511,506,422,431,446,421,396,441,414,391,396,335,371,382,326,312,348,353,491,312,295,306,323,354,330,304,295,314,324,285,286,260,281,276,253,257,216,278,268,303,283,222,221,210,200,225,175,203,281,287,349,145,141,113,116,124,85,75,43,26,16,8,6,5,8,3,4,5,3,5,7,8,12,5,9,10,11,3,5,5,7,6,5,6,4,9,9,7,6,5,1,7,8,7,9,4,5,5,11,8,7,11,5,5,3,1,1,1,0,0,0,0,0,0,0,0,0,0,0,0,0,0,0,0,0,0,0,0,0,0,0,0,0,0,0,0,0,0,0,0,0,0,0,0,0,0,0,0,0,0,0,0,0,0,0,0,0,0,0,0,0,0
93.85,0,0,0,0,0,0,0,0,0,0,0,0,0,0,0,0,0,0,0,0,0,0,0,0,0,0,0,0,0,0,0,0,0,0,0,0,0,0,0,0,0,0,0,1,0,0,0,0,1,0,0,0,0,0,0,0,0,0,0,0,0,0,0,0,0,0,0,0,0,0,0,0,1,0,1,0,0,0,0,0,0,4,1,1,0,1,1,1,2,4,2,2,6,7,9,9,15,16,10,18,22,27,28,34,45,55,68,65,90,95,101,120,149,168,222,232,299,374,493,505,648,673,721,764,754,760,725,764,725,661,705,637,692,624,591,551,541,467,511,505,422,431,446,421,396,441,414,391,396,335,371,382,326,312,348,353,491,312,295,306,323,354,330,304,295,314,324,285,286,260,281,276,253,257,216,278,268,303,283,222,221,210,200,225,175,203,281,287,349,145,141,113,116,124,85,75,43,26,16,8,6,5,8,3,4,5,3,5,7,8,12,5,9,10,11,3,5,5,7,6,5,6,4,9,9,7,6,5,1,7,8,7,9,4,5,5,11,8,7,11,5,5,3,1,1,1,0,0,0,0,0,0,0,0,0,0,0,0,0,0,0,0,0,0,0,0,0,0,0,0,0,0,0,0,0,0,0,0,0,0,0,0,0,0,0,0,0,0,0,0,0,0,0,0,0,0,0,0,0,0
93.95,0,0,0,0,0,0,0,0,0,0,0,0,0,0,0,0,0,0,0,0,0,0,0,0,0,0,0,1,0,0,0,0,0,0,0,0,0,0,0,0,0,0,0,0,0,0,0,0,0,0,0,0,0,0,0,0,0,1,0,0,0,0,0,0,0,0,0,0,0,0,0,0,1,0,1,0,0,0,0,0,0,4,1,1,0,1,1,1,2,4,2,2,6,7,9,9,15,16,10,18,22,27,28,34,45,55,68,65,90,95,101,120,149,168,222,232,299,374,493,505,648,673,721,764,754,760,725,764,725,661,705,637,692,624,591,551,541,467,511,505,422,431,446,421,396,441,414,391,396,335,371,382,326,312,348,353,491,312,295,306,323,354,330,304,295,314,324,285,286,260,281,276,253,257,216,278,268,303,283,222,221,210,200,225,175,203,281,287,349,145,141,113,116,124,85,75,43,26,16,8,6,5,8,3,4,5,3,5,7,8,12,5,9,10,11,3,5,5,7,6,5,6,4,9,9,7,6,5,1,7,8,7,9,4,5,5,11,8,7,11,5,5,3,1,1,1,0,0,0,0,0,0,0,0,0,0,0,0,0,0,0,0,0,0,0,0,0,0,0,0,0,0,0,0,0,0,0,0,0,0,0,0,0,0,0,0,0,0,0,0,0,0,0,0,0,0,0,0,0,0
94.05,0,0,0,0,0,0,0,0,0,0,0,0,0,0,0,0,0,0,0,0,0,0,0,0,0,0,0,0,0,0,0,0,0,0,0,0,0,0,0,0,0,0,0,0,0,0,0,0,0,0,0,0,0,0,0,0,1,0,0,0,0,0,0,0,0,0,0,0,0,0,1,0,0,0,1,0,0,0,0,0,1,3,1,1,0,1,1,2,3,3,2,2,7,5,9,9,16,15,10,18,22,27,28,34,45,55,68,65,90,95,101,120,149,168,222,232,299,374,493,505,648,673,721,764,754,760,725,764,725,661,705,637,692,624,591,551,541,467,511,505,423,430,446,421,396,441,414,391,396,335,371,382,326,312,348,353,491,312,295,306,323,354,330,304,295,314,324,285,286,260,281,276,253,257,216,278,268,303,283,222,221,210,200,225,175,203,281,287,349,145,141,113,116,124,85,75,43,26,16,8,6,5,8,3,4,5,3,5,7,8,12,5,9,10,11,3,5,5,7,6,5,6,4,9,9,7,6,5,1,7,8,7,9,4,5,5,11,8,7,11,5,5,3,1,1,1,0,0,0,0,0,0,0,0,0,0,0,0,0,0,0,0,0,0,0,0,0,0,0,0,0,0,0,0,0,0,0,0,0,0,0,0,0,0,0,0,0,0,0,0,0,0,0,0,0,0,0,0,0,0
94.15,0,0,0,0,0,0,0,0,0,0,0,0,0,0,0,0,0,0,0,0,0,0,0,0,0,0,0,0,0,0,0,0,0,0,0,0,0,0,0,0,0,0,0,0,0,0,0,0,0,0,0,1,0,0,0,0,0,0,0,0,0,0,0,1,0,0,0,0,1,0,0,0,0,0,1,0,0,0,0,1,0,4,1,1,0,1,1,1,2,4,2,2,6,6,9,9,15,15,10,18,22,27,28,34,45,55,68,65,90,95,101,120,149,168,222,232,299,374,493,505,648,673,721,764,754,760,725,764,725,661,705,637,692,624,591,551,542,467,511,505,422,430,446,421,396,441,414,391,396,335,371,382,326,312,348,353,491,312,295,306,323,354,330,304,295,314,324,285,286,260,281,276,253,257,216,278,268,303,283,222,221,210,200,225,175,203,281,287,349,145,141,113,116,124,85,75,43,26,16,8,6,5,8,3,4,5,3,5,7,8,12,5,9,10,11,3,5,5,7,6,5,6,4,9,9,7,6,5,1,7,8,7,9,4,5,5,11,8,7,11,5,5,3,1,1,1,0,0,0,0,0,0,0,0,0,0,0,0,0,0,0,0,0,0,0,0,0,0,0,0,0,0,0,0,0,0,0,0,0,0,0,0,0,0,0,0,0,0,0,0,0,0,0,0,0,0,0,0,0,0
94.25,0,0,0,0,0,0,0,0,0,0,0,0,0,0,0,0,0,0,0,0,0,0,0,0,0,0,1,0,0,0,0,0,0,0,0,0,0,0,0,0,0,0,0,1,0,0,0,0,1,0,0,0,0,0,0,0,0,0,0,0,0,0,0,0,0,0,0,0,0,0,0,1,0,0,1,0,0,1,0,0,0,3,1,1,0,2,1,1,2,3,3,2,6,5,9,9,15,15,10,18,22,27,28,34,45,55,68,65,90,95,101,120,149,168,222,232,299,374,493,505,648,673,722,763,754,760,725,764,725,661,705,637,692,624,590,551,541,467,511,505,422,430,446,421,396,441,414,391,396,335,371,382,326,312,348,353,491,312,295,306,323,354,330,304,295,314,324,285,286,260,281,276,253,257,216,278,268,303,283,222,221,210,200,225,175,203,281,287,349,145,141,113,116,124,85,75,43,26,16,8,6,5,8,3,4,5,3,5,7,8,12,5,9,10,11,3,5,5,7,6,5,6,4,9,9,7,6,5,1,7,8,7,9,4,5,5,11,8,7,11,5,5,3,1,1,1,0,0,0,0,0,0,0,0,0,0,0,0,0,0,0,0,0,0,0,0,0,0,0,0,0,0,0,0,0,0,0,0,0,0,0,0,0,0,0,0,0,0,0,0,0,0,0,0,0,0,0,0,0,0
94.35,0,0,0,0,0,0,0,0,0,0,0,0,0,0,0,0,0,0,0,0,0,0,0,0,0,0,0,0,1,0,0,0,0,0,0,0,0,1,0,0,0,0,0,0,0,0,0,0,0,0,0,0,0,0,0,0,0,0,0,0,0,0,0,0,0,0,0,0,0,0,0,0,0,0,1,1,0,0,0,1,0,3,1,1,0,1,2,1,2,3,2,2,6,5,9,9,15,15,10,18,22,27,28,34,45,55,68,65,90,95,101,120,149,168,222,232,299,374,493,505,648,673,722,763,754,760,725,764,725,661,705,637,692,624,590,551,541,467,511,505,422,430,446,421,396,441,414,391,396,335,371,382,325,312,348,353,491,312,295,306,323,354,330,304,295,314,324,285,286,260,281,276,253,257,216,278,268,303,283,222,221,210,200,225,175,203,281,287,349,145,141,113,116,124,85,75,43,25,16,8,6,5,8,3,4,5,3,5,7,8,12,5,9,10,11,3,5,5,7,6,5,5,4,9,9,7,6,5,1,7,8,7,9,4,5,5,11,8,7,11,5,5,3,1,1,1,0,0,0,0,0,0,0,0,0,0,0,0,0,0,0,0,0,0,0,0,0,0,0,0,0,0,0,0,0,0,0,0,0,0,0,0,0,0,0,0,0,0,0,0,0,0,0,0,0,0,0,0,0,0
94.45,0,0,0,0,0,0,0,0,0,0,0,0,0,0,0,0,0,0,0,0,0,0,0,0,0,0,0,0,0,0,0,0,0,0,0,0,0,0,0,0,0,0,0,1,0,0,0,0,0,0,0,0,1,0,0,0,0,0,0,0,0,0,0,0,0,0,0,0,0,0,0,1,1,0,1,0,0,0,0,1,0,3,1,1,0,1,1,1,2,3,2,2,6,5,9,9,15,15,10,18,22,27,28,33,45,55,68,65,90,95,101,120,149,168,222,232,299,374,493,505,648,673,720,763,754,760,725,764,725,661,705,637,692,624,590,551,541,467,511,505,422,430,446,421,396,441,414,391,396,335,371,382,325,312,348,353,491,312,295,306,323,354,330,304,295,314,324,285,286,260,281,276,253,257,216,278,268,303,283,222,221,210,200,225,175,203,281,287,349,145,141,113,116,124,85,75,43,25,16,8,6,5,8,3,4,5,3,5,7,8,12,5,9,10,11,3,5,5,7,6,5,5,4,9,9,7,6,5,1,7,8,7,9,4,5,5,11,8,7,11,5,5,3,1,1,1,0,0,0,0,0,0,0,0,0,0,0,0,0,0,0,0,0,0,0,0,0,0,0,0,0,0,0,0,0,0,0,0,0,0,0,0,0,0,0,0,0,0,0,0,0,0,0,0,0,0,0,0,0,0
94.55,0,0,0,0,0,0,0,0,0,0,0,0,0,0,0,0,0,0,0,0,0,0,0,0,0,0,0,0,0,0,0,0,0,0,0,0,0,0,0,0,0,0,0,0,0,1,0,1,0,0,0,0,0,0,0,0,0,0,0,0,0,0,0,0,0,0,0,0,1,1,0,0,0,0,1,0,0,0,0,0,0,3,1,1,0,1,1,1,2,3,2,2,6,5,9,10,15,15,10,18,22,27,28,33,45,55,68,65,90,95,101,120,149,168,222,232,299,374,493,505,648,673,720,763,754,760,725,763,725,661,705,637,692,624,590,551,541,467,511,505,422,430,446,421,396,441,414,391,396,335,371,382,325,312,348,353,491,312,295,306,323,354,330,304,295,314,324,285,286,260,281,276,253,257,216,278,268,303,283,222,221,210,200,225,175,203,281,287,349,145,141,113,116,124,85,75,43,25,16,8,6,5,8,3,4,5,3,5,7,8,12,5,9,10,11,3,5,5,7,6,5,5,4,9,9,7,6,5,1,7,8,7,9,4,5,5,11,8,7,11,5,5,3,1,1,1,0,0,0,0,0,0,0,0,0,0,0,0,0,0,0,0,0,0,0,0,0,0,0,0,0,0,0,0,0,0,0,0,0,0,0,0,0,0,0,0,0,0,0,0,0,0,0,0,0,0,0,0,0,0
94.65,0,0,0,0,0,0,0,0,0,0,0,0,0,0,0,0,0,0,0,0,0,0,0,0,0,0,0,0,0,0,0,0,0,0,0,0,0,0,0,0,0,0,0,0,0,0,0,0,0,0,0,1,0,0,0,0,0,0,0,0,0,0,0,0,0,1,0,0,0,0,0,0,0,0,1,0,0,0,0,0,0,3,1,1,0,1,1,1,2,3,2,2,6,5,9,10,15,15,10,18,22,27,28,33,45,55,68,65,90,95,101,120,149,168,222,232,299,374,493,505,648,673,720,763,754,760,725,763,725,661,705,637,692,624,590,551,541,467,511,505,422,430,446,421,396,441,414,391,396,335,371,382,325,312,348,353,491,312,295,306,323,354,330,304,295,314,324,285,286,260,281,276,253,257,216,278,268,303,283,222,221,210,200,225,175,203,281,287,349,145,141,113,116,124,85,75,43,25,16,8,6,5,8,3,4,5,3,5,7,8,12,5,9,10,11,3,5,5,7,6,5,5,4,9,9,7,6,5,1,7,8,7,9,4,5,5,11,8,7,11,5,5,3,1,1,1,0,0,0,0,0,0,0,0,0,0,0,0,0,0,0,0,0,0,0,0,0,0,0,0,0,0,0,0,0,0,0,0,0,0,0,0,0,0,0,0,0,0,0,0,0,0,0,0,0,0,0,0,0,0
94.75,0,0,0,0,0,0,0,0,0,0,0,0,0,0,0,0,0,0,0,0,0,0,0,0,0,0,0,0,0,0,0,0,0,0,0,0,0,0,0,0,0,0,0,0,0,0,0,0,0,0,0,0,0,1,0,0,0,0,0,0,1,0,0,0,0,0,0,0,0,0,0,0,0,0,1,0,0,0,0,0,0,3,1,1,0,1,1,1,2,3,2,2,6,5,9,10,15,15,11,18,22,27,28,33,45,55,68,65,90,95,101,120,149,168,222,232,299,374,493,505,648,673,720,763,754,760,725,763,725,661,705,637,692,624,590,551,541,467,511,505,422,430,445,421,396,441,414,391,396,335,371,382,325,312,348,353,491,312,295,306,323,354,330,304,295,314,324,285,286,260,281,276,253,257,216,278,268,303,283,222,221,210,200,225,175,203,281,287,349,145,141,113,116,124,85,75,43,25,16,8,6,5,8,3,4,5,3,5,7,8,12,5,9,10,11,3,5,5,7,6,5,5,4,9,9,7,6,5,1,7,8,7,9,4,5,5,11,8,7,11,5,5,3,1,1,1,0,0,0,0,0,0,0,0,0,0,0,0,0,0,0,0,0,0,0,0,0,0,0,0,0,0,0,0,0,0,0,0,0,0,0,0,0,0,0,0,0,0,0,0,0,0,0,0,0,0,0,0,0,0
94.85,0,0,0,0,0,0,0,0,0,0,0,0,0,0,0,0,0,0,0,0,0,0,0,0,0,0,0,0,0,0,0,0,0,0,0,0,0,0,0,0,0,0,0,0,0,0,0,0,0,0,0,1,0,0,0,0,1,0,0,0,0,0,0,0,0,0,0,0,0,0,0,0,0,0,1,0,0,0,0,0,0,3,1,1,0,1,1,1,2,3,2,3,6,5,9,10,15,15,11,18,22,27,28,33,45,55,68,65,90,95,101,120,149,168,222,232,299,374,493,505,648,673,720,763,754,760,725,763,725,661,705,637,692,624,590,551,541,467,511,505,422,430,445,421,396,441,414,391,396,335,371,382,325,312,348,353,491,312,295,306,323,354,330,304,295,314,324,285,286,260,281,276,253,257,216,278,268,303,283,222,221,210,200,225,175,203,281,287,349,145,141,113,116,124,85,75,43,25,16,8,6,5,8,3,4,5,3,5,7,8,12,5,9,10,11,3,5,5,7,6,5,5,4,9,9,7,6,5,1,7,8,7,9,4,5,5,11,8,7,11,5,5,3,1,1,1,0,0,0,0,0,0,0,0,0,0,0,0,0,0,0,0,0,0,0,0,0,0,0,0,0,0,0,0,0,0,0,0,0,0,0,0,0,0,0,0,0,0,0,0,0,0,0,0,0,0,0,0,0,0
94.95,0,0,0,0,0,0,0,0,0,0,0,0,0,0,0,0,0,0,0,0,0,0,0,0,0,0,0,1,0,0,0,0,0,0,0,0,0,0,0,0,0,0,0,0,0,0,0,0,0,0,0,0,0,0,0,0,0,0,1,0,0,0,0,0,0,0,0,0,0,0,0,0,0,0,1,0,0,0,0,0,0,3,1,1,0,1,1,1,2,3,2,3,6,5,9,10,15,15,11,18,22,27,28,33,45,55,68,65,90,95,101,120,149,168,222,232,299,374,493,505,648,673,720,763,754,760,725,763,725,661,705,637,692,624,590,551,541,467,511,505,422,430,445,421,396,441,414,391,396,335,371,382,325,312,348,353,491,312,295,306,323,354,330,304,295,314,324,285,286,260,281,276,253,257,216,278,268,303,283,222,221,210,200,225,175,203,281,287,349,145,141,113,116,124,85,75,43,25,16,8,6,5,8,3,4,5,3,5,7,8,12,5,9,10,11,3,5,5,7,6,5,5,4,9,9,7,6,5,1,7,8,7,9,4,5,5,11,8,7,11,5,5,3,1,1,1,0,0,0,0,0,0,0,0,0,0,0,0,0,0,0,0,0,0,0,0,0,0,0,0,0,0,0,0,0,0,0,0,0,0,0,0,0,0,0,0,0,0,0,0,0,0,0,0,0,0,0,0,0,0
95.05,0,0,0,0,0,0,0,0,0,0,0,0,0,0,0,0,0,0,0,0,0,0,0,0,0,0,0,0,0,0,0,0,0,0,0,0,0,0,0,0,0,0,0,0,0,0,0,0,0,0,0,0,0,0,0,0,0,0,1,0,0,0,0,0,0,0,0,0,0,0,0,0,0,0,1,0,0,0,0,0,0,4,0,1,0,1,1,1,2,3,2,3,6,5,9,10,15,15,11,18,22,27,28,33,45,55,68,65,90,95,101,120,149,168,222,232,299,374,493,505,648,673,721,763,754,760,725,763,725,661,705,637,692,624,590,551,541,467,511,505,422,430,445,421,396,441,414,391,396,335,371,382,325,312,348,353,491,312,295,306,323,354,330,304,295,314,324,285,286,260,281,276,253,257,216,278,268,303,283,222,221,210,200,225,175,202,281,287,349,145,141,113,116,124,85,75,43,25,16,8,6,5,8,3,4,5,3,5,7,8,12,5,9,10,11,3,5,5,7,6,5,5,4,9,9,7,6,5,1,7,8,7,9,4,5,5,11,8,7,11,5,5,3,1,1,1,0,0,0,0,0,0,0,0,0,0,0,0,0,0,0,0,0,0,0,0,0,0,0,0,0,0,0,0,0,0,0,0,0,0,0,0,0,0,0,0,0,0,0,0,0,0,0,0,0,0,0,0,0,0
95.15,0,0,0,0,0,0,0,0,0,0,0,0,0,0,0,0,0,0,0,0,0,0,0,0,0,0,0,0,0,0,0,0,0,0,0,0,0,0,0,0,0,0,0,0,0,0,0,0,0,0,0,0,0,0,0,0,0,0,1,0,1,0,0,0,0,0,0,0,0,0,0,0,0,0,1,0,0,0,0,1,0,3,0,1,0,1,1,1,2,3,2,3,6,5,9,10,15,15,11,18,22,27,28,33,45,55,68,65,90,95,101,120,149,168,222,232,299,374,493,505,648,673,721,763,754,760,725,763,725,661,705,637,692,624,590,551,541,467,511,505,422,430,445,421,396,441,414,391,396,335,371,382,325,312,348,353,491,312,295,306,323,354,330,304,295,314,324,285,286,260,281,276,253,257,216,278,268,303,283,222,221,210,200,225,175,202,281,287,349,145,141,113,116,124,85,75,43,25,16,8,6,5,8,3,4,5,3,5,7,8,12,5,9,10,11,3,5,5,7,6,5,5,4,9,9,7,6,5,1,7,8,7,9,4,5,5,11,8,7,11,5,5,3,1,1,1,0,0,0,0,0,0,0,0,0,0,0,0,0,0,0,0,0,0,0,0,0,0,0,0,0,0,0,0,0,0,0,0,0,0,0,0,0,0,0,0,0,0,0,0,0,0,0,0,0,0,0,0,0,0
95.25,0,0,0,0,0,0,0,0,0,0,0,0,0,0,0,0,0,0,0,0,0,0,0,0,0,0,0,0,0,0,0,0,0,0,0,0,0,0,0,0,0,0,0,0,0,0,0,0,0,0,0,0,0,0,0,0,0,0,1,0,1,0,0,0,0,0,0,0,0,0,0,0,0,0,1,0,0,1,0,0,0,3,0,1,0,1,1,1,2,3,2,3,6,5,9,10,15,15,11,18,22,27,28,33,45,55,68,65,90,95,101,120,149,168,222,232,299,374,493,505,648,673,721,763,754,760,725,763,725,661,705,637,692,624,590,551,541,467,511,505,422,430,445,421,396,441,414,391,396,335,371,382,325,312,348,353,491,312,295,306,323,354,330,304,295,314,324,285,286,260,281,276,253,257,216,278,268,303,283,222,221,210,200,225,175,202,281,287,349,145,141,113,116,124,85,75,43,25,16,8,6,5,8,3,4,5,3,5,7,8,12,5,9,10,11,3,5,5,7,6,5,5,4,9,9,7,6,5,1,7,8,7,9,4,5,5,11,8,7,11,5,5,3,1,1,1,0,0,0,0,0,0,0,0,0,0,0,0,0,0,0,0,0,0,0,0,0,0,0,0,0,0,0,0,0,0,0,0,0,0,0,0,0,0,0,0,0,0,0,0,0,0,0,0,0,0,0,0,0,0
95.35,0,0,0,0,0,0,0,0,0,0,0,0,0,0,0,0,0,0,0,0,0,0,0,0,0,0,0,0,0,0,0,0,0,0,0,0,0,0,0,0,0,0,0,0,0,0,0,0,0,0,0,0,0,0,0,0,0,0,1,0,1,0,0,0,0,0,0,0,0,0,0,0,0,0,1,1,0,0,0,0,0,2,0,1,0,1,1,1,2,3,2,3,6,5,9,10,15,15,11,18,22,27,28,33,45,55,68,65,90,95,101,120,149,168,222,232,299,374,493,505,648,673,721,763,754,760,725,763,725,661,705,637,692,624,590,551,541,467,511,505,422,430,445,421,396,441,414,391,396,335,371,382,325,312,348,353,491,312,295,306,323,354,330,304,295,314,324,285,286,260,281,276,253,257,216,278,268,303,283,222,221,210,200,225,175,202,281,287,349,145,141,113,116,124,85,75,43,25,16,8,6,5,8,3,4,5,3,5,7,8,12,5,9,10,11,3,5,5,7,6,5,5,4,9,9,7,6,5,1,7,8,7,9,4,5,5,11,8,7,11,5,5,3,1,1,1,0,0,0,0,0,0,0,0,0,0,0,0,0,0,0,0,0,0,0,0,0,0,0,0,0,0,0,0,0,0,0,0,0,0,0,0,0,0,0,0,0,0,0,0,0,0,0,0,0,0,0,0,0,0
95.45,0,0,0,0,0,0,0,0,0,0,0,0,0,0,0,0,0,0,0,0,0,0,0,0,0,0,0,0,0,0,0,0,0,0,0,0,0,0,0,0,0,0,0,0,0,0,0,0,0,0,0,0,0,0,0,0,0,0,1,0,1,0,0,0,0,0,0,0,0,0,0,0,0,1,1,0,0,0,0,0,0,2,0,1,0,1,1,1,2,3,2,3,6,5,9,10,15,15,11,18,22,27,28,33,45,55,68,65,90,95,101,120,149,168,222,232,299,374,493,505,648,673,721,763,754,760,725,763,725,661,705,637,692,624,590,551,541,467,511,505,422,430,445,421,396,441,414,391,396,335,371,382,325,312,348,353,491,312,295,306,323,354,330,304,295,314,324,285,286,260,281,276,253,257,216,278,268,303,283,222,221,210,200,225,175,202,281,287,349,145,141,113,116,124,85,75,43,25,16,8,6,5,8,3,4,5,3,5,7,8,12,5,9,10,11,3,5,5,7,6,5,5,4,9,9,7,6,5,1,7,8,7,9,4,5,5,11,8,7,11,5,5,3,1,1,1,0,0,0,0,0,0,0,0,0,0,0,0,0,0,0,0,0,0,0,0,0,0,0,0,0,0,0,0,0,0,0,0,0,0,0,0,0,0,0,0,0,0,0,0,0,0,0,0,0,0,0,0,0,0
95.55,0,0,0,0,0,0,0,0,0,0,0,0,0,0,0,0,0,0,0,0,0,0,0,0,0,0,0,0,0,0,0,0,0,0,0,0,0,0,0,0,0,0,0,0,0,0,0,0,0,0,0,0,0,0,0,0,0,0,0,0,1,0,0,0,0,0,0,0,0,0,1,0,0,0,1,0,0,0,0,0,0,2,0,1,0,1,1,1,2,3,2,3,6,5,9,10,15,15,11,18,22,27,28,33,45,55,68,65,90,95,101,120,149,168,222,232,299,374,493,505,648,673,721,763,754,760,725,763,725,661,705,637,692,624,590,551,541,467,511,505,422,430,445,421,396,441,414,391,396,335,371,382,325,312,348,353,491,312,295,306,323,354,330,304,295,314,324,285,286,260,281,276,253,257,216,278,268,303,283,222,221,210,200,225,175,202,281,286,349,145,141,113,116,124,85,75,43,25,16,8,6,5,8,3,4,5,3,5,7,8,12,5,9,10,11,3,5,5,7,6,5,5,4,9,9,7,6,5,1,7,8,7,9,4,5,5,11,8,7,11,5,5,3,1,1,1,0,0,0,0,0,0,0,0,0,0,0,0,0,0,0,0,0,0,0,0,0,0,0,0,0,0,0,0,0,0,0,0,0,0,0,0,0,0,0,0,0,0,0,0,0,0,0,0,0,0,0,0,0,0
95.65,0,0,0,0,0,0,0,0,0,0,0,0,0,0,0,0,0,0,0,0,0,0,0,0,0,0,0,0,0,0,0,0,0,0,0,0,0,0,0,0,0,0,0,0,0,0,0,0,0,0,0,1,0,0,0,0,0,0,0,0,1,0,0,0,0,0,1,0,0,0,0,0,0,0,1,0,0,0,0,0,0,2,0,1,0,1,1,1,2,3,2,3,6,5,9,10,15,15,11,18,22,27,28,33,45,55,68,65,90,95,101,120,149,168,222,232,299,374,493,505,647,673,721,763,754,760,725,763,725,661,705,637,692,624,590,551,541,467,511,505,422,430,445,421,396,441,414,391,396,335,371,382,325,312,348,353,491,312,295,306,323,354,330,304,295,314,324,285,286,260,281,276,253,257,216,278,268,303,283,222,221,210,200,225,175,202,281,286,349,145,141,113,116,124,85,75,43,25,16,8,6,5,8,3,4,5,3,5,7,8,12,5,9,10,11,3,5,5,7,6,5,5,4,9,9,7,6,5,1,7,8,7,9,4,5,5,11,8,7,11,5,5,3,1,1,1,0,0,0,0,0,0,0,0,0,0,0,0,0,0,0,0,0,0,0,0,0,0,0,0,0,0,0,0,0,0,0,0,0,0,0,0,0,0,0,0,0,0,0,0,0,0,0,0,0,0,0,0,0,0
95.75,0,0,0,0,0,0,0,0,0,0,0,0,0,0,0,0,0,0,0,0,0,0,0,0,0,0,0,0,0,0,0,0,0,0,0,0,0,0,0,0,0,0,0,0,0,0,0,0,0,0,0,0,0,0,0,0,0,0,0,0,1,1,0,0,0,0,0,0,0,0,0,0,0,0,1,0,0,0,0,0,0,2,0,1,0,1,1,1,2,3,2,3,6,5,9,10,15,15,11,18,22,27,28,33,45,55,68,65,90,95,101,120,149,168,222,232,299,374,493,505,647,673,721,763,754,760,725,763,725,661,705,637,692,624,590,551,541,467,511,505,422,430,445,421,396,441,414,391,396,335,371,382,325,312,348,353,491,312,295,306,323,354,330,304,295,314,324,285,286,260,281,276,253,257,216,278,268,303,283,222,221,210,200,225,175,202,281,286,349,145,141,113,116,124,85,75,43,25,16,8,6,5,8,3,4,5,3,5,7,7,12,5,9,10,11,3,5,5,7,6,5,5,4,9,9,7,6,5,1,7,8,7,9,4,5,5,11,8,7,11,5,5,3,1,1,1,0,0,0,0,0,0,0,0,0,0,0,0,0,0,0,0,0,0,0,0,0,0,0,0,0,0,0,0,0,0,0,0,0,0,0,0,0,0,0,0,0,0,0,0,0,0,0,0,0,0,0,0,0,0
95.85,0,0,0,0,0,0,0,0,0,0,0,0,0,0,0,0,0,0,0,0,0,0,0,0,0,0,0,0,0,0,0,0,0,0,0,0,0,0,0,0,0,0,0,0,0,0,0,0,0,0,0,0,0,1,0,0,0,0,0,0,1,0,0,0,0,0,0,0,0,0,0,0,0,0,1,0,0,0,0,0,0,2,0,1,0,1,1,1,2,3,2,3,6,5,9,10,15,15,11,18,22,27,28,33,45,55,68,65,90,95,101,120,149,168,222,232,299,374,493,505,647,673,721,763,754,760,725,763,725,661,705,637,692,624,590,551,541,467,511,505,422,430,445,421,396,441,414,391,396,335,371,382,325,312,348,353,491,312,295,306,323,354,330,304,295,314,324,285,286,260,281,276,253,257,216,278,268,303,283,222,221,210,200,225,175,202,281,286,349,145,141,113,116,124,85,75,43,25,16,8,6,5,8,3,4,5,3,5,7,7,12,5,9,10,11,3,5,5,7,6,5,5,4,9,9,7,6,5,1,7,8,7,9,4,5,5,11,8,7,11,5,5,3,1,1,1,0,0,0,0,0,0,0,0,0,0,0,0,0,0,0,0,0,0,0,0,0,0,0,0,0,0,0,0,0,0,0,0,0,0,0,0,0,0,0,0,0,0,0,0,0,0,0,0,0,0,0,0,0,0
95.95,0,0,0,0,0,0,0,0,0,0,0,0,0,0,0,0,0,0,0,0,0,0,0,0,0,0,0,0,0,0,0,0,0,0,1,0,0,0,0,0,0,0,0,0,0,0,0,0,0,0,0,0,0,0,0,0,0,0,0,0,1,0,0,0,0,0,0,0,0,0,0,0,0,0,1,0,0,0,0,0,0,2,0,1,0,1,1,1,2,3,2,3,6,5,9,10,15,15,11,18,22,27,28,33,45,55,68,65,90,95,101,120,149,168,222,232,299,374,493,505,647,673,721,763,754,760,725,763,725,661,705,637,692,624,590,551,541,467,511,505,422,430,445,421,396,441,414,391,396,335,371,382,325,312,348,353,491,312,295,306,323,354,330,304,295,314,324,285,286,260,281,276,253,257,216,278,268,303,283,222,221,210,200,225,175,202,281,286,349,145,141,113,116,124,85,75,43,25,16,8,6,5,8,3,4,5,3,5,7,7,12,5,9,10,11,3,5,5,7,6,5,5,4,9,9,7,6,5,1,7,8,7,9,4,5,5,11,8,7,11,5,5,3,1,1,1,0,0,0,0,0,0,0,0,0,0,0,0,0,0,0,0,0,0,0,0,0,0,0,0,0,0,0,0,0,0,0,0,0,0,0,0,0,0,0,0,0,0,0,0,0,0,0,0,0,0,0,0,0,0
96.05,0,0,0,0,0,0,0,0,0,0,0,0,0,0,0,0,0,0,0,0,0,0,0,0,0,0,0,0,0,0,0,0,0,0,0,0,0,0,0,0,0,0,0,0,0,0,0,0,0,0,0,0,0,0,0,0,1,0,0,0,0,1,0,0,0,0,0,0,0,0,0,0,0,0,1,0,0,0,0,0,0,2,0,1,0,1,1,1,2,3,2,3,6,5,9,10,15,15,11,18,22,27,28,33,46,56,66,65,90,95,101,120,149,168,222,232,299,374,493,505,647,673,721,763,754,760,725,763,725,661,705,637,692,624,590,551,541,467,511,505,422,430,445,421,396,441,414,391,396,335,371,382,325,312,348,353,491,312,295,306,323,354,330,304,295,314,324,285,286,260,281,276,253,257,216,278,268,303,283,222,221,210,200,225,175,202,281,286,349,145,141,113,116,124,85,75,43,25,16,8,6,5,8,3,4,5,3,5,7,7,12,5,9,10,11,3,5,5,7,6,5,5,4,9,9,7,6,5,1,7,8,7,9,4,5,5,11,8,7,11,5,5,3,1,1,1,0,0,0,0,0,0,0,0,0,0,0,0,0,0,0,0,0,0,0,0,0,0,0,0,0,0,0,0,0,0,0,0,0,0,0,0,0,0,0,0,0,0,0,0,0,0,0,0,0,0,0,0,0,0
96.15,0,0,0,0,0,0,0,0,0,0,0,0,0,0,0,0,0,0,0,0,0,0,0,0,0,0,0,0,0,0,0,0,0,0,0,0,0,0,0,0,0,0,0,0,1,0,0,0,0,0,0,0,0,0,0,0,0,0,0,0,1,0,0,0,0,0,0,0,0,0,1,0,0,0,1,0,0,0,0,0,0,2,0,1,0,1,1,1,2,3,2,3,6,5,9,10,15,15,11,18,22,27,29,34,45,55,66,65,90,95,101,120,149,168,222,232,299,374,493,505,647,673,721,763,754,760,725,763,725,661,705,637,692,624,590,551,541,467,511,505,422,430,445,421,396,441,414,391,396,335,371,382,325,312,348,353,491,312,295,306,323,354,330,304,295,314,324,285,286,260,281,276,253,257,216,278,268,303,283,222,221,210,200,225,175,202,281,286,349,145,141,113,116,124,85,75,43,25,16,8,6,5,8,3,4,5,3,5,7,7,12,5,9,10,11,3,5,5,7,6,5,5,4,9,9,7,6,5,1,7,8,7,9,4,5,5,11,8,7,11,5,5,3,1,1,1,0,0,0,0,0,0,0,0,0,0,0,0,0,0,0,0,0,0,0,0,0,0,0,0,0,0,0,0,0,0,0,0,0,0,0,0,0,0,0,0,0,0,0,0,0,0,0,0,0,0,0,0,0,0
96.25,0,0,0,0,0,0,0,1,0,0,0,0,0,0,0,0,0,0,0,0,0,0,0,0,0,0,0,0,0,0,0,0,0,0,0,0,0,0,0,0,0,0,0,0,0,0,0,0,0,0,0,0,0,0,0,0,0,0,1,0,0,0,0,0,0,0,0,0,0,0,1,0,0,0,1,0,0,0,0,0,0,2,0,1,0,1,1,1,2,3,2,3,6,4,9,10,15,15,11,19,22,28,28,33,45,55,66,65,90,95,101,120,149,168,222,232,299,374,493,505,647,673,721,763,754,760,725,763,725,661,705,637,692,624,590,551,541,466,511,505,422,430,445,421,396,441,414,391,396,335,371,382,325,312,348,353,491,312,295,306,323,354,330,304,295,314,324,285,286,260,281,276,253,257,216,278,268,303,283,222,221,210,200,225,175,202,281,286,349,145,141,113,116,124,85,75,43,25,16,8,6,5,8,3,4,5,3,5,7,7,12,5,9,10,11,3,5,5,7,6,5,5,4,9,9,7,6,5,1,7,8,7,9,4,5,5,11,8,7,11,5,5,3,1,1,1,0,0,0,0,0,0,0,0,0,0,0,0,0,0,0,0,0,0,0,0,0,0,0,0,0,0,0,0,0,0,0,0,0,0,0,0,0,0,0,0,0,0,0,0,0,0,0,0,0,0,0,0,0,0
96.35,0,0,0,0,0,0,0,0,0,0,0,0,0,0,0,0,0,0,0,0,0,0,0,0,0,0,0,1,0,0,0,0,0,0,0,0,0,0,0,0,0,0,0,0,0,0,0,0,0,0,0,0,0,0,0,0,1,0,0,0,0,0,0,0,0,0,0,0,0,0,1,0,0,0,1,0,0,0,0,0,0,2,0,1,0,1,1,1,2,3,2,3,6,4,9,11,15,15,12,18,22,27,28,33,45,55,66,65,90,95,101,120,149,168,222,231,299,374,493,505,647,673,721,763,754,760,725,763,725,661,705,637,692,624,590,551,541,466,511,505,422,430,445,421,396,441,414,391,396,335,371,382,325,312,348,353,491,312,295,306,323,354,330,304,295,314,324,285,286,260,281,276,253,257,216,278,268,303,283,222,221,210,200,225,175,202,281,286,349,145,141,113,116,124,85,75,43,25,16,8,6,5,8,3,4,5,3,5,7,7,12,5,9,10,11,3,5,5,7,6,5,5,4,9,9,7,6,5,1,7,8,7,9,4,5,5,11,8,7,11,5,5,3,1,1,1,0,0,0,0,0,0,0,0,0,0,0,0,0,0,0,0,0,0,0,0,0,0,0,0,0,0,0,0,0,0,0,0,0,0,0,0,0,0,0,0,0,0,0,0,0,0,0,0,0,0,0,0,0,0
96.45,0,0,0,0,0,0,0,0,0,0,0,0,0,0,0,0,0,0,0,0,0,0,1,0,0,0,0,0,0,0,0,0,0,0,0,1,0,0,0,0,0,0,0,0,0,0,0,0,0,0,0,0,0,1,0,0,0,0,0,0,0,0,0,0,0,0,0,0,0,0,1,0,0,0,1,0,0,0,0,0,0,2,0,1,0,1,1,1,2,4,2,3,6,4,9,11,15,15,11,18,22,27,28,33,45,55,66,65,90,95,101,120,149,168,222,231,299,374,493,505,647,673,721,763,754,760,725,763,725,661,705,637,692,624,590,551,541,466,511,505,422,430,445,421,396,441,414,391,396,335,371,382,325,312,348,353,491,312,295,306,323,354,330,304,295,314,324,285,286,260,281,276,253,257,216,278,268,303,283,222,221,210,200,225,175,202,280,286,349,145,141,113,116,124,85,75,43,25,16,8,6,5,8,3,4,5,3,5,7,7,12,5,9,10,11,3,5,5,7,6,5,5,4,9,9,7,6,5,1,7,8,7,9,4,5,5,11,8,7,11,5,5,3,1,1,1,0,0,0,0,0,0,0,0,0,0,0,0,0,0,0,0,0,0,0,0,0,0,0,0,0,0,0,0,0,0,0,0,0,0,0,0,0,0,0,0,0,0,0,0,0,0,0,0,0,0,0,0,0,0
96.55,0,0,0,0,0,0,0,0,0,0,0,0,0,0,0,0,0,0,0,0,0,0,0,0,0,0,0,0,0,0,0,0,0,0,0,0,0,0,1,0,1,0,0,0,0,0,0,0,0,0,1,0,0,0,0,0,0,0,0,0,0,0,0,0,0,0,0,0,0,0,1,0,0,0,1,0,0,0,0,0,0,3,0,1,0,1,1,1,2,3,2,4,6,4,9,10,15,15,11,18,22,27,28,33,45,55,66,65,90,95,101,120,149,168,222,231,299,374,493,505,647,673,721,763,754,760,725,763,725,661,705,637,692,624,590,551,541,466,511,505,422,430,445,421,396,441,414,391,396,335,371,382,325,312,348,353,491,312,295,306,323,354,330,304,295,314,324,285,286,260,281,276,253,257,216,278,268,303,283,222,221,210,200,225,175,202,280,286,349,145,141,113,116,124,85,75,43,25,16,8,6,5,8,3,4,5,3,5,7,7,12,5,9,10,11,3,5,5,7,6,5,5,4,9,9,7,6,5,1,7,8,7,9,4,5,5,11,8,7,11,5,5,3,1,1,1,0,0,0,0,0,0,0,0,0,0,0,0,0,0,0,0,0,0,0,0,0,0,0,0,0,0,0,0,0,0,0,0,0,0,0,0,0,0,0,0,0,0,0,0,0,0,0,0,0,0,0,0,0,0
96.65,0,0,0,0,0,0,0,0,0,0,0,0,0,0,0,0,0,0,0,0,0,0,0,0,0,0,0,0,0,0,0,0,0,0,0,0,0,0,0,0,0,0,0,0,1,2,0,0,0,0,0,0,0,0,0,1,0,0,0,0,0,0,0,0,0,0,0,0,0,0,1,0,0,0,1,0,0,0,0,0,0,2,0,1,0,1,2,1,2,3,2,3,6,4,9,10,15,15,11,18,22,27,28,33,45,55,66,65,90,95,101,120,149,168,222,231,299,374,493,505,647,673,721,763,754,760,725,763,725,661,705,637,692,624,590,551,541,466,511,505,422,430,445,421,396,441,414,391,396,335,371,382,325,312,348,353,491,312,295,306,323,354,330,304,295,314,324,285,286,260,281,276,253,257,216,278,268,303,283,222,221,210,200,225,175,202,280,286,349,145,141,113,116,124,85,75,43,25,16,8,6,5,8,3,4,5,3,5,7,7,12,5,9,10,11,3,5,5,7,6,5,5,4,9,9,7,6,5,1,7,8,7,9,4,5,5,11,8,7,11,5,5,3,1,1,1,0,0,0,0,0,0,0,0,0,0,0,0,0,0,0,0,0,0,0,0,0,0,0,0,0,0,0,0,0,0,0,0,0,0,0,0,0,0,0,0,0,0,0,0,0,0,0,0,0,0,0,0,0,0
96.75,0,0,0,0,0,0,0,0,0,0,0,0,0,0,0,0,0,0,0,0,0,0,0,0,0,0,0,0,0,0,0,0,0,0,0,0,0,0,0,0,1,0,0,0,0,0,0,1,0,0,1,0,0,0,0,0,0,0,0,0,0,0,0,0,0,0,0,0,0,0,1,0,0,0,1,0,0,0,1,0,0,2,0,1,0,1,1,1,2,3,2,3,6,4,9,10,15,15,11,18,22,27,28,33,45,55,66,65,90,95,101,120,149,168,222,231,299,374,493,505,647,673,721,763,754,760,725,763,725,661,705,637,692,624,590,551,541,466,511,505,422,430,445,421,396,441,414,391,396,335,371,382,325,312,348,353,491,312,295,306,323,354,330,304,295,314,324,285,286,260,281,276,253,257,216,278,268,303,283,222,221,210,200,225,175,202,280,286,349,145,141,113,116,124,85,75,43,25,16,8,6,5,8,3,4,5,3,5,7,7,12,5,9,10,11,3,5,5,7,6,5,5,4,9,9,7,6,5,1,7,8,7,9,4,5,5,11,8,7,11,5,5,3,1,1,1,0,0,0,0,0,0,0,0,0,0,0,0,0,0,0,0,0,0,0,0,0,0,0,0,0,0,0,0,0,0,0,0,0,0,0,0,0,0,0,0,0,0,0,0,0,0,0,0,0,0,0,0,0,0
96.85,0,0,0,0,0,0,0,0,0,0,0,0,0,0,0,0,0,0,0,0,0,0,0,0,0,0,0,0,0,1,0,0,0,0,0,0,0,0,0,0,0,0,0,0,0,0,0,0,0,1,0,0,0,0,1,0,1,0,0,0,0,0,0,0,0,0,0,0,0,0,1,0,0,0,1,0,0,0,0,0,0,2,0,1,0,1,1,1,2,3,2,3,6,4,9,10,15,15,11,18,22,27,28,33,45,55,66,65,90,95,101,120,149,168,222,231,299,374,493,505,647,673,721,763,754,760,725,763,725,661,705,637,692,624,590,551,541,466,511,505,422,430,445,421,396,441,414,391,396,335,371,382,325,312,348,353,491,312,295,306,323,354,330,304,295,314,324,285,286,260,281,276,253,257,216,278,268,303,283,221,221,210,200,225,175,202,280,286,349,145,141,113,116,124,85,75,43,25,16,8,6,5,8,3,4,5,3,5,7,7,12,5,9,10,11,3,5,5,7,6,5,5,4,9,9,7,6,5,1,7,8,7,9,4,5,5,11,8,7,11,5,5,3,1,1,1,0,0,0,0,0,0,0,0,0,0,0,0,0,0,0,0,0,0,0,0,0,0,0,0,0,0,0,0,0,0,0,0,0,0,0,0,0,0,0,0,0,0,0,0,0,0,0,0,0,0,0,0,0,0
96.95,0,0,0,0,0,0,0,0,0,0,0,0,0,0,0,0,0,0,0,0,0,0,0,0,0,0,0,0,0,0,0,0,0,0,0,0,0,0,0,0,0,0,0,0,0,0,0,0,0,0,0,1,0,0,0,0,0,1,0,0,0,0,0,0,0,1,0,0,0,0,1,0,0,0,1,0,0,0,0,0,0,2,0,1,0,1,1,1,2,3,2,3,6,4,9,10,15,15,11,18,22,27,28,33,45,55,66,65,90,95,101,120,149,168,222,231,299,374,493,505,647,673,721,763,754,760,725,763,725,661,705,637,692,624,590,551,541,466,511,505,422,430,445,421,396,441,414,391,396,335,371,382,325,312,348,353,491,312,295,306,323,354,330,304,295,314,324,285,286,260,281,276,253,257,216,278,268,303,283,221,221,210,200,225,175,202,280,286,349,145,141,113,116,124,85,75,43,25,16,8,6,5,8,3,4,5,3,5,7,7,12,5,9,10,11,3,5,5,7,6,5,5,4,9,9,7,6,5,1,7,8,7,9,4,5,5,11,8,7,11,5,5,3,1,1,1,0,0,0,0,0,0,0,0,0,0,0,0,0,0,0,0,0,0,0,0,0,0,0,0,0,0,0,0,0,0,0,0,0,0,0,0,0,0,0,0,0,0,0,0,0,0,0,0,0,0,0,0,0,0
97.05,0,0,0,0,0,0,0,0,0,0,0,0,0,0,0,0,0,0,0,0,0,0,0,0,0,0,0,0,0,0,0,0,0,0,0,0,0,0,0,0,0,0,0,0,0,0,0,0,0,0,0,0,1,0,0,0,0,0,1,0,0,0,0,1,0,0,0,0,0,0,0,0,0,1,0,0,0,0,0,0,0,2,0,1,0,1,1,1,2,3,2,3,6,4,9,10,15,15,11,18,22,27,28,33,45,55,66,65,91,95,101,120,149,167,222,231,299,374,493,505,647,673,721,763,754,760,725,763,724,661,705,637,692,624,590,551,541,466,511,505,422,430,445,421,396,441,414,391,396,335,371,382,325,312,348,353,491,312,295,306,323,354,330,304,295,314,324,285,286,260,281,276,253,257,216,278,268,303,283,221,221,210,200,225,175,202,280,286,349,145,141,113,116,124,85,75,43,25,16,8,6,5,8,3,4,5,3,5,7,7,12,5,9,10,11,3,5,5,7,6,5,5,4,9,9,7,6,5,1,7,8,7,9,4,5,5,11,8,7,11,5,5,3,1,1,1,0,0,0,0,0,0,0,0,0,0,0,0,0,0,0,0,0,0,0,0,0,0,0,0,0,0,0,0,0,0,0,0,0,0,0,0,0,0,0,0,0,0,0,0,0,0,0,0,0,0,0,0,0,0
97.15,0,0,0,0,0,0,0,0,0,0,0,0,0,0,0,0,0,0,0,0,0,0,0,0,0,0,0,0,0,0,0,0,0,0,0,0,0,0,0,0,0,0,0,0,0,0,0,0,0,0,0,0,1,0,0,0,0,0,0,0,0,1,0,0,0,0,0,0,0,0,0,1,0,0,0,0,0,0,0,0,0,2,0,2,0,1,1,1,2,3,2,3,6,4,9,10,15,15,11,18,22,27,28,33,45,55,66,65,90,95,101,120,149,167,222,231,299,374,493,505,647,673,721,763,754,760,725,763,724,661,705,637,692,624,590,551,541,466,511,505,422,430,445,421,396,441,414,391,396,335,371,382,325,312,348,353,491,312,295,306,323,354,330,304,295,314,324,285,286,260,281,276,253,257,216,278,268,303,283,221,221,210,200,225,175,202,280,286,349,145,141,113,116,124,85,75,43,25,16,8,6,5,8,3,4,5,3,5,7,7,12,5,9,10,11,3,5,5,7,6,5,5,4,9,9,7,6,5,1,7,8,7,9,4,5,5,11,8,7,11,5,5,3,1,1,1,0,0,0,0,0,0,0,0,0,0,0,0,0,0,0,0,0,0,0,0,0,0,0,0,0,0,0,0,0,0,0,0,0,0,0,0,0,0,0,0,0,0,0,0,0,0,0,0,0,0,0,0,0,0
97.25,0,0,0,0,0,0,0,0,0,0,0,0,0,0,0,0,0,0,0,0,0,0,0,0,0,0,0,0,0,0,0,0,0,0,0,0,0,0,0,0,0,0,0,0,0,0,0,0,0,0,0,0,1,0,0,0,0,1,0,0,0,0,0,0,0,0,0,0,0,1,0,0,0,0,0,0,0,0,0,0,0,2,0,1,0,1,1,1,2,3,2,3,6,4,9,10,15,15,11,18,22,27,28,33,45,55,66,65,90,95,101,120,149,167,222,231,299,374,493,505,647,673,721,763,754,760,725,763,724,661,705,637,692,624,590,551,541,466,511,505,422,430,445,421,396,441,414,391,396,335,371,382,325,312,348,353,491,312,295,306,323,354,330,304,295,314,324,285,286,260,281,276,253,257,216,278,268,303,283,221,221,210,200,225,175,202,280,286,349,145,141,113,116,124,85,75,43,25,16,8,6,5,8,3,4,5,3,5,7,7,12,5,9,10,11,3,5,5,7,6,5,5,4,9,9,7,6,5,1,7,8,7,9,4,5,5,11,8,7,11,5,5,3,1,1,1,0,0,0,0,0,0,0,0,0,0,0,0,0,0,0,0,0,0,0,0,0,0,0,0,0,0,0,0,0,0,0,0,0,0,0,0,0,0,0,0,0,0,0,0,0,0,0,0,0,0,0,0,0,0
97.35,0,0,0,0,0,0,0,0,0,0,0,0,0,0,0,0,0,0,0,0,0,0,0,0,0,0,0,0,0,0,0,0,0,0,0,0,0,0,0,0,0,0,0,0,0,0,0,0,0,0,0,0,1,1,0,0,0,0,0,0,0,0,0,0,0,0,1,0,0,0,0,0,0,0,0,0,0,0,0,0,0,2,0,1,0,1,1,1,2,3,2,3,6,4,9,10,15,15,11,18,22,27,28,33,45,55,66,65,90,95,101,120,149,167,222,231,299,374,493,505,647,673,721,763,754,760,725,763,724,661,705,637,692,624,590,551,541,466,511,505,422,430,445,421,396,441,414,391,396,335,371,382,325,312,348,353,491,312,295,306,323,354,330,304,295,314,324,285,286,260,281,276,253,257,216,278,268,303,283,221,221,210,200,225,175,202,280,286,349,145,141,113,116,124,85,75,43,25,16,8,6,5,8,3,4,5,3,5,7,7,12,5,9,10,11,3,5,5,7,6,5,5,4,9,9,7,6,5,1,7,8,7,9,4,5,5,11,8,7,11,5,5,3,1,1,1,0,0,0,0,0,0,0,0,0,0,0,0,0,0,0,0,0,0,0,0,0,0,0,0,0,0,0,0,0,0,0,0,0,0,0,0,0,0,0,0,0,0,0,0,0,0,0,0,0,0,0,0,0,0
97.45,0,0,0,0,0,0,0,0,0,0,0,0,0,0,0,0,0,0,0,0,0,0,0,0,0,0,0,0,0,0,0,0,0,0,0,0,0,0,0,0,0,0,0,0,0,0,0,1,0,0,0,0,1,0,0,0,0,0,0,0,0,0,0,0,1,0,0,0,0,0,0,0,0,0,0,0,0,0,0,0,0,2,0,1,0,1,1,1,2,3,2,3,6,4,9,10,15,15,11,18,22,27,28,33,45,55,66,65,90,95,101,120,149,167,222,231,299,374,493,505,647,673,721,763,754,760,725,763,724,661,705,637,692,624,590,551,541,466,511,505,422,430,445,421,396,441,414,391,396,335,371,382,325,312,348,353,491,312,295,306,323,354,330,304,295,314,324,285,286,260,281,276,253,257,216,278,268,303,283,221,221,210,200,225,175,202,280,286,349,145,141,113,116,124,85,75,43,25,16,8,6,5,8,3,4,5,3,5,7,7,12,5,9,10,11,3,5,5,7,6,5,5,4,9,9,7,6,5,1,7,8,7,9,4,5,5,11,8,7,11,5,5,3,1,1,1,0,0,0,0,0,0,0,0,0,0,0,0,0,0,0,0,0,0,0,0,0,0,0,0,0,0,0,0,0,0,0,0,0,0,0,0,0,0,0,0,0,0,0,0,0,0,0,0,0,0,0,0,0,0
97.55,0,0,0,0,0,0,0,0,0,0,0,0,0,0,0,0,0,0,0,0,0,0,0,0,0,0,0,0,0,0,0,0,0,0,0,1,0,0,0,0,0,0,0,0,0,0,0,0,0,0,0,0,1,0,0,0,0,0,0,0,1,0,0,0,0,0,0,0,0,0,0,0,0,0,0,0,0,0,0,0,0,2,0,1,0,1,1,1,2,3,2,3,6,4,9,10,15,15,11,18,22,27,28,33,45,55,66,65,90,95,101,120,149,167,222,231,299,374,493,505,647,673,721,763,754,760,725,763,724,661,705,637,692,624,590,551,541,466,511,505,422,430,445,421,396,441,414,391,396,335,371,382,325,312,348,353,491,312,295,306,323,354,330,304,295,314,324,285,286,260,281,276,252,257,216,278,268,303,283,221,221,210,200,225,175,202,280,286,349,145,141,113,116,124,85,75,43,25,16,8,6,5,8,3,4,5,3,5,7,7,12,5,9,10,11,3,5,5,7,6,5,5,4,9,9,7,6,5,1,7,8,7,9,4,5,5,11,8,7,11,5,5,3,1,1,1,0,0,0,0,0,0,0,0,0,0,0,0,0,0,0,0,0,0,0,0,0,0,0,0,0,0,0,0,0,0,0,0,0,0,0,0,0,0,0,0,0,0,0,0,0,0,0,0,0,0,0,0,0,0
97.65,0,0,0,0,0,0,0,0,0,0,0,0,0,0,0,0,0,0,0,0,0,0,0,0,0,0,0,0,0,0,0,0,0,0,0,0,0,0,0,0,0,0,0,0,0,0,0,0,0,0,0,0,1,0,0,1,0,0,0,0,0,0,0,0,0,0,0,0,0,0,0,0,0,0,0,0,0,0,0,0,0,2,0,1,0,1,1,1,2,3,2,3,6,4,9,10,15,15,11,18,22,27,28,33,45,55,66,65,90,95,101,120,149,167,222,231,299,374,493,505,647,673,721,763,754,760,725,763,724,660,705,637,692,624,590,551,541,466,511,505,422,430,445,421,396,441,414,391,396,335,371,382,325,312,348,353,491,312,295,306,323,354,330,304,295,314,324,285,286,260,281,276,252,257,216,278,268,303,283,221,221,210,200,225,175,202,280,286,349,145,141,113,116,124,85,75,43,25,16,8,6,5,8,3,4,5,3,5,7,7,12,5,9,10,11,3,5,5,7,6,5,5,4,9,9,7,6,5,1,7,8,7,9,4,5,5,11,8,7,11,5,5,3,1,1,1,0,0,0,0,0,0,0,0,0,0,0,0,0,0,0,0,0,0,0,0,0,0,0,0,0,0,0,0,0,0,0,0,0,0,0,0,0,0,0,0,0,0,0,0,0,0,0,0,0,0,0,0,0,0
97.75,0,0,0,0,0,0,0,0,0,0,0,0,0,0,0,0,0,0,0,0,0,0,0,0,0,0,0,0,0,0,0,0,0,0,0,0,0,0,0,0,0,0,0,0,0,0,0,0,1,0,0,0,1,0,0,0,0,0,0,0,0,0,0,0,0,0,0,0,0,0,0,0,0,0,0,0,0,0,0,0,0,2,0,1,0,1,1,1,2,3,2,3,6,4,9,10,15,15,11,18,22,27,28,33,45,55,66,65,90,95,101,120,149,167,222,231,299,374,493,505,647,673,721,763,754,760,725,763,724,660,705,637,692,624,589,551,541,466,511,505,422,430,445,421,396,441,414,391,396,335,371,382,325,312,348,353,491,312,295,306,323,354,330,304,295,314,324,285,286,260,281,276,252,257,216,278,268,303,283,221,221,210,200,225,175,202,280,286,349,145,141,113,116,124,85,75,43,25,16,8,6,5,8,3,4,5,3,5,7,7,12,5,9,10,11,3,5,5,7,6,5,5,4,9,9,7,6,5,1,7,8,7,9,4,5,5,11,8,7,11,5,5,3,1,1,1,0,0,0,0,0,0,0,0,0,0,0,0,0,0,0,0,0,0,0,0,0,0,0,0,0,0,0,0,0,0,0,0,0,0,0,0,0,0,0,0,0,0,0,0,0,0,0,0,0,0,0,0,0,0
97.85,0,0,0,0,0,0,0,0,0,0,0,0,0,0,0,0,0,0,0,0,0,0,0,0,0,0,0,0,0,0,0,0,0,0,1,0,0,0,0,0,0,0,0,0,0,0,0,0,0,0,0,0,1,0,0,0,0,0,0,0,0,0,0,0,0,0,0,0,0,0,0,0,0,0,0,0,0,0,0,0,0,2,0,1,0,1,1,1,2,3,2,3,6,4,9,10,15,15,11,18,22,27,28,33,45,55,66,65,90,95,101,120,149,167,222,231,299,374,493,505,647,673,721,763,754,760,725,763,724,660,705,637,692,624,589,551,541,466,511,505,422,430,444,421,396,441,414,391,396,335,371,382,325,312,348,353,491,312,295,306,323,354,330,304,295,314,324,285,286,260,281,276,252,257,216,278,268,303,283,221,221,210,200,225,175,202,280,286,349,145,141,113,116,124,85,75,43,25,16,8,6,5,8,3,4,5,3,5,7,7,12,5,9,10,11,3,5,5,7,6,5,5,4,9,9,7,6,5,1,7,8,7,9,4,5,5,11,8,7,11,5,5,3,1,1,1,0,0,0,0,0,0,0,0,0,0,0,0,0,0,0,0,0,0,0,0,0,0,0,0,0,0,0,0,0,0,0,0,0,0,0,0,0,0,0,0,0,0,0,0,0,0,0,0,0,0,0,0,0,0
97.95,0,0,0,0,0,0,0,0,0,0,0,0,0,0,0,0,0,0,0,0,0,0,0,0,0,0,0,0,0,0,0,0,0,0,0,0,0,0,0,0,0,0,0,0,0,0,0,0,0,0,0,0,1,0,0,0,0,0,0,0,0,0,0,0,0,0,0,0,0,0,0,0,0,0,0,0,0,0,0,0,0,2,0,1,0,1,1,1,2,3,2,3,6,4,9,10,15,15,11,18,22,27,28,33,45,55,66,65,90,95,101,120,149,167,222,231,299,374,493,505,647,673,721,763,754,760,725,763,724,660,705,637,692,624,589,551,541,466,511,505,422,430,444,421,396,441,414,391,396,335,371,382,325,312,348,353,491,312,295,306,323,354,330,304,295,314,324,285,286,260,281,276,252,257,216,278,268,303,283,221,221,210,200,225,175,202,280,286,349,145,141,113,116,124,85,75,43,25,16,8,6,5,8,3,4,5,3,5,7,7,12,5,9,10,11,3,5,5,7,6,5,5,4,9,9,7,6,5,1,7,8,7,9,4,5,5,11,8,7,11,5,5,3,1,1,1,0,0,0,0,0,0,0,0,0,0,0,0,0,0,0,0,0,0,0,0,0,0,0,0,0,0,0,0,0,0,0,0,0,0,0,0,0,0,0,0,0,0,0,0,0,0,0,0,0,0,0,0,0,0
98.05,0,0,0,0,0,0,0,0,0,0,0,0,0,0,0,0,0,0,0,0,0,0,0,0,0,0,0,0,0,0,0,0,0,0,0,0,0,0,0,0,0,0,0,0,0,0,0,0,0,0,0,0,1,0,0,0,0,0,0,0,0,0,0,0,0,0,0,0,0,0,0,0,0,0,0,0,0,0,0,0,0,2,0,1,0,1,1,1,2,3,2,4,5,4,9,10,15,15,11,18,22,27,28,33,45,55,66,65,90,95,101,120,149,167,222,231,299,374,493,505,647,673,721,763,754,760,725,763,724,660,705,637,692,624,590,550,541,466,511,505,422,430,444,421,396,441,414,391,396,335,371,382,325,312,348,353,491,312,295,306,323,354,330,304,295,314,324,285,286,260,281,276,252,257,216,278,268,303,283,221,221,210,200,225,175,202,280,286,349,145,141,113,116,124,85,75,43,25,16,8,6,5,8,3,4,5,3,5,7,7,12,5,9,10,11,3,5,5,7,6,5,5,4,9,9,7,6,5,1,7,8,7,9,4,5,5,11,8,7,11,5,5,3,1,1,1,0,0,0,0,0,0,0,0,0,0,0,0,0,0,0,0,0,0,0,0,0,0,0,0,0,0,0,0,0,0,0,0,0,0,0,0,0,0,0,0,0,0,0,0,0,0,0,0,0,0,0,0,0,0
98.15,0,0,0,0,0,0,0,0,0,0,0,0,0,0,0,0,0,0,0,0,0,0,0,0,0,0,0,0,0,0,0,0,0,0,0,0,0,0,0,0,0,0,0,0,0,0,0,0,0,0,0,0,1,0,0,0,0,0,0,0,0,0,0,0,0,0,0,0,0,0,0,0,0,0,0,0,0,0,0,0,0,2,0,1,0,1,1,1,2,4,2,3,5,4,9,10,15,15,11,18,22,27,28,33,45,55,66,65,90,95,101,120,149,167,222,231,299,374,493,505,647,673,721,763,754,760,725,763,724,660,705,637,692,624,590,550,541,466,511,505,422,430,444,421,396,441,414,391,396,335,371,382,325,312,348,353,491,312,295,306,323,354,330,304,295,314,324,285,286,260,281,276,252,257,216,278,268,303,284,220,221,210,200,225,175,202,280,286,349,145,141,113,116,124,85,75,43,25,16,8,6,5,8,3,4,5,3,5,7,7,12,5,9,10,11,3,5,5,7,6,5,5,4,9,9,7,6,5,1,7,8,7,9,4,5,5,11,8,7,11,5,5,3,1,1,1,0,0,0,0,0,0,0,0,0,0,0,0,0,0,0,0,0,0,0,0,0,0,0,0,0,0,0,0,0,0,0,0,0,0,0,0,0,0,0,0,0,0,0,0,0,0,0,0,0,0,0,0,0,0
98.25,0,0,0,0,0,0,0,0,0,0,0,0,0,0,0,0,0,0,0,0,0,0,0,0,0,0,0,0,0,0,0,0,0,0,0,0,0,0,0,0,0,0,0,0,0,0,0,0,0,0,0,0,1,0,0,0,0,0,0,0,0,0,0,0,0,0,0,0,0,0,0,0,0,0,0,0,0,0,0,0,0,2,0,1,0,1,1,2,2,3,2,3,5,4,9,10,15,15,11,18,22,27,28,33,45,55,66,65,90,95,101,120,149,167,222,231,299,374,493,505,647,673,721,763,754,760,725,763,724,660,705,637,692,625,589,550,541,466,511,505,422,430,444,421,396,441,414,391,396,335,371,382,325,312,348,353,491,312,295,306,323,354,330,304,295,314,324,285,286,260,281,276,252,257,216,278,268,304,283,220,221,210,200,225,175,202,280,286,349,145,141,113,116,124,85,75,43,25,16,8,6,5,8,3,4,5,3,5,7,7,12,5,9,10,11,3,5,5,7,6,5,5,4,9,9,7,6,5,1,7,8,7,9,4,5,5,11,8,7,11,5,5,3,1,1,1,0,0,0,0,0,0,0,0,0,0,0,0,0,0,0,0,0,0,0,0,0,0,0,0,0,0,0,0,0,0,0,0,0,0,0,0,0,0,0,0,0,0,0,0,0,0,0,0,0,0,0,0,0,0
98.35,0,0,0,0,0,0,0,0,0,0,0,0,0,0,0,0,0,0,0,0,0,0,0,0,0,0,0,0,0,0,0,0,0,0,0,0,0,0,0,0,0,0,0,0,0,0,0,0,0,0,0,0,1,0,0,0,0,0,0,0,0,0,0,0,0,0,0,0,0,0,0,0,0,0,0,0,0,0,0,0,0,2,0,1,1,1,1,1,2,3,2,3,5,4,9,10,15,15,11,18,22,27,28,33,45,55,66,65,90,95,101,120,149,167,222,231,299,374,493,505,647,673,721,763,754,760,725,763,724,660,705,637,692,625,589,550,541,466,511,505,422,430,444,421,396,441,414,391,396,335,371,382,325,312,348,353,491,312,295,306,323,354,330,304,295,314,324,285,286,260,281,276,252,257,216,279,268,303,283,220,221,210,200,225,175,202,280,286,349,145,141,113,116,124,85,75,43,25,16,8,6,5,8,3,4,5,3,5,7,7,12,5,9,10,11,3,5,5,7,6,5,5,4,9,9,7,6,5,1,7,8,7,9,4,5,5,11,8,7,11,5,5,3,1,1,1,0,0,0,0,0,0,0,0,0,0,0,0,0,0,0,0,0,0,0,0,0,0,0,0,0,0,0,0,0,0,0,0,0,0,0,0,0,0,0,0,0,0,0,0,0,0,0,0,0,0,0,0,0,0
98.45,0,0,0,0,0,0,0,0,0,0,0,0,0,0,0,0,0,0,0,0,0,0,0,0,0,0,0,0,0,0,0,0,0,0,0,0,0,0,0,0,0,0,0,0,0,0,0,0,0,0,0,0,1,0,0,0,0,0,0,0,0,0,0,0,0,0,0,0,0,0,0,0,0,0,0,0,0,0,0,0,1,2,0,1,0,1,1,1,2,3,2,3,5,4,9,10,15,15,11,18,22,27,28,33,45,55,66,65,90,95,101,120,149,167,222,231,299,374,493,505,647,673,721,763,754,760,725,763,724,660,705,637,693,624,589,550,541,466,511,505,422,430,444,421,396,441,414,391,396,335,371,382,325,312,348,353,491,312,295,306,323,354,330,304,295,314,324,285,286,260,281,276,252,257,217,278,268,303,283,220,221,210,200,225,175,202,280,286,349,145,141,113,116,124,85,75,43,25,16,8,6,5,8,3,4,5,3,5,7,7,12,5,9,10,11,3,5,5,7,6,5,5,4,9,9,7,6,5,1,7,8,7,9,4,5,5,11,8,7,11,5,5,3,1,1,1,0,0,0,0,0,0,0,0,0,0,0,0,0,0,0,0,0,0,0,0,0,0,0,0,0,0,0,0,0,0,0,0,0,0,0,0,0,0,0,0,0,0,0,0,0,0,0,0,0,0,0,0,0,0
98.55,0,0,0,0,0,0,0,0,0,0,0,0,0,0,0,0,0,0,0,0,0,0,0,0,0,0,0,0,0,0,0,0,0,0,0,0,0,0,0,0,0,0,0,0,0,0,0,0,0,0,0,0,1,0,0,0,0,0,0,0,0,0,0,0,0,0,0,0,0,0,0,0,0,0,0,0,1,0,0,0,0,2,0,1,0,1,1,1,2,3,2,3,5,4,9,10,15,15,11,18,22,27,28,33,45,55,66,65,90,95,101,120,149,167,222,231,299,374,493,505,647,673,721,763,754,760,725,763,724,660,705,637,693,624,589,550,541,466,511,505,422,430,444,421,396,441,414,391,396,335,371,382,325,312,348,353,491,312,295,306,323,354,330,304,295,314,324,285,286,260,281,276,252,258,216,278,268,303,283,220,221,210,200,225,175,202,280,286,349,145,141,113,116,124,85,75,43,25,16,8,6,5,8,3,4,5,3,5,7,7,12,5,9,10,11,3,5,5,7,6,5,5,4,9,9,7,6,5,1,7,8,7,9,4,5,5,11,8,7,11,5,5,3,1,1,1,0,0,0,0,0,0,0,0,0,0,0,0,0,0,0,0,0,0,0,0,0,0,0,0,0,0,0,0,0,0,0,0,0,0,0,0,0,0,0,0,0,0,0,0,0,0,0,0,0,0,0,0,0,0
98.65,0,0,0,0,0,0,0,0,0,0,0,0,0,0,0,0,0,0,0,0,0,0,0,0,0,0,0,0,0,0,0,0,0,0,0,0,0,0,0,0,0,0,0,0,0,0,0,0,0,0,0,0,1,0,0,0,0,0,0,0,0,0,0,0,0,0,0,0,0,1,0,0,0,0,0,0,0,0,0,0,0,2,0,1,0,1,1,1,2,3,2,3,5,4,9,10,15,15,11,18,22,27,28,33,45,55,66,65,90,95,101,120,149,167,222,231,299,374,493,505,647,673,721,762,754,760,725,763,724,660,705,638,692,624,589,550,541,466,511,505,422,430,444,421,396,441,414,391,396,335,371,382,325,312,348,353,491,312,295,306,323,354,330,304,295,314,324,285,286,260,281,277,252,257,216,278,268,303,283,220,221,210,200,225,175,202,280,286,349,145,141,113,116,124,85,75,43,25,16,8,6,5,8,3,4,5,3,5,7,7,12,5,9,10,11,3,5,5,7,6,5,5,4,9,9,7,6,5,1,7,8,7,9,4,5,5,11,8,7,11,5,5,3,1,1,1,0,0,0,0,0,0,0,0,0,0,0,0,0,0,0,0,0,0,0,0,0,0,0,0,0,0,0,0,0,0,0,0,0,0,0,0,0,0,0,0,0,0,0,0,0,0,0,0,0,0,0,0,0,0
98.75,0,0,0,0,0,0,0,0,0,0,0,0,0,0,0,0,0,0,0,0,0,0,0,0,0,0,0,0,0,0,0,0,0,0,0,0,0,0,0,0,0,0,0,0,0,0,0,0,0,0,0,0,1,0,0,0,0,1,0,0,0,0,0,0,0,0,0,0,0,0,0,0,0,0,0,0,0,0,0,0,0,2,0,1,0,1,1,1,2,3,2,3,5,4,9,10,15,15,11,18,22,27,28,33,45,55,66,65,90,95,101,120,149,167,222,231,299,374,493,505,647,673,721,762,754,760,725,763,724,660,705,638,692,624,589,550,541,466,511,505,422,430,444,421,396,441,414,391,396,335,371,382,325,312,348,353,491,312,294,306,323,354,330,304,295,314,324,285,286,260,282,276,252,257,216,278,268,303,283,220,221,210,200,224,175,202,280,286,349,145,142,113,116,124,85,75,43,25,16,8,6,5,8,3,4,5,3,5,7,7,12,5,9,10,11,3,5,5,7,6,5,5,4,9,9,7,6,5,1,7,8,7,9,4,5,5,11,8,7,11,5,5,3,1,1,1,0,0,0,0,0,0,0,0,0,0,0,0,0,0,0,0,0,0,0,0,0,0,0,0,0,0,0,0,0,0,0,0,0,0,0,0,0,0,0,0,0,0,0,0,0,0,0,0,0,0,0,0,0,0
98.85,0,0,0,0,0,0,0,0,0,0,0,0,0,0,0,0,0,0,0,0,0,0,0,0,0,0,0,0,0,0,0,0,0,0,0,0,0,0,0,0,0,0,0,0,0,0,0,0,0,0,0,0,1,0,0,0,0,0,0,0,0,0,0,0,0,0,0,0,0,0,0,0,0,0,0,0,0,0,0,0,0,2,0,1,0,1,1,1,2,3,2,3,5,4,9,10,15,15,11,18,22,27,28,33,45,55,66,65,90,95,101,120,149,166,222,231,299,374,493,505,646,673,721,762,754,760,725,763,724,660,705,638,692,624,589,550,541,466,511,505,422,430,444,421,396,441,414,391,396,335,371,382,325,312,348,353,491,312,294,306,323,354,330,304,295,314,324,285,287,260,281,276,252,257,216,278,268,303,283,220,221,210,199,224,175,202,280,286,349,145,142,113,116,124,85,75,43,25,16,8,6,5,8,3,4,5,3,5,7,7,12,5,9,10,11,3,5,5,7,6,5,5,4,9,9,7,6,5,1,7,8,7,9,4,5,5,11,8,7,11,5,5,3,1,1,1,0,0,0,0,0,0,0,0,0,0,0,0,0,0,0,0,0,0,0,0,0,0,0,0,0,0,0,0,0,0,0,0,0,0,0,0,0,0,0,0,0,0,0,0,0,0,0,0,0,0,0,0,0,0
98.95,0,0,0,0,0,0,0,0,0,0,0,0,0,0,0,0,0,0,0,0,0,0,0,0,0,0,0,0,0,0,0,0,0,0,0,0,0,0,0,0,0,0,0,0,0,0,0,0,0,0,0,0,1,0,0,0,0,0,0,0,0,0,0,0,0,0,0,0,0,0,0,0,0,0,0,0,0,0,0,0,0,2,0,1,0,1,1,1,2,3,2,3,5,4,9,10,15,15,11,18,22,27,28,33,45,55,66,65,90,95,101,120,149,166,222,231,299,374,493,505,646,673,721,762,754,760,725,763,724,660,705,638,692,624,589,550,541,466,511,505,422,430,444,421,396,441,414,391,396,335,371,382,325,312,348,353,491,312,294,306,323,354,330,304,295,314,325,285,286,260,281,276,252,257,216,278,268,303,283,220,221,210,199,224,175,202,280,286,349,145,142,113,116,124,85,75,43,25,16,8,6,5,8,3,4,5,3,5,7,7,12,5,9,10,11,3,5,5,7,6,5,5,4,9,9,7,6,5,1,7,8,7,9,4,5,5,11,8,7,11,5,5,3,1,1,1,0,0,0,0,0,0,0,0,0,0,0,0,0,0,0,0,0,0,0,0,0,0,0,0,0,0,0,0,0,0,0,0,0,0,0,0,0,0,0,0,0,0,0,0,0,0,0,0,0,0,0,0,0,0
99.05,0,0,0,0,0,0,0,0,0,0,0,0,0,0,0,0,0,0,0,0,0,0,0,0,0,0,0,0,0,0,0,0,0,0,0,0,0,0,0,0,0,0,0,0,0,0,0,0,0,0,0,0,1,0,0,0,0,0,0,0,0,0,0,0,0,0,0,0,0,0,0,0,0,0,0,0,0,0,0,0,0,2,0,1,0,1,1,1,2,3,2,3,5,4,9,10,15,15,11,18,22,27,28,33,45,55,66,65,90,95,101,120,149,166,222,231,299,374,493,505,646,673,721,762,754,760,725,763,724,660,705,638,692,624,589,550,541,466,511,505,422,430,444,421,396,441,414,391,396,335,371,382,325,312,348,353,491,312,294,306,323,354,330,304,295,313,324,285,286,260,281,276,252,257,216,278,268,303,283,220,221,210,199,224,175,202,280,286,349,145,142,113,116,124,85,75,43,25,16,8,6,5,8,3,4,5,3,5,7,7,12,5,9,10,11,3,5,5,7,6,5,5,4,9,9,7,6,5,1,7,8,7,9,4,5,5,11,8,7,11,5,5,3,1,1,1,0,0,0,0,0,0,0,0,0,0,0,0,0,0,0,0,0,0,0,0,0,0,0,0,0,0,0,0,0,0,0,0,0,0,0,0,0,0,0,0,0,0,0,0,0,0,0,0,0,0,0,0,0,0
99.15,0,0,0,0,0,0,0,0,0,0,0,0,0,0,0,0,0,0,0,0,0,0,0,0,0,0,0,0,0,0,0,0,0,0,0,0,0,0,0,0,0,0,0,0,0,0,0,0,0,0,0,0,1,0,0,0,0,0,0,0,0,0,0,0,0,0,0,0,0,0,0,0,0,0,0,0,0,0,0,0,0,2,0,1,0,1,1,1,2,3,2,3,5,4,9,10,15,15,11,18,22,27,28,33,45,55,66,65,90,95,101,120,149,166,222,231,299,374,493,505,646,673,721,762,754,760,725,763,724,660,705,638,692,624,589,550,541,466,511,505,422,430,444,421,396,441,414,391,396,335,371,382,325,312,348,353,491,312,294,306,323,354,330,304,295,313,324,285,286,260,281,276,252,257,216,278,268,303,283,220,221,210,199,224,175,202,280,286,349,145,142,113,116,124,85,75,43,25,16,8,6,5,8,3,4,5,3,5,7,7,12,5,9,10,11,3,5,5,7,6,5,5,4,9,9,7,6,5,1,7,8,7,9,4,5,5,11,8,7,11,5,4,3,1,1,1,0,0,0,0,0,0,0,0,0,0,0,0,0,0,0,0,0,0,0,0,0,0,0,0,0,0,0,0,0,0,0,0,0,0,0,0,0,0,0,0,0,0,0,0,0,0,0,0,0,0,0,0,0,0
99.25,0,0,0,0,0,0,0,0,0,0,0,0,0,0,0,0,0,0,0,0,0,0,0,0,0,0,0,0,0,0,0,0,0,0,0,0,0,0,0,0,0,0,0,0,0,0,0,0,0,0,0,0,1,0,0,0,0,0,0,0,0,0,0,0,0,0,0,0,0,0,0,0,0,0,0,0,0,0,0,0,0,2,0,1,0,1,1,1,2,3,2,3,5,4,9,10,15,15,11,18,22,27,28,33,45,55,66,65,90,95,101,120,149,166,222,231,299,374,493,505,646,673,721,762,754,760,725,763,724,660,705,638,692,624,589,550,541,466,511,505,422,430,444,421,396,441,414,391,396,335,371,382,325,312,348,353,491,312,294,306,323,354,330,304,295,313,324,285,286,260,281,276,252,257,216,278,268,303,283,220,221,210,199,224,175,202,280,286,349,145,142,113,116,124,85,75,43,25,16,8,6,5,8,3,4,5,3,5,7,7,12,5,9,10,11,3,5,5,7,6,5,5,4,9,9,7,6,5,1,7,8,7,9,4,5,5,11,8,7,11,5,4,3,1,1,1,0,0,0,0,0,0,0,0,0,0,0,0,0,0,0,0,0,0,0,0,0,0,0,0,0,0,0,0,0,0,0,0,0,0,0,0,0,0,0,0,0,0,0,0,0,0,0,0,0,0,0,0,0,0
99.35,0,0,0,0,0,0,0,0,0,0,0,0,0,0,0,0,0,0,0,0,0,0,0,0,0,0,0,0,0,0,0,0,0,0,0,0,0,0,0,0,0,0,0,0,0,0,0,0,0,0,0,0,1,0,0,0,0,0,0,0,0,0,0,0,0,0,0,0,0,0,0,0,0,0,0,0,0,0,0,0,0,2,0,1,0,1,1,1,2,3,2,3,5,4,9,10,15,15,11,18,22,27,28,33,45,55,66,65,89,95,101,120,149,166,222,231,299,374,493,505,646,673,721,762,754,760,725,763,724,660,705,638,692,624,589,550,541,466,511,505,422,430,444,421,396,441,414,391,396,335,371,382,325,312,348,353,491,312,294,306,323,354,330,304,295,313,324,285,286,260,281,276,252,257,216,278,268,303,283,220,221,210,199,224,175,202,280,286,349,145,142,113,116,124,85,75,43,25,16,8,6,5,8,3,4,5,3,5,7,7,12,5,9,10,11,3,5,5,7,6,5,5,4,9,9,7,6,5,1,7,8,7,9,4,5,5,11,8,7,11,5,4,3,1,1,1,0,0,0,0,0,0,0,0,0,0,0,0,0,0,0,0,0,0,0,0,0,0,0,0,0,0,0,0,0,0,0,0,0,0,0,0,0,0,0,0,0,0,0,0,0,0,0,0,0,0,0,0,0,0
99.45,0,0,0,0,0,0,0,0,0,0,0,0,0,0,0,0,0,0,0,0,0,0,0,0,0,0,0,0,0,0,0,0,0,0,0,0,0,0,0,0,0,0,0,0,0,0,0,0,0,0,0,0,1,0,0,0,0,0,0,0,0,0,0,0,0,0,0,0,0,0,0,0,0,0,0,0,0,0,0,0,0,2,0,1,0,1,1,1,2,3,2,3,5,4,9,10,15,15,11,18,22,27,28,33,45,55,66,65,89,95,101,120,149,166,222,231,299,374,493,505,646,673,721,762,754,760,725,763,724,660,705,638,692,624,589,550,541,466,511,505,422,430,444,421,396,440,414,391,396,335,371,382,325,312,348,353,491,312,294,306,323,354,330,304,295,313,324,285,286,260,281,276,252,257,216,278,268,303,283,220,221,210,199,224,175,202,280,286,349,145,142,113,116,124,85,75,43,25,16,8,6,5,8,3,4,5,3,5,7,7,12,5,9,10,11,3,5,5,7,6,5,5,4,9,9,7,6,5,1,7,8,7,9,4,5,5,11,8,7,11,5,4,3,1,1,1,0,0,0,0,0,0,0,0,0,0,0,0,0,0,0,0,0,0,0,0,0,0,0,0,0,0,0,0,0,0,0,0,0,0,0,0,0,0,0,0,0,0,0,0,0,0,0,0,0,0,0,0,0,0
99.55,0,0,0,0,0,0,0,0,0,0,0,0,0,0,0,0,0,0,0,0,0,0,0,0,0,0,0,0,0,0,0,0,0,0,0,0,0,0,0,0,0,0,0,0,0,0,0,0,0,0,0,0,2,0,0,0,0,0,0,0,0,0,0,0,0,0,0,0,0,0,0,0,0,0,0,0,0,0,0,0,0,2,0,1,0,1,1,1,2,3,2,3,5,4,9,10,15,15,11,18,22,27,28,33,45,55,66,65,89,95,101,120,149,166,222,231,299,374,493,505,646,673,721,762,754,760,725,763,724,660,705,638,692,624,589,550,541,466,511,505,422,430,444,421,396,440,414,391,396,335,371,382,325,312,348,353,491,312,294,306,323,354,330,304,295,313,324,285,286,260,281,276,252,257,216,278,268,303,283,220,221,210,199,224,175,202,280,286,349,145,142,113,116,124,85,75,43,25,16,8,6,5,8,3,4,5,3,5,7,7,12,5,9,10,11,3,5,5,7,6,5,5,4,9,9,7,6,5,1,7,8,7,9,4,5,5,11,8,7,11,5,4,3,1,1,1,0,0,0,0,0,0,0,0,0,0,0,0,0,0,0,0,0,0,0,0,0,0,0,0,0,0,0,0,0,0,0,0,0,0,0,0,0,0,0,0,0,0,0,0,0,0,0,0,0,0,0,0,0,0
99.65,0,0,0,0,0,0,0,0,0,0,0,0,0,0,0,0,0,0,0,0,0,0,0,0,0,0,0,0,0,0,0,0,0,0,0,0,0,0,0,0,0,0,0,0,0,0,0,0,0,0,0,0,2,0,0,0,0,0,0,0,0,0,0,0,0,0,0,0,0,0,0,0,0,0,0,0,0,0,0,0,0,2,0,1,0,1,1,1,2,3,2,3,5,4,9,10,15,15,11,18,22,27,28,33,45,55,66,65,89,95,101,119,149,166,222,231,299,374,493,505,646,673,721,762,754,760,725,763,724,660,705,638,692,624,589,550,540,466,511,504,422,430,444,421,396,440,414,391,396,335,371,382,325,312,348,353,491,312,294,306,323,354,330,304,295,313,324,285,286,260,281,276,252,257,216,278,268,303,283,220,221,210,199,224,174,202,280,286,349,145,142,113,116,124,84,75,43,25,16,8,6,5,8,3,4,5,3,5,7,7,12,5,9,10,11,3,5,5,7,6,5,5,4,9,9,7,6,5,1,7,8,7,9,4,5,5,11,8,7,11,5,4,3,1,1,1,0,0,0,0,0,0,0,0,0,0,0,0,0,0,0,0,0,0,0,0,0,0,0,0,0,0,0,0,0,0,0,0,0,0,0,0,0,0,0,0,0,0,0,0,0,0,0,0,0,0,0,0,0,0
99.75,0,0,0,0,0,0,0,0,0,0,0,0,0,0,0,0,0,0,0,0,0,0,0,0,0,0,0,0,0,0,0,0,0,0,0,0,0,0,0,0,0,0,0,0,0,0,0,0,0,0,0,0,2,0,0,0,0,0,0,0,0,0,0,0,0,0,0,0,0,0,0,0,0,0,0,0,0,0,0,0,0,2,0,1,0,1,1,1,2,3,2,3,5,4,9,10,15,15,11,18,22,27,28,33,45,55,66,65,89,95,101,119,149,166,222,231,299,374,493,505,646,673,721,762,754,760,725,763,724,660,705,638,692,624,589,550,540,466,511,504,422,430,444,421,396,440,414,391,396,335,371,382,325,312,348,353,491,312,294,306,323,354,330,304,295,313,324,285,286,260,281,276,252,257,216,278,268,303,283,220,221,210,199,224,174,202,280,286,349,145,142,113,116,124,84,75,43,25,16,8,6,5,8,3,4,5,3,5,7,7,12,5,9,10,11,3,5,5,7,6,5,5,4,9,9,7,6,5,1,7,8,7,9,4,5,5,11,8,7,11,5,4,3,1,1,1,0,0,0,0,0,0,0,0,0,0,0,0,0,0,0,0,0,0,0,0,0,0,0,0,0,0,0,0,0,0,0,0,0,0,0,0,0,0,0,0,0,0,0,0,0,0,0,0,0,0,0,0,0,0
99.85,0,0,0,0,0,0,0,0,0,0,0,0,0,0,0,0,0,0,0,0,0,0,0,0,0,0,0,0,0,0,0,0,0,0,0,0,0,0,0,0,0,0,0,0,0,0,0,0,0,0,0,0,2,0,0,0,0,0,0,0,0,0,0,0,0,0,0,0,0,0,0,0,0,0,0,0,0,0,0,0,0,2,0,1,0,1,1,1,2,3,2,3,5,4,9,10,15,15,11,18,22,27,28,33,45,55,66,65,89,95,101,119,149,166,222,231,299,374,493,505,646,673,721,762,754,760,725,763,724,660,705,638,692,624,589,550,540,466,511,504,422,430,444,421,396,440,414,391,396,335,371,382,325,312,348,353,491,312,294,306,323,354,330,304,295,313,324,285,286,260,281,276,252,257,216,278,268,303,283,220,221,210,199,224,174,202,280,286,349,145,142,113,116,124,84,75,43,25,16,8,6,5,8,3,4,5,3,5,7,7,12,5,9,10,11,3,5,5,7,6,5,5,4,9,9,7,6,5,1,7,8,7,9,4,5,5,11,8,7,11,5,4,3,1,1,1,0,0,0,0,0,0,0,0,0,0,0,0,0,0,0,0,0,0,0,0,0,0,0,0,0,0,0,0,0,0,0,0,0,0,0,0,0,0,0,0,0,0,0,0,0,0,0,0,0,0,0,0,0,0
99.95,0,0,0,0,0,0,0,0,0,0,0,0,0,0,0,0,0,0,0,0,0,0,0,0,0,0,0,0,0,0,0,0,0,0,0,0,0,0,0,0,0,0,0,0,0,0,0,0,0,0,0,0,2,0,0,0,0,0,0,0,0,0,0,0,0,0,0,1,0,0,0,0,0,0,0,0,0,0,0,0,0,2,0,1,0,1,1,1,2,3,2,3,5,4,9,10,15,15,11,18,22,27,28,33,45,55,66,65,89,95,101,119,149,166,222,231,299,374,493,505,646,673,721,762,754,760,725,763,724,660,705,638,692,624,589,550,540,466,511,504,422,430,444,421,396,440,414,391,396,335,371,382,325,312,348,353,491,312,294,306,323,354,330,304,295,313,324,285,286,260,281,276,252,257,216,278,268,303,283,220,221,210,199,224,174,202,280,286,349,145,142,113,116,124,84,75,43,25,16,8,6,5,8,3,4,5,3,5,7,7,12,5,9,10,11,3,5,5,7,6,5,5,4,9,9,7,6,5,1,7,8,7,9,4,5,5,11,8,7,11,5,4,3,1,1,1,0,0,0,0,0,0,0,0,0,0,0,0,0,0,0,0,0,0,0,0,0,0,0,0,0,0,0,0,0,0,0,0,0,0,0,0,0,0,0,0,0,0,0,0,0,0,0,0,0,0,0,0,0,0
100.05,0,0,0,0,0,0,0,0,0,0,0,0,0,0,0,0,0,0,0,0,0,0,0,0,0,0,0,0,0,0,0,0,0,0,0,0,0,0,0,0,0,0,0,0,0,0,0,0,0,0,0,0,2,0,0,0,0,0,0,0,0,0,0,0,0,0,0,1,0,0,0,0,0,0,0,0,0,0,0,0,0,2,0,1,1,0,1,1,2,3,2,3,5,4,9,10,15,15,11,18,22,27,28,33,45,55,66,65,89,95,101,119,149,166,222,231,298,374,493,505,646,673,721,762,754,760,725,763,724,660,705,638,692,624,589,550,540,466,511,504,422,430,444,421,396,440,414,391,396,335,371,382,325,312,348,353,491,312,294,306,323,354,330,304,295,313,324,285,286,260,281,276,252,257,216,278,268,303,283,220,221,210,199,224,174,202,281,285,349,145,142,113,116,123,84,75,43,25,16,8,6,5,8,3,4,5,3,5,7,7,12,5,9,10,11,3,5,5,7,6,5,5,4,9,9,7,6,5,1,7,8,7,9,4,5,5,11,8,7,11,5,4,3,1,1,1,0,0,0,0,0,0,0,0,0,0,0,0,0,0,0,0,0,0,0,0,0,0,0,0,0,0,0,0,0,0,0,0,0,0,0,0,0,0,0,0,0,0,0,0,0,0,0,0,0,0,0,0,0,0
