altitude_km,0.01keV-0.0107152keV,0.0107152keV-0.0114815keV,0.0114815keV-0.0123027keV,0.0123027keV-0.0131826keV,0.0131826keV-0.0141254keV,0.0141254keV-0.0151356keV,0.0151356keV-0.0162181keV,0.0162181keV-0.017378keV,0.017378keV-0.0186209keV,0.0186209keV-0.0199526keV,0.0199526keV-0.0213796keV,0.0213796keV-0.0229087keV,0.0229087keV-0.0245471keV,0.0245471keV-0.0263027keV,0.0263027keV-0.0281838keV,0.0281838keV-0.0301995keV,0.0301995keV-0.0323594keV,0.0323594keV-0.0346737keV,0.0346737keV-0.0371535keV,0.0371535keV-0.0398107keV,0.0398107keV-0.042658keV,0.042658keV-0.0457088keV,0.0457088keV-0.0489779keV,0.0489779keV-0.0524807keV,0.0524807keV-0.0562341keV,0.0562341keV-0.060256keV,0.060256keV-0.0645654keV,0.0645654keV-0.0691831keV,0.0691831keV-0.074131keV,0.074131keV-0.0794328keV,0.0794328keV-0.0851138keV,0.0851138keV-0.0912011keV,0.0912011keV-0.0977237keV,0.0977237keV-0.104713keV,0.104713keV-0.112202keV,0.112202keV-0.120226keV,0.120226keV-0.128825keV,0.128825keV-0.138038keV,0.138038keV-0.147911keV,0.147911keV-0.158489keV,0.158489keV-0.169824keV,0.169824keV-0.18197keV,0.18197keV-0.194984keV,0.194984keV-0.20893keV,0.20893keV-0.223872keV,0.223872keV-0.239883keV,0.239883keV-0.25704keV,0.25704keV-0.275423keV,0.275423keV-0.295121keV,0.295121keV-0.316228keV,0.316228keV-0.338844keV,0.338844keV-0.363078keV,0.363078keV-0.389045keV,0.389045keV-0.416869keV,0.416869keV-0.446684keV,0.446684keV-0.47863keV,0.47863keV-0.512861keV,0.512861keV-0.549541keV,0.549541keV-0.588844keV,0.588844keV-0.630957keV,0.630957keV-0.676083keV,0.676083keV-0.724436keV,0.724436keV-0.776247keV,0.776247keV-0.831764keV,0.831764keV-0.891251keV,0.891251keV-0.954993keV,0.954993keV-1.02329keV,1.02329keV-1.09648keV,1.09648keV-1.1749keV,1.1749keV-1.25893keV,1.25893keV-1.34896keV,1.34896keV-1.44544keV,1.44544keV-1.54882keV,1.54882keV-1.65959keV,1.65959keV-1.77828keV,1.77828keV-1.90546keV,1.90546keV-2.04174keV,2.04174keV-2.18776keV,2.18776keV-2.34423keV,2.34423keV-2.51189keV,2.51189keV-2.69153keV,2.69153keV-2.88403keV,2.88403keV-3.0903keV,3.0903keV-3.31131keV,3.31131keV-3.54813keV,3.54813keV-3.80189keV,3.80189keV-4.0738keV,4.0738keV-4.36516keV,4.36516keV-4.67735keV,4.67735keV-5.01187keV,5.01187keV-5.37032keV,5.37032keV-5.7544keV,5.7544keV-6.16595keV,6.16595keV-6.60693keV,6.60693keV-7.07946keV,7.07946keV-7.58578keV,7.58578keV-8.12831keV,8.12831keV-8.70964keV,8.70964keV-9.33254keV,9.33254keV-10keV,10keV-10.7152keV,10.7152keV-11.4815keV,11.4815keV-12.3027keV,12.3027keV-13.1826keV,13.1826keV-14.1254keV,14.1254keV-15.1356keV,15.1356keV-16.2181keV,16.2181keV-17.378keV,17.378keV-18.6209keV,18.6209keV-19.9526keV,19.9526keV-21.3796keV,21.3796keV-22.9087keV,22.9087keV-24.5471keV,24.5471keV-26.3027keV,26.3027keV-28.1838keV,28.1838keV-30.1995keV,30.1995keV-32.3594keV,32.3594keV-34.6737keV,34.6737keV-37.1535keV,37.1535keV-39.8107keV,39.8107keV-42.658keV,42.658keV-45.7088keV,45.7088keV-48.9779keV,48.9779keV-52.4807keV,52.4807keV-56.2341keV,56.2341keV-60.256keV,60.256keV-64.5654keV,64.5654keV-69.1831keV,69.1831keV-74.131keV,74.131keV-79.4328keV,79.4328keV-85.1138keV,85.1138keV-91.2011keV,91.2011keV-97.7237keV,97.7237keV-104.713keV,104.713keV-112.202keV,112.202keV-120.226keV,120.226keV-128.825keV,128.825keV-138.038keV,138.038keV-147.911keV,147.911keV-158.489keV,158.489keV-169.824keV,169.824keV-181.97keV,181.97keV-194.984keV,194.984keV-208.93keV,208.93keV-223.872keV,223.872keV-239.883keV,239.883keV-257.04keV,257.04keV-275.423keV,275.423keV-295.121keV,295.121keV-316.228keV,316.228keV-338.844keV,338.844keV-363.078keV,363.078keV-389.045keV,389.045keV-416.869keV,416.869keV-446.684keV,446.684keV-478.63keV,478.63keV-512.861keV,512.861keV-549.541keV,549.541keV-588.844keV,588.844keV-630.957keV,630.957keV-676.083keV,676.083keV-724.436keV,724.436keV-776.247keV,776.247keV-831.764keV,831.764keV-891.251keV,891.251keV-954.993keV,954.993keV-1023.29keV,1023.29keV-1096.48keV,1096.48keV-1174.9keV,1174.9keV-1258.93keV,1258.93keV-1348.96keV,1348.96keV-1445.44keV,1445.44keV-1548.82keV,1548.82keV-1659.59keV,1659.59keV-1778.28keV,1778.28keV-1905.46keV,1905.46keV-2041.74keV,2041.74keV-2187.76keV,2187.76keV-2344.23keV,2344.23keV-2511.89keV,2511.89keV-2691.53keV,2691.53keV-2884.03keV,2884.03keV-3090.3keV,3090.3keV-3311.31keV,3311.31keV-3548.13keV,3548.13keV-3801.89keV,3801.89keV-4073.8keV,4073.8keV-4365.16keV,4365.16keV-4677.35keV,4677.35keV-5011.87keV,5011.87keV-5370.32keV,5370.32keV-5754.4keV,5754.4keV-6165.95keV,6165.95keV-6606.93keV,6606.93keV-7079.46keV,7079.46keV-7585.78keV,7585.78keV-8128.31keV,8128.31keV-8709.64keV,8709.64keV-9332.54keV,9332.54keV-10000keV,10000keV-10715.2keV,10715.2keV-11481.5keV,11481.5keV-12302.7keV,12302.7keV-13182.6keV,13182.6keV-14125.4keV,14125.4keV-15135.6keV,15135.6keV-16218.1keV,16218.1keV-17378keV,17378keV-18620.9keV,18620.9keV-19952.6keV,19952.6keV-21379.6keV,21379.6keV-22908.7keV,22908.7keV-24547.1keV,24547.1keV-26302.7keV,26302.7keV-28183.8keV,28183.8keV-30199.5keV,30199.5keV-32359.4keV,32359.4keV-34673.7keV,34673.7keV-37153.5keV,37153.5keV-39810.7keV,39810.7keV-42658keV,42658keV-45708.8keV,45708.8keV-48977.9keV,48977.9keV-52480.7keV,52480.7keV-56234.1keV,56234.1keV-60256keV,60256keV-64565.4keV,64565.4keV-69183.1keV,69183.1keV-74131keV,74131keV-79432.8keV,79432.8keV-85113.8keV,85113.8keV-91201.1keV,91201.1keV-97723.7keV,97723.7keV-104713keV,104713keV-112202keV,112202keV-120226keV,120226keV-128825keV,128825keV-138038keV,138038keV-147911keV,147911keV-158489keV,158489keV-169824keV,169824keV-181970keV,181970keV-194984keV,194984keV-208930keV,208930keV-223872keV,223872keV-239883keV,239883keV-257040keV,257040keV-275423keV,275423keV-295121keV,295121keV-316228keV,316228keV-338844keV,338844keV-363078keV,363078keV-389045keV,389045keV-416869keV,416869keV-446684keV,446684keV-478630keV,478630keV-512861keV,512861keV-549541keV,549541keV-588844keV,588844keV-630957keV,630957keV-676083keV,676083keV-724436keV,724436keV-776247keV,776247keV-831764keV,831764keV-891251keV,891251keV-954993keV,954993keV-1.02329e+06keV,1.02329e+06keV-1.09648e+06keV,1.09648e+06keV-1.1749e+06keV,1.1749e+06keV-1.25893e+06keV,1.25893e+06keV-1.34896e+06keV,1.34896e+06keV-1.44544e+06keV,1.44544e+06keV-1.54882e+06keV,1.54882e+06keV-1.65959e+06keV,1.65959e+06keV-1.77828e+06keV,1.77828e+06keV-1.90546e+06keV,1.90546e+06keV-2.04174e+06keV,2.04174e+06keV-2.18776e+06keV,2.18776e+06keV-2.34423e+06keV,2.34423e+06keV-2.51189e+06keV,2.51189e+06keV-2.69153e+06keV,2.69153e+06keV-2.88403e+06keV,2.88403e+06keV-3.0903e+06keV,3.0903e+06keV-3.31131e+06keV,3.31131e+06keV-3.54813e+06keV,3.54813e+06keV-3.80189e+06keV,3.80189e+06keV-4.0738e+06keV,4.0738e+06keV-4.36516e+06keV,4.36516e+06keV-4.67735e+06keV,4.67735e+06keV-5.01187e+06keV,5.01187e+06keV-5.37032e+06keV,5.37032e+06keV-5.7544e+06keV,5.7544e+06keV-6.16595e+06keV,6.16595e+06keV-6.60693e+06keV,6.60693e+06keV-7.07946e+06keV,7.07946e+06keV-7.58578e+06keV,7.58578e+06keV-8.12831e+06keV,8.12831e+06keV-8.70964e+06keV,8.70964e+06keV-9.33254e+06keV,9.33254e+06keV-1e+07keV
0.05,0,0,0,0,0,0,0,0,0,0,0,0,0,0,0,0,0,0,0,0,0,0,0,0,0,0,0,0,0,0,0,0,0,0,0,0,0,0,0,0,0,0,0,0,0,0,0,0,0,0,0,0,0,0,0,0,0,0,0,0,0,0,0,0,0,0,0,0,0,0,0,0,0,0,0,0,0,0,0,0,0,0,0,0,0,0,0,0,0,0,0,0,0,0,0,0,0,0,0,0,0,0,0,0,0,0,0,0,0,0,0,0,0,0,0,0,0,0,0,0,0,0,0,0,0,0,0,0,0,1,0,0,0,0,0,0,0,0,0,0,1,0,0,0,0,0,0,0,1,0,0,0,0,0,0,0,0,0,0,0,0,0,0,0,1,1,0,2,0,0,0,1,0,1,1,1,0,1,2,1,0,0,0,0,0,0,0,0,0,0,1,1,0,0,0,0,0,0,0,1,0,1,1,0,1,0,0,0,0,0,0,0,0,1,0,0,1,1,1,1,0,0,1,1,0,0,0,1,0,0,0,0,0,0,0,0,0,0,0,2,0,0,0,0,0,0,0,0,0,0,0,0,0,0,0,0,0,1,0,0,0,0,0,0,0,0,0,0,0,0,0,0,0,0,0,0,0,0,0,0,0,0,0,0,0,0,0,0,0,0,0,0,0,0,0,0,0,0,0,0
0.15,0,0,0,0,0,0,0,0,0,0,0,0,0,0,0,0,0,0,0,0,0,0,0,0,0,0,0,0,0,0,0,0,0,0,0,0,0,0,0,0,0,0,0,0,0,0,0,0,0,0,0,0,0,0,0,0,0,0,0,0,0,0,0,0,0,0,0,0,0,0,0,0,0,0,0,0,0,0,0,0,0,0,0,1,0,0,0,0,0,0,0,0,0,0,0,0,0,0,0,0,0,0,0,0,0,0,0,0,0,0,0,0,0,0,0,0,0,0,0,0,0,0,0,0,0,0,0,0,0,0,0,0,0,0,0,0,1,0,0,1,0,0,0,1,0,0,0,1,1,1,0,1,1,1,0,1,0,0,0,1,0,2,0,0,1,0,0,1,0,0,1,1,1,0,0,0,1,0,2,0,1,0,0,0,0,0,0,1,0,0,1,0,2,1,0,0,0,1,1,0,0,0,0,0,0,0,0,0,0,0,1,0,0,0,0,0,0,0,0,0,0,0,0,0,0,0,2,0,1,0,1,0,0,0,0,1,0,0,0,0,0,0,1,0,0,0,0,0,0,0,0,0,0,0,0,0,0,0,0,0,0,0,0,0,0,0,0,0,0,0,0,0,0,0,0,0,0,0,0,0,0,0,0,0,0,0,0,0,0,0,0,0,0,0,0,0,0,0,0,0
0.25,0,0,0,0,0,0,0,0,0,0,0,0,0,0,0,0,0,0,0,0,0,0,0,0,0,0,0,0,0,0,0,0,0,0,0,0,0,0,0,0,0,0,0,0,0,0,0,0,0,0,0,0,0,0,0,0,0,0,0,0,0,0,0,0,0,0,0,0,0,0,0,0,0,0,0,0,0,0,0,1,0,0,0,0,0,0,0,0,0,0,1,0,0,0,0,0,0,0,0,0,0,0,0,0,0,0,0,1,0,0,0,0,0,0,0,0,0,0,0,0,0,0,0,0,0,0,1,0,0,1,0,0,0,0,0,0,0,0,1,0,0,0,0,0,0,0,3,0,0,0,0,1,0,0,0,0,0,0,0,0,0,1,0,0,0,1,0,0,0,0,1,1,1,2,0,1,0,0,0,0,0,0,0,0,0,2,0,0,3,0,0,0,1,0,0,2,0,2,1,0,1,0,0,0,2,2,1,1,1,0,0,0,0,0,0,0,0,0,0,0,0,0,0,1,0,0,0,0,0,0,0,0,0,0,0,0,1,0,0,1,0,0,0,0,0,0,0,0,0,0,0,0,0,0,0,0,0,0,0,0,0,0,0,0,0,0,0,0,0,0,0,0,0,0,0,0,0,0,0,0,0,0,0,0,0,0,0,0,0,0,0,0,0,0,0,0,0,0,0,0
0.35,0,0,0,0,0,0,0,0,0,0,0,0,0,0,0,0,0,0,0,0,0,0,0,0,0,0,0,0,0,0,0,0,0,0,0,0,0,0,0,0,0,0,0,0,0,0,0,0,0,0,0,0,0,0,0,0,0,0,0,0,0,0,0,0,0,0,0,0,0,0,0,0,0,0,0,0,0,0,0,0,0,0,0,0,0,0,0,0,0,0,0,0,1,0,0,0,0,0,0,0,0,0,1,0,0,0,0,0,0,0,0,0,0,0,0,0,0,0,0,1,0,0,0,0,0,1,0,0,0,0,0,1,2,0,0,0,2,0,0,0,0,0,0,1,0,1,1,0,0,0,0,0,1,0,0,1,1,0,0,0,0,0,2,0,0,0,2,0,1,1,0,0,2,0,2,0,1,0,0,0,0,2,0,0,0,0,1,0,0,0,1,0,1,0,0,0,0,2,1,1,0,1,1,1,0,0,0,1,0,0,0,0,0,0,1,0,1,0,1,1,0,0,0,1,0,0,0,0,1,0,1,0,0,0,0,0,0,0,0,0,0,0,0,0,0,0,0,0,0,0,0,0,0,0,0,0,0,0,0,0,0,0,0,0,0,0,0,0,0,0,0,0,0,0,0,0,0,0,0,0,0,0,0,0,0,0,0,0,0,0,0,0,0,0,0,0,0,0,0,0
0.45,0,0,0,0,0,0,0,0,0,0,0,0,0,0,0,0,0,0,0,0,0,0,0,0,0,0,0,0,0,0,0,0,0,0,0,0,0,0,0,0,0,0,0,0,0,0,0,0,0,0,0,0,0,0,0,0,0,0,0,0,0,0,0,0,0,0,0,0,0,0,0,0,0,0,0,0,0,0,0,0,0,0,0,0,0,0,0,0,0,0,0,0,0,0,0,0,0,0,0,0,0,0,0,0,0,0,0,0,0,0,0,1,1,1,0,0,0,0,1,0,1,0,2,0,0,1,0,0,0,0,0,1,0,0,0,0,1,0,1,0,0,0,0,0,0,0,0,0,0,0,1,0,0,0,0,0,0,0,1,0,0,0,0,1,0,0,0,0,0,0,0,0,0,1,0,1,0,0,0,1,0,0,0,0,0,0,2,1,0,0,0,0,0,3,0,0,0,0,0,0,1,0,2,1,0,0,0,0,0,0,1,0,0,0,0,0,1,0,1,0,2,0,1,1,1,0,0,0,0,0,1,0,0,0,0,1,0,0,0,0,0,0,0,0,0,0,0,0,0,0,0,0,0,0,0,0,0,0,0,0,0,0,0,0,0,0,0,0,0,0,0,0,0,0,0,0,0,0,0,0,0,0,0,0,0,0,0,0,0,0,0,0,0,0,0,0,0,0,0,0
0.55,0,0,0,0,0,0,0,0,0,0,0,0,0,0,0,0,0,0,0,0,0,0,0,0,0,0,0,0,0,0,0,0,0,0,0,0,0,0,0,0,0,0,0,0,0,0,0,0,0,0,0,0,0,0,0,0,0,0,0,0,0,0,0,0,0,0,0,0,0,0,0,0,0,0,0,0,0,0,0,0,0,0,0,0,0,0,0,0,0,0,0,0,0,0,0,0,0,0,0,0,0,0,0,0,0,0,0,0,0,0,0,0,0,0,1,0,0,0,0,0,1,0,0,0,0,0,0,0,0,0,0,0,0,0,0,0,0,0,0,0,0,0,0,0,0,2,0,0,0,2,0,1,0,0,1,0,0,1,1,0,0,0,0,1,0,0,0,0,0,0,0,2,1,1,1,1,0,0,0,1,1,0,0,1,1,0,1,0,2,2,0,0,0,1,0,2,0,0,0,0,2,0,0,0,0,0,1,1,2,0,1,0,0,0,1,0,1,0,0,1,0,1,0,0,1,1,0,0,1,0,1,1,0,0,0,0,0,0,0,0,0,0,0,0,0,0,0,0,0,0,0,0,0,0,0,0,0,0,0,0,0,0,0,0,0,0,0,0,0,0,0,0,0,0,0,0,0,0,0,0,0,0,0,0,0,0,0,0,0,0,0,0,0,0,0,0,0,0,0,0
0.65,0,0,0,0,0,0,0,0,0,0,0,0,0,0,0,0,0,0,0,0,0,0,0,0,0,0,0,0,0,0,0,0,0,0,0,0,0,0,0,0,0,0,0,0,0,0,0,0,0,0,0,0,0,0,0,0,0,0,0,0,0,0,0,0,0,0,0,0,0,0,0,0,0,0,1,0,0,0,0,0,0,0,0,0,0,0,0,0,0,0,0,0,0,0,0,1,0,0,0,0,0,0,0,0,0,0,0,0,0,0,0,0,0,0,0,0,0,0,0,0,0,0,0,0,0,1,0,0,1,0,0,0,0,0,2,0,0,0,0,1,0,0,0,2,0,2,0,0,1,0,0,0,1,0,0,1,1,0,0,0,0,0,1,1,1,1,0,1,0,0,0,0,0,1,1,0,2,0,2,1,0,0,2,0,1,0,2,1,0,2,1,1,2,2,0,2,0,0,0,3,1,0,0,1,0,0,0,0,0,0,0,0,0,0,0,1,1,1,1,1,0,1,2,0,1,0,0,1,0,0,1,0,0,0,0,0,0,0,0,0,0,0,0,0,0,0,0,0,0,0,0,0,0,0,0,0,0,0,0,0,0,0,0,0,0,0,0,0,0,0,0,0,0,0,0,0,0,0,0,0,0,0,0,0,0,0,0,0,0,0,0,0,0,0,0,0,0,0,0,0
0.75,0,0,0,0,0,0,0,0,0,0,0,0,0,0,0,0,0,0,0,0,0,0,0,0,0,0,0,0,0,0,0,0,0,0,0,0,0,0,0,0,0,0,0,0,0,0,0,0,0,0,0,0,0,0,0,0,0,0,0,0,0,0,0,0,0,0,0,0,0,0,0,0,0,0,0,0,0,0,0,0,0,0,0,0,0,0,0,0,0,0,0,0,0,0,0,0,0,0,0,0,0,0,0,0,0,0,0,0,0,0,0,0,0,0,0,0,0,0,0,0,0,0,0,1,0,0,1,0,0,0,0,0,0,0,1,0,0,1,0,0,0,1,0,0,0,0,0,0,0,1,0,0,0,0,2,0,1,1,0,0,0,0,1,1,2,0,2,0,0,0,1,2,2,0,1,1,0,2,0,1,5,1,0,0,0,1,0,2,0,0,2,0,1,1,1,1,1,0,0,0,0,0,0,0,0,0,0,1,0,0,0,0,2,0,1,1,1,1,1,0,0,0,0,2,0,0,0,0,0,0,0,1,1,1,0,0,0,0,1,0,0,0,0,0,0,0,0,0,0,0,0,0,0,0,0,0,0,0,0,0,0,0,0,0,0,0,0,0,0,0,0,0,0,0,0,0,0,0,0,0,0,0,0,0,0,0,0,0,0,0,0,0,0,0,0,0,0,0,0,0
0.85,0,0,0,0,0,0,0,0,0,0,0,0,0,0,0,0,0,0,0,0,0,0,0,0,0,0,0,0,0,0,0,0,0,0,0,0,0,0,0,0,0,0,0,0,0,0,0,0,0,0,0,0,0,0,0,0,0,0,0,0,0,0,0,0,0,0,0,0,0,0,0,0,0,0,0,0,0,0,0,0,0,0,0,0,0,0,0,0,0,0,0,0,0,0,0,0,0,0,0,0,0,0,0,0,0,0,0,0,0,0,0,0,1,0,0,0,1,0,0,0,0,0,0,0,0,0,0,0,0,0,2,1,0,0,0,0,0,0,0,1,0,0,0,0,0,1,1,1,0,0,1,0,1,1,0,0,0,0,0,0,0,1,0,1,0,0,0,2,1,1,0,3,0,1,0,0,0,1,1,0,3,1,0,0,1,0,0,3,0,0,0,1,2,1,1,0,0,3,1,0,1,0,1,1,2,0,2,2,1,2,1,1,0,3,2,1,0,1,0,1,0,1,0,0,0,1,0,0,0,0,1,0,0,0,0,0,0,0,1,1,0,0,0,0,0,0,0,0,0,0,0,0,0,0,0,0,0,0,0,0,0,0,0,0,0,0,0,0,0,0,0,0,0,0,0,0,0,0,0,0,0,0,0,0,0,0,0,0,0,0,0,0,0,0,0,0,0,0,0,0
0.95,0,0,0,0,0,0,0,0,0,0,0,0,0,0,0,0,0,0,0,0,0,0,0,0,0,0,0,0,0,0,0,0,0,0,0,0,0,0,0,0,0,0,0,0,0,0,0,0,0,0,0,0,0,0,0,0,0,0,0,0,0,0,0,0,0,0,0,0,0,0,0,0,0,0,0,0,0,0,0,0,0,0,0,0,0,0,0,0,0,0,0,0,0,0,0,0,0,0,0,0,0,0,0,0,0,0,0,0,0,0,0,0,0,0,0,0,0,0,0,1,0,1,0,0,0,1,0,0,0,0,0,0,0,2,0,0,0,0,0,0,0,2,0,0,1,0,0,2,3,0,0,1,0,2,1,1,0,1,0,1,0,0,0,1,0,1,0,0,0,0,0,1,1,2,0,1,2,0,1,0,1,0,2,1,1,2,0,0,0,2,0,0,1,2,1,0,2,1,4,0,1,0,1,0,0,1,0,3,0,0,1,2,1,0,1,2,0,0,0,1,0,0,1,1,1,1,1,0,0,1,1,0,0,1,1,0,0,0,0,0,0,0,0,0,0,0,0,0,0,0,0,0,0,0,0,0,0,0,0,0,0,0,0,0,0,0,0,0,0,0,0,0,0,0,0,0,0,0,0,0,0,0,0,0,0,0,0,0,0,0,0,0,0,0,0,0,0,0,0,0
1.05,0,0,0,0,0,0,0,0,0,0,0,0,0,0,0,0,0,0,0,0,0,0,0,0,0,0,0,0,0,0,0,0,0,0,0,0,0,0,0,0,0,0,0,0,0,0,0,0,0,0,0,0,0,0,0,0,0,0,0,0,0,0,0,0,0,0,0,0,0,0,0,0,0,0,0,0,0,0,0,0,0,0,0,0,0,0,0,0,0,1,0,0,0,0,0,0,1,0,0,0,0,0,1,0,0,0,1,0,0,0,0,0,0,0,0,1,1,0,0,0,0,0,0,0,0,0,1,0,0,0,0,0,0,0,1,0,0,0,0,0,0,1,0,0,1,1,4,0,0,1,0,2,0,1,1,0,0,0,1,2,1,2,2,1,0,2,3,0,1,2,1,0,0,2,4,4,2,1,1,3,4,0,2,2,1,0,2,1,1,1,1,0,2,0,1,2,2,1,1,2,0,2,0,1,1,1,2,1,0,1,2,0,2,1,0,0,0,0,2,2,1,1,1,1,1,0,0,2,1,0,0,1,1,1,0,0,0,1,0,1,0,0,0,0,0,0,1,0,1,0,0,0,0,0,0,0,0,0,0,0,0,0,0,0,0,0,0,0,0,0,0,0,0,0,0,0,0,0,0,0,0,0,0,0,0,0,0,0,0,0,0,0,0,0,0,0,0,0,0,0
1.15,0,0,0,0,0,0,0,0,0,0,0,0,0,0,0,0,0,0,0,0,0,0,0,0,0,0,0,0,0,0,0,0,0,0,0,0,0,0,0,0,0,0,0,0,0,0,0,0,0,0,0,0,0,0,0,0,0,0,0,0,0,0,0,0,0,0,0,0,0,0,0,0,0,0,0,0,0,0,0,0,0,0,0,0,0,0,0,0,0,0,0,0,0,0,0,0,0,0,0,0,0,0,0,0,1,0,0,0,1,0,0,0,0,0,0,2,0,0,0,0,0,0,0,0,1,0,0,0,0,1,0,0,1,2,1,0,1,1,0,2,2,2,1,1,2,3,0,0,0,1,0,1,1,1,0,1,0,2,1,1,0,0,2,0,0,1,1,0,1,0,1,1,1,0,0,1,0,2,2,0,1,1,1,0,0,0,1,2,2,0,0,2,3,2,1,1,0,0,2,0,1,2,0,1,0,0,0,1,1,0,0,1,0,1,1,1,0,1,0,2,0,1,0,2,2,0,1,0,0,1,0,1,1,2,0,0,1,2,0,0,1,0,0,0,0,0,0,1,0,0,0,1,0,0,0,0,0,0,0,0,0,0,0,0,0,0,0,0,0,0,0,0,0,0,0,0,0,0,0,0,0,0,0,0,0,0,0,0,0,0,0,0,0,0,0,0,0,0,0,0
1.25,0,0,0,0,0,0,0,0,0,0,0,0,0,0,0,0,0,0,0,0,0,0,0,0,0,0,0,0,0,0,0,0,0,0,0,0,0,0,0,0,0,0,0,0,0,0,0,0,0,0,0,0,0,0,0,0,0,0,0,0,0,0,0,0,0,0,0,0,0,0,0,0,0,0,0,0,0,0,0,0,0,0,0,0,0,0,0,0,0,0,0,0,0,0,0,0,0,0,0,0,0,0,0,0,0,0,0,0,0,0,0,0,0,0,0,0,1,0,0,0,0,0,0,1,0,0,0,0,0,0,0,0,0,0,1,0,1,0,1,0,1,0,1,0,0,0,1,1,0,2,0,0,0,0,1,0,1,0,0,0,0,3,0,0,0,0,0,2,1,0,1,0,1,0,0,0,1,0,1,0,2,2,1,1,1,0,0,2,0,0,0,0,0,1,1,0,3,1,0,1,1,0,2,0,2,2,1,1,1,1,2,0,0,1,4,1,1,0,1,0,0,0,0,1,0,1,0,0,0,0,0,1,0,0,1,0,0,0,0,0,0,0,2,0,0,0,0,0,0,1,0,0,0,0,0,0,0,0,0,0,0,0,0,0,0,0,0,0,0,0,0,0,0,0,0,0,0,0,0,0,0,0,0,0,0,0,0,0,0,0,0,0,0,0,0,0,0,0,0,0
1.35,0,0,0,0,0,0,0,0,0,0,0,0,0,0,0,0,0,0,0,0,0,0,0,0,0,0,0,0,0,0,0,0,0,0,0,0,0,0,0,0,0,0,0,0,0,0,0,0,0,0,0,0,0,0,0,0,0,0,0,0,0,0,0,0,0,0,0,0,0,0,0,0,0,0,0,0,0,0,0,0,0,0,0,0,0,0,0,0,0,0,0,0,0,0,0,0,0,0,0,0,0,0,0,0,0,0,0,0,0,0,0,0,0,0,0,0,1,0,0,1,0,0,0,0,0,0,0,0,0,0,0,0,0,0,2,0,0,2,0,0,0,0,0,0,0,1,0,0,0,0,2,0,1,0,1,0,0,1,3,0,1,0,0,2,0,0,3,2,3,2,2,3,0,1,1,1,0,0,2,1,0,0,1,1,1,1,1,0,1,2,2,1,3,1,1,1,3,0,0,2,0,3,1,1,0,0,2,1,0,0,2,1,1,0,0,0,0,1,0,2,2,0,0,1,0,1,0,1,0,1,0,1,0,0,0,0,0,0,0,1,1,0,0,0,0,0,0,1,0,0,0,0,0,1,0,0,0,0,0,0,0,0,0,0,0,0,0,0,0,0,0,0,0,0,0,0,0,0,0,0,0,0,0,0,0,0,0,0,0,0,0,0,0,0,0,0,0,0,0,0
1.45,0,0,0,0,0,0,0,0,0,0,0,0,0,0,0,0,0,0,0,0,0,0,0,0,0,0,0,0,0,0,0,0,0,0,0,0,0,0,0,0,0,0,0,0,0,0,0,0,0,0,0,0,0,0,0,0,0,0,0,0,0,0,0,0,0,0,0,0,0,0,0,0,0,0,0,0,0,0,0,0,0,0,0,0,0,0,0,0,0,0,0,0,0,0,0,0,0,0,0,0,0,0,0,1,0,0,0,0,0,0,0,0,1,0,0,0,0,0,0,0,0,1,0,1,0,0,0,2,0,0,0,0,0,0,0,0,0,1,1,1,0,0,0,0,0,0,0,0,0,1,0,1,2,1,0,1,1,0,0,1,1,0,1,0,2,1,1,3,0,1,0,1,2,1,0,1,0,0,0,2,0,1,0,2,1,0,1,1,1,2,1,2,1,1,1,2,3,1,0,3,1,2,0,0,1,2,2,1,1,0,0,1,0,3,1,1,0,1,0,0,0,0,1,1,0,0,0,1,0,1,0,0,1,0,0,1,1,0,0,0,0,0,0,0,0,0,0,0,1,0,1,0,0,1,1,0,0,0,0,0,0,0,0,0,0,0,0,0,0,0,0,0,0,0,0,0,0,0,0,0,0,0,0,0,0,0,0,0,0,0,0,0,0,0,0,0,0,0,0,0
1.55,0,0,0,0,0,0,0,0,0,0,0,0,0,0,0,0,0,0,0,0,0,0,0,0,0,0,0,0,0,0,0,0,0,0,0,0,0,0,0,0,0,0,0,0,0,0,0,0,0,0,0,0,0,0,0,0,0,0,0,0,0,0,0,0,0,0,0,0,0,0,0,0,0,0,0,0,0,0,0,0,0,0,0,0,0,0,0,0,0,0,0,0,0,0,0,0,0,0,0,0,0,0,0,0,0,0,0,0,0,0,0,0,0,0,0,0,1,0,1,0,0,0,0,2,0,1,0,0,0,0,0,1,0,0,0,0,1,0,0,0,2,3,1,0,0,0,2,0,0,1,0,1,1,0,2,3,0,0,3,0,0,0,1,2,0,0,1,1,0,0,0,1,1,4,0,0,1,0,1,0,2,2,0,2,2,0,3,1,1,3,1,1,3,2,0,0,2,3,4,2,1,0,4,1,1,2,1,0,2,1,1,2,1,1,1,0,2,0,0,1,1,0,1,0,0,0,1,0,1,0,0,0,1,1,0,0,0,0,0,2,0,0,0,0,0,0,0,0,0,0,0,0,0,0,0,1,0,0,0,0,0,0,0,0,0,0,0,0,0,0,0,0,0,0,0,0,0,0,0,0,0,0,0,0,0,0,0,0,0,0,0,0,0,0,0,0,0,0,0,0
1.65,0,0,0,0,0,0,0,0,0,0,0,0,0,0,0,0,0,0,0,0,0,0,0,0,0,0,0,0,0,0,0,0,0,0,0,0,0,0,0,0,0,0,0,0,0,0,0,0,0,0,0,0,0,0,0,0,0,0,0,0,0,0,0,0,0,0,0,0,0,0,0,0,0,0,0,0,0,0,0,0,0,0,0,0,0,0,0,0,0,0,0,0,0,0,0,0,0,0,0,0,0,0,1,0,0,0,0,1,0,0,0,0,0,0,0,0,0,0,1,0,0,0,0,0,0,0,2,1,1,0,0,0,1,1,1,0,1,0,0,0,1,0,0,1,0,0,0,1,3,3,1,1,0,1,0,3,0,0,0,0,0,2,2,1,1,2,3,0,2,1,1,1,0,3,2,3,0,1,3,2,0,0,2,1,0,3,0,3,2,1,2,3,2,2,0,1,1,4,1,1,1,2,1,1,2,2,1,0,2,1,2,2,3,1,3,0,1,0,0,1,0,0,0,1,1,2,0,0,0,0,1,1,1,0,0,1,0,1,0,0,0,0,1,0,0,0,0,0,0,2,0,0,0,0,0,0,1,0,0,0,0,0,0,0,0,0,0,0,0,0,0,0,0,0,0,0,0,0,0,0,0,0,0,0,0,0,0,0,0,0,0,0,0,0,0,0,0,0,0,0
1.75,0,0,0,0,0,0,0,0,0,0,0,0,0,0,0,0,0,0,0,0,0,0,0,0,0,0,0,0,0,0,0,0,0,0,0,0,0,0,0,0,0,0,0,0,0,0,0,0,0,0,0,0,0,0,0,0,0,0,0,0,0,0,0,0,0,0,0,0,0,0,0,0,0,0,0,0,0,0,0,0,0,0,0,0,0,0,0,0,0,0,0,0,0,0,0,0,0,0,0,0,0,0,0,0,0,0,0,0,0,0,0,0,0,0,0,0,2,0,0,0,0,1,0,0,0,1,1,0,1,0,0,1,0,0,1,1,1,0,0,0,3,1,1,0,2,0,0,0,1,2,1,0,0,2,0,0,2,1,0,2,2,1,1,2,1,3,1,0,2,1,1,1,2,1,0,1,3,1,2,1,0,3,1,0,1,2,2,2,4,1,3,0,1,2,4,1,0,0,1,0,0,2,4,0,1,2,1,3,1,2,2,0,0,0,2,1,1,1,0,0,0,3,1,3,0,0,1,1,1,0,0,0,1,1,0,0,0,0,0,0,1,0,0,0,0,0,0,0,0,0,0,0,1,0,0,0,0,0,0,0,0,0,0,0,0,0,0,0,0,0,0,0,0,0,0,0,0,0,0,0,0,0,0,0,0,0,0,0,0,0,0,0,0,0,0,0,0,0,0,0
1.85,0,0,0,0,0,0,0,0,0,0,0,0,0,0,0,0,0,0,0,0,0,0,0,0,0,0,0,0,0,0,0,0,0,0,0,0,0,0,0,0,0,1,0,0,0,0,0,0,0,0,0,0,0,0,0,0,0,0,0,0,0,0,0,1,0,0,0,0,0,0,0,0,0,0,0,0,0,0,0,0,0,0,0,0,0,0,1,0,0,0,1,0,0,1,0,1,0,0,0,0,0,0,0,1,0,0,0,1,0,0,0,0,0,0,0,1,0,0,1,0,1,0,1,0,0,0,0,0,1,0,0,1,2,3,3,1,0,0,0,1,1,2,0,1,3,2,0,0,2,1,2,2,4,1,1,1,0,2,0,2,1,0,1,4,0,1,1,2,0,2,1,2,0,1,3,1,0,0,2,0,3,4,2,1,0,1,5,0,0,1,0,2,2,3,1,1,5,3,2,3,1,2,2,3,3,4,3,1,1,2,2,1,1,0,3,2,2,0,2,3,1,2,3,1,0,1,0,0,2,1,2,0,1,1,0,0,0,1,0,0,0,0,0,0,0,0,0,0,0,0,0,0,0,0,0,0,0,0,0,0,0,0,0,0,0,0,0,0,0,0,0,0,0,0,0,0,0,0,0,0,0,0,0,0,0,0,0,0,0,0,0,0,0,0,0,0,0,0,0,0
1.95,0,0,0,0,0,0,0,0,0,0,0,0,0,0,1,0,0,0,0,0,0,0,0,0,0,0,0,0,0,0,0,0,0,0,0,0,0,0,0,0,0,0,0,0,0,0,0,0,0,0,0,0,0,0,0,0,0,0,0,0,0,0,0,0,0,0,0,0,0,0,0,0,0,0,0,0,0,0,0,0,0,0,0,0,0,0,0,0,0,0,0,0,0,1,0,1,0,0,0,0,2,0,0,0,0,0,0,0,0,0,0,0,0,0,0,0,0,1,0,0,0,1,0,0,1,2,0,0,1,0,1,1,0,0,1,0,2,1,0,2,1,0,0,1,3,1,1,3,2,2,2,1,1,1,0,0,1,1,1,0,1,2,0,2,0,1,1,2,0,3,3,0,6,4,3,1,3,1,3,2,2,1,2,0,5,2,2,1,2,2,0,1,1,1,0,2,1,3,1,1,1,2,1,1,1,2,2,1,2,2,2,4,1,0,0,0,1,0,2,1,0,2,2,4,2,0,2,3,1,1,2,2,1,2,0,2,1,2,0,0,0,0,0,0,0,0,0,1,0,1,0,1,0,0,0,0,0,0,0,0,0,0,0,0,0,0,0,0,0,0,0,0,0,0,0,0,0,0,0,0,0,0,0,0,0,0,0,0,0,0,0,0,0,0,0,0,0,0,0,0
2.05,0,0,0,0,0,0,0,0,0,0,0,0,0,0,0,0,0,0,0,0,0,0,0,0,0,0,0,0,0,0,0,0,0,0,0,0,0,0,0,0,0,0,0,0,0,0,0,0,0,0,0,0,0,0,0,0,0,0,0,0,0,0,0,0,0,0,0,0,0,0,0,0,0,0,0,0,0,0,0,0,0,0,0,0,0,0,0,0,0,0,0,0,0,0,0,0,0,0,0,0,0,0,0,0,0,0,0,0,0,0,0,0,0,0,0,0,0,1,0,1,0,1,1,0,0,0,0,0,2,0,0,3,1,1,1,0,2,1,0,1,1,2,1,0,2,2,1,1,0,1,3,1,2,3,0,0,0,0,0,3,1,0,3,1,3,2,2,1,0,1,3,3,0,2,2,2,1,2,3,3,2,2,1,3,2,1,8,3,3,1,4,1,4,2,2,4,1,1,3,0,5,1,2,1,1,3,4,4,1,0,2,1,3,1,3,2,3,3,2,0,2,4,0,0,0,1,2,2,1,3,0,0,1,1,0,1,2,2,1,1,3,1,0,0,1,0,0,0,0,1,1,0,0,0,0,1,0,0,0,0,0,0,0,0,0,0,0,0,0,0,0,0,0,0,0,0,0,0,0,0,0,0,0,0,0,0,0,0,0,0,0,0,0,0,0,0,0,0,0,0
2.15,0,0,0,0,0,0,0,0,0,0,0,0,0,0,0,0,0,0,0,0,0,0,0,0,0,0,0,0,0,0,0,0,0,0,0,0,0,0,0,0,0,0,0,0,0,0,0,0,0,0,0,0,0,0,0,0,0,0,0,0,0,0,0,0,0,0,0,0,0,0,0,0,0,0,0,0,0,0,0,0,0,0,0,0,0,0,0,0,0,0,0,0,0,0,0,0,0,0,0,0,0,0,0,0,0,0,1,0,0,0,1,0,0,0,0,1,0,1,1,0,0,0,0,2,0,0,0,0,0,1,0,3,2,2,0,1,1,4,1,3,3,1,0,1,2,0,1,4,1,1,0,2,0,1,1,2,3,0,0,1,2,0,1,6,2,1,0,3,0,1,3,7,3,1,2,1,2,2,2,3,2,1,2,2,0,1,3,2,4,0,1,0,2,1,1,2,1,1,3,2,1,0,3,1,4,1,2,3,1,2,1,3,2,1,4,3,2,2,1,0,0,2,1,2,1,2,1,1,2,0,0,0,0,0,2,0,0,2,1,1,1,0,1,0,0,1,0,0,0,1,0,1,0,0,0,0,1,1,0,1,0,0,0,0,0,0,0,0,0,0,0,0,0,0,0,0,0,0,0,0,0,0,0,0,0,0,0,0,0,0,0,0,0,0,0,0,0,0,0,0
2.25,0,0,0,0,0,0,0,0,0,0,0,0,0,0,0,0,0,0,0,0,0,0,0,0,0,0,0,0,0,0,0,0,0,0,0,0,0,0,0,0,0,0,0,0,0,0,0,0,0,0,0,0,0,0,0,0,0,0,0,0,0,0,0,0,0,0,0,0,0,0,0,0,0,0,0,0,0,0,0,0,0,0,0,0,0,0,1,0,1,0,0,0,0,0,0,0,0,1,1,0,1,0,0,0,0,1,0,0,0,0,0,0,0,1,0,0,1,1,0,0,0,1,1,0,1,0,0,0,2,1,0,2,1,3,0,1,1,1,0,0,2,1,4,1,1,1,2,2,0,2,1,3,1,3,2,0,2,0,1,2,3,2,2,1,3,3,4,1,3,2,0,2,1,1,2,3,3,5,1,2,3,1,2,8,1,2,2,3,0,1,2,3,6,2,3,2,6,3,3,3,2,1,2,5,4,2,3,1,2,2,3,4,3,1,1,3,3,3,4,3,2,4,1,1,2,0,1,0,3,0,1,0,1,2,0,0,0,0,0,1,1,1,2,0,0,1,0,2,0,0,1,0,2,0,0,0,0,0,0,0,0,0,1,0,0,0,0,0,0,0,0,0,0,0,0,0,0,0,0,0,0,0,0,0,0,0,0,0,0,0,0,0,0,0,0,0,0,0,0,0
2.35,0,0,0,0,0,0,0,0,0,0,0,0,0,0,0,0,0,0,0,0,0,0,0,0,0,0,0,0,0,0,0,0,0,0,0,0,0,0,0,0,0,0,0,0,0,0,0,0,0,0,0,0,0,0,0,0,0,0,0,0,0,0,0,0,0,0,0,0,0,0,0,0,0,0,0,0,0,0,0,0,0,0,0,0,0,0,0,0,0,0,1,0,0,0,0,0,0,0,0,0,0,0,0,0,0,0,0,0,0,0,0,0,0,0,2,1,0,0,2,0,1,0,2,1,1,0,2,1,2,2,0,0,0,1,0,1,0,2,0,1,2,1,3,3,1,1,2,1,0,1,3,3,2,1,2,1,0,1,1,2,0,1,1,4,0,2,3,1,3,3,3,1,3,0,1,1,4,0,1,3,3,2,2,3,0,5,5,2,3,3,2,2,3,3,4,2,2,4,0,4,2,2,1,3,0,1,2,3,3,2,1,2,2,4,1,1,5,2,3,1,3,2,0,1,3,3,1,1,0,1,0,0,3,1,0,0,0,1,1,1,0,1,1,1,1,0,0,1,2,0,1,0,0,1,0,1,0,0,0,0,0,0,0,0,0,0,0,0,0,0,0,0,0,0,0,0,0,0,0,0,0,0,0,0,0,0,0,0,0,0,0,0,0,0,0,0,0,0,0,0
2.45,0,0,0,0,0,0,0,0,0,0,0,0,0,0,0,0,0,0,0,0,0,0,0,0,0,0,0,0,0,0,0,0,0,0,0,0,0,0,0,0,0,0,0,0,0,0,0,0,0,0,0,0,0,0,0,0,0,0,0,0,0,0,0,0,0,0,0,0,1,0,0,0,0,0,0,0,1,0,0,0,0,0,0,0,0,0,0,0,0,0,0,0,0,0,0,0,0,0,0,0,0,0,0,1,1,0,0,0,1,0,1,0,0,0,1,0,1,0,0,0,1,0,0,1,0,1,1,0,0,0,0,0,0,0,0,2,0,1,3,1,1,1,0,0,3,0,1,0,1,1,0,2,4,3,3,4,3,4,1,5,4,1,0,2,0,3,0,3,1,1,1,3,3,3,2,1,1,1,2,7,1,3,3,2,5,0,6,4,3,3,2,2,1,4,5,3,3,4,5,3,1,2,0,2,1,2,5,2,6,2,4,5,2,1,2,1,2,2,2,2,3,0,3,1,1,0,3,0,2,2,1,1,3,2,1,0,1,3,0,1,0,0,0,1,2,1,0,0,1,1,0,1,0,0,0,0,0,0,0,0,0,0,0,0,0,0,0,0,0,0,0,0,0,0,0,0,0,0,0,0,0,0,0,0,0,0,0,0,0,0,0,0,0,0,0,0,0,0,0,0
2.55,0,0,0,0,0,0,0,0,0,0,0,0,0,0,0,0,0,0,0,0,0,0,0,0,0,0,0,0,0,0,0,0,0,0,0,0,0,0,0,0,0,0,0,0,0,0,0,0,0,0,0,0,0,0,0,0,0,0,0,0,0,0,0,0,0,0,0,0,0,0,0,0,0,0,0,0,0,0,0,0,0,0,0,0,0,0,0,0,0,0,0,0,0,0,0,0,0,0,0,0,0,0,1,0,0,0,2,1,0,0,1,0,0,0,0,0,0,0,2,0,1,0,2,0,0,1,0,1,0,0,0,1,0,0,0,0,1,1,1,0,2,2,3,2,4,4,3,2,2,3,2,2,3,1,0,1,1,2,2,1,5,1,2,3,2,1,2,2,4,3,2,2,4,3,0,3,3,2,0,3,2,0,5,5,3,4,5,3,2,10,2,2,1,5,1,4,1,1,3,2,1,0,3,1,3,4,3,3,4,2,3,2,5,1,3,1,5,2,2,0,5,2,3,1,2,1,1,0,1,3,0,1,1,1,0,2,0,4,0,0,3,0,0,0,0,2,1,0,0,0,0,0,0,0,1,0,0,0,0,0,0,0,0,0,0,0,0,0,0,0,0,0,0,0,0,0,0,0,0,0,0,0,0,0,0,0,0,0,0,0,0,0,0,0,0,0,0,0,0,0
2.65,0,0,0,0,0,0,0,0,0,0,0,0,0,0,0,0,0,0,0,0,0,0,0,0,0,0,0,0,0,0,0,0,0,0,0,0,0,0,0,0,0,0,0,0,0,0,0,0,0,0,0,0,0,0,0,0,0,0,0,0,0,0,0,0,0,0,0,0,0,0,0,0,0,0,0,0,0,0,0,0,0,0,0,0,0,0,0,0,0,0,0,0,0,0,0,0,0,0,0,0,0,1,0,1,0,0,0,0,0,0,0,0,0,1,0,0,0,1,1,0,0,1,1,1,0,2,1,3,0,2,0,1,1,1,0,0,0,3,0,1,0,0,0,0,2,1,1,1,2,2,1,1,1,5,2,1,3,2,5,3,1,0,3,4,2,5,4,0,4,6,2,4,2,1,4,5,3,2,4,4,5,4,4,4,3,1,1,3,6,0,5,3,4,3,3,6,4,4,4,3,5,0,4,4,3,3,4,1,3,5,2,6,4,5,2,5,3,2,0,3,3,0,3,5,4,0,2,1,0,2,2,0,2,3,1,3,1,2,0,4,1,1,2,0,0,2,1,0,0,0,0,0,0,0,0,0,1,0,0,0,1,0,0,0,0,0,0,0,0,0,0,0,0,0,0,0,0,0,0,0,0,0,0,0,0,0,0,0,0,0,0,0,0,0,0,0,0,0,0,0
2.75,0,0,0,0,0,0,0,0,0,0,0,0,0,0,0,0,0,0,0,0,0,0,0,0,0,0,0,0,0,0,0,0,0,0,0,0,0,0,0,0,0,0,0,0,0,0,0,0,0,0,0,0,0,0,0,0,0,0,0,0,0,0,0,0,0,0,0,0,0,0,0,0,0,0,0,0,0,0,0,0,0,0,0,0,0,0,0,0,0,0,0,0,0,0,0,0,0,0,0,0,0,0,0,0,0,0,0,0,1,1,0,0,0,0,0,0,1,0,1,0,0,1,1,1,2,0,0,2,0,1,0,1,1,0,2,1,0,1,2,0,1,1,2,1,1,3,1,2,4,2,7,3,5,4,2,1,3,4,2,1,2,2,1,2,3,5,2,3,2,1,2,1,2,4,2,0,9,5,4,3,2,1,3,3,4,1,5,3,2,2,2,4,4,4,2,8,4,9,4,5,5,4,1,1,7,2,3,2,4,3,3,1,5,3,4,4,5,4,1,4,1,0,3,2,3,2,4,2,1,3,2,3,2,1,1,3,2,0,4,1,3,1,1,1,0,0,1,0,2,0,0,0,0,0,0,0,0,0,0,0,1,0,0,0,0,0,0,0,0,0,0,0,0,0,0,0,0,0,0,0,0,0,0,0,0,0,0,0,0,0,0,0,0,0,0,0,0,0,0,0
2.85,0,0,0,0,0,0,0,0,0,0,0,0,0,0,0,0,0,0,0,0,0,0,0,0,0,0,0,0,0,0,0,0,0,0,0,0,0,0,0,0,0,0,0,0,0,0,0,0,0,0,0,0,0,0,0,0,0,0,0,0,0,0,0,0,0,0,0,0,0,0,0,0,0,0,0,0,0,0,0,0,0,0,0,0,0,0,0,0,0,0,0,0,0,1,0,0,1,1,2,0,0,0,0,1,0,1,0,0,0,0,0,0,0,1,1,1,0,3,0,2,0,1,1,1,0,1,2,1,0,1,0,0,1,1,2,4,0,1,2,1,1,0,1,5,1,3,0,3,1,2,2,2,1,3,1,3,3,3,2,1,2,2,2,4,4,2,2,3,3,3,1,3,2,4,4,6,3,4,4,3,1,7,4,4,6,4,4,5,7,3,1,9,6,4,4,3,2,6,2,3,4,8,4,4,4,3,5,8,7,4,6,4,3,2,2,3,3,5,1,2,4,1,2,0,1,1,4,2,0,1,1,2,2,1,2,2,2,0,0,2,1,0,4,1,0,1,0,1,0,3,0,1,0,0,0,0,0,0,0,0,0,0,1,0,0,0,0,0,0,0,0,0,0,0,0,0,0,0,0,0,0,0,0,0,0,0,0,0,0,0,0,0,0,0,0,0,0,0,0,0
2.95,0,0,0,0,0,0,0,0,0,0,0,0,0,0,0,0,0,0,0,0,0,0,0,0,0,0,0,0,0,0,0,0,0,0,0,0,0,0,0,0,0,0,0,0,0,0,0,0,0,0,0,0,0,0,0,0,0,0,0,0,0,0,1,0,0,0,0,1,0,0,1,0,1,0,0,0,0,0,0,0,0,0,0,0,0,0,0,0,0,1,0,0,0,0,0,1,0,0,0,0,0,0,0,0,0,0,2,0,0,1,0,0,0,0,0,0,0,0,0,0,0,1,1,0,0,2,0,1,1,1,2,1,2,0,1,0,2,1,0,1,2,1,0,0,3,2,2,2,2,0,4,3,2,1,1,1,4,0,1,3,5,3,2,6,5,3,3,6,2,1,6,6,4,3,5,4,5,6,1,3,1,6,4,6,5,3,4,6,2,4,3,7,6,5,7,3,6,3,1,8,4,6,3,3,4,4,0,4,4,4,6,3,5,2,1,5,2,1,2,4,5,3,3,4,2,5,1,1,2,3,1,1,1,0,2,0,0,3,1,1,0,0,3,0,0,1,2,0,0,4,0,1,0,0,0,0,1,0,1,0,0,0,0,0,0,0,0,0,0,0,0,0,0,0,0,0,0,0,0,0,0,0,0,0,0,0,0,0,0,0,0,0,0,0,0,0,0,0,0,0
3.05,0,0,0,0,0,0,0,0,0,0,0,0,0,0,0,0,0,0,0,0,0,0,0,0,0,0,0,0,0,0,0,0,0,0,0,0,0,0,0,0,0,0,0,0,0,0,0,0,0,0,0,0,0,0,0,0,0,0,0,0,0,0,0,0,0,0,0,0,0,0,0,0,0,0,0,0,1,0,0,0,0,0,0,0,0,1,0,0,0,0,1,0,0,0,0,0,0,0,1,0,0,0,0,0,0,1,0,0,1,0,0,2,1,0,1,2,1,0,0,0,0,1,0,1,0,0,0,0,3,2,0,1,0,2,2,3,1,4,2,2,5,0,3,6,2,2,0,3,2,1,1,1,1,2,1,0,4,3,2,2,2,5,1,1,2,3,6,7,1,1,4,5,5,5,4,3,7,8,2,6,3,6,4,4,4,6,5,4,3,5,4,6,4,8,6,2,3,6,7,5,5,5,3,5,10,3,0,4,6,2,5,5,4,2,6,2,5,4,0,3,1,4,4,1,1,4,2,3,3,4,3,3,3,1,1,1,1,3,0,2,0,0,1,2,2,0,0,2,2,0,1,0,2,0,0,0,0,0,1,1,0,0,0,0,0,0,0,0,0,0,0,0,0,0,0,0,0,0,0,0,0,0,0,0,0,0,0,0,0,0,0,0,0,0,0,0,0,0,0,0
3.15,0,0,0,0,0,0,0,0,0,0,0,0,0,0,0,0,0,0,0,0,0,0,0,0,0,0,0,0,0,0,0,0,0,0,0,0,0,0,0,1,0,0,0,0,0,0,0,0,0,0,0,0,0,0,0,0,0,0,0,0,0,0,0,0,0,0,0,0,0,0,0,0,0,0,0,1,0,0,0,0,1,0,0,0,0,0,0,0,0,0,0,0,0,0,0,0,0,1,0,0,1,0,1,0,0,0,1,1,0,0,2,0,0,2,0,1,0,2,0,2,1,1,0,1,0,3,1,2,1,2,1,2,0,0,1,1,2,1,1,2,2,1,1,1,2,1,2,4,4,3,3,1,5,1,2,3,3,5,2,2,2,6,2,7,1,6,5,4,3,4,7,9,6,3,2,4,3,1,2,5,6,4,10,4,5,3,7,7,5,8,8,5,3,5,6,4,6,4,3,6,6,9,6,1,6,4,8,2,5,13,4,4,5,2,8,5,4,4,5,1,3,5,2,3,4,4,2,0,2,2,2,2,4,2,4,1,3,0,3,1,1,1,0,2,0,3,1,0,0,3,1,2,0,0,0,1,0,1,0,0,0,1,0,0,0,0,0,0,0,0,0,0,0,0,0,0,0,0,0,0,0,0,0,0,0,0,0,0,0,0,0,0,0,0,0,0,0,0,0,0
3.25,0,0,0,0,0,0,0,0,0,0,0,0,0,0,0,0,0,0,0,0,0,0,0,0,0,0,0,0,0,0,0,0,0,0,0,0,0,0,0,0,0,0,0,0,0,0,0,0,0,0,0,0,0,0,0,0,0,0,0,0,0,0,0,0,0,0,0,0,0,0,0,0,0,0,0,0,0,0,0,0,0,0,0,0,0,0,0,0,0,0,0,0,0,1,1,0,0,0,0,0,0,0,0,0,0,0,0,0,0,1,2,0,0,0,1,1,3,0,1,0,1,0,1,0,1,1,0,2,0,2,2,1,1,1,1,1,2,0,2,2,2,0,2,0,1,2,1,7,2,7,2,4,3,5,2,5,3,1,3,0,0,2,2,4,3,3,1,2,5,7,2,4,9,5,5,2,7,5,3,8,5,3,2,5,2,3,12,11,4,2,0,11,5,7,5,4,4,4,9,3,6,7,5,3,7,8,4,4,1,5,4,1,3,9,5,4,3,7,5,2,3,3,5,2,4,5,3,2,2,5,2,0,4,2,2,5,3,1,2,0,2,1,2,1,0,0,0,2,0,0,1,3,0,1,1,0,1,1,0,0,0,0,0,1,1,0,0,0,0,0,0,0,0,0,0,0,0,0,0,0,0,0,0,0,0,0,0,0,0,0,0,0,0,0,0,0,0,0,0,0
3.35,0,0,0,0,0,0,0,0,0,0,0,0,0,0,0,0,0,0,0,0,0,0,0,0,0,0,0,0,0,0,0,0,0,0,0,0,0,0,0,0,0,0,0,0,0,1,0,0,0,0,0,0,0,0,0,0,0,0,0,0,0,0,0,0,0,0,0,0,0,0,0,0,0,0,0,0,0,0,0,0,0,0,0,0,0,0,0,0,0,0,0,0,1,1,0,0,0,0,0,0,0,0,0,1,0,0,0,0,1,2,0,1,0,1,0,2,0,0,0,0,1,0,0,0,0,1,1,1,0,3,2,0,2,1,2,2,1,2,3,1,3,2,10,1,3,3,4,2,2,1,1,3,4,3,3,2,1,4,4,3,3,4,1,4,6,2,2,5,3,6,3,3,6,10,5,6,12,4,7,1,5,7,4,8,4,11,8,6,6,5,11,3,8,4,4,8,5,4,3,8,6,3,5,5,3,2,10,6,9,7,6,3,5,6,6,4,5,4,5,1,4,3,1,4,3,2,2,4,3,2,3,2,3,3,2,1,2,3,2,2,0,2,1,1,2,2,2,0,0,1,0,0,3,0,0,1,1,1,0,0,0,0,0,0,0,0,0,0,0,0,0,0,0,0,0,0,0,0,0,0,0,0,0,0,0,0,0,0,0,0,0,0,0,0,0,0,0,0,0,0
3.45,0,0,0,0,0,0,0,0,0,0,0,0,0,0,0,0,0,0,0,0,0,0,0,0,0,0,0,0,0,0,0,0,0,0,0,0,0,0,0,0,0,0,0,0,0,0,0,0,0,0,0,0,0,0,0,0,0,0,0,0,0,0,0,0,0,0,0,0,0,0,0,0,0,0,0,0,0,0,0,0,0,0,1,0,0,0,0,0,0,0,0,0,0,0,0,0,0,0,0,0,0,1,0,0,0,0,1,1,0,0,0,0,0,0,0,0,0,2,0,1,0,1,3,0,0,1,1,1,3,0,3,3,2,1,2,1,2,3,4,2,4,2,0,3,4,0,3,1,3,7,2,1,4,2,6,2,3,1,3,5,4,3,7,2,7,7,2,4,6,7,4,8,6,6,3,11,5,2,5,10,10,5,7,6,4,5,8,8,10,3,2,6,5,9,3,7,9,8,6,3,2,7,4,3,2,11,5,6,5,8,1,6,5,5,8,3,3,6,2,4,7,4,4,5,1,2,2,2,5,2,3,0,1,3,1,1,1,1,2,1,4,2,3,1,1,0,2,1,0,0,0,0,1,1,0,0,0,2,0,0,0,0,0,0,0,0,0,0,0,0,0,0,0,0,0,0,0,0,0,0,0,0,0,0,0,0,0,0,0,0,0,0,0,0,0,0,0,0,0,0
3.55,0,0,0,0,0,0,0,0,0,0,0,0,0,0,0,0,0,0,0,0,0,0,0,0,0,0,0,0,0,0,0,0,0,0,0,0,0,0,0,0,0,0,0,0,0,0,0,0,0,0,0,0,0,0,0,0,0,0,0,0,0,0,0,0,0,0,0,0,0,2,0,0,0,0,0,0,0,0,0,0,0,0,0,0,0,0,0,0,0,1,0,0,0,1,0,1,0,0,0,0,2,0,1,1,1,1,0,2,0,1,1,3,0,2,1,0,2,1,1,2,1,0,4,3,4,3,1,3,1,2,4,2,2,0,1,2,1,1,7,2,0,2,4,6,1,6,6,3,5,5,3,6,2,4,5,4,3,1,3,8,5,8,4,2,2,8,3,5,10,5,6,6,7,4,8,7,7,6,4,6,4,7,5,4,8,9,8,7,12,7,5,6,4,8,9,7,10,8,4,15,6,8,9,5,6,13,6,6,4,6,5,10,7,4,8,6,4,9,7,4,6,2,5,1,4,4,3,2,5,3,3,3,6,3,2,5,1,1,0,0,1,1,3,1,2,2,4,0,1,0,1,0,0,0,0,0,1,0,2,0,0,0,0,0,0,0,0,0,0,0,0,0,0,0,0,0,0,0,0,0,0,0,0,0,0,0,0,0,0,0,0,0,0,0,0,0,0,0,0,0
3.65,0,0,0,0,0,0,0,0,0,0,0,0,0,0,0,0,0,0,0,0,0,0,0,0,0,0,0,0,0,0,0,0,0,0,0,0,0,0,0,0,0,0,0,0,0,0,0,0,0,0,0,0,0,0,0,0,0,0,0,0,0,0,0,0,0,0,0,0,0,0,0,0,0,0,0,0,0,0,0,0,0,0,0,0,0,0,1,0,0,0,0,1,1,1,0,0,0,0,0,0,1,3,1,0,0,1,1,0,0,1,0,0,2,1,1,1,1,1,2,1,1,4,2,3,0,0,2,1,3,2,3,3,2,0,2,0,3,1,3,2,6,4,1,4,4,6,7,4,3,8,4,4,0,5,6,3,7,3,1,0,7,5,8,8,5,4,4,2,5,6,7,6,5,8,9,6,9,10,9,8,4,5,7,8,10,7,5,8,7,11,5,5,7,11,8,8,11,10,8,9,4,7,8,15,11,9,3,9,6,5,5,9,5,12,5,3,6,11,7,8,5,5,2,5,6,2,4,8,3,2,1,3,1,1,6,2,4,1,6,3,2,1,1,2,2,1,1,3,0,2,1,1,0,0,0,0,0,1,1,0,0,0,0,0,0,0,0,0,0,0,0,0,0,0,0,0,0,0,0,0,0,0,0,0,0,0,0,0,0,0,0,0,0,0,0,0,0,0,0,0
3.75,0,0,0,0,0,0,0,0,0,0,0,0,0,0,0,0,0,0,0,0,0,0,0,0,0,0,0,0,0,0,0,0,0,0,0,0,0,0,0,0,0,0,0,0,0,0,0,0,0,0,0,0,0,0,0,0,0,0,0,0,0,0,0,0,0,0,0,0,0,0,0,0,0,0,0,0,1,0,0,0,1,0,0,0,0,0,0,0,0,0,0,0,0,0,0,1,0,0,0,1,0,0,2,1,1,0,0,1,0,0,1,2,0,0,0,3,1,2,0,0,2,0,0,4,1,2,3,2,1,1,3,1,4,1,2,1,3,3,2,2,5,2,2,4,1,2,6,3,1,6,8,3,4,3,2,3,4,3,5,9,10,9,5,2,8,7,3,5,7,7,9,11,5,6,6,5,12,7,6,7,8,12,14,9,7,7,7,8,8,5,10,6,14,10,8,8,15,8,6,8,8,6,12,5,14,12,10,5,10,8,7,13,8,6,10,7,6,3,6,6,3,5,7,8,4,6,3,2,7,4,5,6,7,0,3,5,2,2,2,3,5,3,4,1,2,1,2,1,2,0,0,0,2,1,0,0,1,0,1,1,1,0,0,0,0,0,0,0,0,0,0,0,0,0,0,0,0,0,0,0,0,0,0,0,0,0,0,0,0,0,0,0,0,0,0,0,0,0,0,0
3.85,0,0,0,0,0,0,0,0,0,0,0,0,0,0,0,0,0,0,0,0,0,0,0,0,0,0,0,0,0,0,0,0,0,0,0,0,0,0,0,0,0,0,0,0,0,0,0,0,0,0,0,0,0,0,0,0,0,0,0,0,0,0,0,0,0,0,0,0,0,0,0,0,1,0,1,0,0,0,0,1,0,1,0,0,0,0,0,0,0,0,0,0,0,2,0,0,1,0,1,0,0,1,0,0,0,0,2,0,1,1,2,0,0,0,0,0,3,2,1,1,2,1,2,2,2,3,0,1,1,1,3,2,2,0,0,2,8,2,2,2,5,2,6,2,4,4,4,5,6,7,7,7,4,4,6,8,8,7,3,8,15,6,9,3,6,7,6,8,6,10,11,2,2,11,3,5,9,8,8,8,5,6,10,12,9,11,8,10,14,8,5,9,10,9,9,7,10,9,14,11,10,14,13,10,10,9,7,5,7,3,6,7,6,10,6,11,6,6,8,8,4,10,3,3,10,3,5,5,1,7,2,7,6,5,1,3,2,1,4,2,1,5,2,1,2,1,0,3,0,2,0,1,1,1,0,1,1,1,0,0,1,2,1,0,0,0,0,0,0,0,0,0,0,0,0,0,0,0,0,0,0,0,0,0,0,0,0,0,0,0,0,0,0,0,0,0,0,0,0,0
3.95,0,0,0,0,0,0,0,0,0,0,0,0,0,0,0,0,0,0,0,0,0,1,0,0,0,0,0,0,0,0,0,0,0,0,0,0,0,0,0,0,0,0,0,0,0,0,0,1,0,0,0,1,0,0,0,0,0,0,0,0,1,0,0,0,0,0,0,0,0,0,0,0,0,0,0,0,0,0,0,0,0,0,0,0,0,0,1,0,0,0,0,0,1,0,0,0,0,0,0,1,0,0,0,0,0,0,1,0,0,1,0,1,3,1,1,1,3,0,2,0,1,1,2,1,1,4,3,2,1,2,3,1,0,4,6,3,4,3,3,5,3,5,5,9,1,11,4,5,7,3,4,7,8,5,6,3,6,5,4,8,4,7,3,3,6,4,11,7,9,8,12,7,10,8,10,15,9,11,8,11,3,7,8,12,6,10,13,10,7,12,12,15,13,9,13,13,14,7,11,11,24,13,11,11,7,8,10,10,10,10,9,9,8,9,10,9,7,6,6,12,5,5,6,6,8,7,1,4,3,8,4,1,5,7,0,4,5,3,6,7,2,2,2,2,1,4,1,1,3,0,0,1,0,0,0,1,0,1,2,0,1,2,1,0,0,1,0,1,0,0,0,0,0,0,0,0,0,0,0,0,0,0,0,0,0,0,0,0,0,0,0,0,0,0,0,0,0,0,0,0
4.05,1,0,0,0,0,0,0,0,0,0,0,0,0,0,0,0,0,0,0,0,0,0,0,0,0,0,0,0,0,0,0,0,0,0,0,0,0,0,0,0,0,0,0,0,0,0,0,0,0,0,0,0,0,0,0,0,0,0,0,0,0,0,0,0,0,0,0,0,0,0,0,0,0,0,0,1,0,0,0,0,0,0,0,0,0,0,0,0,0,0,0,0,0,1,1,0,0,0,2,0,0,0,0,3,0,0,0,1,1,1,1,2,1,1,1,1,2,0,0,0,5,0,1,1,2,1,3,1,2,7,1,3,1,2,6,2,3,4,3,3,2,6,7,6,0,5,5,5,6,6,6,9,3,2,7,4,7,8,4,7,9,6,2,6,9,8,5,10,5,6,3,10,8,12,7,2,7,5,7,3,9,10,5,6,16,13,11,17,13,4,6,16,15,15,10,12,7,16,13,7,7,12,10,14,9,11,10,8,11,10,9,12,9,12,6,11,3,7,12,7,8,2,7,7,8,10,1,11,6,8,3,2,6,6,2,4,4,3,3,3,5,3,3,4,1,2,2,0,0,0,0,0,1,2,1,0,0,0,0,1,0,1,1,0,0,0,0,0,1,0,0,0,0,0,0,0,0,0,0,0,0,0,0,0,0,0,0,0,0,0,0,0,0,0,0,0,0,0,0,0
4.15,0,0,0,0,0,0,0,0,0,0,0,0,0,0,0,0,0,0,0,0,0,0,0,0,0,0,0,0,0,0,0,0,0,0,0,0,0,0,0,0,0,0,0,0,0,0,0,0,0,0,0,0,0,0,0,0,0,0,0,0,0,0,0,0,0,0,0,0,1,0,0,0,0,0,0,0,0,0,0,0,2,0,1,0,0,0,0,0,0,1,0,0,0,0,0,1,0,0,1,1,1,0,0,1,2,0,5,0,3,0,2,3,1,0,1,3,3,1,3,1,2,1,2,1,3,4,2,4,5,1,4,2,2,1,5,7,2,4,5,6,6,1,5,6,3,2,3,12,6,3,10,5,9,8,10,3,0,3,6,8,9,7,7,5,3,9,11,13,11,3,8,10,13,5,5,7,9,16,12,15,10,8,14,12,9,11,16,6,8,9,10,4,10,15,11,14,7,13,12,10,17,8,13,12,20,11,15,10,8,6,6,18,10,14,21,10,10,6,5,5,15,9,3,9,10,7,2,6,6,2,5,4,8,6,7,5,3,6,7,4,1,1,5,4,2,2,3,1,2,1,1,0,0,0,2,1,0,0,0,0,1,0,0,0,0,0,0,0,0,0,0,0,0,0,0,0,0,0,0,0,0,0,0,0,0,0,0,0,0,0,0,0,0,0,0,0,0,0,0,0
4.25,0,0,0,0,0,0,0,0,0,0,0,0,0,0,0,0,0,0,0,0,0,0,0,0,0,0,0,0,0,0,0,0,0,0,0,0,0,0,0,0,0,0,0,0,0,0,0,0,0,0,0,0,0,0,0,0,0,0,0,0,0,0,0,0,0,0,0,0,0,0,0,0,0,0,0,0,0,1,0,0,0,0,0,0,0,0,0,0,0,0,0,0,0,0,0,0,0,0,1,0,1,1,0,1,0,0,1,2,0,1,1,1,2,0,2,2,3,1,2,1,3,0,0,1,2,6,3,1,3,2,1,5,2,8,1,2,7,4,4,4,0,2,5,4,4,4,3,5,6,6,3,5,3,7,1,11,7,4,7,4,6,7,8,9,5,7,7,11,12,13,9,9,6,10,12,13,11,8,9,8,10,9,8,10,18,13,12,14,12,11,10,13,11,10,17,19,12,16,11,21,19,15,12,9,13,5,7,20,9,10,13,10,12,12,9,6,13,11,11,9,7,10,7,11,5,8,11,10,6,6,6,4,3,6,1,3,3,4,7,6,4,1,5,4,4,4,3,2,6,1,5,0,0,0,1,1,0,1,0,0,0,1,0,0,0,0,0,0,0,0,0,0,0,0,0,0,0,0,0,0,0,0,0,0,0,0,0,0,0,0,0,0,0,0,0,0,0,0,0,0
4.35,0,0,0,0,0,0,0,0,0,0,0,0,0,0,0,0,1,0,0,0,0,0,1,0,0,0,0,0,0,0,0,0,0,0,0,0,0,0,0,0,0,0,0,0,0,0,0,0,1,0,0,0,0,0,0,0,0,0,0,0,0,0,0,0,0,0,0,0,0,0,0,0,0,0,1,0,0,0,0,0,0,2,0,0,0,1,1,0,0,0,0,0,1,1,0,0,2,1,1,1,0,1,0,1,1,0,1,0,2,3,1,2,1,2,0,0,2,2,2,2,2,3,1,3,2,5,3,1,2,3,2,1,1,5,7,4,1,6,3,4,8,7,1,5,5,7,5,3,5,5,9,5,11,8,4,8,5,4,7,6,11,12,7,11,10,5,8,12,9,13,4,12,10,16,5,10,5,10,7,14,9,3,11,20,12,14,11,11,19,13,7,14,16,21,8,13,11,6,17,11,10,11,17,9,12,19,13,14,13,11,17,14,3,9,13,10,10,13,12,12,11,13,9,9,10,7,9,5,8,9,7,12,4,5,5,5,2,2,5,4,3,3,5,2,3,3,2,3,4,4,3,1,4,1,1,1,0,3,1,0,0,0,1,0,0,0,0,0,0,0,0,0,0,0,0,0,0,0,0,0,0,0,0,0,0,0,0,0,0,0,0,0,0,0,0,0,0,0,0,0
4.45,0,0,0,0,0,0,0,0,0,0,0,0,0,0,0,0,0,0,0,0,0,0,0,0,0,0,0,0,0,0,0,0,0,0,0,0,1,0,0,0,0,0,0,0,0,0,0,0,0,0,0,0,1,0,0,0,0,0,1,0,0,0,0,0,0,0,0,0,0,0,0,0,0,0,0,0,0,1,0,0,0,0,0,0,0,0,0,0,0,0,0,1,0,1,2,0,0,1,0,0,0,2,0,1,0,3,0,2,2,3,1,5,1,1,1,1,2,2,0,4,3,3,3,1,3,3,4,5,2,5,5,7,4,10,4,4,4,5,3,6,1,5,1,9,6,5,7,4,8,4,8,8,5,12,9,8,9,7,17,9,4,8,12,7,16,9,7,9,14,9,9,10,13,12,15,9,6,12,11,9,10,16,16,10,14,23,12,23,11,18,12,18,12,14,21,15,11,19,10,13,18,13,11,13,10,8,16,8,19,7,20,16,11,13,18,8,13,13,13,10,10,7,12,9,13,11,10,8,9,10,7,8,5,8,3,5,5,11,2,2,7,6,1,3,4,1,2,1,1,3,3,0,1,0,1,2,1,0,1,0,0,0,0,1,0,0,1,0,1,0,0,0,0,0,0,0,0,0,0,0,0,0,0,0,0,0,0,0,0,0,0,0,0,0,0,0,0,0,0,0
4.55,0,0,0,0,0,0,0,0,0,0,0,0,0,0,0,0,0,0,0,0,0,0,0,0,0,0,0,0,0,0,0,0,0,0,0,0,0,0,0,0,0,1,0,0,0,0,0,0,0,0,0,0,0,0,0,0,0,0,0,0,0,0,0,1,0,0,0,0,0,0,1,1,0,0,0,0,0,0,0,0,0,0,0,1,0,0,0,0,0,1,0,0,0,0,0,1,0,0,1,0,0,2,2,0,1,1,1,5,1,3,1,1,2,2,1,3,1,2,2,1,1,4,5,1,1,2,3,7,2,2,4,6,3,4,3,4,9,3,6,8,1,9,10,8,3,9,8,9,8,8,7,14,11,5,9,12,10,6,9,10,13,6,10,7,9,16,13,4,8,12,14,10,10,10,14,14,14,10,17,18,12,7,7,17,19,13,21,9,10,13,19,20,16,20,13,11,13,11,15,11,19,13,19,13,15,16,11,17,14,16,15,17,12,15,11,11,11,13,13,12,15,10,17,16,10,9,5,8,9,11,3,10,8,4,4,4,7,5,3,6,6,1,2,4,4,4,1,3,1,0,2,1,2,1,0,0,1,3,0,1,0,0,0,1,0,1,1,0,0,0,0,0,0,0,0,0,0,0,0,0,0,0,0,0,0,0,0,0,0,0,0,0,0,0,0,0,0,0,0,0
4.65,0,0,0,0,0,0,0,0,0,0,0,0,0,0,0,0,0,0,0,0,0,0,0,0,0,1,0,0,0,0,0,0,0,0,0,0,0,0,0,0,0,0,0,0,0,0,0,1,0,0,0,0,0,0,0,0,0,0,0,0,0,0,0,0,0,0,0,0,0,0,0,1,0,0,0,0,1,0,0,1,0,1,0,0,0,1,0,0,0,0,0,0,1,1,0,3,0,0,0,2,1,1,0,1,0,0,1,1,2,0,0,0,3,0,1,1,0,1,1,2,2,6,1,5,1,4,4,5,3,3,3,4,5,5,4,1,3,8,2,5,6,5,8,4,6,10,9,11,3,4,12,11,10,8,13,8,9,8,12,7,10,7,7,12,9,7,16,17,19,18,16,17,23,14,14,7,13,11,9,9,17,9,16,21,23,14,13,25,13,18,15,13,15,18,12,12,18,13,16,21,15,21,24,10,19,15,13,19,10,15,10,16,21,11,15,11,15,11,15,12,11,5,9,11,13,14,8,12,10,12,9,6,7,7,7,11,5,7,12,3,2,2,5,0,1,7,3,1,2,3,1,3,2,2,0,0,0,0,2,1,1,0,0,0,1,0,2,0,0,0,0,0,0,0,0,0,0,0,0,0,0,0,0,0,0,0,0,0,0,0,0,0,0,0,0,0,0,0,0,0
4.75,0,0,0,0,0,0,0,0,0,0,0,0,0,0,0,0,0,0,0,0,0,0,0,0,0,0,0,0,0,0,0,0,0,0,0,0,0,0,0,0,0,0,0,0,0,0,0,0,0,0,0,0,0,0,0,0,0,0,0,0,0,0,0,0,0,0,0,0,0,0,0,0,0,0,0,0,0,0,0,0,2,0,0,0,0,1,0,0,1,0,1,0,0,1,0,3,1,1,1,1,2,1,0,1,2,3,0,1,1,3,0,4,2,0,0,1,5,3,2,4,3,3,0,1,2,0,6,2,5,3,2,2,5,3,8,6,5,4,6,4,5,11,7,8,7,8,5,6,6,10,8,5,9,7,7,12,8,13,13,8,10,8,11,21,8,12,19,16,9,14,17,15,12,12,14,6,17,19,16,7,13,18,19,13,22,12,24,11,14,15,23,13,16,13,21,15,21,20,17,18,22,15,19,22,27,24,15,20,22,21,21,14,15,21,18,15,10,22,9,12,17,10,12,15,11,6,12,8,10,6,5,12,12,5,7,8,7,5,3,9,10,3,6,2,5,2,2,3,1,2,2,1,2,2,1,0,2,1,0,0,1,0,0,0,0,0,1,0,1,0,0,0,0,0,0,0,0,0,0,0,0,0,0,0,0,0,0,0,0,0,0,0,0,0,0,0,0,0,0,0
4.85,0,0,0,0,0,0,0,0,0,0,0,0,0,0,0,0,0,0,0,0,0,0,0,0,0,0,0,0,0,0,0,0,0,0,0,0,0,0,0,0,0,1,0,0,0,0,0,0,0,0,0,0,0,0,0,0,0,0,1,0,0,0,0,0,0,1,0,0,0,0,1,0,0,0,0,0,0,0,0,0,0,0,0,0,0,0,0,0,1,0,0,0,0,0,1,1,0,0,1,0,0,1,4,2,1,0,1,0,2,0,0,3,2,0,2,5,4,1,0,6,3,4,1,3,4,8,3,4,3,1,8,1,6,6,3,6,1,6,3,3,10,4,3,3,9,7,15,8,10,10,16,8,10,6,9,4,9,2,8,21,8,9,14,15,11,12,15,13,17,15,14,13,18,15,14,14,16,20,20,20,15,14,15,16,13,18,18,17,29,18,21,30,12,20,15,23,22,13,23,13,26,22,17,19,29,18,17,17,26,15,13,21,15,14,19,16,18,15,18,11,15,15,15,12,12,15,12,10,8,16,8,5,7,5,5,12,5,3,8,7,7,5,4,5,4,5,2,4,4,1,3,1,1,2,1,1,0,0,0,0,1,1,0,1,0,0,0,1,1,0,0,0,0,0,0,0,0,0,0,0,0,0,0,0,0,0,0,0,0,0,0,0,0,0,0,0,0,0,0,0
4.95,0,0,0,0,0,0,0,0,0,0,0,0,0,0,0,0,0,0,0,0,0,0,0,0,0,0,0,0,0,0,0,0,0,0,0,0,0,0,0,0,0,0,0,0,0,0,0,1,0,0,0,0,0,0,0,0,0,0,0,0,0,0,0,0,0,0,0,0,0,0,0,0,0,0,0,0,0,0,0,0,0,0,0,0,0,0,0,0,0,0,1,1,0,2,2,0,0,0,0,0,2,0,1,0,1,0,3,3,0,1,3,2,1,0,1,1,0,1,0,4,4,2,1,8,1,1,5,2,2,5,12,5,3,4,5,6,5,5,8,7,7,4,8,9,6,11,9,10,19,8,5,13,11,11,9,10,9,17,15,14,12,10,10,14,11,13,18,14,18,14,13,18,11,23,14,17,14,11,15,24,27,20,16,17,22,19,19,19,23,11,23,19,21,22,19,31,18,23,19,21,22,22,22,27,13,14,25,18,12,14,23,18,9,18,17,17,15,19,16,16,14,12,14,16,17,19,13,9,16,14,16,8,10,8,3,9,8,7,10,3,9,8,5,6,2,2,3,4,5,3,1,1,0,0,1,0,1,1,1,0,1,1,1,1,0,0,0,1,0,0,1,0,0,0,0,0,0,0,0,0,0,0,0,0,0,0,0,0,0,0,0,0,0,0,0,0,0,0,0,0
5.05,0,0,0,0,0,0,0,0,0,0,0,0,0,0,0,0,0,0,0,0,0,0,0,0,0,0,0,0,0,0,0,0,0,0,0,0,0,0,0,0,0,0,0,1,1,1,0,0,0,0,0,0,0,0,0,0,0,0,0,1,0,0,1,0,1,0,0,1,0,0,0,0,0,0,0,0,0,0,0,0,0,0,0,0,0,0,0,0,0,0,3,0,1,0,2,1,0,0,0,1,1,1,2,1,0,1,1,1,0,0,1,1,0,2,3,2,2,6,5,3,1,3,6,2,3,7,5,3,5,6,4,7,3,9,6,4,5,2,9,3,10,12,13,8,9,11,14,9,15,10,7,13,14,17,13,14,8,8,12,8,14,6,26,16,18,15,13,13,17,19,15,13,12,6,22,20,21,19,15,24,24,28,22,21,22,15,19,18,13,27,36,23,28,14,18,24,19,19,21,17,15,32,33,20,25,26,13,20,25,27,26,16,23,16,24,24,21,18,17,15,14,19,13,11,10,12,11,7,14,9,9,17,8,12,16,9,2,9,6,10,8,7,8,4,10,7,2,2,3,3,3,2,1,1,2,1,0,1,0,0,1,2,0,1,0,1,0,0,1,0,0,0,0,0,0,0,0,0,0,0,0,0,0,0,0,0,0,0,0,0,0,0,0,0,0,0,0,0,0,0
5.15,0,0,0,0,0,0,0,0,1,0,0,0,0,0,1,0,0,0,0,0,0,0,0,0,0,0,0,0,0,0,0,0,0,0,0,0,0,0,0,0,0,1,0,0,0,0,0,0,0,0,0,0,0,1,0,0,0,0,0,0,0,1,0,1,0,0,0,0,0,0,0,0,0,0,0,0,0,0,1,2,0,0,0,0,1,0,0,1,2,3,0,0,0,0,1,1,2,1,0,1,4,2,2,4,3,0,0,2,1,4,2,0,5,2,2,2,5,3,4,3,4,5,2,4,2,4,3,7,1,5,4,7,7,7,7,5,9,8,5,8,9,12,13,11,15,6,9,11,11,15,11,5,7,14,13,14,14,18,8,16,11,10,18,12,14,17,18,14,18,21,14,14,11,13,24,18,17,17,17,23,21,31,31,17,30,27,25,25,27,26,24,40,37,27,30,23,21,32,19,27,19,27,21,20,26,22,16,25,17,16,21,19,21,25,17,22,27,17,15,31,15,17,14,18,16,15,20,10,12,9,8,6,11,9,16,6,10,13,8,4,4,10,7,7,6,6,5,5,3,4,7,3,3,0,0,1,0,0,1,0,0,0,0,0,0,1,0,1,1,0,0,0,0,0,0,0,0,0,0,0,0,0,0,0,0,0,0,0,0,0,0,0,0,0,0,0,0,0,0,0
5.25,0,0,0,0,0,0,0,0,0,0,0,0,0,0,0,0,0,0,0,0,0,0,0,0,0,0,0,0,0,0,0,0,0,0,0,0,0,0,0,0,0,1,0,0,0,0,0,0,0,0,0,0,0,0,0,0,0,0,0,0,1,0,0,0,0,0,0,1,0,0,0,0,0,0,0,0,0,0,0,1,1,0,0,1,0,0,1,2,0,1,2,2,0,1,0,0,1,1,2,2,0,1,2,2,2,5,2,0,3,2,2,0,1,2,3,1,4,1,5,4,2,4,3,1,5,2,7,5,8,4,5,7,4,5,11,7,7,6,8,6,14,9,12,12,18,11,13,11,13,17,20,10,22,18,12,13,6,11,18,13,14,11,16,15,21,21,9,23,24,20,19,16,21,23,15,26,18,19,31,19,16,22,25,24,15,21,27,27,26,26,32,31,13,25,25,23,19,25,29,25,24,33,30,29,31,25,25,34,16,26,26,24,26,26,27,23,24,13,20,22,27,18,23,14,21,16,16,16,12,14,17,11,8,11,5,4,15,11,6,8,7,4,2,6,10,6,9,6,4,3,8,5,3,2,1,0,0,0,0,0,0,1,0,0,0,0,1,0,0,1,0,0,0,0,0,0,0,0,0,0,0,0,0,0,0,0,0,0,0,0,0,0,0,0,0,0,0,0,0,0
5.35,0,0,0,0,0,0,0,0,0,0,0,0,0,0,0,0,0,0,0,0,0,0,0,0,0,0,0,0,0,0,0,0,0,0,0,0,0,0,0,0,0,0,0,0,0,1,0,1,0,0,0,0,0,0,0,1,0,0,0,0,0,0,0,0,0,0,0,0,0,0,0,0,0,1,0,0,0,0,0,0,0,0,1,0,0,0,1,1,0,1,0,0,0,1,0,1,0,1,1,0,0,0,2,0,2,2,2,1,1,1,2,1,1,1,3,2,2,3,4,5,3,4,7,4,6,1,2,5,3,6,4,5,6,10,9,9,8,5,9,10,8,6,5,6,9,13,3,13,10,12,7,16,12,15,16,12,7,22,15,12,13,16,15,18,21,11,19,20,18,13,8,20,15,17,28,20,25,14,23,34,30,25,25,30,22,26,18,24,22,33,24,25,31,23,33,26,28,25,31,21,19,36,29,37,32,36,19,38,19,24,23,32,25,30,25,17,20,26,30,19,21,16,23,15,19,20,23,12,16,20,13,10,10,10,8,5,13,7,9,4,7,9,11,3,8,2,7,8,5,6,6,2,4,7,1,3,1,1,1,1,0,1,0,0,1,0,0,1,0,0,0,0,0,0,0,0,0,0,0,0,0,0,0,0,0,0,0,0,0,0,0,0,0,0,0,0,0,0,0,0
5.45,0,0,0,0,0,0,0,0,0,0,0,0,0,0,0,0,0,0,0,0,0,0,1,0,0,0,0,0,0,0,0,0,1,0,0,0,0,0,1,0,0,0,0,0,0,1,0,0,0,0,1,0,0,0,0,0,0,0,0,1,1,0,0,0,0,0,0,0,0,1,0,0,1,0,2,0,0,1,1,0,0,0,0,0,0,0,1,1,0,1,1,1,1,0,0,2,2,0,4,0,1,4,3,1,4,2,1,1,3,2,4,2,1,3,1,7,4,0,3,5,5,2,6,3,10,4,4,5,4,7,4,7,3,10,10,9,6,10,10,14,11,11,16,4,14,15,12,13,21,13,12,11,11,12,14,12,15,17,12,14,16,18,13,22,22,17,21,25,26,23,23,20,23,22,30,20,22,30,28,33,18,21,27,27,41,21,34,36,30,24,37,34,31,37,39,29,29,37,35,21,39,37,23,34,35,36,34,35,34,30,25,27,31,26,21,21,20,30,21,24,34,33,16,19,16,12,11,15,12,11,21,13,18,10,13,16,13,9,7,5,11,6,3,11,10,6,3,2,5,5,8,4,2,5,2,4,2,2,2,0,0,0,2,0,1,0,0,0,1,0,0,0,0,0,0,0,0,0,0,0,0,0,0,0,0,0,0,0,0,0,0,0,0,0,0,0,0,0,0,0
5.55,0,0,0,0,0,0,0,0,0,0,0,0,0,0,0,0,0,0,0,0,0,0,0,0,0,0,0,0,0,0,0,1,0,0,0,0,0,0,0,0,0,0,0,0,0,0,0,0,0,0,0,0,0,0,0,0,0,0,0,0,0,0,0,0,0,0,0,1,0,1,0,0,0,0,1,0,0,0,0,0,0,0,0,0,0,0,0,0,0,0,1,0,1,0,0,0,1,2,1,1,0,1,3,3,2,0,2,3,3,2,1,3,2,2,2,2,2,5,2,3,6,3,7,8,8,6,4,7,8,4,9,11,10,13,11,9,11,14,15,9,14,11,9,11,11,9,11,17,14,16,11,11,17,18,18,20,14,17,20,15,24,30,26,19,14,16,35,21,16,35,26,18,22,30,31,21,23,32,26,29,28,36,32,19,22,36,36,30,30,36,25,32,24,32,39,32,38,27,31,36,34,30,30,40,33,37,30,30,29,37,36,24,38,36,27,25,37,24,28,28,24,22,18,16,13,21,26,21,24,12,9,20,14,13,12,12,15,10,8,10,8,12,8,7,3,7,5,10,3,2,1,4,5,1,3,3,3,3,0,1,1,1,1,0,0,1,0,0,0,1,0,0,0,0,0,0,0,0,0,0,0,0,0,0,0,0,0,0,0,0,0,0,0,0,0,0,0,0,0,0
5.65,0,0,0,0,0,0,0,0,0,0,0,0,0,0,0,0,0,0,0,0,0,0,0,0,0,0,0,0,0,0,0,0,0,0,0,0,0,0,0,0,0,0,0,0,0,0,0,0,0,0,0,0,0,0,0,0,1,0,0,0,0,0,1,0,1,0,0,1,0,1,0,0,0,0,0,0,0,0,0,0,0,0,1,0,0,0,0,3,0,2,1,0,1,1,1,0,1,0,2,1,2,2,2,3,7,2,1,2,4,4,0,2,1,5,4,5,3,2,1,4,3,5,2,8,4,5,4,4,9,9,7,10,12,7,5,7,10,7,10,13,8,10,12,19,8,17,17,11,20,15,17,14,9,14,19,13,9,15,11,25,10,20,29,18,16,17,21,30,19,22,20,22,21,26,26,31,28,29,22,21,29,29,26,30,25,29,38,38,39,33,35,37,44,42,31,42,45,37,46,43,31,42,25,44,44,29,32,37,38,41,41,35,35,27,26,30,23,31,20,20,23,38,37,16,30,20,17,21,14,17,19,13,12,14,16,8,20,9,14,11,11,6,5,12,9,7,4,7,5,6,2,2,4,5,2,2,4,1,3,0,0,3,1,0,0,1,0,0,1,0,0,0,0,0,0,0,0,0,0,0,0,0,0,0,0,0,0,0,0,0,0,0,0,0,0,0,0,0,0,0
5.75,0,0,0,0,0,0,0,0,0,0,0,0,0,0,0,0,0,0,0,0,0,0,0,0,0,0,0,0,0,0,0,0,0,0,0,0,0,0,0,0,1,0,0,0,0,0,1,0,0,0,0,0,0,0,1,0,0,0,2,0,0,1,0,0,0,1,0,0,0,0,0,0,0,0,1,1,0,0,1,0,0,0,1,1,0,1,1,0,0,1,2,0,0,2,1,2,0,1,0,1,0,1,1,5,2,1,1,1,2,2,3,2,5,2,3,3,1,4,3,1,4,6,3,9,3,10,11,1,10,12,6,7,8,6,8,4,5,12,6,14,10,11,9,9,11,17,14,17,12,16,19,19,20,21,17,24,13,20,18,30,17,22,27,21,23,18,25,24,26,27,21,29,21,31,19,25,19,22,31,32,32,35,26,26,30,30,28,30,31,31,40,42,37,32,42,37,26,27,34,30,39,42,38,33,31,41,28,37,39,28,49,27,36,37,27,33,34,22,21,29,38,30,20,25,18,26,32,27,18,19,14,20,10,17,14,7,18,7,9,13,10,12,13,9,7,6,10,7,5,2,5,4,1,4,2,5,2,1,6,0,1,1,1,2,0,0,1,0,0,1,0,0,0,0,0,0,0,0,0,0,0,0,0,0,0,0,0,0,0,0,0,0,0,0,0,0,0,0,0,0
5.85,0,0,0,0,0,0,0,0,0,0,0,0,0,0,0,0,0,0,0,0,1,0,0,0,0,0,0,0,0,0,0,0,0,0,0,0,0,1,0,0,1,0,0,0,0,0,0,0,2,0,0,0,0,0,0,0,0,0,0,1,0,0,0,0,0,0,0,1,0,0,0,0,0,0,0,0,1,1,1,0,1,3,0,2,0,0,1,1,1,0,1,1,0,0,1,2,0,2,1,0,3,0,1,2,1,5,1,4,1,4,2,2,7,5,3,1,5,5,4,4,3,10,3,5,6,12,7,7,8,6,3,9,3,8,14,19,10,10,10,9,10,7,14,9,15,13,15,15,18,10,7,19,14,14,21,24,16,28,14,19,25,22,23,29,26,27,19,26,29,30,27,27,31,34,21,17,31,32,30,33,34,36,31,37,30,30,35,43,31,44,39,35,48,33,38,47,38,43,43,41,45,46,37,35,27,40,40,39,32,33,38,37,31,43,31,26,40,39,32,21,36,26,28,18,20,30,25,22,18,32,13,27,22,14,11,15,14,19,8,6,8,10,8,7,7,14,7,8,7,8,4,4,4,1,5,2,4,5,2,2,1,2,1,2,1,0,1,0,0,0,0,0,1,0,0,0,0,0,0,0,0,0,0,0,0,0,0,0,0,0,0,0,0,0,0,0,0,0,0,0
5.95,0,0,0,0,0,0,0,0,0,1,0,0,0,0,0,0,0,0,0,0,0,0,0,0,0,0,0,0,0,0,0,0,0,0,0,0,0,0,0,0,0,0,0,1,0,0,0,0,0,0,0,0,0,0,0,1,0,0,2,0,0,0,0,0,0,0,0,0,0,0,0,0,1,0,1,2,0,1,0,0,1,0,0,0,2,1,1,0,1,3,1,1,0,0,1,3,1,1,0,1,1,4,2,5,1,1,2,7,3,5,0,5,7,6,4,3,7,10,7,5,3,5,3,9,4,10,5,9,6,6,16,11,8,12,7,14,15,10,18,12,15,17,21,15,14,19,18,14,16,23,12,20,24,18,20,18,17,23,17,25,26,23,33,21,25,24,23,23,26,32,34,33,28,24,27,28,42,31,28,30,40,34,41,39,37,31,39,47,47,34,54,33,46,58,45,42,51,48,38,56,41,38,39,44,37,39,43,45,48,36,37,42,42,41,33,29,30,24,43,35,30,32,41,29,23,26,32,14,22,28,21,16,24,17,22,14,15,13,11,13,10,7,9,16,7,5,4,13,3,9,9,6,5,2,1,4,3,5,2,4,0,1,1,1,1,1,1,0,0,0,0,0,1,0,0,0,0,0,0,0,0,0,0,0,0,0,0,0,0,0,0,0,0,0,0,0,0,0,0,0
6.05,0,0,0,0,0,0,0,0,0,0,0,0,0,0,0,0,0,0,0,0,0,0,0,0,0,0,0,0,0,0,0,0,0,0,0,0,0,0,0,0,0,0,0,0,0,0,0,0,0,1,0,0,0,0,0,0,0,0,1,0,0,0,0,0,0,0,1,0,1,0,2,1,0,0,1,0,1,0,0,0,0,0,0,0,0,0,0,2,1,0,1,1,0,2,2,0,0,2,3,2,2,2,2,2,2,7,3,4,3,2,5,3,3,5,7,5,6,6,4,7,5,3,9,5,4,11,10,5,2,16,12,8,6,7,13,16,7,20,18,12,18,17,14,11,15,15,22,19,22,12,14,19,25,17,21,20,28,22,25,30,15,38,32,25,30,32,28,35,40,35,31,26,33,27,29,30,28,39,35,37,47,43,44,47,45,36,48,42,38,46,45,41,38,41,44,39,48,58,39,43,48,46,49,48,65,37,42,36,41,44,43,45,45,39,31,42,41,39,29,52,26,39,25,27,30,24,20,28,33,25,30,19,18,21,16,18,13,13,19,10,14,16,10,13,8,10,9,8,7,4,8,6,10,3,3,2,1,2,7,0,4,1,1,0,3,0,0,1,0,0,0,0,0,0,0,0,0,0,0,0,0,0,0,0,0,0,0,0,0,0,0,0,0,0,0,0,0,0,0,0
6.15,0,0,0,0,0,0,0,0,0,0,0,0,0,0,0,0,0,0,0,0,0,0,0,0,0,0,0,0,0,0,0,0,0,0,0,0,0,0,0,0,0,0,0,0,0,0,0,0,0,0,0,0,0,0,0,0,0,0,1,0,0,0,0,0,0,0,0,0,1,0,1,0,0,0,0,0,1,0,0,0,0,0,1,0,1,0,0,1,1,0,0,3,1,1,3,2,0,6,2,1,1,2,2,1,0,2,3,5,2,5,3,2,4,5,5,4,3,5,8,5,4,11,9,11,5,10,4,10,9,12,9,16,11,11,10,15,15,15,16,18,17,18,12,17,19,25,18,12,19,28,31,21,15,29,19,17,30,25,28,29,22,33,28,36,27,32,37,29,32,21,30,29,43,35,30,44,37,40,33,49,29,47,35,37,38,39,40,48,55,51,48,50,54,49,48,45,50,53,45,37,49,49,43,54,39,68,57,47,61,47,50,63,48,41,39,36,40,41,31,26,34,39,37,22,34,35,27,26,20,25,26,21,24,18,18,25,16,18,12,11,12,13,19,16,12,13,6,6,2,8,4,6,4,7,5,5,2,2,2,1,3,4,2,1,1,1,1,1,0,0,0,0,0,0,0,0,0,0,0,0,0,0,0,0,0,0,0,0,0,0,0,0,0,0,0,0,0,0,0,0
6.25,0,0,0,0,0,0,0,0,0,0,0,0,0,0,0,0,0,0,0,0,0,0,0,0,0,0,0,0,0,0,0,0,0,0,0,0,0,0,0,0,0,0,0,0,0,0,0,0,0,0,0,0,0,0,0,0,1,1,0,0,0,0,0,0,0,1,1,0,0,0,1,1,0,0,0,1,0,0,0,1,1,0,0,2,1,1,0,0,2,3,3,2,0,1,2,2,2,1,3,1,3,0,3,1,3,4,7,3,2,8,2,5,3,4,7,4,8,3,4,5,6,6,9,12,13,12,9,16,9,19,12,10,13,12,18,21,13,9,14,18,16,19,18,13,25,15,19,28,26,23,26,28,30,33,24,24,21,20,21,35,21,31,32,37,33,35,36,34,30,38,36,35,40,40,37,44,47,40,35,45,33,56,42,50,41,52,41,56,50,45,63,44,58,47,60,66,47,55,54,65,56,52,55,54,54,48,43,50,54,52,40,61,56,43,57,42,52,34,42,40,40,46,35,33,28,38,29,29,22,25,26,15,22,19,18,23,16,23,23,17,15,9,6,14,14,11,14,5,6,5,3,8,10,4,6,4,3,1,2,4,3,2,2,2,1,1,1,0,1,0,0,0,0,0,0,0,0,0,0,0,0,0,0,0,0,0,0,0,0,0,0,0,0,0,0,0,0,0,0,0
6.35,0,0,0,0,0,0,0,0,0,0,0,0,0,0,0,0,0,0,0,0,0,0,0,0,0,0,0,0,0,0,0,0,0,0,0,0,1,0,0,0,0,0,0,0,0,2,0,0,0,0,0,0,0,0,0,0,1,0,0,0,1,0,2,0,0,0,0,0,0,0,0,0,1,0,2,2,0,0,0,0,1,0,2,1,1,0,0,2,1,1,1,1,0,1,2,4,1,3,2,1,0,1,1,5,5,3,5,7,5,7,8,1,3,6,6,3,6,7,3,6,8,6,10,5,5,4,4,9,8,3,18,18,12,11,18,11,12,19,22,9,18,17,16,16,18,29,25,16,23,25,23,22,24,32,25,30,27,32,27,28,34,25,28,39,36,43,30,37,27,47,36,46,36,40,39,34,52,46,41,48,51,40,53,52,52,47,50,52,53,67,44,53,48,59,63,52,53,58,66,61,56,55,62,56,47,68,62,47,48,48,53,56,54,44,51,51,37,38,38,33,45,41,36,43,24,36,33,26,27,34,24,24,26,21,18,13,18,22,16,18,20,15,14,8,14,12,12,9,11,6,5,3,3,10,4,5,4,1,2,4,1,2,2,2,2,1,1,1,0,0,1,0,0,0,0,0,0,0,0,0,0,0,0,0,0,0,0,0,0,0,0,0,0,0,0,0,0,0,0,0
6.45,1,0,0,0,0,0,0,0,0,0,0,0,0,0,0,1,0,0,0,0,0,1,0,1,0,0,0,0,0,0,0,0,0,0,0,0,1,0,1,0,0,0,0,0,0,0,0,0,0,0,0,0,0,0,0,0,0,0,0,0,0,1,0,0,0,0,1,1,0,1,1,0,0,0,0,1,1,1,0,0,0,0,0,0,0,2,0,0,0,2,2,1,1,0,1,1,2,2,3,0,5,2,1,4,1,1,4,8,6,5,5,5,4,9,4,9,3,7,5,5,8,5,13,9,10,9,3,10,8,12,10,9,15,17,13,10,12,18,14,23,14,20,22,17,17,24,32,27,24,28,24,21,23,31,22,37,38,30,28,26,25,33,24,36,24,41,25,43,42,32,39,36,38,51,51,41,44,40,39,40,65,49,51,54,48,80,42,49,56,51,36,43,60,51,69,63,53,63,62,76,44,50,59,63,54,59,59,56,55,60,58,64,50,40,58,52,52,47,42,37,49,54,37,39,37,48,42,27,32,38,27,27,21,32,20,29,24,13,19,21,12,12,17,15,10,10,11,11,11,12,3,5,4,9,4,3,4,4,3,1,6,3,1,0,2,0,2,1,1,0,1,0,0,0,0,0,0,0,0,0,0,0,0,0,0,0,0,0,0,0,0,0,0,0,0,0,0,0,0,0
6.55,0,0,0,0,0,0,0,0,0,0,0,0,0,0,0,0,0,0,0,0,0,0,0,0,0,0,0,0,0,0,0,0,0,0,0,0,0,0,0,0,0,0,0,0,0,0,0,0,0,0,1,0,1,0,0,0,1,0,0,0,0,0,0,0,0,0,0,0,2,0,0,0,0,0,0,1,0,0,0,0,0,0,1,0,0,0,0,0,0,2,1,0,1,1,2,0,2,0,1,1,2,4,1,7,6,7,3,5,3,6,3,3,6,2,5,4,8,8,5,8,11,9,6,7,8,11,15,11,14,11,9,14,13,21,13,14,14,13,17,19,17,15,27,33,29,24,22,19,33,20,27,33,28,21,39,24,25,25,31,20,26,39,34,42,43,37,41,39,37,37,37,42,41,41,46,40,49,41,43,61,55,63,43,71,60,62,49,77,49,76,58,50,71,62,54,65,64,64,67,60,60,61,67,81,65,58,69,67,61,56,59,62,46,57,60,49,49,55,48,50,53,38,50,47,37,38,38,41,41,41,34,34,34,18,31,22,27,22,17,25,21,26,16,8,14,12,10,11,9,7,7,6,4,7,5,1,7,4,2,2,3,4,2,1,1,2,2,0,0,1,0,0,0,0,0,0,0,0,0,0,0,0,0,0,0,0,0,0,0,0,0,0,0,0,0,0,0,0,0,0
6.65,0,0,0,0,0,0,0,0,0,0,0,0,0,0,0,1,0,0,0,0,0,0,0,0,0,0,0,0,0,0,0,0,0,0,0,0,0,0,0,0,0,0,0,0,0,0,0,0,1,0,0,0,0,0,0,0,0,1,0,0,0,0,0,0,0,1,0,1,2,1,1,0,0,0,2,1,0,1,0,0,0,1,1,1,0,0,0,0,2,0,3,4,2,1,0,3,2,2,4,0,5,5,2,1,2,2,5,2,5,3,3,11,7,2,4,4,9,12,4,6,10,13,8,8,13,8,16,12,11,18,13,15,12,11,19,18,19,17,25,19,19,19,16,14,25,20,30,27,31,24,30,22,33,26,37,25,39,39,43,34,49,29,32,39,24,32,42,38,39,56,32,32,39,42,46,51,57,48,65,53,50,59,42,60,67,53,61,56,68,47,50,60,58,74,63,65,74,62,72,54,67,78,69,64,58,80,75,74,48,63,61,64,53,56,51,51,58,48,54,54,55,47,40,46,54,33,42,37,28,32,41,34,29,22,37,28,23,18,26,15,33,20,15,21,10,14,15,7,8,9,10,5,6,8,3,4,5,4,1,2,3,6,1,1,1,1,1,1,1,2,0,1,0,0,0,0,0,0,0,0,0,0,0,0,0,0,0,0,0,0,0,0,0,0,0,0,0,0,0,0
6.75,0,0,0,1,0,0,0,0,1,0,0,0,0,0,0,0,0,0,0,0,0,0,0,0,0,0,0,0,1,0,0,0,0,0,0,0,1,0,0,0,0,0,0,0,0,0,0,0,0,0,0,0,0,0,1,0,0,1,0,2,2,0,0,0,1,1,0,0,1,0,0,1,0,1,1,0,0,1,0,0,0,0,0,1,0,2,3,0,0,3,1,1,1,2,1,1,1,1,0,3,2,3,2,4,3,2,4,4,2,1,2,5,8,5,9,6,6,9,6,7,6,12,5,9,8,16,13,19,11,12,13,17,20,18,17,18,34,25,23,20,18,28,27,30,17,34,28,36,32,30,28,30,35,28,34,35,35,32,35,37,40,39,52,40,41,32,42,46,51,42,35,47,49,56,60,57,57,42,53,61,47,65,70,76,87,65,70,62,67,69,80,71,83,63,79,71,71,57,75,71,62,69,64,78,80,73,87,75,62,78,59,58,47,56,49,54,55,70,56,52,60,52,69,52,40,41,44,40,53,34,34,36,33,23,27,23,23,23,28,23,16,15,23,17,17,15,12,11,10,9,13,6,6,5,9,4,4,2,4,3,2,3,0,1,1,2,0,1,0,1,0,1,0,0,0,0,0,0,0,0,0,0,0,0,0,0,0,0,0,0,0,0,0,0,0,0,0,0,0,0
6.85,0,0,0,0,0,0,0,0,0,0,0,0,0,0,1,0,0,0,0,0,0,0,0,0,0,0,0,0,0,0,0,0,0,0,0,0,0,0,0,0,0,0,0,0,1,0,0,0,0,0,0,0,0,1,0,1,0,0,1,0,0,0,3,0,0,1,0,0,0,0,0,1,0,1,1,1,0,1,0,1,3,0,1,1,1,2,0,1,1,1,1,2,2,2,0,4,3,8,1,4,3,4,4,3,2,3,5,2,3,4,7,8,3,5,10,3,7,4,13,8,9,11,9,12,13,12,15,21,13,15,26,13,16,19,22,20,27,16,17,23,26,20,32,26,27,21,19,46,40,35,24,27,33,35,38,37,47,47,37,45,40,42,41,45,32,47,41,58,44,48,62,54,56,64,42,57,60,57,60,62,57,55,67,58,75,68,75,60,66,68,68,72,75,92,82,54,64,67,64,74,81,78,66,68,79,77,73,74,67,74,85,75,83,60,67,75,70,71,59,60,48,53,32,55,55,51,50,54,41,39,43,35,32,44,23,20,25,23,18,21,22,22,21,9,17,22,8,8,11,10,6,8,10,9,7,6,4,3,3,3,1,3,4,0,2,0,2,2,2,0,0,0,2,0,0,0,0,0,0,0,0,0,0,0,0,0,0,0,0,0,0,0,0,0,0,0,0,0,0,0
6.95,0,0,0,0,0,0,0,0,0,0,0,0,0,0,0,0,0,0,0,0,0,0,0,0,0,0,0,0,0,0,0,0,0,0,0,0,0,0,1,0,0,0,0,0,0,0,0,0,0,0,0,0,1,0,2,0,0,0,0,0,1,0,0,0,0,0,0,0,2,0,0,0,0,0,0,0,0,0,1,1,0,2,1,0,2,0,1,0,1,1,2,1,0,1,3,5,3,3,1,1,1,4,1,6,1,4,5,7,1,4,6,5,5,6,7,6,13,5,12,7,5,16,16,18,8,10,14,11,16,17,13,23,11,16,27,21,21,21,26,21,30,21,31,23,23,31,33,28,21,31,38,29,37,40,39,50,41,33,36,40,43,36,51,43,48,49,51,54,59,53,51,73,57,47,59,73,48,56,58,66,68,67,55,64,76,63,60,67,76,62,96,77,85,79,72,75,87,83,92,71,81,64,69,84,69,86,84,62,75,83,91,67,63,77,74,69,77,69,64,58,55,83,49,56,59,45,49,35,50,38,46,44,39,35,40,29,32,28,22,26,25,23,17,20,22,18,13,7,9,9,11,4,8,10,8,5,4,3,3,5,2,1,1,1,2,1,1,0,3,0,2,0,0,2,0,0,0,0,0,0,0,0,0,0,0,0,0,0,0,0,0,0,0,0,0,0,0,0,0,0
7.05,0,0,0,0,0,0,0,0,0,0,0,0,0,0,0,0,0,0,0,0,0,0,0,0,0,0,0,0,0,1,0,0,0,0,0,0,0,0,0,0,0,0,1,0,0,0,1,0,1,1,0,0,0,0,0,0,0,0,1,1,1,0,0,0,0,1,0,1,0,1,1,0,1,0,0,1,0,1,0,2,0,2,1,0,1,3,1,1,1,0,5,6,1,1,2,1,1,0,4,3,3,1,4,2,4,7,2,5,5,11,8,6,4,8,4,11,13,13,9,10,9,12,10,11,10,8,5,14,18,13,18,19,21,20,19,24,26,22,33,28,32,27,22,30,40,43,43,42,32,37,37,40,38,32,35,47,42,47,33,42,58,51,42,43,57,47,44,45,62,50,60,61,62,62,62,70,62,57,66,67,67,58,60,72,70,80,84,69,81,73,79,80,82,105,75,111,90,80,89,80,76,106,104,91,76,106,69,79,79,78,92,68,64,73,70,71,67,71,69,64,80,59,59,50,66,55,58,64,37,43,37,40,45,44,38,30,38,39,29,23,28,21,25,19,24,24,14,18,12,10,5,6,6,6,9,5,1,8,4,5,3,1,3,1,2,0,0,1,2,2,1,1,1,1,0,0,0,0,0,0,0,0,0,0,0,0,0,0,0,0,0,0,0,0,0,0,0,0,0,0
7.15,0,0,0,0,0,0,0,0,0,0,0,0,0,0,0,0,1,0,0,0,0,0,0,0,0,2,0,0,0,0,0,0,0,0,0,0,1,0,0,0,0,0,0,1,0,0,1,0,0,0,0,0,1,0,0,0,0,0,0,1,0,0,0,1,1,0,0,0,1,0,0,0,0,2,1,1,1,0,0,2,1,0,2,0,1,0,0,5,1,1,0,1,4,4,2,1,2,0,6,3,7,5,2,6,10,8,2,2,2,6,7,5,4,9,7,8,9,10,10,8,7,20,13,10,16,14,12,13,10,17,18,19,21,19,15,24,25,31,30,22,35,28,28,23,22,43,29,25,39,27,27,41,35,37,52,45,39,43,42,45,47,44,52,52,58,60,67,62,49,53,50,54,76,65,75,82,71,67,57,57,71,87,78,82,69,74,80,72,93,75,93,107,72,79,93,87,93,91,92,88,78,89,107,85,85,88,86,77,71,95,92,98,86,82,70,81,85,74,76,64,63,69,50,65,66,46,50,55,43,60,48,54,36,42,39,36,41,28,33,26,33,21,18,20,19,17,20,21,10,11,16,7,8,9,7,7,1,6,8,2,4,3,1,1,1,1,0,1,1,2,0,1,1,0,1,1,0,0,0,0,0,0,0,0,0,0,0,0,0,0,0,0,0,0,0,0,0,0,0,0
7.25,0,0,0,0,0,0,0,0,0,0,0,0,0,0,0,0,0,0,0,0,0,0,0,0,0,0,0,0,0,0,0,0,0,1,0,0,0,0,0,1,0,0,1,0,1,0,0,2,1,2,0,0,0,1,0,0,0,0,0,0,0,0,1,0,0,0,0,0,2,0,1,0,0,1,1,0,0,2,0,0,0,0,1,0,0,0,0,0,2,0,5,1,2,1,2,2,3,2,7,2,4,5,4,7,4,3,7,7,8,6,6,9,8,7,8,7,10,15,7,6,17,11,8,11,17,14,20,16,16,24,22,19,23,26,16,16,20,34,23,41,34,40,28,38,39,31,35,42,31,46,46,32,50,54,31,40,45,39,60,46,43,51,49,62,62,54,50,62,66,69,68,74,60,73,92,81,67,72,67,92,81,91,91,70,81,89,79,80,90,84,88,94,100,70,77,91,108,85,86,104,98,102,94,92,90,85,87,92,104,94,89,97,92,71,71,82,67,88,79,72,81,51,57,64,67,56,59,49,61,59,47,47,42,29,37,45,39,32,37,37,36,29,29,18,19,23,17,19,14,11,14,12,6,9,5,6,4,5,7,4,3,6,0,0,0,3,0,0,1,1,0,1,0,1,0,1,0,0,0,0,0,0,0,0,0,0,0,0,0,0,0,0,0,0,0,0,0,0,0,0
7.35,0,0,0,0,0,0,0,0,0,0,0,0,0,0,0,0,0,0,0,0,0,0,0,0,1,0,0,0,0,0,0,0,0,0,0,0,0,0,1,0,0,1,0,0,0,0,0,0,0,0,0,0,0,0,1,0,1,0,0,0,1,2,0,0,0,0,0,2,0,0,0,2,0,1,0,0,0,0,1,0,1,0,0,1,1,1,1,0,4,2,1,1,1,1,2,1,3,4,2,10,4,3,1,6,9,5,4,6,6,1,11,3,5,9,11,9,4,6,13,15,6,8,14,20,12,13,17,13,18,18,19,24,33,18,24,31,23,25,28,25,24,33,41,25,38,43,34,40,44,36,48,47,44,44,48,44,46,50,34,42,49,47,53,52,66,55,63,57,72,55,55,66,57,60,71,78,74,67,87,92,96,69,84,90,78,85,98,102,104,97,98,115,127,93,100,121,91,106,96,86,98,115,96,103,109,119,110,100,112,86,86,81,93,99,90,76,85,78,74,64,74,77,71,71,62,73,51,78,73,56,38,43,58,47,38,32,37,37,41,30,27,23,23,23,25,16,24,17,16,22,11,11,14,12,7,6,5,5,5,3,2,6,3,0,0,1,1,0,1,0,1,1,0,1,0,0,0,0,0,0,0,0,0,0,0,0,0,0,0,0,0,0,0,0,0,0,0,0,0,0
7.45,0,0,0,0,0,0,0,0,0,0,0,0,0,0,0,0,0,0,0,0,0,0,0,0,0,0,0,0,0,0,0,0,0,0,0,0,0,0,0,0,0,1,0,1,0,0,0,1,0,0,0,0,0,1,0,0,0,1,0,1,1,1,0,1,0,1,1,2,0,0,2,1,1,2,1,1,0,1,0,1,1,0,0,0,0,0,0,0,0,0,1,3,6,3,4,2,3,2,3,3,5,5,6,7,7,5,9,7,11,6,6,11,10,11,10,13,5,9,12,18,11,17,17,16,16,15,16,13,20,24,22,22,23,28,28,29,35,31,48,44,38,36,34,25,35,32,42,52,48,50,45,46,60,39,56,66,51,51,64,55,54,67,67,77,58,66,61,78,64,75,80,72,68,74,91,80,69,93,72,88,101,81,90,94,88,107,95,83,103,90,98,104,126,93,96,104,97,91,103,101,121,110,123,108,107,100,107,90,120,112,108,96,101,81,87,88,102,105,92,85,85,63,76,79,67,55,79,63,59,62,64,47,53,49,38,36,55,37,34,36,36,25,22,24,25,16,21,23,18,16,11,12,15,17,13,3,3,5,8,2,2,4,4,3,0,1,1,1,1,0,0,0,1,0,0,0,0,0,0,0,0,0,0,0,0,0,0,0,0,0,0,0,0,0,0,0,0,0,0,0
7.55,0,0,0,0,0,0,0,0,0,0,0,0,0,0,0,0,0,0,0,0,0,0,0,0,0,0,0,0,1,0,0,0,0,0,0,0,0,1,0,0,1,0,1,0,0,0,0,0,0,0,0,0,0,0,2,1,0,1,1,0,0,0,0,1,1,2,2,0,0,0,2,0,0,0,0,1,0,2,0,0,1,1,0,1,2,1,2,2,3,1,2,0,4,4,3,3,7,4,5,4,5,7,9,5,4,4,3,8,4,5,9,10,9,14,14,15,8,7,18,16,19,22,13,18,16,14,17,19,19,24,24,21,27,24,25,21,22,31,34,35,40,47,31,47,36,53,33,52,45,46,36,49,54,49,49,43,69,47,59,56,52,73,53,67,74,70,65,81,72,75,69,87,84,70,95,89,88,83,79,108,88,91,99,85,98,102,107,98,98,114,108,121,128,98,96,111,113,137,104,131,107,96,109,132,116,127,104,92,105,114,104,107,88,114,110,104,81,97,96,90,74,86,73,78,77,67,74,68,55,63,58,42,59,53,55,52,34,26,40,37,39,37,29,34,22,29,19,13,28,11,19,8,11,15,11,10,1,5,7,8,2,4,1,3,1,2,2,1,2,1,0,0,0,0,1,0,0,0,0,0,0,0,0,0,0,0,0,0,0,0,0,0,0,0,0,0,0,0,0,0
7.65,0,0,0,0,0,0,0,0,0,0,0,0,0,0,0,0,0,0,0,0,0,1,0,0,0,0,1,0,0,1,0,0,0,0,0,0,0,0,0,0,0,0,0,1,0,0,1,0,0,0,0,0,0,0,0,0,0,0,1,0,0,1,0,0,0,0,0,0,0,1,1,0,0,0,0,1,1,0,1,0,1,0,3,4,2,0,1,2,2,1,1,2,1,3,6,5,4,2,7,3,5,5,6,4,4,4,8,10,7,11,9,11,6,9,11,10,10,17,14,9,12,16,11,19,16,18,18,14,26,24,24,16,19,27,27,28,28,24,40,43,34,47,52,57,53,41,51,39,45,49,60,52,59,66,52,51,55,66,57,60,62,77,67,69,53,73,68,75,71,83,60,82,86,93,86,73,94,108,96,92,100,89,103,103,114,86,117,112,111,108,98,111,106,124,139,119,120,118,108,111,109,107,109,109,117,118,109,114,112,133,109,93,114,100,102,117,93,85,90,94,92,85,69,79,75,80,82,79,48,67,58,59,39,46,51,54,47,43,41,38,33,31,47,24,25,19,30,17,17,26,13,12,14,7,14,11,8,4,2,4,5,1,6,0,2,2,1,2,0,1,0,2,0,0,1,0,0,0,0,0,0,0,0,0,0,0,0,0,0,0,0,0,0,0,0,0,0,0,0,0
7.75,0,0,0,0,0,0,0,0,0,0,0,0,0,0,0,0,0,1,0,0,0,0,0,0,0,0,0,0,0,0,1,1,0,0,0,1,1,0,0,1,0,0,0,0,1,0,0,0,1,0,0,0,0,0,1,0,1,0,3,1,0,1,0,0,0,0,0,0,1,1,1,1,0,1,1,0,2,2,1,0,2,1,1,2,3,2,1,2,3,3,0,5,1,3,3,2,4,5,7,6,6,6,8,10,8,6,6,13,8,10,10,18,12,14,8,4,18,16,11,15,22,15,17,22,30,22,24,25,32,21,20,41,23,37,40,39,39,32,35,34,42,34,37,44,62,41,67,53,44,45,41,54,56,69,58,69,78,72,62,58,45,60,69,85,88,76,71,61,74,95,90,110,91,77,102,88,99,94,106,93,108,75,116,101,112,108,108,129,119,95,112,113,143,130,124,129,128,141,111,152,141,112,121,106,119,122,135,122,132,104,128,96,94,110,137,118,113,108,94,89,101,100,82,87,87,74,71,91,69,67,65,58,52,63,40,42,43,52,49,45,39,37,28,27,42,27,22,27,24,15,24,11,14,14,11,6,11,7,8,6,5,3,4,4,0,1,2,1,0,1,0,0,2,1,0,1,0,0,0,0,0,0,0,0,0,0,0,0,0,0,0,0,0,0,0,0,0,0,0,0
7.85,0,0,0,0,0,0,0,0,0,0,0,0,0,0,0,0,0,0,0,0,0,0,0,0,0,0,0,0,0,0,1,0,1,0,0,0,0,0,0,1,0,1,1,0,0,0,1,1,0,0,1,2,0,0,0,1,0,0,0,1,0,1,0,1,0,0,0,2,0,1,0,0,0,2,2,1,1,2,1,3,0,0,2,2,2,4,3,2,2,3,2,3,2,6,3,4,3,6,5,7,9,4,5,10,6,5,2,9,12,10,7,12,8,6,12,14,10,15,15,20,27,20,15,21,19,23,21,15,21,20,22,23,22,26,34,31,36,36,44,39,38,43,36,34,43,45,47,43,59,62,51,51,65,58,69,65,59,69,73,66,70,57,69,74,86,70,76,77,92,90,84,90,77,129,95,95,93,108,101,110,118,117,112,117,116,116,121,115,121,126,131,125,128,132,116,145,104,160,143,138,136,118,131,150,143,132,131,122,117,126,137,138,120,126,116,117,83,116,113,96,97,110,114,80,92,95,88,78,81,60,75,77,55,59,53,51,52,52,41,48,48,29,34,31,38,29,26,24,26,18,17,21,16,12,11,9,6,6,9,6,9,2,3,5,2,0,2,2,1,2,0,0,1,1,0,0,0,0,0,0,1,0,0,0,0,0,0,0,0,0,0,0,0,0,0,0,0,0,0,0
7.95,0,0,0,0,0,0,0,0,0,0,0,0,0,0,0,0,0,0,0,0,0,0,0,0,0,0,0,0,0,0,0,0,0,0,0,0,0,0,0,0,0,0,0,0,0,0,1,1,0,0,0,0,1,0,0,0,2,1,1,0,0,0,0,0,1,1,0,1,0,2,0,0,1,0,2,2,1,0,0,0,1,1,2,0,1,7,0,3,3,1,5,5,1,3,4,2,1,8,4,6,4,4,6,10,8,3,9,6,7,9,7,13,9,13,8,10,16,12,15,19,13,16,19,26,18,17,22,13,36,28,31,32,24,28,28,39,40,30,40,44,49,46,43,47,51,55,55,50,63,63,79,70,48,65,64,74,68,66,84,71,79,87,71,78,95,101,83,68,104,94,87,101,109,106,116,110,91,108,115,108,112,114,110,108,134,122,130,131,133,130,123,150,148,131,130,151,151,141,124,161,149,164,146,156,149,140,143,123,149,131,123,117,124,112,122,123,116,116,129,108,115,111,100,104,97,104,98,91,75,85,78,68,64,75,64,74,64,42,54,41,42,39,32,27,27,25,36,36,20,15,17,12,12,17,17,13,8,6,6,9,7,8,2,4,2,4,0,3,0,2,1,1,1,1,0,0,0,0,0,0,0,0,0,0,0,0,0,0,0,0,0,0,0,0,0,0,0,0,0,0
8.05,0,0,0,0,1,0,0,0,0,0,0,0,0,0,0,0,0,0,0,0,0,0,0,0,1,0,0,1,0,0,0,0,0,0,0,0,0,0,0,0,0,0,0,1,1,1,1,0,0,0,0,0,0,0,0,1,0,0,0,0,0,1,0,0,0,0,1,0,1,0,1,1,1,3,0,1,1,0,1,1,1,0,1,1,2,3,2,1,7,3,2,6,6,5,3,8,11,6,5,4,4,10,9,5,7,5,11,5,11,11,14,15,18,13,15,14,11,16,20,23,10,30,25,21,37,17,27,32,29,32,28,29,33,29,44,44,47,43,40,41,33,49,52,43,47,51,55,60,51,62,85,60,65,55,82,74,85,88,65,71,78,79,73,80,74,85,82,102,94,81,105,123,101,111,111,108,122,113,114,142,115,118,149,121,124,138,144,143,131,137,144,130,122,158,133,134,149,145,165,150,150,165,154,156,151,141,132,134,163,165,129,145,144,143,142,125,131,123,104,141,106,111,94,97,91,106,96,98,99,88,67,79,65,70,55,68,68,63,60,49,39,49,52,37,31,33,33,22,28,15,23,12,12,14,10,10,12,12,4,8,8,6,4,3,2,3,1,0,1,0,1,0,1,0,1,1,0,1,1,0,0,0,0,0,0,0,0,0,0,0,0,0,0,0,0,0,0,0,0,0
8.15,0,0,0,0,0,0,0,0,0,0,0,0,0,0,0,0,0,0,0,0,0,0,0,0,0,0,0,0,0,0,0,0,0,0,0,0,0,0,0,0,0,0,0,0,1,3,1,0,1,0,1,0,1,1,1,1,1,1,1,1,0,0,0,2,0,1,1,0,1,0,0,0,2,0,1,2,2,0,0,1,3,2,1,5,0,2,2,7,3,3,2,5,5,3,4,4,7,2,5,2,7,5,4,5,6,5,6,12,10,11,8,14,18,12,16,18,12,11,20,17,13,29,14,20,25,20,12,26,25,31,31,33,34,36,51,32,44,48,46,50,47,44,60,60,61,54,55,51,69,63,68,69,52,63,74,65,90,91,105,80,83,90,96,90,98,86,86,90,110,101,98,126,104,92,103,123,122,128,125,118,122,123,136,144,124,146,146,146,142,149,161,124,148,161,153,150,148,154,161,163,169,176,134,164,145,156,143,149,150,141,173,155,133,140,140,131,126,128,130,140,128,118,115,109,105,98,95,73,103,84,96,90,84,61,65,56,57,48,74,51,51,59,38,36,35,32,39,34,29,23,14,18,13,14,10,16,9,12,6,7,10,6,4,6,4,3,1,0,0,0,0,0,1,0,0,2,0,1,0,1,0,0,0,0,0,0,0,0,0,0,0,0,0,0,0,0,0,0,0,0
8.25,0,0,0,0,0,0,0,0,0,0,0,0,0,0,0,0,0,0,0,0,0,1,0,1,0,1,0,1,0,0,0,0,0,0,0,0,0,0,0,0,1,0,0,0,0,1,0,1,1,0,0,2,1,1,1,0,1,1,0,0,0,1,2,0,1,0,0,1,0,0,3,1,1,0,3,2,0,1,3,0,2,1,3,3,3,4,3,1,2,3,1,8,2,4,4,4,2,3,6,11,5,5,5,5,5,6,11,4,15,10,14,9,15,10,13,14,17,18,16,26,22,11,19,27,37,26,32,29,40,29,33,42,34,34,40,47,33,43,46,55,47,48,59,61,48,56,64,78,63,79,65,77,77,63,72,73,70,89,92,78,74,82,94,92,104,94,90,103,100,95,110,120,121,127,112,119,130,134,116,108,117,115,136,136,136,134,150,146,162,142,150,142,154,136,140,167,146,183,177,155,173,182,146,167,158,152,139,136,164,154,161,151,146,145,164,123,146,121,123,132,129,125,126,131,126,120,92,103,96,91,85,98,70,75,73,66,62,60,65,60,49,42,53,47,42,31,30,23,33,31,22,20,25,12,9,14,15,14,11,7,5,8,5,7,4,4,2,0,1,0,0,0,1,0,0,0,0,0,0,1,1,0,0,0,0,0,0,0,0,0,0,0,0,0,0,0,0,0,0,0
8.35,0,0,0,0,0,0,0,0,0,0,0,0,0,0,0,0,0,0,1,0,0,0,0,0,0,0,0,0,0,0,0,0,0,0,0,0,0,0,0,0,0,0,0,0,0,0,0,1,0,1,1,0,0,1,0,0,1,1,1,1,0,0,0,0,0,0,2,1,0,1,0,1,1,1,2,1,0,0,2,2,0,3,1,0,0,2,3,3,3,1,5,2,4,1,9,9,4,8,5,5,5,4,4,5,6,9,9,5,10,12,8,14,11,19,14,19,18,16,11,26,21,19,19,31,25,25,25,25,27,32,36,29,34,47,47,38,59,49,64,36,61,57,71,68,63,56,64,73,64,79,68,63,78,79,82,83,70,104,81,100,99,107,98,106,100,92,108,112,96,115,105,119,143,133,128,144,122,132,123,145,132,141,154,138,155,154,151,156,154,172,158,156,171,180,165,154,159,161,186,139,194,164,169,181,166,170,174,205,152,171,150,145,147,153,172,131,144,109,159,136,116,130,118,107,116,123,109,118,111,83,83,78,94,85,83,77,64,74,52,51,56,48,46,49,36,46,32,33,31,31,23,20,20,17,20,15,8,17,11,9,11,7,4,7,7,4,1,1,2,0,2,0,1,1,0,0,0,0,0,1,0,0,0,0,0,0,0,0,0,0,0,0,0,0,0,0,0,0,0,0
8.45,0,0,0,0,0,0,0,0,0,0,0,0,0,0,0,0,0,0,1,0,0,0,0,0,0,0,0,0,0,0,0,0,0,0,0,0,0,0,0,0,0,1,0,0,1,1,0,0,0,0,1,1,2,0,0,2,0,0,0,0,0,1,0,1,1,1,2,2,0,3,1,0,1,0,1,0,0,2,4,1,1,4,4,1,1,7,4,4,5,3,1,4,5,6,4,6,2,8,1,7,5,5,11,10,5,10,12,13,10,17,11,13,6,14,19,13,20,24,16,19,18,23,31,27,26,25,26,34,41,37,34,45,42,36,38,47,53,48,54,57,51,42,54,66,49,48,77,63,59,56,82,82,77,82,92,74,72,97,96,93,100,88,97,110,101,110,101,97,118,123,118,121,112,122,123,127,127,138,147,152,134,151,144,160,133,165,148,171,177,175,168,192,162,167,173,178,178,207,187,172,192,182,181,195,171,187,198,193,163,160,168,146,158,168,165,167,164,173,156,137,132,110,136,127,114,125,116,110,108,103,109,73,77,74,81,89,73,78,63,59,52,51,42,44,50,39,47,33,36,34,21,28,19,15,19,11,14,16,14,4,5,9,8,5,4,0,5,3,1,2,1,0,1,1,0,0,0,0,1,1,0,0,0,0,0,0,0,0,0,0,0,0,0,0,0,0,0,0,0,0
8.55,0,0,0,0,0,0,0,0,0,0,0,0,0,0,0,0,0,0,0,0,0,1,0,0,0,0,0,0,0,0,0,0,1,0,0,0,0,0,0,1,0,0,0,0,0,0,1,1,0,0,1,1,0,0,1,0,0,0,1,0,1,2,0,3,0,0,1,0,1,1,1,0,0,0,2,1,2,4,0,1,0,1,1,0,5,1,2,3,3,3,1,1,2,3,1,6,3,3,6,10,6,10,10,11,12,3,10,15,13,6,16,7,15,11,17,18,13,16,16,30,21,27,29,32,20,21,33,23,43,41,37,49,38,41,43,46,41,46,55,67,59,68,48,61,63,73,60,78,79,53,79,75,80,91,78,85,90,79,101,90,102,114,97,98,134,113,103,126,121,126,131,140,104,115,135,131,151,147,153,158,146,153,149,172,166,186,159,171,203,172,186,174,190,181,195,199,178,183,200,192,189,204,195,184,190,182,183,173,188,179,202,181,176,152,163,149,169,140,143,163,149,145,144,123,137,115,113,124,104,103,104,103,104,104,85,72,93,74,60,54,55,54,43,57,47,38,36,34,30,30,26,20,19,21,30,12,11,14,14,8,3,10,7,6,1,3,1,7,2,0,2,0,0,1,1,0,0,0,1,1,0,0,0,0,0,0,0,0,0,0,0,0,0,0,0,0,0,0,0,0
8.65,1,0,0,0,0,0,0,0,0,0,0,0,0,1,1,0,0,0,0,0,0,0,0,0,0,1,0,0,0,0,0,0,0,0,0,0,0,0,0,0,1,1,1,0,2,0,0,1,1,0,0,0,3,1,0,1,0,2,1,0,0,0,0,0,1,1,0,0,0,1,0,3,2,3,1,2,1,0,2,2,2,2,1,1,2,5,1,7,5,1,2,3,5,4,11,7,3,9,3,4,7,11,10,6,6,10,8,13,8,10,8,13,17,19,12,20,15,22,21,25,28,21,18,25,38,29,31,34,28,36,43,49,47,40,30,48,41,59,64,44,55,62,73,65,75,73,65,83,71,90,91,98,85,112,92,86,74,113,116,105,104,115,115,120,120,117,112,110,128,131,147,126,145,158,125,145,136,178,147,155,156,157,178,181,192,162,162,169,166,157,205,188,187,186,183,205,181,187,208,207,184,207,188,186,195,187,183,187,202,202,175,151,219,177,165,163,167,166,180,140,134,147,147,129,127,135,102,122,124,103,104,89,93,99,98,102,89,58,94,67,61,49,67,52,47,39,45,26,20,32,27,24,30,17,20,18,13,13,15,6,8,11,4,6,4,0,3,4,3,0,1,1,0,1,1,1,0,0,0,1,0,0,0,0,0,0,0,0,0,0,0,0,0,0,0,0,0,0,0,0
8.75,0,0,0,0,0,0,0,0,0,0,0,0,0,0,0,0,0,0,0,0,0,0,0,0,0,1,0,1,0,0,0,2,0,0,1,0,0,1,2,1,0,1,0,0,2,0,0,0,0,1,1,1,0,1,0,1,0,0,0,2,2,1,0,0,2,0,3,0,1,1,0,0,2,0,1,2,1,2,1,2,1,2,3,4,6,2,2,4,0,5,5,2,2,4,10,8,6,10,12,6,12,10,8,8,11,16,11,18,21,9,20,14,18,20,21,20,22,25,23,18,20,30,26,38,30,34,32,35,39,48,41,51,57,37,45,60,59,64,53,60,57,64,70,65,72,85,98,75,91,78,92,104,81,110,109,102,96,112,118,120,128,141,114,115,113,113,109,129,119,131,166,131,139,137,160,158,155,161,183,156,181,169,177,188,170,184,192,208,188,182,210,189,222,205,193,212,224,201,218,216,212,217,211,188,188,225,205,207,202,206,189,188,216,195,174,206,164,195,159,159,172,151,160,129,157,143,119,121,117,123,117,116,101,88,86,79,95,88,61,69,68,50,52,66,54,44,45,37,29,22,30,24,29,16,17,15,18,16,16,9,6,8,6,7,4,1,1,5,5,1,1,1,0,0,1,1,0,0,0,0,1,0,0,0,0,0,0,0,0,0,0,0,0,0,0,0,0,0,0,0
8.85,0,0,0,0,0,0,0,0,0,0,1,0,0,0,1,0,0,0,0,0,0,0,0,0,0,1,1,0,0,0,0,0,0,0,1,0,0,1,0,0,1,1,0,0,2,0,0,1,0,2,1,0,1,1,0,2,2,0,1,0,0,1,0,0,0,1,1,0,0,0,1,0,6,3,0,2,4,1,1,5,1,1,2,4,2,2,2,5,6,5,5,3,4,9,10,8,3,9,7,12,6,6,11,9,17,16,9,13,17,15,24,16,20,18,13,21,20,20,22,17,28,30,23,32,42,28,39,33,51,49,41,45,45,50,48,65,45,57,67,86,80,82,82,66,85,83,88,87,92,95,89,84,92,114,134,93,108,118,124,136,117,114,123,129,126,115,127,125,136,114,130,164,158,148,166,163,178,146,168,171,182,199,206,181,191,188,197,184,204,224,166,209,215,228,240,207,197,216,200,225,231,225,224,214,200,203,205,225,205,197,217,209,204,204,185,201,191,200,169,150,162,180,173,158,143,146,147,151,122,126,122,115,105,100,119,90,80,74,75,62,76,60,63,54,66,61,44,32,46,27,27,27,31,25,14,15,17,19,11,13,13,9,6,7,4,5,0,2,4,1,2,1,1,0,1,1,0,0,0,0,0,0,1,0,0,0,0,0,0,0,0,0,0,0,0,0,0,0,0,0
8.95,0,0,0,0,0,0,0,0,0,0,0,0,0,0,0,0,0,0,0,0,0,0,0,0,0,0,0,0,0,0,0,0,2,0,0,0,0,0,0,0,1,0,0,0,1,0,0,2,0,0,0,0,0,3,0,0,1,1,1,0,0,0,0,0,1,0,0,4,3,2,0,2,0,2,0,2,2,2,1,0,1,2,2,5,2,4,2,4,3,3,5,5,7,1,1,7,7,5,4,5,16,9,13,9,5,11,7,18,11,17,20,12,25,21,22,20,21,22,23,22,34,28,27,31,29,25,23,30,45,37,50,51,46,53,60,46,66,67,58,68,69,74,64,70,73,79,101,82,77,84,87,91,101,89,99,94,119,109,111,121,142,124,138,132,135,169,145,133,140,157,173,157,157,121,164,172,176,171,195,168,185,163,181,181,186,189,199,208,200,209,215,224,203,217,255,251,223,239,242,223,218,211,233,231,235,221,192,222,224,212,208,221,217,225,206,216,195,205,203,190,185,149,182,179,149,152,152,138,150,135,144,115,121,112,101,89,114,76,100,77,78,65,58,53,44,56,54,51,36,37,31,20,25,38,19,15,17,15,9,10,14,9,7,9,8,4,2,3,3,0,2,1,1,0,1,0,0,0,0,1,0,0,1,0,0,0,0,0,0,0,0,0,0,0,0,0,0,0,0,0
9.05,0,0,0,0,0,0,0,0,0,0,0,0,0,0,0,0,0,0,1,0,0,0,0,0,0,0,0,1,0,0,0,0,0,0,0,0,0,1,0,1,1,1,0,0,0,0,1,1,0,0,1,0,1,2,1,0,1,1,0,0,0,0,0,1,1,1,0,1,0,0,0,1,0,2,2,2,0,0,2,2,0,3,2,6,4,4,1,2,6,2,5,6,4,3,4,9,5,6,7,5,6,11,9,13,9,14,18,16,18,15,14,14,20,17,22,18,26,23,21,28,22,21,25,33,34,38,36,36,39,50,46,61,45,52,52,60,69,65,59,58,87,67,76,78,86,98,89,90,74,97,84,104,83,92,103,112,127,140,139,140,129,139,132,150,146,148,145,142,140,133,175,142,183,168,171,177,178,181,184,190,190,188,178,178,213,226,227,226,205,219,238,198,239,219,229,224,252,257,248,245,232,254,240,244,242,233,247,240,241,236,230,217,214,200,236,197,194,207,229,204,199,165,206,181,163,155,177,138,145,142,128,142,128,118,116,94,111,98,99,93,80,100,72,49,59,42,54,57,42,32,34,29,30,22,32,18,11,19,16,13,11,8,7,7,8,4,6,1,2,1,3,2,0,1,1,0,0,0,0,0,0,0,0,0,0,0,0,0,0,0,0,0,0,0,0,0,0,0,0,0
9.15,0,0,0,0,0,0,0,0,0,0,0,0,0,0,0,0,0,1,1,0,0,1,0,0,0,0,1,0,0,0,2,0,0,1,1,0,0,1,1,0,1,1,0,0,1,0,2,0,1,0,0,2,1,0,0,0,0,0,2,2,0,1,1,5,2,3,1,1,0,1,2,1,2,2,2,3,0,2,1,2,1,2,2,4,4,5,3,3,3,3,4,7,8,7,5,7,6,10,9,9,8,13,9,10,12,17,17,15,14,21,20,22,19,21,22,19,26,28,26,40,23,31,34,39,35,33,42,37,26,38,44,45,47,59,57,58,50,58,78,80,68,68,76,76,70,72,94,98,99,97,113,95,107,113,102,118,123,121,127,131,132,145,133,122,154,127,158,148,167,132,174,177,156,135,180,197,188,181,160,207,180,197,207,193,239,224,220,242,231,204,229,230,265,248,214,236,253,255,216,247,252,259,231,258,241,263,250,235,271,229,236,220,262,249,192,213,215,198,201,199,205,225,184,193,181,157,156,153,151,149,162,122,125,113,114,147,97,105,106,97,81,80,89,76,65,51,48,43,53,48,33,27,27,25,22,17,18,20,18,13,12,12,9,10,7,4,4,2,2,4,0,1,0,0,1,0,0,0,0,0,0,0,0,0,0,0,0,0,0,0,0,0,0,0,0,0,0,0,0,0
9.25,0,0,0,0,0,0,0,0,0,0,0,0,0,0,0,0,0,0,0,0,0,0,0,0,0,0,0,0,0,0,0,0,0,0,0,1,1,0,0,0,2,0,1,0,1,0,1,0,1,1,3,0,1,1,0,2,2,2,1,0,2,1,1,2,2,1,0,3,2,2,1,0,1,4,3,4,2,0,2,1,1,4,3,1,1,6,4,2,5,6,6,7,9,6,9,9,5,7,4,8,8,21,14,11,8,11,10,21,13,10,19,19,32,22,24,28,25,27,29,30,23,44,46,34,42,56,47,51,57,43,57,53,50,59,58,57,59,71,67,78,85,74,103,93,86,94,101,101,99,110,109,94,120,109,122,136,117,124,138,147,149,133,143,157,155,147,145,173,166,159,146,174,183,183,188,179,172,218,180,196,231,208,231,215,250,226,229,235,235,223,231,238,238,234,275,276,245,250,258,279,254,265,268,267,251,230,242,243,260,228,224,244,235,225,248,222,231,195,207,189,193,206,184,188,188,190,164,164,135,145,147,133,135,143,112,122,108,119,104,99,85,99,67,75,66,64,50,46,56,46,39,38,33,30,19,15,16,13,21,11,16,7,13,11,10,4,4,2,2,2,3,1,0,0,0,0,0,0,0,0,0,0,0,0,0,0,0,0,0,0,0,0,0,0,0,0,0,0,0,0
9.35,0,0,0,0,0,0,0,0,0,0,0,0,0,0,0,0,0,0,0,0,0,0,0,1,0,1,0,0,0,0,0,0,0,0,2,1,0,0,0,1,0,0,0,2,0,1,0,1,0,0,0,2,0,2,1,0,0,1,1,1,1,3,1,3,0,2,0,0,1,1,1,0,2,2,1,2,1,3,3,4,1,1,0,2,4,2,5,2,2,4,9,4,2,8,9,4,4,11,9,8,9,5,11,14,7,12,11,12,21,25,19,18,19,22,24,24,22,24,26,30,27,34,44,34,25,34,49,42,53,39,59,43,57,55,61,51,60,74,64,69,71,81,97,89,89,105,97,108,107,96,117,133,110,136,121,124,121,130,133,134,150,137,155,155,150,137,170,184,173,168,178,196,190,164,189,197,193,199,199,228,230,204,220,264,240,250,225,261,237,242,236,249,251,272,249,268,261,260,241,289,285,275,277,263,272,265,258,277,262,281,246,255,248,226,258,223,230,242,228,196,223,190,197,185,191,171,183,178,165,164,137,139,127,131,125,117,127,129,93,126,83,91,91,85,68,63,48,56,48,48,54,40,20,25,32,18,18,18,14,20,14,11,10,10,7,7,5,2,2,5,1,2,2,0,0,0,0,0,0,0,0,0,0,0,0,0,0,0,0,0,0,0,0,0,0,0,0,0,0,0
9.45,0,0,0,0,0,0,0,0,0,0,1,0,0,0,0,0,0,0,0,0,0,1,0,1,0,0,0,0,0,1,0,0,0,0,0,0,1,1,2,0,1,0,2,2,1,1,0,4,1,2,0,2,2,0,0,1,0,3,1,0,2,0,1,1,0,2,1,1,2,0,2,0,2,0,2,0,4,3,0,3,2,2,0,7,1,4,4,6,1,5,4,4,2,12,4,3,8,9,8,16,10,6,9,16,21,19,11,19,13,16,14,27,33,22,28,36,38,29,33,33,31,39,38,42,38,48,45,55,46,49,55,57,38,58,59,69,64,80,80,89,83,100,90,78,98,92,116,104,112,144,132,114,111,114,111,136,143,122,157,125,125,161,167,163,156,178,135,181,177,169,205,161,183,164,223,196,209,237,251,216,232,212,237,209,215,260,244,252,265,240,260,263,271,254,275,245,288,294,278,275,295,271,274,269,242,280,273,267,286,274,254,267,284,271,244,247,235,235,245,197,231,212,199,199,182,174,174,186,175,168,155,135,168,130,106,119,113,112,107,112,95,106,87,82,76,73,66,62,48,47,40,44,41,20,29,24,17,17,22,23,10,20,10,10,6,7,4,1,2,7,1,2,0,0,0,0,0,1,0,0,0,0,0,0,0,0,0,0,0,0,0,0,0,0,0,0,0,0,0,0
9.55,0,0,0,0,0,0,0,0,0,0,0,0,0,0,1,0,0,0,0,0,0,0,0,0,0,1,0,0,0,0,0,0,0,0,1,0,0,0,1,0,0,0,0,0,1,0,0,2,1,0,0,2,1,0,2,0,0,1,1,2,1,2,0,1,1,0,1,0,0,4,2,1,1,0,2,1,2,2,2,0,0,5,0,11,1,3,3,5,4,7,7,6,7,7,5,7,8,12,11,9,16,13,9,17,18,16,21,15,21,13,19,25,17,26,18,24,28,18,41,36,42,38,27,36,45,41,34,47,56,68,66,63,62,70,60,71,81,86,73,82,83,99,104,103,87,117,115,81,95,100,123,107,119,134,141,118,144,142,166,160,159,172,172,167,176,160,184,182,192,191,180,205,202,209,195,243,216,235,205,222,235,228,227,248,261,275,247,242,256,309,257,267,293,268,286,281,303,284,285,288,305,276,292,305,331,256,289,289,282,264,285,277,296,262,250,256,266,234,267,253,238,207,225,226,205,197,187,160,166,142,172,148,149,121,148,132,118,95,123,111,99,104,106,89,78,60,67,73,51,59,41,33,49,30,26,27,24,14,16,17,13,16,14,8,10,9,5,4,2,5,6,1,0,0,0,0,0,1,0,0,0,0,0,0,0,0,0,0,0,0,0,0,0,0,0,0,0,0,0,0
9.65,0,0,0,0,0,0,0,0,0,0,0,1,0,0,0,0,0,0,0,0,0,0,1,0,0,0,1,0,1,0,0,3,0,0,0,2,1,0,0,0,0,0,0,1,3,2,0,2,0,2,3,0,1,1,0,4,1,2,0,1,1,0,1,2,1,0,2,0,0,1,3,3,1,4,1,2,3,3,3,3,4,1,3,8,4,4,4,13,6,4,8,4,6,10,10,10,10,10,13,9,12,19,7,20,19,16,14,19,14,25,16,26,20,29,27,29,33,29,35,40,37,46,40,40,40,22,46,45,67,60,76,74,59,55,74,79,83,99,88,72,74,93,112,102,113,116,129,121,138,116,156,136,144,131,133,132,153,152,142,138,151,160,211,167,158,178,205,183,206,222,205,235,232,229,210,202,214,238,237,227,234,243,243,258,226,252,243,269,285,281,285,287,288,255,290,294,317,292,297,310,293,324,293,297,285,281,298,296,306,311,274,268,288,290,272,275,261,280,242,241,230,217,248,249,188,238,206,186,210,195,139,163,150,144,149,116,130,128,103,101,115,107,97,94,82,82,65,57,55,62,46,42,32,38,36,36,19,17,17,24,17,18,11,13,9,5,5,5,7,4,4,2,2,1,0,1,0,0,0,0,0,0,0,0,0,0,0,0,0,0,0,0,0,0,0,0,0,0,0,0
9.75,0,0,0,0,0,0,1,0,0,0,0,0,0,1,0,0,0,0,0,0,0,0,0,0,0,0,0,1,0,0,1,0,0,0,0,0,0,1,0,0,0,0,0,0,0,1,0,1,0,0,0,1,0,1,1,2,0,5,1,1,4,0,0,1,3,2,0,2,3,2,3,1,1,2,2,2,3,1,4,4,1,5,2,2,3,4,6,4,9,9,4,4,6,2,7,12,13,10,15,10,10,13,20,13,12,22,20,14,19,23,25,21,28,23,34,22,26,31,35,30,47,38,44,49,46,31,67,52,77,42,62,68,71,76,80,78,85,92,99,68,109,88,95,103,130,125,123,143,117,106,139,130,131,145,169,155,169,161,148,171,156,170,171,175,181,185,216,209,211,226,195,224,226,221,235,229,246,253,257,250,239,264,244,260,246,275,275,276,306,298,302,311,311,345,295,324,337,309,321,300,317,325,310,320,299,290,306,292,322,305,311,298,276,299,273,270,268,299,264,276,252,248,228,244,233,249,231,203,198,179,205,186,139,165,138,139,105,136,118,107,101,109,95,100,83,80,70,56,65,47,70,39,36,46,36,31,30,20,15,19,20,19,10,10,13,8,6,4,6,3,3,0,0,1,0,1,0,0,0,0,0,0,0,0,0,0,0,0,0,0,0,0,0,0,0,0,0,0,0,0
9.85,0,0,0,0,0,0,0,0,0,0,0,0,0,0,0,0,0,0,0,0,0,0,0,0,0,0,0,1,0,0,0,0,0,0,0,0,0,0,0,0,0,1,2,1,1,0,2,0,2,0,2,1,0,1,0,1,1,1,0,2,1,2,2,1,2,2,1,1,0,0,2,4,1,6,1,2,3,2,2,4,1,4,2,4,1,3,6,2,4,3,4,8,6,6,8,12,8,7,15,14,9,11,22,11,15,20,20,19,18,21,21,32,24,28,29,16,24,32,36,43,39,38,41,39,35,54,67,63,54,60,81,78,68,63,84,75,68,84,89,99,100,122,91,118,122,127,122,129,107,133,147,135,163,149,157,164,135,173,197,170,183,173,202,211,184,166,198,216,202,244,210,233,257,236,220,220,250,236,244,246,269,245,280,265,276,292,284,291,300,302,291,315,314,313,316,326,314,315,311,328,307,363,319,304,344,313,323,271,331,300,313,315,325,291,313,284,278,298,283,270,280,242,278,274,225,214,226,208,210,202,190,171,178,183,164,145,145,135,121,120,97,105,103,90,95,84,73,65,64,53,53,47,39,48,38,36,34,30,25,13,22,16,15,9,10,6,9,5,1,4,1,2,2,2,0,1,0,0,0,0,0,0,0,0,0,0,0,0,0,0,0,0,0,0,0,0,0,0,0,0
9.95,0,0,0,0,0,0,0,0,0,0,0,0,0,0,0,0,0,0,0,0,0,1,0,0,0,0,2,0,0,1,0,0,0,0,0,1,0,0,0,0,2,2,1,1,3,0,0,0,0,1,2,0,4,0,0,1,3,1,3,0,0,0,2,1,1,1,0,2,1,1,2,1,2,4,4,3,1,2,1,2,4,3,2,1,3,4,3,6,6,8,8,5,2,4,7,14,17,9,10,13,28,11,15,19,21,22,19,21,24,33,26,25,33,29,30,29,24,47,24,34,44,29,39,46,45,53,60,58,75,50,42,65,75,79,93,90,97,79,103,107,112,122,126,113,102,127,130,148,134,111,120,139,150,154,148,138,148,192,179,199,180,214,192,184,203,201,214,201,214,238,227,196,220,244,242,233,245,242,251,240,248,292,276,282,319,305,322,324,297,297,328,307,325,333,326,304,354,311,339,347,341,331,329,337,343,351,360,325,324,321,320,312,340,309,308,283,307,302,260,277,274,284,261,239,257,260,213,225,212,201,218,179,162,193,184,177,141,164,143,93,119,94,109,108,78,94,87,79,71,56,57,58,51,38,46,41,32,32,24,16,25,16,15,11,11,9,8,6,3,1,0,4,3,3,0,0,1,1,0,0,0,0,0,0,0,0,0,0,0,0,0,0,0,0,0,0,0,0,0,0
10.05,0,0,0,0,0,0,0,0,0,0,0,0,0,0,0,1,0,1,0,0,1,0,1,0,0,0,0,0,0,1,0,0,0,0,0,0,1,0,2,0,0,2,1,0,1,0,2,1,0,1,1,1,1,3,1,1,3,0,2,1,1,1,0,2,0,3,0,0,3,1,3,2,0,0,4,3,3,2,6,4,4,4,4,1,1,3,6,1,5,9,12,8,10,5,15,10,11,10,10,8,11,8,16,18,11,22,16,26,16,22,24,27,26,26,35,33,36,42,37,37,38,44,44,39,44,53,55,55,60,78,75,65,80,92,82,84,87,91,97,85,101,103,134,138,131,146,128,148,120,147,139,155,173,152,157,170,159,169,177,167,191,188,188,226,229,200,200,238,228,241,246,241,235,246,269,274,245,265,297,286,302,304,295,282,313,280,323,300,317,344,342,359,333,370,375,355,327,361,347,378,374,336,360,323,351,313,353,316,351,348,344,317,321,349,314,311,319,323,307,282,290,262,261,242,260,245,235,244,219,205,219,212,190,178,164,170,150,141,144,126,125,108,93,98,110,79,82,78,72,64,58,50,62,36,35,49,43,26,29,20,21,20,14,17,9,16,5,6,3,0,1,3,6,3,1,0,1,1,0,0,0,0,0,0,0,0,0,0,0,0,0,0,0,0,0,0,0,0,0,0
10.15,0,0,0,0,0,0,0,1,0,0,0,0,0,0,0,1,0,0,0,0,0,0,0,0,0,0,0,1,0,1,1,1,0,0,0,1,0,1,0,0,1,1,2,1,1,0,2,1,1,0,2,1,0,0,2,0,0,4,3,1,3,2,2,3,1,2,0,2,0,2,1,5,3,1,3,2,1,3,4,2,3,3,5,6,5,8,8,9,5,9,13,6,7,7,6,11,19,10,14,19,15,13,25,16,21,8,19,24,25,23,25,33,25,31,34,34,32,38,29,41,43,45,62,48,67,46,56,65,56,59,66,71,68,96,84,100,109,79,109,96,132,127,120,146,153,139,143,145,161,166,151,155,164,155,195,166,200,197,213,170,194,185,214,213,226,205,218,219,233,241,229,252,221,223,261,298,263,283,281,300,283,274,290,294,287,378,330,351,340,366,318,336,346,358,365,338,392,380,341,377,390,363,345,358,351,368,357,356,356,333,372,346,316,338,325,305,322,314,308,296,344,270,270,275,251,261,237,258,219,255,207,202,203,206,182,174,155,145,145,156,140,121,100,111,86,120,83,74,66,63,59,59,61,52,36,54,34,43,24,19,20,17,24,19,11,12,8,5,7,1,2,3,0,4,1,1,2,1,0,0,0,0,0,0,0,0,0,0,0,0,0,0,0,0,0,0,0,0,0,0
10.25,0,0,0,0,0,0,0,0,0,0,0,0,0,0,0,0,1,0,0,0,0,0,0,1,0,0,0,1,0,0,0,0,0,0,0,0,0,0,0,0,0,2,1,1,1,0,1,0,1,0,0,1,0,1,1,1,1,0,1,0,1,1,0,0,2,1,0,1,1,1,3,2,0,2,2,2,5,3,4,3,2,5,2,5,4,5,3,4,7,6,8,8,15,9,8,5,9,10,12,22,19,12,13,19,11,18,16,20,23,29,35,36,33,24,37,35,32,48,53,44,43,43,45,49,59,54,61,68,73,62,76,65,84,80,87,91,94,99,116,96,127,112,120,132,144,138,144,151,146,153,160,161,180,162,156,158,173,178,211,207,224,230,239,223,214,222,233,236,231,248,250,266,266,237,244,266,307,327,316,306,312,283,334,294,331,331,324,346,360,345,344,351,382,358,391,350,364,359,404,354,360,363,387,349,388,370,383,376,362,372,353,347,375,392,369,332,351,286,334,343,285,298,308,273,295,237,260,258,250,220,204,229,203,209,174,186,173,134,155,133,135,124,132,106,98,80,106,78,63,66,61,55,71,45,43,41,43,32,32,28,16,18,19,16,12,7,14,7,9,3,2,1,0,2,3,1,0,1,2,0,0,0,0,0,0,0,0,0,0,0,0,0,0,0,0,0,0,0,0,0
10.35,1,0,0,0,0,0,0,0,0,0,0,0,0,0,0,0,0,0,0,1,0,0,0,0,0,0,0,0,0,0,0,1,0,1,0,0,0,1,1,0,2,0,0,0,1,1,1,0,1,0,1,0,2,0,1,0,0,1,3,1,1,3,1,2,0,0,2,4,4,1,3,1,2,1,0,1,3,3,1,7,3,4,4,4,7,8,9,11,6,9,8,11,6,9,8,9,11,9,15,12,12,20,16,32,13,15,24,13,35,30,17,32,31,24,30,40,41,36,42,36,46,56,52,69,54,53,72,61,71,68,73,77,69,97,92,86,90,108,104,124,124,128,126,110,150,131,165,135,144,118,172,170,140,159,172,194,188,178,222,206,222,218,219,210,245,229,251,234,238,252,260,269,265,276,293,298,323,319,307,296,305,312,292,345,319,324,327,351,345,367,376,370,361,403,411,397,387,370,374,391,400,385,358,406,408,402,385,382,380,385,353,340,361,395,360,325,324,334,343,333,342,315,292,293,252,275,265,263,228,284,223,187,209,211,207,196,182,156,154,135,142,127,121,118,107,111,76,92,71,64,72,49,52,56,53,36,47,31,38,26,18,21,19,18,6,9,10,7,8,5,2,1,1,1,2,1,0,0,1,1,0,0,0,0,0,0,0,0,0,0,0,0,0,0,0,0,0,0,0,0
10.45,0,0,0,0,0,0,0,0,0,0,0,0,0,1,0,1,0,0,0,0,0,0,0,1,1,0,0,0,0,1,1,0,0,0,0,1,0,0,1,0,1,0,1,1,0,2,1,1,0,0,2,0,0,2,0,2,2,1,1,1,2,2,1,4,2,2,1,0,4,3,3,1,0,1,2,0,2,3,2,5,1,3,4,6,5,7,5,7,10,7,5,8,11,12,15,11,14,20,16,15,25,20,20,19,15,21,24,15,20,36,27,34,31,23,36,33,49,30,51,54,49,50,57,57,57,67,63,61,80,54,70,77,80,81,101,106,91,108,95,112,123,114,112,121,142,157,142,172,142,188,168,165,179,195,188,195,225,196,201,207,205,205,244,230,226,231,224,264,267,260,265,245,286,284,280,313,274,266,295,316,312,315,313,317,330,383,357,357,357,364,380,348,388,385,376,383,376,397,400,357,378,388,388,402,407,411,403,390,403,396,391,358,370,383,385,338,382,332,374,328,293,323,292,303,293,290,272,241,271,266,246,248,205,204,200,193,189,175,146,164,150,135,109,121,109,121,105,76,79,74,55,71,57,53,54,41,43,36,27,28,24,17,23,21,10,6,7,5,8,3,3,2,2,1,2,1,0,0,0,1,0,0,0,0,0,0,0,0,0,0,0,0,0,0,0,0,0,0,0,0
10.55,0,0,0,0,0,0,0,1,0,0,0,0,0,0,0,0,0,0,0,1,0,0,0,0,0,0,0,1,0,0,0,0,1,1,0,0,0,0,1,0,0,1,0,0,2,1,3,1,1,2,2,1,0,0,1,2,1,1,0,3,0,1,1,1,2,3,1,1,2,1,2,1,2,7,1,4,2,1,3,0,2,5,2,4,3,3,4,4,16,1,9,5,10,8,13,12,8,14,15,19,13,22,17,23,17,26,20,18,18,23,23,30,38,33,40,36,40,45,57,47,56,52,58,54,68,66,55,74,56,66,88,109,106,88,99,92,116,117,97,146,110,122,138,141,166,151,144,166,149,167,173,175,190,231,182,192,210,212,199,213,216,262,247,244,215,244,238,263,280,265,273,267,278,301,280,311,297,299,285,314,341,317,338,335,345,346,393,371,356,349,367,357,389,401,432,395,367,412,398,414,365,384,419,404,408,426,421,396,377,386,387,387,368,414,359,378,358,384,375,319,341,328,339,297,281,296,301,250,267,271,238,254,240,198,214,197,204,184,171,171,163,129,137,119,129,108,108,90,84,81,67,59,62,43,54,47,52,40,24,26,26,18,14,15,16,10,9,5,7,8,5,2,1,1,2,2,1,0,0,1,0,0,0,0,0,0,0,0,0,0,0,0,0,0,0,0,0,0,0,0
10.65,0,0,0,0,0,0,1,0,0,0,0,0,0,0,0,1,0,1,0,0,1,0,0,0,0,0,1,0,0,0,0,0,0,0,0,0,3,0,1,0,2,0,0,0,0,2,1,1,5,0,1,0,0,2,3,0,0,2,2,1,1,0,1,2,0,1,3,4,1,1,2,3,4,3,3,5,4,5,3,2,2,5,4,7,9,4,7,7,8,9,6,10,14,14,16,12,11,9,25,19,14,16,21,31,17,15,22,23,29,37,35,34,25,44,33,45,44,48,56,43,62,59,51,59,71,71,67,70,82,66,76,115,101,102,113,105,117,130,91,125,150,127,138,151,151,154,163,191,172,182,163,171,201,242,188,212,236,212,204,242,222,247,244,234,260,257,277,283,277,301,296,269,285,284,291,349,341,292,347,320,340,308,333,373,362,374,352,376,385,367,387,406,360,399,416,414,426,387,469,432,431,441,440,397,401,426,408,423,391,426,406,415,397,402,393,359,377,370,330,336,348,380,320,312,312,295,285,270,278,245,226,255,251,237,215,196,201,186,174,163,183,159,153,124,111,101,106,104,95,80,76,63,74,41,37,50,42,44,36,22,20,21,17,17,14,6,9,10,5,6,8,4,3,0,0,3,1,0,0,1,0,0,0,0,0,0,0,0,0,0,0,0,0,0,0,0,0,0,0,0
10.75,1,0,0,0,0,0,1,0,0,0,0,0,0,0,0,1,0,0,0,0,0,0,1,0,0,0,0,0,0,0,0,2,0,1,0,1,0,0,1,0,1,1,1,1,0,1,2,0,0,3,0,3,0,0,0,1,0,3,4,0,1,4,2,3,0,0,2,1,1,2,0,2,1,4,1,7,6,3,6,2,4,2,6,4,3,4,5,12,6,5,9,8,11,13,19,17,9,12,12,17,15,16,27,20,23,33,23,21,25,32,25,29,43,44,31,55,43,37,55,58,73,46,65,63,65,66,83,83,91,102,80,95,100,90,115,84,112,129,117,125,127,140,139,167,166,153,181,161,165,177,179,179,196,196,204,230,210,219,246,223,248,236,245,251,259,257,255,296,268,263,311,321,304,302,336,315,304,330,323,345,323,331,340,364,379,393,404,371,403,393,427,415,423,412,394,463,475,446,445,395,439,477,439,448,421,419,442,444,402,426,393,396,424,412,425,411,382,365,355,362,348,351,323,321,338,338,317,278,289,281,269,244,199,245,223,211,193,170,191,180,162,161,165,141,129,116,103,97,106,79,69,73,59,69,50,54,35,48,34,28,18,16,20,21,16,8,9,7,9,6,5,5,1,1,0,2,1,0,0,1,0,0,0,0,0,0,0,0,0,0,0,0,0,0,0,0,0,0,0,0
10.85,0,0,0,0,0,0,0,0,0,1,0,0,0,0,1,0,0,0,0,0,0,0,0,1,0,1,0,3,0,0,0,1,0,1,1,1,2,1,0,1,1,3,2,3,2,3,1,1,1,0,1,2,0,1,2,1,1,2,0,2,0,0,6,0,0,2,3,4,3,4,2,1,2,2,5,3,1,4,6,4,5,10,6,2,7,7,9,9,10,3,7,8,19,6,11,13,10,11,13,19,17,24,18,21,26,16,28,31,36,29,26,32,46,37,29,54,39,45,53,60,75,73,65,66,69,65,83,84,75,104,86,96,99,107,110,130,101,121,135,145,139,155,141,147,175,147,186,175,171,190,187,212,198,221,221,217,231,213,240,239,254,238,250,267,284,281,307,272,299,278,271,342,350,335,314,322,310,353,354,368,370,408,377,375,418,372,431,395,391,431,407,423,405,432,434,444,416,445,416,460,483,427,447,455,445,422,450,491,473,459,455,447,408,449,432,440,351,378,387,364,372,345,352,343,320,318,305,287,310,258,274,258,251,235,210,232,211,195,190,168,182,156,157,156,144,134,101,100,89,101,75,65,61,63,70,39,53,39,37,39,24,15,13,18,12,13,8,12,11,4,6,4,1,4,0,1,3,0,0,0,1,0,0,0,0,0,0,0,0,0,0,0,0,0,0,0,0,0,0,0
10.95,0,0,0,0,0,0,0,0,0,0,0,0,0,0,0,0,0,1,0,0,0,0,0,0,1,0,0,1,0,0,0,0,0,0,1,0,0,0,0,2,1,2,1,2,2,1,0,0,0,0,1,2,1,3,0,2,1,3,2,2,2,5,2,2,4,0,3,3,5,1,4,1,4,2,4,6,3,2,3,3,6,2,11,4,5,4,11,9,7,10,6,6,9,18,11,15,9,18,23,20,22,18,15,25,15,29,28,23,17,27,27,45,37,30,36,37,47,49,47,43,46,59,73,52,74,77,74,73,79,106,94,104,103,135,100,107,112,130,121,146,176,154,143,151,177,166,175,191,178,195,219,227,193,213,212,216,233,231,247,246,248,265,273,257,293,297,290,309,327,306,310,308,322,317,340,340,339,359,310,354,359,424,380,384,357,429,416,426,425,391,441,432,458,454,444,449,404,480,529,485,512,502,451,502,463,462,433,471,469,448,453,448,483,441,416,443,406,440,451,417,410,346,347,349,327,332,326,294,291,295,283,275,241,241,243,250,213,198,193,183,175,170,152,144,150,126,130,108,107,77,87,71,62,56,85,51,44,32,48,40,29,21,12,17,12,12,8,12,7,6,5,5,2,2,0,0,2,1,1,0,0,0,0,0,0,0,0,0,0,0,0,0,0,0,0,0,0,0,0,0
11.05,0,0,0,0,0,0,1,0,0,0,0,0,0,0,0,0,1,0,0,0,1,0,0,0,0,1,0,0,0,1,1,1,1,0,4,0,0,0,3,0,0,1,0,1,1,0,1,2,2,2,0,1,1,1,1,3,1,4,0,3,2,1,4,1,0,3,4,2,2,0,0,3,1,1,6,4,1,3,3,5,3,4,1,6,6,9,3,5,4,10,8,5,8,18,9,15,22,15,15,23,17,23,22,21,16,28,24,30,32,27,34,36,37,49,43,48,47,51,52,56,73,56,62,64,68,81,89,60,79,96,94,93,100,125,119,106,118,124,122,147,143,164,151,179,186,163,201,188,162,197,200,212,240,224,241,232,257,249,252,255,264,289,233,286,297,297,278,303,300,311,314,366,337,360,368,383,344,379,427,391,425,379,401,429,422,458,421,458,440,404,443,443,453,439,478,490,451,450,501,468,474,482,507,473,472,482,444,499,465,462,519,446,469,438,447,468,446,458,430,358,417,431,396,353,351,342,328,311,303,300,299,284,268,260,237,225,232,217,201,191,171,170,164,148,116,136,129,125,111,84,95,74,73,65,64,51,53,42,41,36,37,28,19,16,12,8,10,16,5,5,3,7,3,2,0,0,2,0,0,0,0,0,0,0,0,0,0,0,0,0,0,0,0,0,0,0,0,0,0,0
11.15,0,0,0,0,1,0,0,0,0,0,1,0,0,0,0,0,0,0,0,0,0,0,0,0,0,1,0,0,0,0,0,1,0,0,0,0,0,1,2,1,3,0,1,1,1,2,2,1,2,0,0,2,1,2,0,0,5,1,4,0,7,2,0,3,4,0,3,4,3,4,3,6,4,1,3,1,1,4,3,5,6,6,3,5,7,10,5,8,6,8,7,10,12,11,26,17,23,22,14,19,25,22,25,31,32,15,21,30,29,32,36,38,53,37,50,49,50,45,61,67,61,61,69,75,71,69,69,82,85,88,80,104,125,106,106,134,128,142,136,153,160,153,171,159,173,194,178,193,198,237,213,223,242,221,227,242,230,256,247,267,262,291,262,271,286,297,306,298,354,328,349,359,330,316,367,360,404,379,375,377,380,413,421,423,426,419,455,425,452,445,410,452,466,498,453,460,462,495,521,504,499,537,489,481,491,470,493,496,497,475,503,434,459,443,453,437,439,442,452,456,396,450,405,375,369,345,347,338,293,324,302,271,279,272,264,249,233,218,217,192,161,171,167,142,146,127,114,121,111,99,92,85,75,66,50,58,50,37,45,36,37,29,16,14,16,9,10,9,6,6,4,8,5,1,0,0,1,0,0,0,0,0,0,0,0,0,0,0,0,0,0,0,0,0,0,0,0,0,0,0
11.25,0,0,0,0,0,0,0,0,0,0,0,0,0,0,0,0,0,0,0,0,0,0,1,0,1,0,1,0,0,1,1,1,2,0,1,0,1,1,1,0,0,0,1,3,1,0,1,2,0,0,1,0,5,0,2,2,2,1,0,4,2,3,3,5,1,1,0,8,0,3,3,4,7,2,8,1,4,5,6,3,6,3,4,5,4,10,8,13,13,8,9,9,13,13,18,20,17,12,15,20,19,27,23,30,37,20,33,26,39,35,39,39,48,61,47,53,45,47,48,60,64,65,68,66,65,73,94,77,93,64,107,106,105,135,131,133,134,139,175,160,161,163,145,189,181,210,181,196,204,192,241,213,227,246,254,250,258,262,274,281,236,286,301,308,274,319,314,351,333,322,340,350,370,372,367,352,373,421,395,423,407,410,404,427,432,447,474,460,461,488,460,487,469,476,528,460,468,511,531,528,531,533,517,525,522,483,464,511,487,501,505,461,498,495,476,475,440,458,420,439,431,432,404,380,416,364,338,367,336,300,296,310,265,263,261,248,243,234,207,218,179,182,159,157,137,145,133,114,98,98,93,88,78,71,54,51,46,43,38,42,34,31,28,8,17,16,3,11,6,5,8,6,9,1,1,0,1,0,0,0,0,0,0,0,0,0,0,0,0,0,0,0,0,0,0,0,0,0,0,0
11.35,0,0,0,0,0,0,0,0,0,0,0,0,1,0,1,1,0,0,0,0,2,0,0,0,0,0,1,0,0,2,0,0,1,0,0,0,1,3,0,1,1,0,1,1,5,0,7,2,2,1,1,2,2,2,3,0,4,1,2,1,1,0,1,4,2,2,2,3,4,3,3,3,2,4,4,7,6,4,1,10,9,14,8,6,4,6,10,7,16,17,9,10,18,18,19,16,17,19,11,18,21,15,26,30,28,35,37,35,33,25,30,34,46,48,61,56,54,58,54,68,63,58,64,70,81,88,109,88,96,115,102,113,121,131,134,146,124,131,167,156,161,190,151,211,195,180,203,209,216,209,234,235,235,246,248,274,246,264,297,278,292,307,307,293,329,337,344,325,330,329,390,381,343,336,361,395,395,398,406,412,479,424,419,463,454,458,447,494,452,448,453,459,451,477,511,461,496,510,549,523,507,543,532,540,513,540,496,486,520,550,500,524,507,509,457,506,473,470,419,436,409,451,405,428,391,403,365,360,324,369,304,322,274,288,273,262,253,234,206,200,216,180,180,164,153,134,136,113,109,97,97,83,94,75,57,49,58,39,29,44,27,39,29,17,11,13,7,13,6,2,5,5,10,4,1,0,2,0,0,0,0,0,0,0,0,0,0,0,0,0,0,0,0,0,0,0,0,0,0,0
11.45,0,0,0,0,0,0,0,0,0,0,0,0,0,0,0,0,0,0,1,0,0,0,0,0,1,0,0,0,0,0,0,0,0,1,0,2,1,1,1,1,0,1,0,0,1,1,0,2,1,0,1,1,3,0,3,1,1,0,2,4,1,0,2,5,0,1,0,2,5,4,3,2,0,5,4,3,3,5,6,2,2,4,5,7,6,12,8,5,5,7,8,14,13,12,17,15,19,28,16,17,26,26,25,28,24,29,38,33,37,34,46,33,51,47,47,55,76,59,63,55,56,58,90,89,77,77,81,94,90,101,109,99,119,123,110,158,138,145,165,166,189,182,177,197,175,201,205,198,230,232,234,246,241,266,235,245,303,255,269,276,305,337,302,344,296,332,332,352,343,332,361,363,377,367,374,403,411,445,400,473,421,424,471,452,427,448,495,440,516,468,499,490,512,547,522,561,520,527,555,548,541,577,532,518,536,516,561,510,584,523,524,546,520,528,489,516,458,480,473,472,430,439,429,439,389,419,358,363,360,333,332,326,331,310,254,270,260,257,246,197,211,198,183,168,167,131,148,126,116,109,83,91,84,86,73,61,54,39,32,35,34,36,26,15,13,12,9,9,7,4,4,4,9,5,0,0,1,1,0,0,0,0,0,0,0,0,0,0,0,0,0,0,0,0,0,0,0,0,0,0
11.55,1,0,0,0,1,0,0,0,0,0,0,0,0,0,1,0,0,0,0,1,0,0,0,0,0,0,0,2,1,3,2,1,1,1,0,1,1,0,0,3,1,1,4,2,2,1,3,2,1,1,1,1,2,4,2,3,2,1,3,4,2,7,2,1,2,1,5,0,4,3,1,4,3,1,5,2,1,2,5,4,5,5,10,11,5,9,6,10,5,6,15,17,19,16,9,17,21,13,21,23,29,29,19,39,32,34,30,21,27,34,51,32,50,57,57,52,53,62,55,58,76,80,61,76,87,74,84,114,93,107,102,135,124,115,144,138,139,170,182,150,169,178,184,187,196,214,191,209,203,245,238,226,250,261,250,275,249,299,285,314,287,316,329,310,351,329,368,341,370,389,382,379,387,408,411,415,426,411,425,458,457,420,463,455,465,484,492,482,542,522,518,546,488,510,529,554,540,566,534,537,560,544,554,546,587,545,520,570,571,564,514,540,551,497,541,519,530,483,463,497,428,485,416,425,403,437,406,381,405,339,322,322,331,312,313,273,256,238,237,254,195,187,206,175,188,162,125,140,111,125,81,104,80,91,82,55,43,37,43,33,41,28,26,17,12,11,12,5,9,7,6,3,6,5,2,1,1,1,0,0,0,0,0,0,0,0,0,0,0,0,0,0,0,0,0,0,0,0,0,0
11.65,0,0,0,0,1,0,0,0,1,0,0,1,0,0,0,0,0,0,0,0,0,0,1,0,0,0,0,0,1,4,0,0,0,0,0,1,0,0,0,3,0,1,4,1,6,0,2,1,5,2,1,2,2,6,4,2,0,3,1,0,1,0,1,1,2,4,3,2,0,3,3,5,1,3,4,3,4,4,2,7,5,7,6,6,5,10,11,12,16,18,13,14,12,21,17,19,15,13,22,26,23,22,27,26,43,27,28,31,39,41,46,44,54,43,46,54,48,67,60,49,82,68,88,94,96,93,100,100,85,107,118,126,145,144,118,154,174,164,179,172,190,206,179,177,204,225,223,207,253,219,246,262,260,286,276,291,316,294,269,273,321,322,304,326,342,321,345,343,409,371,352,379,393,431,410,449,441,451,408,424,482,497,485,485,488,511,505,531,518,526,512,545,489,531,551,492,536,579,509,583,554,540,583,572,552,549,546,594,558,519,579,529,523,553,521,514,558,503,539,491,458,462,442,438,422,421,386,397,366,381,341,343,307,300,314,285,279,270,240,235,217,219,198,191,168,183,168,134,132,116,97,75,83,78,89,67,52,53,43,30,33,37,27,17,14,9,14,9,10,7,9,3,6,6,1,1,1,0,0,1,0,0,0,0,0,0,0,0,0,0,0,0,0,0,0,0,0,0,0,0
11.75,0,0,0,0,0,0,0,0,0,0,0,1,0,0,0,0,0,1,0,1,0,0,0,0,0,0,0,0,0,0,0,0,0,0,0,0,1,0,2,0,4,2,4,3,2,1,3,1,1,2,2,3,2,2,2,1,1,1,2,3,1,2,4,1,3,3,3,0,5,1,4,4,6,4,5,4,4,2,1,4,2,6,7,7,10,6,11,12,11,9,19,13,10,14,20,16,19,13,27,24,27,24,31,29,20,29,33,29,23,38,52,50,42,55,44,52,61,61,66,62,66,85,99,77,80,88,104,114,107,95,102,119,144,126,135,145,144,157,165,195,169,216,192,197,234,226,221,244,266,254,265,271,272,269,277,279,270,281,291,288,339,320,315,327,352,326,385,344,371,418,400,398,350,415,431,421,455,414,451,408,429,478,487,450,490,537,490,554,532,550,571,528,518,516,569,590,551,580,549,524,569,602,630,562,573,570,577,557,525,525,570,513,556,531,579,549,554,514,478,494,494,477,496,459,450,433,419,404,413,357,359,354,308,308,313,288,286,299,239,228,235,230,199,196,171,184,174,148,138,135,107,91,78,72,84,61,66,58,54,35,31,42,23,24,13,12,12,8,7,8,6,6,6,6,2,3,1,0,0,0,0,0,0,0,0,0,0,0,0,0,0,0,0,0,0,0,0,0,0,0
11.85,0,0,0,0,0,0,0,0,0,0,0,0,0,1,0,0,1,1,0,1,0,1,2,0,0,1,0,0,3,0,0,0,0,0,0,0,0,0,0,0,1,1,1,1,0,2,2,6,1,3,0,1,1,2,0,1,2,3,1,1,1,3,2,1,2,3,3,2,1,4,0,3,2,1,6,3,5,2,4,9,1,7,9,14,7,5,11,13,16,15,17,15,6,18,22,23,23,20,30,25,25,27,28,27,36,28,39,31,36,40,47,56,34,52,62,46,83,58,61,77,54,82,70,102,86,101,102,102,116,106,110,134,140,125,124,151,161,159,169,174,187,194,215,211,216,222,229,258,236,248,268,232,256,265,272,324,298,301,289,325,317,344,343,342,400,358,378,381,395,390,397,416,408,419,455,470,482,424,423,482,465,480,498,518,484,512,527,550,497,535,547,522,535,595,623,577,577,626,594,589,612,619,589,577,547,587,570,628,570,639,609,541,576,512,540,495,547,521,554,517,479,475,483,471,485,439,438,433,382,406,381,390,356,311,312,277,323,274,255,257,242,233,192,189,188,161,164,163,147,137,121,96,93,72,83,79,53,61,52,38,34,42,42,26,23,14,18,7,6,6,7,4,5,8,3,2,2,1,0,0,0,0,0,0,0,0,0,0,0,0,0,0,0,0,0,0,0,0,0,0
11.95,0,0,0,1,0,0,0,0,0,0,0,0,0,0,0,1,1,0,0,2,0,0,0,0,0,0,0,2,0,0,1,0,0,0,1,1,1,1,0,0,2,3,1,1,0,2,1,1,2,2,0,1,1,1,2,3,2,2,1,3,1,1,1,4,0,2,5,1,2,1,4,6,4,4,3,2,9,7,7,2,4,5,5,2,10,5,9,12,10,11,10,14,17,14,30,21,13,21,16,24,25,16,34,37,32,37,38,35,37,44,52,53,50,56,57,69,64,77,75,65,78,98,97,83,83,115,106,117,117,131,130,122,156,136,146,147,149,180,195,180,218,226,189,214,240,223,243,238,221,239,274,285,240,305,280,291,291,356,318,333,322,333,354,371,347,362,371,381,452,395,472,422,428,466,452,425,421,490,514,464,500,480,481,499,509,543,508,544,529,552,553,524,574,559,610,609,583,572,642,619,646,628,577,596,621,630,661,594,619,609,565,561,635,564,582,588,568,526,569,502,525,491,497,471,479,475,465,431,421,415,397,399,356,373,345,305,293,295,275,238,257,247,216,195,190,157,145,156,150,150,139,119,79,95,75,74,65,66,54,43,40,37,44,27,22,18,12,10,9,7,5,2,6,3,4,3,3,1,0,1,0,0,0,0,0,0,0,0,0,0,0,0,0,0,0,0,0,0,0,0
12.05,0,0,0,0,0,0,0,0,0,0,1,0,0,0,0,2,1,0,0,0,0,0,1,0,1,0,1,2,1,0,0,1,2,1,0,0,0,2,0,3,1,2,1,2,3,3,0,0,2,1,3,3,2,1,3,1,0,1,3,5,0,1,5,3,2,2,2,3,4,3,3,5,1,2,3,3,10,4,8,6,12,11,6,8,10,14,9,14,13,17,14,16,18,19,19,13,23,27,33,25,21,30,25,36,38,38,37,43,39,40,42,52,43,50,45,69,59,73,78,65,84,83,94,89,90,100,112,106,110,123,134,118,142,173,152,156,156,193,186,189,183,216,220,203,205,284,234,260,254,244,259,286,276,295,324,291,316,308,341,362,341,372,340,384,391,450,414,369,460,394,444,413,441,422,454,457,455,510,465,512,475,493,503,514,580,525,584,546,551,559,581,579,610,579,579,633,589,615,633,614,657,658,601,588,678,595,620,617,641,599,634,640,603,598,631,598,540,552,557,548,541,537,534,494,491,473,438,443,434,397,406,380,389,343,375,345,300,299,293,274,251,233,230,217,187,165,162,139,148,156,129,128,99,102,76,61,77,64,52,49,40,44,41,30,17,22,15,8,8,5,8,2,3,3,5,3,2,1,1,1,0,0,0,0,0,0,0,0,0,0,0,0,0,0,0,0,0,0,0,0
12.15,0,0,0,1,0,0,0,0,1,0,0,1,0,0,0,0,0,0,0,0,1,0,0,0,0,0,1,0,1,0,1,0,0,1,0,1,2,0,1,2,2,0,2,1,4,3,0,2,2,0,4,0,1,1,4,3,6,1,2,4,2,0,0,5,3,4,2,4,3,3,6,3,2,5,6,7,5,8,7,8,3,8,9,11,13,10,14,8,13,9,17,16,16,19,19,22,18,27,13,27,25,28,40,35,40,43,43,32,49,46,47,63,52,49,67,66,73,72,70,87,89,80,93,82,97,99,114,125,136,126,120,154,137,147,160,166,165,176,184,181,218,200,204,238,236,221,267,280,250,259,254,284,334,302,317,311,294,313,342,333,379,390,378,346,393,383,389,415,409,422,406,424,466,434,478,474,513,522,463,509,509,548,533,532,557,553,535,576,532,566,556,606,595,611,564,652,578,637,618,655,633,597,627,634,614,632,604,657,636,617,631,612,619,611,590,585,619,585,589,548,557,564,511,539,495,502,425,472,430,438,394,383,388,347,358,341,324,301,273,310,285,253,229,211,208,167,176,174,140,135,145,118,121,88,102,74,70,72,47,41,43,39,32,35,21,16,18,5,7,7,11,2,2,3,4,2,3,1,1,0,0,0,0,0,0,0,0,0,0,0,0,0,0,0,0,0,0,0,0,0
12.25,0,0,0,1,0,0,0,0,0,0,1,0,0,0,0,0,0,0,0,0,1,0,0,2,0,0,0,1,0,0,0,0,1,1,0,0,0,1,0,1,3,0,1,0,2,2,1,3,0,2,2,0,2,4,1,5,6,2,2,1,2,1,3,0,7,5,3,3,1,1,5,6,2,2,2,9,8,3,7,6,3,7,5,7,8,10,10,14,15,11,21,15,21,10,23,22,12,22,29,28,19,23,26,21,31,43,37,45,46,35,46,45,45,60,69,57,76,71,74,86,92,79,88,91,97,106,105,100,126,146,125,141,151,130,162,173,188,183,184,176,213,216,231,243,243,243,256,246,308,298,299,301,299,312,303,332,328,333,367,331,365,403,373,376,397,411,439,423,461,428,476,452,457,479,480,479,505,480,473,491,491,501,568,541,524,633,564,575,626,592,603,616,592,620,597,601,625,664,616,620,651,664,674,622,646,638,650,623,630,624,620,643,614,610,639,560,587,594,565,613,529,596,570,516,490,544,508,453,466,459,441,393,421,366,353,344,333,316,284,266,295,256,246,227,218,185,177,154,163,141,148,125,107,95,103,88,63,72,53,46,40,39,34,27,18,21,17,10,13,6,9,3,4,2,2,2,2,2,1,0,0,0,0,0,0,0,0,0,0,0,0,0,0,0,0,0,0,0,0,0
12.35,0,0,1,0,0,0,0,0,0,0,2,0,1,0,1,1,0,0,2,1,2,0,0,1,0,0,1,0,0,0,2,0,0,2,0,1,0,0,1,1,1,2,1,3,2,3,3,2,3,0,3,0,1,2,2,1,0,1,5,0,0,2,5,3,3,3,2,5,6,4,2,3,1,4,0,9,10,6,3,7,4,4,12,13,6,11,5,10,20,22,16,18,20,15,21,20,27,17,24,35,27,32,28,40,38,31,36,39,41,49,48,61,62,45,64,65,80,84,70,86,73,115,109,100,124,112,125,112,142,128,136,141,140,166,163,165,175,223,218,204,211,197,225,223,281,237,262,272,301,273,300,289,291,309,319,328,321,341,356,380,379,370,375,412,371,427,431,419,464,456,421,470,464,488,489,482,498,478,511,521,532,562,553,513,552,606,605,618,640,631,592,632,640,603,616,642,670,634,676,634,682,678,679,654,647,639,642,669,648,653,661,624,619,606,620,647,608,617,552,582,555,541,527,543,566,522,489,517,449,479,450,417,393,397,387,351,346,337,279,292,256,293,251,230,230,186,185,163,156,145,138,132,110,103,95,100,64,71,58,58,31,42,30,31,31,19,20,9,13,9,6,5,3,1,1,3,2,3,1,0,0,0,0,0,0,0,0,0,0,0,0,0,0,0,0,0,0,0,0,0
12.45,0,0,1,0,0,0,1,0,0,0,0,0,0,0,1,0,0,0,1,0,0,0,0,0,1,0,0,0,0,0,0,1,1,1,0,0,0,2,2,0,1,1,2,1,3,2,1,2,2,0,2,1,4,2,4,1,2,0,3,1,1,2,3,3,4,3,5,2,4,2,6,2,2,5,5,3,7,7,6,9,6,7,9,9,13,9,19,12,20,14,14,26,18,24,26,12,22,26,29,22,33,36,38,35,35,24,41,43,56,51,47,50,54,52,59,67,77,80,84,62,76,88,103,93,110,116,105,135,123,135,120,170,149,167,181,214,218,187,208,219,224,211,222,243,256,265,263,263,292,261,273,287,330,309,304,322,368,367,365,398,367,382,421,366,448,430,401,456,462,481,443,496,509,491,468,512,529,531,597,543,583,538,570,588,572,601,616,608,622,584,645,579,637,655,691,622,657,622,719,689,679,671,661,703,667,703,673,674,645,657,631,648,643,650,651,638,583,605,624,610,559,578,598,544,520,541,514,502,506,473,408,445,394,372,376,395,349,337,329,294,268,233,279,226,216,233,186,159,166,145,137,150,125,103,96,92,83,64,63,53,36,43,30,33,31,22,17,11,12,9,10,4,3,2,2,2,2,3,1,0,0,0,0,0,0,0,0,0,0,0,0,0,0,0,0,0,0,0,0,0
12.55,0,0,2,0,0,0,0,0,0,1,1,1,0,0,0,0,1,0,0,2,0,0,1,1,0,1,1,0,1,2,1,1,2,0,0,3,2,1,2,2,1,1,3,2,2,3,2,1,1,1,0,2,0,0,1,2,2,3,2,0,3,2,1,8,4,4,1,1,2,5,1,2,2,7,7,7,3,2,9,4,5,10,13,10,13,17,11,14,14,6,12,12,13,20,24,20,27,23,24,28,25,34,39,33,45,53,46,50,76,63,53,54,69,66,62,51,73,84,70,94,104,107,113,115,122,116,121,108,129,127,139,138,154,167,169,173,171,215,220,223,217,244,244,254,262,291,265,301,269,282,292,319,314,314,359,362,358,327,384,363,397,422,384,423,456,450,420,434,424,478,481,443,449,506,498,520,559,554,558,553,587,590,569,586,610,604,612,621,607,619,630,660,706,635,709,639,648,663,691,705,680,710,680,714,720,699,672,695,687,731,677,692,690,640,600,634,661,638,599,547,620,587,572,579,550,547,497,499,501,463,468,444,411,396,409,355,348,339,306,323,284,251,257,262,203,241,209,198,172,153,130,131,135,119,103,83,98,59,69,54,51,36,32,34,25,28,12,18,9,12,5,4,6,1,1,2,2,1,4,0,0,0,0,0,0,0,0,0,0,0,0,0,0,0,0,0,0,0,0,0
12.65,0,0,0,0,0,0,0,0,0,0,0,0,0,0,0,0,0,0,1,0,1,0,2,1,1,1,1,0,2,2,2,0,1,1,0,3,0,2,0,1,1,1,3,0,2,1,3,0,2,1,1,1,2,3,2,1,4,2,1,0,1,5,2,2,2,1,1,3,2,5,2,2,2,3,3,5,11,6,4,9,14,8,10,4,11,17,14,13,14,11,14,16,18,16,15,31,31,31,22,23,32,33,39,35,34,46,39,52,46,55,56,52,54,59,77,83,72,75,83,85,97,90,108,102,135,92,125,144,128,149,133,143,164,185,189,190,187,185,219,229,225,242,238,265,280,266,282,317,337,307,303,329,339,325,334,359,431,381,367,383,399,405,439,445,437,439,422,429,443,436,474,530,512,540,516,548,597,509,589,556,576,546,622,590,615,656,632,621,670,627,630,672,668,684,647,617,722,667,668,721,753,676,706,731,717,713,714,706,692,699,680,686,663,725,716,673,654,594,631,644,627,582,582,611,575,533,544,505,507,511,463,466,413,409,388,398,352,355,335,296,309,273,235,244,211,223,228,202,156,182,136,133,133,127,104,98,87,68,51,62,47,44,29,36,22,23,11,12,11,15,8,4,4,1,1,3,3,0,2,0,0,0,0,0,0,0,0,0,0,0,0,0,0,0,0,0,0,0,0,0
12.75,0,0,0,0,0,0,0,0,0,0,0,1,0,0,0,0,0,0,1,0,0,0,0,0,0,1,0,0,1,0,1,2,1,1,1,2,2,2,3,0,0,0,2,1,3,1,4,4,4,2,2,0,2,1,6,1,3,2,2,2,1,3,5,0,5,4,5,3,3,4,3,3,1,9,3,5,6,6,5,6,7,8,8,14,15,17,10,15,14,20,13,16,9,17,25,18,32,31,26,34,39,44,41,36,52,36,55,42,59,65,43,60,77,61,64,74,83,79,67,88,87,104,89,107,128,129,124,124,115,135,152,159,159,165,204,177,193,176,186,224,227,263,240,253,284,287,269,296,284,321,298,360,310,346,353,331,392,375,418,367,425,394,420,427,471,485,443,475,471,452,468,515,499,508,504,510,521,559,569,588,564,559,591,603,680,629,620,660,635,651,656,689,696,693,697,700,721,689,679,716,735,713,730,708,729,685,733,716,780,693,684,685,702,711,668,683,688,681,632,667,623,566,593,587,576,599,580,547,518,507,426,488,448,433,442,365,372,372,336,299,315,280,258,251,235,203,221,236,165,168,171,133,124,135,114,100,92,84,54,62,42,38,31,33,26,26,10,13,11,10,4,7,4,6,1,3,0,2,1,0,1,0,0,0,0,0,0,0,0,0,0,0,0,0,0,0,0,0,0,0
12.85,0,0,0,0,0,0,0,0,1,0,1,1,0,0,0,0,1,0,1,0,0,0,0,0,1,1,1,1,1,0,1,0,0,0,0,1,0,3,0,2,2,3,2,3,2,1,2,3,1,2,5,4,2,1,2,1,6,5,3,3,3,6,2,4,0,4,4,5,2,6,2,8,9,5,3,5,3,9,6,7,13,8,12,12,13,15,9,12,19,12,24,16,15,22,26,28,27,41,34,37,29,27,39,38,41,53,40,38,53,59,60,50,60,59,79,85,67,90,89,92,73,81,96,88,111,142,128,124,119,172,172,145,164,163,192,196,220,192,250,216,218,238,281,258,239,296,317,326,319,327,336,373,366,386,380,358,398,439,406,441,399,437,448,428,455,462,466,501,436,514,501,464,546,489,530,544,589,604,603,573,625,576,591,599,621,672,678,676,631,596,634,715,692,693,729,662,723,761,705,739,712,716,743,727,719,723,709,713,760,739,742,726,692,660,715,721,657,660,710,653,674,612,641,585,556,571,522,535,527,550,510,498,451,438,406,427,391,378,375,325,299,302,266,238,227,223,209,203,201,162,169,148,140,127,115,118,89,102,59,69,46,27,35,31,24,26,14,15,15,16,5,8,6,4,4,2,1,0,1,0,1,1,0,0,0,0,0,0,0,0,0,0,0,0,0,0,0,0,0,0
12.95,1,0,1,1,0,0,0,0,0,0,0,1,0,0,0,0,0,0,0,0,0,0,0,0,0,0,0,0,2,0,3,1,0,0,0,1,1,1,2,1,0,3,2,1,2,4,3,4,4,0,2,2,1,4,2,1,2,4,3,4,0,4,2,0,6,5,4,4,4,4,8,6,4,3,2,7,11,7,6,4,13,10,8,12,11,17,12,13,13,12,11,21,18,23,18,26,19,27,25,25,31,20,35,38,50,47,44,47,63,63,66,65,70,79,64,97,90,76,90,106,114,102,109,112,107,125,133,138,153,155,161,163,179,166,197,231,255,219,220,222,257,263,239,280,292,307,300,328,347,293,321,347,372,336,386,353,377,415,384,405,454,433,460,444,503,474,485,502,529,517,478,533,501,529,551,597,589,603,573,589,655,580,631,621,609,657,682,665,703,685,709,679,756,746,770,709,747,753,740,775,756,769,697,753,703,726,770,728,740,762,696,695,738,722,721,702,680,684,674,674,699,628,640,642,593,606,526,544,525,527,479,516,491,471,404,425,404,379,340,379,321,276,297,289,242,222,217,207,202,188,173,138,147,126,112,129,91,84,82,66,50,42,40,29,32,23,14,20,20,14,12,7,5,5,2,4,2,0,0,0,0,1,0,0,0,0,0,0,0,0,0,0,0,0,0,0,0,0,0,0
13.05,0,0,0,0,0,0,0,0,0,0,0,0,1,0,0,0,1,0,1,1,0,1,0,1,0,1,1,0,0,1,0,0,1,0,1,0,0,0,1,3,0,4,2,0,1,2,2,3,1,2,1,0,1,2,1,2,2,7,3,2,3,5,0,6,5,2,3,1,2,6,6,3,4,2,4,5,5,8,10,3,8,10,9,12,11,18,15,12,10,13,17,26,20,29,30,22,26,28,39,44,40,42,41,40,33,42,48,44,49,65,55,54,60,60,84,91,88,85,87,81,99,107,108,117,103,133,151,125,140,157,161,148,177,184,177,200,213,218,236,253,267,274,252,289,320,299,302,313,310,356,371,356,325,382,416,358,385,385,413,397,422,452,473,458,498,513,447,460,513,534,510,497,538,555,546,608,563,564,593,593,603,625,663,691,636,703,683,672,661,708,729,720,714,767,745,733,753,765,724,750,775,744,809,781,781,748,757,786,768,795,712,684,729,731,770,694,726,714,641,680,645,651,683,613,634,588,579,536,524,545,513,479,509,476,446,443,397,377,347,359,319,347,306,287,270,251,196,215,207,190,195,143,136,140,130,117,97,85,87,67,56,44,30,31,29,29,18,15,17,22,14,8,5,4,3,1,2,0,0,0,0,1,0,0,0,0,0,0,0,0,0,0,0,0,0,0,0,0,0,0
13.15,0,0,0,1,1,0,0,0,0,0,0,1,0,0,0,0,0,0,0,0,2,0,3,0,1,2,0,1,1,2,0,0,0,0,0,0,1,1,1,1,0,4,3,3,1,1,3,1,2,4,0,3,2,1,1,2,3,5,6,1,3,2,1,3,6,1,3,7,4,3,6,1,4,9,4,7,6,9,2,9,3,9,7,13,17,10,14,21,18,18,23,24,28,19,27,23,32,25,33,29,26,32,38,44,56,46,51,50,58,56,67,59,65,76,82,77,83,101,94,92,99,98,136,121,127,134,155,135,155,169,157,164,188,174,198,220,226,227,270,242,256,284,283,271,293,321,314,346,349,333,360,334,396,346,373,409,414,397,426,420,413,445,458,459,482,504,480,528,478,552,526,559,551,594,569,572,620,587,649,602,661,635,684,641,660,661,698,748,751,702,669,758,745,749,731,717,764,800,794,754,739,786,774,792,807,724,773,784,747,804,751,744,736,769,772,783,727,745,684,681,654,649,635,616,641,605,607,627,530,513,490,540,441,444,458,465,445,388,341,390,328,327,314,293,274,263,234,205,211,206,175,174,139,136,120,117,94,99,91,60,60,49,37,36,33,27,16,12,22,17,12,10,3,9,2,0,0,0,0,1,0,1,0,0,0,0,0,0,0,0,0,0,0,0,0,0,0,0,0,0
13.25,0,0,0,0,0,0,0,0,0,0,1,0,0,0,0,0,0,0,0,0,0,0,0,0,3,0,0,0,0,0,1,0,1,3,0,0,1,1,0,0,1,1,2,3,1,3,3,4,1,2,3,4,5,2,1,2,2,2,0,5,3,3,2,3,4,4,5,4,5,5,3,3,4,8,3,10,7,4,9,4,6,6,14,10,13,17,11,12,11,14,17,20,17,15,23,32,25,28,29,33,37,33,46,30,41,49,50,58,56,67,72,59,83,73,89,73,90,92,84,86,123,102,126,125,131,143,129,139,150,170,174,186,190,193,170,251,232,221,247,234,258,271,297,272,301,325,353,327,349,344,340,368,393,396,412,381,426,406,423,448,443,456,480,467,523,521,515,518,503,540,603,549,565,566,592,626,638,628,605,635,611,641,681,678,652,668,719,698,705,718,702,746,783,753,689,734,781,771,770,814,823,792,849,823,824,811,805,777,783,760,836,758,793,776,703,718,712,751,734,729,708,671,619,647,612,609,637,596,579,535,517,502,454,492,440,422,468,411,397,335,359,335,330,279,287,266,249,217,216,202,155,175,149,112,126,124,111,77,82,71,65,52,40,42,34,29,21,13,16,18,9,7,5,6,4,2,0,1,1,1,0,1,0,0,0,0,0,0,0,0,0,0,0,0,0,0,0,0,0,0
13.35,0,0,0,0,0,0,0,0,0,0,0,0,1,0,1,0,2,0,2,0,0,1,0,1,0,0,0,0,1,0,2,1,0,1,1,2,0,2,1,1,2,0,2,2,2,2,3,1,3,2,10,2,5,0,3,2,3,2,2,2,4,4,3,6,4,1,2,2,4,6,4,5,6,5,6,4,7,6,14,6,8,16,12,11,9,9,16,20,15,17,16,18,24,38,28,19,24,25,32,26,36,41,43,38,55,43,49,56,54,64,70,68,75,81,84,107,84,98,67,116,113,128,118,121,145,134,153,133,171,155,161,172,184,202,218,204,242,214,250,220,285,275,289,278,314,328,297,347,356,334,337,392,351,350,417,431,441,405,443,428,479,478,488,498,492,504,515,555,544,546,554,587,574,612,593,614,609,669,664,626,646,653,670,704,684,663,725,707,706,783,759,707,781,767,766,783,738,767,766,820,776,769,806,736,786,840,783,879,792,843,832,806,798,722,755,741,719,750,727,698,694,690,704,666,627,626,589,597,573,625,512,536,527,468,450,427,419,449,417,391,355,339,284,280,285,291,225,231,222,201,172,174,156,126,121,113,116,96,73,78,66,57,33,46,36,22,21,13,17,12,11,8,6,3,5,1,3,0,1,1,0,1,0,0,0,0,0,0,0,0,0,0,0,0,0,0,0,0,0,0
13.45,0,0,0,0,0,0,0,1,0,1,0,0,0,0,0,0,0,0,0,2,0,2,0,1,1,0,0,1,0,1,1,2,0,4,2,2,2,2,0,0,3,0,3,2,1,3,3,2,1,1,1,5,2,2,6,3,4,3,3,1,2,1,7,2,0,7,1,6,5,1,3,5,4,7,3,8,5,9,3,11,6,13,11,13,17,10,17,20,11,11,19,15,23,18,21,21,35,32,18,48,40,46,50,42,45,52,50,65,65,56,58,64,69,68,90,88,86,84,103,92,115,108,131,153,145,130,140,143,158,197,180,190,205,211,209,218,245,255,259,295,289,314,303,311,315,304,321,356,339,355,385,362,418,380,423,426,438,418,483,453,478,433,505,515,457,504,501,525,544,534,506,555,563,584,638,624,588,618,615,611,627,698,728,661,632,698,739,773,676,777,716,833,789,784,815,832,799,816,803,858,838,830,826,807,808,807,869,810,790,763,772,809,865,792,789,781,735,809,705,679,713,688,658,683,645,664,636,575,612,576,556,540,528,467,505,440,404,408,424,392,379,380,294,286,272,279,254,235,226,200,183,176,158,156,118,111,102,99,92,77,60,57,34,40,32,21,20,16,17,12,9,9,6,5,6,0,1,2,1,1,0,1,0,0,0,0,0,0,0,0,0,0,0,0,0,0,0,0,0,0
13.55,0,0,0,0,0,1,0,0,0,0,0,0,1,0,0,0,0,0,0,0,0,3,0,0,1,0,0,1,1,0,0,1,0,1,2,1,2,4,2,0,2,2,3,1,1,2,3,4,1,2,1,3,3,6,5,1,3,1,4,4,1,2,3,2,0,4,0,6,3,2,7,6,4,5,6,4,5,7,5,8,11,9,14,11,19,12,11,24,20,19,15,23,23,23,27,20,32,35,34,35,31,31,52,46,47,50,53,53,53,54,64,59,71,76,79,72,85,97,105,103,108,111,98,156,129,133,146,146,170,134,165,174,187,178,194,229,222,241,240,269,256,267,299,303,326,347,314,348,333,367,371,363,378,404,407,390,422,462,420,458,473,492,496,502,436,520,547,549,545,547,566,577,582,593,582,627,628,654,640,628,698,621,655,682,714,711,733,682,737,747,706,742,781,817,837,798,797,809,776,832,813,815,834,897,844,843,827,811,839,875,815,843,810,741,778,825,773,811,789,721,804,683,676,660,656,648,642,712,604,554,578,552,504,481,469,487,413,425,410,443,363,338,364,253,275,278,263,259,221,210,186,164,160,154,138,109,122,97,72,86,67,64,47,44,24,28,18,18,17,10,12,12,4,6,6,2,1,1,2,1,0,1,0,0,0,0,0,0,0,0,0,0,0,0,0,0,0,0,0,0
13.65,0,0,0,0,0,0,0,1,0,0,0,0,0,0,1,1,0,0,0,0,0,0,0,3,0,1,0,0,0,1,1,2,1,2,0,0,1,0,3,1,1,1,2,6,5,0,2,0,1,4,4,5,5,4,1,4,3,2,3,4,1,3,6,2,3,5,5,6,3,5,5,8,6,5,7,11,10,9,8,16,9,7,11,7,17,11,9,14,17,24,12,23,20,32,24,29,35,31,38,37,38,37,40,47,44,50,60,59,58,62,75,65,85,73,84,111,69,113,107,111,137,114,123,133,145,138,152,164,156,176,181,182,202,198,192,207,222,220,274,259,263,284,325,272,338,345,318,328,342,385,395,377,397,424,430,422,440,438,470,454,447,495,496,530,511,526,542,528,564,590,617,624,616,630,612,669,633,632,680,685,675,681,647,712,723,747,739,773,769,755,775,753,807,771,791,774,795,812,812,809,835,862,804,854,846,885,829,836,864,848,841,801,795,817,814,822,796,744,783,770,758,685,734,742,683,653,656,627,652,633,574,546,541,549,491,450,469,420,432,382,400,316,346,332,277,293,244,242,237,219,195,164,148,143,138,117,121,113,85,85,73,65,47,41,37,19,24,18,12,14,7,11,3,8,4,3,1,1,2,1,0,1,0,0,0,0,0,0,0,0,0,0,0,0,0,0,0,0,0,0
13.75,0,0,0,0,1,0,0,0,0,0,0,0,0,1,1,2,0,0,0,1,1,0,1,1,0,0,0,2,1,2,1,2,0,1,1,2,3,1,0,2,1,2,1,1,1,2,2,2,4,2,4,2,5,6,3,2,3,2,6,5,3,4,5,3,10,2,7,8,6,6,3,6,5,6,5,7,6,9,7,8,10,12,13,12,17,16,18,21,17,17,22,24,17,19,27,33,33,39,42,30,36,39,40,44,51,54,60,65,70,63,65,73,78,64,92,103,88,90,109,95,103,115,128,132,165,141,170,181,164,173,189,204,218,230,239,230,270,262,305,286,249,294,327,335,315,340,360,379,399,370,387,397,438,403,425,435,446,424,480,503,503,483,512,521,515,565,593,554,532,579,564,595,589,596,571,669,668,645,656,692,673,688,724,703,750,753,759,739,791,802,729,824,841,812,850,867,795,816,842,819,843,808,832,815,815,847,783,848,814,857,860,843,858,855,815,811,806,776,844,767,791,753,750,740,677,666,688,665,622,664,591,567,510,560,521,492,436,483,408,429,375,370,325,333,306,283,245,238,254,223,206,192,141,137,133,126,132,117,78,100,74,67,40,43,35,25,21,14,13,11,11,10,6,7,5,4,1,0,1,1,1,1,0,0,0,0,0,0,0,0,0,0,0,0,0,0,0,0,0,0
13.85,1,0,0,0,1,0,0,0,0,0,0,0,0,0,0,0,1,0,0,0,0,1,2,0,0,0,1,2,4,1,1,1,2,1,1,1,0,2,0,3,5,2,3,0,3,3,4,4,3,8,5,0,5,3,6,2,1,1,3,0,3,6,1,5,1,2,4,6,5,3,4,7,5,7,5,11,5,9,4,11,8,8,16,18,19,13,15,21,25,14,25,22,29,39,21,31,21,36,43,37,38,55,63,51,67,50,43,58,50,69,79,82,74,89,84,107,106,120,92,111,144,132,133,120,124,154,153,179,188,181,189,213,228,243,271,243,263,274,287,298,287,268,327,343,345,346,344,384,375,380,398,409,373,409,411,458,441,476,481,461,510,481,578,553,537,534,558,542,552,583,647,685,637,617,621,643,661,635,639,661,641,671,760,745,772,758,775,834,810,816,741,828,803,827,868,826,855,813,833,855,825,883,867,817,880,896,860,883,863,870,877,839,827,797,834,836,860,822,770,778,756,772,833,727,752,705,625,676,616,626,633,603,563,535,506,503,484,432,464,410,399,361,329,339,317,283,272,265,242,235,216,197,171,149,125,120,121,131,85,84,85,63,58,44,38,18,19,19,17,12,9,9,7,3,4,3,3,2,0,0,0,0,0,0,0,0,0,0,0,0,0,0,0,0,0,0,0,0,0,0
13.95,0,0,0,0,0,0,0,0,0,0,0,0,0,0,1,0,0,0,1,0,1,0,2,0,0,0,1,1,0,3,0,0,2,2,1,2,3,0,0,1,1,5,2,1,2,5,6,4,2,2,3,4,3,2,3,3,2,0,2,3,3,1,4,2,3,9,2,1,4,3,3,3,6,8,7,7,11,6,9,6,14,12,9,11,11,19,23,18,14,26,16,26,24,25,31,26,31,37,34,37,47,41,49,42,60,56,51,65,63,71,73,79,62,87,87,88,85,102,86,104,121,119,144,143,165,140,150,153,159,170,180,180,189,206,208,239,249,292,253,287,302,309,321,353,320,294,371,365,367,387,414,404,438,426,422,478,436,473,453,507,515,527,550,527,569,580,581,608,575,599,606,633,651,664,655,611,641,636,634,732,651,687,723,760,766,683,721,799,800,786,840,785,826,847,849,766,828,840,877,879,900,931,885,827,853,872,831,894,855,879,876,864,880,860,856,813,833,783,791,834,790,775,753,716,806,712,699,670,631,593,603,611,599,555,521,493,517,449,458,418,402,412,332,350,301,315,288,254,239,259,223,192,181,154,145,114,116,131,81,80,97,66,64,55,41,20,29,16,17,12,10,9,6,3,5,3,2,0,3,0,0,0,0,0,0,0,0,0,0,0,0,0,0,0,0,0,0,0,0,0
14.05,0,0,0,0,0,0,1,0,1,0,0,0,0,0,0,1,1,0,1,1,1,1,0,0,1,1,0,1,0,1,0,1,0,1,1,1,3,3,1,2,1,3,2,5,5,0,1,5,2,0,0,5,1,4,4,3,2,4,5,8,6,4,3,4,3,8,5,6,3,4,4,3,4,2,5,4,12,9,11,4,6,14,11,11,25,17,18,18,20,21,24,27,25,23,32,26,29,29,40,37,41,47,56,61,44,55,57,72,71,66,83,80,88,94,104,83,105,116,118,123,144,123,153,139,156,142,155,183,170,176,192,204,234,201,239,261,254,238,280,312,302,312,335,313,303,332,368,370,354,367,407,415,446,442,413,445,468,459,488,514,512,518,534,563,583,564,571,575,580,616,604,667,628,660,638,642,663,679,698,759,734,711,738,736,743,806,766,772,848,803,817,842,808,820,829,863,862,848,950,897,818,918,856,815,938,865,884,861,961,870,852,892,920,863,849,841,813,838,839,821,799,784,765,774,729,722,717,667,701,602,636,574,567,568,559,512,519,451,451,437,383,412,374,357,332,326,290,271,242,268,197,201,206,165,144,126,112,125,97,86,95,76,65,54,34,31,34,19,17,9,11,8,5,2,5,2,2,1,4,1,0,0,0,0,0,0,0,0,0,0,0,0,0,0,0,0,0,0,0,0
14.15,0,0,0,1,0,0,1,0,0,0,0,1,0,0,0,0,1,1,0,0,1,0,0,2,0,0,2,0,0,1,1,0,2,1,2,0,2,0,4,3,2,2,0,0,4,1,3,4,4,3,2,3,0,4,1,3,1,1,2,2,4,3,3,3,2,2,5,4,7,4,2,3,6,7,8,8,12,11,9,12,16,5,17,12,20,8,23,11,21,16,15,16,29,43,29,24,32,47,44,47,51,46,40,48,60,62,60,73,79,73,98,75,74,73,104,118,95,110,111,103,133,144,146,145,155,160,151,169,189,200,211,204,212,217,255,232,296,248,294,298,329,334,299,370,362,376,378,379,428,391,431,446,404,457,475,444,460,500,495,500,522,545,523,596,533,576,573,602,601,600,630,643,659,626,716,698,717,706,705,749,707,776,688,752,780,764,791,771,826,794,843,826,882,872,816,843,836,859,863,897,865,883,880,851,894,900,891,857,929,892,861,922,927,907,884,871,815,859,853,771,810,755,775,759,782,735,723,704,688,721,607,627,562,592,545,505,487,540,478,459,377,409,414,358,321,323,294,282,254,262,223,214,209,161,142,125,114,106,118,84,83,78,58,49,49,34,33,24,15,12,14,12,6,2,6,3,2,1,1,1,0,0,0,0,0,0,0,0,0,0,0,0,0,0,0,0,0,0,0,0
14.25,0,0,0,0,0,0,1,0,0,0,0,0,0,0,0,0,1,0,1,0,1,0,1,0,1,1,0,0,0,0,0,2,2,1,0,1,1,0,3,0,1,2,1,4,1,3,1,2,1,0,2,2,6,2,3,3,3,3,2,2,2,6,5,3,2,4,3,5,6,4,7,4,14,5,7,8,7,6,15,15,14,11,11,18,7,18,25,21,29,26,32,25,34,29,40,43,38,31,45,38,49,56,53,50,66,45,65,64,91,74,69,78,83,83,92,100,105,104,124,124,139,120,160,144,162,160,173,187,166,206,207,221,205,230,233,254,234,284,266,278,309,351,325,382,355,394,367,407,462,429,417,398,414,408,457,429,491,523,503,482,495,517,575,586,591,548,580,639,633,658,601,658,588,687,648,664,727,644,718,780,719,745,772,749,772,731,771,837,757,837,831,861,855,870,878,863,918,877,901,802,880,869,927,889,908,841,848,904,936,923,829,898,903,898,881,888,862,892,826,844,819,795,809,731,756,783,725,720,700,703,711,604,605,603,567,527,485,467,492,498,451,370,410,378,345,282,316,260,268,234,252,194,200,167,148,147,119,120,109,84,77,71,51,53,48,33,40,26,20,12,9,10,7,3,6,2,3,2,1,1,0,0,0,0,0,0,0,0,0,0,0,0,0,0,0,0,0,0,0,0
14.35,1,0,1,1,0,0,0,0,0,1,0,1,0,0,0,0,0,1,0,0,2,2,0,0,0,0,1,1,0,2,2,0,3,1,1,2,0,2,1,1,3,2,3,4,3,2,2,7,7,3,2,6,3,1,3,8,5,2,4,4,1,1,4,6,4,3,4,4,7,6,10,6,11,8,4,8,9,10,6,15,14,14,12,9,11,15,23,26,21,22,32,28,20,28,34,35,33,41,49,48,41,41,48,48,62,60,60,75,56,68,86,92,87,85,90,108,104,129,126,118,106,136,139,141,184,187,154,202,189,190,213,212,235,264,241,269,275,258,295,277,308,323,347,337,346,366,369,370,417,405,437,433,424,420,435,483,517,464,543,551,515,541,547,562,637,580,632,626,619,666,646,646,650,664,694,679,741,728,771,743,753,724,775,793,767,811,826,780,804,792,855,870,856,826,870,880,884,865,897,936,870,932,955,926,887,887,923,892,921,933,876,884,916,871,856,854,930,893,887,814,851,828,823,754,791,708,783,747,748,672,700,686,630,594,594,548,538,505,463,452,430,446,373,398,371,298,291,295,248,252,214,231,173,180,151,159,113,110,110,87,90,66,54,53,53,30,43,29,17,13,9,9,5,6,5,3,4,3,1,1,0,0,0,0,0,0,0,0,0,0,0,0,0,0,0,0,0,0,0,0
14.45,0,0,0,0,0,2,0,0,1,0,0,1,0,0,0,0,0,0,2,0,3,1,0,0,0,0,2,1,1,2,1,2,2,0,1,1,1,0,1,1,7,2,3,2,1,2,7,2,5,5,3,2,5,1,2,2,4,2,5,2,4,5,3,3,4,5,3,7,3,7,4,9,9,5,9,5,6,11,5,5,18,14,18,13,10,26,19,21,19,35,18,21,36,36,33,34,32,36,41,40,36,42,43,46,49,63,54,48,70,88,74,80,90,96,96,104,107,111,114,131,141,142,138,156,169,177,160,180,197,214,213,215,245,207,250,250,281,304,271,320,295,333,328,338,404,348,385,431,374,443,432,417,411,484,520,437,515,539,490,526,539,557,555,543,589,617,606,598,647,660,610,644,663,693,664,691,702,702,716,752,719,735,766,834,782,778,820,838,850,857,878,909,830,835,873,851,924,781,866,975,852,934,871,969,882,960,940,885,902,871,935,892,915,969,923,901,880,797,863,877,902,821,845,815,759,772,715,778,728,727,680,683,665,607,542,622,558,515,476,490,463,425,417,372,348,329,295,292,271,256,222,206,194,182,154,149,134,108,99,96,93,67,69,49,56,38,33,33,22,6,14,9,7,8,6,1,6,0,1,1,0,1,0,0,0,0,0,0,0,0,0,0,0,0,0,0,0,0,0,0
14.55,0,0,0,0,1,1,0,0,1,0,0,0,0,0,0,2,0,0,0,0,0,0,0,1,0,1,1,0,0,0,1,2,1,1,2,1,0,1,0,0,1,3,4,2,1,2,8,2,2,1,3,4,8,3,1,1,6,2,3,2,3,4,1,2,4,6,7,5,4,4,4,8,3,0,10,8,13,11,6,8,13,16,11,9,16,14,26,21,28,19,30,29,20,40,31,31,51,40,42,41,37,47,44,45,67,56,60,78,69,72,57,71,87,101,105,114,122,114,117,143,149,131,140,152,171,159,200,179,197,202,208,223,261,276,246,258,274,291,313,295,362,353,373,331,390,409,364,406,441,448,456,442,461,467,522,498,541,533,505,529,559,569,551,558,629,611,598,664,655,650,609,651,674,710,708,742,746,769,751,741,804,793,760,777,800,797,863,812,811,859,831,853,898,885,923,894,899,914,910,939,900,891,951,896,864,944,902,910,951,899,940,905,904,922,888,890,942,902,856,810,870,837,835,830,813,775,714,751,685,749,682,674,687,635,604,538,575,557,515,484,443,453,406,414,368,358,305,281,270,252,242,211,225,164,148,137,131,135,90,106,81,66,71,69,48,47,29,31,24,9,12,9,11,5,5,2,6,2,0,1,1,0,1,0,0,0,0,0,0,0,0,0,0,0,0,0,0,0,0,0
14.65,0,0,0,1,0,0,0,1,0,0,0,1,1,0,0,0,0,0,0,1,2,0,0,1,2,0,0,2,1,1,2,0,2,4,1,2,3,2,2,0,1,0,2,4,3,6,2,3,2,1,4,2,3,4,4,4,3,1,1,0,8,5,3,5,11,4,4,2,2,3,6,7,10,12,9,4,7,8,10,10,8,21,13,12,23,24,16,15,22,28,29,26,32,25,21,29,25,30,31,38,44,48,49,62,55,45,72,74,78,72,80,87,99,108,100,97,122,113,152,149,145,133,134,149,146,183,178,187,199,205,203,227,223,214,265,277,276,283,305,329,306,342,375,341,364,377,344,415,399,416,427,444,477,497,508,496,497,523,536,578,519,560,556,603,552,636,616,629,654,645,642,651,638,697,695,693,716,783,741,762,737,783,791,786,778,804,798,831,833,841,875,828,863,911,933,919,941,937,924,895,917,941,935,918,935,935,930,951,912,951,927,965,921,915,895,890,931,898,853,929,786,823,838,879,815,790,738,735,718,704,719,661,645,652,640,604,539,576,501,519,455,450,417,369,402,372,322,281,279,249,250,212,214,176,171,136,127,121,94,97,87,66,62,81,54,50,27,29,25,13,16,6,12,4,4,3,6,3,1,0,2,0,0,0,0,0,0,0,0,0,0,0,0,0,0,0,0,0,0,0
14.75,0,0,0,0,0,0,0,0,1,0,0,0,0,1,1,0,1,0,0,1,0,2,3,1,1,1,1,0,0,2,1,1,1,1,4,1,1,1,1,2,3,3,2,2,4,2,0,2,4,2,2,6,5,5,5,3,2,2,2,7,4,4,9,4,4,2,4,9,6,4,3,5,6,7,11,9,5,6,15,9,14,16,14,11,15,20,17,20,19,23,21,25,25,30,39,33,36,38,32,48,51,43,32,39,52,73,54,63,73,75,94,71,95,93,96,110,122,107,116,141,152,141,131,181,168,168,206,199,177,215,225,214,239,222,257,252,310,299,300,333,309,346,354,387,369,412,410,430,426,453,460,436,494,447,457,512,519,553,546,571,591,524,580,584,594,596,666,679,608,639,675,699,742,733,709,701,749,766,747,768,732,793,750,790,801,859,836,864,849,839,885,947,913,912,922,940,898,916,908,946,989,932,973,944,964,983,916,911,964,950,964,932,956,970,893,920,867,883,940,885,874,866,812,829,780,822,784,777,687,758,709,710,669,664,628,580,579,534,547,507,479,411,429,415,382,392,356,298,259,256,257,217,210,188,174,123,131,124,111,97,96,71,58,78,50,39,26,29,24,18,10,10,11,5,4,2,6,5,1,0,2,0,0,0,0,0,0,0,0,0,0,0,0,0,0,0,0,0,0,0
14.85,0,0,0,1,2,0,0,0,0,0,1,0,0,0,1,0,0,0,2,2,1,0,1,0,1,0,2,0,0,0,1,1,1,1,0,1,2,0,1,0,2,4,1,3,3,4,3,3,5,3,1,7,8,0,1,2,4,0,4,4,5,6,7,6,7,4,7,6,1,7,6,7,3,8,10,16,4,9,13,13,16,14,12,14,12,15,15,24,26,36,25,28,24,25,32,37,39,26,51,53,55,47,56,59,67,53,78,87,82,76,82,89,86,122,106,97,111,122,117,127,127,150,140,153,174,205,181,176,196,216,212,235,223,260,274,264,296,259,298,321,346,358,382,364,392,401,414,417,396,427,464,474,488,489,520,501,526,556,540,518,552,580,610,629,592,614,664,662,657,705,663,718,734,763,726,694,757,772,769,784,798,798,865,843,810,839,839,864,828,872,912,886,941,907,922,936,959,932,942,959,1014,944,904,936,1023,1000,990,940,1005,979,956,976,902,985,966,939,916,894,911,910,914,976,843,822,775,763,776,797,775,725,744,692,657,655,648,625,561,539,531,543,496,429,407,402,404,365,374,325,284,243,238,246,205,175,197,130,141,131,102,89,91,64,72,55,58,34,27,26,25,19,18,7,10,5,2,2,7,4,0,0,3,0,0,0,0,0,0,0,0,0,0,0,0,0,0,0,0,0,0,0
14.95,0,1,0,1,1,1,1,1,0,0,0,0,0,2,0,0,0,2,0,0,0,2,0,0,0,0,1,1,0,2,1,0,1,1,3,1,3,2,0,0,3,1,2,0,1,3,4,1,4,2,6,3,1,6,4,9,2,5,5,3,5,4,7,4,6,4,4,4,1,10,5,9,9,6,2,8,5,8,11,7,14,16,14,17,18,21,28,34,23,22,21,24,26,37,44,32,44,37,37,51,67,52,47,80,52,62,63,69,60,61,83,83,90,94,107,105,105,111,130,147,145,156,139,138,172,184,199,181,210,225,241,240,265,236,285,280,283,299,304,308,354,344,373,370,429,371,431,461,433,457,414,458,482,518,497,522,540,551,509,548,580,586,641,590,612,666,668,642,646,647,638,659,668,714,740,764,772,721,782,760,788,774,806,832,862,827,873,914,898,882,906,891,874,896,897,1016,946,948,977,966,953,917,990,946,990,986,1007,1009,941,1045,981,931,953,947,971,958,924,898,910,948,879,865,910,905,809,838,754,789,786,722,684,715,695,637,661,597,593,566,501,530,549,483,420,388,384,367,355,337,294,278,247,250,211,176,199,142,120,120,133,95,87,71,63,57,60,29,41,21,27,18,16,10,8,7,2,2,8,3,0,0,1,0,0,1,0,0,0,0,0,0,0,0,0,0,0,0,0,0,0,0
15.05,0,0,0,0,0,0,0,1,0,1,0,0,0,0,0,0,2,0,1,1,0,0,1,0,0,0,0,1,6,2,2,1,1,1,1,2,5,0,0,1,0,2,5,0,2,3,2,4,2,2,3,6,2,2,3,3,0,2,5,2,6,3,4,3,4,3,2,4,11,6,9,6,9,5,2,13,10,12,3,14,17,11,17,19,19,17,18,28,25,19,22,27,40,28,33,25,29,33,52,41,43,48,53,59,43,52,68,78,85,93,88,107,73,102,91,117,106,117,133,163,160,136,160,161,179,179,206,183,239,217,210,218,245,254,253,260,294,287,345,309,329,335,370,362,346,352,424,440,434,481,453,461,468,468,502,494,542,554,551,563,616,564,628,620,649,633,621,677,682,611,682,663,709,702,764,721,756,751,815,752,826,834,756,807,892,888,888,916,832,894,858,913,961,942,904,926,924,951,983,977,961,961,978,954,972,961,973,981,1020,925,1030,978,1009,1036,971,944,957,959,952,917,860,884,817,860,862,813,797,769,788,798,740,695,714,663,636,611,631,573,556,497,526,497,471,409,384,393,365,351,295,269,245,253,239,177,197,165,130,109,128,118,85,77,70,56,55,39,39,17,20,21,19,11,9,6,2,1,7,3,1,0,1,0,0,1,0,0,0,0,0,0,0,0,0,0,0,0,0,0,0,0
15.15,0,0,0,1,1,0,0,0,0,0,0,0,0,1,0,0,0,1,1,1,1,0,1,1,2,2,1,1,1,1,2,2,2,2,0,0,0,0,3,0,1,4,3,1,3,3,6,4,3,5,1,5,3,4,3,6,3,6,2,2,3,5,4,8,2,6,6,3,7,7,6,1,8,8,9,13,9,5,13,10,25,17,18,14,18,21,24,20,21,36,30,33,41,35,42,34,27,52,51,57,38,53,53,47,51,81,77,71,67,73,79,113,93,88,110,106,97,119,114,129,140,163,162,165,171,186,193,176,199,223,233,255,239,281,259,287,325,291,341,330,313,357,405,388,413,398,402,421,438,494,505,447,493,525,497,486,539,561,575,584,628,616,645,622,654,611,691,663,690,662,694,703,726,746,754,784,732,751,805,803,817,779,794,813,773,891,884,905,831,886,933,900,927,968,903,920,990,977,950,977,932,978,958,1029,974,971,1023,964,1017,975,978,982,989,1040,928,1020,952,987,961,906,941,895,879,872,816,832,858,752,787,783,760,756,708,673,678,645,594,575,587,530,482,500,503,425,363,380,382,336,321,269,283,229,225,196,186,184,148,105,113,115,107,80,61,57,60,50,36,25,17,18,15,8,11,9,6,2,5,3,1,0,1,0,0,1,0,0,0,0,0,0,0,0,0,0,0,0,0,0,0,0
15.25,0,0,0,1,0,1,0,0,0,0,0,0,1,1,1,0,1,2,0,1,1,1,1,1,1,0,0,1,1,1,0,1,1,1,1,2,2,2,3,4,1,5,2,2,4,4,4,3,9,2,2,0,6,5,4,2,1,2,5,2,3,7,3,0,7,3,7,9,7,7,10,3,8,7,7,9,5,11,12,11,12,15,15,11,11,18,19,28,20,26,28,35,24,29,27,24,31,32,31,41,47,45,61,56,81,61,72,88,73,89,97,97,114,95,94,111,114,130,126,144,153,155,142,186,159,190,186,231,197,214,225,196,232,262,242,287,325,330,305,327,334,395,391,395,411,428,426,415,460,471,484,481,471,539,561,534,566,526,590,603,553,585,605,642,649,604,640,661,757,664,723,734,710,720,738,768,748,759,794,812,795,832,835,874,804,842,869,901,848,952,888,897,899,929,957,939,926,927,982,934,960,965,1013,1012,1024,973,1043,1007,980,992,983,1059,971,966,983,991,964,937,1009,927,943,955,916,842,886,810,815,824,797,760,747,771,737,671,665,624,611,609,561,505,526,482,476,461,411,388,396,310,343,265,262,227,238,217,177,172,159,121,121,118,104,74,59,56,62,52,33,27,12,26,14,11,13,8,5,3,5,2,1,0,1,0,0,1,0,0,0,0,0,0,0,0,0,0,0,0,0,0,0,0
15.35,0,0,0,0,0,0,1,0,0,0,0,0,0,0,1,0,0,1,0,0,1,1,1,2,1,0,2,1,2,0,1,0,2,0,1,0,1,4,1,1,6,1,3,3,3,2,2,3,3,5,4,5,4,6,9,4,1,1,4,4,4,6,6,5,6,8,6,7,4,7,5,7,5,6,4,8,9,10,6,10,17,9,18,20,12,27,27,23,25,27,38,36,28,33,33,44,42,28,44,51,63,47,48,66,58,54,78,69,87,107,92,110,88,101,117,100,132,123,140,140,147,153,135,190,203,195,202,214,240,214,241,257,237,263,281,290,270,287,346,348,352,389,352,386,372,410,431,445,434,474,471,485,477,507,519,561,523,598,596,577,613,614,614,677,616,661,670,657,685,685,680,739,725,729,802,708,795,775,776,779,788,887,825,843,904,879,871,914,908,902,890,929,920,973,898,952,948,949,940,1033,966,1012,966,961,983,976,978,997,1013,1037,1018,944,1003,1042,1059,945,962,975,930,904,985,919,953,949,843,821,806,841,766,805,771,743,732,711,670,650,613,634,559,524,511,477,466,459,434,406,385,341,319,270,216,249,246,224,186,168,150,131,118,129,108,79,54,65,62,45,37,29,22,21,17,12,8,11,5,5,2,4,3,0,1,0,0,0,0,0,0,0,0,0,0,0,0,0,0,0,0,0,0,0
15.45,0,0,1,0,0,1,0,0,0,0,0,0,0,0,0,0,0,0,0,1,1,0,1,1,0,1,0,3,2,1,2,0,2,1,1,1,0,1,1,1,4,0,6,5,1,4,3,3,2,1,2,2,5,7,4,2,6,10,7,3,3,7,7,9,6,5,5,3,3,10,10,4,2,5,14,6,12,13,13,10,11,23,20,19,14,21,20,24,22,29,32,39,37,39,36,38,50,40,60,51,54,62,67,65,64,66,77,65,79,81,90,106,121,105,95,126,118,147,136,145,148,156,141,179,170,173,196,197,215,237,225,236,273,263,298,258,308,301,307,335,341,350,366,423,444,395,411,455,491,467,506,492,440,522,493,531,566,552,539,589,621,605,619,666,609,688,665,664,717,723,780,751,710,727,764,796,781,778,838,803,811,906,859,815,826,907,821,885,883,871,943,888,954,892,958,971,998,965,951,1013,975,986,1001,1024,915,1006,1031,993,995,978,970,1042,1053,1001,971,975,975,971,947,980,987,971,938,909,914,886,834,800,847,752,756,778,721,687,705,671,623,585,651,534,489,492,480,452,415,397,383,374,329,291,251,251,221,227,192,174,161,142,130,127,108,77,70,59,62,44,41,31,26,18,14,13,14,12,5,5,5,4,3,0,1,0,0,0,0,0,0,0,0,0,0,0,0,0,0,0,0,0,0,0
15.55,0,0,0,1,0,0,1,0,0,0,0,2,0,0,0,2,0,0,1,0,0,0,1,0,2,1,1,1,1,1,3,1,0,2,5,3,3,1,1,2,3,2,3,1,3,2,3,3,2,4,3,5,2,5,4,3,5,5,3,5,3,10,5,4,2,5,7,6,5,3,10,3,6,8,10,7,10,8,16,10,11,18,19,9,19,21,18,30,20,23,26,32,37,34,36,36,37,37,45,49,45,47,52,68,60,71,85,87,86,64,87,101,90,95,125,135,103,146,149,135,170,154,178,169,182,187,183,217,226,232,208,250,293,280,289,310,295,331,340,379,351,363,406,402,411,399,472,434,450,513,536,492,557,541,540,587,558,557,621,593,622,657,656,619,656,659,651,692,707,703,712,765,722,747,739,782,788,787,736,827,828,808,834,859,911,850,882,923,878,959,963,850,957,921,975,1000,986,965,960,986,964,992,985,1022,1010,1015,963,1031,1011,1002,1045,1020,1014,952,1045,1020,968,974,946,901,982,957,960,915,929,889,873,865,824,764,761,761,748,685,724,697,622,573,614,580,474,491,487,454,409,444,377,376,338,279,298,216,233,234,209,166,171,140,125,122,108,79,69,52,64,37,47,30,28,26,15,10,12,12,9,8,3,4,2,0,0,0,0,0,0,0,0,0,0,0,0,0,0,0,0,0,0,0,0,0
15.65,0,1,1,1,0,0,0,0,1,0,0,0,0,0,0,0,0,0,0,1,1,0,1,0,1,0,2,1,2,1,1,0,0,0,2,2,1,2,5,4,2,3,0,3,3,4,4,4,3,2,4,2,4,1,5,4,5,3,1,3,4,5,6,3,6,5,5,2,4,1,7,7,9,6,13,10,7,7,10,7,15,20,20,10,17,24,22,27,38,39,16,36,27,29,35,37,42,43,49,47,68,65,50,58,55,86,70,71,85,88,99,94,89,118,125,129,123,152,134,149,127,149,158,157,207,194,188,207,222,200,238,256,260,295,291,333,340,326,346,384,347,387,398,411,392,446,452,416,462,479,520,486,502,550,512,518,550,574,558,526,631,605,704,619,663,681,654,630,683,665,737,705,734,769,811,817,812,816,809,778,833,819,884,858,926,896,887,918,931,971,936,966,966,948,997,962,973,996,1051,1021,1025,1037,998,1026,1010,1017,1007,1018,1043,1025,1031,1002,1040,940,990,1022,988,1007,964,969,938,950,887,909,925,910,911,833,841,839,782,727,723,730,680,683,700,597,573,613,520,482,457,457,434,434,421,360,343,303,290,224,225,217,222,173,180,145,113,119,112,83,65,44,58,51,43,30,24,25,18,18,14,9,10,9,3,2,2,1,0,0,0,0,0,0,0,0,0,0,0,0,0,0,0,0,0,0,0,0
15.75,0,0,0,0,0,0,0,0,0,0,0,0,1,0,0,0,0,1,0,1,1,2,1,2,0,0,0,0,0,1,0,1,0,2,3,0,3,1,1,2,1,3,1,2,1,2,5,5,2,4,5,4,6,2,6,3,1,4,8,1,4,1,8,4,3,7,6,6,5,8,3,7,6,7,8,14,9,13,13,13,14,14,23,9,23,23,19,29,30,23,31,30,27,35,29,40,47,51,50,63,56,53,67,59,78,76,57,77,79,91,80,88,106,103,130,109,123,137,120,141,139,153,151,175,183,187,184,225,232,237,255,250,272,263,309,312,337,346,337,366,411,384,412,433,403,459,445,428,478,485,521,503,502,516,565,553,561,545,556,612,602,646,648,651,668,669,703,695,680,661,757,762,732,788,809,832,774,788,776,819,838,833,867,857,869,845,886,891,918,911,882,882,953,957,1010,1006,1038,1026,959,1033,987,1003,1031,1012,1074,1046,1046,1055,1007,1032,991,990,992,1028,1085,934,975,1032,1006,997,954,964,930,881,851,907,903,882,898,835,817,782,706,725,718,642,705,630,603,583,561,534,460,492,416,419,396,373,365,316,295,244,228,221,245,168,194,153,116,117,111,85,75,54,50,46,39,34,24,27,23,11,11,8,11,9,6,2,2,1,0,0,0,0,0,0,0,0,0,0,0,0,0,0,0,0,0,0,0,0
15.85,0,0,0,0,0,0,0,0,1,1,0,0,0,1,0,0,1,0,0,2,1,1,0,3,1,1,1,3,0,3,3,2,1,4,0,0,1,1,2,4,5,2,7,2,7,1,3,5,2,6,3,4,6,5,7,9,9,1,2,3,6,7,7,7,7,8,3,0,10,5,5,11,14,9,6,10,10,9,16,11,13,11,23,14,15,31,19,38,29,26,34,32,43,37,46,35,38,30,51,33,49,40,52,58,66,77,59,69,80,89,84,89,83,121,99,119,109,144,136,164,168,173,181,189,202,189,182,250,227,232,260,270,259,246,306,273,301,349,325,353,400,419,399,429,403,459,471,464,479,522,519,485,509,514,514,545,555,570,620,619,634,624,698,631,670,674,718,695,722,758,715,734,773,696,710,797,815,834,872,863,823,902,887,883,955,866,925,935,927,922,967,946,946,959,999,920,985,1041,1007,968,1026,1014,1037,1088,977,1000,999,1028,1057,1020,1047,1059,1016,1024,1003,1069,1012,944,965,998,990,954,949,943,904,809,875,911,854,871,826,825,753,736,701,639,658,662,623,585,584,536,474,451,468,396,404,393,360,333,274,275,227,209,229,195,185,166,118,123,120,81,71,69,53,45,39,36,24,28,24,9,12,7,10,9,4,4,2,1,0,0,0,0,0,0,0,0,0,0,0,0,0,0,0,0,0,0,0,0
15.95,0,0,0,1,0,0,0,0,0,0,1,0,1,1,1,1,1,0,1,1,0,1,2,0,1,4,1,1,0,1,0,3,0,3,0,3,1,3,1,2,3,3,3,1,2,4,6,3,8,6,4,1,3,3,3,7,4,6,3,3,2,5,7,4,1,2,5,6,2,7,5,6,14,8,13,9,16,12,12,15,13,16,24,18,19,21,24,25,24,30,36,25,32,47,39,39,44,47,51,61,58,51,60,71,81,61,84,72,86,98,88,113,120,114,125,121,111,122,150,154,164,170,170,183,179,171,227,216,210,212,221,263,266,288,297,298,311,309,331,370,389,410,398,446,442,453,455,501,469,485,502,523,519,590,531,520,573,597,574,590,589,646,668,643,664,732,724,725,729,758,782,757,761,744,773,756,791,763,835,815,842,874,831,884,901,864,944,939,958,948,971,950,966,973,931,992,961,958,981,1011,989,1063,963,1029,1016,1063,1056,1075,977,1060,1035,1037,1078,1035,1068,969,1026,1016,1019,956,1037,934,938,947,932,903,849,854,878,841,848,812,820,726,744,676,671,659,662,600,558,528,511,465,460,425,380,374,365,330,289,276,240,212,224,196,176,180,145,109,109,87,83,75,53,48,39,40,24,24,23,16,10,6,12,8,4,3,4,0,1,0,0,0,0,0,0,0,0,0,0,0,0,0,0,0,0,0,0,0
16.05,0,0,0,1,0,0,1,0,1,0,0,0,0,0,0,2,0,0,0,0,0,2,2,0,0,2,3,2,1,2,0,2,3,0,0,1,2,3,2,1,2,2,3,1,4,6,3,4,5,3,7,5,5,7,2,5,8,3,1,4,2,6,6,5,10,8,5,4,7,7,8,10,11,9,6,12,9,9,13,12,15,16,21,16,16,20,18,23,27,29,33,29,33,40,28,45,52,50,39,60,53,49,61,61,63,70,75,88,102,80,90,98,98,88,113,94,123,126,159,149,157,162,177,185,184,207,203,225,235,246,244,272,274,261,313,334,302,332,355,388,386,415,400,451,420,441,487,514,489,542,480,488,541,532,572,611,589,604,612,644,649,673,705,674,681,651,703,692,672,730,745,754,738,770,808,748,799,856,866,785,890,908,903,813,890,909,908,851,945,910,962,938,964,1013,996,990,1000,977,1027,1002,1027,1019,1032,1013,979,1041,1015,1054,1045,1034,1030,1063,1013,1070,1046,1043,1053,1036,973,1025,947,971,971,904,905,908,890,860,835,816,850,833,810,812,700,712,673,670,628,614,602,556,505,523,439,424,395,354,380,323,302,263,249,225,210,206,173,169,156,123,111,102,76,72,49,59,36,36,27,21,24,20,9,11,14,5,4,4,4,1,1,0,0,0,0,0,0,0,0,0,0,0,0,0,0,0,0,0,0,0
16.15,0,0,0,0,0,0,1,0,0,0,0,0,1,1,0,0,0,1,0,0,0,1,1,0,6,0,1,1,1,1,5,2,0,1,1,3,0,0,4,4,0,1,2,5,3,5,2,3,0,4,3,6,2,2,7,4,5,3,4,3,5,5,6,6,2,6,13,4,6,6,6,9,7,7,8,9,11,10,17,16,16,10,18,14,15,24,21,24,23,15,36,27,30,34,34,37,36,51,42,55,58,53,59,55,64,96,66,96,89,91,103,105,87,127,119,114,136,142,148,149,148,165,185,167,199,192,204,213,216,243,257,269,269,298,280,294,324,344,367,366,367,376,426,470,461,433,448,476,472,524,513,540,536,574,558,655,544,633,629,627,651,644,666,676,682,732,731,728,760,726,736,713,774,765,809,755,794,819,827,807,829,832,844,853,885,904,868,952,993,944,965,942,980,917,932,1035,939,1006,995,1040,1027,983,986,982,1085,1082,1105,999,1026,1079,1051,1048,1006,1064,1043,1044,967,1038,1034,975,1016,943,1009,951,907,860,903,829,848,861,827,822,812,829,725,714,667,687,654,604,587,535,507,494,450,451,407,372,374,330,315,288,228,242,229,186,179,167,170,124,113,99,67,82,49,54,41,40,33,17,22,20,9,8,8,7,6,4,5,1,1,0,0,0,0,0,0,0,0,0,0,0,0,0,0,0,0,0,0,0
16.25,0,0,0,0,0,0,0,1,0,0,1,0,0,1,1,1,2,1,0,0,0,0,0,1,0,2,0,2,1,1,1,0,2,1,1,1,1,0,2,1,4,0,4,2,5,1,4,4,7,7,2,2,1,7,9,5,9,4,5,3,3,8,9,4,5,6,4,13,6,8,1,9,5,10,15,12,13,12,12,13,10,25,27,15,12,28,33,31,15,24,28,38,41,42,37,49,41,54,67,56,71,60,80,81,76,69,97,76,96,78,94,100,111,119,126,121,113,140,142,141,156,179,200,177,207,180,207,218,236,237,278,245,291,300,288,322,364,348,328,370,396,395,383,405,415,443,426,519,493,475,529,514,535,519,569,636,567,560,569,632,684,659,656,729,773,672,719,714,673,721,760,776,779,810,773,839,788,837,830,876,871,855,921,901,864,897,914,886,939,962,963,939,963,959,944,973,1012,996,1006,1027,1048,1025,1063,1054,1022,1076,1064,1009,1019,1052,1003,1063,1010,1107,974,1053,1009,1005,1034,983,987,972,963,967,965,952,880,833,834,830,830,825,791,795,797,707,718,639,644,645,577,553,529,480,484,444,406,374,338,373,292,312,248,223,241,205,166,180,150,126,109,104,68,71,54,52,39,40,38,23,20,15,8,12,7,9,6,4,3,1,1,0,0,0,0,0,0,0,0,0,0,0,0,0,0,0,0,0,0,0
16.35,0,0,1,1,0,0,0,0,0,1,0,0,0,0,0,0,0,0,0,0,1,1,1,0,5,0,1,1,0,1,0,0,2,1,0,1,1,1,2,4,2,2,4,2,2,2,2,2,5,4,6,2,5,6,5,3,7,4,4,5,6,2,5,5,4,3,7,4,7,7,5,5,6,10,16,9,13,12,13,15,16,16,17,22,19,22,22,23,32,32,32,29,49,48,37,57,52,42,58,56,56,67,58,66,81,75,65,74,87,92,97,96,102,108,108,124,123,140,147,157,176,172,172,189,181,196,192,243,238,236,249,269,288,305,296,357,313,335,331,377,371,379,406,370,403,435,483,474,482,477,521,502,548,538,572,569,564,577,644,595,649,700,664,692,688,699,714,703,728,806,781,824,735,825,781,864,776,817,823,846,850,898,909,867,939,936,915,905,932,927,922,968,1035,955,1028,998,1022,1021,1003,990,1027,1044,1036,1032,1001,1048,1064,1061,1000,1062,1042,1031,1055,1037,1033,1007,962,1003,1008,976,1008,1001,959,957,1001,959,958,870,858,846,791,794,846,722,816,751,693,649,651,643,626,554,512,511,497,422,446,373,344,342,314,304,298,224,216,207,178,173,157,131,106,99,81,60,60,50,30,45,36,22,23,23,10,14,6,8,6,5,3,1,1,0,0,0,0,0,0,0,0,0,0,0,0,0,0,0,0,0,0,0
16.45,0,0,0,0,1,0,0,0,0,0,0,0,1,1,0,1,2,0,1,1,1,1,1,0,0,1,2,1,2,1,0,0,1,1,0,3,0,0,2,1,1,1,5,2,1,3,5,1,2,4,0,2,4,4,4,4,3,1,2,4,6,5,5,6,5,4,6,4,11,4,6,4,4,11,8,12,9,13,11,8,17,18,15,19,16,21,26,22,36,23,36,33,34,32,41,52,43,37,44,48,67,57,54,71,81,76,81,99,100,84,90,130,117,100,127,111,154,142,158,164,162,148,180,209,194,230,240,221,242,210,261,253,274,299,262,302,314,324,357,344,406,396,410,427,431,470,459,481,516,493,525,548,532,505,558,590,622,624,637,671,675,684,709,702,695,768,729,711,694,736,756,748,852,785,840,778,783,832,846,916,869,862,884,918,911,936,881,962,915,951,953,961,988,1026,1011,1025,992,1016,1052,999,1034,1043,1084,1043,1035,1030,1014,1073,1025,1024,1022,1044,1103,1017,1023,1015,1016,1069,975,1016,983,969,985,991,978,953,910,907,861,854,841,836,772,761,684,810,692,681,645,617,643,576,563,508,447,467,467,372,351,333,319,298,289,232,225,222,165,175,165,133,116,97,81,59,67,57,29,39,30,26,21,21,9,12,6,5,7,5,3,1,2,0,0,0,0,0,0,0,0,0,0,0,0,0,0,0,0,0,0,0
16.55,0,0,0,0,0,0,0,0,1,0,0,0,0,0,0,3,2,0,0,2,1,0,1,0,0,0,1,1,2,0,3,3,0,2,1,1,2,0,0,2,6,8,1,2,1,8,2,0,4,4,2,2,6,4,7,2,3,5,4,4,6,4,4,9,4,1,3,11,1,11,9,11,11,9,3,13,15,13,6,12,12,19,23,14,20,16,34,27,29,29,36,40,37,37,54,44,39,53,48,61,67,59,75,75,81,80,88,84,98,95,95,106,116,114,115,126,161,150,162,167,183,169,188,193,184,221,217,231,211,251,280,264,281,305,275,325,339,343,364,356,377,383,434,420,428,492,461,515,506,547,521,541,561,574,583,601,613,638,617,668,625,653,667,675,722,677,703,735,738,737,754,831,840,817,845,832,866,826,857,882,863,884,880,907,960,853,949,968,1006,928,974,959,945,961,1018,1000,935,1040,1010,1048,1042,1033,1111,1052,1051,1083,1077,1076,1083,1000,1104,1055,1035,1013,1054,1071,1047,1006,1016,1021,990,981,951,1000,946,962,922,930,907,848,858,824,771,836,725,721,707,663,625,636,620,620,550,515,486,409,454,421,365,333,323,295,278,234,253,228,174,179,155,139,121,89,90,62,72,46,38,37,33,26,22,23,9,8,9,5,7,5,2,0,2,0,1,0,0,0,0,0,0,0,0,0,0,0,0,0,0,0,0,0
16.65,0,0,1,0,0,0,0,0,0,1,0,0,0,0,0,0,0,0,0,1,1,0,0,0,0,2,0,2,1,1,2,0,1,3,0,3,0,2,2,1,4,1,3,2,4,5,4,6,4,6,3,5,3,5,2,3,2,4,7,2,4,0,5,2,4,4,6,8,3,7,5,7,13,13,4,11,12,14,11,17,17,17,23,33,19,27,20,35,38,36,24,40,39,45,35,45,59,62,52,66,63,58,72,75,83,84,82,76,85,91,99,107,113,113,134,132,121,148,160,159,145,203,177,193,198,219,215,221,225,231,248,296,267,288,293,331,338,340,369,395,398,406,432,427,450,483,528,484,481,545,506,591,556,575,538,637,581,615,642,624,638,754,683,698,765,671,690,735,749,777,797,848,795,831,808,811,835,825,943,887,874,899,879,853,909,902,939,950,947,1011,912,931,956,1003,967,995,997,1051,1029,996,1054,961,1002,1021,1001,1007,1054,1042,1073,1137,1080,1098,1065,1080,1069,1072,1072,1005,1046,977,1007,984,970,986,954,933,909,979,883,923,887,833,830,754,785,672,724,670,629,635,613,578,574,539,491,392,456,413,358,365,314,329,273,253,219,225,192,198,142,140,113,94,87,69,60,49,43,37,33,29,24,21,14,4,9,6,6,7,3,1,3,0,1,0,0,0,0,0,0,0,0,0,0,0,0,0,0,0,0,0
16.75,0,0,0,0,0,1,0,2,0,0,0,0,1,0,0,0,0,1,0,0,0,0,0,0,0,2,1,2,1,2,3,1,0,1,5,1,1,4,1,3,2,0,7,4,6,6,3,1,2,3,2,5,5,7,7,6,6,3,6,6,6,8,7,6,6,4,6,5,6,6,8,6,6,5,15,8,14,13,12,19,21,11,18,19,16,23,23,25,28,34,27,27,42,34,38,46,44,43,63,56,58,56,49,85,85,75,95,95,94,92,103,127,120,125,116,126,103,139,134,169,169,167,188,197,178,194,213,244,255,275,269,302,288,298,335,310,334,375,335,386,397,412,419,429,443,440,484,540,498,492,525,538,587,565,581,606,631,590,618,677,694,658,686,744,685,727,776,733,698,752,790,749,839,765,794,824,853,811,821,860,866,834,921,869,916,905,920,895,892,921,923,969,992,1007,1032,1007,1024,973,1007,1062,1033,1032,1087,1006,993,1044,985,1042,1092,1027,1096,1050,1065,1072,1031,1086,1063,1075,1089,996,1027,984,1000,975,932,991,947,882,892,891,928,845,817,811,763,699,737,671,628,652,593,575,541,547,492,457,405,448,358,349,317,334,277,238,233,228,200,198,147,162,116,85,83,70,62,46,47,28,40,31,18,26,12,7,9,4,6,5,5,0,3,0,1,0,0,0,0,0,0,0,0,0,0,0,0,0,0,0,0,0
16.85,0,0,0,0,0,0,1,1,1,1,0,1,0,1,0,1,1,2,0,0,0,1,0,0,3,1,0,2,0,1,2,3,1,0,0,1,1,2,0,1,3,0,3,5,4,2,5,4,3,4,5,1,5,5,7,6,6,9,2,4,3,8,3,5,5,7,4,4,7,9,5,6,9,7,9,8,7,14,15,17,14,12,17,11,28,24,27,28,20,19,37,35,32,53,44,37,62,47,55,41,50,58,79,68,87,84,87,73,66,88,101,104,112,124,113,107,132,138,165,165,173,182,187,186,227,201,203,250,239,236,274,284,288,280,315,336,367,366,369,386,377,409,421,453,452,444,461,496,480,535,550,499,560,560,575,625,604,606,666,628,671,677,707,737,763,754,746,754,773,745,756,807,788,784,815,793,825,838,874,874,899,884,917,983,921,854,901,934,1034,957,985,946,995,971,962,1000,1008,985,983,1035,1026,1024,1013,1066,1082,1064,1000,1079,1076,1063,1042,1007,1055,1105,973,1048,1075,1034,1048,1125,999,996,972,987,977,914,946,937,939,860,894,871,846,821,766,773,666,682,634,634,636,584,553,540,480,488,409,436,393,324,328,308,279,258,240,236,193,184,160,142,120,97,105,69,65,53,39,33,38,33,18,22,15,6,9,3,5,6,6,0,2,1,0,0,0,1,0,0,0,0,0,0,0,0,0,0,0,0,0,0
16.95,0,0,0,1,0,0,0,0,1,0,0,0,0,0,3,0,0,0,0,0,1,0,1,0,0,0,0,1,2,2,0,1,0,2,4,3,4,3,1,2,2,4,2,2,4,3,4,4,6,1,4,3,3,6,7,7,5,9,7,8,3,7,8,6,6,5,9,4,4,5,8,6,10,11,13,10,12,8,13,19,9,24,12,24,32,24,23,30,22,26,28,33,31,33,38,35,52,54,45,54,57,56,71,61,76,71,78,92,96,103,93,110,91,125,119,128,149,132,160,171,155,173,168,180,224,207,242,249,234,228,257,274,275,306,343,360,355,360,400,392,371,407,411,447,431,481,469,522,522,497,552,539,569,586,591,625,619,655,683,691,676,746,787,664,695,744,733,739,775,808,786,791,809,844,861,877,851,840,908,854,850,916,924,933,929,954,952,933,923,993,1029,1026,991,1009,996,1087,1031,1018,1009,992,1096,1052,1098,1020,1041,1028,1056,1110,1061,1058,1033,1122,1125,1090,1003,1084,1005,1038,1066,1011,1058,1038,982,994,907,928,911,936,927,893,834,874,871,860,835,769,727,687,659,621,637,591,588,530,474,492,433,406,408,332,324,311,300,268,229,229,209,159,187,142,108,110,105,78,65,51,41,31,42,31,18,21,16,6,10,2,5,5,4,0,2,1,0,0,0,1,0,0,0,0,0,0,0,0,0,0,0,0,0,0
17.05,0,2,1,1,1,0,0,0,0,0,0,1,0,0,0,1,0,0,0,0,1,0,0,0,1,0,0,3,1,0,3,0,2,0,1,3,5,2,1,0,4,3,5,4,5,1,1,4,4,4,1,4,5,3,6,4,5,7,7,4,5,2,4,6,7,8,6,10,6,7,9,7,5,11,5,11,6,14,14,14,31,24,15,24,25,19,24,36,31,34,34,40,22,49,35,50,47,43,38,39,58,72,72,71,76,81,90,81,102,93,96,105,103,105,119,132,137,155,136,138,160,188,172,200,218,229,225,235,255,253,260,251,316,298,310,296,356,368,374,387,407,421,423,483,440,462,486,484,506,576,541,562,525,574,612,605,616,607,662,660,627,636,711,680,748,706,715,717,772,770,775,759,784,822,816,883,820,914,851,866,894,862,903,838,914,902,930,957,928,999,1025,948,985,993,1033,1017,1050,1093,1049,991,1090,1102,1034,1076,1076,1068,1070,1064,1083,1052,1056,1070,994,1019,1058,1061,1084,1101,1010,1030,1020,1033,1007,1052,946,883,930,927,905,939,887,862,824,828,838,773,744,714,691,647,602,613,557,535,486,490,451,402,388,354,318,301,297,272,239,230,220,172,168,134,112,112,88,81,76,56,43,25,37,30,29,19,13,4,7,3,5,5,3,0,1,1,0,1,0,0,1,0,0,0,0,0,0,0,0,0,0,0,0,0
17.15,0,0,0,0,0,0,1,2,0,0,0,0,0,0,0,0,2,2,1,0,0,2,0,0,1,1,0,0,0,1,2,1,3,1,2,1,4,0,1,1,2,3,4,6,2,2,7,3,3,3,2,4,4,6,3,4,4,5,3,3,2,6,6,5,2,9,5,7,3,5,10,7,4,8,8,5,8,14,10,10,18,17,11,12,16,31,23,22,31,34,38,26,48,43,36,49,45,65,53,58,44,64,65,60,74,77,85,87,95,91,108,120,120,122,133,131,152,152,131,181,180,168,169,206,206,212,235,242,275,277,308,275,263,342,305,344,338,391,353,366,413,450,465,442,453,479,515,523,543,585,572,555,574,605,641,612,648,610,676,667,658,690,710,718,752,745,806,750,776,759,780,799,831,838,792,866,864,900,892,827,900,862,909,941,871,938,951,985,897,981,989,917,994,932,991,1009,1033,960,1079,1026,1043,1073,1063,1061,1064,1065,1139,1063,1076,1076,1055,1105,1070,1068,976,1027,1031,1051,1078,1033,1024,1021,986,1013,1012,898,900,903,934,929,907,874,847,843,776,795,702,714,715,654,611,592,557,570,499,484,464,398,417,350,318,303,271,295,226,207,217,183,176,146,113,114,95,82,59,62,48,33,30,30,35,19,14,4,5,7,5,4,4,2,1,1,0,1,0,0,1,0,0,0,0,0,0,0,0,0,0,0,0,0
17.25,0,0,1,0,0,1,1,0,1,1,3,0,0,1,0,0,0,1,0,0,0,1,1,1,1,0,0,1,2,1,0,1,1,1,1,3,4,2,1,2,2,5,2,2,2,6,6,2,4,6,6,3,4,2,1,5,10,6,2,6,2,6,4,7,8,8,5,8,12,13,10,10,8,13,11,15,9,11,14,16,18,22,20,29,22,30,25,30,25,30,39,34,32,45,46,50,36,50,64,48,49,73,70,59,81,82,76,92,83,104,100,117,91,133,127,140,131,145,156,160,153,188,209,229,225,221,256,238,232,235,264,286,292,302,322,308,368,379,403,395,400,422,414,419,480,428,513,577,564,512,546,570,544,555,622,622,660,671,628,699,728,687,757,674,715,756,751,805,766,815,772,830,830,798,803,841,864,831,832,877,842,870,835,948,882,882,992,916,859,977,939,928,1014,959,968,1002,1029,1055,1030,1101,1006,1072,1040,1051,1100,1104,1027,1154,1076,1063,1088,1110,1067,1076,1022,1061,1006,986,1035,1018,1012,1020,1033,997,1012,1055,906,855,942,915,868,819,858,803,769,761,787,726,683,629,609,616,519,552,560,468,471,401,417,365,343,303,278,269,252,197,208,193,164,160,104,111,105,83,69,71,48,32,29,29,27,17,18,3,5,8,6,2,3,2,1,1,0,1,0,0,0,0,0,0,0,0,0,0,0,0,0,0,0,0
17.35,0,0,1,0,0,0,0,0,1,0,0,0,0,0,0,1,1,1,1,1,2,0,1,2,0,1,0,0,0,1,2,2,3,1,0,1,1,5,1,4,1,3,1,4,6,6,7,3,4,2,4,2,2,5,5,3,8,2,9,7,10,4,10,8,5,8,8,3,7,8,10,11,7,12,9,9,9,16,26,18,14,18,16,20,18,27,37,30,47,33,35,43,35,36,42,44,65,56,64,64,61,72,72,67,70,94,63,81,84,100,120,104,129,118,132,128,145,134,170,170,167,209,162,188,215,213,223,243,278,281,290,308,297,312,322,384,364,372,390,413,415,431,469,453,477,490,482,515,492,522,555,529,558,640,620,591,654,639,651,666,655,708,694,699,709,740,774,760,744,785,768,824,810,805,844,860,867,841,792,899,889,911,900,876,943,955,969,1000,959,956,936,1000,945,949,1002,1003,1068,980,1022,1011,1034,1011,1021,1062,1058,1017,1100,1134,1076,1059,1078,1058,1086,1099,1121,1101,1098,1040,1014,984,1060,1000,972,1003,1002,1011,1026,900,892,867,859,864,805,827,777,774,766,750,627,662,625,568,581,539,529,515,473,415,418,368,348,317,275,269,240,208,209,190,152,166,118,107,104,75,71,64,58,40,34,23,28,15,19,5,6,10,5,2,3,4,1,1,0,1,0,0,0,0,0,0,0,0,0,0,0,0,0,0,0,0
17.45,1,0,0,0,0,0,0,0,0,0,0,0,0,1,0,1,0,0,0,0,1,1,1,0,0,0,0,1,1,0,2,1,1,0,3,3,3,2,2,3,2,2,2,1,4,0,3,3,5,2,2,2,4,8,10,4,1,9,5,5,4,2,5,9,2,5,7,5,4,15,4,9,7,10,13,8,8,20,10,15,14,21,22,21,27,21,28,23,32,30,41,32,35,41,44,45,49,78,71,55,71,67,87,75,84,83,100,95,114,97,104,116,131,134,129,137,146,169,163,158,171,173,187,177,212,203,220,250,259,268,277,286,283,329,310,343,332,362,341,403,415,414,419,474,462,505,476,535,553,565,519,629,584,560,601,654,608,646,665,699,706,726,710,749,743,777,762,789,804,802,768,821,885,848,821,784,856,865,949,862,843,897,922,904,941,912,932,921,942,938,888,987,989,1029,1023,975,985,1049,1045,1017,1094,984,1088,1003,1006,1079,1041,1051,1089,1047,1125,1116,1058,1084,1081,1041,1071,1106,1107,1033,1003,1023,978,976,957,1017,1008,1010,885,853,866,853,830,859,788,778,721,746,673,645,616,597,575,534,514,540,493,435,391,381,339,313,287,252,241,221,217,183,158,166,124,89,109,81,78,61,60,38,36,22,29,16,17,7,7,9,3,1,3,2,0,1,0,1,0,0,0,0,0,0,0,0,0,0,0,0,0,0,0,0
17.55,0,0,0,0,0,0,0,1,0,0,0,0,0,0,0,0,0,1,0,1,0,1,2,1,0,0,0,0,1,1,2,1,1,1,1,4,1,1,3,3,3,4,2,3,8,2,6,4,6,5,3,3,1,3,5,11,5,8,7,6,3,6,5,3,5,3,4,4,4,9,2,8,7,10,8,7,10,13,16,11,15,12,22,19,29,24,25,26,34,41,39,48,42,52,43,45,47,57,48,47,56,75,61,85,76,87,92,86,108,108,108,122,121,137,124,149,145,140,152,177,178,199,193,221,209,219,208,208,276,280,283,304,319,307,335,390,365,366,381,400,358,446,445,473,491,475,501,507,521,510,562,545,595,612,595,596,649,629,648,675,689,663,711,744,728,749,731,772,729,852,795,818,829,840,839,834,885,796,885,914,920,903,902,894,932,985,947,952,1000,939,996,970,963,1005,989,1054,1016,996,1030,1066,999,1029,1064,1052,1003,1081,1037,1099,1056,1044,1069,1011,1051,1144,1092,1045,1068,1080,1033,1060,1009,1017,1006,985,939,968,976,940,982,936,855,851,884,772,799,785,732,732,767,617,598,635,571,547,520,522,484,426,384,378,349,303,284,263,236,226,203,210,155,145,135,92,100,84,74,70,59,42,47,25,25,21,14,7,11,7,2,2,3,1,1,0,0,1,0,0,0,0,0,0,0,0,0,0,0,0,0,0,0,0
17.65,1,0,0,0,0,0,1,0,0,0,1,1,0,0,1,0,1,2,0,0,0,1,0,1,1,0,0,0,1,0,1,1,2,1,2,1,1,2,1,1,1,5,6,4,3,6,3,7,6,7,2,4,3,2,4,5,4,7,9,3,10,7,3,2,4,6,7,6,8,4,7,6,6,12,14,11,19,11,10,11,26,16,20,32,27,31,37,24,37,37,47,36,41,47,55,48,39,47,64,58,58,63,76,69,75,91,86,90,92,96,104,117,111,117,110,119,133,145,158,166,182,196,183,196,234,206,217,252,248,267,279,293,286,328,324,332,361,375,392,384,449,444,472,439,445,454,500,499,490,547,540,544,571,604,614,595,659,639,668,637,716,673,699,700,757,740,735,768,801,767,758,794,802,847,857,870,834,866,858,902,881,925,909,927,961,889,915,993,993,1004,975,973,1054,1057,936,1052,1043,969,1082,1055,1006,1142,1005,1085,1114,1043,1039,1044,1015,1073,1027,1117,1075,1060,1025,1092,1073,1045,1024,1015,1093,1011,943,981,983,943,949,1000,948,891,919,863,820,847,770,781,733,748,734,667,604,617,584,536,513,524,491,440,406,375,368,322,276,255,251,228,201,205,165,138,131,94,100,90,79,64,52,48,37,35,24,18,15,10,12,7,2,5,1,1,2,0,0,1,0,0,0,0,0,0,0,0,0,0,0,0,0,0,0,0
17.75,0,0,0,0,1,1,0,0,0,1,1,2,0,1,0,1,0,2,0,1,1,0,0,0,2,0,2,1,4,1,1,1,0,1,3,2,2,1,2,3,4,3,3,3,1,5,5,6,6,7,4,7,4,4,4,6,3,9,1,4,7,5,6,4,4,5,7,11,5,8,13,6,9,10,16,15,14,15,12,19,20,15,27,30,29,33,29,25,35,42,29,39,29,41,36,52,46,52,69,54,65,84,66,59,81,89,76,91,103,99,131,105,121,128,127,126,126,149,140,163,168,180,190,184,216,244,226,222,237,262,262,322,324,299,334,329,352,327,422,412,424,422,427,481,500,490,523,535,535,512,571,559,527,602,576,595,613,692,645,709,703,728,737,752,745,745,764,731,834,760,834,851,809,795,828,831,856,867,837,901,890,881,900,871,938,899,1004,963,943,991,974,975,997,993,966,1033,992,1021,1001,1074,995,1017,1111,1056,1107,1007,1097,1121,1040,1020,1055,1036,1038,1113,1009,1079,1098,1090,1072,988,1015,989,1048,1011,988,998,938,951,926,883,895,908,824,802,781,794,766,736,724,676,612,574,605,543,520,519,477,477,400,376,378,334,293,255,276,224,180,205,172,136,137,91,105,80,85,64,59,41,37,35,27,18,16,12,11,5,3,2,2,3,2,0,0,1,0,0,0,0,0,0,0,0,0,0,0,0,0,0,0,0
17.85,0,0,0,0,0,0,0,0,1,0,0,1,1,1,1,1,0,0,0,2,0,1,0,0,3,2,1,1,0,3,0,1,1,3,2,1,1,1,6,3,0,2,4,4,2,7,2,4,4,2,6,4,5,3,6,3,3,8,4,4,5,5,5,8,6,5,4,9,9,5,8,7,12,9,10,12,9,11,14,12,12,22,29,26,27,27,32,23,27,44,35,21,40,31,47,55,65,48,46,53,53,64,52,74,77,86,97,87,89,107,123,119,121,127,138,149,148,155,142,183,185,178,177,201,225,225,235,240,235,269,263,266,308,316,327,356,350,366,382,426,422,422,467,479,441,461,491,521,559,515,552,574,553,580,594,686,656,668,656,671,706,711,713,773,749,776,744,793,787,806,809,803,825,881,825,869,856,864,824,863,855,897,956,870,899,918,933,998,998,988,996,1026,999,1006,1018,956,955,996,1075,1013,1076,1085,1102,1009,1033,1137,1073,1059,1041,1152,1112,1038,988,1061,1018,1056,1051,1069,1118,1051,1031,990,989,1036,971,991,1013,959,915,922,878,847,844,819,795,801,781,743,689,717,658,600,578,547,520,488,468,493,439,380,370,324,326,256,267,219,190,195,187,128,144,105,107,75,75,71,56,44,38,35,24,21,14,13,11,8,2,1,3,2,1,1,0,1,0,0,0,0,0,0,0,0,0,0,0,0,0,0,0,0
17.95,0,0,0,0,0,0,0,0,0,1,0,0,1,0,1,0,0,0,0,3,1,0,3,3,1,1,0,4,3,2,3,2,1,2,2,5,3,1,4,3,4,1,8,4,2,4,4,6,4,5,3,2,2,2,3,2,6,3,3,3,3,6,6,6,8,4,9,4,7,8,11,6,5,9,16,8,9,12,15,13,20,13,19,26,28,26,19,22,28,20,27,38,41,36,40,41,55,48,50,65,78,76,81,97,62,93,95,100,96,114,118,107,114,120,141,157,143,147,178,188,183,188,204,214,219,245,243,229,241,271,284,312,263,305,319,354,371,364,381,383,411,402,445,446,498,512,503,538,532,573,535,534,594,615,607,626,637,641,659,702,676,732,729,694,769,778,727,783,778,796,793,834,880,843,827,817,922,849,865,868,904,917,883,862,924,940,923,965,996,958,975,941,955,984,922,1018,1059,1020,1016,1042,1038,1036,1060,1048,1044,1113,1074,1025,1076,1092,1132,1081,1090,1096,1027,1016,1023,995,1040,1070,1056,1050,1074,962,1007,949,999,998,939,899,919,861,878,828,774,796,797,707,686,695,657,653,609,544,514,498,475,471,445,383,350,377,312,265,265,223,198,184,183,127,142,122,96,89,72,76,52,53,40,32,26,23,14,11,10,6,4,1,3,1,1,1,0,1,0,0,0,0,0,0,0,0,0,0,0,0,0,0,0,0
18.05,0,0,0,0,0,0,1,1,1,1,1,0,0,1,0,1,1,2,0,0,0,0,2,1,0,0,1,4,1,2,2,0,1,0,3,3,1,4,3,3,1,3,4,3,3,5,6,4,3,4,7,0,3,6,6,4,7,2,6,3,5,7,4,9,6,5,6,5,3,4,9,9,14,8,10,16,15,18,15,17,14,23,24,33,25,31,17,32,30,44,30,26,59,38,38,47,53,33,52,59,47,72,60,66,71,97,80,101,97,120,94,128,115,115,143,155,163,153,151,174,185,195,195,203,188,250,219,242,262,270,277,292,299,302,322,346,377,401,384,396,371,411,434,486,481,479,519,562,512,527,565,588,563,592,572,637,613,631,657,691,694,686,680,736,724,742,815,756,781,849,837,801,830,871,841,787,822,851,942,836,893,914,922,871,983,946,925,952,944,968,979,913,993,984,961,984,973,968,1002,1047,1046,1042,1062,1085,1065,1074,1009,1045,1094,1074,1086,1099,1098,1068,1062,1063,1064,997,1037,1029,1056,1005,1034,1026,986,1009,955,985,940,922,906,865,855,877,772,779,788,766,680,668,677,654,609,582,529,507,482,480,445,377,367,342,295,289,267,228,202,174,176,145,135,120,100,86,66,75,52,44,41,38,22,23,13,12,11,8,5,2,2,3,1,1,0,1,0,0,0,0,0,0,0,0,0,0,0,0,0,0,0,0
18.15,0,0,0,0,1,0,0,0,0,1,1,1,0,1,1,0,0,1,0,0,0,0,0,0,0,2,2,1,3,0,0,2,1,1,1,0,1,3,1,2,3,2,3,4,5,3,4,4,0,5,2,3,6,5,3,5,10,3,3,3,4,3,6,4,4,7,9,3,5,3,7,11,14,4,12,16,13,18,7,11,16,20,17,19,28,26,28,27,29,41,33,27,36,46,48,53,44,51,74,57,59,68,62,71,77,85,81,87,94,102,115,110,110,111,119,145,134,177,157,182,160,168,204,195,201,224,249,263,286,286,297,290,305,313,286,347,365,376,415,421,423,418,485,467,494,499,517,538,517,523,550,548,629,597,623,663,644,639,688,657,738,718,674,714,708,759,761,757,774,777,800,828,835,790,865,813,823,849,928,928,890,879,1026,849,971,930,920,974,1000,937,978,968,991,991,954,1021,1068,1009,994,1031,1009,1012,1016,1035,1009,1070,1064,1087,1026,1037,1096,1045,1091,1076,1108,1081,1090,1086,1013,1062,980,1045,987,1027,1031,987,980,899,964,931,883,902,873,821,848,746,752,763,724,664,659,662,639,587,560,480,479,475,456,368,363,339,316,288,266,237,208,183,190,152,125,124,105,84,78,68,57,46,34,41,19,27,14,14,8,7,4,1,2,4,1,1,0,1,0,0,0,0,0,0,0,0,0,0,0,0,0,0,0,0
18.25,0,0,0,0,1,0,0,0,0,0,1,0,0,0,1,0,1,1,1,2,0,1,1,1,0,1,4,0,1,0,1,1,2,1,1,1,2,1,2,2,3,3,3,2,8,5,7,3,3,0,5,6,7,6,6,10,9,2,6,4,3,4,9,3,8,2,9,4,4,13,10,1,5,13,9,11,12,16,16,24,10,22,21,35,19,26,29,22,35,37,43,45,38,47,41,49,47,56,58,57,71,71,80,74,87,92,87,115,98,91,126,103,94,126,142,132,158,163,126,203,177,182,193,190,205,201,250,220,241,278,279,270,278,287,301,358,342,353,396,407,442,484,426,475,499,489,507,531,530,540,542,608,601,643,660,627,666,623,654,704,766,687,703,727,736,756,818,723,801,845,825,777,904,819,809,871,870,837,880,878,920,916,899,931,936,961,925,991,957,949,912,989,948,990,973,980,1042,1016,982,1027,1057,1021,1062,1026,1079,1005,1069,1074,1027,1089,1087,1029,1041,1050,1029,1033,1115,1037,1097,1033,1008,990,1057,970,997,991,997,939,901,918,942,903,834,879,797,807,722,750,752,657,641,673,609,558,573,489,485,449,463,385,374,340,301,306,286,235,215,176,195,148,134,123,110,80,79,72,61,39,37,43,16,23,16,14,6,7,4,1,3,3,2,1,0,1,0,0,0,0,0,0,0,0,0,0,0,0,0,0,0,0
18.35,1,0,0,0,0,1,0,0,0,0,0,0,0,1,0,0,0,0,0,2,1,0,1,0,0,4,0,0,1,1,1,2,2,2,1,1,2,1,2,2,1,0,2,5,1,6,6,7,3,8,4,7,4,9,4,5,11,7,4,4,4,3,1,5,5,5,4,7,7,7,12,7,5,10,4,10,14,13,8,19,16,18,20,35,18,23,23,22,34,39,28,39,41,43,47,60,39,58,55,65,74,71,74,75,88,68,90,91,108,114,111,97,136,108,138,146,163,149,165,164,188,198,212,188,226,213,240,274,276,267,274,263,314,320,346,310,375,401,389,406,421,422,413,483,524,513,496,521,525,537,580,568,561,597,602,622,620,621,695,684,711,692,728,680,717,786,805,742,780,778,791,789,827,779,818,846,869,857,820,968,853,896,870,936,915,921,937,909,965,935,948,953,1022,990,1006,991,1031,1053,1002,1067,1085,990,983,1061,1042,1002,1114,1005,1091,1087,1079,1079,1062,1061,1000,1124,1040,1024,1075,1032,1000,1020,994,1051,936,984,969,1008,921,903,887,896,852,877,798,808,742,755,746,709,654,619,628,569,552,519,500,457,438,387,387,353,300,314,272,250,212,186,184,146,147,125,105,94,74,75,66,35,32,33,23,23,19,17,7,6,5,1,2,2,2,0,1,1,0,0,0,0,0,0,0,0,0,0,0,0,0,0,0,0
18.45,0,1,1,0,0,0,0,0,0,0,0,0,0,1,0,0,1,0,0,1,1,0,0,0,0,0,1,0,2,0,0,4,2,1,0,6,2,2,0,2,3,1,2,0,5,4,3,2,1,3,3,6,6,4,4,5,2,5,6,8,4,4,3,1,11,2,8,10,7,7,9,10,7,7,17,17,9,14,20,17,20,23,23,24,21,25,33,36,34,46,30,41,51,45,42,52,56,53,52,68,76,69,70,74,77,83,95,93,81,103,110,92,116,121,134,143,151,163,170,156,198,162,219,208,209,220,205,221,285,289,229,307,328,337,365,336,333,365,390,426,415,445,431,429,463,504,523,505,564,552,559,581,559,635,570,668,679,675,691,683,674,681,740,749,751,727,755,778,744,754,792,852,788,786,854,919,810,903,869,972,854,921,918,892,857,909,917,901,960,967,986,902,980,988,1025,1022,969,1041,1023,977,1040,1069,1037,1045,1077,1026,1046,1056,1031,991,1103,1048,1081,1073,1078,1008,1039,1041,1059,1058,1023,1007,1008,963,1035,931,984,966,946,891,900,858,874,824,860,775,778,753,763,697,649,613,611,588,545,524,493,451,446,389,379,365,307,305,265,257,226,197,192,150,146,121,105,97,76,79,57,40,33,38,22,26,17,17,11,5,5,2,1,2,1,0,1,1,0,0,0,0,0,0,0,0,0,0,0,0,0,0,0,0
18.55,1,0,0,0,0,0,2,0,0,1,1,0,0,1,0,0,2,3,1,1,0,0,1,1,0,1,1,0,1,1,1,0,0,5,2,2,4,4,4,3,1,1,0,3,3,7,2,4,3,4,4,5,6,3,6,8,3,4,6,6,6,4,6,3,10,9,4,9,5,12,12,7,13,10,12,13,11,13,14,20,19,22,22,17,34,28,26,18,42,31,44,50,48,42,34,36,44,57,56,47,51,50,62,70,74,84,75,94,102,103,126,116,118,119,134,140,162,162,161,154,180,191,210,195,177,225,223,245,251,270,312,287,314,310,309,346,357,394,387,414,408,466,460,508,488,513,498,550,496,587,583,588,597,624,592,617,629,619,678,716,706,653,767,734,705,784,784,771,811,753,817,824,859,800,857,847,856,836,883,894,873,837,940,916,926,885,910,930,1012,983,987,981,1009,986,940,1016,968,1031,1031,979,1027,1080,1033,995,1033,1073,1010,1076,1035,1050,1048,1016,1023,1059,1066,1100,1064,1059,1001,1039,1061,975,1006,978,995,1026,954,974,964,859,896,877,859,889,809,816,769,778,731,732,664,602,633,580,547,513,497,465,435,400,362,360,312,302,252,260,220,204,177,164,155,116,104,101,75,77,49,48,30,38,22,23,17,14,10,4,4,3,1,2,1,0,1,1,0,0,0,0,0,0,0,0,0,0,0,0,0,0,0,0
18.65,0,1,0,0,0,0,0,0,1,1,0,0,0,0,0,0,0,0,2,1,2,0,1,2,0,1,1,2,1,4,1,0,1,0,2,4,0,3,2,2,3,3,2,2,0,5,4,5,5,5,9,7,3,3,3,8,4,9,7,6,10,7,5,9,8,9,6,7,3,8,8,7,13,8,9,14,12,13,13,19,19,23,19,32,25,27,22,38,39,40,36,31,33,37,59,52,53,50,63,64,66,83,69,80,85,79,95,102,101,98,101,102,118,119,155,128,164,169,171,193,189,198,211,189,231,199,229,249,259,269,274,281,305,313,373,384,388,383,384,385,422,434,441,451,493,491,485,476,553,570,544,520,599,568,581,647,643,679,666,702,713,724,740,736,743,722,732,752,750,765,834,799,822,812,787,851,824,865,838,860,902,903,895,944,859,925,937,1002,893,947,961,1000,996,977,971,1015,996,1019,985,1077,1043,1000,1000,1041,1033,1054,1036,1045,992,1041,1057,1078,1121,970,1081,1036,1099,1113,1011,1034,1009,1001,1011,962,975,975,976,957,914,915,889,903,839,806,843,824,777,749,734,753,643,603,626,574,551,543,482,489,444,418,371,359,331,291,267,252,230,220,165,176,152,127,110,89,75,79,55,46,31,34,25,25,15,14,12,4,6,3,3,1,2,0,1,1,0,0,0,0,0,0,0,0,0,0,0,0,0,0,0,0
18.75,0,0,0,0,1,1,0,0,0,0,0,0,0,0,0,2,0,0,0,0,0,2,0,2,0,2,1,1,1,1,2,3,1,3,2,3,4,2,1,0,5,3,0,3,4,4,6,3,1,1,8,4,5,9,5,3,4,7,7,4,2,2,2,7,8,2,5,6,2,7,8,11,8,1,14,7,9,17,13,20,19,29,23,30,26,29,31,42,32,34,42,46,40,34,47,40,45,54,78,60,49,76,73,80,81,85,101,105,94,117,84,111,121,138,131,140,143,170,162,197,148,207,209,211,209,219,221,284,246,236,272,295,325,293,345,384,379,385,391,421,398,433,435,490,498,514,540,556,530,521,562,580,613,613,664,619,671,679,699,696,684,708,765,744,766,789,757,772,767,793,796,792,804,839,828,808,838,852,828,851,848,943,885,941,835,886,895,931,951,957,904,955,996,1014,1003,905,1056,1037,979,1012,1026,1054,1005,1018,1012,1070,1063,990,1060,1063,1029,1065,1061,1066,1068,1017,1075,1047,1080,1020,1030,986,1007,987,962,944,972,958,962,875,913,887,816,857,777,833,800,732,729,767,668,597,611,621,572,542,465,478,466,414,370,343,361,287,279,245,241,198,173,164,166,131,106,107,68,76,53,44,34,34,23,23,18,10,12,4,9,3,1,2,2,1,1,1,0,0,0,0,0,0,0,0,0,0,0,0,0,0,0,0
18.85,0,0,0,0,0,0,0,0,0,1,1,1,0,0,2,0,0,0,2,0,0,0,2,0,1,0,0,0,1,2,4,0,1,1,1,0,1,1,4,0,2,7,2,7,3,2,3,6,6,1,3,3,3,7,4,6,3,7,7,14,2,1,7,6,2,2,3,9,10,4,5,6,8,8,8,14,14,26,16,21,22,20,23,19,25,29,27,28,33,34,33,38,40,47,39,62,55,59,55,65,80,54,76,73,77,81,124,98,90,109,123,122,120,149,140,141,139,164,196,170,169,188,186,202,196,228,245,247,249,286,309,339,287,333,363,376,375,392,377,415,432,459,470,489,495,522,528,524,571,523,530,580,605,558,629,617,633,663,644,639,689,698,696,739,711,734,759,734,748,833,785,810,818,795,815,839,880,845,866,887,838,874,891,879,893,913,945,923,937,918,971,942,935,969,964,993,1015,993,992,1084,1009,1001,1037,1048,1083,1034,1034,1086,1078,1083,1012,1037,1026,1035,1031,1106,1007,1064,1104,1009,1022,1021,995,997,979,909,985,961,953,901,878,907,816,806,786,765,833,719,765,716,723,613,600,584,567,577,479,447,493,405,386,352,356,290,271,253,233,190,163,157,163,142,114,105,72,76,55,46,32,32,27,20,16,9,11,4,9,1,2,2,2,2,1,0,0,0,0,0,0,0,0,0,0,0,0,0,0,0,0,0
18.95,0,0,0,0,0,0,0,0,0,0,1,0,1,0,0,0,1,1,1,0,1,2,1,2,0,0,1,1,0,4,0,2,1,2,0,1,0,1,4,1,3,2,2,6,9,3,3,4,5,6,0,6,3,5,4,5,2,6,1,3,4,5,5,3,4,6,8,10,5,4,8,11,7,10,5,10,18,16,19,20,24,23,21,33,18,27,35,41,33,42,40,41,58,39,45,45,55,52,70,65,76,74,71,79,82,93,83,99,121,99,107,123,107,128,145,144,153,164,201,170,185,199,215,222,216,239,214,260,276,275,278,292,331,309,356,365,400,413,388,441,436,420,452,438,495,489,473,567,529,556,520,554,626,612,636,602,707,600,652,699,723,698,733,753,761,779,772,790,796,778,791,781,817,800,860,841,903,898,904,821,862,863,916,926,854,947,914,903,963,904,924,985,935,956,930,954,1007,1008,1007,1018,966,1014,1069,1046,1051,1071,1033,1017,1058,1048,1071,1082,1075,1016,1049,1018,1066,1049,1029,1087,1003,1002,997,967,983,958,960,950,930,955,889,903,839,836,782,757,817,768,712,681,745,634,620,548,594,584,492,444,480,412,402,353,330,289,296,254,234,182,179,159,140,149,103,121,73,75,64,42,30,32,28,21,18,14,9,6,8,2,2,3,0,2,2,0,0,0,0,0,0,0,0,0,0,0,0,0,0,0,0,0
19.05,0,0,0,1,0,0,2,0,0,0,0,0,0,0,0,0,1,0,1,1,1,1,0,1,0,0,1,1,0,1,2,1,0,2,0,2,1,2,4,4,3,6,1,4,2,4,6,8,4,2,2,7,0,6,6,5,7,4,10,3,5,6,3,4,6,7,5,9,8,11,10,8,10,13,11,15,11,15,21,23,23,18,29,31,34,27,38,30,29,38,34,46,38,47,50,55,61,67,50,68,65,56,74,90,77,89,91,91,98,107,128,123,115,115,143,124,151,149,145,150,182,181,204,195,215,243,235,251,244,269,300,278,306,328,358,348,355,386,411,415,455,431,458,487,489,555,573,528,565,543,582,620,622,574,623,625,700,699,713,738,692,693,725,765,754,793,753,812,773,789,802,802,804,809,816,858,814,921,880,849,840,899,910,868,966,949,908,974,953,940,935,992,910,921,994,972,955,932,995,994,987,1033,1024,1062,1045,1031,1015,1080,1034,1039,1077,998,1096,1063,1039,1069,1095,991,1054,1039,1019,982,1010,991,961,948,982,944,940,927,946,901,854,846,805,752,770,791,705,711,682,682,588,591,575,571,527,462,433,434,388,352,324,291,291,255,230,179,182,154,142,142,104,114,79,78,66,48,28,32,27,25,12,18,8,6,6,3,3,3,0,1,2,0,0,0,0,0,0,0,0,0,0,0,0,0,0,0,0,0
19.15,0,0,0,1,1,1,0,0,0,0,0,0,2,0,0,0,0,0,0,1,1,0,2,2,0,3,0,0,1,1,3,0,4,3,4,3,4,3,4,2,2,0,1,5,2,5,3,3,5,2,1,6,7,0,6,5,6,8,6,4,9,4,4,3,11,8,8,9,11,12,7,10,12,9,13,12,18,10,19,20,16,20,22,24,36,21,29,27,56,36,42,45,42,42,48,43,53,51,58,56,64,69,93,92,66,96,87,104,89,105,134,125,129,150,125,145,150,187,187,188,171,179,204,216,216,231,258,233,247,280,281,331,306,336,331,357,355,395,373,410,430,456,427,468,491,524,507,530,601,579,592,592,658,582,660,635,679,688,661,681,707,717,757,735,728,774,787,808,759,813,766,769,802,811,880,838,816,883,819,865,906,907,879,892,854,914,990,961,875,911,1011,924,932,996,981,961,1025,979,978,1035,983,1087,992,1034,1025,1044,1084,1065,1017,1079,1040,1047,1068,1040,1029,1026,1027,1096,1041,1064,987,1042,1002,962,948,990,948,945,935,878,959,874,918,844,856,779,741,789,719,672,680,671,597,615,535,570,536,483,443,419,351,392,324,297,277,242,243,181,165,169,159,122,110,104,86,80,77,46,29,35,22,25,16,16,7,8,7,3,4,2,0,1,1,0,0,0,0,0,0,0,0,0,0,0,0,0,0,0,0,0
19.25,0,0,0,0,0,0,0,1,1,0,1,0,0,1,0,0,0,0,1,0,0,0,1,1,0,2,0,2,0,1,3,2,3,0,2,5,0,1,3,4,2,3,3,1,4,5,8,8,4,1,9,1,7,7,3,7,5,2,3,5,5,4,13,3,8,8,10,7,7,7,8,6,9,14,13,11,14,15,15,19,11,21,20,20,40,26,31,44,32,34,36,41,39,37,49,60,48,69,58,72,64,71,64,76,70,104,96,113,107,107,99,130,137,109,160,145,147,156,181,162,209,206,212,233,226,260,259,226,255,284,275,305,337,311,330,349,377,355,397,418,461,450,498,454,490,509,555,525,530,596,568,571,609,610,668,626,680,630,728,724,733,758,738,736,732,798,775,763,763,787,730,831,800,860,831,850,923,847,930,837,870,839,917,913,894,862,928,909,868,957,937,931,939,1005,967,1015,997,1051,944,976,964,991,1013,1035,1070,1009,1012,1058,1118,1013,1000,1059,1016,1081,1004,1040,1035,1018,1044,1015,1040,1020,1014,977,968,909,952,991,943,916,881,892,893,833,842,778,756,761,745,677,670,657,638,594,521,560,550,464,428,425,368,375,331,302,278,247,253,195,159,169,142,139,110,101,90,78,76,51,26,36,22,24,15,14,10,5,8,3,5,2,0,1,1,0,0,0,0,0,0,0,0,0,0,0,0,0,0,0,0,0
19.35,0,0,0,0,0,0,0,0,0,0,0,1,0,0,1,0,1,0,0,1,1,0,2,0,0,3,0,0,0,2,2,2,1,2,1,2,3,2,7,2,3,5,7,3,4,4,5,4,4,6,9,5,2,7,3,4,8,10,7,4,4,8,9,3,13,5,5,6,9,14,10,5,10,15,15,14,16,18,15,17,36,22,27,27,22,31,25,29,41,32,28,41,37,49,47,56,67,65,62,54,66,77,77,75,96,87,102,119,106,108,117,114,117,119,138,148,148,169,172,193,212,198,246,241,230,236,241,254,286,277,275,338,311,341,334,377,390,389,403,397,486,469,453,472,518,514,542,560,594,572,598,573,590,631,613,659,634,715,679,663,713,704,759,786,743,791,789,790,757,774,828,797,877,827,833,876,862,868,877,867,907,844,888,929,906,912,924,859,943,928,915,925,968,919,921,932,952,978,991,1020,1046,1037,933,1036,1028,1031,1051,1059,1082,1041,1088,1040,1016,1030,1051,1039,1039,1044,1024,1087,1039,1010,999,1004,975,985,895,916,938,902,871,901,864,848,804,831,726,770,721,727,663,626,651,618,548,505,531,460,478,429,379,361,328,298,299,245,232,212,152,174,146,137,107,101,87,79,83,45,39,34,20,25,16,12,9,4,8,4,4,2,0,1,1,0,0,0,0,0,0,0,0,0,0,0,0,0,0,0,0,0
19.45,1,0,0,0,1,0,0,0,0,0,0,1,0,0,1,2,0,1,1,0,0,0,0,4,1,2,1,1,2,1,0,5,1,2,2,1,2,3,1,1,4,4,3,0,3,1,7,4,5,1,3,6,5,2,10,5,6,7,5,5,7,6,2,2,6,5,9,5,12,6,6,14,10,10,14,14,12,20,15,21,22,16,22,27,27,36,33,33,41,36,30,47,57,46,52,52,63,56,68,68,78,75,83,71,95,106,90,92,90,128,101,117,106,122,123,158,164,152,188,181,171,205,199,196,219,220,229,262,276,273,291,303,328,317,331,367,362,385,399,428,398,439,467,424,511,520,519,496,525,565,597,556,610,583,627,628,658,681,654,687,707,697,716,737,729,735,746,778,817,724,802,814,820,832,862,830,859,853,856,901,921,855,898,909,888,874,909,904,944,908,895,944,933,986,941,964,986,974,1013,928,974,1013,988,1040,1026,982,953,1088,1063,1061,1000,1032,1079,1026,1022,1033,1036,1046,1009,1041,1099,979,1000,1017,972,943,951,913,887,952,888,841,909,822,803,785,791,721,752,690,652,645,635,626,531,529,517,468,463,426,397,363,326,311,295,261,218,211,156,161,153,141,118,92,91,68,89,49,38,35,22,25,14,12,10,4,6,4,4,1,0,0,1,0,0,0,0,0,0,0,0,0,0,0,0,0,0,0,0,0
19.55,1,0,0,0,0,0,0,0,0,1,0,0,0,0,0,1,1,2,0,0,1,1,1,1,4,2,0,1,3,3,6,1,2,2,0,0,2,4,3,2,4,1,6,1,3,6,8,3,9,9,6,4,6,3,5,7,3,3,4,7,4,4,6,5,8,8,9,5,7,8,8,7,11,11,10,15,14,11,7,14,18,24,29,22,40,25,40,43,48,40,38,38,46,55,46,47,50,50,58,61,47,57,73,84,90,77,97,111,109,119,120,100,125,136,159,150,141,162,162,163,200,188,177,197,250,213,239,275,267,294,291,307,312,336,346,374,355,385,418,428,407,445,465,480,537,516,529,566,538,578,533,560,577,602,600,633,667,674,680,659,671,726,712,742,729,759,767,830,802,799,832,835,804,880,796,851,839,813,877,877,890,851,898,864,923,880,898,942,921,923,935,899,913,947,959,1004,984,984,977,986,979,991,942,983,992,1003,1075,1010,1039,1079,1037,1045,1008,1041,1067,1049,1031,1023,1001,1002,962,1069,1003,1009,968,941,950,941,899,877,970,832,865,895,803,763,814,747,724,692,675,633,629,609,578,526,498,483,445,414,409,354,349,304,289,261,232,208,158,166,142,145,118,101,100,63,81,54,40,30,24,24,15,15,12,4,3,3,1,4,0,0,2,0,0,0,0,0,0,0,0,0,0,0,0,0,0,0,0,0
19.65,1,0,1,0,0,1,0,0,0,0,0,3,0,0,0,2,0,4,0,2,1,0,2,2,0,0,0,0,2,2,4,2,2,4,2,0,2,3,6,4,2,8,0,2,4,7,4,5,7,4,6,8,3,3,10,7,4,7,4,6,7,8,6,5,9,4,5,8,6,7,9,13,17,9,10,16,23,19,25,24,29,16,30,25,33,29,29,37,35,41,36,41,36,50,51,39,50,62,66,78,75,78,72,79,90,86,98,99,109,113,113,122,127,124,146,153,137,166,175,193,189,210,200,219,225,204,240,243,271,285,290,324,311,365,343,372,397,404,442,424,451,450,461,501,447,517,564,511,536,532,590,583,577,645,675,641,662,674,698,711,724,702,746,753,781,761,761,734,821,797,824,766,774,848,844,839,844,832,866,862,855,891,821,854,867,913,879,901,927,904,946,918,958,946,955,947,942,937,975,974,1003,1011,1023,995,979,1056,967,1002,975,1023,1004,1050,1109,1026,1021,1038,1062,1024,1009,1006,1011,990,981,1010,948,986,974,927,904,862,958,867,840,870,839,763,762,764,723,701,688,644,623,572,603,530,487,478,455,409,386,355,351,307,284,277,231,213,173,157,144,144,121,96,98,74,78,56,44,28,19,31,16,16,8,6,5,1,2,4,0,0,1,1,0,0,0,0,0,0,0,0,0,0,0,0,0,0,0,0
19.75,0,0,2,2,0,0,0,0,1,0,0,1,0,1,0,1,0,0,0,0,1,2,0,1,2,1,1,3,0,0,0,1,1,1,2,3,1,2,2,3,1,3,4,5,5,7,7,5,1,5,4,5,8,9,6,8,5,6,13,4,4,2,10,8,3,6,4,11,6,7,8,9,12,11,16,7,20,13,18,17,22,35,27,16,23,35,36,23,35,51,45,50,41,44,52,53,70,47,77,67,63,75,80,77,78,70,86,94,102,102,131,118,130,134,115,152,152,182,177,180,188,199,204,200,211,227,240,279,255,270,306,286,318,314,343,356,363,347,403,436,420,414,447,480,469,486,503,527,518,507,607,568,619,618,632,649,606,671,678,701,683,727,657,760,803,757,768,771,815,800,784,790,832,789,799,871,808,830,856,845,885,893,898,866,886,858,904,912,920,897,909,887,953,947,928,946,934,1015,943,991,943,919,978,1031,1003,970,1033,996,1036,986,1047,1037,1059,1027,1080,1041,1035,1023,1019,991,1023,937,1007,936,968,946,1011,931,950,891,856,966,843,827,818,797,739,735,713,715,660,661,630,553,591,527,474,504,439,445,374,354,351,316,298,284,235,214,180,154,148,147,112,95,101,75,71,59,48,33,21,31,15,14,13,7,4,2,2,4,0,0,0,2,0,0,0,0,0,0,0,0,0,0,0,0,0,0,0,0
19.85,2,0,0,0,0,0,0,1,1,2,0,0,0,0,2,2,1,0,1,1,0,0,1,2,1,1,1,0,1,1,2,1,1,2,1,2,3,2,4,6,1,4,5,3,7,9,2,3,3,5,3,6,3,3,6,6,8,8,12,4,3,7,6,6,5,5,5,7,11,7,4,6,7,15,10,23,18,13,23,15,23,21,27,24,31,32,34,33,39,40,39,42,46,46,53,51,63,76,63,68,67,74,65,77,96,93,98,106,106,124,139,136,134,143,152,153,172,151,177,165,180,198,228,210,190,230,230,266,268,285,279,302,298,353,387,344,383,417,418,427,417,408,483,480,462,517,549,514,576,558,607,576,606,603,620,601,660,655,672,681,697,717,678,733,738,785,737,794,788,746,812,837,821,787,786,816,848,851,852,834,805,879,903,875,874,843,874,867,890,867,900,897,930,911,951,929,935,963,956,933,1018,945,984,979,899,1013,1013,1002,993,1027,1008,1058,1031,1012,1058,1045,1042,998,1034,1044,967,994,935,1000,943,945,923,982,937,945,847,911,856,860,802,833,717,751,721,685,660,638,609,578,564,545,470,490,458,432,392,348,357,324,313,278,231,229,170,157,149,143,103,104,94,71,66,66,40,41,21,28,15,12,14,7,5,2,1,5,0,0,0,1,0,0,0,0,0,0,0,0,0,0,0,0,0,0,0,0
19.95,0,0,0,0,0,0,0,1,0,0,2,0,1,0,0,0,2,2,1,3,3,1,1,0,1,2,3,0,1,0,2,3,1,1,3,0,3,4,2,2,5,2,6,4,3,8,2,6,4,7,3,8,5,8,2,5,5,5,3,7,6,6,3,6,7,9,4,3,6,9,6,6,6,10,13,14,15,15,26,18,25,22,32,30,33,24,40,27,34,38,37,43,45,40,37,49,55,59,56,62,67,62,75,73,78,75,104,98,104,98,117,114,128,100,138,128,146,148,165,162,168,216,228,237,231,236,238,238,285,264,257,290,315,344,378,360,369,414,435,406,422,487,508,449,481,442,513,548,535,568,551,601,607,630,632,621,685,663,713,738,680,774,691,740,736,723,773,775,771,725,823,814,771,875,834,757,885,784,838,868,832,925,864,906,854,922,875,853,848,938,892,921,902,905,949,913,950,920,973,950,989,966,982,1011,974,970,932,994,968,1015,987,1025,987,1011,1031,1066,1021,961,1048,1029,1026,999,932,964,1004,927,920,949,923,935,913,885,890,824,850,780,760,751,765,660,654,626,602,553,583,538,500,473,446,417,382,377,342,321,298,292,251,221,172,157,158,139,117,102,93,68,65,56,42,37,24,33,15,9,16,7,6,6,1,5,0,0,0,1,0,0,0,0,0,0,0,0,0,0,0,0,0,0,0,0
20.05,0,0,0,0,1,0,1,1,0,0,2,0,2,0,0,0,1,0,2,2,2,0,0,1,1,1,1,1,6,0,1,0,2,3,2,3,3,1,1,5,3,0,0,4,1,8,5,3,2,1,6,2,6,3,5,9,7,9,6,9,4,3,10,6,7,6,3,5,6,11,13,19,12,7,11,16,21,12,15,12,23,18,33,37,45,27,30,50,44,40,37,44,38,55,52,75,59,58,56,67,56,67,80,93,92,81,87,101,104,88,125,106,111,133,124,142,166,164,147,168,183,192,214,229,221,247,230,261,299,278,319,281,307,350,342,344,375,417,379,426,463,467,484,491,477,509,532,570,481,541,568,599,618,617,610,618,631,684,660,678,666,719,742,736,735,729,800,815,777,759,791,842,768,751,785,823,738,861,796,835,891,837,820,849,878,885,802,903,884,845,892,907,896,884,921,947,937,895,970,929,921,991,982,952,922,1014,999,939,967,1013,989,1037,959,989,990,1031,1031,1041,982,1064,981,1047,974,952,927,972,962,931,938,879,945,836,883,843,866,764,783,741,777,676,658,640,592,551,542,543,526,468,456,409,390,357,348,314,304,293,252,206,176,169,169,137,125,104,89,71,64,45,48,36,24,34,21,9,15,4,7,8,1,4,0,0,0,1,0,0,0,0,0,0,0,0,0,0,0,0,0,0,0,0
20.15,1,0,0,0,0,1,1,0,1,0,0,0,0,0,0,0,0,0,0,0,0,1,0,1,0,2,3,2,2,2,0,0,0,1,4,4,2,3,0,3,1,3,3,3,5,2,5,1,3,4,7,4,5,5,6,5,11,5,7,3,5,4,6,4,2,8,3,4,7,5,5,13,9,8,17,14,17,13,21,25,24,23,27,28,34,45,37,39,30,27,31,52,41,38,45,41,67,67,61,60,75,73,94,97,84,85,102,108,111,115,123,135,141,140,130,141,158,135,181,183,205,221,219,194,228,237,243,267,275,267,276,284,312,346,335,354,417,383,407,419,436,460,446,500,526,550,540,567,578,567,601,594,602,585,627,635,647,726,677,674,710,767,749,735,686,770,754,727,707,768,733,791,777,795,795,804,819,773,886,886,870,885,871,857,855,871,893,832,832,861,840,871,901,917,895,894,918,913,915,937,889,981,932,900,1000,1007,947,982,992,976,1002,1012,1000,985,980,982,1030,1005,1003,985,1037,978,991,994,927,930,950,920,907,880,970,868,868,813,852,788,766,780,773,691,656,606,614,556,545,532,529,456,447,415,385,359,334,339,298,281,260,215,171,166,151,137,126,100,90,69,58,49,48,36,21,35,16,11,15,6,4,6,1,3,0,0,0,1,0,0,0,0,0,0,0,0,0,0,0,0,0,0,0,0
20.25,0,0,0,0,0,0,0,0,0,1,1,0,0,1,0,1,0,0,0,1,0,2,1,1,2,1,2,1,3,4,1,1,0,4,3,0,1,4,1,4,3,3,2,5,5,6,7,5,6,2,6,5,7,5,2,7,6,2,9,4,5,6,9,2,7,5,5,6,3,11,7,8,6,9,13,15,22,16,24,21,28,21,27,35,28,33,42,36,32,37,39,36,50,48,61,53,50,59,49,68,71,77,78,85,71,83,98,89,100,109,117,127,141,147,176,151,175,140,177,208,200,204,206,217,203,232,267,280,299,245,297,329,331,339,343,360,387,405,398,417,402,429,451,497,482,507,514,520,525,560,606,573,565,608,610,624,662,660,652,682,684,709,739,765,757,766,744,789,767,782,786,772,795,812,833,802,817,831,822,864,890,862,853,838,887,831,868,896,874,952,960,912,935,880,892,918,890,976,899,937,928,927,935,938,975,884,998,974,948,985,947,1016,1015,968,1012,969,996,1025,1014,1021,998,981,958,956,989,947,853,909,871,897,881,907,843,841,825,863,742,721,761,723,648,606,613,563,562,522,545,432,441,414,381,362,321,330,296,280,281,220,185,154,137,147,128,108,89,71,58,38,50,36,23,30,17,17,13,9,3,6,1,3,0,0,0,1,0,0,0,0,0,0,0,0,0,0,0,0,0,0,0,0
20.35,0,0,0,1,1,0,1,2,0,0,1,0,2,0,1,1,1,0,1,1,0,4,1,2,0,3,1,0,3,5,2,1,1,3,3,1,3,3,3,2,4,3,4,2,1,5,4,4,6,5,5,4,4,7,4,4,9,5,4,5,6,2,7,7,3,7,4,5,11,13,8,13,12,14,17,12,17,11,16,24,24,14,19,25,21,36,17,30,33,45,37,33,38,55,51,60,51,56,56,70,59,69,70,83,83,90,95,103,97,125,94,128,126,130,143,154,158,153,167,169,207,193,225,237,241,241,217,232,236,264,321,315,344,328,323,358,381,408,396,418,433,431,428,471,524,539,518,503,542,569,536,574,586,656,607,590,680,673,676,710,666,747,683,734,698,715,782,791,743,795,790,742,771,852,762,805,828,851,818,814,866,832,864,884,852,874,872,878,866,883,868,931,931,942,903,917,929,902,938,989,926,937,905,986,943,949,911,902,993,989,979,918,970,1015,950,933,982,971,1037,1029,974,971,964,1000,937,925,912,880,829,940,849,883,823,885,777,844,753,736,715,751,643,638,579,543,544,536,534,468,432,396,394,370,308,325,295,281,263,235,190,163,133,146,126,111,78,78,57,44,51,31,25,31,16,14,12,10,3,7,1,2,0,0,0,1,0,0,0,0,0,0,0,0,0,0,0,0,0,0,0,0
20.45,1,0,0,0,0,0,0,0,0,2,1,2,0,0,0,3,1,0,0,1,0,0,0,0,1,3,2,2,0,0,3,4,0,1,4,5,2,3,4,5,9,2,5,1,3,6,2,7,5,3,3,4,8,1,6,7,5,9,8,8,2,9,6,7,5,5,4,5,9,9,6,10,8,14,18,13,22,23,26,17,17,27,28,27,33,32,30,39,35,46,52,49,49,48,46,58,70,67,65,73,62,75,67,92,94,93,76,110,105,139,117,129,144,134,158,152,149,170,217,173,152,166,215,231,233,227,243,291,268,281,295,329,318,324,339,342,369,410,388,398,420,481,447,453,473,521,525,486,532,556,530,592,647,605,648,652,701,645,653,672,719,686,701,699,756,689,771,844,816,801,774,826,779,797,786,819,818,776,832,814,838,822,833,819,829,900,858,771,904,954,903,872,864,925,901,874,944,896,922,906,948,940,893,992,940,986,930,953,965,934,951,968,984,938,937,974,949,947,974,1017,1007,993,973,933,967,905,954,915,858,867,859,868,861,822,796,806,785,733,722,739,727,593,600,549,511,523,522,476,445,391,383,363,312,326,291,258,263,230,191,172,135,143,119,109,101,71,51,46,51,31,30,26,20,13,9,10,4,7,1,1,0,1,0,1,0,0,0,0,0,0,0,0,0,0,0,0,0,0,0,0
20.55,0,0,0,1,1,0,0,0,0,0,0,0,0,0,1,0,0,0,0,0,0,0,3,0,0,1,3,3,1,2,1,2,2,2,4,2,0,2,6,3,0,5,2,4,6,3,3,0,6,5,3,5,4,9,4,7,3,2,7,3,8,8,5,7,6,7,12,2,9,9,8,7,9,12,7,15,14,22,19,25,21,32,22,24,23,31,30,41,37,34,38,47,54,49,48,60,58,64,76,68,64,71,76,81,73,92,108,91,119,107,127,121,133,145,132,140,169,172,203,185,179,190,193,234,228,233,231,255,261,260,297,319,309,327,342,351,349,391,377,413,438,477,425,458,467,475,512,521,526,550,508,549,574,599,610,605,606,671,654,692,701,695,744,692,706,718,722,744,734,750,781,778,782,830,823,812,794,773,858,804,807,829,798,814,852,844,826,850,851,856,862,836,861,930,862,876,877,952,937,898,966,906,919,968,909,989,984,961,935,917,963,1001,959,970,948,975,913,983,919,954,941,1045,952,956,928,941,912,912,912,833,875,881,830,785,848,758,764,719,705,755,705,625,593,542,523,542,469,488,443,400,378,366,330,312,297,273,245,217,189,178,131,144,119,107,101,67,55,52,47,35,29,23,21,13,9,9,6,6,2,1,0,1,0,1,0,0,0,0,0,0,0,0,0,0,0,0,0,0,0,0
20.65,1,0,0,0,1,0,0,0,2,0,0,0,1,0,0,1,1,1,1,1,0,3,0,3,0,2,0,2,4,2,0,2,1,2,0,3,1,3,1,3,3,3,2,4,2,8,3,6,7,6,2,7,5,7,4,6,10,2,4,3,5,4,5,9,10,6,7,8,3,9,7,7,11,12,16,10,26,15,18,31,31,24,22,40,24,45,36,27,39,40,48,51,41,48,57,54,64,71,60,48,64,63,79,71,76,62,95,83,112,117,113,122,123,116,143,150,170,189,173,180,163,160,249,203,231,247,255,274,298,276,294,310,315,354,308,335,364,386,410,448,433,474,452,473,439,483,512,491,556,537,544,553,557,632,632,621,619,674,654,661,675,759,704,756,738,737,772,742,774,777,761,775,787,832,783,797,808,795,866,805,766,784,825,838,831,844,918,824,895,816,881,886,860,909,909,849,895,871,903,923,945,940,933,929,915,959,924,947,944,1005,977,909,933,952,938,965,952,948,955,890,965,996,950,939,933,948,913,936,877,874,856,838,849,828,786,763,804,716,695,707,702,651,593,540,520,522,481,464,454,420,371,380,347,328,288,266,232,224,183,183,133,149,121,102,96,73,52,53,44,35,28,20,16,19,8,10,6,6,2,2,0,1,0,1,0,0,0,0,0,0,0,0,0,0,0,0,0,0,0,0
20.75,0,0,0,0,0,0,0,0,0,0,0,2,0,1,0,1,1,0,0,1,1,1,2,0,1,1,0,0,1,4,3,1,1,1,1,4,2,3,0,3,2,2,10,0,7,3,3,7,7,6,5,8,4,2,3,8,5,4,4,6,4,4,7,5,10,7,7,2,4,10,8,10,15,16,16,13,21,12,22,28,19,22,21,26,32,41,31,38,41,47,44,45,37,49,50,57,65,60,51,67,73,82,76,85,77,83,81,109,102,91,119,129,135,135,135,121,152,186,169,182,189,189,194,207,213,229,244,262,275,286,281,312,303,326,345,342,367,420,384,420,430,419,483,459,476,519,510,516,544,555,577,584,520,578,601,602,648,657,696,667,642,753,702,731,733,703,753,742,766,771,775,794,816,743,802,814,833,810,828,811,808,882,797,829,821,842,831,894,850,873,845,887,864,912,875,875,934,909,889,904,939,895,907,935,946,958,935,980,982,942,984,992,904,910,921,964,946,954,982,931,936,901,998,917,909,944,939,887,924,936,837,820,808,869,743,777,758,695,756,665,669,671,572,572,538,515,489,495,437,414,367,401,328,335,291,260,234,229,184,183,139,147,129,94,100,68,55,55,41,34,32,21,16,17,9,9,6,4,3,2,1,1,0,0,0,0,0,0,0,0,0,0,0,0,0,0,0,0,0,0
20.85,0,0,0,0,1,0,0,0,0,1,0,1,1,1,0,0,0,1,2,0,1,0,0,1,3,2,0,1,0,3,1,2,2,2,0,1,1,5,2,4,3,3,6,1,5,4,5,6,4,2,5,7,7,5,5,7,7,3,7,7,8,8,6,4,6,3,8,5,4,7,6,17,12,11,11,15,21,18,12,28,27,17,23,32,46,25,22,38,32,37,52,50,42,47,59,53,48,46,76,85,66,81,80,78,101,98,81,110,109,95,123,124,139,137,130,155,175,158,183,168,189,185,192,217,201,244,230,235,267,306,307,309,339,315,358,361,384,385,408,399,437,461,459,488,480,506,533,530,553,523,550,555,589,585,559,605,608,716,673,662,665,705,703,729,742,719,752,756,794,797,771,822,757,832,786,821,809,776,821,822,822,853,848,769,849,811,837,900,851,849,834,898,897,873,871,915,888,910,851,865,928,906,942,897,926,954,955,899,910,942,981,960,989,946,910,948,932,995,988,943,936,930,906,989,888,921,949,855,926,896,853,880,781,823,805,767,725,727,697,690,647,694,594,562,531,500,495,462,462,406,391,386,325,299,288,282,244,223,183,185,153,138,120,98,91,77,50,47,44,41,34,19,14,13,11,7,5,6,1,4,1,1,0,0,0,0,0,0,0,0,0,0,0,0,0,0,0,0,0,0
20.95,0,0,1,0,0,0,1,0,0,0,0,1,0,0,1,0,0,1,0,0,0,1,0,0,4,1,2,1,1,3,0,2,0,3,1,0,4,5,1,0,0,0,1,3,7,3,6,5,4,7,10,5,5,4,7,6,7,3,2,5,4,7,10,3,6,2,3,4,5,10,12,13,7,15,16,16,26,19,23,22,25,28,25,16,29,26,31,35,50,37,37,38,29,52,55,48,64,52,55,71,70,71,84,69,84,82,82,90,95,99,117,123,118,112,138,151,179,139,174,159,191,188,189,207,225,221,248,239,242,270,312,320,325,332,359,369,386,388,398,403,426,464,435,453,475,517,542,566,568,546,541,576,597,611,585,610,623,641,638,671,706,670,713,707,719,727,751,777,752,753,766,754,854,751,765,833,807,829,846,801,762,781,864,800,830,812,859,829,861,892,859,837,870,880,843,865,875,842,840,929,940,837,900,880,929,926,926,971,906,895,915,1038,943,951,955,921,976,951,980,1000,956,929,896,939,917,898,923,940,845,934,893,840,816,803,809,763,724,734,644,695,636,639,611,579,544,503,475,458,457,404,392,385,324,304,271,297,239,218,197,189,159,139,125,99,83,74,66,49,44,42,30,22,14,15,13,5,5,5,2,5,1,1,0,0,0,0,0,0,0,0,0,0,0,0,0,0,0,0,0,0
21.05,0,0,0,0,1,0,0,1,0,0,0,0,0,1,0,0,0,2,1,1,0,1,1,0,3,0,0,1,2,2,2,2,2,2,2,0,4,1,2,1,0,2,1,3,2,2,4,3,3,6,7,4,7,6,5,6,4,7,5,8,3,7,5,2,8,7,6,5,10,12,14,7,8,10,10,12,13,20,16,24,23,28,25,25,32,32,35,32,39,36,41,36,56,43,61,54,56,79,48,67,62,78,87,88,85,94,95,105,102,97,124,133,103,126,146,147,157,169,172,178,182,165,208,216,234,235,242,254,307,315,296,306,328,294,347,328,395,383,390,426,428,455,449,461,494,482,530,526,537,557,575,592,566,640,613,641,619,587,637,647,675,698,686,667,743,723,700,694,692,774,772,795,753,795,812,786,799,814,800,814,822,820,820,815,805,820,813,811,879,866,853,846,847,870,900,850,863,919,891,881,875,885,909,834,884,930,963,939,884,929,961,889,964,1009,951,937,906,996,970,948,986,935,927,867,969,929,876,896,890,880,909,828,864,783,814,777,715,724,663,651,638,658,595,577,570,507,463,438,459,422,391,390,321,317,257,286,241,217,207,160,163,138,123,90,87,75,59,53,40,41,28,27,13,16,13,4,5,5,4,5,1,1,0,0,0,0,0,0,0,0,0,0,0,0,0,0,0,0,0,0
21.15,0,0,0,0,0,1,0,1,0,0,0,1,2,0,1,1,0,0,0,1,0,2,1,3,3,1,2,1,1,0,1,2,2,0,2,1,1,3,2,5,4,4,4,4,2,5,5,3,5,8,3,2,3,5,5,5,4,3,6,6,5,8,4,3,7,4,4,6,8,12,9,10,15,9,7,18,21,18,22,20,28,15,27,27,32,28,32,32,38,49,35,53,28,48,54,59,44,52,70,65,87,59,83,82,86,99,111,105,93,99,120,123,150,129,129,158,163,174,177,163,166,201,196,209,213,226,209,228,264,273,278,285,316,340,327,377,365,352,414,395,446,425,434,485,532,498,478,509,541,551,588,576,587,601,588,640,642,671,654,636,676,683,696,702,680,729,756,786,720,711,746,776,767,772,806,781,800,882,807,807,839,803,817,847,812,857,817,843,805,807,848,876,918,846,821,879,905,903,903,899,896,874,919,900,885,906,858,877,975,917,855,958,936,951,951,952,933,976,982,961,946,961,936,884,904,927,898,870,884,862,919,833,846,780,813,744,750,705,658,679,646,620,656,567,564,515,427,442,457,415,377,384,327,305,277,283,237,230,206,160,164,132,133,93,78,79,56,51,40,36,30,27,15,18,15,4,5,5,4,3,2,1,0,0,0,0,0,0,0,0,0,0,0,0,0,0,0,0,0,0
21.25,0,0,1,0,0,1,0,0,0,0,2,0,0,0,2,0,0,0,0,1,0,1,0,1,1,1,1,2,0,1,0,1,1,3,3,2,2,3,1,3,4,0,5,3,4,1,6,3,7,7,10,2,5,6,7,2,4,7,0,5,6,2,2,7,4,8,4,5,9,7,9,5,8,14,20,26,20,17,21,18,20,29,26,40,38,41,42,43,46,37,38,51,54,56,49,61,60,77,71,79,73,74,71,87,87,96,88,85,127,108,122,114,128,115,134,166,161,159,171,168,164,176,192,203,232,236,264,289,259,283,327,292,358,322,336,334,395,387,421,415,401,454,463,450,510,495,528,542,525,552,570,589,598,566,607,638,629,601,628,737,708,690,697,688,690,712,758,711,749,784,720,751,798,755,779,747,806,796,827,790,787,836,809,806,836,824,875,818,828,829,817,845,873,854,883,839,870,880,938,872,837,890,897,966,931,904,875,894,895,886,919,932,883,945,914,966,984,968,942,947,921,919,973,866,880,962,909,878,848,866,865,880,794,812,782,823,688,693,686,664,612,646,638,577,562,493,456,425,444,425,394,367,319,301,258,271,244,232,196,158,167,129,122,103,79,74,59,48,37,37,30,23,17,16,18,7,7,5,3,2,2,1,0,0,0,0,0,0,0,0,0,0,0,0,0,0,0,0,0,0
21.35,0,0,0,0,1,1,0,2,0,2,1,0,0,1,0,1,0,0,1,0,1,0,1,1,2,1,2,0,2,1,1,2,2,0,2,1,1,1,2,2,1,2,5,2,1,6,7,4,4,5,2,8,4,1,3,5,5,6,6,6,6,8,6,5,5,10,3,5,7,7,7,13,10,9,13,19,17,22,25,20,21,19,20,18,32,21,43,38,33,32,45,39,50,53,43,50,61,52,49,63,66,88,102,71,79,85,86,112,95,105,111,104,131,113,149,147,161,168,200,194,183,216,197,201,249,260,242,284,265,281,255,321,329,347,348,350,370,383,415,436,438,435,442,459,466,481,512,545,536,552,569,581,577,622,615,646,598,611,664,705,682,676,696,721,764,685,710,814,712,713,767,785,736,762,814,744,800,843,776,792,783,839,833,845,795,837,824,807,843,855,830,823,813,829,838,904,864,834,859,880,911,883,858,881,905,944,964,934,873,887,888,888,933,938,930,898,952,940,937,922,995,913,919,951,893,865,910,909,831,845,907,872,766,797,784,833,700,691,665,692,631,589,613,576,565,497,472,441,412,418,399,349,343,296,263,254,241,218,197,166,167,125,116,109,79,79,64,42,40,32,33,27,13,16,20,7,7,5,1,3,2,2,0,0,0,0,0,0,0,0,0,0,0,0,0,0,0,0,0,0
21.45,0,0,0,0,0,0,1,1,0,0,0,1,0,0,0,0,0,0,1,0,0,1,0,1,0,0,1,0,2,3,1,2,2,2,3,0,2,2,3,4,2,1,5,4,4,6,9,5,7,4,5,2,2,3,3,3,7,8,3,5,3,6,12,5,9,8,8,8,7,8,12,9,11,11,21,25,20,18,14,22,26,28,29,27,16,35,34,40,32,29,35,41,39,48,54,52,48,61,57,63,52,76,72,78,85,77,100,89,108,103,112,110,143,142,127,153,144,174,166,180,163,184,208,227,215,244,214,244,238,264,310,309,327,303,313,355,338,383,398,409,395,497,436,498,483,466,542,537,514,550,594,542,569,582,628,564,578,635,636,644,674,669,642,685,671,741,750,709,723,708,745,760,814,762,712,784,800,738,764,794,775,816,764,810,797,849,831,795,788,801,819,815,848,841,906,859,822,859,857,893,920,848,895,947,897,885,893,940,875,903,906,932,912,914,905,907,864,927,945,916,898,955,988,920,898,902,852,896,864,876,836,884,784,823,785,767,716,714,634,671,633,626,610,552,539,523,477,438,425,431,381,360,348,274,267,240,249,207,196,174,163,124,120,104,76,78,63,44,36,34,36,26,13,13,18,9,7,5,1,4,2,2,0,0,0,0,0,0,0,0,0,0,0,0,0,0,0,0,0,0
21.55,1,0,0,0,0,1,0,0,1,0,0,0,1,0,1,1,0,2,0,1,0,0,1,0,0,1,0,1,4,2,1,0,3,1,3,0,3,0,3,3,5,1,0,2,4,1,8,7,3,6,6,3,6,4,5,6,3,5,6,1,4,10,4,7,6,8,10,6,8,7,7,12,11,19,7,19,19,14,16,15,27,22,28,28,33,33,34,40,22,38,54,43,37,36,51,53,50,60,71,65,72,75,83,82,61,87,100,90,98,113,125,102,124,117,126,120,145,153,160,160,185,196,213,236,231,241,258,227,249,263,300,285,318,326,344,354,368,371,403,413,416,416,470,501,456,547,507,540,511,566,582,584,625,622,638,630,636,601,645,678,650,678,646,694,708,720,722,699,752,783,736,734,715,757,755,816,772,813,769,757,802,776,729,794,787,798,833,853,827,843,817,810,851,841,813,872,887,855,860,849,818,860,932,822,935,922,905,866,860,909,920,892,918,862,948,925,948,873,899,899,969,880,936,904,967,886,872,892,846,871,857,835,824,754,791,785,757,670,658,657,642,628,565,569,539,548,453,437,434,436,369,349,361,276,258,265,244,206,176,176,174,121,126,102,72,78,62,50,33,35,37,25,14,13,14,8,9,4,3,4,2,2,0,0,0,0,0,0,0,0,0,0,0,0,0,0,0,0,0,0
21.65,1,0,0,0,0,1,0,0,1,0,0,2,0,0,1,0,1,2,1,1,3,0,0,0,2,0,1,0,1,0,1,0,1,0,5,3,4,2,3,5,2,4,7,2,9,7,5,5,3,4,4,2,8,4,5,5,3,7,5,5,5,9,7,6,6,10,9,5,9,7,8,12,8,10,16,16,21,16,30,21,20,31,47,35,35,32,37,31,36,43,52,39,49,55,41,53,55,56,58,54,67,80,70,88,82,80,95,101,112,117,125,130,137,153,170,134,144,170,154,159,198,190,211,203,209,232,284,247,253,287,263,321,329,306,342,329,367,380,396,423,419,433,489,430,471,480,559,507,498,546,589,572,533,580,653,609,638,691,658,638,682,625,721,663,669,742,762,761,797,734,749,742,748,773,791,782,772,754,792,824,792,790,797,795,829,808,788,844,819,807,790,843,811,843,836,803,843,832,813,908,854,857,841,886,851,868,841,940,914,882,884,883,868,881,922,866,924,943,849,939,887,951,918,906,920,936,843,846,873,839,852,838,863,758,765,794,748,677,664,645,619,615,539,574,534,532,476,448,418,411,369,368,335,265,257,259,263,220,164,185,160,127,124,95,87,78,63,51,34,31,31,25,15,12,16,7,11,6,2,5,2,1,0,0,0,0,0,0,0,0,0,0,0,0,0,0,0,0,0,0
21.75,0,0,0,0,0,0,0,0,0,0,1,1,0,0,0,0,1,0,1,0,1,0,1,2,1,1,0,0,2,1,0,1,5,2,1,4,0,4,2,5,4,3,4,2,5,2,4,5,2,8,7,2,5,5,5,3,5,7,5,5,12,7,5,5,8,6,10,7,6,14,7,11,6,9,17,12,15,18,27,23,26,20,33,25,22,33,37,28,34,40,49,36,53,50,55,53,56,55,61,66,74,86,96,89,86,106,104,95,95,128,105,111,129,145,149,133,147,149,176,163,193,175,197,232,201,227,234,256,288,282,281,302,302,311,304,368,368,360,391,410,436,453,471,439,488,518,483,486,506,553,543,538,525,565,591,554,626,628,620,679,626,673,683,707,719,695,728,737,713,776,764,706,736,793,773,711,693,771,768,806,776,792,789,813,834,819,804,804,852,800,804,811,771,775,827,814,876,837,816,790,869,864,821,838,873,916,857,895,854,857,922,909,880,873,894,886,870,917,935,873,917,907,867,893,925,897,885,831,849,856,825,833,838,810,744,743,744,704,699,647,611,575,591,542,528,522,448,467,417,395,390,348,320,279,260,241,275,215,175,185,148,131,112,92,92,75,70,55,39,33,33,23,15,15,15,7,10,6,0,5,2,1,0,0,0,0,0,0,0,0,0,0,0,0,0,0,0,0,0,0
21.85,0,0,0,0,1,1,0,1,0,0,0,1,1,0,0,0,1,1,0,0,1,0,1,0,1,0,0,1,0,3,2,2,3,2,0,1,3,0,1,1,5,3,4,3,5,7,10,6,9,7,6,6,6,4,3,4,7,8,3,4,4,5,7,7,8,8,9,5,7,4,6,4,8,12,18,13,24,24,18,25,15,20,21,31,37,39,29,37,30,33,35,49,26,41,40,57,54,56,79,75,71,80,69,73,74,87,86,106,84,122,107,131,116,127,139,148,151,179,143,167,168,216,178,195,221,241,248,257,270,307,300,286,267,321,324,339,336,350,380,382,427,416,430,438,493,498,529,535,484,588,598,559,596,572,602,641,617,655,644,674,649,685,701,711,696,664,687,753,735,719,723,714,744,751,725,784,760,749,820,774,791,847,762,782,779,784,757,808,801,813,796,865,842,846,801,828,834,790,830,821,894,793,881,852,806,805,850,910,867,879,865,883,941,889,878,881,893,887,903,898,879,904,877,849,912,948,859,866,814,847,806,861,831,773,752,727,727,718,671,675,602,579,585,554,520,514,455,456,403,386,407,358,302,292,263,235,261,212,178,184,143,127,121,93,94,72,62,66,44,34,25,30,19,13,13,8,10,5,2,5,2,1,0,0,0,0,0,0,0,0,0,0,0,0,0,0,0,0,0,0
21.95,0,1,0,0,0,0,2,1,2,0,0,1,0,0,1,0,0,2,0,0,0,1,1,1,0,0,2,1,0,3,1,1,2,2,1,4,3,0,2,4,7,1,4,3,0,5,4,8,1,8,7,2,4,4,6,4,2,4,4,7,2,8,8,7,4,6,6,7,4,3,13,13,9,13,16,18,21,15,28,21,21,24,27,38,32,23,29,39,39,44,43,43,50,50,59,52,62,63,67,56,70,73,77,84,89,95,90,93,90,106,117,134,117,144,134,161,168,165,177,174,184,193,188,214,207,229,258,247,239,287,284,295,312,317,331,334,372,409,402,411,405,435,443,480,447,533,478,499,563,525,533,558,496,603,601,615,569,636,611,653,665,596,706,648,691,737,732,751,687,698,764,749,707,750,746,718,804,796,780,747,779,764,750,810,754,759,759,767,736,825,803,800,840,779,780,898,867,803,797,818,817,765,845,885,846,866,851,851,824,867,873,818,893,883,913,873,874,910,878,907,910,898,896,822,885,904,854,859,824,842,808,840,820,798,742,744,737,716,668,625,637,581,579,541,523,506,458,438,424,395,375,373,303,291,245,262,243,214,189,173,137,122,120,101,87,76,62,61,44,32,27,37,15,13,13,7,9,6,1,4,3,0,0,0,0,0,0,0,0,0,0,0,0,0,0,0,0,0,0,0
22.05,1,1,0,0,0,0,0,0,0,0,0,1,0,1,1,0,0,1,2,0,1,1,1,2,2,2,0,0,0,0,1,0,0,1,4,1,2,3,5,0,3,2,5,3,3,3,4,2,2,3,7,8,4,5,4,5,1,4,2,4,7,4,3,12,6,5,10,1,7,8,15,10,11,14,12,22,9,13,18,11,21,14,27,23,33,25,32,50,36,44,38,48,53,47,53,52,44,65,62,47,77,86,74,75,77,91,95,92,104,100,105,126,118,139,120,121,182,182,157,177,167,187,192,214,202,223,235,245,230,255,251,294,305,301,352,343,344,336,368,399,364,442,473,426,457,479,470,509,525,488,543,560,559,584,550,617,614,612,634,631,672,632,669,660,733,712,678,665,700,695,694,748,710,722,758,758,751,772,750,738,751,780,756,785,785,762,829,767,770,767,792,807,756,823,775,828,835,778,837,826,748,757,845,826,808,917,830,832,855,799,860,894,841,798,868,891,918,875,877,847,933,907,868,891,851,873,882,815,808,823,807,807,841,835,725,735,734,699,676,664,648,575,548,553,537,508,435,437,439,379,372,379,296,304,235,254,240,230,180,182,149,123,107,95,88,77,59,57,51,35,25,32,15,16,11,8,8,6,1,4,2,0,1,0,0,0,0,0,0,0,0,0,0,0,0,0,0,0,0,0
22.15,0,2,0,0,1,0,0,0,0,0,2,2,0,0,1,1,0,1,0,0,0,2,1,0,1,3,0,2,0,3,0,1,1,1,2,2,6,0,8,4,3,2,5,5,4,1,2,4,2,3,3,7,5,5,6,7,7,6,9,5,7,5,5,6,5,5,8,9,9,7,8,17,13,13,16,14,13,18,18,17,19,30,30,29,35,28,33,26,34,37,35,40,37,47,54,43,48,62,63,54,76,66,61,68,88,77,100,95,99,101,118,138,143,117,148,150,130,160,182,199,177,188,222,227,217,200,252,248,249,255,286,279,330,324,330,347,345,334,363,394,395,442,450,467,469,476,487,499,577,539,519,546,573,577,606,565,629,605,640,635,692,652,670,676,695,701,724,742,680,707,712,721,707,726,724,765,728,754,723,806,720,822,777,794,731,749,769,769,800,764,851,808,773,779,772,814,815,757,881,801,792,837,824,808,847,774,866,874,851,846,866,832,841,843,807,896,884,865,880,873,863,869,933,848,842,871,885,816,837,793,803,822,832,793,778,717,705,708,702,657,639,606,547,533,539,514,470,423,422,369,357,372,293,312,246,256,237,221,192,170,161,116,109,82,91,75,60,55,55,39,26,29,17,15,12,9,8,6,1,2,1,1,1,0,1,0,0,0,0,0,0,0,0,0,0,0,0,0,0,0
22.25,0,0,0,0,0,0,0,0,0,0,0,0,0,0,1,1,1,0,1,0,1,1,1,1,1,1,1,0,2,3,2,2,3,3,2,3,4,3,3,4,2,4,3,4,5,6,2,3,4,3,6,3,1,6,4,6,3,5,1,6,5,8,3,8,7,6,4,6,8,6,10,10,8,15,15,14,16,21,19,22,23,16,18,25,26,28,33,25,35,40,51,48,46,46,43,71,69,59,50,63,72,59,86,77,103,96,84,93,114,107,123,130,133,120,117,140,128,172,164,165,168,185,211,226,219,248,271,257,249,279,281,314,321,306,321,328,339,366,378,366,410,477,448,423,459,484,470,502,528,528,511,564,631,581,592,621,624,580,612,684,669,681,663,698,664,678,682,683,712,738,753,759,726,690,770,762,749,710,793,799,763,737,733,777,778,821,788,749,805,784,756,762,761,753,799,776,790,846,831,782,828,867,786,827,813,822,867,830,827,870,841,860,867,854,839,861,871,835,876,902,853,875,853,864,863,847,891,849,791,819,803,850,815,757,782,707,707,729,674,657,635,616,568,520,518,505,520,411,396,395,354,373,294,295,241,258,224,232,191,182,160,119,116,76,93,74,61,53,50,42,29,26,18,18,10,8,10,6,1,1,2,1,1,0,0,0,0,0,0,0,0,0,0,0,0,0,0,0,0,0
22.35,0,0,0,0,0,0,1,0,0,0,1,0,2,0,0,1,1,0,0,0,1,0,3,1,0,3,1,0,0,0,1,0,4,0,2,4,3,5,3,2,5,0,4,3,5,6,4,3,4,1,3,2,6,8,6,9,2,8,10,6,9,5,3,10,10,4,7,7,8,6,11,10,14,18,15,11,12,31,17,14,29,21,25,33,24,29,26,33,36,37,39,42,45,53,52,54,56,46,77,65,74,79,71,81,86,80,110,98,127,112,133,139,130,141,145,135,134,163,165,157,185,200,223,204,226,242,242,247,252,271,267,326,304,337,334,328,358,399,445,383,412,424,469,433,492,515,453,488,531,501,540,544,549,588,583,609,549,654,635,651,652,654,692,695,700,737,665,680,720,693,689,722,763,713,669,736,730,788,787,731,729,738,804,764,793,754,798,822,743,755,742,779,814,747,775,807,759,827,792,812,843,840,790,871,815,819,807,859,852,818,893,876,838,858,819,871,855,861,852,853,848,850,874,866,862,803,867,886,812,769,791,822,821,792,766,695,698,715,704,610,656,628,558,537,512,505,528,414,394,401,349,354,313,294,245,255,219,241,181,176,151,133,109,79,87,72,65,49,48,44,36,21,20,20,10,8,11,6,1,2,2,1,1,0,0,0,0,0,0,0,0,0,0,0,0,0,0,0,0,0
22.45,0,0,0,0,0,1,0,1,0,0,0,0,0,1,0,0,2,0,0,1,0,0,1,1,1,3,2,1,0,0,3,1,2,4,3,0,2,1,3,2,5,5,3,6,9,7,4,3,5,2,8,3,8,3,5,8,7,8,7,5,8,7,7,8,7,3,7,10,8,12,6,10,12,15,14,20,23,15,25,22,31,18,24,29,32,29,37,25,38,33,37,42,52,47,47,49,45,58,77,55,81,72,69,88,92,80,109,105,107,121,128,120,140,159,133,145,139,154,140,177,179,185,195,182,201,242,228,249,227,265,255,283,309,290,330,314,381,388,377,414,368,459,468,451,453,478,475,487,530,507,540,541,548,565,576,595,589,617,568,630,643,632,618,600,659,705,743,738,672,722,652,740,714,765,717,740,768,736,732,758,757,652,739,796,773,726,762,797,757,756,759,770,852,787,808,770,769,822,780,798,766,796,828,825,823,832,798,819,848,848,813,893,869,869,877,832,808,884,846,830,855,819,878,819,825,899,800,837,832,809,753,812,812,789,776,719,645,717,674,635,660,621,551,533,519,484,525,442,390,372,377,363,299,279,247,252,217,242,177,177,150,141,108,88,81,72,62,54,48,44,35,23,17,17,11,9,11,6,0,2,2,1,1,0,0,0,0,0,0,0,0,0,0,0,0,0,0,0,0,0
22.55,0,0,0,1,0,0,1,0,0,0,0,1,1,0,0,1,0,0,0,1,1,0,0,0,0,0,0,1,0,1,3,0,2,2,1,1,3,5,3,4,4,4,1,7,4,5,3,5,3,3,3,5,3,3,3,7,3,6,5,4,3,7,5,4,5,7,6,4,11,11,8,12,6,18,13,16,25,20,26,20,28,19,18,22,32,39,27,33,37,35,35,55,49,43,52,58,63,72,55,71,63,69,72,87,80,82,78,96,103,92,117,136,136,127,149,138,129,147,145,173,201,187,204,244,230,219,225,235,240,272,299,288,285,312,292,359,378,374,345,392,396,427,398,463,468,487,491,559,531,520,546,588,585,631,549,603,669,589,685,637,670,624,651,669,645,702,684,688,710,637,748,756,724,717,771,710,762,779,723,758,759,772,735,718,755,754,797,783,775,733,826,761,743,760,754,782,776,801,791,787,790,764,794,779,757,848,852,801,825,848,819,838,822,863,835,895,852,804,839,860,831,859,826,844,836,887,837,818,865,780,764,778,767,843,738,710,678,707,650,668,627,629,534,545,521,472,493,459,404,350,368,357,321,278,237,249,216,227,179,168,150,141,112,95,73,79,67,50,46,45,33,18,19,19,10,7,13,5,3,2,2,1,1,0,0,0,0,0,0,0,0,0,0,0,0,0,0,0,0,0
22.65,0,0,0,0,1,0,0,0,0,0,1,0,0,1,0,0,2,1,0,0,0,0,1,0,3,0,0,0,0,0,2,1,1,5,0,1,1,2,2,1,4,1,2,4,5,5,7,5,6,5,4,4,3,3,6,5,4,4,5,7,5,3,3,1,5,8,5,11,9,11,8,13,11,18,14,16,16,17,21,18,23,17,35,26,26,32,27,34,33,39,40,36,43,49,48,64,61,47,63,70,74,75,74,76,68,94,85,108,93,103,132,117,138,123,120,134,137,136,198,171,184,178,180,186,201,218,263,276,248,255,286,252,298,316,349,364,338,352,389,413,426,414,416,499,494,482,522,510,533,523,481,528,576,561,629,583,606,625,633,676,651,656,667,679,683,688,712,666,689,730,733,713,820,695,749,754,736,729,754,714,772,696,742,778,772,770,783,771,777,756,739,831,752,738,782,761,749,744,785,786,802,809,784,809,842,780,768,835,775,830,836,798,771,854,859,857,839,812,817,885,830,877,796,829,846,804,868,808,827,848,747,735,747,791,773,728,705,668,671,661,624,650,516,544,518,479,493,432,396,366,362,352,319,278,239,247,200,231,180,161,149,148,112,94,71,78,65,59,42,49,33,16,20,19,9,9,9,7,3,1,2,1,1,0,0,0,0,0,0,0,0,0,0,0,0,0,0,0,0,0
22.75,0,0,0,1,0,0,0,1,1,1,0,2,1,0,1,0,2,0,1,1,1,0,1,2,1,6,1,0,2,2,3,0,2,0,2,4,4,3,5,2,2,2,3,7,4,6,5,3,2,6,6,3,4,7,7,7,6,5,8,6,7,4,6,14,3,8,6,11,8,10,14,15,10,15,17,21,24,25,17,22,16,27,24,24,42,28,35,39,38,43,43,51,49,37,40,54,54,54,54,77,70,72,84,96,93,77,108,86,110,93,111,127,132,136,121,140,157,155,166,187,180,186,204,229,236,217,204,229,259,265,277,269,291,288,339,320,362,352,379,387,389,390,429,443,455,493,509,483,470,483,477,533,566,581,591,578,624,636,593,636,608,621,724,673,653,662,700,698,721,702,734,730,733,726,735,744,742,717,742,761,771,752,731,776,774,723,760,780,816,785,746,734,757,758,823,768,806,772,772,796,747,814,789,791,779,814,856,819,753,798,800,822,830,801,819,859,826,859,815,836,858,818,824,808,853,806,802,831,812,817,771,719,761,789,766,699,723,652,667,645,621,641,561,535,500,469,481,430,435,339,367,359,312,286,240,216,214,223,194,165,145,150,112,96,75,69,62,59,38,46,34,19,19,19,7,10,7,8,3,1,2,1,1,0,0,0,0,0,0,0,0,0,0,0,0,0,0,0,0,0
22.85,1,0,0,0,0,0,0,0,0,0,0,0,0,0,1,0,0,2,0,1,1,1,0,1,1,1,0,0,0,4,0,0,1,2,2,3,3,1,2,2,4,3,3,5,3,2,4,4,4,5,5,2,5,5,6,3,1,8,7,6,6,6,2,5,6,8,6,7,12,5,5,8,14,10,19,22,16,18,24,19,19,20,27,24,28,27,34,38,37,36,32,44,48,58,44,48,57,68,54,61,55,81,70,75,98,97,93,96,86,103,125,120,101,117,142,138,154,155,179,182,173,159,186,194,246,216,231,244,273,265,263,293,313,300,332,344,328,378,379,367,404,432,440,393,449,469,494,496,519,539,557,587,549,622,566,609,580,556,603,649,603,628,657,696,635,670,676,691,701,687,748,662,706,717,700,765,726,718,781,727,712,720,690,726,718,719,780,713,746,717,750,749,806,770,763,771,742,803,812,799,724,764,819,808,786,743,779,803,806,787,774,814,823,808,776,855,810,829,886,797,908,829,814,797,811,820,773,819,794,818,808,757,736,763,753,721,694,645,679,631,606,632,585,526,502,445,459,434,425,360,355,338,312,307,225,216,228,212,200,169,145,143,110,100,74,68,64,63,40,43,35,21,20,18,8,7,8,9,2,2,2,1,1,0,0,0,0,0,0,0,0,0,0,0,0,0,0,0,0,0
22.95,0,0,0,0,0,0,0,0,1,0,1,0,0,0,0,0,0,0,1,3,2,1,1,0,1,2,3,0,2,1,1,2,2,1,0,4,1,2,4,1,3,1,4,2,5,3,5,4,5,7,0,5,3,3,3,2,8,3,3,3,2,8,5,5,3,10,11,6,12,9,13,10,8,11,10,17,18,21,23,34,19,19,28,32,31,31,26,31,41,47,48,45,51,42,48,51,58,64,61,64,72,80,92,66,86,79,95,105,110,109,93,123,126,154,123,155,155,148,164,137,174,204,201,207,199,235,256,251,265,275,258,296,298,315,313,361,355,391,381,404,407,464,489,432,455,488,493,476,497,536,550,559,611,562,606,582,627,607,613,596,630,602,654,650,685,673,673,662,690,692,690,726,718,695,695,715,725,771,706,736,716,752,788,776,683,722,738,741,697,719,719,784,716,733,750,725,729,761,698,794,806,797,758,800,770,791,781,741,808,814,769,779,802,775,806,790,798,857,833,798,859,871,836,806,783,814,799,806,783,772,828,740,771,731,744,724,687,668,641,644,604,619,574,519,494,464,443,446,396,379,360,336,305,310,232,223,225,220,199,166,150,138,110,102,72,69,58,59,44,40,37,25,16,21,9,5,7,11,3,2,2,1,1,0,0,0,0,0,0,0,0,0,0,0,0,0,0,0,0,0
23.05,0,0,0,0,0,0,1,2,0,0,0,0,1,0,0,1,1,0,1,0,1,0,1,1,1,1,0,1,1,2,1,1,2,0,0,2,2,2,3,5,3,6,1,5,2,4,4,7,3,3,3,1,6,7,3,3,7,4,6,9,3,6,11,6,7,6,3,4,9,9,7,14,7,16,17,10,19,15,21,17,20,19,23,26,25,31,30,33,43,36,41,49,58,61,47,38,65,57,58,60,73,78,71,73,80,73,89,101,112,107,113,114,109,142,132,142,143,139,163,176,173,201,184,183,209,210,242,251,261,265,267,294,315,313,335,326,369,360,364,381,431,410,422,492,479,435,511,481,497,548,559,504,517,574,604,595,609,596,561,641,603,628,675,608,679,688,663,684,652,676,702,692,671,741,735,678,738,689,709,697,754,744,671,718,734,677,700,704,696,737,682,739,755,703,717,747,725,725,786,790,735,775,808,772,764,788,750,799,739,796,820,761,738,796,809,809,823,778,830,780,816,862,849,827,785,839,792,810,790,768,765,772,768,721,727,709,689,679,627,648,583,603,554,532,503,461,428,454,399,374,343,353,309,291,250,225,229,215,192,176,142,136,116,100,69,74,65,61,43,39,34,26,18,20,12,5,6,11,3,2,2,1,1,0,0,0,0,0,0,0,0,0,0,0,0,0,0,0,0,0
23.15,0,0,0,0,0,1,0,1,2,1,1,1,0,0,1,0,1,3,0,1,0,0,1,0,0,0,0,0,1,1,1,1,3,1,2,3,2,3,2,5,8,7,2,4,4,5,1,6,3,2,2,5,1,4,6,4,4,4,1,3,8,7,8,6,7,7,6,4,8,14,9,10,15,14,16,21,13,12,28,23,28,23,34,31,28,39,37,33,36,40,29,54,43,48,54,43,50,57,57,69,69,49,84,84,82,61,86,87,86,120,113,93,127,107,160,127,179,157,150,153,165,194,220,191,210,230,223,241,243,246,267,304,303,325,346,323,343,346,421,380,431,454,407,426,444,465,521,527,547,546,501,518,560,524,559,536,605,618,661,622,589,588,672,670,645,667,692,684,701,694,662,739,746,699,743,727,673,775,713,676,716,749,707,733,748,715,723,723,709,717,735,721,733,680,755,739,737,755,712,732,785,768,717,768,748,762,789,781,752,747,728,779,800,763,785,818,793,779,845,825,770,764,882,819,827,799,801,792,791,765,773,740,746,700,734,704,695,703,609,643,576,578,571,531,516,454,434,447,410,363,328,353,300,291,256,214,223,219,186,165,143,135,120,93,72,69,67,57,34,45,35,27,20,17,13,6,6,10,3,1,3,1,1,0,0,0,0,0,0,0,0,0,0,0,0,0,0,0,0,0
23.25,1,0,0,0,0,1,0,0,0,0,1,0,0,0,0,0,0,0,0,0,0,0,0,1,3,0,0,0,1,1,2,3,0,5,4,3,0,4,2,3,1,4,5,3,7,4,3,5,7,6,9,4,9,3,4,7,9,7,9,7,3,6,5,8,5,7,4,8,5,6,7,12,13,22,22,13,21,26,25,22,24,30,33,21,26,35,34,31,32,40,35,46,59,54,46,53,48,57,69,72,80,61,88,77,77,95,101,93,98,123,90,108,111,152,151,141,152,146,157,131,174,186,186,235,223,208,253,230,264,268,305,265,314,294,333,359,344,372,408,394,379,412,457,434,458,483,492,507,454,519,518,533,520,553,554,628,560,549,633,558,629,649,680,672,649,672,704,670,686,667,639,708,683,692,695,695,727,681,704,720,724,714,720,721,718,712,704,742,718,749,693,726,740,753,781,698,770,773,718,715,766,720,759,745,734,742,743,799,827,718,753,730,782,739,814,807,772,851,811,835,805,750,829,825,822,773,839,823,794,778,705,758,762,703,715,709,695,657,642,639,576,569,579,511,485,458,419,452,412,353,333,342,300,275,268,214,213,213,203,148,146,137,114,100,75,59,64,56,34,42,29,29,18,14,13,5,5,10,3,1,2,2,0,0,0,0,0,0,0,0,0,0,0,0,0,0,0,0,0,0
23.35,0,0,0,1,0,0,0,0,0,0,0,0,0,0,1,0,0,0,1,0,1,3,1,1,2,0,2,0,1,1,2,1,0,1,3,3,2,1,5,2,1,2,5,4,5,4,6,2,5,9,7,4,9,4,3,5,8,8,7,6,3,7,7,5,3,11,8,7,9,3,8,13,16,11,11,15,18,23,23,13,20,27,21,32,26,22,29,32,32,45,41,40,44,43,39,58,45,54,58,74,59,88,73,85,80,85,94,103,82,112,110,126,134,123,136,149,153,158,153,183,183,182,179,200,223,220,242,238,236,250,284,288,319,296,339,352,350,356,393,403,399,398,430,473,463,475,452,491,505,522,501,549,543,499,555,574,625,579,613,644,655,639,650,667,683,594,677,657,668,688,621,689,703,711,657,648,681,707,717,723,721,754,743,703,750,720,704,742,675,755,735,705,758,736,716,745,724,756,755,767,744,732,748,700,705,698,789,717,767,766,775,734,740,803,712,839,802,812,781,853,789,747,759,824,824,804,813,806,810,748,726,715,706,710,731,719,699,645,641,617,556,554,575,529,479,482,406,445,419,339,334,342,310,273,256,214,209,213,199,153,143,137,106,90,86,58,70,53,39,45,29,28,17,15,14,5,5,9,3,1,2,2,0,0,0,0,0,0,0,0,0,0,0,0,0,0,0,0,0,0
23.45,0,0,1,0,1,0,0,0,0,0,0,0,0,1,0,0,2,0,0,1,1,2,2,0,1,1,1,0,0,2,3,1,2,2,3,3,1,3,3,4,2,3,1,5,4,5,5,4,4,9,7,4,5,3,8,5,6,8,8,5,10,0,7,4,9,6,5,10,10,9,14,9,7,18,15,14,14,24,15,25,33,22,20,36,29,31,37,38,39,28,61,54,53,34,58,54,46,61,61,66,81,79,81,90,79,85,78,95,105,102,111,102,114,115,134,146,169,136,145,174,176,176,236,194,227,208,277,240,243,254,272,286,301,288,320,351,348,371,364,374,386,378,400,435,458,511,477,479,483,501,494,522,539,586,539,593,586,611,603,624,635,601,658,678,626,672,663,635,637,667,737,710,691,693,722,715,673,671,706,728,711,711,721,684,711,736,761,717,724,728,757,715,702,696,721,764,712,741,764,744,750,787,703,746,732,737,741,706,745,754,765,770,757,761,718,749,813,804,771,737,844,808,713,792,811,812,809,797,818,777,762,710,695,733,680,738,700,626,665,614,552,536,556,515,472,487,404,440,411,355,323,323,308,278,247,211,216,192,217,142,137,140,101,86,94,64,68,45,36,46,30,29,17,15,13,7,5,8,3,0,2,2,0,0,0,0,0,0,0,0,0,0,0,0,0,0,0,0,0,0
23.55,0,0,0,0,0,0,0,1,0,1,2,1,1,0,1,0,1,0,0,0,1,0,1,1,1,3,1,3,0,3,1,0,0,0,0,1,2,2,3,0,2,2,4,2,5,3,2,6,4,2,7,3,3,8,6,6,8,6,9,4,8,5,5,5,8,4,5,5,9,5,7,14,8,19,13,18,17,25,19,25,29,12,29,31,39,28,30,33,38,35,29,43,37,52,55,57,61,60,50,56,68,69,74,89,82,72,110,96,106,124,92,117,128,129,118,169,153,139,176,165,199,193,192,212,195,238,240,207,248,254,262,285,305,277,305,309,365,368,379,378,405,415,414,429,447,461,477,463,482,516,527,515,514,513,565,575,544,571,569,624,598,562,579,638,624,661,663,643,666,663,640,656,671,672,702,714,683,619,713,706,704,724,678,683,734,734,628,704,730,730,748,682,724,701,737,730,671,693,733,734,759,656,731,736,748,717,762,748,726,763,760,776,760,747,777,730,743,795,780,774,790,834,758,765,790,816,767,841,779,774,737,697,722,705,642,740,673,624,665,594,571,536,536,506,482,477,409,427,415,360,326,309,314,282,257,214,209,191,215,145,137,139,95,80,97,65,58,40,39,41,35,27,19,15,13,9,4,8,5,0,4,2,0,0,0,0,0,0,0,0,0,0,0,0,0,0,0,0,0,0
23.65,0,0,0,0,0,0,1,1,1,0,0,1,2,0,1,1,0,1,0,1,1,1,1,3,1,1,1,3,1,0,0,0,1,1,1,3,1,4,2,1,5,3,2,7,7,7,5,6,3,5,3,6,7,5,4,5,8,5,2,10,6,4,6,3,7,6,12,7,7,12,15,10,10,17,17,15,16,24,19,36,31,27,26,26,25,21,31,35,31,51,46,50,43,50,53,54,53,68,81,56,57,79,74,83,93,93,100,106,106,115,107,113,116,131,162,146,156,164,146,175,177,201,203,202,206,216,242,232,279,256,284,271,330,303,308,328,342,335,393,419,418,422,433,418,418,477,444,461,502,512,488,500,543,534,552,567,568,565,571,647,633,552,624,627,598,648,619,629,704,686,696,634,654,679,706,648,676,716,690,670,668,703,720,703,724,730,715,718,727,726,660,725,703,725,693,702,722,714,702,684,758,727,736,714,725,682,753,756,727,716,758,755,757,740,724,781,699,794,770,809,751,802,797,737,755,845,806,731,775,797,745,684,704,727,666,705,680,595,659,593,581,535,537,492,482,489,407,401,432,347,318,309,309,264,252,223,202,196,213,148,127,151,95,79,94,67,52,42,41,44,34,25,23,12,10,10,5,8,5,0,3,3,0,0,0,0,0,0,0,0,0,0,0,0,0,0,0,0,0,0
23.75,0,0,1,0,0,0,0,1,0,0,0,1,0,0,1,2,1,0,0,0,1,0,1,4,0,1,2,1,2,1,0,2,0,2,2,1,1,3,2,2,4,1,4,3,5,3,3,5,7,2,3,4,7,8,2,4,4,1,7,6,4,5,7,8,5,8,4,5,7,8,10,10,14,12,23,8,16,16,14,30,24,28,24,35,35,27,46,43,37,44,39,39,39,39,47,52,50,66,61,57,78,80,62,69,77,89,88,110,111,92,138,118,105,121,132,155,147,182,137,171,182,202,192,198,210,231,217,222,268,246,265,266,302,280,284,344,352,342,360,371,350,424,420,445,457,484,406,460,477,507,478,506,539,537,565,509,578,585,645,599,598,593,639,633,616,595,646,657,675,706,734,662,680,667,680,735,693,681,668,670,731,679,673,680,731,740,711,670,672,716,746,689,722,676,670,736,712,708,697,705,717,731,727,762,703,690,736,745,669,755,687,724,749,723,784,727,777,718,780,758,745,778,787,773,761,803,818,758,758,768,738,695,705,685,711,672,643,637,631,592,599,522,540,500,497,449,399,381,435,349,305,311,302,266,257,228,202,194,204,158,122,148,98,93,86,70,46,48,37,42,37,24,22,9,12,10,6,9,4,0,1,3,0,0,0,0,0,0,0,0,0,0,0,0,0,0,0,0,0,0
23.85,1,0,0,1,0,0,0,0,0,0,1,2,0,1,0,1,0,2,0,0,2,0,1,0,0,1,2,1,0,3,0,2,1,1,1,2,3,4,1,4,1,3,5,7,2,3,4,2,7,2,3,2,6,6,7,5,6,7,5,5,7,4,7,3,7,7,6,2,10,8,7,13,16,16,22,19,17,17,25,21,17,27,26,27,31,34,41,41,36,40,48,45,53,42,67,53,56,73,57,79,68,57,74,91,91,90,88,79,86,104,113,120,120,103,165,149,142,153,157,181,162,190,200,204,210,227,243,258,251,279,241,261,319,288,313,346,343,337,367,384,425,426,439,457,456,438,505,480,486,496,552,519,546,549,588,552,599,577,579,612,610,624,676,645,634,627,658,657,628,616,675,717,688,659,701,671,653,675,691,679,710,644,701,745,675,665,725,669,666,688,702,710,683,739,693,689,659,715,736,698,650,710,675,707,687,788,739,726,747,713,714,701,731,728,706,778,776,738,725,787,774,742,759,771,760,784,797,791,762,770,714,721,667,722,672,653,648,655,612,608,577,543,538,506,509,441,406,375,399,362,314,297,295,274,260,219,204,199,192,164,115,143,93,102,74,71,48,47,33,45,37,22,17,11,12,11,6,7,5,0,1,2,0,0,0,0,0,0,0,0,0,0,0,0,0,0,0,0,0,0
23.95,0,1,0,0,1,0,0,0,0,0,0,1,1,0,0,0,1,1,0,1,1,1,1,4,2,0,2,0,2,2,1,1,3,1,1,0,1,3,0,3,1,4,2,1,3,4,7,2,5,3,5,3,7,4,8,4,7,5,8,6,1,4,1,5,6,4,5,7,11,5,6,7,16,11,16,13,17,16,24,20,21,26,35,37,30,40,29,45,28,39,47,49,59,45,51,57,60,51,75,61,61,82,73,78,86,84,85,109,104,102,115,112,112,106,121,156,166,167,161,173,149,192,174,194,188,225,248,234,269,253,247,296,300,300,284,330,343,342,332,366,388,370,412,414,448,497,429,485,490,477,507,505,539,550,519,608,561,550,578,617,591,571,582,669,631,646,614,653,615,639,697,636,676,678,669,662,671,664,649,682,684,740,696,673,665,672,717,715,707,680,666,664,693,696,713,715,670,690,728,727,709,692,730,698,738,713,706,700,717,727,715,695,710,723,694,721,724,772,747,733,775,741,767,732,792,726,783,749,763,757,717,714,690,692,730,624,668,645,622,589,573,529,549,504,483,458,403,391,391,363,327,288,291,251,262,231,204,183,196,159,122,136,104,95,74,67,49,48,32,43,32,23,20,11,12,12,7,6,4,0,1,2,0,0,0,0,0,0,0,0,0,0,0,0,0,0,0,0,0,0
24.05,0,0,1,0,0,0,0,0,1,2,1,0,0,0,0,0,1,0,1,1,1,1,0,2,1,0,0,0,4,0,2,2,0,1,3,1,1,1,3,2,0,2,5,5,9,6,6,7,4,7,9,8,6,2,3,6,5,5,6,2,4,5,7,7,6,9,7,4,7,7,9,8,16,15,13,12,20,21,22,28,33,23,32,27,30,31,38,31,47,29,47,63,41,55,61,57,60,53,57,70,76,66,73,80,73,70,94,107,127,99,96,121,135,113,129,135,157,160,158,165,163,167,210,197,198,211,224,215,239,234,250,285,287,316,311,323,337,342,326,387,391,420,432,406,453,455,501,449,469,477,465,536,521,527,510,550,612,597,548,567,601,613,585,615,652,660,583,638,632,661,670,665,621,672,723,685,656,690,694,703,644,741,629,633,738,662,665,703,674,696,720,658,671,704,716,708,680,714,672,723,700,771,726,711,724,700,733,662,687,761,724,722,703,690,682,702,717,727,726,707,749,762,782,711,745,738,764,709,762,726,741,701,677,670,671,649,677,633,630,610,563,520,549,502,496,457,417,404,382,370,331,271,286,255,248,242,203,176,193,163,124,119,120,81,80,63,49,51,34,39,29,23,18,15,11,14,7,4,6,0,1,1,0,0,0,0,0,0,0,0,0,0,0,0,0,0,0,0,0,0
24.15,0,0,0,1,1,0,1,1,0,0,0,1,1,0,1,0,0,0,0,0,0,1,2,0,0,1,1,0,1,1,2,2,1,2,3,1,2,2,2,2,3,4,1,4,2,5,2,7,2,7,3,6,5,6,6,8,7,3,5,10,3,4,4,5,7,5,3,9,1,5,7,17,7,13,17,22,18,27,19,19,23,24,23,21,33,36,38,40,38,43,34,38,44,45,36,47,61,60,81,71,49,75,60,90,84,82,90,106,102,104,107,122,113,118,129,137,138,168,141,186,173,187,229,199,196,223,215,235,271,249,265,298,267,310,312,318,346,377,356,362,381,397,411,406,428,489,444,440,428,493,508,521,506,529,552,542,543,590,559,590,631,597,641,621,611,644,627,633,649,618,654,647,718,700,630,674,628,649,700,635,679,653,716,659,638,686,667,649,642,671,698,675,678,706,663,713,711,671,682,710,693,667,762,735,691,662,747,693,706,678,725,730,705,713,707,693,699,665,764,731,707,749,756,750,707,746,724,720,728,763,728,699,671,646,668,647,640,667,605,619,564,547,529,502,504,454,430,399,369,401,313,274,279,260,240,236,213,178,181,159,131,115,111,89,79,65,50,42,34,39,30,19,20,13,10,15,7,3,6,2,1,1,0,0,0,0,0,0,0,0,0,0,0,0,0,0,0,0,0,0
24.25,0,0,0,1,0,0,0,0,0,2,0,0,0,0,0,1,1,0,0,0,1,1,1,3,1,0,2,1,1,2,3,3,1,1,2,1,1,2,5,2,5,0,2,2,4,1,7,6,3,4,4,4,4,6,4,2,4,4,7,7,5,5,7,4,3,8,1,7,9,9,5,3,8,12,22,22,12,21,19,19,29,21,23,38,25,32,35,27,47,34,36,49,37,45,67,54,61,59,60,71,69,70,92,88,95,81,101,102,102,106,104,127,119,131,132,145,127,145,147,155,176,187,188,210,189,183,223,199,224,224,275,294,303,299,275,289,344,362,340,387,358,416,384,417,431,446,432,487,489,481,478,562,517,521,533,557,576,599,604,555,585,610,587,631,621,632,658,647,639,663,626,630,634,623,629,678,642,674,640,644,694,655,646,658,640,679,659,703,662,672,728,672,665,645,709,702,661,706,703,671,745,679,683,744,664,735,710,729,724,702,671,699,737,699,730,688,707,698,717,765,670,715,745,733,676,722,726,738,732,714,733,715,662,638,671,639,598,669,600,600,570,559,510,515,478,468,426,409,371,410,313,280,272,256,234,236,221,184,156,168,145,110,112,88,75,67,55,36,30,39,28,22,21,12,8,15,7,2,7,2,2,1,0,0,0,0,0,0,0,0,0,0,0,0,0,0,0,0,0,0
24.35,0,1,0,0,0,0,0,0,1,1,1,0,1,1,0,0,0,0,0,1,1,0,1,1,0,0,2,0,1,1,0,2,2,2,2,1,4,3,3,1,8,1,5,6,1,3,2,4,5,7,6,3,7,3,6,1,8,2,7,7,7,5,7,4,8,3,8,9,5,11,12,9,20,15,18,21,19,34,29,23,23,30,20,24,23,35,32,32,32,32,35,64,48,52,58,59,55,69,62,82,69,77,80,77,97,99,82,83,105,103,121,97,131,115,119,127,157,154,166,154,162,159,169,196,226,211,245,225,247,244,264,265,285,301,291,307,320,349,332,358,408,403,421,418,466,413,438,463,472,471,541,488,542,555,559,565,543,614,537,569,598,616,625,617,626,618,615,677,652,666,638,634,631,610,651,696,660,688,638,689,703,684,618,624,645,656,644,664,606,658,685,655,702,705,684,634,683,638,692,684,650,689,669,720,713,723,705,708,714,744,713,684,688,667,686,727,699,741,701,698,763,658,711,731,714,719,708,750,727,727,708,741,642,631,642,639,597,648,588,612,575,548,522,498,463,474,422,398,372,384,329,279,274,254,228,225,225,175,155,168,146,112,110,88,73,71,56,37,31,37,27,21,18,13,7,13,6,3,6,2,2,1,0,2,0,0,0,0,0,0,0,0,0,0,0,0,0,0,0,0
24.45,0,0,0,0,0,0,1,1,1,0,0,1,2,0,0,1,1,0,0,0,2,1,1,1,1,1,0,3,3,0,4,1,1,2,2,2,6,4,2,1,4,2,0,6,7,4,10,9,4,3,3,9,10,2,6,6,7,3,8,5,3,6,5,10,3,6,7,7,6,7,5,12,9,16,14,11,24,18,22,37,27,25,34,28,32,36,43,31,42,35,50,54,40,43,51,53,53,58,56,57,59,90,65,77,85,82,78,83,94,85,91,105,147,128,129,131,140,139,160,175,175,156,202,186,193,206,217,224,223,259,274,262,259,290,302,329,320,348,382,362,408,369,388,401,441,506,444,449,466,465,539,491,513,549,535,551,565,577,542,589,569,618,579,615,631,617,600,633,628,611,646,639,674,644,646,677,675,680,712,662,697,640,673,696,656,677,601,651,622,641,670,647,682,623,642,689,688,708,682,650,636,688,633,734,644,734,713,701,669,741,725,709,658,694,664,670,753,681,715,725,704,726,662,711,726,694,683,746,728,750,695,713,679,582,644,636,569,645,571,611,558,559,500,518,458,454,418,400,378,375,329,283,261,238,241,231,222,171,160,160,144,112,107,91,74,69,57,36,36,31,28,19,17,14,10,13,6,1,5,2,1,1,0,2,0,0,0,0,0,0,0,0,0,0,0,0,0,0,0,0
24.55,1,0,0,0,2,0,0,0,0,1,0,1,0,0,0,1,0,0,2,1,0,2,0,0,0,3,3,2,2,1,1,1,2,0,2,0,2,1,0,0,3,6,1,2,5,6,6,5,7,7,5,6,8,6,3,8,3,6,5,4,6,7,4,5,8,7,3,4,1,12,9,9,13,13,10,17,20,25,15,19,21,19,31,31,40,28,32,39,33,40,39,52,52,39,53,42,44,58,61,54,67,65,68,74,89,92,93,102,106,109,108,122,125,130,136,147,136,137,144,161,169,179,185,195,188,244,217,246,272,272,219,301,260,321,304,348,332,353,391,346,382,413,397,408,426,420,433,480,466,481,527,483,501,499,537,553,534,573,562,559,582,593,581,613,614,602,637,607,660,610,649,610,709,611,685,640,656,653,628,634,637,683,639,663,700,674,691,709,669,639,686,668,603,643,665,662,682,706,649,674,657,643,630,677,660,683,739,674,696,709,709,700,717,678,687,638,723,720,687,687,699,741,702,691,683,674,723,685,729,698,722,701,703,627,634,642,585,558,639,565,546,555,491,503,474,457,413,383,371,370,327,284,256,247,240,223,228,168,163,155,147,118,105,96,78,63,54,44,37,31,25,21,18,13,11,13,7,1,5,2,1,1,0,2,0,0,0,0,0,0,0,0,0,0,0,0,0,0,0,0
24.65,0,0,0,0,1,0,0,1,0,0,1,0,1,0,0,0,0,0,0,1,3,0,2,0,1,2,1,3,1,1,2,1,1,1,2,5,1,5,3,2,4,4,2,5,3,9,4,3,9,4,2,4,6,6,11,5,5,5,14,3,7,6,1,5,9,3,3,2,4,9,4,14,14,17,12,24,21,22,16,15,16,25,37,36,29,27,29,30,38,46,39,45,39,45,56,42,51,53,48,67,70,81,62,102,85,73,86,75,102,99,125,109,117,141,134,126,156,156,136,166,189,191,160,195,213,218,240,260,254,254,281,294,303,299,303,327,379,356,349,377,358,396,376,409,442,430,463,444,510,484,500,454,504,483,523,496,555,555,554,563,565,608,595,633,613,638,634,665,604,635,620,655,642,645,638,670,621,641,621,654,668,649,674,615,689,626,631,643,633,672,703,646,695,656,654,666,636,678,608,695,705,657,655,623,620,702,647,732,699,671,701,699,698,687,682,717,649,701,679,689,705,679,703,660,676,697,705,735,702,663,697,733,695,658,590,606,602,565,604,567,533,552,531,495,482,450,395,378,370,356,330,293,261,237,233,240,221,179,167,146,142,116,106,102,67,67,49,45,38,33,24,21,14,12,10,14,8,0,4,3,1,1,0,2,0,0,0,0,0,0,0,0,0,0,0,0,0,0,0,0
24.75,1,1,0,0,0,0,1,0,0,0,0,0,1,0,1,0,0,0,0,1,1,0,1,0,0,1,0,1,2,1,0,1,2,5,0,0,3,1,1,6,3,2,1,7,4,3,10,7,4,4,5,7,8,1,5,6,7,6,11,3,6,6,5,7,7,7,3,5,8,8,8,15,14,17,19,16,20,20,24,28,18,23,19,34,44,37,34,35,41,35,41,49,34,40,47,51,47,61,56,56,57,65,82,84,87,92,90,87,112,109,108,121,135,125,127,140,140,151,149,180,155,173,185,196,201,198,202,241,230,243,287,281,289,303,285,301,300,340,358,373,389,400,371,394,423,434,457,483,443,498,474,488,488,529,575,532,569,546,584,541,549,548,609,616,592,657,568,652,614,611,627,667,630,621,651,648,619,628,599,675,669,670,643,627,638,689,644,650,628,679,630,682,684,632,646,666,647,681,667,679,613,697,672,686,653,653,632,661,639,707,671,669,698,680,698,675,664,660,746,650,671,703,640,671,683,655,727,669,724,683,715,714,694,652,605,602,590,561,608,580,548,529,534,479,473,452,414,371,357,358,323,301,255,243,223,237,224,184,160,146,130,126,109,99,66,66,44,47,33,35,23,20,13,11,10,12,9,0,3,3,1,1,1,1,0,0,0,0,0,0,0,0,0,0,0,0,0,0,0,0
24.85,0,0,0,0,0,0,1,0,0,0,0,2,0,0,2,1,1,0,0,2,1,1,1,0,0,0,3,1,3,1,2,0,3,1,0,1,3,2,2,3,2,6,1,1,5,9,5,3,3,2,6,7,9,4,5,4,2,3,3,7,6,6,11,5,7,8,3,6,15,9,10,11,7,13,19,22,6,25,25,26,22,25,26,22,32,36,22,48,41,34,32,38,44,49,36,51,59,50,62,65,81,72,71,77,93,93,83,93,100,121,118,126,123,123,122,129,139,173,144,161,173,188,175,214,200,206,230,226,228,256,303,239,278,296,314,328,357,348,340,365,382,355,378,395,423,405,425,470,470,479,490,486,542,498,512,579,525,556,547,557,554,562,588,578,630,613,636,575,644,617,633,631,623,682,597,663,568,652,628,673,630,661,640,620,678,679,636,624,654,658,604,652,635,655,639,655,666,637,645,634,652,665,699,632,692,652,645,704,608,659,655,696,670,740,677,670,648,663,693,706,668,662,693,667,667,656,672,697,674,698,695,687,701,669,620,606,609,547,574,583,548,508,528,482,475,458,389,376,367,354,327,300,261,229,224,232,210,188,163,141,135,124,109,99,66,66,42,48,33,30,23,19,14,13,9,11,7,1,3,3,1,1,1,1,0,0,0,0,0,0,0,0,0,0,0,0,0,0,0,0
24.95,0,0,0,0,0,0,0,0,0,1,0,0,1,1,1,1,0,1,1,1,1,1,1,2,0,0,3,2,0,3,1,1,4,1,1,3,3,5,3,2,1,2,3,2,4,2,2,3,5,5,2,4,4,5,5,8,5,4,4,3,5,9,7,3,12,2,5,7,8,1,8,9,13,11,20,17,19,21,14,16,28,26,25,30,30,30,36,34,34,32,53,50,28,32,50,50,48,51,56,63,71,57,62,72,70,89,94,84,79,110,116,125,127,120,132,123,157,143,161,161,170,198,191,177,183,212,190,218,251,245,268,299,281,274,319,316,333,354,376,371,357,382,421,411,444,432,469,420,450,510,455,457,472,569,521,529,541,526,509,598,568,623,599,592,627,588,597,600,625,625,625,635,626,668,653,648,635,639,644,627,626,654,623,675,637,648,596,640,600,625,632,626,630,645,609,622,654,621,633,651,630,660,653,681,666,690,659,649,614,622,619,703,674,692,704,644,685,648,649,704,683,665,691,684,657,642,662,678,667,652,689,690,684,681,624,583,606,531,574,572,550,512,538,456,475,473,400,361,365,360,312,301,267,234,222,218,206,190,164,142,129,122,99,94,69,68,38,53,32,28,31,17,12,13,11,9,7,1,3,3,1,1,1,1,0,0,0,0,0,0,0,0,0,0,0,0,0,0,0,0
25.05,0,0,1,0,1,0,0,1,0,1,1,1,1,1,0,1,1,0,1,1,1,0,0,1,1,2,2,0,2,1,0,2,0,3,2,1,3,3,3,3,1,1,4,5,3,6,7,0,7,2,5,5,3,2,3,7,8,4,8,7,5,9,11,2,8,6,5,3,6,7,9,14,11,18,13,18,22,15,22,21,27,27,31,29,29,43,32,41,29,38,36,44,43,57,49,52,60,60,69,65,60,68,79,69,79,74,85,99,93,96,104,117,113,143,136,144,154,161,171,169,162,178,183,187,209,224,202,222,251,247,265,301,278,296,307,324,295,341,360,381,353,373,435,437,395,430,447,474,475,483,461,529,493,462,505,541,532,563,558,542,560,546,574,571,601,580,607,599,592,627,641,578,618,620,589,623,572,633,650,649,660,596,693,650,589,635,619,648,672,581,676,634,610,628,638,632,594,619,626,619,632,633,659,661,662,701,629,626,598,630,637,664,675,671,690,678,658,664,670,686,670,670,672,688,666,647,627,677,654,700,633,666,678,658,655,610,585,526,567,530,550,536,534,478,462,448,430,348,365,365,311,290,263,238,210,220,218,184,154,153,134,117,98,102,64,71,36,53,32,33,26,19,14,13,8,10,6,2,3,3,1,1,1,1,0,0,0,0,0,0,0,0,0,0,0,0,0,0,0,0
25.15,0,0,0,0,0,0,1,0,0,0,0,0,0,0,0,1,1,0,0,2,0,1,1,1,1,0,2,2,2,1,4,3,1,1,0,3,0,2,1,1,5,4,1,4,7,4,7,5,6,6,8,4,4,8,6,6,5,4,8,3,3,7,3,7,10,7,6,10,12,10,9,12,14,10,18,17,20,22,22,18,33,19,30,29,15,21,42,22,44,28,38,41,45,49,45,72,59,62,71,75,57,81,70,82,77,98,85,111,110,100,113,118,86,118,113,119,126,152,137,162,169,174,194,223,202,230,236,209,224,241,260,255,304,290,292,301,329,321,346,340,373,370,422,414,426,453,425,473,491,503,494,468,531,501,542,564,572,552,589,542,613,571,599,556,571,588,610,596,611,607,612,650,642,591,619,639,596,641,600,590,601,636,610,658,623,650,612,639,597,652,607,642,609,630,588,646,651,713,571,654,665,602,586,625,656,649,679,679,646,602,651,655,638,640,717,636,657,632,636,676,663,648,666,670,651,664,607,679,637,676,640,672,671,626,618,620,575,539,529,549,524,542,515,480,456,437,466,343,356,360,331,272,273,236,223,210,208,193,148,155,130,112,103,103,63,70,38,53,34,34,29,17,12,13,8,8,5,2,2,4,1,0,1,1,0,0,0,0,0,0,0,0,0,0,0,0,0,0,0,0
25.25,0,0,0,0,0,0,0,0,0,1,0,1,0,0,1,1,0,2,0,4,1,0,0,0,1,1,3,1,1,2,4,2,0,1,3,3,0,2,5,0,3,1,4,3,4,5,7,4,5,3,4,3,5,1,4,2,3,5,5,5,7,8,4,6,6,5,7,11,4,8,10,8,9,11,21,18,21,30,23,13,27,29,28,31,32,34,36,39,40,35,35,57,43,51,42,58,46,46,54,61,61,74,67,82,71,85,89,88,104,99,115,123,132,121,113,128,135,145,138,185,177,167,185,185,186,220,211,228,241,242,239,263,260,321,316,293,307,332,326,373,387,414,392,387,461,426,444,441,436,501,456,450,472,487,492,550,509,533,534,511,572,526,560,581,568,628,563,594,613,585,578,623,642,583,617,638,649,604,602,663,671,611,612,618,656,635,614,616,629,606,634,607,625,643,659,694,595,589,623,617,612,634,623,602,591,647,657,688,671,616,640,650,672,591,646,663,632,660,645,653,648,671,680,662,663,654,649,642,639,640,657,656,659,642,598,593,587,550,529,525,523,544,492,464,437,437,452,367,342,348,319,286,268,229,239,213,196,192,156,150,130,117,96,100,69,66,40,52,33,32,31,17,12,11,8,8,4,2,2,3,2,0,1,1,0,0,0,0,0,0,0,0,0,0,0,0,0,0,0,0
25.35,1,0,0,1,0,0,0,1,0,0,0,1,0,0,1,1,0,0,1,1,1,0,0,2,1,0,0,1,0,0,0,1,2,1,4,3,2,3,1,1,4,5,0,5,4,2,6,11,8,3,4,6,4,3,3,4,6,8,4,3,4,3,4,5,4,4,6,4,7,12,15,10,10,12,17,13,23,14,25,22,28,17,31,23,33,33,25,38,38,33,48,48,45,48,42,59,57,52,70,62,63,70,57,88,98,90,82,89,91,110,86,99,90,126,115,125,144,157,158,157,162,168,187,186,208,217,216,196,225,234,246,256,270,282,297,284,334,337,346,382,374,415,412,392,413,425,444,451,459,496,477,498,485,494,539,520,517,505,542,583,550,559,562,579,638,557,580,591,565,597,578,622,608,668,630,572,565,613,626,638,633,634,590,643,602,600,650,644,585,616,617,596,631,641,618,640,617,609,672,607,557,600,631,628,602,639,637,643,646,674,612,622,648,657,613,650,636,653,653,647,617,658,682,664,652,625,677,620,633,618,670,636,677,610,620,573,576,581,519,520,505,534,487,475,419,436,435,361,353,346,325,281,265,231,245,197,207,189,150,145,130,112,101,94,74,65,42,51,34,32,29,16,11,13,10,8,3,3,2,3,2,0,1,1,0,0,0,0,0,0,0,0,0,0,0,0,0,0,0,0
25.45,0,0,0,0,0,1,0,0,2,0,0,0,0,0,0,0,0,0,0,0,1,1,1,0,2,3,1,3,3,4,1,1,2,0,1,3,5,4,3,4,2,2,2,2,7,3,6,1,4,2,3,6,0,7,3,2,2,8,7,3,9,3,4,7,9,4,4,4,6,11,7,14,4,15,21,18,21,13,26,22,26,23,32,28,15,35,27,35,35,44,33,38,51,43,49,54,61,43,56,76,70,68,61,71,68,98,81,84,79,117,99,118,108,120,126,129,157,136,165,135,153,173,188,183,188,205,212,211,216,236,261,287,283,253,298,295,331,320,331,355,378,376,399,394,434,452,439,422,420,472,485,481,498,479,508,492,576,521,559,574,541,578,565,552,541,591,578,591,604,624,628,601,604,623,598,579,564,561,611,583,589,629,624,596,607,607,630,645,609,635,618,663,591,598,570,608,660,658,622,598,594,622,613,585,604,630,618,630,625,656,656,628,623,694,609,611,651,643,639,621,607,663,638,652,670,653,620,623,614,635,672,643,613,631,615,590,565,576,519,508,509,528,499,466,429,446,417,363,357,320,329,266,260,240,249,199,210,181,159,140,125,110,96,90,74,70,46,50,34,32,29,18,8,14,10,6,4,2,3,3,2,0,1,0,1,0,0,0,0,0,0,0,0,0,0,0,0,0,0,0
25.55,0,0,0,0,0,0,0,0,0,1,0,1,0,0,0,0,1,0,0,0,1,2,2,0,0,1,2,0,0,1,1,1,1,1,1,2,4,2,2,4,3,1,5,3,3,4,3,8,5,7,3,2,6,3,7,4,5,7,7,5,5,1,6,12,3,5,7,5,6,10,12,10,17,13,18,21,23,27,23,30,34,27,19,28,33,28,44,25,27,41,52,37,46,40,45,51,51,64,55,75,63,76,59,72,84,88,96,102,93,97,85,124,127,114,116,122,122,144,174,168,161,195,197,174,220,186,226,219,238,245,225,273,285,288,287,312,301,309,320,338,349,399,414,424,416,415,456,402,471,477,462,443,456,552,478,499,505,515,522,588,499,525,566,541,611,632,623,605,557,589,612,576,646,614,594,574,625,600,578,658,596,595,564,561,625,610,632,621,577,609,610,617,620,567,614,624,646,579,604,609,650,607,632,592,606,601,584,648,644,615,637,662,613,653,635,580,610,647,643,647,644,600,639,691,662,676,605,620,615,659,642,637,591,623,598,594,588,555,542,477,505,511,478,470,444,429,412,363,355,323,317,265,254,241,245,204,208,173,163,141,124,118,104,81,77,70,38,50,39,28,31,15,9,13,9,6,5,3,2,3,0,0,1,0,1,0,0,0,0,0,0,0,0,0,0,0,0,0,0,0
25.65,0,1,0,0,0,0,0,0,1,0,0,0,1,2,0,0,1,2,0,0,0,1,2,0,0,1,1,1,1,2,0,1,0,0,2,4,2,0,0,3,5,4,3,4,2,4,7,6,2,4,7,4,4,7,7,5,5,4,1,3,1,6,5,5,7,8,6,5,7,4,11,8,12,14,22,11,20,18,23,24,23,20,32,30,40,44,34,37,42,34,44,43,35,44,48,54,48,61,62,65,53,68,72,76,79,70,86,91,103,112,105,94,134,127,141,152,119,153,156,146,187,198,192,187,198,225,202,220,244,254,255,296,270,310,281,306,332,310,343,350,388,393,393,403,461,429,430,444,469,458,477,514,463,501,510,487,495,566,554,554,555,549,578,592,565,579,584,594,583,565,611,656,614,594,604,607,601,617,573,657,648,609,615,593,603,593,602,604,593,639,590,615,622,600,601,596,579,590,613,629,612,586,635,580,608,613,608,603,617,609,634,623,667,627,633,605,599,646,644,599,687,577,631,654,672,669,627,614,604,620,638,619,616,602,579,591,581,553,525,502,501,494,471,478,419,435,409,367,345,329,310,275,247,248,229,202,210,184,157,138,128,116,93,79,78,68,35,52,37,31,30,17,8,13,12,5,4,4,2,2,0,0,2,0,1,0,0,0,0,0,0,0,0,0,0,0,0,0,0,0
25.75,0,0,0,1,0,0,0,0,0,0,0,0,0,0,0,0,2,0,1,2,0,0,2,2,0,2,0,0,1,0,1,2,3,2,1,1,0,3,2,1,2,2,5,7,5,2,6,4,3,3,2,9,7,5,5,4,3,7,5,5,5,10,3,4,5,10,4,6,9,6,12,14,11,8,14,23,20,13,16,25,33,20,21,24,32,31,31,32,35,42,35,35,43,47,50,65,51,56,56,62,60,74,72,78,80,94,82,89,107,99,104,112,114,129,116,140,130,145,162,166,173,192,181,173,188,216,218,223,242,247,250,271,249,265,287,304,310,325,370,350,375,392,399,385,439,449,451,427,444,451,492,448,477,528,560,526,538,515,511,511,552,522,579,584,556,660,561,629,602,630,576,583,569,620,626,611,601,619,637,646,623,612,648,592,612,616,554,568,581,593,625,591,593,610,623,599,599,565,588,604,620,651,594,563,623,575,600,557,625,614,590,647,642,607,638,673,610,593,640,583,679,601,612,658,665,651,609,635,612,589,643,588,609,598,571,592,569,555,513,489,482,517,474,461,419,426,400,362,357,310,316,263,255,231,235,200,221,184,155,149,134,102,92,75,80,68,36,49,44,29,28,18,10,12,12,5,3,4,3,2,0,0,2,0,1,0,0,0,0,0,0,0,0,0,0,0,0,0,0,0
25.85,1,0,0,0,0,1,1,0,0,0,1,1,0,0,0,0,0,2,0,2,0,0,0,0,1,0,0,2,0,0,2,2,2,5,1,3,0,0,1,4,3,2,5,5,4,3,3,7,9,5,4,3,3,6,4,0,7,3,4,5,3,4,5,4,3,6,7,7,9,5,12,11,17,11,16,21,16,15,28,27,27,17,22,29,33,35,33,32,43,39,37,35,45,45,48,51,51,59,62,62,71,65,75,78,89,82,85,88,104,107,122,122,105,140,155,128,147,140,162,146,162,164,182,193,187,206,178,199,231,258,261,282,272,261,283,322,287,337,345,319,326,365,341,380,426,375,433,443,440,491,426,505,483,501,543,538,553,539,586,587,528,568,561,577,562,554,592,620,559,593,591,602,612,590,618,621,569,582,587,570,570,553,621,625,637,636,617,602,572,605,585,590,606,605,562,531,664,581,564,571,589,580,604,630,559,604,561,571,610,589,615,593,619,624,631,655,599,600,606,620,612,638,611,609,650,676,601,606,597,611,618,595,583,594,576,558,550,566,512,500,461,499,473,444,431,427,411,367,337,323,313,259,257,232,237,189,215,189,155,156,136,91,93,75,80,64,37,52,37,33,24,20,11,13,10,7,3,5,2,2,0,0,2,0,1,0,0,0,0,0,0,0,0,0,0,0,0,0,0,0
25.95,0,0,0,0,0,0,1,0,1,0,0,0,0,1,2,0,0,0,2,0,0,0,0,4,3,0,0,1,2,0,1,0,0,2,1,1,2,3,2,3,2,5,3,1,6,2,0,8,9,5,2,5,5,2,8,9,5,4,7,4,7,8,7,7,7,5,4,12,7,7,8,17,13,15,12,13,18,25,26,20,24,30,23,26,28,25,31,53,41,39,39,44,37,37,45,55,47,64,48,54,56,50,70,57,74,84,73,88,96,108,97,99,108,108,122,123,135,148,149,134,157,185,175,177,199,216,216,217,244,254,250,272,277,259,284,283,335,328,351,324,362,399,385,383,423,403,442,454,453,488,449,448,484,481,450,505,525,521,551,550,541,525,535,556,572,511,594,566,598,617,603,636,621,603,572,609,598,573,588,598,587,576,587,596,566,585,629,603,625,562,597,622,599,551,552,606,597,589,587,605,584,556,604,596,615,573,599,609,551,593,602,614,555,640,639,612,597,586,585,640,609,613,607,621,610,688,603,597,590,610,594,598,552,582,586,563,534,558,519,523,462,485,468,446,422,412,405,389,325,318,307,260,257,241,229,186,204,188,157,158,137,85,88,78,75,69,38,54,34,35,24,19,8,11,11,7,3,4,2,2,0,0,2,0,1,0,0,0,0,0,0,0,0,0,0,0,0,0,0,0
26.05,0,0,0,1,0,0,0,0,1,2,1,0,0,1,0,0,0,0,1,0,3,2,2,1,0,1,1,0,1,4,2,1,1,4,5,4,0,5,3,2,3,2,2,5,2,7,2,1,4,1,4,2,3,4,3,4,2,7,2,8,2,5,7,9,6,6,7,8,7,3,14,17,19,13,18,14,15,26,18,24,20,22,27,30,25,37,30,36,37,32,33,43,47,61,59,57,62,70,57,61,74,64,69,65,79,86,77,104,89,87,102,104,111,122,122,140,136,139,150,179,166,169,183,159,206,204,262,248,250,267,235,232,275,275,269,302,288,331,343,322,325,373,384,393,381,389,410,481,450,433,449,452,444,513,505,518,533,528,497,493,510,543,551,588,556,565,537,584,592,580,575,600,581,581,608,586,615,625,555,599,556,610,609,568,593,572,563,538,590,601,582,599,567,614,577,574,614,616,602,552,527,603,544,614,551,602,574,621,585,596,564,615,613,578,648,607,622,599,582,646,613,613,557,614,621,629,675,584,580,608,587,577,554,571,570,574,519,545,504,552,466,477,457,453,403,419,384,358,341,325,304,270,249,241,222,181,208,176,157,155,136,90,83,79,70,75,40,46,38,35,24,17,8,11,10,7,4,4,1,2,0,0,2,0,1,0,0,0,0,0,0,0,0,0,0,0,0,0,0,0
26.15,1,1,0,0,0,1,0,0,1,1,1,0,1,1,0,1,0,1,1,0,1,0,0,2,2,1,2,0,0,1,2,2,3,3,1,3,0,3,5,2,3,3,2,0,7,4,4,6,2,2,3,2,2,5,3,5,2,4,3,2,9,4,5,12,6,7,6,8,3,8,7,11,13,17,19,17,25,17,25,13,19,20,27,28,27,20,27,31,35,37,38,46,45,39,32,48,43,51,52,57,58,74,74,64,77,90,86,96,87,116,122,131,117,121,133,135,128,143,153,163,177,158,168,190,206,204,221,212,204,252,271,242,268,267,290,303,313,317,327,308,359,364,380,392,434,454,449,459,445,464,477,487,497,531,518,507,477,519,518,541,534,567,581,531,572,583,582,594,569,594,589,575,598,574,578,572,609,595,586,588,580,611,625,536,576,562,578,602,588,561,564,547,582,577,595,590,628,528,566,582,620,558,578,594,560,609,587,579,602,551,586,579,620,536,608,638,628,583,570,604,570,633,585,584,630,630,629,600,612,589,565,580,558,555,561,557,540,530,494,526,461,488,463,442,419,402,380,344,352,329,289,263,257,232,208,183,212,177,155,152,145,84,87,78,69,76,41,43,40,30,25,17,9,10,8,6,4,4,1,2,0,0,1,0,1,0,0,0,0,0,0,0,0,0,0,0,0,0,0,0
26.25,0,0,0,0,0,0,1,1,1,1,0,1,1,0,0,0,0,1,1,1,0,0,1,4,1,2,2,0,1,1,2,3,1,2,2,1,1,1,4,1,4,1,2,1,3,5,6,3,5,3,6,2,2,6,4,10,8,4,5,5,4,2,3,5,3,9,4,5,9,10,8,9,21,18,23,11,12,17,19,21,27,32,28,27,20,22,40,34,43,37,38,36,47,39,54,51,48,66,59,72,72,73,74,72,84,85,82,105,97,101,87,106,128,114,112,122,163,138,148,167,161,169,166,183,189,225,213,222,217,233,223,267,261,289,311,306,299,317,324,342,356,376,360,400,399,408,432,418,432,433,436,440,430,480,517,500,505,533,565,544,580,544,517,540,546,544,571,567,583,600,581,598,601,583,642,595,564,575,542,593,617,575,593,601,605,603,574,589,554,589,592,583,600,591,578,550,561,567,589,565,579,575,586,579,626,565,565,539,631,577,587,545,551,605,540,626,619,625,573,549,628,583,624,558,575,635,649,615,595,596,568,603,535,544,570,560,545,540,499,502,475,446,463,438,400,410,372,358,330,331,282,274,254,230,194,187,211,172,161,148,136,81,76,77,72,68,42,44,42,29,27,17,8,9,8,5,4,4,0,2,0,0,1,0,1,0,0,0,0,0,0,0,0,0,0,0,0,0,0,0
26.35,0,1,1,0,0,0,0,1,0,0,2,1,0,0,0,1,1,2,0,0,0,1,1,0,2,0,1,1,1,0,4,1,3,2,5,4,3,4,2,3,3,3,1,2,2,2,3,7,2,7,6,8,3,3,4,3,6,4,9,3,7,7,2,11,6,8,7,9,4,6,17,13,11,13,21,20,18,24,17,27,13,30,42,24,35,37,29,32,34,39,40,54,50,50,59,48,54,57,61,69,78,73,73,96,92,85,89,85,100,94,102,99,114,115,122,121,117,156,156,163,153,156,167,186,176,194,205,221,226,208,235,234,248,254,313,308,331,318,343,339,355,353,375,385,381,448,418,428,488,446,459,472,487,486,520,525,503,504,532,550,566,533,560,592,543,553,584,518,585,595,562,584,580,581,582,579,576,585,618,589,618,563,595,574,598,582,584,571,572,561,566,571,567,568,590,579,555,565,617,599,546,551,557,555,585,637,569,567,571,581,591,534,613,579,556,559,604,625,593,546,587,590,615,567,582,575,620,649,589,598,569,570,555,544,574,560,528,522,519,485,460,430,444,428,406,400,366,383,328,339,277,269,247,238,194,198,210,166,164,156,132,77,78,76,66,63,45,43,46,26,25,15,7,10,8,5,5,4,0,3,0,0,1,0,1,0,0,0,0,0,0,0,0,0,0,0,0,0,0,0
26.45,0,0,0,0,0,0,0,0,2,0,0,0,0,1,1,1,0,1,1,1,0,0,0,0,1,0,0,0,2,2,1,1,1,4,3,1,3,1,7,3,2,1,1,3,1,0,3,1,6,4,4,5,0,5,9,5,8,1,5,8,4,8,8,3,7,6,6,6,9,10,7,15,14,15,17,18,23,19,27,25,26,26,16,32,27,26,30,39,30,40,36,47,44,39,49,47,41,48,63,54,70,85,70,63,81,84,75,79,98,85,113,105,114,102,119,123,140,145,162,144,182,173,169,198,180,229,207,245,235,234,262,267,252,280,287,288,295,313,333,328,347,368,379,405,407,405,442,462,451,416,450,470,511,428,481,486,494,504,502,536,523,534,522,564,626,591,556,587,564,597,567,579,565,600,568,611,585,608,555,587,606,621,606,567,611,559,550,572,574,618,541,570,581,540,572,544,547,561,557,587,556,592,560,608,534,547,632,553,584,558,566,567,582,571,567,558,601,631,581,549,527,604,601,577,555,597,624,604,610,570,575,573,568,560,560,562,522,508,514,463,471,425,444,415,417,379,371,385,329,338,276,272,235,242,205,191,199,159,157,157,132,70,83,77,66,52,44,44,47,29,21,16,6,11,8,5,4,5,0,3,0,0,1,0,0,0,0,0,0,0,0,0,0,0,0,0,0,0,0,0
26.55,0,0,0,0,1,0,0,0,0,0,1,0,0,0,2,0,0,1,0,1,0,2,0,2,1,1,0,0,4,0,3,2,2,2,3,2,1,0,0,4,3,5,4,6,4,8,6,4,4,4,2,2,8,4,7,2,4,4,4,10,6,4,8,3,5,7,8,11,10,10,11,10,12,22,18,14,13,21,20,26,15,28,25,36,29,36,38,38,32,39,41,47,55,56,62,54,62,62,71,72,57,54,69,61,96,80,74,102,95,97,97,98,111,120,130,144,158,158,142,154,184,170,190,171,167,189,206,226,242,255,216,227,275,302,280,295,286,322,340,360,338,385,374,406,411,449,464,381,463,404,439,456,460,497,514,465,512,514,585,505,532,545,547,513,536,515,566,574,547,532,522,581,548,536,547,553,607,557,598,581,577,541,561,584,582,585,583,576,586,610,554,624,572,551,588,562,526,558,556,542,585,565,561,571,611,562,518,565,567,564,575,558,569,580,584,531,587,567,601,567,513,573,588,613,546,566,597,605,595,574,565,576,552,559,544,509,549,516,517,444,503,391,438,420,392,386,363,393,340,337,255,285,225,230,205,204,187,162,154,147,133,74,88,75,68,47,45,38,45,28,22,16,8,13,7,5,6,4,0,2,0,0,1,0,0,0,0,0,0,0,0,0,0,0,0,0,0,0,0,0
26.65,0,0,0,0,0,0,0,1,0,1,1,0,0,0,2,1,1,3,1,0,0,0,1,0,0,2,1,0,0,3,2,1,1,0,1,1,0,4,2,2,2,2,0,3,3,1,2,4,4,7,7,3,5,4,4,8,5,4,5,7,6,6,5,5,3,4,8,6,7,15,12,19,18,13,16,18,14,16,13,18,15,31,24,34,30,27,37,27,26,33,35,47,43,38,40,54,54,48,54,66,58,79,81,74,68,80,93,89,91,102,114,108,122,124,133,136,154,136,164,169,152,173,164,151,190,227,200,212,217,234,249,242,243,271,302,298,334,340,280,320,376,390,373,400,430,394,392,421,409,441,461,459,450,461,490,515,522,527,469,539,533,565,509,533,551,569,545,528,551,611,551,542,590,570,558,570,551,621,549,529,584,563,559,562,588,568,562,564,543,587,552,570,553,537,606,580,555,555,536,558,532,579,542,575,540,567,550,527,556,576,566,579,581,581,590,530,541,567,620,554,583,530,589,570,540,562,584,613,603,556,547,587,544,578,524,487,551,474,528,429,481,413,431,394,411,375,353,385,354,323,258,285,230,215,206,199,188,156,151,136,137,74,89,69,70,44,46,41,41,29,23,16,8,12,7,3,6,4,0,2,0,0,1,0,0,0,0,0,0,0,0,0,0,0,0,0,0,0,0,0
26.75,0,0,0,0,1,0,0,1,0,0,0,0,0,0,0,0,0,1,1,1,0,1,2,1,1,0,0,0,0,1,1,2,1,2,1,3,2,2,0,4,2,2,4,7,4,3,7,5,5,6,8,5,3,7,5,2,0,5,3,6,5,7,4,7,6,3,7,13,9,10,12,10,13,18,15,22,10,24,25,33,26,19,30,30,32,28,19,32,40,42,44,46,35,54,50,36,32,47,63,55,68,62,65,79,71,77,79,96,99,108,97,103,98,120,131,118,129,138,127,142,162,155,172,183,170,202,178,199,233,225,252,226,212,279,234,308,292,334,331,318,343,346,346,355,415,403,437,362,440,465,461,443,477,487,494,484,535,542,494,499,529,547,526,540,549,514,559,571,571,591,597,556,593,522,597,602,577,556,580,582,534,566,557,556,530,587,524,583,560,546,548,540,555,560,496,560,576,597,534,551,516,552,593,548,521,563,507,588,545,574,566,580,568,580,555,546,544,578,573,604,577,562,549,585,552,569,555,607,572,552,553,561,556,549,532,480,544,486,513,433,457,404,429,393,408,364,355,354,367,325,264,286,220,205,208,198,195,150,152,139,135,80,87,66,66,45,47,39,39,28,25,15,10,12,7,3,5,3,1,2,0,0,1,0,0,0,0,0,0,0,0,0,0,0,0,0,0,0,0,0
26.85,1,0,0,0,0,0,0,0,0,0,0,0,1,0,1,0,1,0,0,0,0,1,1,0,0,0,0,1,2,2,2,1,3,2,1,4,2,1,1,2,5,5,1,2,4,1,5,3,5,4,5,6,2,3,5,5,3,7,5,6,3,5,2,5,9,9,8,8,6,13,17,18,20,10,19,16,21,27,25,26,33,28,19,26,19,44,31,38,22,32,41,54,44,43,50,56,60,66,72,54,75,70,73,90,67,102,94,70,99,103,93,109,102,118,119,115,146,139,148,143,164,162,166,163,181,219,204,233,186,190,214,234,246,254,267,323,302,294,310,343,362,378,349,336,369,431,462,420,454,389,451,455,442,519,489,456,484,510,472,555,517,553,512,553,581,576,576,579,620,541,582,524,541,573,563,563,587,599,575,566,569,533,548,576,584,607,560,549,548,532,532,543,552,574,551,533,540,543,541,558,522,529,573,539,537,546,553,552,532,602,583,523,588,557,548,597,515,557,549,606,569,564,532,576,614,506,546,568,584,564,549,537,566,548,525,502,523,492,526,440,414,421,402,379,412,350,373,356,354,324,278,281,217,207,209,193,187,155,147,134,134,85,83,71,67,48,45,39,34,29,24,12,10,14,7,3,4,4,1,1,0,0,0,0,0,0,0,0,0,0,0,0,0,0,0,0,0,0,0,0
26.95,0,0,1,2,1,1,0,0,1,1,0,0,0,0,1,0,0,0,0,1,1,2,1,0,0,0,0,0,0,1,1,0,6,2,4,2,4,1,0,3,3,2,3,4,6,2,7,2,4,5,3,6,4,2,7,6,7,8,6,6,7,4,7,2,3,4,6,7,9,4,13,7,24,19,15,10,24,17,28,25,34,22,35,21,26,32,28,37,35,46,37,43,48,52,53,49,64,61,78,60,71,80,73,73,86,83,74,101,103,105,100,115,105,105,116,105,134,148,148,151,177,144,160,165,194,218,189,212,201,232,233,252,263,256,288,291,307,309,313,329,338,356,339,355,404,393,399,434,446,435,441,434,469,451,523,517,489,477,520,494,508,483,538,497,578,537,544,566,541,530,564,574,577,559,502,584,567,545,497,596,587,512,581,586,558,562,565,559,560,550,576,538,542,560,540,541,506,514,529,570,493,611,526,570,539,528,522,547,548,533,539,544,565,601,537,596,558,519,548,580,575,549,530,573,584,519,541,565,568,566,539,540,561,521,511,512,519,507,501,441,419,416,394,382,408,355,362,353,336,326,284,265,230,207,205,202,178,164,141,131,131,89,87,70,65,44,46,36,34,31,26,11,11,10,6,3,5,4,1,1,0,0,0,0,0,0,0,0,0,0,0,0,0,0,0,0,0,0,0,0
27.05,0,0,0,0,0,0,0,0,0,0,0,0,0,1,0,2,0,1,2,1,0,0,0,1,1,0,2,1,1,3,0,2,0,3,4,1,3,2,0,2,4,3,5,3,2,1,6,5,1,2,3,4,4,6,3,8,5,3,4,2,5,8,4,6,3,4,5,5,7,6,14,22,9,16,25,24,24,21,29,16,21,17,32,34,30,33,31,39,40,37,40,45,41,41,42,66,43,54,60,68,55,62,81,70,79,78,76,97,94,108,87,89,118,110,104,131,144,136,138,167,157,174,153,204,196,191,197,173,212,231,242,277,246,273,262,283,294,304,309,340,355,351,381,377,386,389,423,416,442,487,453,468,477,486,454,454,513,515,490,485,544,551,522,540,544,521,538,555,574,498,545,569,559,535,564,544,569,555,537,559,564,558,572,552,518,566,558,546,554,556,548,569,539,526,573,525,561,532,484,533,542,493,536,565,562,528,550,525,510,533,550,534,534,530,567,570,581,491,554,516,598,538,513,578,588,531,545,547,563,557,538,530,528,529,506,530,488,512,486,471,438,403,381,388,379,371,339,356,328,313,278,258,236,210,205,189,177,162,137,131,128,86,89,71,65,45,42,38,31,30,29,11,11,11,6,3,5,4,1,1,0,0,0,0,0,0,0,0,0,0,0,0,0,0,0,0,0,0,0,0
27.15,0,0,0,0,2,0,0,0,0,0,1,0,1,0,2,1,1,0,1,2,0,1,2,0,3,2,3,2,2,1,0,3,2,0,2,3,2,1,3,1,5,0,4,4,3,1,4,0,5,6,4,3,5,4,4,5,3,2,6,7,5,3,4,8,5,7,2,5,8,3,17,15,18,23,14,13,24,15,22,23,28,24,28,29,34,31,45,25,39,30,51,41,50,59,40,54,43,65,55,61,63,57,65,65,72,81,82,90,90,97,100,108,102,119,138,142,129,129,144,155,152,166,188,175,189,207,200,196,224,219,231,272,241,277,292,292,283,308,310,321,369,353,372,361,431,355,382,437,373,428,407,449,471,467,459,454,515,507,488,470,517,532,527,529,559,543,527,593,551,578,537,546,572,550,517,588,587,534,583,538,573,552,556,544,539,519,539,547,558,535,535,565,545,528,530,541,565,538,514,529,527,545,517,513,570,569,518,551,509,520,520,566,503,530,571,551,553,530,550,541,559,569,503,538,590,547,542,536,537,573,528,533,519,521,488,529,486,495,484,476,428,402,376,400,370,365,349,340,320,316,278,257,241,201,206,176,172,171,129,130,133,81,88,79,61,48,43,37,32,25,29,13,13,11,5,3,5,4,1,1,1,0,0,0,0,0,0,0,0,0,0,0,0,0,0,0,0,0,0,0
27.25,0,0,0,0,0,0,0,0,0,2,0,0,0,0,0,0,0,0,1,1,0,0,2,0,1,1,0,1,1,1,3,1,0,1,3,3,0,4,4,2,2,4,4,3,5,4,4,5,3,6,4,6,4,2,2,9,3,5,8,5,8,9,6,7,9,8,6,4,5,7,12,10,19,22,32,24,19,24,27,25,30,16,28,20,37,37,27,23,41,26,41,50,40,50,52,55,61,42,62,59,61,78,83,82,89,71,71,79,112,109,102,108,124,115,108,124,151,138,167,153,172,177,173,167,195,214,193,208,218,230,239,261,249,277,276,270,329,304,338,305,348,359,323,387,380,403,398,393,404,423,435,482,430,453,428,494,500,505,476,513,519,523,535,548,534,526,548,553,536,578,538,601,521,562,581,552,560,560,577,560,597,540,565,527,534,547,550,579,491,545,531,507,518,548,520,542,516,576,548,584,521,496,556,525,512,549,566,512,538,519,556,528,516,517,566,529,550,549,509,584,527,557,520,520,556,561,537,525,550,545,521,539,514,514,493,494,498,486,465,492,431,391,392,402,345,363,342,351,298,320,278,246,231,206,198,171,176,175,129,126,132,85,88,75,65,43,45,32,35,23,31,12,14,10,6,3,5,4,1,1,1,0,0,0,0,0,0,0,0,0,0,0,0,0,0,0,0,0,0,0
27.35,0,0,0,0,0,0,0,0,0,0,0,0,0,1,0,1,1,0,0,0,2,0,2,1,1,1,1,0,0,2,1,2,0,2,4,3,6,1,4,1,2,6,5,2,3,1,2,3,3,3,2,2,3,3,4,4,7,6,2,7,6,6,3,4,7,5,7,10,6,5,5,12,21,9,22,22,12,16,29,17,27,30,33,26,22,32,21,39,31,43,45,36,45,44,66,72,54,46,52,74,72,94,81,74,86,65,90,91,97,99,96,114,130,129,129,139,130,166,168,162,177,181,185,186,184,192,219,208,224,212,242,260,258,271,277,292,314,303,325,339,337,320,386,372,404,437,404,410,453,444,454,437,435,470,486,428,514,510,508,505,510,497,575,590,542,527,537,539,538,570,524,536,533,534,546,541,557,561,577,559,540,565,535,563,572,519,558,525,562,523,522,547,545,525,543,517,504,543,539,541,544,541,547,540,501,506,527,571,538,532,526,523,511,535,524,548,551,535,507,552,550,516,544,480,525,583,528,525,551,534,511,560,524,499,485,492,472,470,471,495,404,410,396,384,364,353,340,353,290,314,285,233,233,211,199,172,184,169,132,127,130,85,90,70,67,40,46,33,33,22,33,12,14,9,7,2,5,5,1,1,1,0,0,0,0,0,0,0,0,0,0,0,0,0,0,0,0,0,0,0
27.45,0,1,0,1,0,0,0,0,0,1,1,0,0,2,0,1,1,0,1,0,1,2,1,2,2,1,0,2,1,0,1,1,1,2,0,2,4,3,4,0,1,5,3,3,4,2,3,4,11,6,6,4,1,3,4,4,4,3,9,7,1,5,5,9,3,4,5,4,6,8,16,13,8,11,15,18,18,23,19,16,19,18,30,28,23,41,29,33,27,30,25,46,44,39,42,54,50,53,56,51,64,92,58,68,84,75,80,90,110,84,118,100,113,86,110,131,127,145,132,131,146,141,150,172,182,202,214,212,202,229,241,241,236,270,248,278,291,323,324,349,339,349,338,344,383,382,377,421,423,430,451,426,446,446,483,457,483,475,499,514,511,500,566,531,511,541,565,545,529,544,586,541,551,529,561,533,558,527,532,493,538,595,546,538,533,543,529,535,494,503,549,520,524,532,577,503,531,535,512,495,542,537,500,575,502,499,512,536,566,521,510,554,520,489,540,557,539,528,518,517,553,509,532,522,501,556,529,521,543,525,535,541,536,501,466,497,455,481,457,477,415,406,394,387,356,352,332,332,303,301,295,229,225,206,198,177,177,161,133,127,131,91,89,68,70,41,44,34,35,21,29,14,14,8,5,2,4,6,1,0,1,0,0,0,0,0,0,0,0,0,0,0,0,0,0,0,0,0,0,0
27.55,0,0,0,0,1,0,0,0,1,0,0,1,0,1,2,1,1,0,1,1,1,2,0,1,0,1,0,1,1,0,0,1,2,2,0,1,2,2,2,2,1,3,2,2,3,3,6,2,6,9,7,3,2,2,4,6,7,3,4,3,5,10,6,4,2,6,6,11,5,6,12,12,17,11,17,25,18,17,20,18,12,27,31,29,26,36,30,34,31,28,44,43,59,38,56,51,45,58,63,63,55,60,62,86,89,83,70,79,97,102,105,99,117,127,142,123,124,137,154,143,157,146,166,183,187,185,201,212,226,224,223,286,236,270,268,281,286,279,303,322,330,359,338,359,379,417,412,402,410,424,401,446,426,430,480,466,488,496,514,485,475,502,485,518,546,524,520,483,532,544,550,513,592,550,532,534,529,558,561,548,566,517,528,558,524,531,532,547,512,506,499,499,513,552,529,546,534,510,490,525,508,530,578,469,518,516,509,511,504,510,507,518,539,499,495,535,551,532,515,496,542,513,533,505,497,534,516,529,527,522,519,524,541,519,456,486,467,474,447,477,419,397,396,396,367,326,338,322,299,287,291,228,230,206,200,180,166,164,132,121,132,95,80,76,64,44,38,32,36,20,28,13,12,8,5,2,4,6,2,0,1,0,0,0,0,0,0,0,0,0,0,0,0,0,0,0,0,0,0,0
27.65,0,0,0,0,1,0,1,0,0,0,0,1,0,1,0,0,0,0,1,0,0,0,0,0,0,2,2,1,0,3,2,3,2,3,4,3,2,3,2,1,5,3,2,7,4,5,5,4,5,4,4,4,3,5,5,6,8,4,4,9,2,4,8,3,8,8,5,12,10,5,12,19,16,18,16,26,18,24,23,22,26,26,28,24,36,31,33,41,27,41,42,37,34,46,48,64,59,54,62,62,64,72,66,76,93,67,87,80,89,83,106,104,117,124,104,126,111,146,140,146,159,156,139,183,188,191,196,198,218,206,225,243,255,254,271,294,312,279,299,336,347,339,342,380,403,427,404,415,437,436,430,429,461,432,436,460,460,525,487,478,540,474,498,538,515,528,484,514,510,526,543,515,533,507,530,564,547,525,542,528,555,549,532,542,522,529,555,554,521,525,534,496,481,513,552,531,534,571,549,503,497,530,535,487,506,544,506,504,511,497,512,540,555,512,464,524,536,523,536,520,496,497,513,481,531,526,513,507,517,529,540,506,510,513,469,460,465,464,416,468,425,397,396,386,371,346,333,321,286,292,278,233,237,203,198,176,167,159,140,116,128,98,74,81,65,44,35,32,39,19,29,13,12,8,4,3,3,6,1,1,1,0,0,0,0,0,0,0,0,0,0,0,0,0,0,0,0,0,0,0
27.75,0,0,0,0,0,0,0,0,1,1,0,0,0,0,0,0,0,1,0,2,0,0,0,1,0,0,1,2,2,1,0,1,1,1,5,2,0,3,4,5,1,4,2,1,2,5,2,3,3,4,5,5,4,4,7,5,4,4,4,2,3,5,7,4,1,8,3,9,12,11,9,14,16,22,18,24,26,20,23,24,23,25,23,24,26,34,29,39,37,34,53,38,51,45,42,44,49,58,58,69,61,69,66,78,89,85,82,83,92,111,90,109,123,101,116,137,146,152,159,150,149,173,170,165,198,200,204,213,203,235,218,245,261,246,248,261,313,313,322,309,344,336,361,344,397,384,418,401,391,408,440,449,477,463,463,485,493,509,494,505,464,495,498,546,505,536,504,529,570,555,537,529,525,518,533,541,492,501,564,532,519,554,547,531,543,485,526,542,517,533,522,563,492,504,475,547,525,583,503,532,486,521,522,530,532,512,507,473,507,492,508,497,529,531,490,491,515,512,539,506,509,490,487,490,513,548,492,484,514,521,523,514,489,500,504,431,489,457,434,443,422,394,391,365,361,359,322,342,282,271,277,237,237,193,197,177,168,149,142,113,129,101,72,82,62,45,37,30,41,17,27,13,13,8,4,4,3,6,1,1,1,0,0,0,0,0,0,0,0,0,0,0,0,0,0,0,0,0,0,0
27.85,0,0,0,0,0,0,1,0,1,0,1,1,0,1,2,2,0,0,0,0,3,0,0,0,0,0,1,1,0,1,1,0,1,2,6,3,1,2,3,2,1,0,1,2,1,4,2,4,9,2,6,8,4,8,8,3,3,8,5,8,3,4,3,5,6,5,6,1,6,8,13,11,16,10,18,19,21,25,18,21,27,17,23,18,27,36,34,46,35,25,45,41,50,41,46,40,47,65,58,64,58,64,64,75,67,71,68,93,100,105,83,116,102,111,124,123,128,118,142,135,147,162,157,208,133,203,199,218,200,212,227,257,233,246,280,279,247,288,329,316,371,334,369,347,373,389,380,389,421,395,410,449,466,465,438,484,465,533,528,496,506,551,544,529,525,524,510,525,530,564,500,552,506,519,557,541,550,547,497,523,500,573,525,543,555,542,526,524,526,508,516,497,499,534,527,513,526,521,517,550,495,486,487,511,522,529,500,493,491,518,513,500,490,519,534,483,509,490,514,489,488,504,485,501,480,509,527,484,497,508,514,529,473,503,494,421,499,452,447,420,417,398,377,353,373,350,322,335,283,272,254,251,227,198,190,181,175,147,142,117,122,101,74,77,58,52,36,31,43,19,25,13,12,6,5,4,2,6,1,1,0,0,0,0,0,0,0,0,0,0,0,0,0,0,0,0,0,0,0,0
27.95,1,0,1,0,0,0,0,0,0,0,0,0,0,0,0,2,0,1,1,0,0,0,0,2,0,0,1,1,3,1,0,1,4,0,0,1,3,3,1,1,1,4,5,3,0,3,3,3,4,1,6,2,6,5,3,5,5,6,5,3,4,1,7,8,6,3,7,12,8,17,10,14,22,12,21,17,28,23,24,20,29,27,32,28,32,31,26,33,33,32,44,30,46,56,55,47,45,52,64,57,66,49,70,70,65,93,84,85,91,97,89,99,107,100,121,128,143,142,139,126,146,151,136,174,175,168,208,218,183,216,222,242,236,279,270,260,304,339,338,313,322,403,351,376,385,394,388,419,434,389,416,425,440,445,504,452,483,427,520,487,486,505,486,526,531,512,494,499,538,495,542,532,548,534,535,547,534,489,531,540,547,521,525,499,513,535,514,508,531,521,499,535,479,522,528,502,512,512,503,558,545,493,486,528,507,513,488,538,495,473,501,522,489,494,504,497,490,470,519,473,519,508,467,478,522,497,516,490,500,495,497,502,509,470,496,444,453,474,417,418,428,393,371,350,375,316,317,343,290,271,251,246,222,197,189,172,174,145,138,118,118,100,77,79,53,55,36,31,44,18,23,13,10,7,5,4,2,4,2,2,0,0,0,0,0,0,0,0,0,0,0,0,0,0,0,0,0,0,0,0
28.05,0,0,0,0,0,0,0,1,0,0,1,2,0,0,0,1,0,0,3,1,2,0,1,4,0,1,1,1,2,0,2,2,0,1,3,1,1,1,1,1,2,3,5,4,2,6,5,1,2,5,4,4,3,4,11,4,7,3,4,6,3,5,6,4,10,4,8,4,11,9,11,15,16,13,14,22,13,24,18,26,26,32,23,26,24,26,37,28,28,52,34,41,38,34,52,37,51,47,54,43,75,62,71,78,78,75,68,102,93,102,93,115,112,103,142,121,118,138,138,131,145,149,195,164,189,184,204,203,222,225,242,249,233,278,249,282,306,298,319,305,358,363,352,329,371,371,386,405,425,393,417,411,450,420,481,451,458,489,457,456,491,491,466,497,507,529,528,514,521,502,546,524,528,552,508,556,526,536,537,560,556,549,512,486,505,509,493,548,503,485,583,497,498,514,509,503,521,435,529,523,534,503,499,487,489,501,515,516,479,470,532,488,475,507,516,507,462,490,492,471,508,520,449,487,517,485,527,503,481,501,474,497,491,480,481,448,441,465,424,419,411,390,358,333,374,318,315,334,291,262,253,240,215,194,193,178,173,146,121,121,119,106,73,72,52,56,38,29,44,17,23,13,10,6,4,4,2,4,2,2,0,0,0,0,0,0,0,0,0,0,0,0,0,0,0,0,0,0,0,0
28.15,1,0,1,0,0,0,0,1,0,0,0,0,0,0,0,0,0,0,0,0,0,1,0,0,1,0,0,2,0,2,0,1,1,3,0,1,2,6,4,2,0,5,0,2,3,7,3,8,5,4,3,4,2,6,5,5,6,4,4,4,3,7,2,4,9,5,8,3,5,9,6,11,9,16,18,16,16,16,23,27,25,24,27,26,33,26,37,35,40,38,36,43,47,41,49,46,47,57,56,66,70,71,55,78,69,73,83,109,96,104,104,113,100,107,124,139,137,134,148,146,164,164,168,161,155,200,184,183,232,214,227,212,245,260,245,288,288,312,310,324,318,318,364,314,344,397,353,390,405,424,409,434,431,478,428,472,478,458,467,456,504,453,501,520,515,501,528,528,531,521,504,504,528,545,535,491,545,527,545,560,488,526,536,473,515,517,472,498,524,532,500,563,502,525,484,498,505,540,441,532,507,549,515,469,486,517,505,497,482,493,502,510,458,482,506,514,446,502,469,483,518,486,494,467,519,466,527,497,494,505,448,498,519,470,478,435,436,470,438,407,404,371,374,311,354,345,323,309,301,255,250,249,210,194,186,174,165,147,117,127,114,103,68,73,51,60,35,29,44,17,19,14,11,6,4,4,3,4,2,2,0,0,0,0,0,0,0,0,0,0,0,0,0,0,0,0,0,0,0,0
28.25,0,0,0,0,0,0,0,0,2,0,1,0,0,0,0,0,0,1,1,1,1,0,0,1,1,1,3,0,3,1,0,1,1,3,0,3,1,0,5,3,2,5,3,5,3,1,7,4,3,3,3,4,4,5,4,4,4,5,9,2,2,3,2,5,7,5,10,7,10,10,18,12,17,23,19,18,25,16,17,31,33,21,24,29,31,40,35,39,26,42,38,36,42,36,50,49,59,52,61,54,49,54,67,70,84,73,59,91,77,101,97,116,117,114,103,128,131,114,151,158,159,151,181,141,186,173,190,208,208,217,256,217,219,240,247,283,278,312,320,309,331,321,351,400,349,388,365,378,380,398,436,425,431,465,437,455,462,425,454,475,467,482,457,516,491,452,477,512,545,512,534,496,491,510,556,519,538,507,523,444,506,486,476,511,512,518,481,491,529,455,502,509,503,527,489,516,510,471,507,474,519,538,479,510,489,477,515,490,467,509,447,509,469,486,512,509,465,494,465,490,514,459,488,491,495,465,499,521,484,503,448,492,487,452,480,436,432,447,457,393,402,373,357,324,353,343,316,308,302,251,246,250,204,197,189,176,160,151,117,117,110,103,68,71,51,62,34,31,43,19,18,10,10,7,5,4,4,4,2,2,0,0,0,0,0,0,0,0,0,0,0,0,0,0,0,0,0,0,0,0
28.35,0,0,0,0,0,0,0,0,0,0,1,0,0,0,0,0,0,0,1,1,1,1,2,1,0,0,2,1,2,0,0,0,4,3,1,0,2,5,4,3,5,4,1,4,3,2,2,4,8,6,3,4,6,8,7,7,7,4,0,6,5,7,4,5,5,4,9,2,9,17,9,16,22,15,15,17,22,23,22,26,21,21,25,24,28,27,30,31,42,42,33,41,41,55,39,54,54,52,55,58,61,52,66,66,71,70,89,80,100,84,83,93,109,112,136,120,134,169,134,138,174,176,180,161,183,203,198,211,198,227,223,236,269,255,263,278,295,315,302,300,312,351,353,386,364,397,386,386,411,405,381,445,451,423,424,433,486,432,495,471,490,456,488,497,537,479,468,489,518,480,522,498,532,521,511,518,488,500,512,546,510,506,495,541,539,527,499,535,480,503,483,513,533,476,491,496,459,531,496,493,489,458,535,571,465,489,463,458,494,446,498,460,501,458,512,460,509,487,494,444,480,493,507,504,462,467,496,516,506,500,461,468,481,464,450,432,438,422,444,393,396,374,366,321,328,338,331,293,293,236,258,235,212,195,189,166,157,145,115,118,105,109,66,71,48,62,32,35,43,21,18,12,11,6,6,4,4,5,2,1,0,0,1,0,0,1,0,0,0,0,0,0,0,0,0,0,0,0,0,0
28.45,0,0,0,0,0,0,1,0,0,1,1,0,0,1,1,0,0,0,1,1,1,1,0,2,1,0,1,0,2,1,0,2,0,1,1,1,3,2,0,4,2,1,2,3,5,5,6,4,7,2,2,4,5,2,7,3,4,6,9,5,8,6,6,6,4,2,4,8,5,13,10,13,16,26,16,14,12,31,30,25,32,24,28,32,28,46,38,27,34,38,35,43,46,46,47,51,57,64,70,43,72,77,58,67,77,81,73,67,86,89,112,107,106,119,122,120,129,117,122,118,170,156,155,159,190,170,189,217,236,194,206,221,234,255,276,292,272,296,277,310,330,376,336,341,391,410,380,410,402,405,412,387,437,406,462,487,449,471,464,458,454,502,493,466,477,509,503,504,521,494,530,500,523,512,501,512,499,507,491,501,516,521,519,521,494,475,522,531,524,505,510,473,507,510,495,485,502,471,521,478,487,475,533,502,516,440,462,447,495,486,454,453,488,490,493,470,520,471,495,469,468,507,515,485,471,475,478,495,498,495,449,438,471,476,430,423,453,436,421,405,384,361,367,336,313,343,322,278,291,249,247,242,204,188,184,164,158,138,117,121,108,103,65,69,47,63,34,30,43,19,21,11,12,6,6,4,3,6,2,1,0,0,1,0,0,1,0,0,0,0,0,0,0,0,0,0,0,0,0,0
28.55,0,0,0,0,1,1,2,0,0,1,2,0,2,0,0,0,0,0,0,2,2,1,0,1,1,0,2,2,0,0,0,1,3,2,0,2,3,1,3,5,1,3,0,1,4,5,6,4,6,6,2,5,1,2,4,6,8,9,9,3,3,4,5,3,10,7,7,9,7,5,10,15,15,25,20,21,22,19,21,24,26,28,25,34,33,34,43,30,33,37,47,42,34,57,48,49,49,61,51,52,67,56,58,62,69,62,90,76,81,110,109,101,115,99,123,129,147,124,125,148,150,183,142,156,167,194,206,191,203,212,218,236,246,264,246,259,288,297,269,299,355,321,326,337,372,375,363,372,370,384,415,456,399,425,418,449,459,454,477,472,465,525,459,510,463,526,483,486,499,493,509,516,544,492,503,541,510,501,522,497,510,547,519,510,499,508,522,528,471,534,518,509,490,494,464,491,521,503,467,510,474,490,493,506,475,493,466,458,495,443,465,441,515,466,438,506,515,441,495,474,453,490,516,480,473,477,465,482,488,510,445,441,443,473,421,416,440,421,414,391,383,373,359,342,321,308,322,284,287,255,252,246,195,191,172,156,163,135,111,115,112,102,65,64,45,65,35,28,44,20,21,10,12,6,4,4,4,5,2,1,0,0,1,0,0,1,0,0,0,0,0,0,0,0,0,0,0,0,0,0
28.65,0,0,0,1,0,1,0,0,0,0,0,0,0,1,0,0,0,0,0,0,0,0,0,0,1,0,0,0,0,0,1,3,2,0,2,1,1,2,2,7,4,4,6,6,5,4,4,1,6,6,4,3,7,3,6,5,2,9,4,7,5,4,6,5,5,4,4,7,9,8,18,9,15,11,22,15,24,13,28,24,23,27,28,25,26,36,36,29,36,34,30,36,40,36,38,52,56,49,55,49,63,54,68,60,75,71,72,93,73,81,106,99,99,123,117,138,115,145,129,167,136,162,168,178,183,179,212,204,204,199,259,219,224,254,248,265,293,288,271,344,317,317,344,343,379,361,370,371,395,388,395,418,391,469,448,448,464,462,473,461,508,486,487,499,475,474,500,456,481,526,498,480,516,517,549,530,513,501,532,544,528,551,474,446,524,511,496,533,477,510,508,516,511,492,462,506,487,501,484,472,529,472,468,479,485,502,449,474,453,459,453,477,474,453,435,459,494,464,454,493,437,480,480,526,449,511,463,480,481,499,443,445,447,436,421,416,427,415,399,399,374,372,345,340,317,304,326,290,287,256,243,231,201,187,169,153,153,140,107,113,115,100,69,65,45,65,39,30,43,17,22,13,10,6,4,3,4,5,2,1,0,0,1,0,0,1,0,0,0,0,0,0,0,0,0,0,0,0,0,0
28.75,0,0,0,1,0,0,1,0,1,0,0,0,1,0,0,0,1,1,1,0,0,0,0,0,1,1,0,0,3,0,1,3,0,1,1,1,0,2,3,4,3,4,4,3,5,6,4,3,4,2,5,4,4,5,1,8,3,3,7,2,4,5,6,5,6,5,8,3,11,8,12,22,17,14,14,12,17,18,20,20,29,33,26,35,27,31,32,24,32,44,38,44,49,42,35,67,45,55,54,62,55,67,66,62,75,82,84,100,108,98,102,101,114,104,131,119,125,139,151,160,156,147,169,183,190,189,213,192,204,205,220,225,229,287,271,262,293,274,291,310,318,306,334,355,368,370,357,354,377,418,419,432,426,457,459,478,454,461,455,477,452,462,484,519,490,500,509,494,513,513,494,520,521,443,503,511,543,525,533,531,518,498,526,504,511,490,510,470,524,524,493,465,518,493,491,483,466,472,499,507,453,492,486,485,476,446,468,481,450,453,445,488,458,479,441,456,471,451,486,476,464,452,451,527,477,473,471,485,472,438,489,426,440,450,394,426,417,431,390,419,352,378,347,331,306,311,321,297,270,255,233,235,209,184,164,152,145,137,105,107,117,102,71,59,48,62,41,30,40,16,21,13,10,5,5,3,1,5,3,2,0,0,1,0,0,1,0,0,0,0,0,0,0,0,0,0,0,0,0,0
28.85,0,0,0,0,0,0,0,0,0,0,0,0,0,1,1,0,1,0,0,1,2,1,1,1,1,1,1,1,0,3,2,0,4,3,1,2,1,2,1,2,2,1,1,5,3,5,5,4,3,3,8,2,6,5,5,6,3,4,4,6,4,4,3,5,3,4,9,5,6,8,13,19,12,14,20,14,15,20,25,22,25,23,20,21,27,30,25,41,36,36,23,46,35,51,67,42,42,50,75,49,66,54,56,58,78,68,82,78,79,99,102,114,102,105,119,125,121,104,131,137,169,145,159,160,184,191,182,196,227,191,229,233,221,275,267,267,301,312,318,315,310,335,340,356,340,361,400,413,374,387,407,421,388,437,459,477,497,482,468,443,472,469,503,492,479,479,461,524,500,547,520,515,539,537,509,502,474,495,512,478,487,500,506,480,499,491,534,472,488,519,465,544,509,494,497,468,484,461,470,508,477,481,496,464,481,467,479,458,448,455,450,454,471,459,458,454,429,465,445,484,466,458,441,502,471,465,462,470,488,460,456,452,436,442,400,416,406,445,383,399,350,363,342,325,301,313,308,300,270,251,227,227,200,186,172,144,143,138,98,108,109,102,74,57,49,59,41,27,35,20,20,13,10,5,4,5,1,4,2,1,0,0,1,0,0,1,0,0,0,0,0,0,0,0,0,0,0,0,0,0
28.95,2,0,0,0,0,0,0,0,0,0,0,1,2,0,0,0,0,2,0,1,0,1,4,1,2,2,2,2,4,2,0,3,3,0,1,4,2,2,4,4,2,1,3,6,5,6,3,2,5,5,6,9,3,4,7,6,9,8,8,6,4,4,3,2,2,4,8,11,9,8,12,18,21,12,15,15,15,21,16,28,16,29,21,26,41,32,37,30,44,27,38,36,36,39,50,41,54,50,56,61,73,52,74,64,72,65,80,89,79,84,112,119,123,122,103,122,135,142,123,134,149,154,163,161,169,205,186,202,200,213,225,252,243,255,253,256,268,289,285,302,279,326,351,356,362,374,366,393,369,425,386,441,414,442,416,436,473,451,463,466,465,500,490,480,513,520,472,496,512,466,472,549,498,473,489,502,503,502,521,515,442,477,487,507,468,482,500,485,500,480,491,482,486,454,492,488,502,443,520,439,471,465,494,464,433,492,465,450,425,434,480,447,448,479,446,451,451,477,417,474,446,465,455,465,478,442,473,471,444,467,455,454,422,434,411,427,406,454,373,378,373,368,332,315,291,321,293,299,273,250,229,218,200,186,164,146,146,135,105,102,105,103,74,64,46,61,39,29,30,21,19,15,9,6,4,5,1,3,2,0,0,0,1,0,0,1,0,0,0,0,0,0,0,0,0,0,0,0,0,0
29.05,0,0,0,0,0,0,1,0,0,0,1,0,0,0,1,0,0,1,1,2,1,4,0,1,1,0,0,2,1,3,4,1,0,1,1,0,2,2,3,1,1,2,6,2,3,2,3,4,0,3,3,2,5,4,6,5,4,6,5,6,8,5,4,6,0,6,4,6,16,8,10,17,14,12,12,18,21,21,16,29,30,19,23,29,39,32,27,34,35,42,34,51,31,44,66,34,42,52,61,47,50,56,66,64,88,73,86,83,101,102,83,101,126,125,124,118,124,135,137,131,124,155,163,186,170,171,179,196,202,204,199,238,215,269,255,267,262,290,320,310,300,324,341,332,368,350,381,390,379,411,431,448,424,446,449,464,429,444,442,475,442,479,493,495,483,457,510,475,511,528,501,523,508,525,495,509,548,507,521,509,479,487,507,472,448,466,470,455,494,483,485,460,444,491,446,496,464,477,432,493,489,456,456,453,508,417,476,466,429,448,463,451,459,453,472,439,473,420,464,472,455,448,450,459,463,446,462,446,456,462,454,434,442,438,421,412,409,416,389,379,367,353,332,310,294,304,294,291,263,257,225,208,201,192,161,147,149,128,105,96,102,99,77,66,50,55,39,28,31,19,19,15,10,6,4,5,0,4,2,0,0,0,1,0,0,0,1,0,0,0,0,0,0,0,0,0,0,0,0,0
29.15,0,2,0,0,0,1,0,0,0,0,0,0,1,0,1,1,0,0,0,1,0,0,2,0,0,2,2,2,0,0,0,3,2,3,0,2,2,2,5,5,3,2,4,2,2,3,2,3,6,2,6,1,3,1,6,7,3,4,2,4,6,4,6,5,7,4,8,8,13,7,14,17,11,14,20,23,17,18,17,34,23,27,34,21,28,37,33,30,28,30,39,40,45,39,57,56,41,56,67,71,71,53,65,68,76,80,77,84,89,91,81,87,101,116,121,123,119,133,126,136,133,140,162,171,167,177,183,187,198,216,206,213,248,203,263,268,259,288,280,292,314,358,329,340,349,365,367,368,368,389,404,404,409,412,422,422,434,441,457,450,468,460,502,434,485,516,444,481,489,503,484,488,468,522,463,493,522,469,487,541,506,490,498,475,467,496,432,486,460,481,476,449,465,450,489,445,465,472,505,428,471,457,449,440,452,475,456,471,456,474,442,452,468,474,464,425,442,441,470,421,474,459,482,441,436,424,459,449,451,450,464,440,437,429,427,408,416,397,390,370,371,354,341,301,290,303,301,274,266,258,219,202,202,185,159,159,142,127,98,94,102,97,83,59,53,57,37,27,35,21,19,14,12,6,4,5,0,4,2,0,0,0,0,1,0,0,1,0,0,0,0,0,0,0,0,0,0,0,0,0
29.25,0,0,0,0,0,0,0,0,0,0,1,0,0,2,0,2,0,0,0,2,1,0,0,3,0,1,1,3,1,0,1,3,0,2,1,2,2,3,1,2,5,4,3,5,6,3,4,5,3,4,6,5,0,5,4,4,3,5,5,5,5,3,8,8,5,7,6,6,7,12,11,7,17,24,13,17,16,22,20,33,24,30,27,24,32,35,33,38,23,47,35,49,45,35,56,54,51,49,68,70,74,72,55,79,63,78,67,80,82,108,108,89,94,110,118,106,106,125,126,135,128,143,150,176,162,162,190,179,207,205,222,242,237,231,241,275,270,285,291,303,337,326,328,361,334,393,376,387,364,396,421,424,408,426,420,470,450,435,458,454,468,442,463,483,503,495,491,491,518,514,493,484,482,512,514,477,496,476,486,494,487,445,498,473,479,495,482,476,459,459,481,476,461,475,455,479,449,466,441,495,414,485,442,419,424,467,484,481,461,466,462,444,451,463,474,430,445,430,450,431,456,474,457,435,439,438,424,465,436,447,453,456,436,426,418,391,398,396,394,363,378,346,345,309,281,297,304,269,265,257,210,195,215,183,156,165,139,123,97,92,102,93,83,58,57,55,37,25,34,20,19,15,9,8,4,4,1,4,2,0,0,0,0,1,0,0,1,0,0,0,0,0,0,0,0,0,0,0,0,0
29.35,0,0,0,1,0,0,0,0,0,0,0,0,0,0,0,0,2,1,0,0,0,0,0,1,0,0,0,1,0,1,0,1,4,1,2,2,2,0,4,1,2,3,3,4,3,4,3,4,4,6,3,4,6,2,5,5,6,3,5,4,4,2,3,8,3,3,1,7,10,7,15,14,22,16,12,16,12,27,21,19,24,20,28,27,24,31,27,29,35,38,31,46,43,34,45,48,55,40,73,53,44,63,73,77,85,73,72,87,90,107,97,115,123,106,123,124,128,138,110,147,146,141,139,149,188,189,195,182,195,190,213,239,249,257,248,290,293,285,311,326,293,342,332,361,341,354,366,346,393,357,404,380,436,403,442,471,439,452,443,479,472,477,449,465,502,501,488,504,466,482,488,473,493,512,496,470,476,494,485,506,488,449,527,446,501,517,477,451,496,484,441,484,490,437,470,453,484,454,464,411,468,441,437,456,431,413,438,467,458,470,445,418,428,451,472,466,408,461,441,409,473,467,448,424,433,435,425,448,447,447,452,455,425,431,405,394,406,381,400,339,388,349,338,313,274,287,294,276,258,254,200,201,208,180,152,162,142,122,95,92,97,94,85,62,56,50,41,22,35,20,20,15,9,6,4,5,1,3,1,0,0,0,0,1,0,0,1,0,0,0,0,0,0,0,0,0,0,0,0,0
29.45,0,0,0,1,0,0,0,1,0,0,0,1,0,0,2,0,0,0,1,1,0,0,1,2,0,0,3,2,0,1,3,0,2,1,1,0,2,1,1,2,2,1,3,1,6,4,2,3,4,6,2,9,5,2,7,1,10,6,1,6,5,3,8,3,3,1,6,8,7,15,7,18,19,11,22,20,20,19,22,28,22,32,28,26,40,26,26,39,30,42,42,48,47,31,56,47,53,41,56,52,48,74,63,61,75,74,88,82,99,79,92,103,90,92,105,141,106,138,131,153,154,142,157,160,160,185,181,198,196,198,218,222,239,220,256,264,278,254,300,294,297,330,355,346,371,355,358,360,370,373,407,424,421,423,411,458,420,494,497,458,456,442,472,464,488,482,469,535,512,465,502,484,454,528,474,475,475,436,464,454,506,527,500,495,493,452,485,479,444,469,485,442,429,465,451,470,464,456,459,428,436,422,444,439,424,431,420,447,478,443,462,440,415,462,438,452,425,470,429,404,456,492,445,430,430,438,402,436,454,426,464,441,430,420,416,382,388,384,386,348,383,360,333,304,262,287,278,279,261,243,209,197,207,176,153,158,141,129,95,93,96,91,84,63,50,53,41,18,32,20,22,15,8,7,4,4,1,3,0,1,0,0,0,1,0,0,1,0,0,0,0,0,0,0,0,0,0,0,0,0
29.55,1,0,0,0,0,0,0,0,1,0,1,2,2,1,0,0,1,0,1,1,0,1,0,0,0,1,0,2,1,1,0,4,2,5,1,1,4,0,2,4,2,5,0,0,2,3,4,2,7,7,3,3,6,6,2,2,2,4,6,3,6,7,5,6,7,5,4,4,7,14,21,15,25,23,24,22,26,36,19,27,37,31,22,40,28,31,34,33,29,42,40,41,55,34,42,51,58,38,45,60,52,61,65,70,77,67,76,88,80,76,112,91,111,103,126,116,117,123,121,149,150,166,158,194,156,170,179,191,217,197,250,228,208,237,244,280,264,289,301,274,290,334,362,367,360,350,379,375,375,401,372,412,437,413,433,413,425,476,425,458,460,446,486,464,480,462,491,470,485,515,475,489,496,507,486,485,487,464,460,483,517,456,468,533,548,539,425,492,510,474,473,431,481,454,468,463,488,444,454,453,442,435,449,418,401,434,392,444,473,457,415,471,439,448,446,440,440,467,446,385,453,480,427,446,430,425,414,425,457,413,468,427,428,438,388,394,377,374,376,340,377,351,328,303,261,278,277,271,263,238,206,204,195,182,150,147,143,125,92,88,96,91,85,57,52,50,43,18,28,22,21,13,10,6,5,3,2,3,0,1,0,0,0,1,0,0,1,0,0,0,0,0,0,0,0,0,0,0,0,0
29.65,0,0,0,0,0,1,0,0,0,0,1,1,1,2,0,1,1,1,1,1,0,1,1,0,2,0,2,2,2,3,2,0,2,3,2,1,3,0,2,3,2,1,6,4,5,4,5,4,6,4,6,2,4,6,5,9,3,7,3,6,5,3,3,7,3,6,6,5,6,11,8,12,12,20,17,21,19,17,27,22,16,21,21,26,28,35,33,26,35,38,36,25,40,47,50,50,55,46,69,62,63,69,85,69,67,74,62,85,96,91,106,91,87,111,111,118,126,141,122,117,145,145,138,157,159,164,181,186,188,224,218,216,236,235,216,249,287,267,294,290,277,339,316,334,345,384,343,379,380,376,397,370,410,407,438,436,453,414,452,458,473,516,484,484,500,477,519,458,461,475,511,475,494,518,484,506,450,491,497,508,485,456,523,474,470,484,470,479,467,488,458,503,455,464,461,434,430,472,469,437,441,457,411,436,436,397,428,442,458,444,453,467,433,411,451,473,428,439,417,430,403,485,430,441,421,452,406,405,453,386,471,428,431,427,413,392,381,363,371,339,368,357,321,302,255,280,273,270,254,232,199,212,196,177,145,146,136,118,97,89,104,88,89,58,53,47,42,20,27,23,20,15,8,8,6,3,1,3,0,1,0,0,0,1,0,0,1,0,0,0,0,0,0,0,0,0,0,0,0,0
29.75,0,0,0,0,0,0,1,1,0,1,0,2,0,1,0,1,0,1,0,0,0,0,0,0,0,0,0,1,1,2,0,1,4,2,2,3,3,1,1,1,2,3,4,6,5,1,4,3,4,4,4,3,4,4,3,6,3,8,11,10,8,4,2,7,4,8,5,9,8,10,16,12,20,21,14,21,21,23,25,28,19,27,24,25,24,26,22,37,30,29,32,46,52,56,61,48,58,45,52,60,68,57,57,62,63,71,83,92,82,99,113,86,100,117,119,121,125,138,131,142,124,154,163,158,168,187,198,148,188,208,222,201,232,229,257,300,287,259,292,288,316,315,312,324,342,378,389,393,365,398,354,348,432,412,411,427,469,420,457,446,458,434,471,452,434,501,462,442,494,529,484,514,483,483,479,485,483,461,488,483,462,506,474,463,475,457,538,480,474,502,470,491,475,440,452,433,448,482,423,399,416,469,450,437,431,407,440,413,422,442,468,459,457,398,416,451,449,427,426,425,390,462,427,443,430,430,420,380,442,392,448,441,415,416,425,387,365,360,344,353,352,370,308,304,250,265,275,275,264,230,181,219,196,168,143,147,130,120,99,90,95,87,88,56,55,48,39,20,27,24,19,18,7,7,7,3,1,3,0,1,0,0,0,1,0,0,1,0,0,0,0,0,0,0,0,0,0,0,0,0
29.85,0,0,0,1,0,0,0,0,0,0,0,0,0,1,0,1,0,1,3,1,0,0,0,1,1,0,1,2,0,3,1,2,1,2,2,0,1,1,2,3,2,2,1,2,3,0,7,5,6,1,4,4,8,0,2,0,3,3,1,2,5,10,4,2,3,4,2,8,9,12,15,21,15,17,17,24,18,18,20,27,25,24,27,23,30,34,26,47,43,40,44,33,30,47,47,46,56,53,53,67,55,63,64,71,75,94,73,84,99,93,80,102,97,112,118,140,121,140,132,145,127,133,146,160,186,181,167,189,201,198,228,232,256,221,259,274,272,285,302,302,280,307,351,307,347,346,304,401,377,380,400,426,416,424,427,386,414,422,459,434,488,448,504,479,476,453,425,455,490,483,501,455,464,494,484,504,451,492,523,467,479,443,464,475,429,464,440,480,495,482,492,455,478,443,449,462,437,454,421,423,406,437,473,439,421,434,414,453,382,432,452,475,427,413,412,431,425,450,406,445,374,425,417,474,424,401,407,399,425,399,421,462,421,418,419,376,378,354,329,353,353,370,313,300,246,272,254,262,271,224,197,207,198,168,142,149,132,112,102,89,92,89,86,58,47,54,38,19,29,28,19,18,6,8,9,3,1,3,0,1,0,0,0,0,0,0,1,0,0,0,0,0,0,0,0,0,0,0,0,0
29.95,0,0,0,0,0,0,0,0,1,0,1,0,0,0,0,0,0,0,0,0,0,1,1,1,1,0,1,1,2,2,2,2,4,0,4,2,3,2,2,1,3,1,5,5,2,0,4,0,5,6,3,9,4,4,3,2,9,3,6,2,5,8,3,3,4,6,8,5,10,8,16,16,17,25,17,16,21,22,19,27,20,26,33,19,28,21,34,26,40,49,33,42,40,38,45,55,52,46,66,75,65,64,68,73,56,75,85,84,101,100,85,99,83,113,101,101,110,134,140,133,151,155,163,190,162,174,182,171,201,203,210,188,238,228,237,259,267,298,275,313,296,292,305,311,327,329,362,340,414,378,408,391,387,401,437,402,435,435,484,414,467,465,458,455,439,450,500,463,443,452,462,480,492,479,471,490,495,467,491,494,473,448,473,437,413,448,452,423,495,475,493,457,449,482,464,415,440,446,444,435,434,398,418,459,424,469,407,408,393,423,435,457,444,416,406,450,409,422,414,472,403,393,443,425,432,404,409,402,408,409,420,437,437,407,419,397,356,355,330,346,363,342,328,286,253,269,239,261,260,223,210,195,199,169,135,140,137,112,102,89,91,84,88,61,44,54,38,16,27,29,18,16,8,7,9,3,1,4,0,1,0,0,0,0,0,0,1,0,0,0,0,0,0,0,0,0,0,0,0,0
30.05,0,0,0,1,0,0,0,0,0,0,1,1,0,0,1,1,0,0,4,0,0,1,2,0,1,1,1,0,3,2,1,0,2,1,1,1,3,0,0,5,5,1,3,8,2,3,2,3,2,8,6,6,4,7,4,6,5,6,3,5,3,1,6,6,6,4,2,4,8,12,10,14,16,16,27,12,12,19,27,29,26,23,31,36,27,31,27,28,37,44,44,38,40,42,37,46,53,58,49,65,64,54,71,79,75,68,79,91,71,83,96,105,95,85,94,118,126,120,136,130,125,173,160,166,165,176,194,192,188,191,207,208,234,235,256,261,270,255,270,299,290,324,339,332,374,332,388,359,352,358,389,401,401,425,407,470,442,454,425,429,461,454,458,474,454,449,474,424,476,442,442,472,465,473,462,453,474,458,506,496,472,482,463,452,462,402,482,465,422,480,450,466,417,497,430,430,452,383,466,463,471,387,411,421,442,432,454,371,410,415,431,428,415,453,413,394,450,402,405,443,421,396,437,417,409,391,413,413,408,392,416,410,433,414,407,403,355,347,333,339,337,359,325,309,258,254,234,267,248,213,207,193,188,179,130,140,131,107,106,90,85,80,84,63,44,51,42,15,28,28,18,15,8,7,9,3,1,4,0,1,0,0,0,0,0,0,1,0,0,0,0,0,0,0,0,0,0,0,0,0
30.15,0,0,0,0,0,0,0,0,0,0,0,1,0,2,0,1,0,0,0,2,1,1,0,0,2,0,0,0,1,2,1,1,2,2,0,2,2,2,3,1,4,1,5,5,2,3,2,3,3,5,2,3,5,2,6,5,5,4,4,6,2,8,9,2,4,5,2,3,13,10,11,14,10,18,12,20,23,14,23,19,24,15,29,31,34,28,43,27,34,38,45,40,36,40,47,59,60,62,53,58,65,62,62,75,60,72,81,71,86,86,92,98,106,104,114,111,135,128,129,133,154,145,157,171,159,153,183,191,197,189,204,240,202,238,269,265,254,248,279,286,284,287,323,352,362,361,378,369,359,402,381,395,411,422,414,431,433,399,420,459,437,461,446,424,471,464,473,423,505,467,478,509,509,453,500,498,439,452,460,448,505,452,477,489,465,473,467,439,458,460,444,471,444,415,461,454,441,389,434,451,464,436,402,405,455,413,433,416,413,438,443,378,447,415,432,378,425,402,431,389,421,402,447,407,405,372,406,407,395,404,409,405,408,425,405,399,363,337,341,327,336,355,323,305,255,252,227,271,241,209,210,190,182,173,136,133,127,108,109,88,83,79,76,65,47,52,37,17,27,27,17,14,8,8,9,4,1,4,0,1,0,0,0,0,0,0,1,0,0,0,0,0,0,0,0,0,0,0,0,0
30.25,0,0,0,0,0,0,1,0,1,0,0,1,0,1,1,0,0,0,1,0,1,4,1,0,0,2,0,1,1,1,3,1,2,0,3,1,2,5,4,2,3,4,4,2,7,4,3,7,5,5,7,2,4,4,4,3,8,6,1,4,4,4,6,4,0,2,7,11,11,13,17,22,15,16,16,17,25,23,31,17,34,27,21,19,28,29,25,40,34,36,39,44,43,34,47,48,47,58,58,64,64,67,75,79,82,78,73,88,85,91,92,102,88,106,98,115,127,126,132,138,147,164,146,162,183,187,200,190,212,202,241,212,248,231,249,247,247,303,321,316,295,294,308,323,349,370,326,366,378,354,400,379,378,427,436,435,416,430,438,450,399,460,467,483,489,430,435,451,465,453,469,499,510,502,491,466,483,454,480,476,466,453,457,456,492,465,454,509,408,447,452,452,429,452,416,444,433,472,415,430,450,452,411,413,429,435,422,419,442,417,406,448,402,410,423,373,429,401,430,367,420,400,425,387,410,359,426,407,399,416,387,397,412,421,421,383,372,327,344,325,339,336,312,303,267,247,238,251,234,210,225,172,189,159,146,130,123,109,108,89,76,82,75,63,49,49,41,14,27,25,18,13,7,10,9,2,2,4,0,1,0,0,0,0,0,0,1,0,0,0,0,0,0,0,0,0,0,0,0,0
30.35,0,0,1,0,0,1,0,0,1,1,1,0,0,0,0,0,1,1,1,2,0,1,1,1,0,0,1,0,1,1,0,2,1,2,2,2,3,1,4,3,1,6,3,7,5,5,4,9,3,5,5,1,4,4,6,7,7,5,4,2,2,6,4,3,5,5,7,8,11,8,9,13,10,16,15,15,25,26,24,27,29,21,32,24,29,35,38,26,22,43,41,37,34,37,46,45,58,50,40,55,50,59,70,58,64,69,74,88,75,87,87,87,108,97,116,122,116,118,142,120,144,155,127,161,167,178,204,200,183,203,180,217,241,230,235,271,242,274,280,292,277,305,316,324,309,362,393,358,384,389,348,365,409,369,417,389,480,450,432,423,439,411,426,447,492,488,442,504,454,478,448,464,455,443,442,467,473,478,517,470,473,488,473,466,449,460,470,460,459,443,414,459,425,464,426,418,434,442,433,446,442,424,409,405,418,434,445,440,437,405,416,436,411,407,397,401,406,394,424,386,423,380,423,398,387,365,399,422,388,413,384,391,408,406,424,389,367,331,334,321,332,335,311,303,260,229,255,242,233,212,217,178,185,151,155,128,115,115,112,82,79,81,71,63,48,46,44,14,25,25,17,12,7,9,10,1,3,4,1,1,0,0,0,0,0,0,1,0,0,0,0,0,0,0,0,0,0,0,0,0
30.45,0,0,0,0,0,0,0,1,0,0,0,0,0,2,0,1,0,1,0,1,2,0,0,0,1,1,1,1,1,1,1,2,0,0,1,4,2,5,3,4,1,6,1,4,5,2,4,4,4,5,5,4,1,5,8,9,3,4,7,2,6,7,4,5,6,6,3,8,7,13,8,15,13,17,16,23,23,17,23,15,18,17,22,32,24,32,34,29,24,42,28,54,45,53,41,42,45,44,52,73,65,66,56,73,56,76,78,85,87,91,85,111,105,116,120,123,113,145,130,129,159,155,172,182,170,192,170,207,205,203,204,228,227,255,226,231,246,282,275,285,273,297,342,316,313,350,337,326,363,378,394,372,369,401,390,408,444,411,452,429,477,449,463,456,449,430,426,431,462,456,492,452,492,484,485,464,481,423,466,459,469,493,451,466,478,441,444,429,427,461,430,385,451,443,419,410,433,393,450,410,425,457,437,428,406,420,408,441,432,417,387,419,432,388,413,421,402,408,397,382,384,415,415,402,375,372,407,420,371,410,392,390,398,394,408,411,360,325,338,316,311,332,312,299,267,219,257,244,230,202,222,174,184,156,148,131,114,119,108,84,83,80,65,62,50,46,41,17,26,26,18,9,6,10,10,1,2,5,1,1,0,0,0,0,0,0,1,0,0,0,0,0,0,0,0,0,0,0,0,0
30.55,0,0,0,0,0,1,1,1,0,0,0,0,1,0,0,0,1,0,0,1,0,0,1,0,1,1,2,1,0,0,2,1,2,2,1,2,3,3,1,2,1,3,6,4,6,6,6,3,5,6,2,8,4,5,4,4,4,2,5,2,4,6,7,4,4,5,5,7,6,12,16,20,19,17,19,24,23,22,30,26,28,33,26,23,33,33,32,34,38,33,32,37,42,56,52,46,49,56,58,43,73,65,64,51,58,66,77,90,75,99,106,98,121,97,100,109,118,131,130,141,149,149,159,169,157,181,184,197,194,193,178,245,246,208,256,278,266,260,270,303,291,320,304,344,310,349,378,385,385,389,385,379,412,432,361,399,425,448,416,456,460,460,443,454,456,492,473,503,493,460,454,421,468,437,477,439,461,458,472,478,440,484,441,417,453,440,441,442,420,425,426,427,423,408,465,446,387,417,405,445,398,435,444,455,427,422,405,421,429,427,400,416,425,390,401,439,370,424,376,417,358,419,399,433,385,395,378,406,378,394,393,392,387,383,397,409,367,327,327,314,317,325,304,288,271,232,239,241,226,200,217,178,183,166,140,132,110,115,112,87,83,79,64,61,49,45,41,17,24,27,19,9,6,8,10,2,2,5,1,0,0,1,0,0,0,0,1,0,0,0,0,0,0,0,0,0,0,0,0,0
30.65,0,0,1,0,1,0,0,0,1,0,1,0,0,1,0,2,2,0,1,1,1,0,2,1,2,2,0,1,0,0,1,0,1,2,2,1,2,1,4,5,3,5,0,4,2,3,6,6,2,5,2,7,6,4,1,3,6,2,4,5,6,4,1,8,6,5,7,5,9,11,14,13,17,7,16,13,14,16,14,20,24,18,22,26,31,30,27,32,51,34,31,39,47,39,41,45,70,47,52,55,54,49,62,93,52,102,77,88,99,102,79,106,95,99,106,111,132,133,115,146,142,134,165,144,157,187,181,197,216,212,205,202,217,219,226,261,258,275,246,295,293,300,317,311,342,339,339,354,392,376,356,347,376,407,414,380,413,415,448,432,421,419,457,438,441,459,426,450,461,427,477,489,481,484,439,481,454,437,465,465,440,420,437,458,477,431,466,409,409,410,461,420,419,423,388,420,439,426,407,396,415,450,415,416,441,416,424,386,438,435,386,373,446,414,385,421,368,397,383,433,347,429,378,426,402,384,408,376,386,374,393,373,371,401,398,389,369,332,327,299,311,324,305,289,267,229,224,248,207,213,212,182,179,157,135,134,117,112,108,83,86,77,64,61,46,45,40,18,27,27,20,11,5,8,10,2,2,4,1,0,0,1,0,0,0,0,1,0,0,0,0,0,0,0,0,0,0,0,0,0
30.75,0,0,0,1,1,0,0,0,0,0,0,0,1,0,0,1,0,0,2,0,0,1,1,1,1,0,0,0,4,1,2,3,0,0,2,1,2,1,4,3,4,0,3,5,5,2,5,2,2,4,2,5,4,2,5,6,7,3,3,1,9,5,4,0,1,5,4,9,10,12,19,13,18,15,21,14,13,23,17,21,26,22,29,25,21,25,22,37,28,27,24,42,42,45,41,38,43,58,52,55,52,68,67,69,75,64,88,71,103,96,96,101,110,110,107,129,87,126,155,151,147,139,161,132,201,201,205,195,187,198,219,227,235,238,228,283,249,244,301,283,320,286,326,331,345,321,362,353,363,358,379,349,372,407,431,405,446,411,418,421,418,448,453,463,422,451,460,488,466,479,480,457,446,419,446,469,508,455,481,400,434,455,448,447,480,452,425,429,417,437,411,465,462,409,422,396,390,431,450,405,421,409,425,425,436,415,453,417,403,445,394,388,434,416,387,388,382,392,397,400,402,377,369,434,403,383,411,385,385,357,386,370,364,386,401,380,361,327,319,314,301,329,297,275,272,237,229,228,218,209,215,182,167,159,133,128,115,121,102,85,83,75,61,61,48,43,41,19,24,25,21,7,6,10,9,2,3,2,1,0,0,1,0,0,0,0,1,0,0,0,0,0,0,0,0,0,0,0,0,0
30.85,0,0,0,0,0,0,0,0,0,0,1,2,0,0,0,0,1,0,1,1,1,0,1,0,2,0,2,0,1,0,0,0,1,0,0,2,0,2,4,3,0,2,2,1,5,7,2,2,3,5,6,4,2,5,5,4,0,3,5,2,4,6,9,6,7,8,10,3,13,12,13,13,13,13,15,12,27,10,27,25,20,25,35,27,36,25,30,36,26,34,46,42,50,43,47,46,59,49,57,62,74,68,58,63,72,82,78,90,92,79,71,89,93,90,106,131,113,131,129,137,147,158,160,173,158,167,166,187,190,214,219,239,218,205,234,250,271,263,298,307,274,308,332,336,333,333,332,346,346,368,406,385,400,400,421,393,427,394,423,435,426,492,482,408,463,430,400,453,465,441,453,449,468,442,438,433,433,435,430,462,471,431,452,452,491,425,412,400,415,433,396,405,411,439,402,416,405,436,390,424,433,421,385,457,395,417,424,444,408,421,389,390,416,389,407,363,398,396,412,401,391,376,385,387,408,395,420,395,354,362,391,371,349,370,407,372,355,338,312,301,302,328,294,271,271,231,215,219,222,217,206,176,174,153,135,129,109,124,100,86,80,76,62,60,50,38,43,18,23,24,19,8,5,9,8,3,3,2,1,0,0,1,0,0,0,0,1,0,0,0,0,0,0,0,0,0,0,0,0,0
30.95,0,0,0,0,0,0,0,0,0,0,0,1,0,0,0,1,0,0,0,1,1,0,0,0,1,0,0,3,0,1,1,3,2,1,0,0,1,4,3,2,4,2,3,6,5,4,4,4,2,1,5,5,5,4,3,5,5,5,3,4,1,4,2,5,2,3,2,5,3,8,17,17,14,10,14,22,17,18,26,24,18,15,18,26,37,29,34,33,37,29,30,30,43,37,46,40,38,45,66,57,53,53,65,57,70,62,76,62,76,85,93,91,100,101,111,127,113,137,130,112,142,152,157,149,180,181,160,164,187,199,199,212,226,224,234,283,278,297,291,296,288,326,319,276,332,325,338,357,350,391,370,391,411,391,384,394,394,407,415,393,404,414,407,421,439,431,444,483,467,473,463,436,439,429,457,403,465,462,406,462,481,464,450,459,406,421,410,432,416,458,408,415,397,396,407,421,396,410,400,400,439,413,406,379,422,392,439,415,435,390,411,400,394,409,386,369,416,370,411,384,390,357,378,375,426,388,424,397,356,371,385,354,335,379,393,356,364,337,301,310,297,303,310,260,279,229,220,209,229,210,201,182,175,147,136,136,106,115,110,85,76,74,62,60,52,39,41,22,23,23,21,9,5,10,8,3,3,2,1,0,0,1,0,0,0,0,1,0,0,0,0,0,0,0,0,0,0,0,0,0
31.05,0,1,0,0,0,0,0,0,0,0,2,0,0,0,0,0,0,2,0,0,1,0,1,1,1,0,0,1,0,0,1,3,3,4,3,1,2,4,3,4,1,2,1,3,1,4,4,6,2,1,4,4,6,5,4,1,7,4,3,3,7,4,8,7,5,5,5,5,9,12,19,12,13,16,15,26,19,27,11,23,28,29,31,26,23,29,36,40,33,42,54,33,43,48,39,39,47,45,56,55,68,50,68,75,69,81,89,71,83,90,72,94,74,102,89,113,116,105,105,114,132,141,148,152,169,141,163,210,215,197,194,214,244,233,243,254,294,252,286,271,286,311,328,312,320,344,362,346,382,359,374,386,404,365,413,442,407,415,417,396,413,440,440,464,479,468,410,428,439,431,468,451,484,428,490,464,435,448,457,431,448,447,438,426,406,429,426,420,427,405,439,439,409,384,411,418,397,402,401,418,393,392,428,393,406,395,410,410,439,377,396,428,361,402,377,381,391,391,429,364,385,357,395,363,415,383,420,386,351,369,373,346,328,373,405,348,364,340,304,307,296,280,312,276,263,238,228,208,212,217,189,179,178,150,132,135,101,119,110,83,76,73,63,57,52,39,36,24,26,21,21,9,5,8,9,3,3,2,1,0,0,1,0,0,0,0,1,0,0,0,0,0,0,0,0,0,0,0,0,0
31.15,0,0,0,0,0,0,0,0,0,0,0,1,0,0,1,0,1,2,1,0,0,0,0,0,1,0,1,0,0,0,2,1,2,1,2,3,2,3,0,3,0,5,2,1,1,4,1,2,3,4,2,3,2,4,1,5,6,2,2,2,1,3,5,4,2,2,6,6,9,16,11,17,14,13,16,14,14,16,20,28,16,31,21,24,29,31,31,29,35,31,36,38,43,33,43,49,53,48,59,58,58,61,59,58,73,65,97,83,84,91,93,83,89,114,117,122,101,120,102,125,130,146,167,185,147,183,171,185,212,208,216,227,217,212,233,248,265,269,277,277,315,312,268,323,301,383,370,335,379,318,354,378,367,359,372,404,412,447,431,399,430,437,431,420,434,484,425,452,424,499,431,461,439,465,432,415,457,442,452,462,423,413,435,416,418,445,406,455,403,386,438,427,437,421,384,390,392,393,416,421,389,390,419,414,436,381,407,407,402,425,401,388,351,395,395,377,375,387,419,367,386,352,377,360,394,407,413,373,356,383,368,357,337,364,384,354,358,330,305,300,300,288,297,270,266,236,235,203,209,210,197,169,170,155,129,135,100,114,116,82,74,66,64,60,54,37,35,26,25,22,21,8,5,8,8,3,3,2,1,0,0,0,1,0,0,0,1,0,0,0,0,0,0,0,0,0,0,0,0,0
31.25,1,0,0,1,0,1,0,0,0,0,0,0,0,0,0,0,0,1,0,1,1,1,0,1,2,3,3,2,0,0,0,2,0,2,0,1,1,1,3,0,3,1,4,4,3,2,1,5,3,3,3,7,5,6,3,0,3,2,5,1,4,4,2,6,12,6,6,9,10,9,12,10,11,19,20,16,14,24,15,16,22,21,29,31,27,27,33,35,35,38,37,24,44,40,43,38,43,54,51,55,59,56,59,56,66,65,72,69,81,60,73,92,100,90,102,123,115,127,116,133,134,130,145,158,154,138,166,195,190,206,204,192,226,235,228,244,269,242,277,274,254,287,302,352,358,333,388,344,375,336,369,380,370,395,427,391,360,433,437,403,420,443,426,413,452,407,486,469,479,444,453,477,461,447,461,443,453,415,408,409,450,416,438,393,442,416,447,411,393,398,412,400,431,434,413,387,403,368,425,412,400,390,405,428,415,397,379,415,410,396,408,389,353,378,399,353,374,377,408,384,371,354,384,378,400,399,390,372,368,368,370,343,356,333,390,339,367,312,317,299,296,297,290,268,269,221,244,206,208,208,190,169,165,148,140,129,99,108,115,80,79,67,59,59,55,36,33,27,24,22,18,9,6,8,9,3,4,2,1,0,0,0,1,0,0,0,1,0,0,0,0,0,0,0,0,0,0,0,0,0
31.35,1,0,1,0,0,2,0,1,0,0,1,0,0,0,0,0,1,1,2,0,2,0,0,1,2,0,1,0,2,0,2,1,2,2,0,1,2,3,3,4,5,1,3,5,1,3,3,3,3,6,8,6,5,5,2,6,5,6,7,3,2,3,5,3,4,2,4,7,11,11,9,19,11,10,20,12,24,21,19,22,22,30,27,32,28,30,27,43,38,44,47,56,50,52,32,60,55,65,57,51,58,57,49,60,95,86,67,83,78,99,95,86,101,107,107,120,135,124,123,149,134,135,158,171,191,179,165,221,204,208,222,232,206,236,227,242,244,229,267,280,286,290,321,322,321,362,367,349,395,372,368,380,379,370,398,381,426,400,406,437,430,453,427,446,460,447,460,430,450,445,432,451,468,487,447,430,408,462,425,450,427,433,431,447,392,439,421,421,422,403,390,372,411,388,423,394,397,392,400,420,435,429,402,391,401,408,393,393,423,395,365,390,389,348,376,362,372,392,361,381,383,360,370,387,381,407,374,376,366,354,378,341,349,353,387,331,356,295,329,288,294,292,276,261,266,223,244,209,200,203,188,171,158,156,131,132,96,108,109,81,81,59,59,60,47,37,33,26,24,22,17,9,6,8,8,4,2,3,1,0,0,0,1,0,0,0,1,0,0,0,0,0,0,0,0,0,0,0,0,0
31.45,0,0,0,0,0,0,1,1,0,0,0,1,0,1,0,0,0,0,2,0,1,1,1,1,1,0,2,2,1,2,1,1,0,4,3,1,2,2,1,1,2,2,0,1,4,1,4,3,9,2,3,4,3,4,5,2,2,4,3,7,3,6,6,4,5,4,1,7,10,10,18,22,22,11,14,16,19,19,19,23,19,28,24,27,26,26,31,27,41,32,35,43,33,51,45,52,46,48,52,59,49,61,57,61,68,84,81,63,79,92,96,96,108,90,101,114,119,112,124,138,117,133,155,169,165,180,173,173,183,218,175,208,229,203,237,212,233,263,265,264,290,271,321,295,295,325,322,338,368,311,373,354,343,389,404,375,382,424,427,435,440,426,435,453,442,414,466,420,485,488,432,464,437,435,456,446,433,459,451,407,436,445,454,423,465,439,403,403,437,405,385,405,409,391,408,409,378,389,402,383,424,431,405,402,372,419,383,382,405,386,376,362,413,351,340,399,360,379,366,380,370,366,360,383,387,403,380,358,363,352,384,356,349,364,362,338,340,310,316,280,291,287,276,258,259,225,249,209,203,192,184,173,166,145,131,124,100,106,107,81,75,59,63,54,45,36,33,26,23,23,17,9,6,8,8,3,3,3,1,0,0,0,1,0,0,0,1,0,0,0,0,0,0,0,0,0,0,0,0,0
31.55,0,0,0,0,0,0,0,0,1,1,0,0,0,0,0,0,1,0,0,1,2,1,2,0,1,0,0,1,1,0,1,1,1,3,1,1,2,1,3,3,5,0,1,3,1,1,3,7,0,6,4,4,3,5,0,3,4,6,4,2,3,6,5,3,2,3,8,5,11,9,10,17,20,21,24,19,22,26,24,21,22,25,20,32,28,25,26,34,35,31,37,39,33,35,37,51,64,51,43,55,63,71,60,61,65,71,89,72,70,78,65,110,80,106,103,110,123,116,108,129,138,149,148,144,167,159,158,204,186,192,202,222,206,217,228,213,263,251,268,285,317,300,302,342,300,330,350,346,375,396,351,365,379,368,371,391,418,423,418,410,429,417,416,476,421,479,480,473,416,427,434,448,460,441,400,468,418,437,423,480,447,422,437,463,442,445,436,421,393,420,424,384,389,429,414,402,399,389,417,374,404,411,406,387,378,396,413,357,410,361,403,386,378,362,342,381,355,373,379,382,362,382,355,361,374,420,367,356,350,343,373,355,351,359,358,320,334,331,307,280,279,298,268,269,251,236,235,205,201,191,183,175,161,145,131,120,99,100,110,80,75,62,61,51,47,34,29,28,21,23,17,9,4,6,9,4,2,3,1,0,0,0,1,0,0,0,1,0,0,0,0,0,0,0,0,0,0,0,0,0
31.65,0,0,0,0,0,1,0,0,0,0,1,1,0,1,1,0,2,0,1,1,0,1,2,1,0,3,1,1,1,1,0,1,0,2,4,2,2,4,4,3,1,3,5,6,3,2,8,3,6,0,6,6,5,3,7,7,4,3,4,3,5,5,2,4,4,7,10,10,6,8,13,9,7,15,15,25,28,19,24,23,21,26,34,34,31,35,38,20,31,22,45,33,29,44,51,47,52,50,57,52,57,62,64,69,63,67,87,95,101,77,81,101,96,98,132,113,122,114,121,137,134,150,143,153,163,172,159,171,208,200,223,208,221,220,243,244,268,265,284,287,292,296,279,296,317,335,373,343,365,352,323,352,371,389,416,381,392,396,400,435,400,459,417,413,406,424,433,449,447,447,458,458,469,399,459,454,472,413,408,421,404,463,433,432,422,445,425,421,445,411,417,426,423,369,408,436,423,413,388,399,400,377,425,374,402,392,401,373,385,380,388,399,363,359,370,384,329,380,399,359,350,382,370,339,373,403,365,347,338,331,384,367,345,338,345,344,319,323,306,281,277,291,261,281,242,231,236,199,202,183,184,169,160,148,126,113,107,97,111,73,77,63,57,50,48,35,31,29,21,23,15,9,3,6,9,4,2,3,1,0,0,0,1,0,0,0,1,0,0,0,0,0,0,0,0,0,0,0,0,0
31.75,0,0,0,0,0,0,0,0,0,0,0,0,0,2,0,1,0,1,0,0,1,2,0,0,0,1,1,0,0,1,2,0,3,2,2,0,2,0,3,0,2,1,6,1,6,4,6,5,4,3,2,1,3,4,3,4,4,6,3,6,3,3,4,7,5,4,4,9,13,11,8,17,21,10,20,14,20,17,23,17,19,25,35,30,21,29,37,31,37,38,33,33,33,45,38,56,47,57,61,48,52,72,69,76,67,73,66,102,82,78,95,104,90,101,100,100,111,133,125,125,127,129,145,158,167,150,164,175,197,187,204,193,204,231,204,209,235,267,246,269,298,283,304,308,319,317,354,334,321,341,344,351,375,358,393,408,373,390,395,421,395,415,444,421,406,436,452,442,413,434,418,464,459,447,447,428,431,405,475,424,441,437,446,433,415,429,410,448,435,415,404,425,427,390,357,419,435,407,400,408,378,415,384,396,402,392,378,402,350,396,382,386,377,358,395,336,347,349,412,364,359,374,349,355,379,384,345,352,329,330,378,371,324,329,347,349,295,318,307,281,280,283,268,281,243,237,215,214,196,181,179,161,161,144,132,112,109,94,111,70,72,61,59,46,48,33,34,27,23,23,15,9,3,5,6,4,2,4,1,0,0,0,1,0,0,0,1,0,0,0,0,0,0,0,0,0,0,0,0,0
31.85,0,0,0,0,0,1,0,0,0,0,0,0,0,0,0,0,0,0,1,0,1,1,0,2,1,0,2,1,3,0,0,1,0,3,1,5,2,1,3,2,3,5,4,2,4,6,3,7,5,7,4,3,3,3,5,3,4,8,7,3,4,6,5,4,2,4,4,9,13,14,13,14,23,16,20,23,17,13,31,30,32,22,23,21,24,32,31,34,37,39,32,37,60,51,41,45,66,53,49,60,58,70,56,60,62,65,82,89,73,69,100,125,91,112,113,133,134,120,136,134,110,146,139,164,164,144,171,187,212,170,192,232,226,252,219,245,243,258,267,282,295,308,300,346,318,312,325,337,352,372,348,360,357,380,402,399,419,423,424,429,419,412,437,443,442,440,420,436,435,415,468,424,442,381,420,441,431,440,422,414,465,425,414,406,476,423,455,406,402,430,419,366,380,408,402,411,416,415,417,419,381,371,395,392,387,402,374,377,366,370,367,374,389,368,380,325,361,337,372,379,361,389,343,339,398,368,338,345,329,324,378,359,325,316,349,344,299,312,310,284,279,277,268,278,248,227,215,215,197,185,170,157,151,148,133,106,109,95,109,68,71,58,60,47,44,29,35,26,24,25,14,8,4,6,5,3,2,4,1,0,0,0,1,0,0,0,1,0,0,0,0,0,0,0,0,0,0,0,0,0
31.95,0,0,0,1,0,0,0,0,0,0,0,1,2,0,0,2,1,1,0,1,0,0,1,0,0,0,1,1,1,0,1,1,1,1,1,1,1,1,4,1,3,2,1,1,2,2,5,4,5,5,6,2,4,0,6,1,3,7,3,5,8,5,4,1,7,2,12,2,13,13,14,12,12,26,7,11,24,16,23,21,17,23,18,16,20,42,33,40,33,42,28,44,39,41,33,50,56,56,43,58,64,52,55,62,68,54,88,81,90,94,101,97,95,116,104,122,101,126,106,136,125,148,151,158,165,170,169,182,208,178,214,224,233,234,214,217,276,258,263,292,287,283,286,316,319,331,327,366,383,384,374,374,360,381,354,355,393,389,399,396,429,437,468,374,397,393,395,409,481,439,399,425,448,465,423,453,422,401,436,429,427,393,449,433,432,434,410,409,428,397,417,360,401,405,410,392,383,408,398,411,379,374,357,399,389,406,385,366,358,371,403,355,362,399,358,347,349,324,357,398,377,369,361,342,382,360,335,348,331,338,351,343,348,313,341,335,294,309,301,283,281,257,274,276,234,225,210,223,191,186,177,152,154,147,128,108,105,97,104,73,69,59,59,45,44,31,35,25,21,26,13,10,3,6,5,3,1,5,1,0,0,0,1,0,0,0,1,0,0,0,0,0,0,0,0,0,0,0,0,0
32.05,0,0,1,0,0,1,0,0,0,0,0,0,0,0,0,0,0,1,0,1,0,0,0,1,3,2,1,0,1,0,2,1,2,2,4,2,2,1,6,0,2,2,3,4,7,6,2,1,7,2,3,3,1,2,2,9,2,2,3,2,2,4,6,5,1,2,4,9,9,17,19,11,16,16,14,14,19,21,16,22,25,26,40,27,27,28,36,31,38,29,44,45,29,38,41,49,50,64,45,57,52,65,51,56,68,65,68,86,63,87,72,89,91,106,105,98,115,104,150,125,136,131,133,146,179,157,177,175,182,188,178,226,194,221,214,220,253,278,253,297,302,287,273,326,304,340,301,343,354,337,387,397,363,360,375,365,385,426,391,414,404,409,409,429,420,429,414,412,420,400,423,442,443,429,469,440,441,437,401,441,416,441,410,431,431,420,434,424,420,398,377,401,374,375,415,386,387,415,421,395,404,375,365,399,377,382,392,366,386,374,388,357,361,368,361,364,353,321,345,372,395,367,365,343,367,351,329,363,329,345,329,352,341,319,336,332,303,297,299,287,271,253,261,278,224,222,221,210,193,180,169,152,148,155,124,107,101,95,104,75,66,58,61,49,42,30,35,25,21,25,11,10,4,5,5,3,0,6,1,0,0,0,1,0,0,0,1,0,0,0,0,0,0,0,0,0,0,0,0,0
32.15,0,0,0,0,0,1,1,0,0,0,0,0,0,0,2,1,1,0,0,1,1,1,2,0,2,0,0,2,1,1,0,1,0,3,1,3,0,0,0,0,3,4,3,7,2,5,4,1,4,1,3,4,5,1,6,4,4,4,3,5,3,4,1,3,8,3,3,6,14,14,11,11,17,16,10,19,20,14,20,7,27,28,22,29,35,28,34,40,35,44,35,39,36,33,55,53,60,47,49,55,55,70,69,68,66,62,88,85,77,85,93,92,91,80,104,83,114,127,120,138,123,151,131,155,161,158,164,182,217,196,203,231,231,227,215,228,251,233,280,260,295,285,294,288,287,333,348,345,351,323,324,374,374,394,379,387,402,396,435,387,427,396,427,434,433,431,463,416,418,397,419,453,429,449,399,437,410,448,419,427,433,426,418,425,378,422,428,424,450,411,401,391,397,360,418,354,421,404,393,354,418,405,360,391,421,343,383,344,390,358,375,373,387,365,354,354,361,320,335,371,392,350,357,356,345,369,320,373,314,354,306,370,342,318,325,305,310,295,296,277,275,252,255,267,220,223,218,199,194,179,167,142,152,145,128,105,101,91,105,73,68,55,62,49,44,30,33,25,24,25,11,10,4,4,4,4,0,4,1,0,0,0,1,0,0,0,1,0,0,0,0,0,0,0,0,0,0,0,0,0
32.25,0,0,0,0,0,0,0,0,0,1,0,0,0,0,1,0,0,0,0,1,1,0,1,0,0,1,1,3,1,2,0,1,2,1,1,1,1,0,6,5,3,3,2,1,6,4,1,3,1,4,3,4,3,3,3,2,4,4,6,3,5,5,1,0,5,5,6,10,16,6,21,16,18,20,14,18,17,23,16,16,31,18,20,34,32,33,34,26,29,41,44,37,38,36,41,50,40,48,44,55,63,65,67,73,69,72,72,68,72,85,71,107,90,108,98,89,95,104,114,122,131,128,136,170,169,161,188,194,175,179,205,216,213,225,209,259,241,239,256,298,280,290,294,279,319,302,303,325,338,351,339,331,362,354,414,378,427,378,391,432,360,405,433,427,439,460,445,432,467,485,362,423,433,451,458,460,419,460,410,441,430,400,404,391,426,404,394,405,424,435,429,402,358,419,372,390,400,396,370,380,403,411,372,420,397,356,355,372,361,371,364,380,378,371,360,375,358,313,335,369,393,360,333,357,338,357,322,343,346,340,304,356,343,314,324,315,306,305,275,280,279,253,240,264,210,218,221,197,192,176,159,148,149,144,128,99,98,90,99,75,70,55,63,46,47,31,31,24,25,25,11,9,5,4,4,4,0,3,2,0,0,0,1,0,0,0,1,0,0,0,0,0,0,0,0,0,0,0,0,0
32.35,0,0,0,0,0,1,0,0,0,0,0,0,0,1,0,0,1,0,0,1,0,0,1,2,1,0,1,0,1,2,0,1,2,2,2,3,1,5,0,1,1,2,3,4,4,4,2,4,3,2,2,4,4,2,2,3,1,2,8,3,2,2,3,1,3,2,8,5,18,17,17,20,20,18,15,22,17,26,19,17,27,29,26,23,21,38,24,28,31,38,32,40,48,33,34,42,52,42,52,42,52,50,65,64,66,75,70,83,82,95,91,88,77,110,102,101,109,125,128,143,134,139,157,173,146,160,175,176,215,183,218,204,216,212,221,227,248,244,256,269,279,274,289,287,329,284,338,319,322,375,374,345,365,361,373,408,391,386,414,419,423,385,414,390,406,425,422,444,423,454,440,427,421,409,441,447,426,476,426,418,414,402,425,400,427,412,421,390,408,419,442,402,374,367,370,386,387,367,376,367,416,385,414,381,391,366,339,365,350,383,331,407,360,350,358,346,343,338,326,385,378,374,339,337,344,362,327,318,331,346,302,357,321,306,333,313,288,310,274,267,279,248,239,268,201,219,222,204,175,174,171,146,147,146,125,99,96,92,98,71,70,54,65,45,46,32,31,21,24,27,10,10,5,5,4,4,0,3,2,0,0,0,1,0,0,0,0,0,0,0,0,0,0,0,0,0,0,0,0,0
32.45,0,0,0,0,0,2,0,1,0,0,1,0,0,1,0,0,0,0,1,0,1,1,1,0,0,0,2,2,2,0,1,2,4,0,1,0,1,0,3,3,7,3,1,6,4,1,8,3,2,5,7,3,2,2,5,5,7,4,2,2,2,7,1,3,2,2,9,7,8,13,12,16,19,14,22,16,15,18,24,22,24,23,28,22,27,30,32,25,38,39,37,31,32,29,44,54,57,57,58,54,60,64,57,79,68,76,85,60,68,78,74,89,92,107,113,89,102,97,114,99,114,141,153,151,152,160,172,159,183,210,203,201,219,259,256,220,240,258,243,261,270,277,268,288,309,296,354,327,358,375,388,351,365,391,378,409,381,364,388,388,431,430,458,419,403,414,422,402,448,417,451,410,446,454,435,466,424,426,406,422,472,401,407,419,417,410,393,418,369,417,394,424,390,377,388,364,351,373,341,406,369,386,422,383,389,366,356,350,362,380,344,378,355,374,338,353,341,343,311,381,383,366,346,323,333,362,332,307,323,339,309,350,309,302,321,315,285,312,269,275,273,251,242,254,208,203,226,205,171,167,169,145,141,142,130,94,98,87,91,68,73,54,63,44,45,32,31,22,20,25,10,11,6,6,3,4,0,1,4,0,0,0,1,0,0,0,0,0,0,0,0,0,0,0,0,0,0,0,0,0
32.55,0,1,0,0,0,0,0,0,0,1,0,0,0,0,0,1,0,0,0,0,0,1,1,0,1,1,1,0,2,1,0,0,0,3,0,3,3,1,4,2,2,2,1,2,0,2,1,2,3,2,4,2,5,3,2,0,6,3,7,5,2,1,3,3,3,3,4,16,11,12,11,10,11,12,15,25,16,19,22,18,26,29,37,31,19,27,26,29,37,27,31,46,42,40,52,48,41,50,50,48,47,60,48,77,74,76,71,67,87,84,95,95,87,83,112,113,101,101,138,113,132,122,130,140,142,152,159,159,156,204,191,200,193,216,233,212,257,251,231,255,270,273,259,290,289,296,331,328,320,376,349,384,336,346,377,377,385,399,390,384,431,395,443,408,436,418,438,439,418,389,465,467,413,426,402,446,434,398,415,422,417,439,383,423,403,409,382,383,407,367,407,402,406,408,383,380,359,340,377,372,361,383,401,408,361,351,358,355,373,371,328,384,368,363,329,353,350,344,317,355,395,348,351,334,323,333,329,327,332,331,298,338,315,296,317,303,281,315,262,278,273,232,245,247,215,196,219,201,164,164,169,141,138,144,126,88,99,86,88,67,75,55,60,43,45,31,32,21,21,23,12,11,6,5,3,3,1,1,4,0,0,0,1,0,0,0,0,0,0,0,0,0,0,0,0,0,0,0,0,0
32.65,0,2,0,0,0,0,0,1,0,1,0,0,0,0,0,0,1,0,0,1,1,1,0,4,0,2,1,1,0,2,1,0,2,0,2,0,4,2,5,2,2,0,1,1,2,0,3,7,2,3,1,3,1,3,3,1,2,6,4,3,5,4,2,4,6,7,9,13,13,12,13,19,10,10,21,18,22,23,22,17,24,32,24,30,30,30,27,37,31,33,34,39,40,56,47,36,36,49,57,61,63,52,52,64,77,69,66,70,62,81,71,63,84,102,100,98,114,97,117,130,121,153,160,138,175,173,176,188,182,181,181,227,186,225,209,219,222,223,237,276,281,287,279,295,306,325,321,331,338,315,356,342,313,334,421,421,372,387,382,366,424,393,439,391,425,430,367,457,411,421,417,406,437,445,454,393,434,435,397,424,418,409,434,435,385,359,418,406,371,407,398,393,419,376,400,372,380,327,387,376,368,393,385,381,390,343,348,357,386,320,392,349,372,355,336,352,337,353,330,336,364,351,358,327,324,335,332,314,325,324,305,319,311,300,306,299,287,300,276,270,264,245,238,251,219,194,214,200,161,169,171,141,134,142,131,87,103,81,87,64,71,60,59,42,45,31,31,18,22,24,12,10,6,5,4,3,1,1,3,1,0,0,0,0,0,0,0,0,0,0,0,0,0,0,0,0,0,0,0,0
32.75,0,0,0,0,0,1,0,1,0,0,0,0,0,0,1,0,0,1,0,1,1,0,1,1,1,0,2,1,1,1,0,3,2,3,0,0,3,2,1,1,3,2,3,0,4,10,2,3,5,0,1,3,3,2,8,4,2,5,4,2,4,2,3,6,3,10,3,6,11,8,20,19,21,23,21,15,18,21,21,22,22,29,17,28,31,41,25,23,27,34,42,39,30,42,54,42,53,63,61,56,68,60,72,55,65,77,83,71,80,89,86,103,85,94,99,113,106,126,131,131,152,140,120,166,163,166,178,187,191,174,197,201,238,210,254,223,268,235,251,279,292,274,273,307,300,295,309,336,332,307,332,338,355,364,350,358,387,368,418,406,425,397,419,404,407,439,445,435,460,395,435,444,399,399,412,421,413,409,410,430,415,413,437,402,433,397,405,398,401,402,396,399,382,405,360,394,398,361,367,365,392,376,366,381,340,362,366,384,354,328,386,350,367,325,344,333,331,365,337,325,361,337,357,307,327,326,337,312,326,316,316,300,299,304,306,306,275,290,281,268,264,256,230,248,218,196,213,195,168,158,180,142,136,133,129,90,106,80,83,63,70,58,53,43,39,35,29,22,22,22,10,11,6,4,4,3,1,1,3,1,0,0,0,0,0,0,0,0,0,0,0,0,0,0,0,0,0,0,0,0
32.85,0,1,0,0,0,1,0,0,0,0,0,0,0,2,0,0,0,0,0,0,0,0,1,2,0,0,4,1,1,0,0,1,2,1,1,1,1,0,2,2,1,4,1,1,2,2,4,4,2,7,6,1,3,3,3,3,1,4,3,1,5,3,6,2,4,3,7,10,8,6,14,13,13,28,18,21,19,21,27,24,26,32,19,36,22,36,32,47,33,30,41,40,34,31,56,45,43,42,54,69,54,53,77,67,61,67,68,78,77,97,78,79,91,91,114,108,124,119,104,99,143,127,141,163,171,183,163,183,182,200,196,205,234,224,235,240,237,242,253,288,273,270,276,316,289,335,333,282,355,344,328,371,363,383,363,351,414,388,375,406,368,372,421,388,405,399,389,423,423,411,431,397,410,407,428,400,421,425,434,378,448,411,398,392,401,412,439,411,408,375,385,409,400,378,399,356,388,385,349,377,381,382,365,353,364,337,375,385,358,338,375,348,343,323,344,345,325,359,340,349,338,354,342,313,317,319,365,284,328,309,310,300,292,287,309,292,259,304,274,267,253,258,226,247,217,189,204,192,168,163,174,141,134,135,134,93,103,79,79,64,70,60,52,43,39,36,26,23,19,24,10,11,5,4,4,3,0,1,3,1,0,0,0,0,0,0,0,0,0,0,0,0,0,0,0,0,0,0,0,0
32.95,1,0,0,1,0,0,0,0,1,0,0,0,0,0,0,0,0,0,1,0,0,0,0,0,0,1,2,0,2,0,2,2,6,1,4,0,2,1,3,2,6,4,7,2,5,4,0,3,4,6,4,3,5,2,5,7,2,0,4,2,4,5,6,6,2,4,3,9,6,17,15,21,19,26,13,10,18,18,20,29,22,21,25,28,27,26,28,24,36,35,34,36,34,46,41,52,53,44,55,64,65,66,62,64,69,71,67,83,83,81,76,87,83,100,90,92,117,127,110,129,107,131,135,139,168,136,157,162,166,172,177,222,207,202,208,247,219,281,254,284,258,286,266,283,309,279,332,328,319,344,359,357,349,369,374,398,382,364,395,442,415,436,418,418,409,429,400,402,418,411,411,447,445,412,398,436,452,376,446,439,384,383,420,390,415,393,425,404,402,419,406,386,383,350,394,371,351,398,354,361,364,391,333,353,356,377,361,373,372,356,355,361,316,325,335,338,333,365,331,346,326,349,328,316,331,308,360,284,317,296,307,298,295,288,295,296,262,297,263,262,250,249,231,243,208,190,211,178,167,170,173,142,131,128,136,93,99,78,78,66,68,61,53,43,39,32,25,25,20,22,10,11,5,4,4,3,0,1,3,1,0,0,0,0,0,0,0,0,0,0,0,0,0,0,0,0,0,0,0,0
33.05,0,0,0,0,0,0,0,1,0,1,0,0,1,0,0,0,2,0,0,0,2,0,0,1,0,0,1,0,2,0,0,1,1,1,1,1,3,5,6,2,3,3,2,4,4,1,2,3,7,2,2,2,3,4,3,4,4,3,5,3,2,6,4,7,0,5,7,7,13,13,13,10,18,18,16,13,21,31,17,21,22,32,24,26,22,44,30,32,31,32,28,30,36,37,44,44,48,47,44,47,48,56,60,60,59,68,86,80,79,87,76,83,85,81,110,116,111,124,110,128,145,133,143,162,142,178,151,196,174,193,200,216,204,210,219,244,244,223,246,254,240,315,277,310,302,274,347,343,332,337,364,348,350,353,395,397,358,385,392,426,404,417,408,370,395,407,414,422,458,409,385,451,387,413,458,406,427,422,428,405,399,426,406,402,365,407,373,427,411,391,419,379,405,406,348,346,362,384,374,367,335,354,370,335,385,346,349,377,380,389,338,358,307,310,327,326,349,370,328,354,318,333,331,324,323,301,355,291,320,294,297,283,294,280,302,291,260,282,265,255,244,256,229,242,205,192,200,185,159,171,172,142,132,129,131,96,97,80,77,66,67,60,51,42,38,31,28,24,19,22,9,10,5,4,3,3,0,1,3,0,0,0,0,0,0,0,0,0,0,0,0,0,0,0,0,0,0,0,0,0
33.15,0,0,0,0,1,0,0,0,0,0,0,0,0,0,1,1,0,2,1,0,1,1,0,0,2,0,1,1,3,1,2,1,0,1,2,3,3,4,0,5,0,1,3,2,2,3,3,1,3,6,2,6,1,2,5,8,3,2,3,6,3,3,6,4,1,4,2,5,12,4,20,17,17,14,16,14,18,14,16,22,32,18,21,25,16,27,26,34,26,22,42,48,35,34,44,36,50,42,42,45,54,36,53,63,51,74,78,72,56,84,93,110,101,83,113,98,109,120,118,119,128,134,139,148,168,176,183,173,165,178,182,199,188,223,242,230,261,249,232,269,264,260,285,310,293,290,333,369,310,326,310,335,357,370,392,358,382,363,408,394,388,406,431,408,410,399,398,400,413,435,423,433,424,419,429,421,411,431,389,435,386,403,400,426,395,409,415,355,394,396,386,381,377,418,353,361,337,386,381,346,365,349,329,367,363,364,379,357,380,354,340,345,325,317,324,326,342,360,341,343,340,299,340,340,325,286,352,295,315,303,295,295,291,267,295,277,277,261,272,258,242,250,225,237,211,189,198,185,154,170,167,143,123,127,136,100,94,82,77,64,68,57,52,42,40,32,27,23,17,22,9,8,5,4,3,3,0,0,2,0,0,1,0,0,0,0,0,0,0,0,0,0,0,0,0,0,0,0,0,0
33.25,0,0,0,0,0,0,1,0,0,0,0,0,1,0,1,0,0,0,0,0,0,0,0,5,1,0,2,0,0,2,2,1,1,2,4,1,5,3,2,4,3,1,5,0,1,3,6,4,3,1,3,3,7,6,3,8,6,2,7,3,5,5,5,5,2,3,6,8,8,9,11,9,16,18,14,23,17,10,18,28,28,20,22,19,31,30,32,23,37,29,27,39,27,41,51,59,40,42,56,51,56,49,48,70,51,62,70,71,63,94,90,77,96,109,93,112,120,116,144,114,117,151,125,147,173,160,146,151,187,195,212,198,188,229,224,224,241,254,260,257,287,248,305,305,338,315,286,319,313,322,362,331,360,359,353,374,385,377,376,371,392,391,378,368,425,426,407,456,411,407,446,388,424,423,411,420,422,427,411,397,403,395,392,398,443,388,379,384,392,395,367,364,395,393,351,371,370,341,368,369,347,346,366,360,348,352,377,378,335,385,332,354,344,297,327,323,361,342,348,337,319,318,329,347,325,275,336,297,306,294,283,288,295,274,277,269,273,260,272,244,250,240,234,233,204,201,195,177,152,171,161,139,124,128,135,102,94,80,74,63,64,55,51,43,43,31,25,24,17,21,9,8,4,3,3,3,0,0,2,0,0,1,0,0,0,0,0,0,0,0,0,0,0,0,0,0,0,0,0,0
33.35,2,0,0,1,0,0,0,0,1,0,1,1,0,0,1,0,0,0,0,1,3,0,0,0,2,1,1,0,1,3,1,2,1,1,0,3,3,0,0,3,5,1,3,1,2,3,2,1,2,3,3,4,5,2,1,2,6,0,4,6,6,3,5,3,3,7,5,4,9,7,11,14,15,19,21,16,22,13,21,13,27,33,27,29,22,26,27,31,33,29,35,42,45,47,47,32,54,49,56,51,53,59,46,51,58,70,57,84,77,80,91,85,98,72,102,98,128,140,134,132,126,131,140,146,148,162,139,162,167,180,210,208,181,211,229,235,210,250,272,227,269,292,266,305,317,271,320,360,318,329,350,349,369,350,341,344,417,371,384,400,392,392,401,423,409,432,414,404,373,407,441,446,417,427,466,381,389,364,406,415,412,368,414,384,402,414,390,392,397,357,395,394,345,370,353,383,347,366,364,381,367,319,347,385,333,377,368,348,337,399,320,339,347,289,336,335,352,345,343,341,318,299,322,355,341,273,313,336,290,279,286,290,296,285,252,273,265,255,265,255,237,240,230,233,202,202,191,181,151,170,165,140,122,131,127,106,90,83,74,60,64,54,47,47,42,30,27,24,16,20,11,8,5,3,3,3,0,0,2,0,0,1,0,0,0,0,0,0,0,0,0,0,0,0,0,0,0,0,0,0
33.45,0,0,0,0,0,0,2,0,0,0,1,0,1,0,0,1,0,0,1,1,0,0,1,0,0,1,1,1,1,1,0,1,3,0,0,1,1,2,2,2,1,1,1,4,0,2,2,4,3,6,2,5,4,4,2,4,5,5,6,8,4,6,1,3,3,4,7,6,9,11,19,18,8,21,13,16,22,18,22,13,21,21,29,29,28,29,39,28,34,27,21,26,41,41,37,50,53,39,56,70,71,48,54,64,64,56,60,87,66,81,73,79,97,78,100,98,96,119,112,124,130,112,115,171,138,163,152,159,169,183,194,197,201,209,237,217,234,243,266,241,274,259,264,277,293,302,324,348,349,332,330,306,359,334,345,388,357,405,425,355,405,392,428,384,371,394,401,415,409,442,399,413,427,417,452,409,422,393,370,381,390,427,389,356,362,380,423,419,355,398,343,372,374,349,383,374,374,370,376,357,345,342,331,358,349,386,378,345,332,381,354,335,328,318,313,332,357,354,339,312,329,304,321,366,321,290,312,332,286,281,292,308,275,270,258,265,263,253,251,263,230,241,226,229,201,198,191,176,154,168,169,128,118,128,132,100,92,84,69,58,61,49,48,49,39,32,26,23,15,20,11,8,4,4,3,3,0,0,1,0,0,1,0,0,0,0,0,0,0,0,0,0,0,0,0,0,0,0,0,0
33.55,0,1,0,0,0,0,0,0,1,0,0,0,0,0,0,0,0,1,0,0,1,0,0,0,0,1,1,1,0,1,2,1,1,0,1,1,0,1,3,3,0,2,5,1,2,9,4,5,3,4,5,5,4,4,1,5,4,4,1,6,5,5,2,3,2,6,4,9,9,12,17,15,15,15,19,24,17,29,11,14,22,27,26,38,30,27,22,27,38,34,30,36,43,47,32,55,40,44,38,54,53,64,57,68,71,72,74,67,80,87,102,78,96,91,96,97,99,130,109,117,136,153,142,145,158,143,147,168,159,180,202,214,203,197,214,223,265,276,275,262,250,283,283,305,276,306,342,331,350,341,349,354,346,370,364,367,359,396,418,400,380,397,408,415,413,405,376,403,376,392,438,407,414,402,425,418,406,423,396,358,385,380,398,375,339,370,412,343,379,361,376,356,330,359,366,366,377,383,371,357,364,350,349,335,360,407,353,355,367,358,362,318,333,326,302,332,374,343,350,328,325,292,322,362,307,300,315,327,296,287,278,297,282,270,243,272,255,252,254,249,236,233,227,216,200,208,187,176,136,163,173,123,118,133,126,98,96,79,73,59,61,48,44,49,38,33,27,24,15,20,11,8,4,3,4,3,0,0,1,0,0,1,0,0,0,0,0,0,0,0,0,0,0,0,0,0,0,0,0,0
33.65,0,1,0,0,0,0,1,0,0,1,0,0,0,0,0,0,0,0,1,0,0,1,3,1,2,2,0,0,0,1,0,2,4,1,2,1,1,1,3,3,2,3,3,4,3,3,3,4,1,3,5,7,2,2,4,4,3,4,0,2,7,2,3,7,3,5,3,7,2,13,11,10,15,19,16,14,22,17,18,20,27,19,24,24,29,21,24,37,31,30,41,35,51,38,32,52,50,46,52,53,49,71,55,59,67,57,53,79,68,85,80,83,109,105,117,93,113,145,120,109,127,151,140,166,153,172,160,168,185,180,185,203,217,209,229,221,252,231,269,242,259,293,308,287,288,307,304,326,322,378,342,368,341,378,371,345,353,363,348,375,358,396,415,389,410,359,387,390,418,417,389,426,419,395,411,364,381,432,367,434,363,354,377,407,386,359,362,366,349,388,368,369,331,306,372,357,374,412,349,374,342,364,337,343,372,372,365,330,383,339,368,304,352,335,291,327,355,333,372,323,310,296,331,373,298,302,291,329,300,281,299,286,303,270,245,261,263,234,255,250,232,229,230,196,205,197,188,172,146,155,170,126,121,129,124,104,89,71,77,56,62,48,45,55,36,32,25,25,15,18,11,8,4,3,4,3,0,0,1,0,0,1,0,0,0,0,0,0,0,0,0,0,0,0,0,0,0,0,0,0
33.75,0,1,0,1,2,0,0,0,0,0,0,1,2,1,0,0,0,0,0,1,1,1,0,0,0,1,2,0,0,1,0,0,1,2,1,0,0,1,2,4,1,2,2,2,3,1,4,1,3,2,6,2,5,4,3,1,3,3,5,3,1,2,1,3,0,3,3,7,12,9,16,14,19,15,15,17,13,23,27,22,16,16,21,19,28,27,28,32,25,30,36,40,40,50,42,42,52,52,67,61,60,58,54,67,63,63,68,83,72,74,89,93,97,85,108,100,91,110,118,105,135,118,140,138,144,163,161,164,177,183,177,206,214,205,232,231,235,243,248,271,264,284,270,308,300,315,314,324,341,320,308,363,342,371,355,360,370,362,413,380,388,419,438,400,393,417,384,405,429,422,362,437,399,392,407,410,384,398,413,401,384,381,367,409,394,356,344,356,380,358,373,355,356,339,339,366,366,392,326,361,350,345,335,341,320,387,350,365,382,336,351,359,332,338,289,338,347,339,341,341,275,335,314,369,297,306,292,317,325,274,288,286,304,261,246,257,275,213,253,243,236,232,220,190,212,193,182,178,146,153,168,122,128,128,123,98,84,65,74,56,59,47,46,54,35,33,24,24,15,19,10,6,5,3,4,2,0,0,0,0,0,1,1,0,0,0,0,0,0,0,0,0,0,0,0,0,0,0,0,0
33.85,0,0,1,0,0,0,0,0,0,1,0,0,0,0,0,0,0,0,2,1,1,0,2,0,0,0,0,2,0,1,0,3,4,3,0,0,1,4,0,2,2,7,2,5,3,5,5,1,3,3,3,3,2,4,4,3,4,2,7,4,1,2,3,7,8,7,3,9,15,15,10,14,14,16,17,13,15,22,21,22,23,28,32,29,37,35,38,31,33,25,33,31,46,44,40,46,46,34,63,51,64,43,64,47,55,84,60,74,79,69,106,95,105,100,77,99,117,107,106,136,126,127,126,129,135,133,164,185,173,193,176,189,208,197,205,220,227,237,257,264,274,297,297,264,275,304,308,318,338,302,295,335,348,340,338,330,359,409,384,398,389,391,388,391,396,381,390,409,391,401,430,391,411,409,400,419,403,419,380,420,385,433,406,372,364,369,349,364,364,381,346,350,367,371,317,363,386,349,362,352,322,355,363,344,323,370,341,362,361,362,347,331,354,345,300,336,343,352,344,336,275,338,319,347,312,300,293,327,304,288,266,294,287,261,249,264,258,221,256,233,237,235,216,181,206,192,177,180,144,156,166,120,129,128,115,99,82,66,76,55,59,46,46,51,36,33,25,24,15,18,10,6,5,3,3,2,0,0,0,0,0,0,1,0,0,0,0,0,0,0,0,0,0,0,0,0,0,0,0,0
33.95,0,0,0,0,0,0,0,0,0,1,0,0,0,0,0,0,0,0,0,0,0,0,0,0,0,0,0,0,1,0,1,0,3,0,4,6,2,2,2,4,6,1,2,1,1,1,3,2,5,6,4,3,3,6,7,4,2,1,5,1,4,1,6,2,8,3,1,4,16,14,12,17,19,10,21,19,19,16,21,18,28,22,19,27,29,19,33,29,28,40,43,36,41,44,44,41,55,51,60,47,49,54,57,61,57,57,63,61,61,83,100,96,87,89,90,120,78,95,94,127,102,139,126,149,147,159,163,161,146,175,175,208,209,178,175,214,230,238,227,230,252,258,249,289,299,284,316,301,347,312,333,374,327,331,319,374,359,388,356,380,386,381,410,376,370,414,387,382,391,396,398,381,389,394,406,398,432,387,399,393,413,430,402,395,362,373,385,370,366,359,372,354,362,369,353,340,391,367,381,321,337,345,340,336,368,298,347,357,364,357,338,358,326,334,328,313,341,340,329,322,299,326,309,345,322,307,282,326,309,280,272,276,282,268,243,259,250,227,267,217,240,232,218,185,201,185,182,180,137,148,167,122,123,122,119,95,80,66,76,53,62,44,49,50,34,30,26,23,15,17,10,6,3,3,3,2,0,0,0,0,0,0,1,0,0,0,0,0,0,0,0,0,0,0,0,0,0,0,0,0
34.05,1,2,0,0,1,0,0,0,1,0,0,0,0,0,0,0,0,1,1,0,0,0,0,1,0,0,0,3,0,0,1,1,1,1,2,1,3,0,1,0,2,2,3,0,4,2,2,5,6,3,4,5,3,0,7,4,2,4,3,1,3,3,0,3,7,7,2,7,4,14,18,17,13,17,11,22,17,25,18,17,18,23,22,26,22,31,35,19,35,39,40,33,34,36,45,36,59,43,46,46,62,56,60,62,62,68,65,64,71,76,80,87,82,79,92,82,119,120,128,132,139,104,117,128,132,142,141,185,175,171,183,178,169,197,214,228,247,233,238,240,274,245,262,321,284,302,294,297,291,307,330,329,374,353,346,382,351,377,378,370,386,393,395,410,383,392,374,382,372,408,383,395,413,390,402,391,375,405,384,397,381,426,368,380,367,349,383,394,347,372,363,352,344,368,323,376,339,352,387,344,332,324,344,322,363,318,332,329,395,338,361,334,326,335,330,321,339,317,352,297,323,305,321,330,330,315,269,323,294,283,269,267,269,285,241,260,249,229,264,208,248,230,223,175,191,186,179,172,142,145,163,123,126,122,116,101,85,63,77,50,61,43,49,45,34,31,24,23,16,17,9,6,3,1,3,2,1,0,0,0,0,0,1,0,0,0,0,0,0,0,0,0,0,0,0,0,0,0,0,0
34.15,0,0,0,0,0,0,1,0,0,0,0,0,0,1,0,1,0,0,0,0,0,1,0,0,1,2,1,1,0,3,0,3,1,0,1,3,0,3,1,3,4,1,3,3,1,3,1,4,4,4,3,3,2,2,5,3,4,2,6,2,3,0,1,3,5,5,1,6,13,12,13,19,21,18,22,14,22,22,22,27,17,26,30,29,21,24,37,37,41,24,39,35,52,37,39,36,44,28,56,45,42,48,78,62,74,76,59,70,71,71,76,102,93,99,80,114,127,111,116,139,130,139,147,147,166,157,175,157,172,197,157,202,216,233,195,214,229,265,240,252,212,256,289,269,311,282,311,282,305,370,302,331,358,327,340,353,366,373,349,408,380,370,363,409,413,383,394,380,427,399,399,360,392,380,380,332,427,381,402,402,384,375,427,368,360,377,359,350,376,370,325,368,359,324,367,355,328,368,363,350,331,347,330,320,353,335,311,351,375,335,358,359,321,322,331,321,332,318,333,317,314,301,330,320,326,323,269,325,275,301,265,276,267,277,243,258,246,220,267,218,233,228,216,179,196,190,171,159,149,144,156,122,118,125,113,101,87,63,73,53,62,42,49,40,35,30,23,23,15,17,10,6,3,1,3,2,1,0,0,0,0,0,1,0,0,0,0,0,0,0,0,0,0,0,0,0,0,0,0,0
34.25,0,0,0,0,0,0,0,1,0,1,1,0,0,0,0,1,0,0,0,1,1,0,1,1,0,1,1,0,4,1,0,3,1,2,2,1,2,1,5,3,2,3,4,1,4,2,2,4,4,5,4,2,2,3,1,3,3,6,4,5,3,6,3,1,1,4,2,5,3,11,13,14,17,10,14,12,16,15,26,16,14,13,24,23,29,19,29,28,35,33,43,35,36,37,40,39,34,42,50,43,55,52,56,75,66,54,58,58,73,74,79,79,95,91,94,91,102,116,121,115,128,137,126,158,144,138,145,134,171,163,192,208,206,207,225,196,217,232,234,254,238,248,247,274,303,289,316,281,326,335,320,322,327,326,368,370,332,376,346,368,407,375,373,362,402,393,440,393,405,388,387,417,368,404,374,414,356,428,395,390,401,377,392,374,381,382,376,394,355,348,362,334,379,359,349,330,340,362,350,348,328,329,344,326,339,326,326,341,361,342,353,338,323,313,357,334,304,324,334,299,306,324,318,297,336,332,252,311,294,286,257,279,262,275,252,252,245,208,268,207,232,225,204,183,196,182,182,150,154,137,156,124,115,125,109,102,85,62,75,51,63,41,49,40,35,30,23,23,16,17,10,5,4,2,3,2,1,0,0,0,0,0,1,0,0,0,0,0,0,0,0,0,0,0,0,0,0,0,0,0
34.35,0,0,0,0,0,0,0,0,0,0,0,0,0,0,0,1,0,0,2,1,0,0,0,0,1,2,3,0,2,0,0,1,3,3,1,2,1,5,4,1,4,3,2,1,0,3,7,4,4,6,4,3,1,3,3,3,3,3,5,4,5,4,4,6,3,7,5,9,13,12,11,15,16,17,27,21,18,25,16,19,26,31,24,20,28,35,27,25,27,37,41,54,44,41,57,45,53,49,43,47,47,74,58,60,63,62,51,80,77,81,65,105,96,88,88,91,110,94,120,133,134,127,139,164,157,151,165,157,159,162,187,190,205,203,217,224,232,235,235,256,262,280,257,283,296,286,322,311,312,324,316,307,363,354,389,333,359,350,380,365,385,372,379,424,382,388,380,382,390,394,414,381,396,395,368,356,397,360,396,369,364,351,361,405,377,368,346,383,363,323,344,362,340,372,358,354,340,322,348,350,347,311,344,339,311,339,352,355,347,350,319,343,329,299,351,341,291,336,323,289,307,326,313,298,324,333,234,327,303,279,257,298,254,268,256,247,239,214,256,206,227,214,214,176,194,176,177,154,150,125,154,126,122,122,112,101,83,62,74,48,63,38,49,39,36,28,24,22,16,16,10,4,4,2,3,2,1,0,0,0,0,0,1,0,0,0,0,0,0,0,0,0,0,0,0,0,0,0,0,0
34.45,0,0,0,0,0,0,0,0,1,0,1,0,1,1,0,1,0,0,1,1,2,0,0,1,0,0,2,0,2,0,1,1,0,0,0,2,1,2,2,0,0,5,5,1,2,3,2,7,2,4,3,3,2,5,7,3,6,3,10,3,4,6,1,3,0,3,3,5,8,14,7,11,17,14,24,17,17,15,21,23,22,25,47,29,23,24,34,25,38,36,39,35,35,41,48,51,36,48,57,53,46,59,60,63,49,64,59,69,80,85,89,91,83,86,105,101,103,94,112,118,123,138,129,140,139,156,166,146,167,164,169,201,186,201,227,233,198,250,229,261,243,232,262,292,296,323,298,314,338,318,357,329,342,347,328,368,367,378,373,367,370,409,389,428,374,372,368,392,385,382,389,428,398,390,368,379,377,399,352,391,379,388,372,340,391,354,376,366,340,358,338,323,349,373,346,349,362,335,340,352,336,337,322,344,325,336,349,357,325,346,326,323,330,300,342,344,277,330,322,307,292,333,313,289,342,311,260,313,293,274,253,290,245,273,265,234,248,199,255,213,219,221,207,175,198,171,184,152,147,130,152,127,124,116,108,103,79,68,72,46,62,37,51,37,35,29,25,22,16,16,10,4,4,2,2,2,1,0,0,0,0,0,1,0,0,0,0,0,0,0,0,0,0,0,0,0,0,0,0,0
34.55,0,0,0,0,0,0,0,0,1,0,0,0,0,1,0,0,0,0,0,0,1,1,0,1,2,0,3,0,1,0,3,1,1,1,2,0,1,2,2,2,3,2,1,1,2,3,5,1,5,6,3,4,3,5,7,1,3,4,3,4,1,0,5,3,5,2,4,5,10,10,17,10,16,10,24,17,20,22,18,22,20,13,23,33,23,37,32,39,26,27,40,41,41,38,48,43,49,42,53,53,51,51,55,54,68,65,88,70,84,80,85,92,100,97,103,98,106,138,123,118,133,125,137,137,132,127,186,156,190,173,193,203,187,215,193,219,229,233,251,248,286,257,244,277,294,297,313,308,316,330,326,332,345,334,364,369,340,386,378,380,354,395,376,392,378,401,412,405,383,388,363,399,416,386,369,427,405,340,379,373,389,379,400,343,350,368,408,389,340,378,379,333,353,362,360,331,347,324,346,363,343,319,323,360,324,302,350,337,331,321,348,303,321,305,349,333,275,308,315,294,287,333,317,290,332,305,262,295,286,271,265,271,253,258,274,232,256,197,254,204,226,205,218,176,180,178,183,149,149,132,141,128,124,113,103,103,76,68,74,44,59,39,50,36,31,28,27,19,17,16,9,3,6,2,1,3,1,0,0,0,0,0,1,0,0,0,0,0,0,0,0,0,0,0,0,0,0,0,0,0
34.65,0,0,0,2,0,0,0,1,0,0,0,0,0,0,0,0,1,0,0,1,0,0,3,2,1,1,1,2,1,1,4,2,0,0,4,4,1,2,3,1,1,3,4,3,2,2,5,2,3,4,3,4,3,5,5,2,4,1,3,7,1,5,3,1,7,4,7,6,11,19,12,16,18,19,13,25,23,12,30,34,27,30,16,29,18,18,37,29,32,32,34,40,31,35,50,50,41,48,32,42,67,50,60,74,71,83,72,82,83,84,81,96,74,99,92,88,118,103,115,110,128,131,123,151,139,135,149,170,182,179,188,195,238,195,211,195,211,225,217,269,261,268,257,291,297,264,309,323,341,338,351,306,338,341,361,349,375,374,369,381,377,349,401,377,390,399,395,377,413,384,391,379,394,368,432,383,377,360,386,368,389,399,389,357,370,372,383,383,362,335,400,353,362,344,367,350,323,364,312,321,353,319,351,339,303,317,334,343,328,343,312,311,324,294,338,341,289,290,317,295,287,327,321,285,327,296,276,281,294,262,266,273,246,262,267,233,245,200,244,199,216,200,215,182,173,177,178,152,145,131,133,128,129,109,105,100,77,67,75,45,59,38,50,36,30,30,28,19,16,17,9,3,6,2,1,3,1,0,0,0,0,0,1,0,0,0,0,0,0,0,0,0,0,0,0,0,0,0,0,0
34.75,0,1,1,0,1,0,0,0,0,1,0,0,0,0,0,0,0,1,1,0,0,1,0,2,0,0,1,0,1,0,0,0,1,0,0,2,1,4,2,1,3,3,4,1,3,1,7,5,2,2,2,3,2,2,2,3,4,2,3,3,4,5,1,1,2,2,4,10,7,17,11,15,27,16,17,13,13,21,19,19,33,19,24,28,35,33,39,35,29,39,36,33,37,53,43,41,50,51,55,50,52,50,46,56,65,68,59,59,91,90,94,85,76,102,93,88,98,113,116,113,144,133,117,122,137,149,169,172,163,174,178,191,192,187,200,227,220,243,236,267,259,284,273,282,291,284,308,319,321,302,325,375,375,349,344,358,344,335,384,374,355,404,404,407,378,359,401,418,407,394,397,402,396,401,382,389,371,395,408,383,363,339,357,396,384,374,338,383,395,334,346,384,348,349,370,338,352,316,342,313,334,334,344,325,328,309,335,315,355,320,311,315,315,300,338,334,282,289,312,281,310,312,311,277,325,306,278,289,282,274,254,272,231,279,261,228,244,206,249,196,208,202,209,174,175,178,174,153,142,130,136,123,132,110,100,98,79,68,73,47,57,40,49,36,28,30,28,19,17,16,10,3,5,2,1,2,1,0,0,0,0,0,1,0,0,0,0,0,0,0,0,0,0,0,0,0,0,0,0,0
34.85,1,0,0,1,0,1,0,1,0,0,0,1,2,1,0,0,0,0,1,1,1,0,1,1,1,1,1,0,2,0,0,1,3,0,3,1,0,1,1,3,4,2,0,0,3,2,2,5,2,2,5,1,0,3,4,5,4,5,3,1,3,5,5,4,2,5,2,4,9,14,10,16,10,18,11,24,15,15,19,17,11,19,27,25,38,24,32,32,25,29,31,34,45,29,36,33,53,53,48,40,57,53,54,65,61,78,52,58,86,88,88,88,99,96,101,86,100,97,105,104,133,121,134,144,142,156,149,174,165,169,179,195,184,192,190,216,222,226,246,228,276,267,255,288,297,288,319,304,312,330,323,354,319,331,374,326,363,372,350,372,365,379,353,404,379,391,382,398,365,366,419,390,395,374,382,416,370,348,404,369,369,376,384,371,373,369,346,351,382,370,353,366,338,354,344,353,340,302,347,304,319,333,343,331,318,299,352,312,346,322,311,308,317,287,340,330,308,272,314,278,301,313,321,269,306,303,284,285,286,273,251,267,237,266,252,235,229,209,242,200,218,192,204,175,176,169,187,142,138,130,134,121,126,110,100,92,81,64,73,48,58,37,47,33,27,30,28,18,16,16,10,3,5,2,1,2,1,0,0,0,0,0,1,0,0,0,0,0,0,0,0,0,0,0,0,0,0,0,0,0
34.95,0,0,0,0,0,1,0,2,0,0,1,1,0,0,0,0,0,2,0,1,0,0,0,1,0,3,1,0,0,1,1,1,1,2,3,1,0,2,4,1,2,1,1,5,2,4,4,2,5,4,5,6,4,1,2,5,2,5,4,4,3,5,3,5,5,2,4,5,9,9,11,12,19,13,18,18,25,22,23,34,18,19,24,32,24,34,17,33,42,31,27,36,35,46,55,51,50,50,52,53,63,64,58,50,63,56,65,67,71,76,82,94,87,83,92,119,137,112,102,121,124,127,124,141,131,154,160,171,173,180,165,193,199,203,209,223,208,255,214,238,255,246,260,301,255,299,304,306,283,313,304,320,366,342,380,313,337,348,347,401,376,384,357,385,376,368,339,378,378,389,386,353,406,380,360,404,392,375,359,349,377,367,383,360,373,354,364,342,348,377,352,357,366,353,343,346,314,308,313,301,318,362,328,335,320,321,325,336,332,324,306,299,305,296,349,329,292,278,302,298,294,303,327,271,299,282,289,270,281,277,258,261,235,271,236,232,218,219,227,207,210,188,208,183,169,173,182,141,137,125,125,128,122,109,96,91,80,64,72,47,59,38,46,32,27,30,26,17,16,15,9,4,5,2,1,2,1,0,0,0,0,0,1,0,0,0,0,0,0,0,0,0,0,0,0,0,0,0,0,0
35.05,0,0,1,0,0,0,0,0,1,0,0,2,0,1,1,1,0,0,1,1,0,2,1,1,1,1,1,1,1,1,0,0,2,1,4,1,2,0,1,1,1,3,3,1,5,3,1,5,3,9,3,3,4,2,3,7,4,4,2,5,3,4,3,3,0,3,3,7,6,16,16,13,18,27,20,32,23,23,27,14,21,16,19,25,26,26,22,27,24,30,22,40,28,42,49,38,51,49,51,39,60,64,53,52,66,70,67,68,72,65,82,94,97,87,100,101,95,118,104,108,130,105,114,138,132,165,136,162,169,180,199,167,187,196,202,234,220,216,252,229,250,237,271,294,289,287,290,325,308,318,312,354,337,320,359,335,324,365,322,392,347,367,355,404,333,368,411,384,377,369,372,404,385,331,428,394,387,364,369,371,392,384,366,385,352,366,383,353,343,328,362,340,345,342,362,312,324,310,311,310,319,353,343,331,280,358,296,336,325,314,316,300,296,329,313,337,298,280,293,281,310,292,339,273,290,267,295,264,270,281,269,255,234,265,228,232,218,215,221,206,208,189,207,186,162,170,176,132,136,127,121,135,119,114,91,89,80,65,72,43,56,39,45,33,27,30,26,18,15,16,7,4,5,2,1,2,1,0,0,0,0,0,1,0,0,0,0,0,0,0,0,0,0,0,0,0,0,0,0,0
35.15,0,0,0,0,0,0,0,0,0,0,1,0,0,0,0,1,2,2,2,0,1,0,2,1,0,0,1,1,0,0,0,0,0,0,1,4,1,0,2,1,2,2,2,0,6,4,2,3,5,0,1,2,1,3,1,3,4,7,4,3,1,2,3,2,3,3,8,6,8,10,7,12,12,24,15,15,21,20,15,17,23,23,20,22,23,24,31,30,32,34,45,35,41,48,50,36,46,37,54,48,43,43,59,52,66,55,61,71,79,66,94,86,82,96,96,104,104,106,125,111,139,138,112,117,138,155,153,145,167,167,184,187,208,177,218,215,215,221,253,236,249,269,279,268,270,277,295,280,279,283,292,342,306,351,341,362,368,354,363,367,361,389,392,346,372,374,404,384,407,418,327,385,395,370,402,399,387,381,385,382,346,397,373,396,363,337,360,339,342,333,367,344,343,353,353,327,323,303,317,296,343,338,354,302,335,321,298,331,299,320,314,306,300,328,303,333,299,286,270,286,320,277,333,281,284,271,279,259,279,272,258,264,235,256,224,229,219,227,211,210,205,188,209,178,158,177,166,140,131,120,118,134,116,117,93,86,82,64,70,43,52,38,48,35,25,29,26,17,15,16,7,3,4,2,2,2,1,0,0,0,0,0,1,0,0,0,0,0,0,0,0,0,0,0,0,0,0,0,0,0
35.25,0,0,0,0,0,0,0,0,3,0,0,0,0,0,0,1,0,1,0,1,0,1,0,0,0,1,1,0,1,0,1,0,0,2,1,1,4,2,0,3,5,2,0,3,3,4,1,7,1,4,2,2,4,1,1,0,2,1,1,3,4,1,0,2,3,6,7,10,12,14,13,12,18,14,17,11,21,24,18,29,20,33,33,26,29,42,37,28,28,28,27,41,33,47,39,41,44,39,41,56,47,60,61,65,58,65,81,62,68,99,85,90,96,67,86,99,102,113,123,96,120,124,127,121,127,144,151,179,189,174,182,156,183,248,207,187,217,220,242,242,230,269,251,256,262,277,290,276,331,283,314,319,303,352,352,323,373,340,396,354,379,364,381,402,386,380,397,358,377,388,404,418,354,383,382,377,346,389,364,373,392,362,373,367,368,355,351,360,331,338,350,357,333,356,331,323,329,339,286,326,317,338,349,304,331,313,280,337,309,315,302,304,292,329,299,307,314,297,259,300,290,293,329,274,278,284,278,257,270,262,257,262,229,256,220,246,210,227,204,209,201,185,203,176,153,172,166,143,128,117,118,125,116,119,99,80,80,67,67,43,49,39,45,34,29,28,25,17,15,18,5,3,4,2,3,2,1,0,0,0,0,0,1,0,0,0,0,0,0,0,0,0,0,0,0,0,0,0,0,0
35.35,0,0,0,1,0,0,1,1,1,0,0,1,1,0,0,0,0,0,0,0,0,0,0,2,0,0,1,1,1,0,0,2,2,2,1,3,1,1,1,2,1,4,1,2,3,4,3,4,1,3,1,3,2,4,3,4,4,1,5,2,1,2,5,5,5,4,2,5,12,15,10,15,22,14,20,20,15,22,20,29,21,29,31,17,23,28,27,26,28,33,34,31,29,40,42,39,46,44,43,48,68,49,51,51,65,52,49,62,72,73,73,86,100,89,99,87,116,102,111,111,138,113,124,145,125,128,162,158,166,185,205,212,172,181,207,239,249,248,234,252,261,282,270,279,267,303,326,266,296,308,288,295,323,319,355,350,380,363,336,358,332,389,355,362,372,379,373,378,416,380,383,394,382,380,383,393,394,360,379,413,393,386,351,335,381,375,352,337,365,339,337,354,337,328,347,322,323,314,302,319,324,366,301,306,321,319,304,311,316,303,286,316,289,347,294,317,315,282,262,295,288,296,333,279,274,278,288,247,273,261,259,260,223,254,223,250,208,233,202,209,195,189,200,185,151,166,168,138,126,113,119,125,113,124,95,77,80,66,65,41,49,37,47,34,24,28,25,17,16,18,5,3,4,2,3,2,1,0,0,0,0,0,0,0,0,0,0,0,0,0,0,0,0,0,0,0,0,0,0,0
35.45,0,0,0,0,1,0,0,0,0,0,0,0,0,0,0,1,0,0,1,0,0,0,0,1,0,0,1,3,1,1,0,0,2,2,1,1,0,0,3,3,1,0,1,4,0,3,1,2,2,1,2,5,2,5,0,4,1,0,2,0,2,3,2,1,4,5,1,6,10,10,18,13,21,14,16,15,17,22,21,25,19,31,32,20,25,24,29,26,35,35,25,43,37,50,49,36,45,52,46,62,39,47,64,68,52,74,66,71,75,80,82,86,88,83,77,113,114,102,99,121,110,120,131,118,149,143,146,128,151,174,172,191,191,206,194,199,223,233,216,229,258,238,268,271,261,323,302,274,309,324,335,318,345,349,341,351,340,321,364,351,354,379,378,358,386,377,367,370,373,372,373,401,381,385,385,373,380,349,397,374,353,361,360,368,365,364,368,333,366,355,356,318,323,344,318,324,316,326,320,304,335,322,298,296,351,309,301,314,314,294,314,297,294,334,297,305,311,299,258,292,297,306,315,278,275,276,298,247,273,256,252,253,231,249,223,256,201,233,196,216,187,193,198,168,153,167,166,140,128,102,120,120,111,125,98,73,81,63,65,40,51,36,46,34,24,28,22,15,16,18,6,3,4,2,3,1,1,0,0,0,0,0,0,0,0,0,0,0,0,0,0,0,0,0,0,0,0,0,0,0
35.55,0,0,1,0,0,0,0,0,0,0,0,0,0,1,0,0,1,0,1,0,0,1,2,1,1,0,0,2,0,1,2,1,1,2,1,1,1,2,2,6,3,4,0,1,2,2,4,3,2,3,2,6,4,5,4,2,2,1,3,2,2,5,1,2,6,6,3,5,10,14,10,4,13,16,18,10,23,18,16,25,30,21,21,34,27,26,37,19,23,25,36,38,34,39,42,46,53,45,51,54,52,63,54,67,60,60,68,73,73,71,77,83,67,76,92,97,102,108,102,139,124,125,102,144,126,140,149,160,161,169,159,205,174,180,209,214,223,237,209,244,228,267,271,278,264,305,285,334,287,279,309,330,320,338,334,297,347,372,363,375,384,381,368,383,385,358,384,399,365,360,372,388,417,382,365,394,415,449,338,378,349,361,338,362,369,346,352,376,332,368,326,301,321,331,321,317,323,299,334,322,345,294,319,297,330,316,325,304,328,305,292,318,286,319,319,290,308,321,256,278,298,305,309,277,275,299,280,255,261,257,251,249,230,240,232,245,207,223,196,211,180,184,196,171,143,165,164,143,129,100,117,120,110,121,93,74,86,62,63,39,52,34,45,34,23,27,22,14,15,19,6,3,3,3,4,1,1,0,1,0,0,0,0,0,0,0,0,0,0,0,0,0,0,0,0,0,0,0,0,0
35.65,0,0,1,0,0,0,0,0,0,0,0,0,1,0,1,1,2,2,1,0,0,0,0,0,1,0,2,0,1,1,2,1,2,2,3,0,2,1,0,1,2,2,3,3,2,2,1,5,0,3,3,4,8,4,0,6,0,8,3,2,5,7,4,2,1,0,2,9,5,14,14,11,15,14,12,15,14,16,16,15,23,25,31,24,30,23,27,25,31,25,35,39,44,45,33,30,50,48,48,45,62,51,68,66,61,65,66,80,59,85,82,69,92,88,92,87,97,97,102,128,108,119,139,125,128,145,146,166,169,169,177,166,187,190,210,231,207,230,202,260,247,256,269,255,312,286,287,280,317,298,312,342,321,345,323,324,361,329,346,365,366,365,341,361,401,393,383,378,394,410,380,370,391,403,404,374,389,393,393,377,371,342,329,395,344,350,356,370,358,344,330,324,327,325,296,326,330,300,331,331,353,282,299,316,315,331,300,312,313,313,306,299,307,321,311,303,320,308,255,265,293,295,311,280,275,284,295,244,276,244,259,225,241,244,238,226,213,223,187,209,177,183,194,164,139,162,163,140,127,100,115,117,106,124,93,72,86,62,61,37,48,31,43,33,25,24,24,14,13,20,5,3,3,2,4,1,1,0,1,0,0,0,0,0,0,0,0,0,0,0,0,0,0,0,0,0,0,0,0,0
35.75,1,0,0,0,0,0,0,0,1,0,0,0,0,1,0,0,1,0,0,0,1,1,0,0,0,3,2,0,1,2,1,3,2,3,0,0,1,3,2,4,0,3,3,2,0,3,1,0,4,2,5,4,5,5,4,7,3,3,1,5,1,2,3,2,7,2,5,5,7,8,10,19,19,10,20,21,18,27,24,23,12,20,24,25,26,35,30,26,40,29,38,48,28,42,39,43,45,53,44,33,45,42,56,61,53,57,54,81,83,76,66,82,93,89,78,104,100,95,127,106,101,116,132,146,140,147,175,167,160,161,184,177,181,188,204,207,216,242,226,253,274,270,262,317,283,276,335,297,334,294,301,323,345,332,347,343,391,372,322,365,373,390,392,389,393,402,390,385,374,393,386,420,394,379,372,402,371,355,357,394,369,347,352,361,355,333,339,373,348,337,348,321,335,312,301,319,332,336,305,346,344,279,313,329,292,337,320,304,303,322,318,305,292,335,294,298,309,307,273,262,284,280,323,285,260,280,302,240,274,244,270,220,222,239,233,238,190,228,194,209,181,183,196,156,136,163,160,137,124,106,114,111,113,120,86,75,79,61,61,37,45,31,41,31,30,22,21,16,13,20,6,3,3,2,4,1,1,0,1,0,0,0,0,0,0,0,0,0,0,0,0,0,0,0,0,0,0,0,0,0
35.85,0,0,0,0,0,0,0,0,0,0,0,0,0,0,1,0,0,0,0,1,0,0,0,0,0,1,1,1,1,3,0,1,1,2,2,0,1,2,7,2,1,1,6,3,3,3,7,5,3,6,4,3,2,2,3,3,3,10,3,5,3,3,8,2,2,5,4,13,2,11,17,13,17,25,25,19,17,20,27,25,27,15,27,21,22,32,21,28,25,34,36,43,36,30,36,38,32,44,51,48,52,44,55,59,69,69,68,72,72,76,83,98,88,102,119,97,99,98,121,118,143,139,120,152,135,128,157,152,175,161,175,183,179,186,201,187,233,227,210,248,252,272,251,244,274,289,301,288,293,300,304,324,331,341,361,363,359,359,372,387,368,404,344,382,372,434,386,411,401,398,369,376,359,403,331,365,392,375,375,352,403,357,365,339,362,360,362,324,356,334,333,339,318,320,348,335,317,337,300,350,312,308,286,319,306,319,326,315,301,307,327,293,294,333,305,300,299,300,298,265,283,271,301,284,269,287,286,245,250,264,264,221,218,247,233,231,183,227,201,202,182,178,181,156,147,156,158,133,128,101,114,109,108,122,85,74,83,58,62,33,44,32,40,31,30,22,20,15,13,21,5,3,3,2,4,0,2,0,1,0,0,0,0,0,0,0,0,0,0,0,0,0,0,0,0,0,0,0,0,0
35.95,0,0,0,1,1,0,0,1,0,0,0,0,0,1,1,1,1,0,1,0,0,0,0,2,0,0,0,0,2,1,2,3,1,4,1,0,0,0,5,3,3,2,0,4,3,5,7,1,1,6,6,4,5,7,1,3,1,2,3,3,4,4,3,4,1,4,5,8,10,19,12,18,16,19,22,17,14,13,25,25,24,23,23,25,23,35,36,24,34,45,33,46,37,37,39,34,50,51,59,60,43,56,53,53,63,69,77,59,86,83,89,86,91,96,95,89,124,108,102,131,122,134,136,137,143,130,152,158,174,173,187,161,211,186,210,222,212,226,236,251,225,240,296,256,298,283,305,308,303,305,345,316,310,349,338,362,346,307,347,323,349,349,360,406,379,365,401,372,361,400,399,388,356,383,392,382,378,369,362,350,364,375,383,360,362,359,361,336,309,363,312,332,321,331,353,332,324,297,338,313,319,298,276,324,308,340,298,316,323,293,333,272,310,319,310,290,309,279,303,259,284,292,271,299,264,278,288,259,246,254,262,221,216,245,229,227,182,226,199,208,172,186,174,160,147,150,161,136,128,100,117,104,100,123,83,74,85,58,62,34,44,34,40,31,29,22,19,14,15,19,6,3,2,2,4,0,2,0,1,0,0,0,0,0,0,0,0,0,0,0,0,0,0,0,0,0,0,0,0,0
36.05,0,0,0,0,0,0,0,1,0,0,1,0,0,0,1,0,0,0,0,0,2,1,0,0,0,0,0,1,0,0,2,3,0,1,1,0,1,0,1,4,1,0,0,1,5,3,2,4,6,0,2,3,4,0,3,1,2,4,7,3,4,4,5,3,3,2,6,2,16,14,22,10,13,20,25,18,21,20,21,16,21,21,26,25,23,21,22,28,26,37,32,31,37,38,38,43,40,42,59,49,58,56,54,55,72,79,65,63,62,90,81,81,100,101,89,91,102,106,104,109,101,129,135,134,124,147,115,155,137,197,178,195,177,211,210,215,221,238,221,209,253,223,249,255,261,260,242,302,293,328,345,299,358,355,348,334,366,358,349,343,381,349,362,354,372,378,372,377,392,397,367,383,399,386,378,326,367,390,371,377,340,359,416,374,341,352,353,313,349,328,331,327,318,341,349,317,318,303,345,300,317,307,296,301,310,331,339,303,331,301,314,298,302,297,328,277,305,288,299,254,268,294,269,300,263,261,293,262,250,246,258,223,214,246,224,229,193,210,198,199,174,185,176,152,150,148,154,135,126,101,113,99,100,123,81,75,84,59,59,35,43,33,38,32,28,22,19,13,16,19,6,3,2,2,4,0,2,0,1,0,0,0,0,0,0,0,0,0,0,0,0,0,0,0,0,0,0,0,0,0
36.15,0,0,0,0,0,1,0,0,1,0,0,0,0,1,1,0,1,0,1,0,0,1,0,0,1,1,0,0,0,1,0,1,3,0,1,0,0,0,1,1,1,1,5,4,2,4,1,4,2,3,3,2,1,3,4,5,4,4,4,4,3,0,3,0,4,2,1,7,8,14,16,16,8,11,16,17,18,15,25,19,21,19,22,21,28,24,25,29,27,34,37,38,41,40,36,37,48,40,52,52,44,57,61,46,66,59,71,60,86,79,65,89,91,79,94,105,85,128,103,114,144,103,133,127,119,128,160,160,148,161,163,189,193,183,200,215,225,201,221,229,223,236,269,264,272,294,296,287,304,306,322,284,340,315,328,370,358,301,337,340,351,369,349,373,325,371,371,377,363,367,389,361,403,361,331,397,344,340,365,390,355,347,367,369,363,355,342,372,316,357,321,323,317,360,334,323,352,310,308,322,293,292,298,299,325,334,315,301,305,284,319,317,305,310,319,271,316,277,306,238,260,296,269,287,251,278,293,264,253,239,247,231,218,235,230,224,186,206,203,197,173,182,174,151,147,150,154,134,131,100,112,92,97,121,82,76,83,62,57,35,42,35,36,33,29,23,19,13,15,19,6,2,3,1,4,1,2,0,1,0,0,0,0,0,0,0,0,0,0,0,0,0,0,0,0,0,0,0,0,0
36.25,0,0,0,0,1,1,0,0,0,0,1,0,2,0,0,0,0,0,2,0,0,1,0,0,0,2,1,1,1,1,2,2,1,1,1,0,4,1,0,1,3,3,2,1,2,4,1,3,1,2,4,5,3,6,2,3,4,3,4,8,4,4,1,6,1,1,2,8,9,12,16,20,19,13,23,13,21,14,20,19,27,24,21,30,21,36,18,25,32,23,29,43,54,36,54,53,39,43,41,48,45,41,62,58,45,70,69,78,93,77,70,92,73,101,101,107,101,102,117,115,109,124,146,129,151,120,142,157,152,172,190,176,185,191,209,184,241,240,254,223,259,253,278,248,293,248,303,296,293,274,298,331,298,321,330,343,326,364,317,352,326,400,363,380,369,384,329,343,350,336,396,332,353,379,407,356,354,345,362,350,359,358,359,367,361,361,350,321,321,297,364,341,334,343,338,349,295,327,315,317,289,310,299,314,305,344,316,296,301,304,298,328,315,312,308,270,303,289,289,244,269,281,277,288,255,274,283,275,244,236,249,233,219,237,226,218,188,201,203,186,175,182,174,156,141,148,143,140,135,104,110,89,99,113,85,75,84,61,54,36,43,38,36,34,29,23,19,13,15,18,7,1,3,1,4,1,2,0,1,0,0,0,0,0,0,0,0,0,0,0,0,0,0,0,0,0,0,0,0,0
36.35,0,0,0,0,0,1,1,0,0,0,0,0,0,0,0,0,1,3,1,0,2,1,2,0,0,0,3,2,0,0,1,2,2,2,2,0,1,0,1,1,0,2,2,1,2,3,0,1,6,1,3,5,2,3,2,2,5,8,2,2,3,1,1,5,3,3,7,10,7,12,17,19,16,17,19,21,15,23,20,13,18,17,23,34,21,30,28,27,26,37,34,39,39,33,41,45,46,42,52,55,61,58,70,51,64,68,60,63,66,75,67,96,100,109,99,92,108,99,112,116,113,137,118,137,136,131,142,157,144,163,189,167,188,181,208,222,209,224,227,243,238,241,223,288,266,279,287,282,314,277,311,309,349,333,294,341,324,341,368,357,346,352,339,355,326,389,374,372,360,309,311,338,388,390,378,363,385,366,343,372,406,334,347,373,382,330,348,329,316,318,316,356,314,335,366,316,306,303,341,306,293,310,282,302,311,323,307,300,304,313,279,318,326,308,305,284,312,263,305,229,269,282,272,293,256,263,268,283,244,243,235,228,234,232,218,218,190,195,208,197,161,185,168,157,138,146,139,137,137,99,106,93,95,112,85,69,83,58,54,37,42,37,35,33,27,22,19,13,14,16,7,2,3,1,4,1,2,0,1,0,0,0,0,0,0,0,0,0,0,0,0,0,0,0,0,0,0,0,0,0
36.45,2,0,0,0,1,0,0,0,0,0,0,1,1,0,0,0,0,0,0,0,0,2,0,0,0,1,1,3,2,1,2,1,1,1,1,0,2,2,1,2,1,3,2,1,4,4,3,2,1,1,5,2,2,3,2,2,2,2,3,6,7,5,3,3,2,4,1,11,8,11,9,16,17,14,13,13,15,18,12,21,21,24,21,26,18,24,34,32,31,28,40,41,42,47,38,32,36,39,44,45,42,53,54,52,63,78,44,79,74,70,92,68,87,105,100,90,108,86,120,115,129,133,127,145,127,156,164,153,141,147,174,153,173,174,163,198,230,233,238,228,233,238,255,256,262,289,290,291,283,319,306,311,332,324,369,309,361,354,316,367,376,340,358,344,341,344,328,377,372,351,410,356,327,354,363,401,380,366,385,398,357,370,343,361,352,358,333,324,331,346,323,338,336,324,353,304,289,343,298,319,306,282,292,288,325,305,318,318,293,299,300,305,337,312,298,286,318,271,301,253,263,276,278,286,255,260,285,259,239,229,243,222,235,232,223,215,185,189,213,193,158,190,173,157,144,141,143,135,132,99,108,94,90,114,84,69,83,59,53,40,40,37,36,33,25,22,19,14,12,16,6,2,3,1,3,1,2,0,1,0,0,0,0,0,0,0,0,0,0,0,0,0,0,0,0,0,0,0,0,0
36.55,0,1,0,0,0,1,0,0,0,1,1,0,0,1,2,1,1,0,0,1,0,3,2,2,0,3,1,0,0,0,1,0,0,1,0,3,0,1,2,1,0,4,3,1,0,2,2,4,2,2,3,2,4,4,1,6,2,5,1,3,1,1,8,2,3,4,3,9,17,16,14,11,16,17,19,13,14,19,22,29,26,23,25,31,18,23,27,23,25,24,31,38,39,39,35,38,35,58,36,47,44,51,69,56,64,58,60,66,79,75,73,76,84,85,112,92,98,105,106,108,114,121,123,150,151,144,127,162,189,183,178,201,196,205,215,200,201,216,217,260,233,286,250,266,258,279,301,269,304,296,305,309,347,301,365,339,347,382,352,336,381,347,391,365,353,366,365,367,374,375,385,388,353,349,358,344,360,413,394,343,384,365,362,340,331,338,354,346,342,330,331,317,351,323,316,313,296,300,312,330,269,306,301,286,317,288,320,287,287,300,312,310,334,313,299,290,306,273,290,253,280,263,266,287,254,256,276,258,244,235,241,215,228,234,221,225,181,191,210,189,160,187,166,158,150,141,133,136,135,99,107,91,92,105,82,70,85,54,54,42,40,37,35,32,24,22,20,14,11,17,6,2,3,1,3,1,2,0,1,0,0,0,0,0,0,0,0,0,0,0,0,0,0,0,0,0,0,0,0,0
36.65,0,0,0,0,0,0,0,0,0,1,0,0,0,0,1,0,1,0,2,1,0,1,0,0,0,0,1,2,0,1,0,0,1,0,2,1,1,2,2,4,3,1,3,3,3,3,4,3,3,1,6,2,0,5,3,3,2,4,3,4,3,4,3,3,4,3,5,10,6,8,11,17,14,14,21,16,15,21,17,21,16,13,19,22,27,28,26,27,34,29,35,49,39,38,27,39,49,41,51,51,46,52,56,70,71,55,70,55,65,77,83,83,83,78,106,77,89,91,97,104,135,107,139,139,140,150,148,160,144,161,161,182,191,200,207,209,202,215,243,225,246,254,253,265,259,279,313,305,300,325,310,321,293,344,330,342,323,346,355,379,349,364,353,343,385,351,353,376,355,370,409,335,385,375,360,367,354,341,382,391,365,371,349,334,337,338,333,347,331,333,325,311,338,342,274,313,328,297,295,318,306,305,271,308,314,280,317,311,268,298,310,302,339,309,298,303,292,274,299,253,274,266,279,272,256,258,267,256,250,225,234,216,247,219,239,214,176,186,206,178,166,188,162,164,146,133,134,133,140,97,101,98,90,105,83,70,85,54,53,44,41,36,33,32,24,22,19,14,11,17,7,2,3,1,3,1,2,0,1,0,0,0,0,0,0,0,0,0,0,0,0,0,0,0,0,0,0,0,0,0
36.75,1,0,0,0,0,0,0,1,0,2,0,0,0,1,0,0,0,1,0,0,0,0,1,1,0,3,0,2,1,1,0,3,2,0,1,1,0,1,2,1,1,1,0,2,1,2,4,2,6,7,2,4,5,5,4,4,5,2,1,2,4,4,3,6,3,3,3,8,7,14,10,9,21,17,20,23,15,20,24,23,24,26,31,29,28,18,30,32,31,28,27,39,33,35,39,48,49,48,60,45,48,61,60,57,64,67,55,87,69,53,70,79,96,77,85,99,96,99,111,101,110,116,129,123,124,141,147,161,154,140,169,182,156,176,177,208,218,234,203,217,231,259,226,275,269,299,246,298,305,303,314,321,302,300,329,307,364,358,321,373,353,371,373,389,380,394,391,391,348,340,364,363,366,369,375,364,329,361,345,376,399,353,352,327,338,325,346,351,338,344,290,305,326,367,279,309,315,328,298,276,328,294,307,288,298,298,302,299,283,291,320,289,340,300,290,307,281,298,275,273,273,275,267,280,246,261,267,253,259,230,239,216,234,225,236,215,177,180,201,180,160,191,162,160,152,133,131,132,138,99,103,89,93,102,83,67,79,56,52,43,41,36,32,30,23,18,19,14,11,17,7,1,3,1,3,1,2,0,1,0,0,0,0,0,0,0,0,0,0,0,0,0,0,0,0,0,0,0,0,0
36.85,0,0,0,0,0,1,0,2,0,0,0,1,0,0,0,0,1,1,0,1,0,1,0,0,0,1,1,0,1,0,2,3,4,3,3,1,1,2,1,0,3,2,4,6,5,2,1,2,2,5,1,3,3,3,6,2,4,2,3,1,4,2,2,3,3,1,2,5,9,11,15,14,19,19,15,24,19,16,23,19,30,21,27,33,32,25,23,32,33,38,35,30,41,35,37,40,39,49,55,47,43,60,65,56,56,64,71,73,91,85,76,79,82,82,89,90,100,95,104,107,116,120,134,122,108,144,171,147,147,164,166,155,165,169,184,195,210,232,231,228,223,231,239,251,256,259,274,318,289,318,297,319,340,321,328,330,325,350,369,358,363,359,364,394,358,370,357,378,360,375,365,335,391,331,342,346,339,368,338,370,370,359,345,315,332,342,306,343,340,327,311,309,337,348,347,290,315,324,316,283,306,293,284,307,266,289,318,297,291,301,307,292,317,289,292,332,272,292,264,282,285,267,262,277,251,260,274,246,257,232,239,214,230,217,241,223,172,182,199,191,156,195,157,153,146,133,133,135,126,108,97,95,89,98,82,63,82,54,52,43,42,35,31,30,23,18,19,14,11,17,7,1,3,1,3,1,2,0,1,0,0,0,0,0,0,0,0,0,0,0,0,0,0,0,0,0,0,0,0,0
36.95,1,0,0,0,0,0,1,0,0,1,0,0,0,0,0,0,0,1,1,0,0,1,1,0,0,1,0,1,1,1,1,1,1,1,2,1,2,0,2,1,2,2,1,1,3,3,5,3,4,4,2,3,2,6,3,4,3,2,6,0,2,3,3,2,2,3,5,7,13,11,11,14,7,21,14,16,18,17,13,20,16,32,32,31,35,37,34,24,36,38,35,35,47,51,37,40,44,49,54,50,61,39,59,68,54,63,68,75,70,94,89,78,87,81,96,95,103,114,95,126,131,117,137,141,148,156,150,166,154,137,186,165,171,181,193,213,200,223,226,261,233,257,252,287,278,220,308,305,272,280,308,292,290,322,324,350,334,351,339,359,386,316,365,381,344,368,379,376,424,364,380,360,380,365,305,354,366,347,394,357,342,354,335,357,343,354,313,290,306,338,312,306,346,330,326,337,320,303,309,300,300,276,302,298,285,288,298,297,286,307,297,308,301,269,303,306,283,302,253,282,274,280,247,272,253,254,264,243,259,227,249,201,242,223,236,210,172,183,199,179,156,201,158,142,145,136,130,135,121,110,97,98,86,95,81,60,79,54,50,42,42,33,31,29,22,17,18,15,11,17,8,1,3,1,3,1,2,0,1,0,0,0,0,0,0,0,0,0,0,0,0,0,0,0,0,0,0,0,0,0
37.05,1,0,0,0,0,0,0,0,0,0,1,0,0,1,1,1,1,0,0,0,1,0,0,1,2,0,0,0,0,0,0,1,1,1,1,1,1,0,0,2,4,0,2,2,1,3,4,3,5,3,0,3,5,2,1,2,1,3,3,5,1,4,2,3,3,4,2,8,13,16,14,12,15,19,18,22,12,20,19,26,18,22,18,25,32,15,22,23,34,29,30,46,40,32,35,49,43,51,51,49,52,51,73,60,55,67,77,68,72,52,76,75,79,98,91,100,98,94,103,110,121,121,136,117,118,132,124,155,138,168,166,194,181,184,207,205,220,209,234,247,257,269,265,278,277,296,282,282,285,302,281,335,311,324,361,336,325,321,336,328,354,340,371,357,366,348,365,377,344,404,376,385,369,359,357,361,320,369,344,390,320,346,350,350,329,334,329,298,308,330,323,308,312,331,337,303,349,304,302,298,289,282,309,277,287,286,301,294,306,286,297,304,298,284,278,305,275,292,262,295,274,284,251,265,249,254,258,238,259,228,244,193,249,229,227,199,178,180,203,175,154,194,157,141,139,132,131,137,119,105,97,99,84,92,80,59,80,53,48,41,39,33,33,29,21,18,17,15,9,18,7,1,3,1,3,1,2,0,1,0,0,0,0,0,0,0,0,0,0,0,0,0,0,0,0,0,0,0,0,0
37.15,0,0,0,0,0,0,0,0,0,2,0,0,1,2,0,1,1,0,0,0,1,0,0,3,0,2,0,1,1,1,1,1,1,1,0,1,3,1,1,1,3,1,1,0,1,0,2,4,3,0,4,3,3,4,2,1,5,2,4,4,2,3,1,2,0,5,2,8,12,15,20,13,19,20,18,16,20,14,28,17,25,23,24,33,27,26,28,28,22,28,42,26,46,30,51,44,40,37,51,43,63,39,52,50,54,50,57,69,70,82,71,79,69,106,101,86,113,99,116,106,116,115,134,149,141,145,155,155,160,158,178,173,201,198,208,226,248,217,240,229,233,228,222,243,296,252,286,305,281,324,326,337,318,322,341,320,341,357,331,338,320,321,350,317,348,375,335,337,350,379,372,349,346,390,359,354,383,369,328,331,367,332,367,342,346,317,323,285,316,295,310,327,314,304,332,327,322,321,273,316,272,309,276,299,262,295,296,318,295,290,283,299,287,295,266,306,274,294,264,293,271,279,263,258,242,254,266,240,245,231,237,199,241,236,227,191,186,175,197,175,162,188,156,140,143,132,130,135,113,104,97,95,87,94,82,61,77,53,46,41,38,32,33,28,23,19,17,14,9,17,7,1,2,1,3,1,2,0,1,0,0,0,0,0,0,0,0,0,0,0,0,0,0,0,0,0,0,0,0,0
37.25,0,0,0,0,0,0,0,0,0,0,0,0,0,0,0,0,0,1,2,0,2,0,2,0,0,0,1,0,1,1,0,2,2,3,3,2,2,1,1,0,2,4,0,6,3,4,4,2,5,5,4,4,5,3,5,3,7,4,4,3,3,3,1,1,2,3,7,4,13,14,14,13,18,27,8,24,29,21,21,19,20,25,18,27,15,29,22,34,34,37,34,39,38,35,39,40,40,48,45,48,66,46,58,52,52,58,67,64,65,71,90,86,93,82,98,98,83,103,120,116,99,138,131,116,126,131,149,143,152,148,160,181,202,188,207,227,218,216,248,220,237,231,237,259,259,256,278,275,336,318,314,264,308,305,317,331,295,330,349,376,348,343,364,303,347,385,336,371,342,340,337,351,364,389,405,363,406,326,333,342,342,338,328,351,352,324,300,326,296,290,323,329,307,320,308,331,304,309,275,286,286,315,280,279,291,312,296,313,280,283,292,322,279,286,279,302,260,298,279,289,256,281,262,250,246,246,270,240,231,236,239,204,245,220,224,193,187,177,191,173,157,178,158,139,143,139,129,131,107,101,96,94,85,94,82,63,72,54,45,40,39,31,32,26,24,20,17,16,9,14,7,1,2,1,4,1,2,0,1,0,0,0,0,0,0,0,0,0,0,0,0,0,0,0,0,0,0,0,0,0
37.35,0,0,0,0,0,0,0,0,0,0,0,0,1,0,1,1,0,0,0,0,2,0,0,1,0,0,0,0,1,1,1,0,2,2,2,1,2,3,4,3,7,4,0,2,5,3,3,1,4,2,2,6,3,3,1,6,0,2,7,4,0,4,6,2,2,5,5,8,12,11,18,18,16,20,20,14,16,23,22,18,14,24,17,28,19,31,26,38,38,31,24,29,42,32,38,32,67,41,54,74,46,53,53,52,58,58,73,72,61,74,81,71,95,77,103,101,95,91,106,113,105,132,128,134,136,148,133,150,155,170,161,161,179,166,191,184,231,213,211,232,235,260,230,236,246,261,264,299,304,279,293,295,337,330,295,336,317,303,352,331,378,359,369,348,399,349,334,369,339,356,353,367,375,335,360,424,354,357,338,364,342,369,312,361,344,353,303,320,306,291,334,307,325,293,324,326,301,289,303,288,271,296,294,304,293,309,303,303,289,281,278,309,281,288,273,296,274,285,281,289,271,284,240,252,252,247,259,249,216,237,250,199,237,220,223,193,183,190,176,173,157,179,161,127,144,137,131,124,105,101,93,94,84,94,81,61,71,53,44,39,40,31,32,24,25,18,16,17,10,14,7,1,2,1,4,1,2,0,1,0,0,0,0,0,0,0,0,0,0,0,0,0,0,0,0,0,0,0,0,0
37.45,0,0,0,0,0,0,0,1,0,0,0,0,0,0,1,0,0,0,1,0,0,0,1,0,1,0,3,2,1,2,2,0,2,2,2,1,1,2,1,3,2,0,5,4,3,2,5,1,2,3,1,3,3,2,1,1,6,3,2,1,2,2,4,4,3,9,2,4,14,11,15,15,11,18,12,19,21,24,18,20,21,26,21,27,15,25,28,20,35,37,38,37,38,53,37,46,53,48,51,41,58,62,53,51,59,60,79,66,85,74,73,98,85,96,99,100,77,110,100,106,137,94,123,116,137,136,142,118,163,157,175,185,169,192,186,177,194,210,239,234,240,254,230,274,245,281,267,266,282,315,294,295,312,311,334,293,335,336,314,359,345,368,336,385,372,345,370,362,357,366,363,336,353,361,362,309,388,356,381,359,350,352,362,323,338,315,349,296,292,323,312,329,307,328,325,314,305,290,311,282,281,285,319,290,299,291,276,326,282,285,269,313,281,277,298,277,274,291,277,283,282,280,244,252,243,249,259,244,214,240,230,202,234,225,235,190,170,189,174,174,147,176,164,124,135,137,133,123,109,102,92,91,82,91,78,63,73,53,42,38,41,30,34,24,24,18,16,17,10,14,7,1,3,1,4,1,2,0,1,0,0,0,0,0,0,0,0,0,0,0,0,0,0,0,0,0,0,0,0,0
37.55,0,0,0,0,0,0,0,1,0,0,0,0,0,0,0,0,0,2,2,1,1,3,1,0,0,1,1,0,1,0,1,1,1,1,2,1,1,0,1,1,3,2,4,4,4,1,4,4,7,2,4,3,1,5,1,5,2,1,0,2,2,1,4,3,4,3,5,5,10,9,8,18,15,17,19,22,18,21,17,20,21,17,22,22,30,29,30,23,25,35,31,38,39,34,40,49,43,43,45,39,45,68,59,60,62,64,61,57,81,79,74,77,75,90,86,89,79,106,107,127,114,124,110,135,137,111,153,144,153,175,160,181,169,215,191,212,227,254,232,229,240,238,242,248,239,251,281,266,261,277,307,300,302,314,327,340,373,364,345,348,361,345,356,328,327,338,389,352,325,361,365,336,345,379,388,370,316,382,343,331,367,349,361,337,324,300,350,321,321,325,337,308,303,312,330,318,300,292,309,276,284,298,293,311,302,280,292,297,309,287,279,293,289,280,283,277,284,295,269,280,272,286,246,259,236,249,253,246,212,245,218,206,230,229,229,180,173,186,180,173,146,173,153,132,128,133,133,117,108,102,89,92,77,93,76,66,75,52,40,39,41,29,33,24,24,18,16,17,9,14,8,1,3,1,4,1,2,0,1,0,0,0,0,0,0,0,0,0,0,0,0,0,0,0,0,0,0,0,0,0
37.65,0,1,0,0,0,0,0,0,0,0,0,1,1,0,0,0,0,0,0,0,0,0,0,0,0,0,1,1,2,0,2,2,0,2,1,3,3,3,2,0,5,1,0,3,2,3,1,3,5,2,3,6,2,2,4,4,5,0,3,4,3,4,1,7,3,2,1,12,11,18,15,14,16,14,16,14,15,27,19,24,26,24,22,16,25,29,35,35,46,28,39,24,37,27,47,45,34,55,41,53,54,52,47,57,63,66,61,62,65,96,72,62,77,81,102,83,90,81,99,106,103,124,120,120,110,129,142,167,154,168,170,165,169,191,194,195,197,233,234,257,211,243,244,262,302,262,294,273,291,292,317,311,312,320,316,325,313,347,332,339,376,375,338,359,386,356,336,331,357,375,333,351,361,355,372,340,358,348,357,366,352,368,364,347,281,312,315,352,316,327,313,347,307,309,317,320,298,317,312,271,268,300,293,306,294,278,290,288,295,287,292,292,299,290,266,272,290,282,265,282,266,284,238,254,242,249,257,243,217,235,214,206,235,224,227,184,172,181,172,178,144,165,155,131,122,134,133,115,108,100,88,92,81,92,74,66,73,49,41,39,37,30,32,25,23,20,16,17,9,13,8,1,3,1,4,1,2,0,1,0,0,0,0,0,0,0,0,0,0,0,0,0,0,0,0,0,0,0,0,0
37.75,0,1,0,1,0,0,0,1,1,0,0,1,0,0,0,0,0,1,0,0,0,0,1,0,0,0,2,1,0,3,1,0,3,0,1,1,1,3,0,4,2,1,2,3,3,2,1,1,2,4,4,5,3,1,7,3,6,4,5,3,2,5,6,9,1,2,4,8,9,8,12,11,12,18,23,15,23,15,20,23,23,24,24,29,22,37,15,36,37,36,25,37,38,40,54,38,43,44,49,45,49,40,55,56,54,77,73,58,58,72,76,74,90,91,76,94,96,123,106,94,122,126,131,132,140,162,138,149,146,152,173,162,179,196,164,199,216,208,227,225,205,227,272,281,294,266,277,283,280,266,279,297,272,332,299,322,327,324,292,320,347,353,328,358,345,344,341,367,360,365,387,364,360,359,333,358,343,350,342,366,374,324,335,328,322,339,286,350,329,314,329,333,324,295,321,329,298,316,292,299,286,284,324,295,283,278,303,293,301,291,269,307,279,290,274,272,296,267,266,282,257,283,245,257,245,246,246,250,198,245,210,213,242,217,224,177,177,180,169,174,142,157,156,137,115,135,138,117,106,95,87,84,79,89,80,64,74,46,39,38,40,30,32,25,23,19,16,16,10,12,9,1,3,1,4,1,2,0,1,0,0,0,0,0,0,0,0,0,0,0,0,0,0,0,0,0,0,0,0,0
37.85,0,1,0,0,0,0,0,0,0,2,0,0,0,0,0,0,1,0,0,2,0,1,0,0,0,2,2,3,1,0,1,2,2,2,3,5,3,0,2,2,3,2,3,4,0,2,6,2,0,2,2,4,5,3,4,4,6,2,2,2,3,3,5,2,3,5,1,8,15,14,15,21,28,21,19,30,22,25,28,27,30,23,29,38,34,28,32,32,35,30,39,44,36,39,49,54,45,51,47,52,61,60,56,60,63,72,59,82,80,82,69,82,83,96,111,106,107,102,100,106,118,113,109,111,120,130,152,159,137,170,175,172,165,188,200,174,206,234,224,219,258,253,227,245,298,268,270,266,275,297,305,318,290,316,296,308,299,357,340,344,349,337,365,324,350,378,323,332,343,365,398,342,358,365,335,336,349,360,332,379,323,340,312,330,336,321,334,319,323,331,339,308,331,306,302,296,292,314,311,296,287,271,315,290,274,267,295,292,301,288,278,315,279,295,271,266,292,257,281,269,264,279,238,270,249,249,232,235,208,235,216,204,242,215,218,178,186,181,166,175,135,161,147,136,117,137,133,118,106,96,84,85,77,89,75,61,75,45,38,38,39,31,31,24,24,18,16,15,10,12,10,1,3,1,4,1,2,0,1,0,0,0,0,0,0,0,0,0,0,0,0,0,0,0,0,0,0,0,0,0
37.95,1,0,0,1,0,0,0,0,0,0,0,1,0,0,0,1,0,0,1,1,0,1,1,1,0,1,0,0,0,1,2,2,2,0,1,0,1,4,3,1,2,3,2,3,2,3,2,4,6,3,3,1,3,3,4,3,2,3,2,1,3,4,5,3,2,3,1,7,7,17,10,16,22,14,15,15,26,20,15,27,21,23,20,19,18,27,30,32,39,33,32,32,36,34,47,34,41,40,39,45,43,46,65,55,56,60,78,70,60,63,94,84,76,78,68,95,85,87,102,117,127,119,134,114,114,142,145,123,156,137,174,173,201,172,178,170,194,209,213,217,234,238,218,277,298,282,281,288,290,282,298,310,320,326,326,318,301,317,324,331,342,355,367,354,323,327,351,356,325,357,356,354,368,358,342,367,361,346,360,350,353,332,321,325,335,350,312,313,332,329,306,332,326,297,311,269,301,294,298,317,290,283,294,287,300,276,279,293,285,289,275,307,287,288,265,277,296,250,281,255,279,263,243,250,255,246,230,232,216,229,205,206,253,214,203,181,187,176,172,178,131,159,145,135,115,135,133,112,101,103,82,84,79,87,74,62,71,47,36,38,39,30,32,22,25,18,16,15,10,13,10,1,3,1,4,1,1,0,1,0,0,0,0,0,0,0,0,0,0,0,0,0,0,0,0,0,0,0,0,0
38.05,0,0,0,0,0,0,0,0,0,0,0,1,1,0,0,0,1,1,0,1,0,0,0,1,1,1,0,0,2,0,1,2,1,0,4,2,4,3,3,1,0,3,0,1,5,4,4,0,3,2,3,5,4,1,2,6,5,4,5,5,6,1,1,4,6,4,4,6,12,10,10,12,15,18,15,20,9,29,32,19,17,25,25,33,28,21,25,30,27,30,49,30,33,34,32,34,49,61,38,54,49,55,66,43,65,72,55,62,62,73,72,82,94,79,80,72,95,94,109,115,100,122,120,122,125,137,147,153,169,171,173,187,198,179,177,217,201,229,228,214,234,209,249,236,275,236,248,270,300,304,302,328,281,348,349,301,342,329,323,349,361,374,332,356,341,341,326,366,351,359,348,356,373,368,351,354,380,338,366,343,342,358,309,337,359,340,321,333,332,300,334,331,312,313,303,275,314,286,304,297,304,277,293,276,275,268,282,307,299,268,293,301,288,279,270,267,307,250,267,263,299,260,248,246,239,249,226,236,220,228,199,207,247,218,213,172,180,171,177,176,129,155,145,132,117,133,126,112,99,102,79,83,80,81,75,60,72,50,35,39,37,30,32,22,25,18,16,15,10,13,9,1,2,1,4,1,1,0,1,0,0,0,0,0,0,0,0,0,0,0,0,0,0,0,0,0,0,0,0,0
38.15,0,0,0,0,0,1,0,0,1,0,0,0,0,1,0,0,0,0,1,0,0,0,0,1,0,0,0,1,0,0,2,0,2,1,0,3,3,2,0,3,1,0,1,4,4,1,3,0,2,1,5,8,4,6,2,3,2,5,5,2,4,4,3,1,3,4,3,5,7,9,17,12,22,13,15,20,31,23,21,25,23,31,27,20,35,38,27,17,28,28,42,32,33,29,39,38,40,39,44,55,42,49,54,66,58,48,56,60,78,59,60,71,84,79,80,98,71,99,93,118,105,107,136,136,130,165,125,145,148,175,188,165,172,187,189,215,210,213,233,244,294,233,238,249,251,276,270,296,305,319,275,299,291,315,284,325,343,328,361,317,373,340,363,343,346,338,361,356,340,340,396,355,349,359,374,348,359,371,358,318,363,344,332,357,336,354,334,330,332,316,321,318,323,309,298,304,314,282,295,295,310,287,279,280,278,287,282,303,302,279,287,288,276,284,258,268,291,263,265,263,291,261,236,243,247,247,225,228,225,234,196,208,237,215,219,172,170,166,179,174,125,152,146,131,116,132,124,107,106,96,78,83,76,81,77,60,68,49,33,38,36,32,31,23,26,16,16,15,11,11,9,1,2,1,4,1,1,0,1,0,0,0,0,0,0,0,0,0,0,0,0,0,0,0,0,0,0,0,0,0
38.25,0,0,0,0,0,0,0,1,1,0,0,1,0,0,0,1,0,1,1,0,0,0,0,0,1,0,3,0,1,0,2,1,2,7,0,2,1,0,1,2,1,3,3,2,4,2,2,4,3,1,2,3,7,2,4,2,3,2,1,2,3,4,1,2,3,4,4,9,8,13,12,6,18,12,18,12,21,28,26,22,22,21,27,20,26,21,36,25,31,26,31,37,20,36,47,38,33,34,49,41,48,42,43,50,70,70,58,74,82,76,86,84,74,93,83,83,93,95,99,104,126,137,133,136,133,155,144,138,171,157,181,178,168,171,192,187,194,255,243,199,272,249,266,258,268,290,280,267,259,274,312,303,286,333,323,333,352,315,342,339,300,355,357,367,321,351,321,354,345,363,323,372,333,345,354,385,324,355,347,347,342,326,346,342,345,325,341,354,303,343,298,356,317,288,301,320,289,283,295,291,315,283,251,275,288,303,275,284,301,281,309,277,270,278,274,257,299,268,265,267,288,251,244,237,242,249,224,228,226,231,194,202,233,226,206,180,171,163,177,175,122,151,144,120,116,133,119,108,104,96,77,81,74,80,76,59,68,49,35,36,36,32,30,23,26,13,15,14,12,12,9,1,2,1,4,1,1,0,1,0,0,0,0,0,0,0,0,0,0,0,0,0,0,0,0,0,0,0,0,0
38.35,0,1,0,0,1,0,0,0,0,1,0,0,0,0,0,1,1,0,1,0,0,0,0,0,1,0,1,0,1,1,0,0,1,0,5,1,1,2,1,1,2,3,2,5,5,1,1,4,1,3,5,1,2,2,1,0,2,2,5,5,4,2,3,2,2,3,4,10,8,7,19,18,21,8,13,29,22,31,18,19,21,28,27,22,31,26,24,19,29,25,23,29,37,39,38,44,33,49,69,51,54,53,50,56,66,52,78,75,77,66,73,63,83,92,91,72,102,101,102,101,116,108,121,121,127,129,126,130,155,169,153,160,167,165,198,174,205,197,175,219,213,235,252,239,275,252,290,288,290,291,270,298,296,298,297,306,338,322,331,318,353,328,314,336,354,324,332,346,297,332,332,337,340,384,362,340,348,341,335,350,335,343,348,328,345,339,360,313,328,330,333,342,316,300,301,298,298,278,285,297,307,297,249,273,295,270,290,280,306,290,290,277,272,278,273,264,292,275,252,272,285,243,254,235,248,241,222,233,225,229,198,198,231,217,204,181,172,158,175,173,123,149,146,117,115,132,118,103,101,98,78,81,70,83,76,55,69,47,31,37,38,31,28,25,24,14,15,14,12,12,8,2,2,1,4,1,1,0,1,0,0,0,0,0,0,0,0,0,0,0,0,0,0,0,0,0,0,0,0,0
38.45,0,0,0,0,0,0,0,0,1,0,0,0,0,0,0,0,0,0,1,0,1,1,1,1,0,1,0,0,0,1,1,1,1,1,4,2,1,2,2,0,2,2,0,0,4,4,4,3,3,3,4,3,2,1,2,1,2,4,3,6,2,5,3,1,3,4,3,7,9,19,15,13,14,16,15,19,21,18,15,24,17,22,24,20,12,31,26,28,41,33,28,28,27,37,44,36,41,47,41,39,48,60,68,60,73,57,58,66,62,79,85,67,75,106,98,109,89,103,86,129,110,117,122,147,149,142,149,137,186,146,174,185,178,182,181,192,225,212,207,220,240,242,247,234,257,295,263,308,301,280,271,282,267,338,309,274,317,300,346,323,366,340,307,338,325,340,369,312,383,334,335,331,377,349,335,349,330,361,319,348,334,337,337,309,375,373,329,325,331,302,346,331,323,293,318,295,273,303,281,293,305,282,253,259,298,277,295,280,294,292,302,260,291,271,284,256,290,270,249,266,280,245,265,227,252,234,226,228,221,228,201,192,222,229,188,187,163,158,171,178,125,148,137,117,117,128,117,100,95,101,83,81,73,80,72,55,66,47,30,39,35,32,26,27,22,13,15,14,12,12,7,2,2,1,4,1,1,0,1,0,0,0,0,0,0,0,0,0,0,0,0,0,0,0,0,0,0,0,0,0
38.55,0,0,0,0,0,0,0,0,0,0,0,0,1,0,1,0,0,0,0,0,1,1,0,0,0,2,1,0,2,1,1,0,1,1,1,0,0,3,1,2,0,1,1,2,1,2,6,3,5,4,1,0,2,5,0,4,4,0,2,3,3,1,0,2,0,3,2,4,11,9,17,11,10,20,13,19,12,16,24,19,20,23,24,37,23,23,22,42,23,42,27,33,39,37,47,40,44,36,48,49,54,63,47,63,70,51,58,58,63,71,64,74,78,77,81,89,103,95,108,114,103,116,110,113,146,140,121,135,163,148,169,152,170,236,204,200,190,198,216,213,226,223,227,253,244,288,255,259,272,297,259,296,330,315,338,311,329,310,319,314,323,316,314,343,317,325,334,364,328,351,372,292,376,345,366,335,329,308,376,338,365,330,330,302,347,353,352,314,311,325,338,327,325,292,328,294,278,304,268,307,300,300,238,259,294,286,295,291,273,294,283,268,297,263,287,250,279,258,247,292,261,243,264,219,260,217,225,226,223,224,197,199,218,230,187,191,153,159,164,179,127,152,133,120,114,124,120,94,91,98,79,83,73,79,73,54,66,49,30,38,36,30,27,27,22,14,13,14,12,12,7,1,3,1,4,1,1,0,1,0,0,0,0,0,0,0,0,0,0,0,0,0,0,0,0,0,0,0,0,0
38.65,0,0,0,0,0,0,0,1,1,0,0,0,0,1,0,0,2,1,1,2,1,0,0,0,2,0,0,3,0,1,0,0,2,1,5,2,2,3,1,1,2,1,2,4,0,0,3,3,6,3,1,4,4,5,3,4,2,3,2,2,1,3,1,3,2,5,4,7,10,11,17,19,13,12,19,14,12,19,15,23,20,22,23,18,34,27,21,24,27,30,25,41,27,29,53,37,49,44,54,55,64,65,61,60,58,53,74,60,65,76,80,87,80,101,92,82,89,104,96,105,108,100,141,113,128,143,147,154,148,144,165,172,184,168,180,176,217,218,220,219,243,223,243,263,266,272,268,279,312,288,314,314,323,330,297,297,326,341,356,364,315,354,319,312,339,342,323,325,352,343,354,345,310,333,320,355,344,359,311,349,364,344,303,327,348,324,342,323,312,310,338,337,315,320,312,305,271,310,292,288,293,292,246,274,285,273,283,286,287,276,295,264,280,284,280,258,262,273,238,290,260,246,264,211,265,204,228,225,224,237,186,199,223,224,190,181,154,159,165,182,124,152,130,127,116,119,117,96,87,97,77,82,73,74,75,51,66,48,30,37,34,31,24,26,22,13,12,15,13,13,7,1,2,1,4,1,1,0,1,0,0,0,0,0,0,0,0,0,0,0,0,0,0,0,0,0,0,0,0,0
38.75,0,0,0,0,0,0,0,0,0,1,0,0,0,0,0,0,0,0,0,0,1,0,0,1,3,0,0,0,1,0,0,2,1,1,1,2,6,2,5,2,0,3,2,4,4,2,2,5,2,3,5,5,2,3,3,4,3,8,3,2,6,3,1,3,3,2,3,8,13,17,16,15,15,11,15,15,17,21,19,22,27,23,19,25,29,22,36,27,28,30,29,42,48,41,40,39,35,53,47,50,45,54,61,47,57,70,55,50,71,69,87,78,80,89,102,84,93,95,104,102,125,132,118,118,128,144,141,163,154,167,169,188,183,186,189,182,208,201,197,243,245,251,248,248,270,272,270,284,295,319,269,287,318,324,316,328,324,362,313,354,340,364,350,307,326,311,349,321,360,332,316,364,324,347,342,353,324,371,328,339,309,344,346,313,333,318,339,321,323,341,330,312,343,325,305,291,300,301,271,301,291,293,258,273,275,267,292,285,273,284,294,266,279,294,267,261,260,267,247,290,266,245,267,217,247,213,218,230,229,228,184,200,222,215,194,173,157,161,162,179,128,146,128,128,116,114,119,97,85,95,76,79,74,74,77,52,65,48,30,36,35,30,24,25,22,13,12,14,11,14,7,0,3,1,4,1,1,0,1,0,0,0,0,0,0,0,0,0,0,0,0,0,0,0,0,0,0,0,0,0
38.85,0,0,0,0,0,0,0,1,0,0,0,1,1,1,1,1,1,0,0,0,0,0,0,0,0,1,0,2,0,0,1,0,2,0,1,1,1,3,2,2,3,1,1,4,3,1,2,1,4,7,5,2,6,4,2,5,2,5,2,3,2,1,5,4,1,1,1,7,8,21,15,27,10,17,13,22,20,20,19,24,18,27,25,30,21,29,30,33,21,30,36,33,31,48,36,64,37,39,38,39,49,44,43,48,69,82,53,67,74,74,86,81,79,92,82,81,91,92,110,97,105,127,113,137,140,144,120,136,145,143,174,177,181,181,186,200,189,189,207,248,245,251,211,234,256,240,279,290,311,309,285,321,338,304,317,313,342,340,334,372,335,332,356,355,360,341,359,350,340,336,332,345,348,370,311,325,368,363,339,326,307,320,367,317,315,332,324,322,342,322,302,329,310,322,307,291,324,291,292,290,268,289,283,259,266,279,276,295,273,288,291,267,289,277,278,254,255,266,243,292,261,238,262,221,241,226,209,215,234,229,179,201,216,210,194,172,155,156,163,172,133,141,123,123,117,107,122,99,82,92,80,76,71,73,75,52,65,45,30,35,36,29,25,24,21,12,13,14,9,14,8,0,3,1,4,1,1,0,1,0,0,0,0,0,0,0,0,0,0,0,0,0,0,0,0,0,0,0,0,0
38.95,0,0,0,0,0,0,0,0,1,0,2,2,0,0,0,1,1,0,0,0,0,0,2,0,0,0,0,1,1,1,0,1,0,3,2,1,1,1,3,2,1,1,2,2,2,3,2,2,1,5,2,1,3,3,1,4,6,5,4,1,2,1,2,3,5,1,0,9,12,17,18,9,16,12,14,14,26,23,13,21,29,24,22,26,16,25,27,36,23,32,27,30,27,40,43,36,42,43,51,44,46,44,48,63,56,55,46,60,60,72,78,62,61,76,87,88,97,103,99,111,97,111,133,121,133,146,126,151,164,145,159,190,165,181,193,191,215,189,215,239,239,227,236,253,243,252,265,282,261,291,303,288,284,326,293,300,308,333,287,347,362,344,300,345,352,337,348,332,349,365,360,373,352,335,329,364,366,356,341,328,313,281,349,337,312,350,312,324,349,301,316,304,340,299,309,298,322,280,285,281,262,281,280,255,273,274,267,284,264,287,285,262,277,290,265,279,255,252,246,278,272,244,258,220,235,227,208,208,251,213,179,204,212,204,202,166,157,161,163,169,134,136,124,123,118,106,115,99,89,88,79,78,67,71,72,51,64,44,32,34,37,27,26,24,19,11,13,14,9,14,8,0,3,1,4,1,1,0,1,0,0,0,0,0,0,0,0,0,0,0,0,0,0,0,0,0,0,0,0,0
39.05,0,0,0,0,0,0,0,0,0,0,0,0,2,0,0,1,0,0,0,0,0,1,1,1,1,2,1,1,0,2,0,1,2,0,0,0,0,3,0,2,1,1,3,1,7,1,1,1,3,4,3,3,3,3,3,4,4,3,3,1,3,1,6,4,1,1,4,7,6,13,15,8,15,14,18,15,27,11,20,19,21,22,23,22,21,27,27,27,36,30,34,40,34,50,34,26,38,44,50,47,59,58,55,56,54,61,73,62,67,64,82,75,94,94,79,93,107,110,95,109,120,135,107,115,119,140,149,154,163,142,177,169,183,182,190,175,212,204,252,252,245,261,255,259,259,268,281,264,289,288,281,297,325,324,321,291,317,306,332,355,334,350,331,363,345,349,344,330,328,350,323,348,339,331,356,346,333,335,345,362,289,338,314,324,323,316,323,349,304,301,302,316,350,308,304,289,328,258,315,270,274,284,285,269,259,282,260,280,264,276,295,266,266,283,259,281,261,247,250,278,269,238,258,215,238,231,211,210,248,209,184,206,205,202,200,171,147,154,175,162,136,131,129,122,121,99,111,102,84,91,79,80,62,71,72,50,61,46,33,32,37,28,24,23,19,10,13,13,9,13,8,0,3,1,4,1,1,0,1,0,0,0,0,0,0,0,0,0,0,0,0,0,0,0,0,0,0,0,0,0
39.15,0,1,0,0,0,0,0,0,0,0,0,0,0,1,0,3,0,0,1,1,0,0,0,1,0,1,1,0,4,1,1,0,0,0,0,0,3,1,2,1,1,2,3,0,1,1,2,3,1,2,2,4,3,4,4,4,1,4,3,4,0,2,2,2,4,1,2,7,11,13,10,19,11,14,10,21,17,21,23,18,24,16,22,25,20,29,21,27,29,22,31,29,33,41,37,33,36,47,44,55,47,51,47,56,51,54,78,59,74,64,66,66,76,97,80,80,90,97,114,109,93,92,124,122,124,115,134,168,148,160,146,164,154,190,189,171,182,206,202,193,213,234,247,218,256,233,238,268,311,278,292,255,293,328,303,293,324,310,305,341,310,348,346,348,350,322,355,343,347,366,319,331,320,331,344,357,311,340,330,320,332,322,283,331,318,333,334,339,314,305,272,318,325,301,285,298,317,276,297,279,267,267,280,278,253,290,263,280,260,274,276,278,275,259,279,267,270,244,247,275,266,237,251,220,246,223,207,223,239,207,187,198,207,209,197,164,149,160,174,163,137,126,131,122,123,105,109,100,87,89,78,77,63,72,71,47,58,46,33,31,38,26,24,23,20,8,13,14,8,13,8,0,3,1,4,1,1,0,1,0,0,0,0,0,0,0,0,0,0,0,0,0,0,0,0,0,0,0,0,0
39.25,0,0,0,0,0,0,0,0,0,0,1,1,0,1,0,1,1,0,0,0,1,2,0,1,1,1,0,1,0,2,0,0,1,4,1,0,1,2,0,3,3,0,2,4,1,0,3,1,3,1,1,5,4,3,1,4,4,2,1,3,1,2,1,2,3,2,2,3,13,15,14,10,9,12,16,21,20,16,17,23,17,27,28,33,24,22,25,32,20,26,35,27,23,41,25,47,38,45,53,57,49,58,54,65,59,72,54,79,65,71,73,83,79,61,75,84,99,103,94,106,114,114,125,122,131,145,125,154,166,145,172,154,154,191,170,182,191,187,175,195,254,211,228,264,261,260,274,290,297,267,276,294,261,339,293,298,303,318,301,328,331,340,352,324,305,345,342,378,328,318,350,323,343,283,335,340,322,329,326,334,332,305,309,310,322,316,323,331,326,292,258,308,318,303,303,304,311,311,259,267,275,260,280,277,264,279,278,279,259,267,265,278,265,267,263,286,260,236,245,274,266,234,244,232,245,222,194,219,243,206,182,205,203,212,194,168,147,162,172,162,140,126,136,120,122,103,107,102,85,89,76,78,64,70,73,43,55,46,31,32,38,25,24,23,20,8,12,14,8,13,8,0,3,1,3,1,2,0,1,0,0,0,0,0,0,0,0,0,0,0,0,0,0,0,0,0,0,0,0,0
39.35,1,0,0,0,0,0,0,1,0,0,0,0,0,0,0,1,0,0,0,0,0,1,0,0,2,0,1,1,1,1,0,4,0,4,1,0,3,2,2,2,2,1,0,1,2,4,3,2,1,4,3,4,8,4,4,2,1,5,6,3,3,5,3,4,3,2,2,8,21,10,21,12,17,16,13,7,20,25,22,25,22,17,20,26,25,23,32,32,28,44,32,35,26,53,45,37,30,37,51,43,56,65,58,63,49,56,69,59,79,67,64,80,81,79,80,95,90,92,100,107,86,102,118,122,138,132,149,134,134,173,154,170,176,163,175,231,208,223,244,232,208,210,253,261,251,257,251,279,265,274,291,321,300,274,299,314,302,313,312,335,331,357,307,327,338,316,324,339,309,345,364,367,284,317,279,325,315,362,329,321,350,339,342,302,315,321,324,308,294,318,277,301,306,316,298,289,298,301,249,272,289,245,296,272,271,286,272,286,257,269,276,258,260,274,260,284,256,230,250,280,255,233,245,234,234,221,199,222,250,198,183,204,203,208,193,173,155,155,163,160,136,128,134,116,124,95,106,102,86,88,74,81,65,67,73,46,55,45,33,30,37,23,24,24,20,8,12,14,8,12,8,0,3,1,3,1,2,0,1,0,0,0,0,0,0,0,0,0,0,0,0,0,0,0,0,0,0,0,0,0
39.45,0,0,0,0,0,0,0,0,0,0,1,0,1,0,0,0,0,0,0,0,0,0,0,0,0,1,2,0,1,2,2,0,1,1,0,3,3,2,0,1,1,3,3,4,2,4,3,5,2,2,4,3,1,3,1,1,2,8,3,3,4,4,2,1,4,1,2,7,10,8,13,19,24,17,14,22,27,15,22,25,17,17,16,23,26,31,30,30,20,16,25,31,30,25,38,36,42,28,43,51,55,53,44,67,50,52,49,57,60,85,60,71,74,82,81,81,109,96,90,139,127,119,110,113,112,137,154,126,146,164,161,186,171,183,196,201,204,200,214,195,222,248,219,228,232,276,260,280,260,295,311,296,278,318,305,297,307,302,285,343,319,320,308,364,320,322,352,300,345,322,323,358,350,339,311,288,339,328,338,330,318,368,339,288,299,344,296,312,289,312,314,264,287,324,301,293,279,273,256,266,285,276,279,281,273,299,269,269,264,270,272,265,269,272,251,269,255,229,257,275,241,248,244,236,223,223,195,225,256,202,173,211,197,202,201,171,157,158,164,152,139,129,131,118,120,94,105,102,84,85,72,83,63,69,72,48,55,44,34,30,35,24,24,24,19,8,12,14,8,12,7,0,3,1,3,1,2,0,1,0,0,0,0,0,0,0,0,0,0,0,0,0,0,0,0,0,0,0,0,0
39.55,1,0,0,0,0,0,1,0,0,1,0,0,0,0,2,0,0,0,0,0,0,0,0,1,0,0,1,0,0,1,0,0,1,2,2,0,1,1,1,3,1,2,3,3,5,2,3,3,2,4,1,2,5,1,1,1,3,1,4,3,2,3,1,2,4,4,4,11,13,12,11,12,11,15,14,15,12,14,22,25,16,25,26,23,16,30,27,30,34,18,29,31,41,35,27,40,37,45,42,50,44,48,39,52,52,55,63,61,49,63,70,73,88,75,75,92,82,102,103,104,91,122,120,119,117,137,137,166,175,136,158,170,171,170,159,177,223,195,201,195,236,234,259,237,262,258,260,257,250,272,286,314,305,291,300,291,281,284,301,339,348,337,338,318,367,340,318,330,322,318,326,319,390,343,363,308,336,320,321,288,306,328,345,317,308,321,312,313,307,307,294,303,259,330,304,285,260,292,264,269,272,281,274,280,278,289,271,269,277,260,268,261,273,272,255,261,261,227,257,268,237,247,250,223,220,228,189,227,252,202,175,201,203,205,191,174,160,153,168,141,138,134,132,111,120,92,107,100,85,84,70,84,61,68,69,47,58,45,33,27,37,25,22,24,18,9,12,13,8,13,7,1,3,1,3,1,2,0,1,0,0,0,0,0,0,0,0,0,0,0,0,0,0,0,0,0,0,0,0,0
39.65,0,0,0,0,0,0,0,0,1,0,0,0,0,0,1,1,0,1,0,0,1,0,0,0,0,1,1,1,0,2,3,1,1,1,2,0,2,1,4,0,2,0,0,1,1,2,3,2,1,1,3,2,1,2,0,2,2,1,2,2,1,1,2,2,1,3,3,10,13,12,16,15,10,16,21,22,23,16,20,20,21,19,20,21,19,34,34,27,27,35,40,31,36,44,54,40,43,40,49,45,48,49,47,45,72,52,59,62,52,74,64,64,89,93,84,83,93,99,96,118,123,105,128,144,132,139,129,138,149,145,157,169,199,168,178,166,214,192,216,222,241,253,232,274,284,249,279,235,265,282,298,279,311,312,299,309,333,330,339,309,322,365,318,332,343,354,324,317,306,320,330,342,320,392,322,355,298,293,301,305,316,324,359,310,326,302,322,290,307,286,332,281,263,317,299,304,284,261,279,275,288,278,272,284,268,291,278,249,278,253,262,266,270,263,263,251,259,218,259,268,251,238,255,220,215,220,195,229,247,199,173,194,208,199,188,169,156,146,170,143,131,140,133,107,122,90,105,102,82,82,69,87,62,68,65,48,57,43,33,28,34,26,21,24,17,10,12,13,7,11,7,1,3,1,3,1,2,0,2,0,0,0,0,0,0,0,0,0,0,0,0,0,0,0,0,0,0,0,0,0
39.75,0,1,0,0,1,0,0,0,0,0,0,0,1,1,0,0,1,0,0,0,0,0,0,0,0,2,1,0,0,1,0,0,1,3,0,1,3,3,4,5,5,1,3,0,4,0,2,5,3,2,2,3,2,5,6,4,1,6,1,3,2,4,2,2,0,5,2,11,10,15,18,23,12,20,11,14,22,13,22,23,26,23,30,23,30,29,28,26,28,24,34,37,42,43,40,36,44,41,49,47,43,51,52,60,43,58,67,73,70,80,74,69,84,81,86,92,86,106,107,105,131,92,127,102,150,116,131,138,148,178,144,169,167,208,182,181,181,199,203,196,213,237,201,267,262,262,227,270,278,270,286,294,318,305,278,294,346,315,328,330,339,327,330,329,318,338,311,372,327,315,317,336,320,370,377,339,314,307,310,310,325,324,330,327,315,304,336,273,318,297,304,273,294,273,303,310,256,264,284,281,288,267,293,288,270,269,267,251,268,269,259,251,277,249,277,250,247,226,265,275,248,248,246,227,213,220,203,216,245,206,165,201,206,202,185,166,160,145,166,137,128,136,134,109,118,90,108,103,80,80,64,85,65,68,65,45,61,44,31,29,34,25,18,24,17,9,12,12,8,10,7,1,3,1,3,1,2,0,2,0,0,0,0,0,0,0,0,0,0,0,0,0,0,0,0,0,0,0,0,0
39.85,0,0,0,0,0,0,0,0,0,0,0,0,1,0,0,0,0,0,1,1,0,0,2,2,2,3,2,1,0,2,1,0,2,0,0,1,0,2,1,3,3,0,3,1,1,7,3,3,1,5,3,4,3,1,4,5,5,2,6,6,1,1,4,6,3,2,3,4,8,14,20,19,17,20,24,27,18,19,22,27,28,21,16,20,23,23,32,49,35,26,32,44,38,36,45,41,34,54,32,48,52,45,64,59,54,56,56,82,72,73,69,79,88,81,91,91,90,96,99,108,98,108,109,119,107,133,132,136,156,143,165,171,172,186,208,199,205,209,203,221,258,256,244,220,270,271,286,303,283,274,266,296,297,299,305,293,334,340,319,339,344,306,343,352,343,378,318,329,327,335,324,331,363,346,318,349,326,286,339,324,300,343,293,336,296,315,306,321,298,307,301,281,275,271,299,297,257,262,306,279,273,268,296,284,277,277,244,255,267,263,271,248,272,246,287,258,244,217,275,275,230,259,243,223,222,215,210,222,238,204,175,204,200,193,194,167,153,148,163,137,127,132,128,109,122,89,106,105,83,76,66,84,69,68,66,42,59,43,34,28,34,25,18,24,17,7,13,12,9,9,7,1,3,1,3,1,2,0,2,0,0,0,0,0,0,0,0,0,0,0,0,0,0,0,0,0,0,0,0,0
39.95,0,0,0,0,0,0,0,0,0,0,0,1,0,0,0,0,0,2,1,0,0,0,0,1,1,2,1,0,1,1,2,1,0,2,1,0,1,2,0,2,2,1,1,1,4,2,2,3,1,1,2,5,3,3,2,4,4,2,2,3,0,2,1,1,5,4,1,9,14,12,14,12,16,20,13,14,18,15,18,24,23,23,18,28,37,30,25,32,39,35,35,45,36,46,39,35,41,50,51,45,47,50,47,62,67,70,61,74,63,73,71,84,80,89,77,85,90,99,96,106,126,115,133,146,124,124,149,136,125,146,154,165,172,147,167,195,196,192,202,224,239,224,256,223,250,242,258,300,287,280,327,284,291,297,312,303,339,323,332,329,322,313,350,325,335,344,316,361,308,315,334,337,334,326,322,311,335,334,311,319,335,329,298,326,302,337,311,321,274,330,276,305,265,291,297,290,265,262,293,265,267,285,296,282,303,255,249,247,269,241,270,252,259,236,291,256,243,229,256,281,226,253,250,234,219,208,212,214,233,200,187,202,198,189,195,169,152,146,163,140,128,132,128,110,119,89,106,104,84,77,62,83,70,66,62,43,60,43,33,28,33,25,18,23,17,7,13,11,10,9,7,1,3,1,3,1,2,0,2,0,0,0,0,0,0,0,0,0,0,0,0,0,0,0,0,0,0,0,0,0
40.05,0,0,0,0,0,1,1,0,1,0,0,0,0,0,0,0,1,0,0,0,0,0,0,1,1,0,1,2,0,2,0,0,1,1,0,1,2,0,0,2,6,0,1,2,1,2,3,1,3,2,4,2,4,1,3,1,6,1,3,6,1,1,0,6,4,1,5,6,3,14,14,10,9,14,20,21,14,16,17,23,21,22,28,30,25,27,22,25,24,26,27,42,34,33,37,40,34,30,46,40,52,54,49,62,51,51,62,57,63,71,76,71,83,81,88,101,108,82,108,112,107,103,105,120,112,110,128,147,146,145,172,150,170,159,167,187,191,201,226,225,223,238,241,271,281,275,279,244,278,281,272,275,280,288,340,329,318,325,292,328,316,309,339,329,311,356,348,334,375,335,349,340,310,300,305,310,343,346,336,316,323,290,326,289,330,317,296,302,302,323,282,293,281,282,289,277,271,273,282,265,252,289,269,291,289,246,255,245,263,261,252,278,250,247,284,243,252,234,250,282,220,245,249,247,210,205,211,212,225,195,181,199,202,179,193,164,160,142,163,142,127,134,126,107,116,87,104,103,86,78,62,81,68,63,64,44,61,42,30,27,32,24,20,21,17,7,13,11,8,9,7,1,3,1,3,1,2,0,2,0,0,0,0,0,0,0,0,0,0,0,0,0,0,0,0,0,0,0,0,0
40.15,0,0,0,0,1,0,0,0,0,0,0,0,2,0,1,0,0,0,0,1,0,1,1,1,0,1,2,1,0,0,3,2,2,1,1,3,2,1,1,1,0,2,3,0,3,3,4,0,0,4,1,4,1,5,4,2,2,5,5,6,1,1,5,2,5,0,3,11,14,18,18,16,13,10,23,16,24,17,15,26,30,21,25,25,20,28,26,28,22,33,29,34,38,41,33,39,40,43,60,44,53,50,58,65,52,56,68,62,67,76,61,59,102,89,96,78,91,95,97,99,117,105,111,109,132,144,124,130,145,148,152,165,158,192,186,173,206,203,195,224,201,220,225,254,226,239,257,269,283,279,309,292,291,299,308,302,303,308,301,297,308,339,314,336,359,327,361,343,342,334,318,309,364,310,308,289,321,318,340,315,299,290,339,301,304,322,306,287,307,317,266,311,280,283,272,280,246,293,274,282,249,285,273,275,288,258,258,255,266,268,250,269,244,257,267,249,242,230,262,269,219,242,241,251,208,202,202,211,223,194,185,198,204,177,192,166,162,144,164,139,127,132,128,110,111,88,99,97,86,78,58,83,68,61,64,44,58,44,28,28,30,20,18,21,19,5,13,11,8,9,7,1,3,1,3,1,1,0,2,0,0,0,0,0,0,0,0,0,0,0,0,0,0,0,0,0,0,0,0,0
40.25,0,0,1,0,0,0,0,0,0,0,0,0,0,0,1,0,1,0,0,0,0,0,0,0,4,1,1,2,0,0,0,0,0,0,0,0,1,1,2,2,3,2,2,1,2,1,1,1,4,3,5,5,2,2,3,5,1,2,4,4,1,3,2,3,7,0,3,7,10,14,10,14,11,20,10,10,22,23,31,24,15,22,21,22,35,24,27,30,26,34,23,31,30,31,39,38,45,33,43,47,55,47,64,56,55,58,53,73,74,68,67,63,65,82,92,77,98,96,103,125,110,117,116,130,127,124,126,141,139,137,141,193,163,173,189,196,199,221,202,206,209,211,265,226,239,252,269,263,268,287,296,279,310,283,299,302,331,300,328,316,325,333,307,302,306,323,328,354,340,349,349,342,331,373,317,324,289,291,304,326,304,295,306,335,306,287,291,297,298,306,263,306,263,282,269,260,266,304,259,291,244,320,259,273,286,256,261,244,277,255,248,268,252,245,275,245,231,234,249,266,222,243,241,245,211,202,206,204,230,195,181,195,209,175,195,161,163,146,169,141,125,129,126,109,109,88,97,97,87,76,57,82,66,61,65,42,59,42,27,28,30,19,17,22,19,5,13,11,8,9,7,1,3,1,3,1,1,0,2,0,0,0,0,0,0,0,0,0,0,0,0,0,0,0,0,0,0,0,0,0
40.35,0,0,0,0,0,0,0,0,0,0,1,0,0,0,0,0,0,1,0,1,0,0,2,1,0,0,1,2,0,0,1,0,0,0,2,0,1,0,0,3,2,0,2,1,2,3,6,3,5,3,2,1,5,2,6,2,2,2,2,0,0,2,2,6,3,4,1,7,16,11,11,19,16,18,10,16,22,23,20,15,25,19,24,19,30,39,20,28,26,29,37,42,24,32,38,34,39,36,41,47,64,48,60,63,55,59,64,61,63,80,69,86,80,87,87,93,92,98,94,110,123,102,99,126,143,123,115,164,128,126,159,167,200,163,196,185,208,237,200,218,227,202,263,209,252,247,265,271,300,286,291,292,269,287,307,331,310,303,341,313,323,303,306,332,330,325,341,341,347,331,331,367,343,351,345,279,317,286,296,338,318,308,309,326,316,301,284,314,280,306,288,296,277,285,263,285,285,278,279,270,272,313,271,268,277,256,260,267,254,264,249,258,255,248,273,250,230,233,250,269,225,240,238,240,202,204,206,196,226,202,185,189,206,180,193,164,157,146,167,140,124,128,120,111,111,88,93,94,86,81,59,81,65,57,67,42,58,42,27,28,30,19,17,22,19,5,13,11,8,9,7,0,3,1,4,1,1,0,2,0,0,0,0,0,0,0,0,0,0,0,0,0,0,0,0,0,0,0,0,0
40.45,0,0,1,0,0,0,0,0,0,0,0,0,0,0,0,0,0,3,1,0,1,3,0,0,0,2,1,0,0,1,1,1,1,0,1,0,3,1,2,1,2,1,1,1,6,1,3,2,3,4,1,1,3,2,2,3,1,6,3,2,4,3,2,8,2,6,7,10,14,18,20,12,18,13,19,25,17,17,21,22,16,22,12,23,28,16,25,26,24,35,27,29,39,22,35,32,33,43,33,48,43,56,61,60,61,75,53,69,76,70,74,83,74,91,74,86,93,95,96,83,109,140,111,119,114,140,130,133,164,145,160,154,143,186,155,219,207,173,193,198,210,228,263,249,238,245,280,278,290,292,290,276,284,279,301,295,330,309,325,307,307,327,296,312,330,305,351,344,328,355,338,332,317,321,321,318,319,297,320,312,318,311,296,306,328,290,283,291,285,276,309,270,289,277,266,272,301,268,287,294,269,293,292,274,273,247,260,261,248,267,261,272,256,246,252,262,238,230,257,272,234,240,237,237,199,206,202,201,216,201,189,187,205,188,200,159,156,144,166,136,126,126,119,115,106,87,96,93,82,81,54,81,62,58,67,41,53,47,27,27,31,19,17,20,20,5,12,11,8,9,6,0,3,1,4,1,1,0,2,0,0,0,0,0,0,0,0,0,0,0,0,0,0,0,0,0,0,0,0,0
40.55,0,0,0,0,0,0,0,0,1,0,0,0,0,0,0,0,1,0,2,0,0,0,1,0,0,0,1,1,0,1,1,0,1,1,0,0,2,1,2,0,2,0,2,0,3,3,1,3,3,5,2,1,4,1,3,4,3,5,1,3,2,1,1,7,3,3,5,5,9,12,19,14,9,23,15,21,33,21,25,18,23,31,27,28,30,34,22,28,23,30,32,28,30,39,40,43,35,43,50,53,51,50,49,52,62,57,53,73,67,70,70,68,76,83,84,80,81,93,102,80,117,103,110,129,118,144,143,149,161,165,188,161,150,177,197,182,184,193,204,230,206,223,246,232,227,256,233,289,265,269,293,288,289,301,304,314,297,299,310,332,319,332,322,329,325,339,335,343,339,352,331,323,298,316,331,307,283,345,312,310,344,328,281,327,327,296,261,279,308,277,285,266,281,280,248,280,271,275,292,277,271,285,291,291,267,238,251,264,262,255,268,257,263,255,256,254,234,238,260,254,239,238,228,244,202,197,198,192,218,206,189,184,203,184,198,159,155,140,166,136,128,128,118,115,106,87,95,90,79,80,54,82,56,60,67,41,53,49,26,27,30,18,19,19,20,6,12,10,8,9,6,0,3,1,4,1,1,0,2,0,0,0,0,0,0,0,0,0,0,0,0,0,0,0,0,0,0,0,0,0
40.65,1,0,0,0,1,0,0,0,0,0,0,0,0,0,0,0,0,0,0,0,1,0,0,0,2,0,0,0,1,0,0,0,0,1,1,1,1,2,1,0,2,4,3,8,2,2,6,3,3,3,3,3,1,6,3,1,6,7,5,3,1,2,1,2,2,2,4,15,12,16,18,10,20,15,17,20,15,21,31,18,24,28,33,25,30,29,23,28,27,37,35,32,26,31,26,40,45,45,45,45,44,55,54,70,55,60,62,67,72,50,74,79,76,95,81,88,107,101,100,108,113,107,132,121,149,121,140,152,133,155,139,156,154,184,195,188,184,197,202,176,214,216,208,250,233,261,265,268,297,255,248,279,274,286,311,297,345,335,339,337,306,329,344,313,330,367,321,340,339,337,353,324,332,334,300,326,329,329,346,278,319,343,288,318,302,310,280,266,281,265,294,246,278,287,249,281,271,251,285,273,284,262,290,292,274,256,248,266,266,269,266,257,253,263,249,265,229,233,273,253,235,230,230,240,206,200,198,182,216,208,189,185,191,184,201,156,158,141,166,132,127,131,116,114,107,87,93,88,79,83,54,81,56,60,68,39,54,46,24,26,30,18,19,19,20,6,12,10,8,8,7,0,3,1,4,1,1,0,2,0,0,0,0,0,0,0,0,0,0,0,0,0,0,0,0,0,0,0,0,0
40.75,1,0,0,0,1,0,0,0,0,0,0,0,0,1,0,1,0,1,0,0,0,1,0,1,0,1,2,2,0,1,1,0,2,0,2,0,2,1,3,0,1,0,0,3,1,1,4,2,5,4,0,0,4,5,2,4,4,2,7,1,6,3,1,3,2,2,4,9,8,10,12,11,12,16,18,11,20,19,18,19,10,17,22,18,22,28,24,33,22,42,28,25,35,28,45,39,49,37,44,48,54,48,56,54,67,54,63,63,52,77,68,67,81,71,91,99,91,108,102,95,100,111,126,109,109,134,137,149,148,141,155,153,164,161,192,183,163,218,210,197,228,253,208,234,261,238,264,261,253,302,266,275,281,276,321,324,310,292,303,351,317,355,324,328,336,342,327,351,323,346,299,301,320,322,343,334,348,338,340,319,270,303,317,307,298,303,283,260,270,277,274,259,266,287,265,279,258,250,289,267,297,262,282,286,281,258,246,259,270,268,267,256,245,241,259,255,219,236,272,253,238,232,226,233,203,208,188,184,209,214,191,187,187,177,201,161,160,132,164,135,123,128,116,116,105,83,93,85,74,84,53,80,58,61,66,37,55,45,25,25,29,19,18,19,21,6,10,9,9,9,7,0,3,1,4,0,1,0,2,0,0,0,0,0,0,0,0,0,0,0,0,0,0,0,0,0,0,0,0,0
40.85,0,0,0,0,0,0,1,0,0,0,1,0,0,0,1,0,0,0,0,0,0,0,0,2,0,0,1,0,0,0,2,0,1,0,1,1,3,0,2,2,0,3,1,2,2,1,3,4,3,1,1,7,4,6,3,3,2,1,4,2,4,1,1,1,8,4,5,12,8,15,16,19,18,22,7,20,19,16,25,14,20,29,20,17,27,27,32,32,26,19,36,34,32,36,35,41,36,47,49,41,57,58,56,49,56,71,56,67,51,63,63,83,72,81,89,84,94,96,117,114,118,101,121,128,146,124,135,127,133,144,164,176,172,186,181,182,170,220,189,211,246,222,236,241,267,274,290,258,284,278,310,306,306,313,287,287,285,327,344,329,320,354,324,312,343,332,301,311,313,345,322,331,299,321,349,315,345,343,332,306,299,272,346,317,274,303,290,256,272,297,276,269,263,256,285,255,260,261,273,262,277,246,275,279,269,241,261,246,259,279,260,267,250,248,242,256,212,240,255,253,245,229,239,213,207,206,184,185,206,213,192,194,181,181,191,164,157,132,163,134,123,123,123,111,106,85,91,80,74,78,56,80,59,58,63,37,55,45,24,26,29,18,18,18,20,6,9,9,9,9,7,0,3,1,4,0,0,1,2,0,0,0,0,0,0,0,0,0,0,0,0,0,0,0,0,0,0,0,0,0
40.95,0,0,0,0,0,0,0,0,0,0,0,0,0,0,0,1,1,0,0,0,0,0,0,0,0,1,0,1,1,0,1,1,1,1,2,2,0,2,0,1,0,3,7,2,6,0,1,3,6,6,1,3,3,5,3,4,3,1,5,1,5,1,3,2,1,4,5,4,9,14,9,15,17,21,28,23,21,28,32,24,19,20,17,28,24,24,19,25,32,28,32,32,30,39,31,30,37,44,44,40,45,48,51,55,46,59,61,57,67,74,67,77,73,75,80,60,87,86,85,98,111,110,105,123,122,120,122,153,157,162,166,159,161,172,150,167,193,194,225,223,237,246,244,239,260,265,262,283,281,267,275,294,300,312,346,302,290,325,309,337,321,333,332,323,314,309,328,363,301,304,355,320,327,330,316,362,332,337,339,287,302,295,326,328,293,300,290,247,281,289,257,298,274,256,279,251,281,245,255,269,288,241,274,256,271,248,266,235,244,277,260,268,241,238,251,250,217,240,243,256,254,233,230,214,202,207,182,179,201,216,193,189,183,177,186,163,161,130,158,133,126,114,126,108,106,90,84,82,73,77,59,81,58,56,62,38,55,44,24,26,28,18,17,18,20,6,7,10,9,9,7,0,3,1,4,0,0,1,2,0,0,0,0,0,0,0,0,0,0,0,0,0,0,0,0,0,0,0,0,0
41.05,0,1,1,1,0,0,0,0,0,0,1,0,0,1,1,0,1,1,0,2,1,1,0,0,1,0,0,0,1,0,0,2,1,1,0,0,1,0,0,3,2,1,0,4,2,2,3,2,1,2,4,0,1,2,4,4,1,4,2,2,1,1,2,2,3,4,3,8,16,16,9,17,15,15,11,18,22,24,19,18,23,17,16,23,32,24,23,30,31,27,40,46,37,39,40,35,45,42,46,35,50,67,52,42,50,59,57,69,63,59,69,68,94,64,81,76,79,82,107,111,99,117,119,134,137,135,124,146,144,158,140,162,160,142,162,200,200,207,201,208,217,231,228,259,239,233,242,255,265,283,250,274,292,315,300,315,343,325,314,335,322,322,343,318,357,329,321,324,332,345,323,337,343,382,308,333,330,337,313,310,293,299,307,315,299,313,269,251,281,281,255,279,262,253,271,248,247,255,232,264,284,237,273,258,279,230,267,250,239,274,275,274,232,239,254,257,222,242,252,249,252,215,232,223,205,201,181,180,203,213,187,192,177,180,176,163,163,137,154,136,126,117,125,106,106,89,81,82,71,78,57,82,59,52,62,39,50,45,24,28,28,17,17,17,20,6,7,10,9,9,7,0,3,1,4,0,0,1,2,0,0,0,0,0,0,0,0,0,0,0,0,0,0,0,0,0,0,0,0,0
41.15,0,0,1,0,0,0,0,0,0,0,0,1,0,0,0,2,0,0,2,0,0,2,2,0,1,1,0,0,0,2,0,2,0,1,0,0,1,0,1,1,0,0,0,2,1,3,3,3,4,2,4,2,3,2,3,4,3,8,3,6,1,4,2,3,2,0,5,9,10,11,10,19,13,14,15,18,19,18,20,20,20,19,22,18,23,27,31,22,31,37,33,33,39,30,36,40,41,45,53,58,40,59,45,60,56,48,71,78,71,71,74,93,74,81,86,94,99,103,90,92,105,124,99,107,118,135,140,129,155,138,164,184,157,176,164,194,215,196,231,204,189,216,192,253,228,255,261,253,268,265,261,293,296,315,292,289,323,344,336,309,334,311,351,317,329,333,351,304,327,330,326,333,357,322,346,336,310,325,322,310,305,297,290,297,299,294,288,278,255,272,279,279,269,248,255,255,253,269,248,264,260,253,262,253,266,255,252,257,237,259,268,277,225,251,248,250,219,254,253,247,249,223,231,216,205,208,177,180,199,205,189,192,179,189,168,160,166,141,150,132,130,114,126,102,101,89,84,80,70,78,57,82,59,49,63,39,49,46,24,27,29,17,16,18,20,6,7,10,8,9,7,0,3,1,4,0,0,1,2,0,0,0,0,0,0,0,0,0,0,0,0,0,0,0,0,0,0,0,0,0
41.25,0,0,0,1,0,0,0,2,0,0,1,0,0,0,0,1,0,0,0,0,0,0,0,1,2,2,0,2,0,0,1,2,1,2,1,0,2,2,1,1,2,2,3,2,1,5,2,4,4,3,3,6,4,4,2,2,1,3,3,0,5,3,5,0,4,0,3,10,13,16,10,12,15,19,12,16,20,21,26,30,22,25,22,27,29,23,33,28,32,36,32,29,40,48,50,41,41,44,43,53,54,44,40,54,55,50,64,68,72,76,64,69,73,85,108,90,85,69,85,101,96,114,118,124,121,102,136,128,148,155,158,160,169,195,166,178,193,218,170,231,212,224,235,246,214,225,224,270,275,300,270,265,277,293,291,306,286,323,336,331,348,322,311,356,325,309,317,369,326,328,349,304,357,345,336,316,358,320,295,350,295,290,313,309,306,271,298,271,253,286,275,258,286,259,264,250,257,271,263,247,270,265,241,251,262,266,246,253,239,274,270,269,240,243,250,243,219,258,249,235,244,232,230,211,207,206,176,178,196,203,183,189,180,185,170,153,171,133,151,131,127,105,132,103,106,83,82,78,72,77,61,79,59,49,62,36,49,47,24,26,30,18,14,18,20,6,6,11,8,8,7,1,3,1,4,0,0,1,2,0,0,0,0,0,0,0,0,0,0,0,0,0,0,0,0,0,0,0,0,0
41.35,0,1,0,0,0,0,0,0,2,0,1,0,1,0,0,1,0,0,0,0,1,1,2,1,0,1,1,0,0,0,0,1,1,1,1,1,2,1,1,1,2,5,3,1,3,1,4,4,2,4,0,5,3,1,2,3,3,6,4,1,2,5,3,6,1,5,4,5,12,6,11,16,16,15,7,13,13,20,16,19,27,18,31,28,28,35,30,25,33,26,34,46,40,40,41,43,39,42,45,46,58,47,48,47,63,41,51,60,61,67,72,77,74,85,81,79,83,99,94,93,125,107,137,122,95,129,152,162,131,135,152,148,151,188,196,164,193,198,207,237,216,228,235,252,249,255,261,266,283,292,269,293,278,282,312,334,301,332,324,301,318,341,307,338,329,343,320,329,345,329,338,344,340,339,311,327,334,337,327,303,299,333,300,308,300,267,298,264,268,275,288,253,276,246,268,232,242,287,264,259,271,263,235,251,247,261,247,261,247,275,254,263,246,246,244,253,214,262,254,239,238,234,230,215,196,206,175,177,199,200,186,189,186,182,168,147,165,134,150,129,125,105,129,99,106,88,85,76,72,77,57,78,58,47,64,37,49,44,26,25,29,18,14,18,21,6,6,11,8,8,6,1,3,1,4,0,0,1,2,0,0,0,0,0,0,0,0,0,0,0,0,0,0,0,0,0,0,0,0,0
41.45,0,1,1,0,0,0,0,0,0,1,1,0,0,0,0,0,0,0,0,1,0,2,0,0,0,0,0,0,2,1,1,1,1,0,0,2,0,0,3,4,0,1,2,5,3,1,7,1,5,1,7,3,2,1,3,1,4,4,3,3,1,2,4,5,0,2,4,12,11,18,18,21,11,19,15,15,12,19,17,27,9,31,25,23,21,30,24,22,26,22,40,22,26,30,34,44,43,39,44,48,48,45,53,47,56,57,55,51,66,63,82,72,86,85,66,98,105,101,83,97,97,110,112,130,139,139,151,131,158,147,154,166,183,170,193,186,183,205,217,222,207,237,264,238,218,268,240,272,285,258,300,284,302,310,315,294,318,331,291,318,290,345,323,340,341,343,369,352,317,325,360,321,317,323,325,313,324,343,306,315,334,293,323,301,312,289,297,292,262,274,297,262,266,275,246,247,235,288,260,258,276,248,241,256,242,264,253,254,251,275,262,253,244,254,242,247,223,248,256,231,236,246,216,201,210,207,180,183,191,195,190,183,185,179,173,141,168,134,154,131,120,102,125,100,102,88,87,77,67,75,58,75,58,47,61,34,48,45,26,25,29,17,16,18,20,6,6,11,8,8,6,1,3,1,3,0,0,1,2,0,0,0,0,0,0,0,0,0,0,0,0,0,0,0,0,0,0,0,0,0
41.55,0,0,0,0,0,1,0,0,0,0,0,0,0,0,0,0,1,0,0,0,0,0,2,1,0,0,1,0,1,1,0,1,2,1,2,2,2,0,2,1,0,1,2,1,3,3,3,2,6,2,3,3,2,2,6,5,5,3,2,5,2,3,3,2,1,0,4,7,11,16,9,13,16,20,17,15,11,19,17,26,22,18,25,15,25,19,22,25,31,27,33,25,41,33,35,32,31,38,44,45,51,40,49,51,64,56,51,44,74,66,60,72,62,73,68,86,92,78,100,129,93,102,139,116,135,127,129,132,124,152,152,172,161,176,181,186,198,213,210,220,231,218,254,239,248,274,262,270,270,272,267,279,261,306,272,322,332,292,322,330,299,321,293,331,343,365,329,344,344,337,297,361,328,322,323,303,330,328,285,338,340,307,313,302,295,270,273,278,274,277,258,254,280,271,258,240,266,271,276,259,276,244,247,240,248,255,257,256,251,276,263,258,228,257,236,264,219,246,258,233,235,248,214,194,211,206,182,188,181,195,192,180,184,182,170,139,169,135,146,133,122,99,126,100,97,88,86,79,67,74,54,74,58,49,61,34,48,42,26,27,28,16,17,19,18,7,5,12,8,8,6,1,3,1,3,0,0,1,2,0,0,0,0,0,0,0,0,0,0,0,0,0,0,0,0,0,0,0,0,0
41.65,0,0,0,0,0,0,0,0,0,0,0,0,0,0,0,1,0,0,0,0,1,3,0,0,0,0,0,2,0,2,2,2,1,2,1,1,0,0,1,4,1,0,0,4,2,2,1,2,4,2,1,1,3,3,2,1,6,1,1,3,1,1,2,2,3,3,2,8,9,12,12,10,12,19,16,13,24,23,23,14,19,11,25,25,25,28,22,25,33,29,35,36,30,31,39,45,45,50,43,34,52,39,72,51,59,56,60,93,63,59,77,70,101,84,81,85,90,87,83,82,122,105,113,120,140,134,149,143,138,146,152,168,181,155,195,182,214,180,193,203,218,227,204,251,229,232,275,266,276,292,273,252,290,271,274,286,302,307,338,325,310,287,319,331,349,322,331,357,343,369,332,333,345,325,322,326,311,293,352,311,341,323,315,290,278,274,251,274,296,264,241,263,261,267,255,268,248,276,266,253,263,259,223,244,257,269,252,239,248,270,263,244,220,255,250,247,211,243,252,237,242,243,208,198,219,209,177,199,176,193,201,172,179,174,174,140,168,142,144,133,118,100,128,92,94,90,85,74,69,71,52,73,57,48,59,33,49,42,26,26,28,16,16,19,17,7,5,12,8,8,6,1,2,1,3,0,0,1,2,0,0,0,0,0,0,0,0,0,0,0,0,0,0,0,0,0,0,0,0,0
41.75,0,0,0,0,0,0,0,0,0,0,0,1,1,0,0,1,0,0,0,0,1,1,1,1,0,0,1,0,0,1,2,0,2,2,3,0,1,1,4,1,0,2,1,3,4,1,3,3,2,2,2,2,3,2,3,1,2,1,0,2,2,1,1,0,3,2,3,7,9,10,5,11,20,9,17,22,23,18,20,25,21,20,29,18,30,19,26,21,23,23,35,28,28,34,36,42,46,45,42,45,48,55,46,78,48,53,61,61,57,55,67,63,95,82,76,91,118,99,88,101,94,98,120,120,131,140,138,128,159,153,154,143,174,190,175,200,183,187,209,195,185,232,231,232,247,265,253,256,274,266,294,274,266,272,283,292,292,295,305,338,354,328,299,309,299,321,328,330,319,334,365,343,317,345,344,314,298,331,305,328,321,335,327,291,248,291,276,296,279,259,258,275,251,268,259,256,255,269,268,247,236,265,217,242,258,274,249,244,252,263,265,239,219,253,246,240,213,250,248,226,241,230,209,208,207,212,180,202,172,191,200,170,180,172,166,143,160,149,137,131,113,103,127,94,92,89,83,74,70,69,53,71,59,47,59,32,47,42,27,27,29,15,17,19,17,6,5,11,9,8,5,1,2,1,3,0,0,1,2,0,0,0,0,0,0,0,0,0,0,0,0,0,0,0,0,0,0,0,0,0
41.85,0,0,0,0,0,0,0,0,0,0,0,0,0,0,0,0,0,0,1,0,0,1,1,0,0,0,0,0,0,0,2,2,2,3,1,0,2,1,2,0,0,2,7,0,4,1,1,3,2,1,4,0,1,2,1,3,1,4,3,0,6,4,1,2,0,1,2,6,12,20,14,14,10,17,15,24,16,14,22,20,25,22,19,20,29,26,23,32,26,37,32,44,30,45,42,33,32,58,47,42,53,54,52,53,53,55,65,60,62,62,88,70,71,62,77,93,85,91,95,104,102,105,105,113,138,142,120,131,133,154,161,166,151,172,181,189,172,214,234,203,210,188,227,230,232,253,271,293,262,258,284,279,285,311,299,304,311,335,289,284,334,337,342,304,326,326,335,342,327,335,377,313,333,333,328,317,324,311,328,312,302,327,341,282,275,270,300,302,271,260,262,278,268,263,268,238,263,267,255,260,219,258,222,255,242,277,257,242,261,258,263,257,217,249,254,217,210,248,244,215,243,240,196,217,196,209,180,203,164,194,204,168,172,179,158,145,159,147,134,135,113,99,131,92,91,88,80,71,68,67,48,71,57,45,64,32,45,45,25,27,29,14,17,19,17,6,5,11,9,8,5,1,2,1,3,0,0,0,2,0,0,0,0,0,0,0,0,0,0,0,0,0,0,0,0,0,0,0,0,0
41.95,0,0,0,0,0,0,0,0,0,1,0,0,0,1,0,0,0,0,0,0,0,0,0,1,0,2,0,0,0,0,1,0,1,1,0,1,2,0,2,1,3,2,3,0,2,2,3,0,1,2,1,2,1,4,6,4,2,1,2,2,2,3,2,3,5,2,1,9,19,12,13,13,9,16,25,13,25,22,24,19,20,21,17,29,29,28,41,35,25,30,29,37,42,44,47,33,36,43,59,51,45,53,54,57,55,56,53,62,75,76,81,75,89,77,87,90,83,113,104,115,105,117,116,133,141,130,141,136,141,131,131,152,162,165,159,208,190,198,220,215,208,250,248,254,275,215,262,256,299,268,274,265,288,310,299,312,307,321,320,335,315,330,313,323,315,336,312,335,321,356,288,336,337,311,311,324,333,277,312,330,307,330,304,305,261,279,292,288,294,277,269,252,263,248,260,255,261,255,258,260,218,263,229,249,244,262,253,246,269,264,258,236,232,262,249,207,225,243,241,220,228,243,189,215,200,210,178,200,163,195,198,174,171,178,159,148,157,143,136,135,112,103,127,93,90,88,76,71,70,65,47,70,59,43,64,30,43,46,24,27,27,14,17,18,16,6,4,11,9,8,6,1,2,1,3,0,0,0,2,0,0,0,0,0,0,0,0,0,0,0,0,0,0,0,0,0,0,0,0,0
42.05,0,0,0,0,1,1,0,0,0,1,0,0,0,0,0,0,1,1,1,0,0,0,1,0,0,1,1,1,1,1,1,0,0,1,2,2,1,1,1,1,1,1,4,5,0,2,5,1,2,3,4,4,3,3,0,0,1,3,1,1,2,1,5,1,3,2,7,7,6,12,14,16,16,19,22,14,11,24,18,22,8,22,19,24,21,20,39,32,18,27,34,29,36,41,31,49,38,46,38,47,53,54,63,48,41,53,58,59,73,68,76,73,71,77,82,107,86,106,105,110,104,104,126,133,108,131,119,148,158,139,145,163,128,167,198,174,187,213,197,198,199,218,234,243,282,262,245,261,252,259,285,297,309,311,303,342,319,316,289,332,326,305,330,321,362,337,328,314,362,326,304,322,357,314,296,333,274,310,346,308,307,317,295,306,293,264,303,246,301,259,268,274,236,268,259,263,268,242,261,252,226,256,226,251,237,250,241,275,255,244,253,237,233,261,242,208,232,238,244,209,232,244,204,199,198,215,177,204,172,191,196,178,167,182,157,149,159,140,138,130,115,100,126,92,89,86,71,71,68,65,46,70,57,45,61,33,40,47,25,28,27,14,17,18,16,6,4,10,9,8,6,1,2,1,3,0,0,1,2,0,0,0,0,0,0,0,0,0,0,0,0,0,0,0,0,0,0,0,0,0
42.15,0,0,0,0,0,0,0,0,1,0,0,1,0,0,0,1,0,0,0,0,0,0,2,0,0,1,0,1,0,0,0,0,2,4,0,2,1,0,0,0,3,0,3,0,5,3,4,3,0,1,1,1,2,1,2,1,3,4,5,2,1,1,3,2,1,2,3,9,5,15,11,10,22,20,14,17,13,24,20,17,24,31,23,21,20,29,29,15,33,35,35,27,34,31,46,47,50,31,43,46,51,47,55,69,58,65,53,72,67,75,64,71,89,72,81,64,94,84,109,103,102,118,116,115,137,128,158,133,141,171,148,160,164,179,175,188,169,194,216,206,244,203,231,255,209,243,211,291,272,243,283,276,274,306,275,315,329,291,308,348,321,326,339,311,310,341,331,332,325,299,312,340,327,344,323,322,307,341,308,305,335,288,276,314,331,279,275,278,302,251,275,249,263,276,255,272,273,239,268,259,235,240,228,238,240,249,235,272,245,239,254,237,222,258,245,212,243,231,239,213,239,242,197,209,203,205,179,200,165,200,195,177,171,185,153,143,162,137,142,131,115,98,121,95,87,87,72,73,65,63,47,68,59,44,61,34,39,45,25,28,27,14,17,18,17,5,3,10,9,8,6,1,2,0,4,0,0,1,2,0,0,0,0,0,0,0,0,0,0,0,0,0,0,0,0,0,0,0,0,0
42.25,0,0,0,0,1,0,0,0,1,0,0,0,0,2,0,0,0,0,1,0,0,2,0,0,3,0,0,0,0,1,0,1,1,2,0,0,0,1,2,2,0,1,1,2,1,1,4,1,0,3,4,3,3,0,2,3,0,2,1,1,0,3,4,5,3,2,1,7,6,11,15,17,17,22,16,15,13,14,17,15,21,28,20,15,18,31,16,26,30,23,33,28,39,42,42,37,40,39,33,40,46,46,38,32,55,55,65,66,67,70,92,63,74,74,78,84,88,98,91,103,108,77,97,112,109,128,163,126,129,144,138,157,165,161,162,176,176,190,210,208,219,238,231,211,244,229,265,285,277,274,272,232,269,282,289,278,303,330,308,297,327,329,286,342,334,311,316,338,341,309,311,312,320,364,341,332,326,320,293,324,309,303,263,310,321,304,279,293,265,280,251,273,273,258,261,263,290,264,238,248,251,219,239,239,241,262,229,270,251,245,239,246,221,252,251,203,238,226,229,222,230,247,202,211,207,200,186,200,165,193,202,175,168,183,147,148,164,132,139,132,116,96,119,92,86,84,75,77,66,62,46,67,58,44,57,34,39,43,28,28,27,13,17,18,16,5,2,10,9,8,6,1,2,0,4,0,0,1,2,0,0,0,0,0,0,0,0,0,0,0,0,0,0,0,0,0,0,0,0,0
42.35,1,0,1,0,0,1,0,1,0,0,0,0,0,0,0,1,0,0,0,0,1,0,0,0,0,0,0,1,0,3,0,1,3,1,0,0,1,1,1,3,1,1,1,4,1,4,1,3,3,0,2,2,2,1,3,1,1,1,7,1,0,2,4,2,4,0,2,11,15,17,13,15,23,14,23,13,17,23,19,22,18,19,21,24,27,30,22,35,27,41,29,43,34,31,38,40,36,46,42,36,52,55,56,58,46,56,55,57,68,63,48,73,77,87,83,70,88,86,106,97,99,118,108,121,105,112,126,124,143,115,130,160,183,180,174,153,198,203,191,218,197,246,232,202,247,257,243,241,256,274,258,280,268,292,261,291,274,297,335,307,318,316,323,345,341,356,320,333,360,333,323,340,308,336,356,329,341,308,338,304,329,293,287,297,309,296,305,280,257,291,249,277,245,247,264,284,275,262,240,247,231,228,248,247,234,260,239,260,264,239,228,245,221,250,249,201,238,225,225,223,236,229,210,208,207,198,187,205,166,184,198,174,170,179,154,147,156,129,136,132,114,97,117,95,82,88,73,79,65,64,44,69,59,43,56,33,41,40,28,27,27,13,16,17,16,5,2,11,8,8,6,1,2,0,4,0,0,1,2,0,0,0,0,0,0,0,0,0,0,0,0,0,0,0,0,0,0,0,0,0
42.45,0,0,0,0,1,0,0,1,0,0,2,0,1,0,0,0,0,0,1,0,0,1,1,0,0,1,0,0,1,0,0,2,1,3,1,1,0,1,1,1,0,3,2,1,1,1,2,4,1,4,3,3,3,2,2,2,6,0,3,2,0,2,2,2,3,2,3,4,8,12,15,20,16,20,13,14,26,17,25,18,22,15,19,17,26,30,19,29,19,28,34,41,21,34,24,36,38,52,28,40,49,47,53,57,60,64,46,48,60,64,73,72,75,84,80,75,88,91,102,97,97,105,107,129,107,144,123,143,136,121,143,133,183,171,175,178,191,218,193,214,232,190,219,240,235,242,266,270,255,246,283,266,307,264,301,298,297,290,302,297,296,339,336,332,343,343,336,325,352,337,330,324,306,328,326,328,331,321,321,311,312,284,297,300,295,275,274,266,254,274,259,269,237,243,254,272,254,257,248,237,227,236,246,252,214,257,242,265,256,246,223,229,221,246,248,197,244,225,231,222,228,225,208,213,202,194,187,199,167,179,205,171,173,177,155,148,150,127,131,137,111,93,113,95,78,88,76,76,64,63,42,70,59,41,55,31,42,41,27,27,27,14,16,17,16,4,2,12,8,8,6,1,2,0,4,0,0,1,2,0,0,0,0,0,0,0,0,0,0,0,0,0,0,0,0,0,0,0,0,0
42.55,0,0,0,0,0,0,0,0,0,0,0,0,0,1,0,0,1,0,0,0,0,0,0,0,0,2,1,2,1,0,0,1,0,2,2,2,1,3,2,1,0,1,2,0,2,3,2,2,3,2,0,4,3,4,2,3,3,1,0,2,3,1,3,3,4,3,5,10,14,9,13,16,10,19,14,14,17,20,20,23,17,17,26,25,27,26,24,36,42,23,25,25,47,33,32,39,30,40,48,32,50,55,44,38,54,45,61,61,76,59,68,56,72,78,66,63,79,91,109,91,111,102,110,133,97,152,123,148,173,139,164,177,149,174,194,197,210,205,186,217,245,205,210,265,251,236,259,231,248,257,267,264,266,326,276,279,295,297,322,332,314,307,337,306,338,327,317,333,332,334,337,320,304,318,304,338,303,349,315,329,332,291,296,297,287,301,265,292,274,280,255,260,235,260,253,278,244,243,259,236,241,237,254,233,222,239,246,275,250,240,216,237,220,254,244,202,246,224,230,221,222,218,207,215,208,183,194,191,171,184,204,170,169,179,151,151,146,128,126,135,108,90,115,95,77,85,72,80,60,65,45,67,59,40,52,32,42,41,26,27,27,13,18,17,14,5,2,12,8,7,6,1,2,0,4,0,0,1,2,0,0,0,0,0,0,0,0,0,0,0,0,0,0,0,0,0,0,0,0,0
42.65,0,1,0,0,0,0,0,0,0,1,0,0,0,0,0,1,0,0,1,0,0,0,0,0,2,0,0,1,1,1,2,3,1,0,2,2,3,1,0,1,1,1,2,4,3,1,2,0,4,4,6,1,2,1,5,2,5,1,2,3,5,2,4,3,0,7,6,12,9,10,14,14,15,17,23,21,9,12,17,28,16,30,19,28,16,26,25,29,27,29,29,35,26,34,39,39,40,41,51,53,42,52,47,56,50,59,58,60,73,58,69,54,72,76,88,91,76,78,99,95,101,102,109,95,132,117,136,147,144,126,163,137,173,176,151,178,176,196,176,199,205,202,204,238,254,227,281,254,258,278,263,290,274,245,312,303,322,306,307,343,322,298,276,324,323,303,323,352,346,328,351,305,347,305,299,336,331,353,298,328,294,306,279,303,296,293,289,266,296,289,291,243,256,246,262,266,233,240,240,245,232,246,239,236,238,246,230,283,249,231,220,252,221,260,244,205,240,222,232,223,219,217,215,214,203,186,196,185,166,189,194,170,172,177,150,145,150,135,121,137,107,89,115,93,80,79,74,75,63,66,44,69,54,42,52,30,44,41,27,27,27,13,18,17,14,6,2,12,8,7,5,1,2,0,3,0,0,1,2,0,0,0,0,0,0,0,0,0,0,0,0,0,0,0,0,0,0,0,0,0
42.75,0,0,0,0,0,0,0,0,0,0,1,1,1,1,0,1,0,0,0,0,0,0,0,0,1,0,0,1,1,3,2,2,1,0,1,2,1,3,3,2,4,0,5,2,0,3,2,2,2,4,2,1,2,0,0,3,2,3,3,2,1,1,2,3,4,2,5,9,8,10,16,17,12,19,14,12,23,16,22,18,18,25,26,27,28,20,25,33,31,37,43,30,34,28,32,33,42,29,54,33,46,50,48,42,56,39,53,70,68,56,72,60,89,64,69,71,99,113,100,106,87,89,93,129,118,138,155,128,141,153,138,140,144,152,169,193,177,210,192,210,214,234,217,235,249,220,249,248,248,261,301,287,281,319,301,340,253,307,295,291,306,316,275,305,322,328,304,312,345,345,319,348,331,291,317,327,350,317,311,311,305,292,294,290,309,276,271,296,291,279,265,265,268,253,248,269,247,235,246,258,234,251,235,239,238,232,234,283,245,220,216,244,227,261,238,208,241,214,230,225,224,215,212,210,206,182,192,194,169,188,193,166,169,177,149,142,147,138,119,136,107,87,112,95,79,80,75,74,64,62,46,67,52,43,49,29,40,41,29,27,27,13,18,17,14,6,2,11,8,7,5,1,2,0,3,0,0,1,2,0,0,0,0,0,0,0,0,0,0,0,0,0,0,0,0,0,0,0,0,0
42.85,1,0,0,0,1,0,0,0,0,0,0,0,0,0,0,0,1,0,0,0,0,0,1,1,1,0,0,1,0,2,1,0,0,0,1,2,1,1,2,3,1,1,2,2,0,1,1,1,0,3,2,3,5,1,0,2,1,3,5,2,3,0,2,1,0,2,5,8,7,19,11,12,20,9,14,20,21,19,13,14,20,30,18,28,18,33,23,33,32,24,27,29,25,31,34,38,36,36,43,59,46,55,57,49,54,62,51,59,62,67,67,67,67,78,75,70,77,93,90,111,101,106,113,112,121,136,136,150,146,126,147,162,176,186,204,178,215,179,203,197,187,237,233,250,237,251,270,268,260,270,278,280,274,293,306,322,282,292,290,329,277,301,337,305,301,346,314,318,322,346,296,335,302,317,319,334,338,305,323,318,314,292,310,301,285,308,271,292,275,285,274,244,248,259,269,272,256,220,262,232,245,248,233,242,234,224,246,268,245,211,220,248,233,262,234,208,237,225,226,223,218,211,214,211,213,186,189,182,167,190,195,170,167,176,149,136,151,134,117,135,114,85,110,92,83,78,74,74,62,60,44,69,50,43,49,32,40,41,29,26,27,13,17,17,14,6,2,11,8,7,4,0,2,0,2,0,0,1,2,0,0,0,0,0,0,0,0,0,0,0,0,0,0,0,0,0,0,0,0,0
42.95,0,0,0,0,0,0,0,1,0,0,1,0,0,1,1,0,0,0,1,2,1,0,3,0,0,0,1,1,2,1,0,0,1,2,0,2,3,2,2,2,1,1,1,0,3,3,1,3,4,5,2,1,1,1,1,5,0,0,3,1,1,4,2,4,4,2,2,4,15,11,16,14,12,7,16,19,20,19,18,18,18,20,22,22,32,31,29,30,31,34,30,40,27,32,44,38,39,35,52,35,43,50,47,42,60,73,54,58,64,83,73,78,66,79,79,78,97,95,105,90,105,133,109,111,133,124,118,133,109,139,149,154,136,167,169,181,195,189,216,212,195,207,257,231,240,266,279,243,272,292,300,288,294,286,278,308,280,334,350,284,346,310,305,323,305,304,323,326,306,305,353,292,326,329,335,316,310,320,322,318,318,307,312,278,285,311,258,269,273,283,270,253,253,262,247,271,256,233,236,241,238,265,233,231,243,217,241,266,242,210,228,237,255,253,236,192,238,225,219,218,227,209,216,207,207,184,190,177,167,185,199,166,170,173,147,139,146,140,115,135,116,85,107,92,82,79,73,76,57,61,45,64,52,45,47,30,42,39,28,25,27,14,14,19,14,6,2,11,8,7,4,0,2,0,2,0,0,1,2,0,0,0,0,0,0,0,0,0,0,0,0,0,0,0,0,0,0,0,0,0
43.05,1,0,0,0,0,0,0,0,1,0,0,0,0,0,0,1,0,1,0,0,0,1,1,1,0,0,1,0,0,0,0,1,2,0,2,0,1,1,2,0,2,1,0,1,1,3,4,1,1,4,2,7,4,6,4,2,2,2,0,3,1,2,1,2,3,2,2,7,9,9,12,12,15,14,16,18,22,22,33,16,18,17,25,32,23,27,27,29,29,30,27,32,39,32,44,45,36,41,38,33,27,48,56,47,45,60,75,59,68,58,76,78,84,76,69,81,85,83,116,97,105,102,107,109,118,107,142,129,146,156,145,138,170,176,193,178,175,207,207,188,221,212,235,231,237,268,232,239,278,276,287,232,288,278,277,295,306,278,315,314,311,329,336,305,307,343,311,309,292,286,321,323,322,323,304,331,288,282,326,301,279,310,294,289,285,291,290,271,271,277,256,261,274,271,262,272,238,237,235,243,250,246,235,235,234,216,228,264,242,208,233,237,239,253,242,185,245,225,219,218,234,204,209,212,210,183,189,176,166,198,203,166,168,171,139,143,150,138,117,131,118,82,106,93,82,83,71,74,55,65,44,62,52,46,47,27,42,40,27,26,27,14,14,19,14,6,2,11,8,7,4,0,2,0,2,0,0,1,2,0,0,0,0,0,0,0,0,0,0,0,0,0,0,0,0,0,0,0,0,0
43.15,0,0,1,1,0,1,0,0,2,0,0,0,0,0,0,0,0,0,0,3,0,0,2,1,0,1,0,2,0,1,2,1,2,1,0,1,2,2,1,1,0,0,1,2,0,4,4,4,2,5,1,3,1,1,7,2,7,3,2,4,0,3,3,2,2,4,6,10,10,10,24,17,10,22,27,17,15,22,23,21,23,22,13,28,24,18,20,34,29,19,32,31,26,41,33,29,47,48,37,43,49,44,54,60,62,60,68,64,75,61,76,77,74,79,75,78,88,74,85,80,99,100,107,98,119,106,123,143,138,149,135,175,155,168,173,168,186,210,214,208,203,221,208,221,228,235,271,266,244,248,295,291,274,307,292,282,270,292,282,294,352,323,278,309,309,290,313,332,314,306,324,327,323,299,321,324,297,298,322,320,271,301,300,284,288,286,281,283,268,281,255,263,260,269,276,262,258,247,231,253,243,233,237,238,225,212,239,250,231,198,235,246,234,260,240,198,248,220,222,229,226,197,209,204,206,179,194,176,171,194,200,159,169,167,146,142,149,139,120,129,114,81,104,91,80,86,70,71,57,60,45,60,53,48,46,26,42,39,28,26,27,14,14,19,14,6,2,11,8,6,4,0,2,0,2,0,0,1,2,0,0,0,0,0,0,0,0,0,0,0,0,0,0,0,0,0,0,0,0,0
43.25,0,0,0,1,0,0,0,0,0,0,0,0,0,0,0,0,1,0,0,0,3,0,0,0,0,2,0,0,0,0,2,0,0,0,0,1,1,0,1,4,0,1,1,3,2,1,2,2,5,0,6,1,4,1,0,2,1,0,1,3,0,0,2,1,4,1,2,7,10,11,8,17,15,16,15,16,11,15,23,20,21,24,24,22,24,30,22,24,31,25,25,31,31,37,45,37,37,45,37,49,48,42,57,53,46,50,54,67,61,62,70,78,75,83,85,97,99,94,81,107,111,116,95,136,112,132,143,156,163,166,138,155,188,166,167,186,161,207,201,213,188,229,207,202,215,220,242,261,252,251,277,280,265,279,300,284,317,301,295,333,327,313,305,313,328,336,334,323,317,380,312,324,328,298,306,305,294,303,297,296,292,287,283,284,282,252,285,287,287,241,255,261,234,266,283,249,253,256,221,255,246,257,240,226,214,215,247,253,225,198,233,235,242,247,241,187,241,224,219,228,235,201,203,205,208,180,199,179,172,193,198,160,171,161,148,147,147,137,118,129,109,85,101,91,78,84,71,70,58,58,45,63,53,47,45,25,41,39,30,26,26,14,13,19,14,6,3,11,8,6,4,0,2,0,2,0,0,1,2,0,0,0,0,0,0,0,0,0,0,0,0,0,0,0,0,0,0,0,0,0
43.35,0,0,0,0,0,0,1,0,0,0,0,0,0,0,0,0,0,1,0,0,2,0,3,0,1,1,0,1,0,1,1,3,1,1,2,1,0,1,1,0,0,2,1,0,3,4,1,1,0,6,1,2,1,2,1,1,2,3,0,2,2,3,3,1,1,1,1,8,16,9,14,16,15,20,13,16,18,20,28,16,26,15,31,29,25,26,31,26,29,34,32,24,31,29,39,39,34,32,36,40,58,37,64,45,58,68,48,49,69,59,69,78,73,77,77,78,95,99,105,97,93,98,99,111,129,134,136,151,142,131,129,143,159,164,145,175,187,191,200,195,218,237,243,226,256,240,263,247,255,274,270,283,296,263,270,248,303,307,326,309,311,325,313,328,306,320,324,310,310,330,300,337,324,293,324,307,315,291,312,303,303,302,296,275,296,276,294,280,275,261,250,271,251,239,268,256,251,251,221,253,259,242,241,238,211,215,257,248,231,199,233,235,248,237,240,185,243,226,221,227,228,193,207,195,207,178,200,181,173,190,198,156,173,157,151,148,141,139,115,129,111,82,98,96,72,84,72,69,60,56,45,64,53,46,45,25,42,38,29,26,28,13,13,20,13,7,3,11,8,6,4,0,2,0,2,0,0,1,2,0,0,0,0,0,0,0,0,0,0,0,0,0,0,0,0,0,0,0,0,0
43.45,0,0,0,0,0,0,0,0,0,0,0,1,0,0,0,0,1,0,0,0,0,0,0,1,0,1,0,2,1,1,0,2,1,0,3,2,0,0,2,1,2,3,4,4,0,3,3,1,2,2,0,4,3,3,1,4,2,0,2,3,3,2,2,2,1,3,1,10,22,9,16,16,24,21,17,14,19,20,23,21,23,26,27,32,23,27,29,32,38,33,31,31,30,24,38,48,51,44,43,51,48,58,64,54,62,61,55,41,58,64,65,68,62,74,67,85,77,87,108,103,110,96,94,130,111,115,138,139,130,151,165,147,162,147,163,185,183,182,234,208,223,228,200,219,237,266,247,257,252,265,264,275,282,293,315,294,298,305,326,336,302,290,317,321,304,303,300,324,313,321,316,317,307,315,309,307,306,286,289,291,294,310,307,277,264,303,290,279,275,268,255,267,268,244,261,262,261,248,228,250,272,223,251,232,225,218,264,250,218,205,230,229,248,253,234,182,231,230,217,224,219,193,201,200,211,176,198,178,175,189,205,156,175,149,150,146,139,136,113,131,113,80,94,92,74,82,73,70,60,51,50,62,51,45,45,25,41,35,26,24,28,13,13,20,12,7,3,11,8,7,4,0,2,0,2,0,0,1,2,0,0,0,0,0,0,0,0,0,0,0,0,0,0,0,0,0,0,0,0,0
43.55,0,0,1,0,0,0,0,0,0,0,0,0,0,1,1,0,1,1,0,0,1,1,0,0,1,0,1,0,1,0,0,0,0,2,1,1,1,1,2,2,4,1,2,1,1,0,4,2,0,4,1,3,7,3,6,0,1,1,2,2,4,3,3,5,1,1,5,10,5,15,11,18,21,15,9,15,11,13,15,15,24,22,19,19,30,25,33,28,13,17,31,35,37,32,31,43,34,42,49,42,51,36,49,36,44,49,58,61,76,60,101,75,61,66,75,75,81,94,99,108,99,94,101,114,116,118,145,125,153,153,139,145,140,159,160,180,178,176,180,198,221,206,244,202,229,248,236,248,273,242,277,278,288,319,305,311,304,329,287,290,302,338,286,301,310,302,311,298,331,308,315,309,307,297,314,269,332,300,293,287,288,317,279,292,294,288,285,278,266,245,265,255,285,220,266,235,272,245,245,247,260,238,244,229,213,221,267,246,218,213,228,231,246,251,225,190,227,232,224,227,213,189,200,197,207,170,194,178,181,192,197,164,170,149,150,145,135,137,115,129,110,81,93,91,72,80,73,71,57,53,50,62,51,46,44,24,40,36,26,25,29,13,13,20,12,7,3,11,8,7,4,0,2,0,2,0,0,1,2,0,0,0,0,0,0,0,0,0,0,0,0,0,0,0,0,0,0,0,0,0
43.65,0,1,0,0,0,0,0,1,0,1,1,1,0,0,0,0,0,0,0,0,1,1,0,1,2,0,1,2,1,0,1,0,1,0,1,0,3,0,3,0,0,1,5,2,1,1,0,4,3,3,2,2,2,5,2,1,2,4,2,1,2,1,3,2,3,3,4,3,9,20,10,22,16,13,21,13,22,20,14,27,23,17,26,22,24,22,29,34,29,30,39,28,31,31,35,37,38,49,54,39,47,50,51,40,47,55,52,56,69,65,79,66,86,62,84,77,87,87,80,107,92,93,94,118,104,129,146,117,150,139,173,150,146,155,154,175,192,182,207,174,186,206,242,223,223,249,260,290,223,260,282,264,257,277,289,289,331,301,285,280,325,304,303,301,312,284,313,326,314,308,282,304,308,321,304,303,314,323,291,317,290,292,279,293,295,275,290,256,268,263,256,263,260,248,262,225,270,250,253,245,253,235,244,211,221,231,278,227,209,222,221,232,240,252,227,193,214,236,221,233,206,192,202,200,209,173,193,175,179,189,196,160,173,152,145,144,135,135,118,126,109,80,93,90,70,77,72,71,57,53,51,58,49,45,45,24,38,38,25,25,27,14,15,19,12,7,3,11,8,7,4,0,2,0,2,0,0,1,2,0,0,0,0,0,0,0,0,0,0,0,0,0,0,0,0,0,0,0,0,0
43.75,0,0,0,0,0,0,0,1,0,0,1,0,0,0,0,0,0,0,0,0,1,0,0,0,0,1,0,1,1,1,0,0,2,1,0,0,1,0,1,2,0,1,1,1,0,0,3,0,4,2,0,2,2,1,0,5,4,2,2,1,2,5,5,1,2,5,4,11,11,13,25,15,14,14,22,17,19,12,21,19,23,30,20,26,24,29,13,21,29,27,31,17,24,39,43,34,40,28,42,44,44,38,38,55,67,71,47,48,61,71,63,65,80,60,92,88,75,96,84,100,118,106,110,106,110,125,130,112,130,121,135,171,145,161,171,159,195,212,198,192,235,196,249,213,236,257,245,260,237,270,247,295,268,294,275,254,307,308,337,324,271,324,288,323,303,283,323,284,326,307,296,321,307,304,330,334,303,308,289,281,294,283,292,287,292,290,286,248,258,285,261,251,265,244,262,230,262,243,246,240,267,225,243,206,221,231,275,236,217,228,210,224,238,257,214,204,220,230,225,234,208,194,200,204,210,166,197,172,184,191,182,165,173,157,143,145,130,134,120,126,109,77,93,90,66,78,73,73,54,50,53,56,49,48,45,25,37,37,26,25,25,15,15,20,12,7,3,11,8,7,4,0,2,0,2,0,0,1,2,0,0,0,0,0,0,0,0,0,0,0,0,0,0,0,0,0,0,0,0,0
43.85,0,1,0,0,0,1,0,0,0,0,0,0,0,0,0,0,0,0,0,0,1,0,0,0,1,0,0,0,1,0,0,1,3,1,1,1,0,0,0,3,0,1,2,1,0,1,2,1,4,2,0,1,2,0,3,1,0,1,2,3,7,1,4,2,1,1,2,4,17,11,13,12,19,17,19,16,22,23,19,19,23,29,23,28,21,22,20,24,37,23,30,28,40,31,25,41,42,37,45,40,35,38,47,42,54,63,49,49,70,70,48,64,75,70,90,92,105,88,107,92,119,102,118,136,117,113,117,132,164,124,146,150,152,153,161,189,171,189,199,220,196,200,242,229,240,270,259,271,245,279,281,284,276,271,250,313,310,265,272,312,300,304,315,306,293,303,302,325,324,315,296,331,304,309,315,352,319,286,271,303,310,288,299,328,277,295,262,253,288,264,258,267,264,257,275,220,271,261,238,243,269,230,244,202,206,244,250,229,222,230,204,221,244,244,224,202,221,236,221,229,208,189,201,211,206,171,193,174,178,183,178,165,178,153,143,141,127,129,120,126,109,76,93,88,65,77,72,69,55,47,53,55,44,47,44,25,36,37,26,23,26,15,15,21,12,7,2,11,8,7,4,0,2,0,2,0,0,1,2,0,0,0,0,0,0,0,0,0,0,0,0,0,0,0,0,0,0,0,0,0
43.95,0,0,1,0,0,1,1,0,0,0,0,0,0,1,0,0,0,1,0,0,2,1,0,1,0,2,1,0,3,1,1,0,2,2,3,1,1,0,3,1,1,2,2,1,1,2,3,2,1,1,2,4,1,3,3,1,2,3,2,1,5,1,3,3,4,2,2,6,6,15,12,12,18,14,17,22,19,16,13,21,17,26,22,24,18,21,18,27,34,42,30,28,32,39,41,36,48,48,37,57,49,47,57,55,50,64,63,51,63,60,57,75,70,81,80,78,86,102,99,99,123,106,106,95,120,119,146,152,129,134,163,152,155,161,200,186,183,220,202,231,212,212,264,200,234,249,233,252,276,254,268,318,315,279,292,270,267,289,289,302,288,312,291,307,295,310,334,320,309,325,351,276,316,295,309,310,314,299,262,337,285,306,288,313,307,289,261,267,279,263,269,265,240,287,262,250,245,271,258,223,251,239,247,203,196,252,233,234,215,233,216,211,251,237,223,201,214,237,217,226,211,189,203,212,201,169,188,178,173,181,176,163,178,157,142,145,122,132,118,125,106,77,90,91,66,75,69,66,58,48,53,52,42,43,44,27,37,34,27,23,26,13,14,22,10,7,2,11,7,7,4,0,2,0,2,0,0,1,2,0,0,0,0,0,0,0,0,0,0,0,0,0,0,0,0,0,0,0,0,0
44.05,0,0,0,0,0,0,0,0,0,0,1,0,0,0,1,0,0,1,3,0,0,0,1,0,1,0,0,0,0,2,0,2,0,0,0,1,1,0,1,1,2,0,1,6,1,1,1,2,1,3,1,3,3,3,1,0,2,5,1,2,3,2,1,4,2,4,1,6,3,14,12,16,10,13,19,21,22,15,21,18,20,21,19,24,16,30,23,16,24,33,33,29,32,25,29,29,29,40,42,40,36,42,53,49,51,66,47,57,51,67,63,92,77,91,66,87,95,95,88,80,113,102,123,124,123,126,124,120,129,143,147,160,155,162,175,180,191,194,168,203,202,215,213,214,225,246,252,239,299,268,226,298,251,302,276,303,304,280,317,314,307,284,334,308,324,316,321,298,318,327,336,302,302,320,295,331,299,286,304,314,292,278,313,295,282,287,260,285,266,285,267,270,247,280,255,249,254,286,246,228,239,234,241,208,201,252,229,234,222,226,217,215,241,240,222,210,206,241,224,224,210,195,198,203,203,175,193,177,172,186,168,165,177,158,144,145,124,126,117,124,104,78,91,91,65,72,71,64,60,48,53,51,42,42,43,27,36,35,27,23,26,12,14,21,10,7,2,11,7,7,4,0,2,0,2,0,0,1,1,0,0,0,0,0,0,0,0,0,0,0,0,0,0,0,0,0,0,0,0,0
44.15,0,0,1,0,0,0,0,0,0,0,0,0,0,0,0,0,0,0,0,0,1,0,1,1,1,0,0,0,1,1,0,2,0,0,1,2,1,0,1,2,3,1,1,3,1,3,2,2,2,2,3,3,3,2,3,0,1,1,2,2,2,2,2,1,6,1,4,7,7,10,14,12,16,16,10,10,21,13,17,12,26,18,25,21,22,29,27,26,20,28,28,39,31,22,33,39,38,42,36,29,52,42,36,45,65,46,48,69,64,71,64,66,79,68,81,69,85,113,80,92,101,126,102,124,111,121,100,126,123,130,147,163,177,176,181,197,204,173,229,200,215,208,236,200,238,229,241,266,270,271,225,264,252,292,306,307,290,310,283,292,301,302,268,339,293,311,299,320,354,322,286,295,323,310,263,315,296,332,304,290,303,285,295,285,278,272,265,277,242,289,265,262,260,269,255,242,259,273,236,230,245,230,240,211,215,236,222,236,223,224,214,213,246,245,215,207,201,240,223,227,205,199,201,205,190,187,183,179,170,183,169,166,175,150,144,148,132,130,118,120,101,79,91,89,65,69,68,61,60,46,53,52,42,43,41,27,36,34,28,21,24,13,13,22,11,7,2,11,7,6,4,0,2,0,2,0,0,1,1,0,0,0,0,0,0,0,0,0,0,0,0,0,0,0,0,0,0,0,0,0
44.25,0,0,0,0,0,0,0,0,0,0,1,0,0,1,1,0,0,1,0,0,0,0,0,1,1,2,0,2,0,1,1,1,5,0,1,1,2,1,3,0,0,2,1,2,1,4,3,0,2,3,4,7,0,3,1,4,4,3,2,3,3,4,2,0,4,3,5,11,12,14,15,17,19,16,22,20,18,18,11,21,14,14,17,24,27,27,35,23,29,29,31,38,39,41,36,36,38,36,47,43,66,52,40,41,61,57,57,63,67,76,74,70,67,80,78,96,80,96,87,90,94,96,123,126,114,108,108,129,136,145,162,153,182,136,172,175,162,195,186,221,196,211,241,204,224,250,249,276,247,249,266,271,262,294,276,295,326,295,304,303,314,285,308,287,297,303,316,301,338,309,275,325,317,307,294,299,302,330,323,268,298,280,273,291,288,267,258,280,241,268,282,264,240,270,248,237,261,274,254,227,235,243,212,211,223,243,217,244,230,222,218,211,242,233,218,207,203,226,232,215,213,191,208,198,186,193,182,176,170,183,171,163,172,152,146,155,130,124,116,121,100,77,92,90,66,69,65,61,60,46,53,52,41,43,39,28,34,34,27,20,22,13,13,22,11,7,2,10,7,6,4,0,2,0,2,0,0,1,1,0,0,0,0,0,0,0,0,0,0,0,0,0,0,0,0,0,0,0,0,0
44.35,0,0,0,0,0,0,0,0,0,1,0,1,0,0,0,0,0,0,0,0,0,0,0,0,0,1,0,1,1,1,0,0,1,1,2,1,0,2,0,0,2,3,2,4,2,2,1,4,4,1,3,3,2,2,4,2,1,1,4,3,1,3,4,1,2,1,4,5,11,12,16,13,24,16,15,12,16,20,22,19,22,20,24,21,18,33,30,32,28,31,42,22,35,31,33,25,36,33,50,35,38,50,47,48,61,50,48,65,61,69,81,65,67,62,72,70,82,85,92,91,97,92,110,104,114,125,123,134,130,140,152,145,144,181,165,168,180,159,201,179,207,209,236,262,249,211,253,254,243,239,298,246,249,283,270,280,300,282,307,291,320,308,297,311,298,298,280,300,301,297,305,316,319,293,317,303,302,321,302,304,258,273,278,277,296,264,257,281,243,271,287,265,246,278,254,257,246,272,247,245,231,234,206,217,213,242,225,235,238,229,220,206,249,237,214,205,205,223,224,216,207,195,203,202,191,184,176,186,174,185,167,164,180,153,141,151,129,120,117,127,97,77,91,90,64,68,62,63,61,46,50,54,42,42,38,27,32,35,26,18,22,13,12,22,11,6,2,10,7,6,3,0,2,0,2,0,0,1,1,0,0,0,0,0,0,0,0,0,0,0,0,0,0,0,0,0,0,0,0,0
44.45,0,0,0,0,0,0,0,1,0,0,0,0,1,0,0,0,0,0,0,0,0,0,0,0,0,0,1,0,0,0,0,0,0,0,1,0,2,1,0,2,2,2,2,3,1,0,3,0,3,5,2,6,2,3,3,2,1,2,5,2,1,4,4,2,5,3,2,7,11,14,15,16,10,15,8,13,16,21,19,17,31,14,23,16,24,19,25,24,26,31,24,40,38,25,35,43,39,33,37,45,47,64,40,54,55,53,60,59,62,72,62,74,93,81,94,80,82,85,90,101,104,100,126,125,123,134,145,139,133,146,138,147,168,177,151,180,212,171,191,195,222,189,223,226,246,247,215,274,243,253,270,281,273,280,323,252,275,280,268,331,291,270,274,306,316,314,285,302,282,280,324,317,301,302,311,285,306,322,316,311,277,275,278,290,288,267,262,284,256,263,291,269,266,268,248,268,264,263,247,241,224,241,208,202,228,237,233,226,237,217,226,205,252,235,204,219,187,227,219,229,219,195,209,199,187,178,180,175,170,185,168,170,182,150,147,151,127,118,116,123,98,78,89,88,64,67,64,62,59,44,51,52,44,42,36,29,32,34,26,19,22,13,11,22,11,6,1,11,7,6,3,0,2,0,2,0,0,1,1,0,0,0,0,0,0,0,0,0,0,0,0,0,0,0,0,0,0,0,0,0
44.55,0,2,0,0,0,0,0,0,0,0,0,1,0,0,0,0,0,0,0,0,1,0,0,0,0,0,0,1,0,0,0,0,0,2,1,2,1,3,1,1,1,0,1,2,1,2,0,1,2,4,1,1,1,0,2,0,2,2,3,3,4,4,2,1,1,0,2,10,15,18,16,13,12,17,17,20,16,22,11,16,16,23,17,17,21,17,33,24,25,35,33,31,29,25,33,18,26,33,34,46,42,50,49,56,60,55,39,52,60,69,81,66,83,75,87,81,68,87,88,96,105,114,108,96,107,155,134,140,153,164,140,153,159,168,197,171,167,182,179,219,190,218,210,230,230,268,231,297,245,270,256,269,289,281,278,292,279,272,300,294,320,293,296,291,304,294,294,293,298,308,282,316,336,290,301,295,295,284,337,316,272,301,278,260,275,279,270,268,261,257,288,302,262,266,257,285,257,268,232,243,230,248,209,201,231,239,230,241,232,224,229,193,257,235,204,222,200,221,219,238,209,199,205,202,183,173,186,175,167,194,163,168,183,155,142,153,121,120,113,125,99,77,88,82,65,66,64,62,60,45,51,49,45,41,38,28,32,33,27,18,21,13,11,22,11,6,1,11,7,6,3,0,2,0,2,0,0,1,1,0,0,0,0,0,0,0,0,0,0,0,0,0,0,0,0,0,0,0,0,0
44.65,0,0,0,0,0,0,0,1,0,0,0,1,0,0,1,1,0,0,0,1,0,0,0,0,0,0,2,0,0,0,2,3,3,1,2,0,1,1,1,3,1,0,1,3,1,2,2,0,2,1,3,3,2,5,3,2,3,3,6,3,4,3,1,3,0,1,3,7,11,8,19,17,19,19,22,24,22,17,19,15,24,20,21,19,31,17,24,21,21,33,27,39,19,29,30,45,37,31,28,35,44,43,51,45,68,51,54,44,60,61,81,89,84,76,78,102,72,97,89,103,100,96,89,121,112,136,119,145,106,162,147,162,150,158,173,205,197,198,210,221,206,200,252,204,229,244,204,241,252,288,266,272,260,256,292,282,290,303,309,327,307,315,290,320,303,296,304,297,301,269,307,329,305,298,308,292,288,296,316,315,281,293,276,261,266,289,306,254,265,244,283,306,258,267,261,283,257,279,235,216,248,255,209,211,230,234,230,249,223,225,222,194,245,225,214,215,201,224,209,243,205,201,198,199,180,173,184,167,170,192,170,165,176,153,141,154,119,118,112,124,100,80,87,76,65,67,61,62,58,45,51,49,41,43,38,28,33,32,26,18,19,14,11,22,10,6,1,11,8,6,3,0,2,0,2,0,0,1,1,0,0,0,0,0,0,0,0,0,0,0,0,0,0,0,0,0,0,0,0,0
44.75,0,0,1,1,1,1,0,1,0,0,0,0,0,0,1,0,0,1,0,1,0,0,0,0,0,0,0,2,0,0,1,0,0,0,3,0,1,0,4,1,0,2,0,1,3,3,1,2,0,2,2,0,2,4,2,4,1,2,2,1,2,3,3,3,4,4,1,5,10,10,14,19,22,20,18,14,17,18,14,17,18,26,25,22,19,26,21,26,28,33,25,23,32,34,37,37,30,44,38,44,43,50,40,46,62,58,49,47,59,61,62,66,77,74,82,84,86,92,106,105,96,99,99,117,109,112,118,104,127,136,156,137,170,165,159,175,183,194,197,209,207,201,232,234,236,224,232,242,261,258,246,270,259,264,269,285,280,283,287,316,293,292,331,295,320,313,277,321,320,276,312,299,314,301,288,291,306,310,308,329,288,270,291,261,267,277,284,259,248,254,294,306,240,251,261,290,258,259,245,213,238,253,214,214,234,238,223,248,222,227,218,200,232,227,222,214,204,221,213,242,205,198,200,197,184,173,175,177,164,195,171,163,176,147,142,154,120,121,105,124,101,79,90,72,67,70,61,60,56,48,51,47,42,43,36,27,33,32,26,17,19,14,11,21,11,6,1,11,8,5,3,0,2,0,2,0,0,1,0,0,0,0,0,0,0,0,0,0,0,0,0,0,0,0,0,0,0,0,0,0
44.85,0,0,0,0,0,0,0,0,1,0,0,0,0,0,0,0,1,0,0,0,1,0,0,0,0,0,1,0,1,2,1,1,0,2,1,0,0,0,0,0,2,3,1,2,6,1,2,1,5,3,2,6,0,1,2,3,2,1,3,1,2,1,0,2,3,4,6,7,17,5,15,15,24,13,14,16,14,18,19,17,15,13,20,20,27,18,23,31,32,25,45,31,33,33,41,24,43,35,45,45,47,47,38,39,51,47,66,65,48,68,60,65,70,80,75,78,99,82,98,109,101,109,132,141,114,121,122,137,137,111,131,151,175,174,186,182,183,184,186,196,213,217,209,203,227,222,263,245,232,286,246,266,267,289,261,271,289,297,334,303,309,306,293,317,305,320,320,324,296,340,289,306,307,296,297,307,297,304,295,298,287,275,287,294,263,259,262,255,243,248,273,272,267,251,265,281,253,256,242,230,226,244,217,212,238,253,225,246,223,224,214,208,240,217,215,218,196,221,210,252,200,193,195,194,183,174,177,176,169,195,169,166,173,144,142,152,122,121,109,124,103,76,88,75,68,68,61,60,57,48,51,45,41,42,35,27,33,33,25,17,19,14,11,21,12,6,1,11,8,5,3,0,2,0,2,0,0,1,0,0,0,0,0,0,0,0,0,0,0,0,0,0,0,0,0,0,0,0,0,0
44.95,0,0,0,0,0,0,0,0,0,0,0,0,2,0,0,0,0,1,0,0,1,0,1,0,1,0,0,1,1,0,0,0,1,2,1,0,1,2,0,1,1,1,2,0,1,1,2,3,0,1,3,0,3,1,2,3,1,4,2,3,1,2,2,1,0,2,0,3,9,14,13,9,13,12,13,18,11,21,15,12,19,21,20,21,16,27,21,36,34,22,32,33,32,31,35,38,41,42,42,40,48,47,32,41,50,45,47,58,58,63,77,61,66,78,74,88,98,96,83,94,109,104,108,116,117,123,126,117,122,144,129,150,166,173,171,168,179,182,210,212,219,242,216,247,223,231,234,254,257,229,237,294,283,282,276,299,258,286,311,311,282,314,291,300,313,285,344,331,299,331,281,296,277,328,311,304,294,291,282,280,316,286,270,276,266,266,279,260,223,243,277,272,269,261,262,264,261,255,253,221,230,240,218,229,226,238,220,247,218,230,218,214,238,203,212,232,198,223,202,239,207,196,199,202,183,172,183,173,175,196,169,169,171,139,141,152,123,117,112,121,99,79,89,76,66,65,63,58,60,46,48,45,41,42,33,27,33,33,24,18,19,14,11,21,11,6,1,10,8,5,3,0,2,0,2,0,0,1,0,0,0,0,0,0,0,0,0,0,0,0,0,0,0,0,0,0,0,0,0,0
45.05,0,0,0,0,0,0,0,0,0,0,0,0,0,0,1,0,0,0,0,1,0,0,0,1,1,0,1,1,1,0,0,0,2,1,1,1,0,0,0,1,1,0,1,1,0,3,2,3,2,3,1,1,2,3,2,3,1,1,2,0,2,0,4,0,0,3,6,8,13,8,19,10,20,22,15,22,8,21,22,20,24,30,26,25,29,18,38,24,19,26,27,34,28,29,36,38,36,35,37,35,40,51,53,46,42,40,59,65,64,68,53,62,72,66,81,81,89,92,92,95,91,105,111,119,97,127,130,143,131,145,150,157,159,167,187,164,182,189,179,200,217,210,205,232,203,230,229,263,273,257,286,270,229,290,269,275,288,280,295,284,296,333,301,314,326,320,292,340,328,284,294,258,284,288,317,305,307,273,283,302,312,289,264,290,274,275,271,271,229,253,250,275,254,273,258,278,249,236,251,238,219,248,219,230,219,251,224,248,210,231,211,216,227,212,208,225,205,217,209,238,209,194,198,204,185,168,186,178,163,198,168,171,172,143,142,154,124,116,114,115,98,82,86,81,64,64,66,58,58,48,46,44,40,43,30,27,33,30,24,18,20,14,11,21,11,6,1,10,7,5,2,0,2,0,2,0,0,1,0,0,0,0,0,0,0,0,0,0,0,0,0,0,0,0,0,0,0,0,0,0
45.15,0,0,1,0,0,0,0,0,1,0,0,1,0,0,0,0,1,0,1,0,2,0,1,0,0,1,0,0,1,0,0,1,0,2,0,0,3,1,1,2,3,2,2,0,3,3,2,2,5,7,6,4,2,7,1,3,2,4,4,3,0,4,4,2,4,5,1,13,15,4,17,15,20,18,20,17,20,21,25,21,20,20,20,18,22,14,22,28,30,32,26,30,27,32,33,33,36,34,27,49,53,42,58,46,51,62,62,57,63,70,49,65,65,91,82,91,97,72,117,108,87,111,98,106,107,122,114,105,134,130,140,132,152,156,178,174,174,197,174,173,232,188,240,181,228,243,224,237,261,243,234,232,274,283,269,265,270,283,302,321,306,305,303,321,305,310,285,310,299,287,288,290,276,301,279,337,301,291,275,270,300,270,275,269,260,270,284,261,252,239,246,277,254,263,267,262,242,238,242,222,229,255,222,228,234,252,223,244,207,224,224,210,230,213,203,236,203,217,216,228,195,198,198,208,182,168,186,175,165,195,172,169,171,143,142,155,124,114,112,114,99,81,86,83,63,65,66,61,57,51,45,44,39,43,30,26,33,27,24,17,20,13,11,21,11,6,1,10,7,5,2,0,2,0,2,0,0,1,0,0,0,0,0,0,0,0,0,0,0,0,0,0,0,0,0,0,0,0,0,0
45.25,0,0,0,0,0,0,0,1,0,0,0,0,0,0,0,0,0,3,0,0,0,0,0,0,1,0,0,2,1,0,1,0,1,0,3,0,2,0,0,0,0,3,0,0,3,6,1,2,2,2,2,1,5,3,2,1,2,2,4,3,0,2,2,5,2,0,1,6,10,9,12,16,22,14,17,16,17,14,17,19,28,30,32,22,29,25,29,26,29,30,28,21,25,32,24,38,42,45,37,44,35,45,54,62,57,64,65,46,58,54,76,71,74,86,95,79,77,79,91,103,93,92,122,125,131,123,143,137,126,137,146,148,149,166,173,189,190,193,168,198,212,210,204,237,244,248,242,238,253,278,250,269,241,275,295,266,297,294,296,314,304,337,301,296,325,299,305,300,304,276,274,285,290,293,301,308,285,280,280,270,277,292,272,258,250,271,287,270,247,249,241,265,257,265,263,253,240,239,240,215,220,245,222,238,229,251,220,241,202,233,225,200,229,207,207,230,198,220,213,226,194,202,194,202,186,167,187,173,173,194,171,171,166,138,142,151,121,111,115,109,98,82,84,81,61,66,61,60,58,50,45,43,38,43,31,28,32,27,24,17,20,13,10,21,10,6,1,10,7,4,2,0,2,0,2,0,0,1,0,0,0,0,0,0,0,0,0,0,0,0,0,0,0,0,0,0,0,0,0,0
45.35,0,0,0,0,0,0,0,0,0,0,0,1,1,0,0,0,0,0,1,0,0,0,2,0,0,1,0,0,0,1,3,2,0,1,0,1,2,1,3,0,0,1,2,1,2,1,2,0,1,4,3,2,2,2,1,1,0,1,3,6,0,2,2,4,3,2,4,7,9,11,17,16,15,12,19,14,19,27,15,19,24,20,20,18,17,22,25,20,24,25,32,33,18,31,32,42,39,51,49,38,47,44,59,68,59,47,49,58,74,59,70,61,97,81,87,105,87,90,80,83,103,111,125,104,113,119,129,143,139,155,155,166,155,198,184,174,175,198,191,205,208,193,240,210,212,223,243,243,254,246,269,265,262,277,275,294,282,289,286,284,304,262,280,309,298,319,281,261,292,306,286,279,299,284,321,281,272,291,285,280,246,285,273,249,270,262,282,267,279,243,258,250,260,248,272,240,240,213,245,226,215,240,227,218,241,254,206,236,203,234,231,207,218,210,214,232,195,218,209,225,199,188,193,200,192,166,186,173,172,192,173,162,160,139,147,143,119,114,113,105,93,80,83,81,62,65,60,60,58,49,46,43,37,41,30,29,32,27,22,18,20,13,10,21,9,6,1,10,7,3,2,0,2,0,2,0,0,1,0,0,0,0,0,0,0,0,0,0,0,0,0,0,0,0,0,0,0,0,0,0
45.45,1,0,1,0,0,0,0,0,0,0,0,0,0,1,1,0,0,0,0,0,0,0,0,0,0,0,0,0,0,0,2,1,1,2,2,1,0,4,0,1,0,4,1,1,2,2,3,0,7,3,0,1,3,2,1,4,2,2,3,2,3,2,0,5,3,2,2,5,8,14,7,8,11,18,16,14,13,17,19,19,23,15,26,18,19,14,22,28,33,18,23,30,20,40,34,40,35,33,41,49,44,38,48,48,49,61,52,61,65,55,72,74,83,74,68,87,71,86,85,92,116,100,107,118,118,104,126,135,135,137,127,144,156,181,184,192,181,190,184,188,221,205,216,210,232,243,241,245,251,257,261,283,238,242,288,295,284,284,321,292,253,282,301,302,299,296,297,277,277,292,294,300,327,282,308,271,305,297,276,276,248,275,264,272,254,272,279,260,261,241,245,232,265,247,266,232,257,202,240,224,226,228,235,214,246,243,218,226,202,227,244,206,219,197,216,231,200,223,207,220,195,185,191,204,195,163,182,173,173,191,170,164,154,139,146,143,118,115,110,106,93,82,85,83,62,63,60,61,59,51,45,41,38,39,31,29,32,27,22,18,20,13,10,21,9,6,1,11,7,2,1,1,2,0,2,0,0,1,0,0,0,0,0,0,0,0,0,0,0,0,0,0,0,0,0,0,0,0,0,0
45.55,0,0,0,0,0,0,1,0,0,0,0,0,0,0,0,0,0,0,0,1,0,0,2,0,0,0,0,1,0,1,0,1,3,3,3,0,4,0,2,3,1,1,0,2,2,3,1,2,5,2,2,0,1,4,2,3,2,4,1,3,2,1,2,2,1,4,5,7,8,16,21,10,16,12,11,18,13,14,18,27,23,21,22,16,21,25,21,25,22,24,29,30,27,38,30,31,42,46,33,29,36,41,44,30,56,43,50,56,58,61,60,70,79,77,69,88,66,87,78,93,96,99,92,105,106,120,120,117,112,130,146,134,173,193,185,186,154,182,221,224,189,224,224,211,250,225,237,256,234,258,246,246,283,279,277,289,290,307,279,301,306,255,303,310,277,292,311,297,294,282,321,280,328,309,298,300,310,285,267,281,260,264,265,274,272,265,281,252,262,238,239,223,277,236,257,251,246,204,226,242,208,238,231,217,240,241,208,214,206,224,226,212,213,201,204,226,200,219,211,218,197,178,192,198,197,165,186,167,174,191,166,160,152,139,142,142,112,114,108,107,92,79,87,83,63,62,61,59,57,51,44,40,39,41,30,29,30,27,22,18,20,13,10,20,10,6,1,11,7,2,1,0,2,0,2,0,0,1,0,0,0,0,0,0,0,0,0,0,0,0,0,0,0,0,0,0,0,0,0,0
45.65,0,0,0,0,0,0,0,0,0,0,0,1,0,0,0,0,0,0,0,0,0,1,0,2,0,2,0,0,0,0,2,0,0,2,0,0,2,1,1,0,1,3,2,2,3,2,2,2,2,5,2,1,3,1,2,1,1,3,4,4,4,6,4,4,2,1,4,9,15,9,8,9,19,11,20,19,16,6,20,18,18,21,14,20,17,27,23,18,24,39,26,32,32,34,32,39,33,40,45,51,39,61,45,54,56,47,48,62,59,57,75,72,74,84,79,86,81,89,89,90,99,98,109,89,127,110,130,105,139,134,159,134,147,171,173,144,206,201,198,185,206,190,212,221,231,235,264,242,224,273,259,261,218,284,254,309,287,291,289,278,305,295,280,269,316,318,285,272,306,310,331,328,307,305,316,320,268,275,280,264,278,253,253,301,289,269,260,259,273,246,240,235,277,237,247,263,252,213,219,240,197,237,234,217,238,244,211,220,203,236,215,212,209,196,211,216,206,219,209,212,196,180,190,197,197,175,188,162,177,192,166,162,153,146,146,143,111,112,108,105,91,77,86,79,65,62,60,58,56,50,44,40,36,41,30,30,31,26,21,18,19,13,10,20,9,6,1,11,7,2,1,0,2,0,2,0,0,1,0,0,0,0,0,0,0,0,0,0,0,0,0,0,0,0,0,0,0,0,0,0
45.75,0,0,0,0,0,0,1,0,0,0,0,0,0,0,0,1,0,0,0,0,0,0,1,2,1,1,1,0,1,0,1,0,0,1,1,1,1,0,0,2,2,1,3,0,0,0,1,1,2,3,3,1,5,0,1,1,2,3,6,5,3,5,5,5,3,2,5,9,10,8,14,10,24,18,12,18,14,20,19,16,25,18,13,26,24,22,25,24,32,26,30,24,31,31,31,28,35,48,40,34,44,48,50,45,44,50,62,55,63,74,71,55,69,76,79,67,91,89,99,102,87,126,90,117,111,104,136,107,139,118,166,142,148,149,162,158,191,166,195,200,194,217,207,216,234,229,232,231,247,261,235,238,289,251,293,267,256,281,271,290,283,283,306,273,311,297,287,295,289,318,286,310,311,290,309,302,294,281,295,273,276,271,245,282,291,269,237,287,276,236,248,249,266,238,254,266,235,218,226,242,199,235,230,219,241,232,207,218,200,232,211,210,208,202,201,218,200,223,198,218,187,179,184,203,193,172,189,156,170,190,164,165,155,146,140,148,113,111,107,101,93,77,85,77,65,65,57,56,56,51,43,40,35,42,27,30,31,25,20,17,19,12,10,20,9,5,2,8,8,2,1,0,2,0,1,0,0,1,0,0,0,0,0,0,0,0,0,0,0,0,0,0,0,0,0,0,0,0,0,0
45.85,0,0,0,0,0,1,2,0,0,0,0,1,0,0,1,0,0,0,0,0,2,0,1,1,0,0,1,1,0,1,2,0,1,0,1,0,0,1,1,1,3,2,5,2,1,2,2,1,1,6,2,2,0,3,2,1,2,2,3,3,1,5,3,3,2,1,2,2,6,9,11,14,15,15,22,14,10,10,14,11,18,20,25,16,18,20,29,26,25,28,28,30,27,28,37,40,34,45,39,52,41,45,39,41,48,53,54,65,76,79,72,71,62,77,61,84,81,81,109,102,97,94,104,112,116,131,122,152,138,140,145,153,165,166,175,182,175,184,213,191,210,217,200,213,222,243,240,257,248,245,275,272,255,256,265,252,269,250,268,273,285,282,288,299,282,312,291,305,291,281,312,277,313,298,313,297,287,307,297,271,295,266,260,288,272,257,264,266,272,246,250,263,245,263,256,258,235,222,223,238,211,237,217,218,248,217,203,224,205,233,204,216,220,198,194,215,195,216,205,218,196,177,187,195,195,173,187,158,172,188,163,164,153,156,141,144,109,113,107,98,95,75,83,78,69,62,60,54,57,50,44,39,36,41,27,31,31,25,19,16,20,11,10,20,9,5,1,8,8,2,1,0,2,0,1,0,0,1,0,0,0,0,0,0,0,0,0,0,0,0,0,0,0,0,0,0,0,0,0,0
45.95,0,0,0,0,0,0,0,1,0,0,0,0,0,0,1,0,0,0,0,0,0,0,0,0,2,0,2,0,2,0,0,1,0,3,0,0,3,1,0,2,1,1,1,0,3,2,1,2,3,5,1,1,3,1,1,2,3,2,2,3,2,3,4,2,2,5,3,7,10,13,14,11,18,23,18,20,15,9,18,25,20,23,27,28,26,36,27,27,26,33,28,39,32,40,39,46,43,30,40,48,56,37,51,46,30,59,53,67,68,69,71,74,61,75,60,96,79,94,81,88,101,100,110,95,113,119,121,107,105,128,170,141,150,150,153,165,191,180,168,200,210,201,221,230,228,236,218,236,260,283,262,261,262,280,247,269,267,294,269,285,274,303,305,284,297,292,309,324,281,291,277,271,289,306,287,299,295,279,324,282,265,268,274,285,276,239,272,262,270,243,252,272,262,250,276,254,241,210,225,227,215,226,218,224,253,204,197,215,204,229,204,211,217,209,192,223,194,221,210,215,198,177,182,196,192,177,187,151,172,189,164,165,148,151,145,148,111,115,108,94,96,75,82,77,67,60,57,54,57,48,43,39,35,40,26,31,33,25,20,16,19,11,9,20,9,5,1,8,8,2,1,0,2,0,1,0,0,1,0,0,0,0,0,0,0,0,0,0,0,0,0,0,0,0,0,0,0,0,0,0
46.05,0,0,0,0,0,0,0,0,0,0,0,0,0,0,0,0,0,1,3,0,1,3,0,1,0,0,0,1,1,2,2,2,0,1,1,1,1,0,2,1,2,1,1,0,5,1,3,3,2,4,3,3,2,5,2,0,3,3,1,0,2,2,6,2,3,3,1,5,13,12,14,15,15,17,20,14,12,18,19,17,20,21,22,22,20,18,23,23,29,19,24,30,34,33,26,35,31,29,29,36,35,47,54,43,54,46,58,67,61,67,59,70,69,65,63,79,77,85,90,91,105,122,93,98,100,122,114,128,123,158,143,161,184,146,180,189,170,219,169,202,187,215,210,225,224,224,209,239,249,243,259,262,275,257,261,271,297,271,301,256,284,312,271,272,312,311,308,343,312,263,290,310,273,314,256,284,283,302,305,256,261,296,262,277,256,218,274,248,270,242,277,260,250,290,260,241,251,203,226,222,224,206,215,206,256,210,203,209,206,232,212,206,215,200,188,227,194,209,207,205,201,176,181,187,201,173,184,151,174,188,163,167,153,152,144,151,103,117,108,88,96,76,83,80,68,58,58,51,58,46,45,39,34,41,26,31,33,25,20,16,19,11,9,19,9,6,1,8,7,2,1,0,2,0,1,0,0,1,0,0,0,0,0,0,0,0,0,0,0,0,0,0,0,0,0,0,0,0,0,0
46.15,0,0,0,0,0,0,0,0,0,1,0,0,0,0,0,0,0,0,0,1,0,3,0,0,0,1,1,1,1,0,0,2,2,2,1,0,0,0,0,0,1,3,2,4,0,5,3,2,0,5,3,3,4,3,5,3,0,3,2,1,2,5,1,3,1,1,3,6,12,11,17,15,14,12,20,14,13,17,14,11,25,20,26,24,25,30,28,25,26,19,30,38,35,32,34,35,41,44,37,43,53,40,51,53,53,56,61,67,64,71,65,77,87,64,86,67,77,88,105,97,85,112,117,119,106,103,138,121,162,136,147,155,162,158,138,173,160,176,177,200,212,203,220,209,237,215,240,228,219,239,233,249,246,287,293,262,255,292,275,309,309,274,304,263,309,313,316,303,312,286,301,284,317,266,282,289,309,279,272,273,281,271,293,273,258,224,263,246,280,236,276,273,261,282,249,253,237,207,223,224,214,207,217,211,253,214,207,212,208,222,221,209,223,203,181,228,204,214,204,214,192,176,181,186,206,173,184,146,176,181,170,163,152,149,146,151,102,114,103,89,95,74,84,79,69,54,60,51,58,49,44,39,33,42,26,31,32,25,20,15,19,11,8,20,9,6,1,8,6,2,1,0,2,0,1,0,0,1,0,0,0,0,0,0,0,0,0,0,0,0,0,0,0,0,0,0,0,0,0,0
46.25,1,1,0,0,0,0,0,0,0,0,0,1,0,0,1,0,0,0,0,0,0,0,0,0,0,0,1,1,1,1,1,1,1,0,1,2,3,2,1,5,2,1,0,6,3,5,2,4,3,0,2,2,3,2,1,3,6,1,1,2,5,1,3,1,2,5,6,12,8,13,18,9,17,12,17,9,22,14,18,20,22,21,19,24,27,24,27,23,29,32,34,32,23,23,31,28,29,37,57,38,48,35,51,62,53,50,60,79,60,56,74,63,69,76,62,78,77,100,89,70,99,107,117,122,106,117,125,119,138,155,129,138,168,148,181,173,181,185,195,193,219,218,222,240,263,217,246,262,224,254,263,266,255,247,278,295,266,291,294,293,266,289,298,299,293,283,308,288,316,291,321,300,301,266,302,285,288,258,274,294,304,281,289,292,258,248,262,241,260,275,246,256,288,290,244,250,234,214,224,205,223,215,212,228,248,211,215,210,220,202,217,210,222,210,192,237,212,208,199,216,190,177,178,186,214,179,183,144,181,179,169,160,157,151,143,151,100,114,103,90,93,74,82,79,68,56,59,52,57,47,45,40,33,43,25,28,34,24,19,16,19,11,8,20,9,6,1,8,6,2,1,0,2,0,1,0,0,0,0,0,0,0,0,0,0,0,0,0,0,0,0,0,0,0,0,0,0,0,0,0
46.35,0,0,0,0,0,0,0,0,1,0,0,0,1,1,0,1,0,0,1,2,0,0,1,1,1,0,2,0,1,1,0,0,3,0,1,2,1,2,5,0,0,2,6,3,1,5,3,3,3,4,0,1,3,3,3,0,1,2,2,1,2,1,3,4,2,3,3,8,18,18,16,18,12,23,13,13,21,25,17,19,17,23,20,24,26,25,30,38,22,28,30,32,33,29,35,25,33,45,43,46,43,42,53,52,49,56,47,63,59,48,53,80,63,60,67,64,78,91,86,103,98,86,106,110,113,111,140,133,133,136,138,135,153,165,183,157,191,203,167,173,180,195,202,222,223,231,259,225,280,249,242,276,276,276,272,263,277,290,305,281,275,304,307,320,286,298,289,276,293,333,291,294,267,323,286,294,271,309,269,273,285,280,291,254,275,246,250,249,247,277,232,279,287,268,250,238,230,232,232,191,225,218,206,232,256,223,209,203,213,218,216,209,219,212,190,234,206,211,202,204,187,181,186,182,214,178,183,146,179,175,161,167,154,152,150,147,100,116,102,89,94,72,84,77,68,58,57,53,57,45,44,41,32,42,23,29,33,23,20,16,18,12,7,21,9,6,1,8,6,2,1,0,2,0,1,0,0,0,0,0,0,0,0,0,0,0,0,0,0,0,0,0,0,0,0,0,0,0,0,0
46.45,0,0,0,0,0,0,0,0,0,0,0,0,0,0,1,0,1,0,0,1,0,0,0,0,1,0,1,1,1,1,0,1,1,1,1,1,0,1,1,0,3,0,4,1,1,5,1,2,2,2,4,3,5,3,6,5,1,1,3,5,0,2,3,0,4,3,3,6,13,13,15,15,10,13,11,12,21,18,11,23,19,21,17,24,24,22,22,29,33,32,17,30,25,33,33,31,32,33,41,40,42,33,47,60,50,71,51,61,57,78,67,72,84,75,87,87,77,84,91,96,92,104,87,113,112,115,118,120,117,136,148,152,143,141,169,160,178,172,159,183,198,231,201,193,233,221,242,249,268,259,276,260,289,274,282,299,271,278,279,304,298,270,300,313,288,288,265,338,311,313,300,292,275,310,272,284,262,270,283,280,296,271,273,269,282,239,230,263,250,266,232,262,300,264,246,245,226,233,225,197,227,218,202,219,249,216,211,196,212,221,211,214,208,219,183,228,210,209,210,195,189,183,181,182,217,181,185,149,171,175,164,157,153,154,152,143,100,115,99,92,92,73,86,76,64,58,57,52,57,44,41,41,33,42,23,29,33,23,20,15,18,12,7,20,9,5,2,8,6,2,1,0,2,0,1,0,0,0,0,0,0,0,0,0,0,0,0,0,0,0,0,0,0,0,0,0,0,0,0,0
46.55,0,0,0,0,1,1,1,2,0,0,0,0,0,0,0,1,0,0,2,1,0,0,0,2,0,0,1,1,0,1,1,2,3,0,4,5,0,1,2,1,2,1,0,3,0,3,1,2,2,4,3,0,7,1,2,2,1,5,0,3,2,3,0,2,4,2,6,7,18,14,14,16,18,21,17,21,17,23,23,20,24,27,19,27,36,33,26,23,28,25,31,32,40,29,30,48,51,47,50,51,47,55,47,59,51,56,63,48,63,70,52,80,69,76,64,86,89,88,101,103,106,116,93,117,122,118,122,126,130,138,144,144,153,147,183,155,187,185,189,207,188,236,245,230,232,215,221,223,275,226,277,263,280,273,296,268,287,286,312,322,296,295,284,269,270,276,299,318,284,289,295,258,311,292,297,270,271,293,278,294,281,283,277,285,267,240,258,254,239,275,225,247,299,252,259,222,244,247,218,218,220,216,208,203,252,208,215,188,207,226,199,214,213,210,179,229,201,211,214,195,191,181,184,180,204,180,189,145,160,179,158,155,156,157,147,144,103,114,100,91,91,75,84,76,64,57,58,52,56,45,41,39,34,41,23,27,32,23,19,16,19,12,7,20,9,4,2,8,6,2,1,0,2,0,1,0,0,0,0,0,0,0,0,0,0,0,0,0,0,0,0,0,0,0,0,0,0,0,0,0
46.65,0,0,0,0,0,1,0,1,0,0,0,0,0,0,1,0,0,0,0,0,0,0,0,0,0,0,1,0,0,2,1,2,2,1,0,2,1,1,2,1,3,1,1,2,0,4,1,4,3,2,5,2,2,3,3,5,2,1,1,4,2,0,3,0,3,2,3,3,14,15,16,19,18,7,20,10,21,15,16,21,24,26,24,17,31,24,28,31,39,29,19,26,34,40,27,32,32,45,33,42,35,40,53,43,39,55,49,48,46,58,70,82,73,69,71,72,88,100,98,109,80,82,104,123,109,132,130,139,136,105,127,142,153,146,188,156,173,169,197,178,206,196,208,235,243,230,248,234,225,233,235,242,262,277,280,285,286,298,291,296,321,281,274,300,273,295,294,296,294,278,268,284,306,247,291,258,278,259,283,280,293,264,277,274,271,241,270,248,246,265,240,242,273,256,254,230,260,234,206,226,204,215,231,198,242,216,223,187,211,210,202,227,204,213,183,218,206,213,221,192,193,178,178,174,210,181,188,145,160,177,156,158,151,157,140,149,102,110,103,92,87,78,83,75,62,58,57,52,54,47,41,38,34,40,23,25,31,23,17,15,20,12,7,20,9,4,2,8,6,2,1,0,2,0,1,0,0,0,0,0,0,0,0,0,0,0,0,0,0,0,0,0,0,0,0,0,0,0,0,0
46.75,0,0,0,0,0,0,0,0,0,0,0,0,0,0,0,0,0,0,0,0,1,2,0,0,0,1,0,0,1,0,2,0,1,0,0,0,0,2,1,1,1,1,3,2,2,1,1,4,5,2,4,3,2,3,5,1,2,1,1,3,2,5,1,2,1,2,3,12,10,16,19,18,14,15,28,20,16,15,22,20,20,22,28,25,22,30,31,26,23,40,31,38,34,32,42,32,35,44,30,41,56,48,50,48,53,34,47,63,63,62,67,85,65,65,68,81,75,98,83,88,108,98,108,95,121,128,116,129,129,131,142,150,144,164,166,171,184,195,200,186,194,224,193,228,199,245,266,235,236,256,241,269,261,249,263,280,304,261,291,307,274,326,266,299,323,262,304,288,290,271,286,311,276,291,259,277,259,266,290,276,282,278,281,264,253,261,265,245,259,246,243,232,269,260,242,230,247,229,215,228,207,220,224,209,237,224,218,189,208,210,206,215,212,205,191,220,202,223,215,194,185,181,180,177,205,176,189,139,163,181,157,159,152,157,138,149,107,110,103,92,88,79,80,74,65,57,57,50,53,47,41,38,35,39,23,24,30,23,16,15,20,11,7,19,10,4,2,8,6,2,1,0,2,0,1,0,0,0,0,0,0,0,0,0,0,0,0,0,0,0,0,0,0,0,0,0,0,0,0,0
46.85,0,0,0,0,0,0,0,0,0,0,0,0,0,0,0,0,0,0,0,0,0,1,0,0,0,0,1,0,1,0,1,1,0,1,0,3,0,1,3,0,1,1,0,0,2,1,0,4,1,4,2,1,1,2,2,2,4,0,2,0,3,2,3,4,1,0,3,11,11,17,16,19,7,14,18,13,18,15,14,17,18,22,21,18,19,29,28,30,23,31,29,34,24,27,30,41,37,34,27,53,47,47,50,64,54,53,59,42,75,53,59,55,64,88,66,72,67,87,87,101,108,105,99,91,124,123,134,138,135,135,144,129,129,146,172,162,175,178,193,189,195,194,224,218,210,240,261,251,250,235,238,263,276,241,275,293,269,321,334,275,277,261,313,288,294,296,250,276,282,274,328,302,290,263,259,257,247,282,257,274,279,287,276,270,245,262,268,247,262,240,270,245,263,246,246,244,242,216,230,219,219,204,223,209,246,204,216,195,204,201,205,221,198,208,196,208,204,223,220,201,182,186,181,171,202,178,190,138,169,180,154,162,153,152,142,146,106,110,98,94,88,74,82,73,65,53,58,51,54,48,41,36,33,38,22,23,29,23,16,15,19,11,7,18,10,4,3,8,6,2,1,0,2,0,1,0,0,0,0,0,0,0,0,0,0,0,0,0,0,0,0,0,0,0,0,0,0,0,0,0
46.95,0,0,0,0,0,0,0,0,0,0,0,0,0,0,0,1,0,0,0,0,0,0,1,0,0,0,0,1,0,2,0,0,0,0,1,0,1,0,0,2,0,1,3,2,0,1,5,5,5,0,2,4,4,3,3,2,3,1,4,0,2,3,2,2,4,1,4,4,11,15,16,15,19,10,13,19,23,20,21,20,18,18,27,25,20,26,23,21,35,40,27,39,31,24,30,33,33,34,40,36,43,50,53,46,51,46,55,56,56,50,67,61,73,68,68,89,73,85,89,102,109,106,93,97,105,106,119,142,135,131,148,154,151,145,142,144,167,195,178,206,191,228,212,244,224,226,255,246,258,272,276,290,268,262,288,271,285,285,277,298,272,285,286,287,295,311,278,290,270,299,304,302,272,277,250,292,256,256,263,274,288,289,299,253,267,271,269,235,264,250,271,237,264,264,236,235,240,215,228,212,213,216,214,208,242,199,210,206,220,190,215,212,190,211,186,207,212,221,214,206,179,191,176,167,198,180,183,135,172,182,156,169,153,152,152,145,108,110,98,93,88,75,82,73,64,54,57,52,53,51,39,36,34,36,23,25,29,22,16,15,19,11,7,18,9,4,3,8,6,2,1,0,2,0,1,0,0,0,0,0,0,0,0,0,0,0,0,0,0,0,0,0,0,0,0,0,0,0,0,0
47.05,0,0,0,1,1,0,0,0,0,1,2,0,0,0,0,1,0,1,0,1,1,2,1,0,0,0,1,0,0,0,0,0,0,1,1,1,3,0,1,0,0,4,1,0,1,1,4,3,3,0,1,4,1,1,2,3,4,1,1,4,0,1,4,6,1,2,7,7,6,12,16,21,16,17,14,20,10,19,16,19,19,19,20,27,29,18,28,27,29,33,34,30,26,42,34,38,31,38,44,43,48,45,41,34,43,55,63,55,61,64,70,78,80,72,67,83,75,73,93,83,104,99,101,115,123,116,131,122,130,124,139,157,173,179,180,199,187,204,204,176,229,215,214,187,223,215,225,266,246,268,279,242,279,274,237,301,293,298,307,258,301,295,301,282,271,293,272,279,303,294,302,307,274,262,268,265,288,266,263,274,292,276,271,263,267,266,268,239,254,247,255,257,264,262,258,223,234,226,209,229,216,211,221,207,246,200,205,205,212,194,226,199,201,208,185,203,221,219,207,202,179,188,177,171,194,185,182,139,170,183,154,167,153,154,155,139,112,110,94,91,91,76,82,70,63,53,57,50,54,51,39,35,35,32,23,26,28,22,16,14,18,11,7,18,9,4,3,8,6,1,1,0,2,0,1,0,0,0,0,0,0,0,0,0,0,0,0,0,0,0,0,0,0,0,0,0,0,0,0,0
47.15,0,0,0,0,0,0,1,1,0,0,0,1,0,1,0,1,1,0,0,0,0,0,1,0,0,0,1,1,1,1,2,0,0,1,2,0,0,2,3,1,2,0,1,3,1,5,2,2,0,2,4,4,0,1,1,1,3,1,0,1,3,3,3,0,3,4,4,6,12,20,18,16,13,13,14,17,17,13,24,17,24,26,26,24,20,33,30,22,21,29,24,24,27,29,22,32,35,43,34,38,49,33,34,56,49,53,59,48,64,61,66,59,73,64,72,84,84,81,79,100,72,82,106,122,105,95,112,131,129,143,162,162,161,153,157,186,154,160,165,187,228,210,241,210,244,264,228,256,236,240,247,243,263,262,296,262,270,280,260,313,300,275,293,287,284,289,296,264,279,316,287,286,288,272,253,285,283,263,278,262,283,281,270,264,279,263,260,252,250,243,261,249,269,261,252,218,226,237,204,230,224,213,217,213,238,202,194,208,213,199,209,200,202,200,181,208,217,211,211,198,177,187,178,169,196,184,183,139,174,175,152,168,154,151,156,136,114,109,96,90,92,76,82,69,63,49,56,51,53,49,38,34,36,32,21,24,29,20,15,14,19,11,7,17,9,4,3,8,6,1,1,0,2,0,1,0,0,0,0,0,0,0,0,0,0,0,0,0,0,0,0,0,0,0,0,0,0,0,0,0
47.25,1,0,0,0,0,1,0,0,3,0,1,0,1,1,0,0,0,0,0,2,0,0,1,1,0,0,1,1,1,1,0,1,2,0,1,1,2,0,2,0,0,3,2,0,0,1,0,3,0,1,3,6,0,0,1,3,0,5,3,3,2,3,2,3,3,1,2,10,9,18,13,20,13,13,18,18,15,29,20,14,24,31,31,28,24,35,22,24,27,21,34,24,36,33,30,35,33,37,46,45,59,38,39,43,54,48,52,58,64,60,57,64,53,62,65,69,72,72,97,88,86,104,101,101,108,94,122,139,138,117,153,150,179,159,173,147,191,177,179,198,194,232,223,194,210,230,253,233,235,253,260,244,258,298,281,265,279,289,289,281,309,270,285,274,275,276,323,282,289,293,279,315,276,238,276,266,286,252,292,277,271,277,266,254,269,267,268,261,242,256,240,256,269,273,234,219,212,232,193,235,217,204,201,227,232,202,201,204,214,191,209,183,203,201,177,206,217,208,215,197,176,185,175,167,198,185,185,136,177,168,154,169,153,152,153,137,116,108,97,91,89,74,81,68,64,49,56,51,52,48,38,34,36,32,21,24,29,20,15,14,19,11,6,16,9,4,3,8,6,1,1,0,2,0,1,0,0,0,0,0,0,0,0,0,0,0,0,0,0,0,0,0,0,0,0,0,0,0,0,0
47.35,1,0,0,0,0,0,0,1,0,0,0,1,0,0,1,1,0,1,0,1,1,0,0,1,1,0,1,0,1,1,3,0,0,0,1,2,1,1,1,3,2,0,2,3,7,4,1,3,3,3,1,6,2,3,5,4,3,2,1,2,0,5,1,2,0,1,0,7,11,10,17,13,10,16,16,11,16,12,18,18,24,15,33,17,19,22,20,23,19,17,37,39,34,28,36,32,44,33,33,49,50,32,38,40,44,55,45,54,60,59,68,78,80,71,86,92,66,75,92,75,105,92,106,115,100,123,102,119,125,151,154,153,149,141,153,142,157,173,189,181,204,200,244,228,214,219,226,236,227,245,275,263,276,261,284,261,294,281,283,283,280,315,264,323,295,290,282,334,290,290,283,290,300,257,281,271,276,270,303,254,265,270,256,246,260,274,273,264,241,268,234,254,261,273,236,228,209,236,199,231,214,215,194,235,232,191,195,212,206,199,209,185,188,196,176,207,221,210,203,197,178,186,170,170,198,183,190,140,177,168,152,173,149,155,151,134,114,109,99,89,86,73,80,71,63,50,55,50,53,48,37,34,35,30,21,23,29,20,14,12,19,12,5,16,9,4,3,8,6,1,1,0,2,0,1,0,0,0,0,0,0,0,0,0,0,0,0,0,0,0,0,0,0,0,0,0,0,0,0,0
47.45,0,0,0,0,0,1,0,0,0,0,0,0,0,0,0,1,0,0,0,1,0,1,1,0,2,0,0,1,0,2,0,1,3,0,0,1,0,2,1,2,0,0,3,1,2,4,3,2,1,2,3,4,0,1,1,1,2,3,5,1,3,2,1,3,2,2,4,11,7,11,13,15,17,21,19,21,15,20,20,18,24,24,20,29,36,29,20,28,30,29,25,41,38,33,47,32,27,44,50,44,37,41,45,48,49,49,49,64,59,62,53,79,83,89,78,71,59,82,91,87,112,121,83,127,109,115,151,135,135,126,138,146,154,178,143,169,165,174,199,184,212,217,189,222,207,234,238,213,254,263,259,221,245,274,252,281,284,281,314,285,281,270,284,310,273,292,297,335,285,276,275,281,300,246,273,288,246,299,246,279,253,276,250,264,255,277,251,269,241,264,236,262,246,268,239,231,210,240,198,232,212,216,193,231,229,196,191,205,215,201,207,178,186,195,179,200,224,213,208,199,176,187,171,163,192,184,179,142,173,167,152,173,148,150,148,136,111,111,97,88,87,72,78,70,63,49,52,50,51,47,38,33,35,30,21,23,29,20,14,12,19,12,5,15,10,4,3,8,6,1,1,0,2,0,1,0,0,0,0,0,0,0,0,0,0,0,0,0,0,0,0,0,0,0,0,0,0,0,0,0
47.55,0,0,0,0,0,1,0,0,0,0,0,0,0,0,0,3,0,0,0,1,0,0,0,0,0,0,1,1,1,1,1,0,0,0,0,2,2,1,2,2,1,4,2,1,1,2,0,6,3,3,0,3,1,2,3,0,3,2,5,0,0,2,2,3,1,0,6,9,13,14,13,22,15,19,17,18,17,21,13,24,26,24,23,27,26,27,23,30,20,25,31,33,31,39,41,39,38,46,48,35,34,43,52,43,52,48,67,54,66,83,65,64,60,71,71,86,76,90,89,74,89,93,92,115,109,121,141,114,123,134,139,153,146,163,160,177,169,178,169,181,159,216,218,230,217,211,208,232,266,257,252,260,255,253,290,304,276,280,285,306,261,292,299,293,331,326,302,280,311,280,277,302,280,261,278,284,268,302,248,279,254,264,264,280,248,276,265,254,237,263,245,256,239,260,253,222,214,241,201,233,201,216,191,226,225,192,189,202,208,203,207,177,175,199,195,193,220,210,210,198,174,184,166,164,196,180,177,144,173,166,149,168,152,148,147,136,111,106,101,85,86,68,82,70,63,46,51,49,52,46,38,31,33,28,22,21,27,20,14,12,19,12,5,15,10,4,3,8,6,1,1,0,2,0,1,0,0,0,0,0,0,0,0,0,0,0,0,0,0,0,0,0,0,0,0,0,0,0,0,0
47.65,0,0,0,0,0,0,0,1,1,1,0,0,0,0,0,0,0,1,0,1,0,1,1,0,2,0,1,1,0,4,1,0,2,0,1,1,2,2,1,0,0,1,5,2,1,2,3,10,0,2,1,0,1,6,2,1,0,0,4,4,3,2,1,0,5,2,4,5,16,13,17,16,15,15,17,16,20,20,20,28,18,23,24,36,20,14,23,35,35,19,38,38,29,41,39,40,40,41,38,35,40,49,55,42,59,52,49,62,64,70,54,48,66,72,74,76,82,82,103,94,92,100,92,103,106,126,116,116,111,127,125,152,162,145,147,151,163,169,184,161,182,206,196,206,208,222,226,254,222,239,232,250,300,267,281,289,266,289,290,288,300,306,286,283,301,314,309,272,322,270,295,266,291,260,277,256,284,285,262,280,230,274,252,293,264,306,248,237,248,252,241,247,239,249,255,215,214,229,202,220,203,214,205,224,224,208,185,201,197,206,207,187,175,194,186,194,221,218,207,188,177,178,167,166,195,179,171,141,167,169,149,170,151,142,148,138,110,102,101,83,86,66,84,69,62,45,53,46,52,48,38,31,33,27,22,21,27,20,14,12,19,12,5,14,10,3,3,8,6,1,1,0,2,0,1,0,0,0,0,0,0,0,0,0,0,0,0,0,0,0,0,0,0,0,0,0,0,0,0,0
47.75,1,1,0,0,2,0,0,0,1,0,1,0,0,1,1,0,0,1,0,0,0,0,0,0,0,0,0,0,0,0,1,1,1,2,1,2,2,0,1,0,2,3,1,3,2,4,5,1,1,2,2,0,2,4,4,4,1,2,4,3,3,2,1,0,0,4,4,2,13,16,7,19,15,13,23,19,18,22,18,18,19,26,23,21,22,26,26,19,31,30,21,21,32,30,26,29,40,36,39,44,37,50,34,48,47,64,47,58,60,62,58,66,72,66,69,79,85,90,92,80,92,99,88,111,90,114,114,129,109,129,148,139,131,144,147,155,168,151,201,190,200,193,214,210,201,209,221,268,242,265,247,240,239,281,268,262,250,308,276,275,313,302,276,294,257,287,291,289,310,276,269,279,257,290,265,296,268,287,285,253,258,234,264,275,286,276,238,239,237,235,260,241,232,236,245,210,212,213,212,223,202,203,206,221,226,207,177,197,197,215,202,186,175,192,185,192,222,218,207,191,175,180,167,170,197,180,167,139,165,167,147,165,154,139,149,137,110,101,100,85,85,66,81,68,63,45,52,43,53,44,40,29,35,27,21,21,27,20,14,12,18,12,5,14,11,3,3,8,6,1,1,0,2,0,1,0,0,0,0,0,0,0,0,0,0,0,0,0,0,0,0,0,0,0,0,0,0,0,0,0
47.85,0,0,1,0,1,0,0,0,0,0,0,0,1,0,0,0,1,0,0,2,1,0,1,0,0,0,0,0,2,0,2,0,1,1,1,1,3,1,0,2,2,3,1,1,0,0,2,2,4,2,2,3,2,5,4,5,1,2,4,2,3,4,0,1,2,1,4,6,14,12,21,20,12,11,16,11,17,13,24,20,14,24,21,25,22,22,18,20,28,23,30,22,37,33,33,35,31,30,39,30,39,51,50,44,59,51,52,49,53,58,69,79,74,63,82,90,71,71,82,97,103,85,103,90,116,113,119,123,120,127,159,136,139,158,147,150,154,177,170,190,223,197,222,213,229,218,246,220,263,222,242,256,261,240,256,267,296,275,281,304,296,284,271,311,274,299,311,290,278,304,281,292,256,287,271,286,267,266,280,259,257,253,273,266,301,259,269,230,254,247,253,251,213,228,248,223,205,223,219,226,191,208,195,210,240,214,175,197,198,222,205,181,173,194,188,187,237,218,199,194,173,175,167,172,191,181,168,139,165,163,148,164,152,139,143,138,110,107,96,85,84,66,80,69,62,42,51,44,50,44,41,29,36,25,21,21,26,20,14,13,18,11,5,14,11,3,3,8,6,1,1,0,2,0,1,0,0,0,0,0,0,0,0,0,0,0,0,0,0,0,0,0,0,0,0,0,0,0,0,0
47.95,0,0,0,0,0,0,0,0,0,0,0,0,0,0,0,0,0,0,0,0,1,0,0,0,0,1,0,0,0,1,1,0,0,1,0,2,1,0,2,2,2,7,2,1,2,4,2,1,1,3,3,3,2,3,1,1,4,1,3,2,2,3,7,0,3,2,2,5,8,15,16,13,15,12,12,15,18,12,14,23,15,18,21,22,25,17,33,32,18,29,40,26,38,45,39,33,51,49,40,60,41,47,54,57,61,44,58,48,72,42,61,71,85,65,77,90,69,88,98,95,100,113,119,118,99,112,122,109,157,131,154,167,169,161,179,182,170,173,181,211,208,196,230,223,230,209,211,251,241,238,252,237,268,276,257,254,287,252,301,308,274,297,285,318,298,282,286,304,280,295,258,274,288,297,266,260,284,267,277,257,275,261,276,278,269,274,263,250,259,235,253,252,216,222,243,223,214,208,228,227,197,214,195,218,238,212,180,202,195,209,203,184,179,186,182,188,231,219,193,188,171,179,165,180,187,177,164,137,172,160,146,165,151,138,144,137,109,106,97,87,84,67,81,67,61,41,52,43,48,44,42,29,37,26,20,21,25,20,14,13,17,10,4,14,10,4,3,8,5,1,1,0,2,0,1,0,0,0,0,0,0,0,0,0,0,0,0,0,0,0,0,0,0,0,0,0,0,0,0,0
48.05,0,0,0,0,0,0,1,0,0,0,0,0,1,0,0,0,0,0,3,1,0,0,2,0,0,3,0,0,3,0,1,0,1,1,0,1,1,1,1,3,1,2,3,0,2,1,1,3,3,2,1,3,1,1,0,4,4,0,1,2,0,2,1,1,5,4,3,4,10,11,7,7,13,8,13,8,16,10,18,26,13,11,21,25,19,20,32,32,24,24,22,30,26,24,29,31,39,47,44,28,42,32,43,59,49,42,60,56,54,62,59,64,82,77,58,79,71,94,96,97,85,104,96,103,106,113,116,157,143,141,157,148,162,186,162,164,209,179,196,212,206,203,194,238,244,230,227,252,239,256,220,262,256,253,298,264,259,274,281,275,266,277,300,291,302,348,258,295,270,285,259,269,289,281,282,272,258,282,287,262,279,281,281,274,269,265,265,258,242,246,268,251,224,208,244,234,222,205,233,221,189,203,208,217,227,225,184,212,191,217,202,176,187,183,184,186,233,220,197,181,171,179,157,174,188,182,164,138,170,158,147,162,147,139,144,134,109,104,95,86,84,67,81,66,61,41,53,43,48,44,42,29,37,26,20,21,24,19,13,13,17,10,4,14,10,4,3,8,5,1,0,0,2,1,1,0,0,0,0,0,0,0,0,0,0,0,0,0,0,0,0,0,0,0,0,0,0,0,0,0
48.15,0,0,0,0,0,0,0,0,2,0,0,0,0,0,0,0,0,1,1,0,0,0,0,2,0,2,1,0,1,0,1,0,0,2,0,3,1,1,0,2,1,3,3,0,2,2,0,2,1,4,0,3,0,2,1,3,2,3,0,2,2,2,2,1,2,2,1,9,8,5,15,17,14,17,12,15,14,16,14,21,21,17,23,24,27,20,24,14,32,25,14,26,29,32,35,37,43,35,42,49,50,45,51,61,53,43,66,65,72,61,62,67,74,68,61,80,77,82,81,73,89,96,101,110,106,116,106,124,148,131,139,133,142,162,162,177,155,166,196,206,205,200,234,209,236,224,248,239,213,230,284,258,244,265,238,288,256,253,293,257,279,263,299,290,341,316,307,261,293,268,280,253,281,298,274,253,279,268,263,272,263,267,263,263,270,266,266,235,225,242,250,252,208,208,244,224,238,209,219,221,185,190,202,220,242,215,186,200,190,225,203,190,180,178,184,186,229,221,197,182,173,178,159,174,183,185,161,138,170,156,143,163,145,139,144,129,113,102,96,85,83,66,81,66,58,41,52,43,47,42,44,28,37,25,20,21,23,19,13,13,17,9,4,14,10,4,3,8,5,1,0,0,2,1,1,0,0,0,0,0,0,0,0,0,0,0,0,0,0,0,0,0,0,0,0,0,0,0,0,0
48.25,0,0,0,0,0,0,0,0,0,1,0,1,0,0,0,1,0,0,0,0,1,0,1,1,0,1,0,0,0,1,0,1,0,0,1,0,3,1,0,1,1,0,0,1,0,2,2,2,5,3,2,3,2,5,1,2,4,2,2,0,4,2,1,5,5,1,4,9,12,10,11,17,16,15,13,22,20,17,17,14,16,24,12,31,33,23,24,23,19,36,38,27,31,35,27,52,39,40,39,31,36,28,49,44,52,45,46,61,56,64,56,66,64,57,67,89,78,84,70,96,83,73,93,87,111,140,121,103,112,133,139,148,156,158,160,176,193,186,174,190,208,215,202,218,229,213,219,237,245,253,256,265,246,248,273,254,283,271,260,282,286,293,255,293,310,292,315,271,292,268,286,274,282,303,281,282,277,263,269,286,269,268,250,270,262,280,248,249,222,246,251,245,216,214,233,247,222,218,214,217,181,197,204,215,234,206,192,198,183,230,202,184,178,185,185,186,235,224,197,182,175,176,160,175,191,182,164,139,173,152,138,165,146,140,141,129,114,102,96,85,83,66,81,66,57,43,50,42,46,42,43,27,36,26,19,21,23,19,12,13,17,9,4,14,10,4,3,8,5,1,0,0,2,1,1,0,0,0,0,0,0,0,0,0,0,0,0,0,0,0,0,0,0,0,0,0,0,0,0,0
48.35,1,0,0,0,0,0,0,0,0,1,1,0,0,1,0,1,0,0,0,1,0,0,0,0,1,0,0,0,1,0,0,1,0,0,2,0,0,1,0,0,1,3,2,0,0,1,0,0,4,4,4,2,1,0,9,2,0,1,1,1,2,2,2,2,5,1,9,7,10,18,11,15,13,17,16,18,15,16,24,17,24,26,22,20,29,23,30,32,27,29,36,37,39,33,37,37,34,37,37,50,31,37,55,46,45,58,58,60,68,67,67,60,63,66,76,74,73,72,89,91,93,97,98,110,101,109,130,118,132,115,126,145,144,161,153,160,176,167,172,187,191,193,213,209,210,224,237,210,244,266,230,256,228,252,284,284,258,299,256,281,289,261,299,291,310,279,275,286,297,301,273,278,274,295,285,290,274,258,271,300,251,265,241,278,272,250,244,252,234,258,252,243,212,210,231,233,228,221,212,210,181,203,203,209,232,206,192,197,179,225,197,185,181,186,190,183,219,223,214,179,173,176,166,174,188,181,158,139,170,153,137,162,150,141,142,128,112,103,98,82,84,64,82,62,59,42,50,41,46,43,43,27,34,26,19,21,23,19,12,13,17,9,3,15,10,4,3,7,4,2,0,0,2,1,1,0,0,0,0,0,0,0,0,0,0,0,0,0,0,0,0,0,0,0,0,0,0,0,0,0
48.45,0,0,0,0,0,0,1,0,1,0,0,0,0,0,0,1,0,0,1,2,1,0,3,2,0,0,0,0,0,0,0,1,0,1,0,2,2,1,0,1,1,0,1,3,2,2,1,2,1,0,2,1,1,3,4,0,2,2,1,3,1,1,1,0,4,1,3,6,11,7,18,15,13,19,14,20,15,16,13,19,20,25,22,26,17,30,20,33,27,32,17,25,28,28,34,42,28,36,39,38,44,39,40,31,48,35,56,45,52,59,76,60,68,91,75,88,62,81,91,81,96,106,114,119,95,112,113,129,140,124,130,151,148,145,162,153,158,177,209,187,190,173,186,207,223,225,251,238,220,267,252,269,253,264,258,230,278,293,280,309,277,253,291,301,277,273,251,290,267,315,278,309,268,265,290,280,277,263,250,290,281,262,239,262,276,273,241,265,244,254,252,240,225,199,217,225,238,206,221,206,181,204,197,211,222,200,205,191,179,230,195,183,184,186,194,185,218,221,217,179,172,176,159,167,189,185,161,138,170,154,144,158,154,144,137,131,108,104,96,84,86,65,81,62,58,43,48,45,43,43,44,25,33,26,18,21,23,19,11,13,17,10,3,14,10,4,3,7,4,2,0,0,2,1,1,0,0,0,0,0,0,0,0,0,0,0,0,0,0,0,0,0,0,0,0,0,0,0,0,0
48.55,1,0,0,0,0,1,0,0,1,1,1,0,0,0,0,0,0,0,1,1,0,0,0,1,0,1,2,0,0,1,1,1,0,2,1,0,2,0,1,3,3,0,0,0,2,3,4,0,1,2,2,3,1,0,3,2,2,4,2,1,0,4,3,6,3,0,2,9,6,10,17,17,20,16,18,11,21,23,23,20,21,22,27,21,25,15,33,23,26,23,28,29,29,37,23,51,34,44,41,42,44,43,42,39,59,50,53,64,57,52,65,61,65,75,82,82,79,85,76,102,91,79,100,117,123,128,118,124,130,128,104,168,157,145,149,166,163,186,185,196,218,191,207,231,214,210,221,257,280,238,251,283,251,263,292,255,238,253,271,303,269,277,292,287,276,284,273,289,290,313,271,269,292,266,286,256,292,268,279,272,292,262,250,261,283,257,247,268,254,233,242,231,223,204,217,213,258,202,218,201,188,211,210,212,218,198,203,195,188,232,195,185,190,173,204,189,211,235,207,180,176,177,162,170,188,183,156,142,168,151,147,160,155,143,137,133,107,104,94,82,84,66,79,67,57,41,48,45,41,43,45,25,33,24,18,21,22,18,10,12,17,10,3,13,11,4,3,7,4,2,0,0,2,1,1,0,0,0,0,0,0,0,0,0,0,0,0,0,0,0,0,0,0,0,0,0,0,0,0,0
48.65,0,0,0,0,0,0,0,0,0,0,0,0,1,0,1,0,0,0,0,0,0,1,1,0,0,0,0,0,0,1,1,0,2,0,0,0,0,0,0,1,1,1,1,1,0,3,6,7,3,1,2,1,1,1,5,3,2,4,1,0,0,2,0,2,5,0,3,6,8,10,17,13,17,16,12,18,17,24,20,19,19,25,25,16,23,35,26,25,29,29,27,21,27,32,38,38,31,44,27,49,48,35,45,34,40,69,49,48,42,53,74,83,67,72,84,85,62,86,114,97,101,98,117,103,114,111,100,107,122,144,140,127,158,151,132,179,179,172,183,174,200,236,215,203,231,245,240,223,238,246,244,244,268,255,258,245,288,270,239,271,335,299,265,266,277,272,311,304,295,257,261,291,294,261,301,257,293,260,274,261,280,248,263,258,259,259,219,288,254,226,237,237,219,198,223,216,242,215,214,204,182,207,212,220,208,203,192,200,194,230,191,183,190,176,194,192,211,239,207,167,180,175,157,173,185,183,162,140,168,149,147,162,155,138,137,133,103,104,91,80,80,63,79,67,55,42,48,45,42,42,45,25,32,22,18,22,22,18,10,14,16,11,3,12,10,4,3,7,4,2,0,0,2,1,1,0,0,0,0,0,0,0,0,0,0,0,0,0,0,0,0,0,0,0,0,0,0,0,0,0
48.75,0,0,0,1,0,0,0,0,0,0,0,0,0,0,0,0,0,0,0,1,2,0,0,0,2,1,0,0,0,1,2,0,0,0,1,2,4,2,0,2,2,0,1,3,1,4,4,2,3,1,2,3,1,3,0,2,0,0,2,0,2,1,5,4,3,2,3,6,11,7,12,20,16,13,20,20,14,12,18,16,15,19,23,33,23,30,18,26,24,33,31,23,33,35,40,31,38,27,37,44,33,49,46,50,36,35,53,49,49,51,60,73,66,89,68,93,78,80,104,105,82,95,104,102,103,113,118,129,121,132,139,147,157,167,149,179,177,184,188,156,196,212,227,197,211,233,254,243,240,255,259,243,263,243,246,293,229,256,265,271,299,288,255,264,247,291,295,274,310,287,269,283,283,299,277,256,274,262,276,267,276,242,278,254,272,241,245,275,255,212,223,234,206,193,210,230,240,205,215,197,187,189,203,219,221,196,194,199,203,218,205,183,179,179,199,189,209,240,198,169,189,171,160,161,185,183,158,138,164,153,142,160,157,140,141,130,107,99,89,80,80,61,79,66,54,42,46,45,45,41,44,25,32,22,17,22,22,18,10,14,16,11,2,11,10,4,3,7,4,3,0,0,2,1,1,0,0,0,0,0,0,0,0,0,0,0,0,0,0,0,0,0,0,0,0,0,0,0,0,0
48.85,0,0,0,0,0,0,0,1,1,1,0,0,1,1,1,0,0,0,1,0,1,1,1,1,0,0,0,2,2,0,0,1,0,0,0,0,2,1,4,2,1,1,1,0,4,1,3,4,3,1,0,1,6,2,5,2,2,4,4,1,3,4,2,0,3,1,0,6,21,16,14,16,17,19,15,17,14,25,15,30,18,26,29,18,22,21,16,21,28,27,24,28,28,35,34,41,44,45,42,46,52,42,49,50,48,50,64,64,64,82,58,65,69,65,70,91,78,89,85,87,106,108,94,122,117,116,105,121,125,144,135,148,130,169,170,131,193,165,204,184,226,226,209,201,220,233,254,219,238,247,250,227,249,249,251,264,282,277,267,293,287,280,270,265,277,290,304,282,288,280,287,278,267,266,293,269,264,291,261,277,271,258,266,256,270,240,258,279,249,203,229,239,208,195,228,242,230,195,219,192,183,177,201,223,220,199,201,198,200,229,204,170,184,192,197,176,214,237,192,171,195,171,163,164,182,181,163,142,165,159,135,157,154,139,141,128,106,100,87,79,86,60,78,65,56,39,47,45,47,39,44,25,32,23,16,22,22,18,10,14,15,10,2,11,8,4,3,7,4,3,0,0,2,1,1,0,0,0,0,0,0,0,0,0,0,0,0,0,0,0,0,0,0,0,0,0,0,0,0,0
48.95,1,0,1,0,0,0,0,1,0,0,0,0,0,0,1,1,0,0,0,0,0,0,0,1,1,0,0,1,1,0,0,1,0,0,0,2,2,0,1,1,0,1,0,3,1,0,1,3,0,3,2,3,2,4,3,3,2,3,0,3,1,1,0,1,1,0,3,6,2,13,13,18,14,15,10,14,21,27,21,22,23,19,25,27,15,21,28,15,30,24,23,39,24,36,43,39,34,32,51,47,47,40,43,47,41,35,51,58,51,52,56,47,75,66,74,82,81,96,78,101,106,106,88,121,109,108,116,109,134,156,129,153,164,171,161,176,173,196,162,171,196,199,200,217,235,244,227,232,277,243,242,266,256,272,276,269,302,278,278,265,253,265,265,256,318,256,302,281,279,318,274,289,271,267,267,260,280,279,278,279,295,260,257,265,254,255,261,258,251,212,226,236,199,184,239,253,219,202,214,199,182,189,206,226,225,196,203,192,209,219,210,169,181,195,193,180,209,230,188,172,194,180,154,167,184,177,158,138,169,157,137,157,148,139,141,127,105,100,85,80,85,58,78,65,58,36,49,45,45,38,44,24,31,24,18,22,22,18,10,14,14,10,2,11,7,4,3,7,4,3,0,0,2,1,1,0,0,0,0,0,0,0,0,0,0,0,0,0,0,0,0,0,0,0,0,0,0,0,0,0
49.05,0,0,0,0,0,0,0,0,0,0,1,0,0,0,0,0,0,0,0,0,0,0,0,0,1,1,0,0,2,0,0,1,0,0,0,0,1,0,3,2,0,2,0,1,0,2,2,1,1,3,3,1,4,1,3,3,1,1,3,3,1,0,1,0,2,2,1,7,15,12,17,12,18,22,13,17,14,11,11,18,19,20,21,20,23,20,21,26,22,28,26,32,37,31,27,44,32,36,47,34,43,35,53,24,43,39,60,58,58,61,68,51,77,84,65,85,73,77,88,88,82,91,111,109,90,121,122,146,137,139,151,136,137,134,142,164,142,179,199,187,209,217,181,204,225,244,228,251,232,226,243,256,277,249,247,277,257,295,282,256,240,271,284,298,267,292,296,298,295,300,287,279,294,281,264,276,259,280,259,269,281,260,269,256,266,259,267,249,252,204,232,251,219,188,218,240,231,196,212,198,179,192,206,225,226,202,193,191,228,211,205,161,189,192,196,185,215,217,193,171,205,178,155,160,183,181,166,136,166,156,138,157,151,134,139,130,103,101,82,80,83,59,79,65,57,37,49,47,44,40,41,27,31,23,18,22,21,18,10,14,14,9,2,11,8,4,2,7,4,3,0,0,2,1,1,0,0,0,0,0,0,0,0,0,0,0,0,0,0,0,0,0,0,0,0,0,0,0,0,0
49.15,0,0,0,0,0,0,0,0,0,0,1,0,0,0,1,0,0,0,0,0,2,0,1,0,0,0,1,1,1,2,0,0,0,1,0,0,0,0,2,1,2,4,3,1,1,0,0,2,3,1,2,4,0,2,1,1,2,2,2,2,3,5,3,0,4,2,1,8,14,11,13,8,13,18,19,15,17,22,34,18,23,26,19,28,25,27,26,28,30,30,29,33,25,31,35,36,46,50,37,52,43,42,40,53,57,68,58,58,54,54,68,65,71,60,71,82,61,75,97,96,95,105,111,116,126,127,110,121,135,129,136,148,142,144,151,170,200,190,168,203,209,201,203,218,215,238,224,227,208,236,259,257,223,267,261,275,276,289,287,268,291,277,300,316,297,281,288,266,289,287,292,295,255,271,283,272,249,264,262,249,295,263,268,251,245,247,277,225,261,218,236,244,223,185,209,234,236,195,206,201,179,188,216,218,217,212,202,196,235,214,203,165,191,188,200,188,212,207,196,174,207,178,154,160,183,188,159,136,168,153,139,154,149,133,138,127,102,103,80,81,83,59,78,64,55,36,51,45,45,40,41,27,30,23,18,22,20,17,10,14,13,8,2,12,8,4,2,7,4,3,0,0,2,1,0,0,0,0,0,0,0,0,0,0,0,0,0,0,0,0,0,0,0,0,0,0,0,0,0,0
49.25,0,0,0,0,0,0,0,0,0,0,0,0,0,0,0,0,0,0,0,1,1,0,2,0,1,1,0,0,0,0,1,0,0,1,1,3,2,0,0,0,0,0,1,3,4,1,1,0,2,3,2,4,1,0,5,4,3,2,1,2,2,3,2,1,2,2,4,13,6,20,14,19,15,14,15,9,21,23,17,24,15,15,21,21,25,21,19,29,26,32,29,33,39,34,34,36,34,44,40,37,46,49,45,58,39,50,53,73,63,85,55,80,75,69,71,76,76,73,89,95,103,95,94,97,107,109,116,119,123,139,124,121,132,154,156,157,151,176,188,200,195,211,240,195,220,212,222,218,238,216,225,236,253,240,280,249,261,270,270,285,266,289,305,296,306,263,282,266,284,298,263,293,310,250,305,265,264,250,271,241,280,261,279,233,244,254,254,251,251,229,226,246,231,183,219,228,231,193,208,202,182,192,212,226,215,206,196,201,230,218,203,173,189,191,203,187,210,202,185,172,203,182,157,164,184,182,161,139,164,152,140,156,147,132,137,127,102,103,79,79,85,59,76,61,55,35,51,44,43,41,39,27,29,23,17,22,19,17,11,14,12,8,2,12,8,4,2,7,4,3,0,0,2,1,0,0,0,0,0,0,0,0,0,0,0,0,0,0,0,0,0,0,0,0,0,0,0,0,0,0
49.35,0,0,1,0,0,0,0,0,0,0,0,1,0,0,0,0,0,0,0,2,0,0,1,1,0,1,2,0,0,0,1,1,2,0,3,0,0,0,4,0,3,2,0,3,1,2,2,1,0,1,2,2,2,2,3,2,2,2,3,3,0,5,0,4,2,1,4,5,13,3,11,12,21,16,16,18,19,16,20,30,15,21,16,31,29,20,22,19,31,15,32,34,21,41,34,35,37,32,47,35,43,40,45,36,53,60,61,59,55,63,68,66,64,72,60,65,84,88,87,106,98,95,104,80,121,101,110,129,116,137,164,146,156,147,142,153,150,181,156,179,192,208,223,215,221,217,236,221,239,240,229,251,255,245,245,281,251,273,290,271,280,274,275,312,252,315,266,272,280,290,267,269,287,272,279,273,271,250,276,259,275,288,264,240,242,237,243,237,250,231,228,256,221,200,201,230,224,200,209,203,188,184,212,232,206,204,208,196,232,216,208,170,190,190,202,186,221,195,191,179,200,177,153,168,182,176,164,134,166,155,138,156,147,131,138,121,103,102,80,79,83,61,73,58,57,36,49,42,45,40,39,27,29,24,16,22,19,16,11,14,12,8,2,12,8,4,2,7,4,3,0,0,2,1,0,0,0,0,0,0,0,0,0,0,0,0,0,0,0,0,0,0,0,0,0,0,0,0,0,0
49.45,0,0,0,0,0,1,0,0,1,0,0,0,0,0,0,2,0,0,0,0,0,0,0,1,1,1,0,1,1,1,1,1,1,0,0,1,1,0,0,1,0,1,3,4,2,3,0,2,3,0,3,2,0,6,2,3,4,2,3,3,3,1,1,2,3,0,3,3,11,15,10,18,18,12,18,12,16,12,13,16,24,21,14,23,21,28,40,24,29,30,33,34,34,27,36,42,36,31,36,42,34,48,44,53,42,54,52,57,78,68,62,70,71,65,59,79,87,83,104,81,91,84,90,88,105,116,118,102,112,118,125,117,152,151,154,156,175,181,175,186,200,216,221,211,210,213,245,233,235,240,260,262,260,288,282,260,273,272,257,284,295,281,280,286,280,281,276,264,257,300,265,290,279,254,259,281,273,240,284,275,256,270,266,252,246,250,245,231,244,231,210,238,223,215,195,239,233,207,220,201,206,181,205,233,188,219,204,205,232,210,202,172,196,192,203,195,219,194,193,180,199,175,153,166,183,174,161,133,165,155,135,160,141,134,135,120,104,102,80,79,82,59,74,59,57,35,49,42,45,40,39,29,29,24,16,22,18,17,11,13,12,8,2,12,8,3,3,7,3,3,0,0,2,1,0,0,0,0,0,0,0,0,0,0,0,0,0,0,0,0,0,0,0,0,0,0,0,0,0,0
49.55,0,0,0,0,0,0,0,0,1,0,0,0,0,0,0,0,1,0,0,0,0,1,0,0,1,0,1,2,1,1,0,2,0,1,2,3,0,3,2,5,2,1,1,3,1,0,5,0,2,1,4,1,4,1,0,0,2,3,0,2,2,3,1,1,2,2,2,7,9,10,17,9,18,17,17,18,26,15,21,17,19,22,16,21,21,26,22,29,24,28,33,41,48,29,35,37,42,31,44,42,42,43,46,50,44,63,54,59,50,63,61,74,75,80,79,87,76,92,89,85,88,92,101,115,108,113,130,116,112,153,139,148,160,164,176,164,162,180,213,186,204,194,202,240,238,261,219,225,257,248,235,273,252,263,281,278,267,266,294,285,306,321,268,278,290,267,293,289,261,280,255,298,260,292,238,276,290,241,281,294,258,264,275,239,250,261,243,231,240,245,206,237,223,218,209,223,234,202,218,203,213,188,204,230,188,223,209,211,235,216,196,173,193,185,204,192,217,199,191,181,195,174,148,164,184,179,158,144,163,158,140,150,144,134,130,118,103,105,80,76,82,58,75,57,58,36,49,41,45,41,40,27,29,24,16,22,17,16,11,13,12,7,2,12,8,3,3,7,3,3,0,0,2,1,0,0,0,0,0,0,0,0,0,0,0,0,0,0,0,0,0,0,0,0,0,0,0,0,0,0
49.65,0,0,0,0,0,0,0,1,0,0,0,0,0,0,0,0,1,1,0,0,1,1,1,0,0,0,0,0,0,1,3,0,1,1,0,1,1,1,0,0,0,1,2,1,2,1,1,1,3,1,5,3,1,0,1,1,1,2,2,5,0,3,2,4,1,1,2,6,12,6,8,9,14,16,16,16,14,16,20,16,16,15,17,17,17,28,19,27,27,29,33,34,32,23,26,31,36,33,38,35,33,43,53,47,51,66,39,59,60,62,59,69,62,68,80,85,85,98,88,85,86,104,102,102,103,117,103,117,158,118,152,143,155,177,164,150,182,181,189,186,201,216,216,236,228,197,235,251,242,246,245,207,284,275,266,277,264,287,259,300,295,318,283,259,270,289,285,290,276,251,264,276,263,287,256,262,264,256,257,290,235,268,261,249,259,235,230,228,237,251,195,229,220,230,199,211,222,196,216,197,209,197,208,227,189,214,216,214,234,215,192,172,193,181,199,187,218,204,188,168,201,169,152,162,180,180,154,148,164,153,140,150,144,135,136,118,101,103,79,76,83,58,74,56,59,34,47,44,45,40,40,26,29,24,15,22,17,16,11,13,12,6,2,12,8,3,2,7,3,3,0,0,2,1,0,0,0,0,0,0,0,0,0,0,0,0,0,0,0,0,0,0,0,0,0,0,0,0,0,0
49.75,0,0,0,0,0,0,0,0,0,0,0,1,0,0,1,0,1,0,0,1,0,0,0,2,0,0,1,1,0,1,1,1,0,1,1,2,3,1,0,0,2,6,1,1,3,2,2,3,2,4,3,4,1,0,2,2,3,1,1,1,1,3,0,3,2,2,2,8,14,14,9,13,11,15,18,15,22,18,14,13,23,24,23,28,27,24,27,27,26,30,29,36,29,29,43,24,41,38,35,38,38,40,40,40,38,42,55,44,55,64,70,60,72,76,80,69,81,75,70,82,81,112,111,110,111,114,121,149,127,122,124,140,145,167,144,159,185,191,187,182,192,192,203,221,218,215,247,236,253,219,242,254,241,233,272,242,268,304,262,323,310,274,281,281,286,267,289,289,297,262,254,266,289,282,259,263,261,256,273,259,267,266,251,251,228,251,233,245,232,257,202,203,227,215,191,226,224,188,225,193,215,198,216,233,182,212,213,215,239,219,189,176,188,177,198,185,209,217,183,161,200,172,152,162,179,181,155,143,161,151,140,148,139,141,133,122,98,99,77,77,81,59,76,56,56,35,48,44,43,41,39,25,30,23,16,23,17,16,10,13,12,6,2,11,8,3,2,7,3,3,0,0,2,1,0,0,0,0,0,0,0,0,0,0,0,0,0,0,0,0,0,0,0,0,0,0,0,0,0,0
49.85,0,0,0,0,1,0,1,0,1,0,0,0,0,0,0,0,0,0,0,0,0,0,0,0,0,0,1,0,1,0,0,1,3,2,1,3,2,2,2,1,2,1,1,3,0,1,1,2,0,2,2,1,3,2,3,1,2,6,3,2,1,0,2,1,3,2,3,4,13,12,6,16,16,15,13,9,20,14,10,14,13,22,25,27,20,26,25,20,27,23,36,35,31,37,30,29,29,44,34,31,42,39,34,50,43,53,58,50,56,55,60,64,65,80,91,75,85,90,83,89,104,114,102,101,107,115,119,128,133,122,133,135,138,147,161,166,168,189,175,171,203,202,225,210,206,216,242,234,234,262,250,217,257,229,256,275,278,269,332,262,282,300,285,297,312,299,262,278,286,279,258,246,288,283,278,275,261,272,242,276,279,253,255,243,231,236,242,239,245,240,222,198,232,213,191,227,231,199,205,198,219,193,217,226,181,213,197,219,228,216,187,177,183,171,200,190,202,214,187,171,193,174,151,166,180,181,153,145,159,143,148,144,144,142,134,121,99,100,76,76,81,57,76,56,56,34,49,44,45,40,37,24,29,23,16,23,16,16,10,13,12,6,2,11,8,3,2,7,3,3,0,0,2,1,0,0,0,0,0,0,0,0,0,0,0,0,0,0,0,0,0,0,0,0,0,0,0,0,0,0
49.95,0,0,0,0,0,0,0,0,2,0,0,0,0,0,0,0,0,0,0,0,0,0,2,1,0,1,0,1,0,0,1,1,0,2,0,3,1,1,3,2,0,3,2,1,2,4,3,3,1,2,4,8,2,0,4,1,4,4,5,0,5,3,1,3,3,1,3,15,12,18,11,12,12,12,17,13,19,20,24,18,18,30,21,18,21,25,40,29,27,36,34,31,42,31,35,31,27,29,41,32,49,35,50,49,57,43,62,62,60,54,43,66,65,83,72,80,85,95,97,92,106,86,104,93,103,99,121,124,124,126,130,165,153,142,163,180,190,174,158,202,191,176,207,199,204,242,199,204,224,244,238,230,251,247,246,259,279,267,267,294,277,274,305,318,307,275,280,272,291,290,262,269,260,286,274,297,236,284,254,265,271,231,237,253,215,247,234,245,224,234,225,210,224,203,196,221,220,197,204,203,215,196,232,213,176,215,194,222,219,217,184,184,182,175,205,190,208,216,190,165,194,173,154,171,170,182,148,146,157,142,149,139,148,142,135,119,96,104,77,75,80,58,78,56,55,33,49,43,43,39,37,23,26,22,16,23,16,16,10,13,12,6,2,11,8,3,2,7,3,3,0,0,2,1,0,0,0,0,0,0,0,0,0,0,0,0,0,0,0,0,0,0,0,0,0,0,0,0,0,0
50.05,0,0,0,0,0,0,0,1,0,0,0,0,0,0,0,0,0,1,2,0,0,0,0,0,0,0,0,0,0,1,1,2,0,2,2,2,2,0,2,1,0,1,2,1,1,2,3,1,0,2,3,5,1,1,1,1,3,3,2,1,4,0,5,1,2,0,4,6,18,14,21,11,17,14,20,20,17,21,23,20,32,17,18,24,25,28,27,26,22,24,31,35,43,38,35,34,38,32,49,43,50,40,49,49,39,62,56,58,52,50,57,66,57,60,69,63,78,74,92,105,85,104,112,105,93,116,106,115,123,118,143,149,149,154,175,182,162,158,192,172,204,185,232,211,198,227,228,225,218,245,225,256,257,256,248,253,279,285,261,290,294,283,324,290,320,279,289,284,296,264,309,306,257,266,284,273,278,273,237,254,263,261,225,250,211,238,216,229,215,231,217,215,218,217,194,232,218,187,208,198,216,201,219,221,172,207,201,212,222,211,186,186,185,174,205,187,210,214,193,167,189,178,152,165,180,177,145,143,158,144,147,139,148,144,134,119,95,102,77,75,82,60,78,54,56,30,49,42,42,38,37,23,26,22,16,22,16,16,9,14,12,6,2,11,8,3,2,7,3,3,0,0,2,1,0,0,0,0,0,0,0,0,0,0,0,0,0,0,0,0,0,0,0,0,0,0,0,0,0,0
50.15,0,0,0,0,0,0,0,0,0,0,0,1,0,0,1,0,0,0,0,2,0,0,1,1,0,0,0,0,1,1,1,2,0,1,3,0,1,2,0,2,3,0,2,2,1,1,5,2,3,2,2,1,2,1,1,2,1,2,4,1,4,2,5,2,1,3,1,10,9,15,8,18,10,14,22,13,15,22,19,30,15,30,18,24,21,26,14,24,25,23,32,27,30,24,28,31,35,28,39,42,38,42,50,49,44,55,50,58,55,61,67,58,76,87,66,75,75,72,75,79,86,114,97,110,84,115,106,126,97,130,137,147,149,146,146,157,167,180,152,185,198,206,211,221,222,201,216,185,248,220,225,268,253,244,279,272,279,270,260,260,262,283,296,290,289,260,308,292,271,281,281,305,270,260,282,280,262,290,239,241,264,272,234,252,221,226,236,228,209,234,223,201,223,214,219,230,218,199,202,192,225,206,217,221,185,206,201,210,216,210,188,184,177,176,205,184,206,213,179,167,187,180,153,164,179,181,140,141,159,141,147,136,150,140,138,119,96,100,77,73,82,59,76,54,57,30,49,42,42,36,36,23,26,22,16,21,17,16,10,12,12,6,2,11,8,3,2,7,3,3,0,0,2,1,0,0,0,0,0,0,0,0,0,0,0,0,0,0,0,0,0,0,0,0,0,0,0,0,0,0
50.25,0,1,1,0,0,0,0,0,0,0,0,0,0,1,1,0,0,1,2,0,1,0,0,0,0,0,1,0,0,1,1,1,0,2,0,1,0,1,0,2,1,0,3,2,4,2,0,2,2,3,4,0,2,5,0,0,2,1,2,0,2,3,2,2,1,2,1,3,12,12,15,13,15,16,22,15,21,17,11,26,19,14,21,23,24,18,11,32,16,27,31,39,20,32,40,37,28,54,48,38,37,51,48,48,52,43,55,55,58,64,78,57,87,64,74,75,65,82,79,87,93,80,97,103,108,120,127,122,115,125,148,142,109,149,169,153,178,186,168,179,172,210,192,202,232,197,210,246,189,245,219,244,228,262,282,283,258,271,293,267,298,273,276,301,290,295,288,285,273,281,287,296,281,245,304,256,260,278,259,249,267,263,260,232,208,222,234,231,230,236,218,207,219,212,209,220,211,191,192,203,212,217,211,211,179,215,195,208,209,202,188,182,178,174,200,190,204,214,181,165,182,178,147,166,178,188,138,141,157,141,145,139,150,144,138,118,94,102,78,73,81,57,72,52,58,32,50,41,42,36,35,24,26,21,16,23,17,16,10,12,12,6,2,10,7,3,2,7,3,3,0,0,2,1,0,0,0,0,0,0,0,0,0,0,0,0,0,0,0,0,0,0,0,0,0,0,0,0,0,0
50.35,0,0,0,0,0,0,0,0,0,0,0,0,1,0,0,0,0,0,0,1,0,1,0,0,0,0,2,1,0,0,2,0,2,0,1,4,1,0,0,2,2,4,5,1,2,4,2,3,1,2,3,1,1,1,0,1,1,1,5,1,2,0,1,2,4,2,3,5,9,9,9,18,9,16,16,16,13,15,12,20,21,24,36,24,27,29,19,18,22,31,33,23,29,34,32,34,40,34,27,42,36,47,40,24,70,52,60,44,59,64,59,63,81,73,79,67,70,89,80,105,83,112,77,96,117,130,105,112,124,133,123,136,164,136,157,154,164,162,184,198,164,201,211,217,204,219,206,268,234,235,242,231,234,253,252,255,275,228,273,279,272,266,279,250,276,273,296,271,264,278,291,271,264,260,290,257,264,284,265,239,239,265,255,241,232,227,209,238,232,222,215,207,220,217,188,220,215,190,210,192,219,215,212,215,182,226,191,207,209,193,178,181,176,180,198,188,209,217,180,171,174,178,153,159,174,187,137,141,155,141,145,140,147,142,133,121,93,100,78,74,81,57,72,52,58,33,48,41,40,34,35,24,25,20,14,21,16,16,10,12,11,6,2,10,5,3,2,7,3,3,0,0,2,1,0,0,0,0,0,0,0,0,0,0,0,0,0,0,0,0,0,0,0,0,0,0,0,0,0,0
50.45,0,1,0,0,1,1,0,0,0,0,0,0,0,0,0,0,0,1,0,0,0,0,0,0,0,0,0,0,1,0,0,1,0,0,0,1,1,0,1,2,0,0,1,1,0,0,4,5,2,3,2,1,2,1,6,3,1,2,2,3,2,3,3,2,0,3,2,6,12,20,11,10,22,19,12,19,15,17,16,13,18,22,15,24,23,23,29,29,30,26,36,28,35,39,39,31,36,45,46,39,40,45,47,46,57,46,67,58,46,60,61,55,74,68,69,76,77,83,92,85,79,133,103,96,103,104,84,121,112,133,136,132,142,158,159,146,155,171,173,172,181,210,188,199,230,224,227,240,217,253,233,251,268,234,238,244,252,248,260,270,277,304,244,279,253,282,279,267,270,286,263,236,275,270,277,221,280,294,233,263,257,276,248,262,223,218,223,252,232,199,227,194,217,219,184,219,218,185,205,188,204,225,210,215,186,220,191,213,221,188,174,186,180,177,198,188,215,221,180,177,173,183,156,159,172,190,135,140,154,141,145,139,145,142,130,122,96,98,78,74,81,59,72,52,58,33,46,41,39,35,34,25,25,20,13,22,16,16,10,12,11,6,2,10,5,3,1,8,2,3,0,0,2,1,0,0,0,0,0,0,0,0,0,0,0,0,0,0,0,0,0,0,0,0,0,0,0,0,0,0
50.55,0,0,1,0,0,1,0,0,0,0,0,1,0,0,0,0,0,0,0,1,0,2,0,1,1,2,0,0,0,0,1,0,0,2,1,1,2,1,2,1,1,2,2,2,3,1,1,2,2,5,1,1,2,3,2,4,3,1,3,2,4,1,0,1,4,4,2,2,8,12,18,13,10,18,17,15,16,15,24,17,18,20,21,22,21,33,24,29,39,29,30,29,28,30,29,32,38,29,33,44,34,47,42,47,50,48,49,55,47,65,61,81,74,75,85,94,71,82,92,89,86,111,114,96,95,126,138,110,131,122,140,135,153,174,177,170,146,165,185,183,183,189,217,190,210,206,223,238,246,202,249,254,249,269,217,281,273,267,286,262,304,276,266,255,259,294,285,279,276,261,268,254,225,300,264,236,267,277,255,252,242,264,235,253,223,214,222,256,235,217,227,194,215,215,197,195,209,194,204,183,212,217,202,210,179,224,198,201,220,187,175,193,181,174,192,192,207,224,178,171,178,182,157,160,171,189,135,142,153,137,144,140,144,137,133,123,96,98,78,74,79,57,72,52,56,33,45,40,39,35,33,25,25,18,14,22,15,15,10,13,11,6,2,10,5,3,1,8,2,3,0,0,2,1,0,0,0,0,0,0,0,0,0,0,0,0,0,0,0,0,0,0,0,0,0,0,0,0,0,0
50.65,0,0,0,1,0,0,0,0,0,0,0,0,0,1,0,0,0,0,0,1,0,0,1,0,0,1,1,1,0,1,0,1,1,1,2,3,1,1,0,1,1,1,2,0,0,1,1,3,2,2,1,2,0,3,2,1,4,2,4,3,2,5,4,4,3,1,1,5,15,15,9,17,14,21,19,14,19,20,29,29,21,21,22,26,18,24,26,26,21,21,25,30,27,26,43,41,38,40,34,42,35,63,50,46,45,56,46,47,56,54,65,55,70,68,74,66,71,72,74,104,102,104,120,118,128,129,104,110,137,145,150,138,163,157,140,141,187,169,193,173,176,207,202,209,217,227,227,226,229,229,250,238,236,234,225,255,234,257,281,270,254,285,245,251,272,283,284,244,286,247,289,270,249,300,247,256,282,275,248,264,249,240,232,264,227,212,207,230,237,188,241,201,214,223,183,199,208,203,213,189,212,221,204,201,186,221,203,201,216,183,178,196,179,175,186,199,205,222,172,177,180,179,157,160,168,193,139,143,155,139,138,140,139,134,124,123,94,97,79,71,78,59,73,50,56,31,46,40,40,36,33,22,26,17,14,22,14,15,7,12,11,6,2,9,4,3,1,8,2,3,0,0,2,1,0,0,0,0,0,0,0,0,0,0,0,0,0,0,0,0,0,0,0,0,0,0,0,0,0,0
50.75,0,0,0,0,0,0,0,0,0,0,0,0,0,0,0,0,1,1,0,0,0,0,0,0,0,1,2,0,1,0,0,0,1,0,0,0,1,0,2,0,2,0,0,1,0,2,0,1,1,3,3,1,2,1,4,2,3,0,1,0,2,2,1,1,4,0,4,5,10,13,11,12,15,17,17,24,15,16,25,15,17,13,20,25,19,30,19,19,27,35,40,23,34,37,32,32,38,46,30,34,49,42,35,48,47,38,57,35,56,59,74,64,75,70,56,80,73,72,83,79,93,98,100,100,114,117,116,112,139,118,134,142,155,158,157,157,160,184,175,176,202,191,204,228,211,257,224,240,212,219,225,252,215,247,262,245,266,243,273,274,252,270,266,257,278,282,246,256,281,255,269,262,304,278,249,273,266,280,259,249,238,245,234,250,248,217,210,219,230,194,234,216,213,216,183,188,210,199,215,186,211,234,209,201,187,214,187,190,219,173,175,201,179,179,186,202,198,216,173,172,181,178,150,158,172,192,143,141,157,140,131,145,139,137,125,122,98,94,78,73,78,58,72,50,57,29,49,37,40,36,33,22,25,17,14,21,15,15,7,12,11,5,3,9,4,3,1,8,2,3,0,0,2,1,0,0,0,0,0,0,0,0,0,0,0,0,0,0,0,0,0,0,0,0,0,0,0,0,0,0
50.85,1,0,1,0,0,0,0,0,0,0,0,0,1,1,1,0,0,0,1,0,0,0,0,0,0,0,0,0,2,1,0,0,2,0,0,1,1,1,3,1,1,4,1,1,1,5,4,2,1,2,4,2,3,3,2,1,1,2,4,2,3,6,2,0,2,2,7,9,14,9,9,6,13,17,11,5,24,19,19,20,13,16,17,21,22,26,22,33,23,21,30,33,27,31,29,29,46,40,50,35,40,53,60,47,47,49,51,48,56,65,55,60,64,58,70,84,98,80,63,98,90,91,102,97,110,94,110,114,129,136,119,145,162,137,148,158,151,166,177,178,189,207,214,217,189,203,208,250,247,234,231,236,227,255,262,287,250,235,248,270,267,234,268,268,272,288,235,244,281,260,251,247,277,279,295,282,266,265,243,263,217,262,222,253,248,208,219,228,221,205,201,228,217,196,195,190,204,223,208,182,216,221,216,189,193,218,194,193,203,177,175,203,187,177,187,197,198,212,175,171,184,175,145,158,170,191,141,142,158,143,130,140,138,141,124,122,97,94,80,69,76,59,73,53,58,29,48,38,40,36,33,22,24,17,14,21,14,15,7,12,11,5,2,8,4,3,1,8,2,3,0,0,2,1,0,0,0,0,0,0,0,0,0,0,0,0,0,0,0,0,0,0,0,0,0,0,0,0,0,0
50.95,0,0,0,0,0,0,1,0,1,0,0,0,0,0,0,1,0,0,0,1,0,1,0,0,1,0,2,1,0,0,0,0,0,1,1,2,1,1,2,0,2,3,1,1,2,1,1,3,1,6,1,2,0,2,0,1,3,2,1,4,1,5,2,2,4,3,4,6,18,14,8,15,13,12,19,20,10,11,9,18,21,24,17,19,16,19,26,31,30,36,26,37,21,35,35,28,34,39,34,37,27,42,34,41,39,48,40,56,58,60,62,66,59,62,70,72,70,73,77,96,86,78,85,112,112,107,113,103,121,132,136,155,144,157,158,156,182,185,191,201,184,194,206,203,204,222,228,242,226,233,231,251,239,245,245,241,254,258,247,231,235,236,283,282,271,244,290,256,278,249,264,277,269,285,279,286,253,249,271,245,204,250,241,241,225,218,226,236,205,208,214,212,223,192,197,176,218,210,222,178,210,219,209,184,193,212,203,192,195,173,182,198,185,189,179,207,198,207,168,172,185,175,148,157,175,189,136,142,158,140,129,138,137,143,119,121,98,96,79,71,76,57,71,53,56,29,48,38,40,36,33,21,23,17,14,21,13,15,7,12,11,5,2,6,4,3,1,8,2,3,0,0,2,1,0,0,0,0,0,0,0,0,0,0,0,0,0,0,0,0,0,0,0,0,0,0,0,0,0,0
51.05,0,0,0,0,0,0,0,0,0,0,0,1,1,1,0,0,2,0,1,1,1,0,1,0,1,0,1,0,1,1,2,0,1,1,0,2,1,1,1,4,0,0,4,3,0,0,3,1,2,3,3,1,1,0,2,2,3,2,4,5,4,2,1,3,4,4,4,10,11,10,16,13,6,10,15,24,23,17,21,13,14,18,23,18,22,33,20,19,27,24,29,34,26,35,41,47,33,40,31,27,40,51,44,61,49,48,49,58,41,68,61,60,71,66,78,90,74,74,81,90,90,105,84,101,105,119,100,105,134,127,119,128,180,149,142,171,151,172,170,185,177,212,199,202,201,221,240,215,228,232,239,230,259,249,247,240,259,243,257,228,222,277,263,271,267,251,277,272,266,271,261,261,279,272,259,281,262,244,264,235,228,237,253,249,221,220,214,241,192,224,184,221,216,188,210,189,219,205,210,194,205,214,192,187,194,204,201,195,191,164,179,200,182,192,185,198,198,208,170,175,186,177,146,163,178,183,140,144,160,140,130,136,137,139,119,124,99,96,81,72,75,58,71,53,55,29,47,40,40,36,34,21,21,18,16,20,13,15,7,11,11,4,3,6,4,3,1,8,2,3,0,0,2,1,0,0,0,0,0,0,0,0,0,0,0,0,0,0,0,0,0,0,0,0,0,0,0,0,0,0
51.15,0,0,0,0,0,0,0,0,0,0,0,0,0,1,0,2,0,0,1,1,2,0,0,0,0,2,0,1,0,0,0,1,2,0,0,0,1,0,0,2,0,0,1,2,2,0,2,1,3,1,1,2,1,6,4,0,3,2,2,1,4,4,2,0,3,2,0,10,14,9,11,16,15,15,13,16,12,14,21,15,11,17,22,29,27,23,36,31,25,26,41,22,29,36,28,34,34,39,33,50,40,39,41,52,53,58,50,54,40,76,58,56,74,66,76,69,88,64,82,96,80,102,92,105,112,100,121,130,127,141,143,159,145,139,179,160,166,193,196,202,196,219,212,208,213,223,235,237,268,232,254,216,235,264,249,264,252,252,241,224,245,259,258,266,243,286,270,270,256,270,264,249,275,274,274,260,250,237,264,250,197,252,247,239,244,206,222,229,197,206,191,212,207,184,211,181,208,207,215,203,192,224,197,182,203,201,196,187,190,170,174,193,184,196,189,193,201,208,170,175,189,176,147,170,172,187,136,139,159,136,136,136,136,136,119,124,98,96,84,71,74,55,71,52,57,30,46,39,41,38,32,21,17,18,16,20,13,15,7,11,11,4,3,6,4,3,1,7,2,3,0,0,2,1,0,0,0,0,0,0,0,0,0,0,0,0,0,0,0,0,0,0,0,0,0,0,0,0,0,0
51.25,0,0,1,0,0,1,0,0,1,0,0,0,1,0,0,1,0,0,1,0,0,0,0,4,2,1,1,2,1,1,1,0,0,0,1,0,1,1,0,1,1,1,1,0,0,0,3,3,1,3,3,3,4,2,3,2,3,2,1,2,0,0,1,3,1,2,4,7,8,5,14,12,14,14,15,18,10,16,17,20,10,21,21,23,27,22,29,34,30,24,24,23,41,33,33,31,34,35,33,43,44,51,36,56,64,57,59,60,53,74,68,68,72,75,64,70,69,70,102,88,91,91,104,85,99,109,119,139,143,132,122,129,154,142,161,154,176,167,194,186,204,190,217,202,227,205,247,218,264,270,228,231,244,236,265,220,283,212,245,212,262,279,270,279,255,310,257,266,247,258,267,254,272,283,268,271,239,242,273,238,209,245,240,234,228,203,221,234,202,200,194,228,211,186,199,191,219,217,209,207,180,215,187,180,197,205,206,192,186,159,186,194,182,183,200,203,200,207,167,173,191,172,147,169,172,182,136,144,161,139,133,136,139,138,115,125,97,96,87,70,74,58,71,51,58,31,45,38,41,39,32,21,17,17,16,20,13,15,7,11,11,4,3,6,4,3,1,7,2,3,0,0,2,1,0,0,0,0,0,0,0,0,0,0,0,0,0,0,0,0,0,0,0,0,0,0,0,0,0,0
51.35,0,0,0,1,0,0,0,0,1,2,1,0,0,1,1,0,0,0,0,1,0,1,2,0,1,0,0,3,1,2,0,2,0,1,0,1,1,2,0,1,2,1,0,4,1,3,3,3,1,1,2,2,3,0,3,2,4,4,0,2,3,0,1,1,3,2,4,7,10,11,17,9,12,16,11,16,15,11,20,11,20,17,19,15,25,24,27,25,27,41,26,31,35,33,24,33,37,32,42,35,45,52,45,46,35,63,49,56,62,62,54,65,69,75,77,81,69,94,75,92,93,98,118,88,111,129,121,108,124,114,121,137,152,150,158,129,153,151,176,181,175,202,202,198,215,199,221,217,228,200,251,258,229,254,247,257,241,268,250,287,242,276,292,243,250,286,278,272,247,270,260,279,266,255,259,266,249,243,273,224,215,217,239,219,241,214,208,231,207,197,201,215,207,200,195,196,210,211,206,208,181,202,189,174,199,200,199,183,191,153,181,199,185,177,191,203,194,205,172,173,192,167,151,170,169,178,133,145,156,145,137,134,138,138,116,126,99,92,89,70,72,56,74,51,57,32,45,38,40,39,32,21,17,16,16,20,13,15,7,11,11,4,4,6,4,3,0,7,3,3,0,0,2,1,0,0,0,0,0,0,0,0,0,0,0,0,0,0,0,0,0,0,0,0,0,0,0,0,0,0
51.45,0,0,0,0,0,0,0,0,2,1,1,0,0,1,1,0,0,0,1,0,0,0,0,0,0,1,0,1,0,0,1,1,0,0,2,2,1,1,0,4,0,0,0,0,0,0,6,2,4,1,2,1,3,4,1,3,3,4,3,2,3,1,1,2,1,0,2,4,12,20,15,17,17,12,14,16,17,14,24,29,20,28,13,17,25,29,20,23,26,30,27,23,43,25,28,42,30,31,36,35,37,35,46,43,40,40,58,48,45,43,56,56,62,73,65,73,79,92,96,87,92,85,113,102,108,114,113,131,117,145,121,118,136,134,154,144,150,170,161,178,165,187,192,204,215,238,203,230,214,215,234,217,251,232,260,248,259,270,271,269,263,263,269,256,257,245,275,278,273,296,261,265,258,258,288,253,256,236,259,241,200,233,248,240,232,225,232,224,214,214,210,212,219,202,197,184,201,220,188,207,191,206,193,169,207,194,190,190,183,155,183,194,182,180,192,192,204,199,167,168,196,172,148,170,169,178,132,144,154,147,134,133,142,136,115,125,96,96,89,69,71,56,72,51,58,31,45,38,39,38,32,23,17,16,16,20,13,15,7,11,10,4,4,5,3,3,0,7,3,2,0,0,2,1,0,0,0,0,0,0,0,0,0,0,0,0,0,0,0,0,0,0,0,0,0,0,0,0,0,0
51.55,1,1,1,0,0,0,0,0,0,0,0,0,1,0,0,0,0,0,0,0,0,0,0,0,0,1,2,0,0,1,0,1,0,0,1,1,1,0,1,0,1,1,0,4,0,2,4,2,2,4,1,1,1,1,3,2,0,0,1,3,3,1,3,3,2,1,2,4,7,12,12,6,17,8,11,13,22,24,15,12,25,18,23,22,21,24,21,27,27,29,16,28,37,21,32,32,29,52,42,42,42,39,45,41,46,55,58,56,55,50,72,68,67,51,73,69,66,64,77,113,88,91,95,123,110,99,125,113,136,127,138,142,133,131,143,162,165,172,196,201,168,184,179,214,220,214,210,237,223,231,222,236,260,243,242,260,240,257,263,252,295,283,259,248,266,255,277,282,292,271,278,255,269,246,290,262,254,245,264,238,220,222,251,246,225,234,230,230,203,220,222,221,217,209,200,193,201,197,199,212,186,207,184,170,201,203,191,182,180,150,178,196,186,179,197,193,197,202,176,170,192,175,147,174,168,180,132,148,149,146,136,131,143,134,111,124,97,96,84,71,70,56,72,50,55,32,45,35,40,38,32,21,18,16,16,19,13,15,7,11,8,4,4,5,3,3,0,7,3,2,0,0,2,1,0,0,0,0,0,0,0,0,0,0,0,0,0,0,0,0,0,0,0,0,0,0,0,0,0,0
51.65,0,0,0,1,0,0,0,0,2,0,0,0,1,0,0,1,0,0,0,0,0,0,0,1,0,1,0,0,0,0,0,1,2,4,0,0,0,1,0,1,2,3,0,1,3,1,2,3,0,3,0,1,3,5,0,3,0,1,2,5,0,1,2,3,0,2,1,4,7,17,16,18,17,15,12,17,15,19,16,25,17,16,26,29,21,23,25,34,28,36,29,30,26,28,27,45,39,38,39,42,45,55,39,41,55,53,59,55,48,50,58,68,65,81,61,92,68,88,78,86,99,99,114,122,101,130,123,117,115,133,143,162,126,142,144,146,176,150,154,166,207,205,202,193,218,221,232,202,233,235,229,243,259,214,219,252,236,243,248,297,263,252,235,265,252,246,275,290,258,277,305,252,244,245,269,256,241,256,265,234,231,220,240,239,251,216,235,250,193,241,217,227,222,223,192,192,201,186,201,214,182,211,175,167,203,195,201,184,171,158,180,194,188,192,190,193,194,191,172,169,191,178,149,172,168,176,140,144,147,148,134,129,142,135,113,123,93,94,83,72,70,57,72,49,54,31,47,37,38,38,31,21,17,16,16,18,13,15,7,11,8,4,4,5,3,3,0,7,3,2,0,0,2,1,0,0,0,0,0,0,0,0,0,0,0,0,0,0,0,0,0,0,0,0,0,0,0,0,0,0
51.75,1,0,0,0,0,1,0,0,0,0,0,0,0,0,0,0,0,0,0,0,1,0,0,0,0,0,2,0,0,0,0,0,1,2,0,0,0,0,0,1,1,2,4,1,2,1,4,2,4,1,2,2,2,1,0,2,1,4,1,3,1,0,2,4,2,2,2,13,9,12,17,15,9,15,15,11,16,21,25,17,24,21,21,26,13,21,21,19,31,21,26,31,18,35,35,32,27,56,36,42,36,50,46,45,48,50,62,52,43,60,54,54,69,77,73,64,69,85,90,73,89,79,94,115,115,105,108,109,137,100,142,127,132,147,130,161,160,161,144,183,178,193,195,193,211,211,217,235,227,236,224,238,239,241,219,236,211,252,283,282,270,275,260,249,259,284,272,280,274,289,266,259,283,268,237,282,247,255,251,241,234,211,245,245,227,214,232,221,202,246,230,220,215,227,207,187,191,186,206,211,193,214,173,164,196,197,203,190,176,149,182,192,186,194,189,189,194,190,176,172,189,176,147,172,167,179,140,142,147,144,130,128,142,133,112,122,93,94,83,75,67,54,74,49,53,32,47,37,39,38,31,23,16,16,16,18,12,15,7,10,8,4,4,5,3,3,0,7,3,2,0,0,2,1,0,0,0,0,0,0,0,0,0,0,0,0,0,0,0,0,0,0,0,0,0,0,0,0,0,0
51.85,0,0,0,0,0,0,0,0,0,1,0,0,0,0,1,1,1,0,1,0,0,0,0,0,2,1,0,0,2,0,0,1,2,2,1,1,0,2,3,2,0,1,1,4,0,1,1,0,2,1,3,0,2,0,1,2,4,0,2,1,1,3,0,0,0,3,0,5,13,9,15,12,12,14,12,15,13,16,23,19,16,18,17,21,15,27,24,29,31,19,41,18,19,32,27,33,21,38,44,38,44,46,53,44,45,45,53,63,67,53,76,73,89,70,72,86,74,86,74,101,102,96,114,101,108,99,121,116,131,128,128,142,137,142,152,141,186,189,154,162,213,182,213,204,231,219,197,202,213,219,259,231,227,226,234,223,245,240,289,274,265,262,236,243,285,262,280,269,282,284,279,277,251,267,255,266,254,253,256,244,209,207,239,244,229,217,233,224,188,251,237,220,213,227,219,200,181,183,207,208,203,195,161,162,205,190,204,194,177,138,196,187,188,189,189,197,192,187,175,173,185,178,144,178,173,176,139,149,145,142,128,130,141,132,110,123,97,91,84,75,66,54,73,50,53,32,47,37,39,39,29,24,16,15,16,18,11,16,7,10,8,4,3,5,3,3,0,7,3,2,0,0,2,1,0,0,0,0,0,0,0,0,0,0,0,0,0,0,0,0,0,0,0,0,0,0,0,0,0,0
51.95,0,0,0,0,0,0,0,1,0,0,0,0,0,0,0,0,0,0,2,0,0,0,0,0,1,0,0,0,0,1,0,0,1,0,1,2,0,0,1,0,1,3,0,2,0,2,3,1,1,2,2,8,2,0,4,1,3,4,2,2,3,2,1,4,1,2,4,11,7,20,11,15,17,16,17,18,18,9,22,13,20,24,13,30,24,23,21,23,19,29,25,18,32,29,28,33,41,49,43,39,31,53,48,49,42,54,55,42,53,61,68,48,54,70,78,75,76,69,82,95,86,91,83,101,106,122,99,121,129,121,124,145,156,129,130,162,203,174,175,178,197,197,199,179,209,221,231,234,244,218,202,245,252,242,216,229,238,249,255,269,270,241,234,250,244,269,271,266,278,294,250,267,253,264,257,274,269,265,247,248,216,202,241,230,228,222,219,213,218,250,234,223,211,238,203,192,177,191,214,206,201,194,167,168,209,192,203,203,174,143,191,179,187,185,190,195,194,186,181,175,178,182,144,174,167,175,142,148,146,137,131,132,138,134,112,121,99,91,83,75,65,53,69,50,54,32,47,36,37,37,29,24,16,14,15,18,11,16,7,10,8,4,3,5,3,3,0,7,3,2,0,0,2,1,0,0,0,0,0,0,0,0,0,0,0,0,0,0,0,0,0,0,0,0,0,0,0,0,0,0
52.05,0,1,0,0,0,0,0,0,1,0,0,0,0,0,0,1,0,0,0,0,0,0,0,1,0,0,0,0,1,0,3,1,1,0,0,3,1,2,0,1,0,2,0,1,2,1,2,4,2,2,3,0,2,4,0,2,2,2,6,1,3,2,3,2,3,2,9,13,17,16,6,15,23,13,17,13,16,24,15,21,17,17,21,26,21,24,36,33,34,27,32,33,28,33,31,36,27,39,33,46,38,36,50,45,56,46,73,58,55,59,65,66,66,77,63,86,81,72,84,77,68,91,96,98,123,115,116,133,137,129,155,149,130,130,138,162,164,183,181,175,168,193,203,209,203,211,213,222,231,230,269,210,232,206,214,251,253,239,257,264,294,265,243,256,256,270,278,249,279,290,280,264,224,290,238,260,274,257,247,242,231,195,222,231,230,234,216,209,201,256,225,212,223,231,199,191,174,189,211,197,208,186,159,178,211,191,196,210,171,143,189,186,180,183,195,191,189,179,182,170,179,182,144,178,167,170,145,144,145,136,131,132,138,126,117,118,101,91,85,71,66,54,68,51,54,32,47,36,37,37,29,24,15,13,17,18,11,16,7,10,8,4,3,5,3,3,0,7,3,2,0,0,2,1,0,0,0,0,0,0,0,0,0,0,0,0,0,0,0,0,0,0,0,0,0,0,0,0,0,0
52.15,0,0,1,0,0,0,1,0,0,0,0,0,0,0,0,0,0,0,1,0,1,1,1,1,0,2,0,1,1,2,0,1,2,1,0,0,2,0,1,1,0,2,0,2,1,1,3,1,1,2,2,2,1,3,2,2,3,3,2,2,2,3,3,2,3,3,3,7,6,20,9,10,11,15,19,14,7,19,14,30,19,16,17,33,32,20,22,23,29,34,18,27,34,43,27,27,28,38,33,42,39,47,41,37,48,47,51,36,44,61,39,58,70,61,70,73,82,67,84,84,94,96,108,102,114,108,128,108,137,112,135,108,163,153,169,161,157,166,176,186,175,200,178,198,173,227,178,229,224,239,225,228,200,225,244,256,269,244,251,248,269,258,271,278,247,261,259,256,258,286,286,270,236,300,244,249,261,257,237,227,235,206,209,231,239,232,216,212,207,229,221,199,222,224,189,186,176,191,208,208,206,176,174,187,199,188,186,195,174,142,187,183,181,192,190,192,192,175,180,168,184,180,145,177,167,166,140,143,147,139,124,134,137,130,116,119,103,92,86,71,66,53,68,51,54,32,47,36,36,36,29,24,15,13,17,17,11,16,7,10,8,4,4,5,3,2,0,7,3,2,0,0,2,1,0,0,0,0,0,0,0,0,0,0,0,0,0,0,0,0,0,0,0,0,0,0,0,0,0,0
52.25,0,0,0,0,0,1,0,0,0,0,1,0,0,1,0,0,0,0,0,2,0,0,0,0,1,0,0,0,0,0,0,0,0,2,1,2,2,0,0,1,1,1,1,1,1,1,1,1,1,3,1,1,2,3,1,0,0,2,2,3,0,2,2,1,2,2,1,5,6,17,13,15,15,9,15,10,15,10,13,18,20,26,12,26,30,23,20,22,27,35,31,31,32,31,40,32,35,44,44,32,45,35,52,41,44,67,45,72,61,52,68,65,59,82,68,62,74,61,99,91,95,99,95,95,111,113,138,113,114,117,115,128,150,138,165,169,153,179,180,145,181,171,186,180,199,197,219,212,227,228,244,247,229,268,264,252,280,279,242,281,253,251,271,288,258,280,257,265,273,264,265,243,261,269,276,239,233,245,249,245,235,214,213,229,222,233,209,196,219,230,206,200,211,223,191,195,184,190,209,203,216,172,185,178,196,193,195,187,170,140,186,186,186,191,189,188,188,178,176,167,184,172,143,178,167,166,136,145,147,137,128,132,137,131,116,118,102,94,82,72,66,50,70,51,53,31,46,36,35,35,30,24,15,13,17,17,11,16,7,10,8,4,4,4,3,2,0,7,3,2,0,0,2,1,0,0,0,0,0,0,0,0,0,0,0,0,0,0,0,0,0,0,0,0,0,0,0,0,0,0
52.35,0,0,0,0,0,0,0,0,0,0,0,0,0,0,1,0,0,0,1,0,0,1,0,1,0,1,0,0,0,0,0,2,0,2,1,0,2,0,1,1,2,2,4,3,0,1,1,2,0,2,4,1,2,3,2,1,2,1,3,1,1,0,0,4,2,1,3,5,9,13,12,17,15,8,16,20,19,17,14,20,21,26,20,21,23,20,22,18,26,34,22,36,30,28,34,28,36,42,46,40,42,47,46,58,49,42,59,65,51,54,56,71,61,69,97,68,79,75,89,69,97,93,73,110,97,130,107,110,110,123,129,142,138,151,154,147,163,162,173,181,185,189,198,186,222,237,203,232,199,237,223,283,234,254,246,250,275,258,285,245,267,276,258,272,267,252,282,272,280,248,272,263,266,244,269,229,234,240,241,224,238,215,212,229,221,239,217,185,228,226,219,200,191,221,208,199,187,190,209,192,213,173,183,176,189,199,187,192,161,138,187,178,187,193,187,184,194,173,177,167,182,169,152,179,169,162,139,144,151,139,130,134,135,129,113,120,103,92,82,71,68,53,68,53,54,31,46,35,35,35,28,23,16,12,19,18,11,16,7,10,8,4,4,4,2,2,0,7,3,2,0,0,2,1,0,0,0,0,0,0,0,0,0,0,0,0,0,0,0,0,0,0,0,0,0,0,0,0,0,0
52.45,0,0,0,0,0,0,0,0,0,0,0,0,0,1,0,0,0,0,1,0,0,0,0,0,0,1,0,0,1,1,0,0,0,1,1,1,0,0,1,1,2,0,1,0,2,0,2,1,3,2,0,1,2,1,0,1,3,2,1,2,1,1,0,3,0,4,3,4,4,13,11,14,16,15,12,23,23,18,15,20,16,19,15,22,33,28,21,28,33,31,29,27,28,30,31,33,31,34,38,34,51,40,45,41,48,53,32,67,63,68,64,63,74,63,84,72,72,78,101,89,95,88,97,111,93,120,116,129,115,136,127,148,152,137,132,155,166,168,194,153,198,182,215,189,210,192,215,246,204,223,235,245,255,242,257,265,257,255,283,267,245,265,284,257,267,266,257,285,280,253,275,234,288,248,275,216,246,262,234,216,217,230,201,224,217,234,222,195,208,233,208,203,202,212,206,180,205,188,197,201,202,180,184,183,188,197,185,194,162,135,179,174,177,192,180,187,185,171,177,170,183,166,159,174,169,160,136,148,150,135,127,132,137,129,110,121,103,92,81,73,65,52,69,53,55,33,43,34,36,35,26,20,19,12,20,17,11,15,6,11,8,4,4,4,1,2,0,7,3,2,0,0,1,1,0,0,0,0,0,0,0,0,0,0,0,0,0,0,0,0,0,0,0,0,0,0,0,0,0,0
52.55,0,0,0,0,0,0,0,0,0,0,0,0,0,0,0,0,0,0,1,0,0,0,0,0,0,0,0,0,0,0,0,1,0,1,2,0,1,1,0,0,0,1,1,3,0,4,0,2,1,1,0,2,0,1,3,1,4,1,3,0,2,3,4,5,3,2,4,12,12,15,11,20,16,19,18,22,13,18,22,14,17,13,19,24,21,20,19,22,23,32,32,28,30,38,30,32,35,35,35,38,42,34,49,38,44,46,45,38,57,66,61,60,67,66,67,87,73,66,68,83,86,106,100,106,95,113,113,99,142,119,126,135,149,152,155,169,159,180,179,187,198,202,193,225,212,208,196,239,219,243,258,237,272,257,266,275,254,267,254,264,243,245,270,261,268,310,264,277,272,257,246,262,278,238,286,215,248,248,228,223,223,224,219,230,209,254,216,203,235,216,213,211,211,212,209,188,203,189,190,201,188,179,185,186,183,194,169,198,151,135,180,168,181,193,189,191,185,167,176,167,180,164,167,178,160,162,136,146,148,133,129,133,137,129,110,121,98,91,81,73,63,52,69,54,55,36,41,34,35,35,28,20,19,12,20,16,11,15,6,11,8,4,4,4,1,2,0,7,2,2,0,0,1,1,0,0,0,0,0,0,0,0,0,0,0,0,0,0,0,0,0,0,0,0,0,0,0,0,0,0
52.65,0,0,0,0,0,0,0,1,0,0,0,0,0,0,1,0,0,0,0,2,0,0,0,0,0,0,0,1,2,0,1,2,1,2,0,1,2,0,1,1,2,0,0,0,2,3,1,0,2,0,0,2,1,3,1,2,1,4,2,5,1,2,0,1,1,0,4,9,9,9,10,8,11,16,10,14,25,19,16,17,26,14,22,19,25,26,29,26,31,26,32,26,37,42,24,28,34,31,44,26,40,45,42,45,48,51,55,50,60,57,56,69,71,83,78,76,82,87,86,73,83,91,126,109,99,95,113,121,131,109,136,136,116,147,153,162,163,200,173,199,175,186,199,222,179,232,208,213,215,239,221,230,207,249,263,289,263,265,285,248,254,250,259,283,281,259,286,264,269,274,231,253,286,226,291,240,246,256,230,219,240,219,234,223,228,242,216,208,246,209,223,207,201,220,214,181,188,183,193,195,194,182,192,189,166,197,169,192,161,137,169,168,184,182,192,190,188,166,174,162,181,159,166,178,158,162,139,143,150,132,125,133,142,125,109,120,99,92,79,72,62,54,69,55,54,34,41,34,34,31,28,20,19,11,20,16,11,15,6,10,8,4,3,4,1,2,0,7,2,2,0,0,1,1,0,0,0,0,0,0,0,0,0,0,0,0,0,0,0,0,0,0,0,0,0,0,0,0,0,0
52.75,0,0,1,0,0,0,0,0,1,0,0,0,0,0,0,1,0,0,0,2,1,0,1,1,0,0,0,0,0,1,0,0,0,1,0,1,0,0,0,2,2,2,0,2,1,1,2,0,1,3,1,2,1,2,1,3,2,1,3,0,4,0,2,3,2,2,5,7,8,10,13,20,14,17,13,10,23,19,19,11,17,12,14,20,26,20,21,27,17,22,22,32,36,33,31,34,37,35,35,43,33,36,41,45,48,50,57,52,42,54,59,52,62,86,77,88,75,77,77,85,88,101,91,101,111,118,115,133,117,108,125,131,145,143,157,171,148,171,195,190,188,192,190,219,221,212,226,231,209,222,250,228,204,212,247,257,291,226,287,245,272,251,237,298,262,288,254,266,262,264,240,289,247,224,270,239,251,238,246,241,229,234,236,215,238,231,204,211,252,197,220,213,194,226,217,172,185,183,197,200,191,186,199,186,166,197,168,196,160,136,169,165,185,188,190,196,191,164,174,162,180,165,161,178,162,158,134,143,151,134,128,133,144,125,109,120,100,91,78,72,62,57,67,54,53,33,39,33,37,30,27,20,20,11,20,17,11,15,6,9,6,5,3,4,1,2,0,7,2,2,0,0,1,1,0,0,0,0,0,0,0,0,0,0,0,0,0,0,0,0,0,0,0,0,0,0,0,0,0,0
52.85,0,0,0,0,0,0,0,0,0,0,0,0,0,0,0,1,0,0,0,0,0,1,0,0,0,0,3,1,0,0,1,1,2,0,1,2,1,0,1,2,2,2,2,3,2,3,1,1,3,1,2,3,1,2,1,3,0,0,2,5,2,2,3,1,1,4,2,9,13,13,14,22,20,18,21,17,23,25,28,26,23,24,21,27,27,25,22,36,41,27,33,34,25,34,41,50,47,49,43,41,46,47,46,49,37,52,59,58,55,57,79,67,81,63,65,91,78,95,83,98,79,92,92,104,113,110,87,112,122,118,167,152,143,165,153,161,148,164,164,147,200,166,222,190,208,224,198,229,247,210,232,229,261,243,246,236,258,255,240,257,275,269,266,257,265,235,259,269,289,264,240,276,243,234,231,241,241,237,238,249,222,222,250,199,245,224,215,208,251,197,210,199,204,214,204,177,190,180,206,200,195,194,193,182,175,194,170,197,154,148,161,160,184,184,187,194,196,165,170,160,178,165,158,179,162,157,136,144,151,131,130,132,143,127,108,118,100,93,80,71,62,59,63,46,52,33,39,33,37,30,27,20,20,11,20,15,10,15,6,8,6,5,3,4,1,3,0,6,2,2,0,0,1,1,0,0,0,0,0,0,0,0,0,0,0,0,0,0,0,0,0,0,0,0,0,0,0,0,0,0
52.95,0,0,0,0,1,0,0,0,0,0,0,0,0,0,0,0,0,0,0,1,1,0,0,0,0,0,0,0,1,0,1,1,0,0,1,1,1,2,3,1,0,0,1,1,1,1,2,2,2,2,1,1,4,3,1,2,2,1,2,3,2,1,1,2,4,5,6,13,11,5,13,6,9,10,23,13,14,17,21,21,20,16,13,15,21,18,17,24,13,38,25,27,25,30,23,36,34,30,30,40,44,44,42,43,50,47,52,47,58,67,54,60,54,66,72,85,67,78,66,74,83,90,94,100,121,98,111,127,135,122,120,130,134,148,163,158,178,167,152,172,192,196,192,223,219,217,235,210,229,245,247,214,245,242,228,242,239,260,225,272,286,284,283,280,243,233,294,254,266,276,235,268,238,243,220,266,244,226,239,242,259,225,239,206,243,220,228,214,262,196,205,187,208,211,205,187,177,184,200,194,192,184,192,174,180,188,164,202,155,151,158,165,183,181,192,194,186,166,168,163,173,163,158,174,158,155,142,142,147,131,126,131,145,128,108,114,98,93,78,71,63,58,62,46,52,33,39,31,34,29,28,20,19,11,20,15,10,13,6,8,6,5,3,4,1,3,0,6,2,2,0,0,1,1,0,0,0,0,0,0,0,0,0,0,0,0,0,0,0,0,0,0,0,0,0,0,0,0,0,0
53.05,0,0,0,0,1,0,0,0,0,1,0,0,0,0,0,0,1,1,0,1,0,0,0,1,1,0,0,1,0,1,1,0,1,1,0,0,1,0,0,1,1,1,4,1,1,1,4,1,1,2,5,2,0,2,0,4,1,3,2,2,2,2,3,2,3,2,7,8,11,14,10,12,20,15,18,13,17,21,17,13,18,21,15,13,28,20,26,16,30,27,26,28,25,29,30,31,36,34,43,38,36,41,38,54,42,46,50,50,46,60,59,63,56,61,67,78,63,88,81,71,83,101,82,110,128,106,129,108,113,117,150,140,123,161,146,168,172,149,184,206,184,198,204,205,211,205,197,245,234,237,232,228,218,242,252,232,254,275,248,250,260,281,283,255,249,246,276,254,265,256,267,257,237,247,223,270,244,227,218,240,253,228,239,206,244,214,226,201,256,212,191,205,204,217,188,188,177,190,192,199,201,182,188,173,182,198,155,210,153,156,167,162,191,175,193,197,188,162,170,162,173,163,150,171,158,160,142,147,143,136,126,131,145,130,110,118,101,91,80,66,64,58,61,46,50,33,40,30,34,29,27,20,18,10,21,17,9,13,6,8,6,5,3,4,1,3,0,6,2,2,0,0,1,1,0,0,0,0,0,0,0,0,0,0,0,0,0,0,0,0,0,0,0,0,0,0,0,0,0,0
53.15,1,0,0,0,0,0,0,0,1,0,0,0,0,0,0,0,0,0,0,0,1,0,0,2,0,1,0,0,0,0,0,1,0,1,1,0,1,1,0,0,0,1,1,1,1,1,2,3,1,4,2,3,2,3,3,1,0,2,3,1,3,1,1,3,3,0,6,5,15,10,14,15,16,8,17,9,12,22,21,14,13,18,23,32,20,24,27,20,20,26,27,27,30,39,33,36,37,36,32,26,34,37,45,42,44,62,43,64,49,53,71,49,66,63,64,79,74,72,70,97,103,98,104,115,94,112,101,94,127,131,139,139,146,171,191,169,159,155,155,183,192,204,210,197,220,239,239,222,241,238,245,226,238,271,222,284,254,237,275,283,257,287,294,237,260,255,283,257,247,268,263,229,261,245,223,253,261,218,228,222,244,229,240,205,231,219,221,198,227,213,196,210,208,210,178,191,176,192,202,196,204,173,201,183,187,190,157,204,157,158,177,163,193,176,194,197,196,167,169,160,176,162,148,172,160,161,136,150,143,133,126,132,143,129,109,115,99,92,81,66,65,57,61,46,50,33,40,28,33,30,25,19,17,10,20,14,9,13,6,8,6,5,3,4,1,3,0,6,2,2,0,0,1,1,0,0,0,0,0,0,0,0,0,0,0,0,0,0,0,0,0,0,0,0,0,0,0,0,0,0
53.25,0,0,0,0,0,0,0,0,0,0,0,0,0,0,0,0,0,0,0,0,1,0,1,1,0,0,1,2,0,0,0,1,2,0,0,1,0,1,0,1,1,1,1,1,1,1,2,1,2,2,1,3,0,2,2,5,4,2,1,2,0,1,2,1,2,5,1,10,13,16,8,18,9,16,14,16,25,12,13,19,13,28,17,9,21,22,24,26,24,21,31,21,23,30,31,35,33,45,38,43,40,32,43,47,40,43,44,57,44,63,68,50,54,67,65,68,67,83,74,91,92,86,95,95,97,105,105,150,121,104,116,135,142,156,140,171,181,218,178,194,194,203,177,202,205,210,215,220,221,251,240,260,246,236,248,292,230,263,275,261,318,272,244,256,248,247,253,235,240,257,279,215,256,254,221,256,234,235,232,225,224,237,242,202,231,240,237,199,221,209,206,214,204,209,192,175,184,176,208,192,204,169,192,198,186,191,160,200,150,158,170,164,193,172,189,202,189,173,161,165,178,158,146,171,164,163,133,152,141,136,129,133,142,128,110,110,100,93,82,66,65,55,62,46,49,32,39,27,34,29,25,19,17,10,18,14,9,13,6,8,6,5,3,4,1,3,0,6,2,1,0,0,1,1,0,0,0,0,0,0,0,0,0,0,0,0,0,0,0,0,0,0,0,0,0,0,0,0,0,0
53.35,0,0,0,0,0,0,0,0,1,1,0,0,0,0,0,1,0,0,0,0,0,0,1,0,0,1,0,2,0,0,1,1,1,1,1,2,2,1,0,2,1,2,2,1,2,1,3,3,2,5,1,1,1,2,4,2,0,2,5,2,4,3,3,2,3,0,4,11,19,13,14,13,12,23,27,16,17,17,16,9,19,18,23,21,23,17,25,20,31,19,28,31,43,32,30,34,44,42,30,40,38,54,31,54,50,53,63,55,53,43,70,55,55,68,77,84,79,89,88,89,90,88,117,94,119,96,99,118,128,133,130,131,123,141,131,154,149,168,160,196,186,221,213,213,226,205,237,233,216,243,251,231,222,226,256,230,257,297,272,289,297,268,259,236,246,259,244,223,257,269,256,218,270,281,233,238,231,204,237,216,205,231,223,211,217,249,223,203,202,208,202,200,206,215,192,181,184,193,203,186,207,174,186,187,188,195,158,202,150,158,170,158,192,172,187,211,183,168,160,168,172,163,145,171,162,161,135,147,142,138,131,133,143,127,111,110,100,91,83,67,63,55,63,46,50,32,39,27,33,29,26,18,16,10,17,15,9,13,6,8,6,5,3,4,1,3,0,5,2,1,0,0,1,1,0,0,0,0,0,0,0,0,0,0,0,0,0,0,0,0,0,0,0,0,0,0,0,0,0,0
53.45,0,0,0,0,1,0,0,0,0,0,0,0,0,0,1,0,0,1,1,0,0,0,0,0,1,0,0,1,1,0,1,0,1,1,0,1,2,2,3,0,1,2,1,0,1,1,1,2,1,5,1,3,1,2,4,2,3,3,3,1,0,0,0,1,2,1,3,7,9,11,13,18,17,23,22,19,13,19,14,21,16,15,26,20,22,16,24,27,30,31,25,27,33,28,28,38,27,39,30,44,49,42,48,45,47,46,64,61,47,67,57,60,63,76,69,86,82,87,71,88,79,88,98,101,98,114,117,134,118,124,142,137,145,163,143,151,159,166,157,180,189,186,212,186,197,244,217,212,237,237,233,224,243,236,231,236,242,276,276,281,286,262,285,225,267,261,230,237,266,255,253,222,255,265,234,220,232,215,225,223,221,224,206,199,225,258,218,216,188,198,205,197,223,211,184,183,178,191,221,178,204,178,176,184,183,192,160,195,151,160,169,162,190,172,184,207,184,169,164,170,165,159,141,173,157,159,135,150,141,135,133,131,141,122,109,112,100,91,81,67,63,56,64,46,50,34,38,27,32,29,26,18,16,10,17,14,8,13,6,8,6,5,3,4,1,3,0,5,2,1,0,0,1,1,0,0,0,0,0,0,0,0,0,0,0,0,0,0,0,0,0,0,0,0,0,0,0,0,0,0
53.55,0,0,0,0,0,1,0,0,0,0,0,0,1,0,0,0,0,1,1,0,0,0,0,2,0,0,1,0,2,0,1,0,1,0,1,1,0,0,1,1,2,1,1,2,1,7,2,2,3,1,1,1,3,1,2,0,3,3,4,2,5,4,4,2,2,0,1,6,8,15,14,16,14,11,15,21,21,21,13,18,22,20,25,23,21,21,29,27,28,31,27,35,24,33,32,43,26,35,31,37,42,42,34,49,46,39,44,40,53,47,60,75,66,68,62,92,84,76,79,88,97,99,107,113,108,106,101,117,121,151,155,137,135,126,134,151,164,151,186,166,187,194,165,213,203,216,233,255,239,214,247,249,203,255,237,251,256,255,297,268,266,253,225,278,277,274,232,225,234,250,261,264,249,255,238,222,240,213,225,228,213,220,196,193,207,236,236,212,183,212,191,208,210,212,185,185,176,179,223,188,202,183,190,184,193,186,173,192,158,141,170,157,195,159,188,208,184,165,167,175,164,159,136,166,159,163,132,151,141,133,134,131,138,125,110,107,102,89,80,67,62,57,64,46,50,33,38,27,32,28,26,17,16,10,17,14,8,13,6,8,6,5,3,4,1,3,0,4,2,1,0,0,1,1,0,0,0,0,0,0,0,0,0,0,0,0,0,0,0,0,0,0,0,0,0,0,0,0,0,0
53.65,0,0,0,1,0,0,0,0,0,0,1,0,1,0,0,0,0,1,0,0,1,0,1,0,0,2,0,2,2,0,1,0,0,0,2,0,0,1,1,1,1,1,0,2,2,2,3,2,3,4,1,1,1,2,0,4,3,3,0,0,2,1,1,1,1,3,3,10,7,13,10,4,14,14,19,16,17,14,23,12,16,21,15,21,22,17,14,18,21,20,24,20,25,40,26,26,41,36,45,35,42,38,55,54,45,53,52,64,50,50,58,59,55,71,70,59,77,73,83,74,91,83,92,80,85,102,107,110,134,127,122,121,144,133,151,141,154,173,189,163,174,189,215,211,199,201,220,218,238,230,249,248,225,245,241,272,271,241,253,266,276,229,247,274,262,244,245,247,240,254,239,254,269,244,249,229,227,217,197,229,223,222,204,196,193,224,217,206,175,219,188,230,211,203,194,181,183,179,228,190,201,172,186,179,197,192,181,186,161,139,171,159,193,160,186,210,181,169,166,182,163,160,133,163,163,156,131,151,143,134,134,132,139,126,110,105,100,91,80,66,62,57,65,46,48,33,37,27,32,28,26,17,16,10,17,13,8,13,6,8,6,5,3,4,1,3,0,4,2,1,0,0,1,1,0,0,0,0,0,0,0,0,0,0,0,0,0,0,0,0,0,0,0,0,0,0,0,0,0,0
53.75,0,1,0,0,0,0,0,0,0,0,0,0,0,0,0,0,0,0,0,0,0,0,0,0,0,0,0,0,0,1,0,0,0,0,1,0,3,0,1,0,1,1,0,2,2,0,1,1,3,2,2,1,2,0,0,1,2,1,2,1,1,1,3,3,1,4,0,7,14,9,12,10,16,14,19,17,12,14,17,19,29,28,20,21,26,20,27,25,33,24,25,36,29,30,39,39,31,45,24,42,38,37,48,53,48,41,51,55,50,55,52,62,67,61,70,59,82,76,79,81,91,78,94,111,91,123,111,117,122,139,136,129,130,152,152,158,142,168,166,206,191,182,209,217,211,210,190,235,227,224,231,225,257,226,271,268,275,252,266,269,232,245,257,244,246,250,243,250,253,234,247,258,236,227,254,236,236,227,184,216,214,227,203,200,202,233,208,199,166,212,187,229,211,205,199,177,180,182,224,191,193,172,191,176,195,188,191,182,161,148,168,165,189,162,180,213,190,170,169,178,165,158,132,160,169,152,133,146,142,140,130,132,137,124,108,106,102,90,78,66,60,58,65,46,48,32,37,27,32,28,26,16,15,10,17,13,8,15,6,8,5,5,3,4,1,3,0,4,2,1,0,0,1,1,0,0,0,0,0,0,0,0,0,0,0,0,0,0,0,0,0,0,0,0,0,0,0,0,0,0
53.85,0,1,0,0,0,0,1,0,0,0,1,0,0,0,0,1,0,0,0,0,0,2,0,0,0,0,0,0,0,0,2,1,1,1,1,0,0,1,4,2,1,1,1,5,1,1,1,3,1,5,4,0,4,4,0,2,2,1,0,3,1,2,0,5,4,0,3,7,12,11,12,15,13,14,9,20,19,15,27,19,20,16,14,16,20,24,21,12,21,18,30,16,37,42,43,35,32,37,47,40,41,31,47,45,42,40,50,47,56,54,60,62,69,84,79,52,72,83,100,103,76,90,97,92,112,95,104,106,122,99,139,144,166,133,143,149,171,166,172,182,183,167,191,194,198,197,209,212,195,227,263,211,232,231,250,263,253,252,249,216,243,273,268,249,242,266,265,241,236,254,231,254,239,257,246,261,227,230,207,212,226,240,211,203,209,230,222,187,167,204,182,213,227,215,187,175,186,178,226,183,202,173,189,179,182,189,189,185,162,155,167,165,188,162,187,208,191,169,172,175,164,151,131,160,166,159,132,143,144,137,133,133,139,121,108,106,105,90,77,67,62,58,65,46,47,32,37,27,32,29,26,16,15,10,16,14,9,13,5,7,5,5,3,4,1,3,0,3,2,1,0,0,1,1,0,0,0,0,0,0,0,0,0,0,0,0,0,0,0,0,0,0,0,0,0,0,0,0,0,0
53.95,0,0,0,0,0,0,0,0,0,0,0,0,0,0,0,0,0,1,0,0,0,0,0,0,1,1,1,0,0,1,0,1,0,2,3,1,2,0,1,1,0,2,5,1,2,0,1,2,2,4,3,3,2,2,1,4,1,3,2,4,2,3,2,2,3,1,2,6,14,13,13,16,18,19,10,18,18,23,10,11,21,22,19,24,17,18,20,25,25,29,35,28,20,24,32,28,32,47,51,41,38,53,47,36,47,46,58,60,48,76,73,65,61,72,62,77,81,87,85,73,86,100,79,108,118,106,125,113,109,120,127,132,153,181,135,165,160,176,177,178,184,194,201,188,205,234,197,195,219,227,245,249,210,233,247,235,275,256,217,215,240,251,279,250,247,272,255,249,213,257,243,257,268,241,267,242,224,248,197,225,229,243,208,220,214,215,207,191,184,210,189,211,221,223,186,177,186,188,223,192,196,182,182,185,172,188,197,179,163,162,166,173,181,174,188,203,191,172,167,175,167,153,128,161,165,160,133,140,144,133,137,134,138,121,109,106,104,91,77,68,63,58,62,47,48,32,37,27,32,29,24,16,15,10,15,14,9,13,5,7,5,5,3,4,1,3,0,3,2,1,0,0,1,1,0,0,0,0,0,0,0,0,0,0,0,0,0,0,0,0,0,0,0,0,0,0,0,0,0,0
54.05,0,0,0,0,0,2,0,0,1,0,0,0,0,1,0,0,0,1,1,0,0,0,0,0,1,0,1,0,0,1,2,1,0,0,1,1,0,2,1,2,2,0,2,0,1,1,1,2,2,2,0,1,3,0,3,2,4,2,0,1,2,3,2,4,0,3,0,10,11,10,16,11,10,17,14,14,15,13,14,15,14,14,22,27,21,22,21,28,13,34,25,37,35,40,21,35,27,37,41,40,42,38,39,47,54,42,45,61,42,65,58,65,64,59,65,58,63,78,87,88,80,93,83,89,90,97,125,120,132,131,137,126,140,150,144,172,178,141,191,206,190,168,186,199,216,205,226,230,226,225,225,248,238,221,237,260,243,244,230,257,250,257,271,260,269,265,259,235,265,252,228,250,267,245,237,228,215,259,217,221,224,239,191,220,226,219,203,189,204,202,199,199,222,211,185,178,179,185,214,195,190,184,180,181,176,190,195,187,165,161,161,174,175,174,183,202,184,172,162,179,168,152,130,160,165,160,139,138,143,134,137,136,139,120,109,106,103,88,76,70,63,58,62,47,45,32,36,28,32,29,22,16,15,10,15,14,9,13,5,7,5,5,3,4,1,3,0,3,2,1,0,0,1,1,0,0,0,0,0,0,0,0,0,0,0,0,0,0,0,0,0,0,0,0,0,0,0,0,0,0
54.15,0,0,0,0,0,0,0,1,0,0,0,1,1,0,0,0,0,0,0,0,0,1,0,0,0,0,0,0,0,0,2,1,1,0,0,0,1,1,0,2,0,1,2,0,1,5,2,2,1,1,4,1,2,1,1,0,1,0,2,1,2,2,1,1,3,2,2,10,11,17,12,18,13,22,14,18,14,16,19,21,18,18,26,29,29,23,31,27,24,24,32,31,21,23,37,30,28,40,40,34,44,37,39,45,51,40,52,55,54,41,83,74,65,64,72,69,74,55,81,82,92,83,84,105,123,120,120,118,123,131,139,145,146,138,138,143,168,173,152,182,180,204,211,205,220,177,206,217,205,216,216,219,237,244,231,246,254,253,256,268,253,232,264,288,245,247,268,238,244,222,245,257,249,243,241,215,216,253,221,239,236,233,190,223,230,213,206,194,218,211,180,197,208,228,180,184,188,184,208,181,192,184,188,174,189,179,197,200,159,156,161,178,172,169,184,205,188,167,155,176,165,150,127,157,163,157,141,140,144,134,133,136,140,119,111,106,103,87,76,71,61,58,62,47,45,32,36,28,32,29,21,16,15,10,15,14,8,13,5,7,5,5,3,4,1,3,0,3,2,1,0,0,1,1,0,0,0,0,0,0,0,0,0,0,0,0,0,0,0,0,0,0,0,0,0,0,0,0,0,0
54.25,0,0,0,0,0,0,0,1,0,0,0,1,0,1,0,0,1,0,0,0,0,0,0,1,1,2,0,0,0,0,1,0,1,0,0,1,1,3,2,1,0,0,1,1,1,0,2,1,1,1,0,6,1,4,2,1,3,3,2,3,4,1,1,1,2,2,2,9,8,13,19,5,14,10,11,12,15,19,17,16,17,20,22,11,13,27,32,32,27,30,35,17,23,26,31,30,33,41,33,37,30,38,56,53,51,54,48,55,46,56,58,51,72,66,65,77,93,86,70,90,98,93,99,88,112,91,94,115,126,122,127,131,140,150,135,149,186,144,173,177,190,177,237,197,198,242,203,221,233,212,216,227,223,235,227,277,249,218,294,253,266,251,228,260,238,272,264,235,230,235,236,251,266,256,229,220,232,251,214,238,242,235,214,213,210,201,206,201,206,217,198,195,201,206,177,174,188,181,191,175,189,171,189,176,192,173,188,205,156,152,152,186,174,171,189,202,183,162,156,177,166,143,131,159,157,163,138,140,142,138,133,136,144,122,111,105,105,87,73,71,61,58,58,47,46,32,36,28,31,28,21,16,15,10,15,14,8,12,6,6,5,5,3,4,1,3,0,3,2,1,0,0,1,1,0,0,0,0,0,0,0,0,0,0,0,0,0,0,0,0,0,0,0,0,0,0,0,0,0,0
54.35,0,0,0,0,1,0,0,0,1,0,0,0,0,0,0,0,0,0,0,0,0,1,0,0,0,1,0,0,1,0,1,0,1,0,1,0,0,0,1,2,2,3,1,4,1,1,2,1,4,2,3,2,2,0,0,2,1,2,1,1,1,1,1,1,2,3,4,9,11,14,11,15,10,13,13,14,21,13,15,15,18,21,20,21,20,27,25,28,25,28,20,27,34,19,23,28,20,35,38,41,31,41,43,38,46,48,40,54,47,53,60,62,62,58,80,71,90,73,70,92,87,96,108,113,120,94,106,126,124,117,152,140,158,124,157,156,152,166,159,190,179,188,189,202,203,224,198,210,205,236,219,214,248,232,253,231,263,273,242,260,240,275,231,268,242,277,253,235,265,246,221,247,265,248,239,207,239,234,223,227,227,231,206,210,215,201,179,206,202,200,206,202,209,188,181,168,189,176,187,173,186,169,199,180,215,182,175,203,155,145,150,180,181,163,188,204,180,160,160,182,165,144,130,158,153,166,137,142,139,139,134,139,143,124,111,102,101,85,73,72,61,58,56,47,47,32,36,28,31,28,21,16,15,10,15,13,8,12,6,6,5,5,3,3,1,3,0,3,2,1,0,0,1,1,0,0,0,0,0,0,0,0,0,0,0,0,0,0,0,0,0,0,0,0,0,0,0,0,0,0
54.45,0,0,0,0,0,0,0,0,0,0,0,0,1,0,0,0,1,0,1,0,0,0,0,0,0,2,0,0,2,2,0,1,1,1,0,2,2,2,1,1,2,1,2,3,0,1,2,1,3,3,2,2,1,1,2,0,3,0,1,0,1,1,1,3,1,2,4,4,7,16,24,12,10,13,13,13,14,14,11,18,16,23,25,28,23,25,22,15,29,23,25,18,31,16,22,55,26,29,42,44,33,49,46,47,58,54,46,60,60,63,46,54,55,72,72,57,76,63,72,104,76,85,100,83,92,94,95,141,133,112,136,120,161,136,153,165,153,173,144,210,175,201,197,176,192,204,187,201,233,225,223,244,249,257,238,245,231,234,251,246,244,259,243,246,261,274,274,240,268,245,226,236,263,242,225,241,226,251,232,205,223,222,219,219,211,208,178,204,205,202,206,212,208,190,182,168,196,182,183,178,183,167,189,186,210,182,178,202,156,147,149,179,179,161,191,200,182,155,165,179,161,146,128,153,152,163,138,142,139,136,133,138,145,121,111,101,101,85,72,69,61,57,56,47,47,30,35,28,31,28,19,16,15,9,15,12,8,11,6,6,5,4,3,2,1,3,0,3,2,1,0,0,1,1,0,0,0,0,0,0,0,0,0,0,0,0,0,0,0,0,0,0,0,0,0,0,0,0,0,0
54.55,0,0,0,0,1,0,0,0,0,0,0,0,0,0,0,0,0,0,1,0,0,0,1,0,0,0,0,1,0,0,0,0,1,0,0,0,1,0,0,1,3,2,0,3,1,2,0,3,0,1,1,1,1,1,1,0,3,3,2,2,2,0,3,1,0,0,5,4,15,6,16,15,16,13,18,15,20,13,18,16,21,19,20,16,13,20,33,25,14,24,26,23,29,24,36,39,31,41,37,54,31,41,34,31,57,41,50,43,67,51,62,49,63,65,74,77,73,67,67,88,84,96,104,119,114,101,113,118,108,123,135,130,130,142,131,176,144,164,170,168,188,203,177,219,207,191,193,204,208,217,228,238,236,244,217,245,246,257,254,239,282,248,275,227,262,269,256,257,251,233,233,239,254,237,219,233,217,257,236,210,230,234,223,208,211,207,182,207,204,196,209,216,203,182,176,175,195,179,189,176,182,167,188,192,204,180,175,197,154,150,153,180,181,161,187,201,182,156,165,175,160,148,129,156,145,160,143,136,136,135,130,134,145,124,110,98,101,85,72,71,62,57,56,47,45,30,32,28,28,28,19,16,15,9,15,12,8,11,6,7,5,4,3,2,1,3,0,3,2,1,0,0,1,1,0,0,0,0,0,0,0,0,0,0,0,0,0,0,0,0,0,0,0,0,0,0,0,0,0,0
54.65,0,0,0,0,0,0,0,0,1,0,0,0,0,0,0,0,1,0,2,0,0,1,1,0,0,0,0,2,0,0,0,1,0,0,1,1,0,1,1,0,2,4,2,0,1,1,0,1,1,1,0,2,3,1,1,1,0,2,4,1,1,2,1,2,1,2,1,8,3,13,11,9,14,12,15,17,14,17,17,24,17,25,22,27,20,18,22,27,22,20,24,17,27,23,23,36,35,29,31,39,35,40,39,50,47,45,36,55,57,50,44,49,70,89,81,68,79,89,81,77,89,81,85,90,97,109,119,131,123,108,120,121,146,141,130,152,162,169,162,196,179,191,206,196,227,209,203,222,210,206,246,216,244,250,212,247,238,241,240,262,256,273,244,224,268,252,255,262,270,250,229,248,249,219,216,223,211,249,221,213,227,212,255,200,192,210,185,209,197,179,224,207,200,191,173,191,195,176,188,159,177,165,198,194,205,180,168,199,157,154,153,184,179,163,187,193,177,158,164,175,155,147,134,151,141,162,143,134,138,133,133,135,143,124,110,96,103,84,71,71,61,59,55,46,43,29,33,28,28,28,19,16,15,9,15,12,8,11,6,7,5,4,3,2,1,3,0,3,2,1,0,0,1,0,0,0,0,0,0,0,0,0,0,0,0,0,0,0,0,0,0,0,0,0,0,0,0,0,0,0
54.75,0,0,0,0,0,0,1,0,1,0,1,0,0,0,1,0,0,1,0,0,0,0,0,0,0,0,1,1,1,1,1,0,2,2,0,0,1,0,0,2,0,2,1,0,2,1,0,1,2,2,1,2,1,1,3,1,2,0,2,2,2,1,2,2,2,2,1,9,10,8,16,15,13,17,18,12,17,21,14,33,18,26,24,25,19,26,23,15,30,23,30,30,27,38,27,26,40,44,42,40,40,33,43,46,44,48,57,45,49,63,59,56,58,74,72,74,74,80,72,78,94,77,110,88,99,93,105,122,132,137,130,155,143,131,161,159,146,160,163,184,196,190,212,215,191,210,201,230,236,230,238,247,241,236,225,231,252,263,250,246,255,271,238,240,259,243,280,261,269,252,214,269,238,235,198,212,242,242,222,213,221,210,246,199,193,205,199,220,199,191,229,195,201,190,166,196,180,182,187,154,171,175,191,196,217,174,166,198,165,154,145,186,188,165,181,192,187,163,161,173,159,145,136,146,141,161,143,136,140,130,135,136,138,125,108,95,105,84,72,68,61,60,55,46,43,29,32,28,27,28,18,16,15,9,15,12,8,11,6,7,5,4,4,2,1,3,0,3,1,1,0,0,1,0,0,0,0,0,0,0,0,0,0,0,0,0,0,0,0,0,0,0,0,0,0,0,0,0,0,0
54.85,0,0,0,0,0,0,0,0,0,0,0,1,0,0,0,0,0,0,0,0,0,0,0,0,1,0,1,0,2,1,2,1,1,0,0,1,0,1,2,0,0,3,1,4,3,0,3,3,2,0,2,3,2,0,2,0,3,1,3,1,3,0,3,2,1,3,1,3,10,13,14,13,17,17,10,10,23,12,25,18,16,25,20,17,29,28,19,16,16,28,38,31,40,24,31,41,34,47,40,39,40,39,24,41,44,55,49,46,54,53,54,56,74,73,67,79,89,79,84,74,93,97,99,93,96,97,122,109,115,120,136,132,134,143,164,165,163,171,172,175,165,197,182,204,220,224,211,225,222,248,246,213,220,228,263,230,232,262,264,269,266,263,241,270,254,234,256,283,263,230,213,265,234,231,210,214,245,254,227,205,233,199,235,216,185,209,191,217,211,180,215,204,200,189,167,200,185,181,181,142,169,187,188,190,212,166,169,200,167,153,143,184,183,160,179,199,182,162,157,179,159,143,137,141,139,158,141,132,141,133,133,134,140,122,107,95,107,83,73,68,58,61,55,46,43,30,32,28,27,28,18,17,14,8,16,12,8,10,6,7,5,4,4,2,1,3,0,3,1,1,0,0,1,0,0,0,0,0,0,0,0,0,0,0,0,0,0,0,0,0,0,0,0,0,0,0,0,0,0,0
54.95,0,0,1,0,0,0,0,0,0,0,0,0,1,0,0,0,0,0,1,1,0,1,0,1,0,0,1,0,2,0,0,1,3,1,3,0,1,1,0,0,0,3,2,1,2,0,3,1,0,0,0,0,2,1,2,2,3,1,1,1,2,1,3,0,1,1,5,9,9,7,18,10,12,18,23,12,14,21,15,11,19,11,12,20,28,25,28,22,23,33,32,32,18,19,38,25,35,41,48,48,43,45,39,47,36,52,52,55,53,64,54,65,58,73,69,67,63,87,74,80,75,108,93,108,109,109,115,114,104,126,132,145,131,151,148,173,160,180,162,150,171,177,165,179,216,196,216,221,214,204,222,242,221,223,257,259,223,239,218,271,259,241,248,243,263,247,252,262,240,252,225,256,230,254,202,212,236,270,224,210,236,208,238,218,193,198,191,233,207,179,226,203,199,202,155,185,181,189,162,148,172,190,177,185,200,163,173,190,171,152,153,182,187,161,177,197,177,162,164,176,159,144,141,143,142,157,140,130,144,134,133,137,137,119,108,96,100,80,73,68,60,61,54,45,42,31,31,29,26,28,18,16,15,9,15,11,8,10,5,7,5,4,4,2,1,3,0,3,1,1,0,0,1,0,0,0,0,0,0,0,0,0,0,0,0,0,0,0,0,0,0,0,0,0,0,0,0,0,0,0
55.05,0,0,0,0,0,0,0,0,0,0,1,0,0,0,0,0,0,0,0,0,0,0,1,0,0,1,0,0,0,0,0,1,1,1,1,2,0,0,2,0,0,1,2,1,0,1,2,1,3,1,0,1,2,4,3,0,3,1,0,2,0,1,1,2,0,1,2,6,15,16,19,11,11,8,17,15,16,13,18,18,26,15,12,30,19,25,24,13,29,24,31,27,32,33,31,35,29,34,42,39,38,37,49,47,47,38,52,57,46,42,42,62,73,62,61,68,76,78,80,88,76,93,97,88,106,128,97,113,141,141,131,120,124,144,125,160,149,179,173,174,187,185,184,209,195,196,211,224,216,225,223,231,225,242,246,254,237,231,272,269,252,225,251,242,250,263,252,257,225,261,244,222,248,219,213,221,235,236,241,203,228,199,224,242,189,192,197,227,221,192,225,211,177,198,159,187,176,192,161,163,176,199,183,187,194,163,172,193,157,156,163,178,181,164,173,200,176,163,166,178,153,141,142,143,144,160,141,135,145,134,133,138,137,120,105,97,98,79,73,68,62,61,54,45,42,31,31,29,26,28,18,16,15,9,15,11,8,10,5,6,5,4,4,2,1,3,0,3,1,1,0,0,1,0,0,0,0,0,0,0,0,0,0,0,0,0,0,0,0,0,0,0,0,0,0,0,0,0,0,0
55.15,0,0,0,0,0,0,0,1,0,0,0,1,0,0,0,0,1,0,0,0,0,0,1,0,1,0,0,1,0,0,1,0,1,2,0,0,1,0,1,1,2,0,1,2,1,0,0,0,0,4,2,1,0,2,3,0,1,1,6,1,3,1,1,2,1,0,1,7,7,15,14,10,12,18,21,17,13,15,16,19,25,19,13,26,20,25,19,11,27,35,22,38,28,31,29,31,39,28,39,39,30,42,56,45,55,63,37,64,57,71,53,65,71,66,60,64,70,72,86,86,87,100,85,97,88,106,103,120,119,115,135,140,116,164,143,155,171,161,154,175,167,195,188,207,194,225,214,223,222,250,209,232,244,248,230,249,224,249,254,245,242,245,246,253,245,264,249,255,239,257,253,215,235,224,220,205,233,219,222,216,225,193,223,216,190,199,190,220,220,194,226,202,200,190,171,202,174,185,159,165,179,196,191,189,193,163,168,202,162,158,161,179,183,169,172,196,178,157,169,175,149,139,142,153,146,158,141,137,151,136,131,138,136,121,103,95,96,79,73,68,62,59,53,46,42,31,31,29,26,26,19,16,14,9,14,11,8,10,5,6,4,4,4,2,1,3,0,3,1,1,0,0,1,0,0,0,0,0,0,0,0,0,0,0,0,0,0,0,0,0,0,0,0,0,0,0,0,0,0,0
55.25,0,0,1,0,0,0,0,0,0,0,0,0,0,0,0,1,0,0,0,0,0,0,0,0,0,0,0,0,0,1,1,0,1,0,0,0,1,1,1,1,1,0,1,0,2,1,10,2,1,0,4,3,1,1,2,0,1,4,4,1,3,3,1,3,2,3,1,3,10,17,10,11,12,14,11,17,12,9,25,13,15,15,17,22,22,19,18,12,20,21,26,29,29,30,41,27,40,28,41,37,40,37,40,43,42,33,51,62,56,65,47,54,50,69,51,68,61,80,78,91,78,92,93,117,112,99,102,80,120,117,121,107,149,158,144,125,172,164,148,179,206,172,188,191,205,189,221,217,213,221,250,226,258,226,233,220,248,247,266,255,229,247,222,250,230,281,244,273,226,263,251,220,229,200,224,209,217,234,235,209,225,217,209,206,195,199,189,233,212,204,202,204,196,186,176,198,174,188,160,166,170,193,192,177,187,164,175,197,162,161,161,183,185,168,173,194,179,157,171,170,150,142,145,148,145,158,141,133,151,137,129,140,137,119,102,97,94,79,71,70,62,60,53,46,43,30,31,29,26,29,19,16,14,9,14,11,7,11,5,6,4,4,4,2,1,3,0,3,1,1,0,0,1,0,0,0,0,0,0,0,0,0,0,0,0,0,0,0,0,0,0,0,0,0,0,0,0,0,0,0
55.35,0,0,0,0,0,0,0,0,1,0,0,0,0,0,0,0,0,0,2,0,0,0,1,1,1,0,1,1,1,0,0,0,1,2,1,2,0,1,1,1,0,3,3,2,2,1,1,2,3,1,2,4,1,0,3,0,1,2,0,1,3,0,1,2,2,4,3,7,12,17,18,11,15,15,8,13,16,25,11,18,26,21,14,18,19,19,23,34,20,20,27,23,29,35,40,42,29,24,48,41,33,38,35,40,55,49,49,46,42,48,65,69,58,75,74,82,81,78,78,85,97,90,87,109,98,126,108,117,95,127,131,141,146,150,134,129,148,159,147,159,183,172,191,203,227,213,205,188,213,233,241,232,201,236,234,219,238,223,246,254,235,255,255,223,259,275,264,253,240,233,255,221,244,196,233,232,213,218,226,215,237,229,191,212,200,196,189,231,212,198,199,211,196,190,169,201,174,176,168,160,169,189,187,181,179,156,175,195,163,157,157,194,181,167,177,189,176,158,172,159,145,142,140,149,146,159,139,131,151,137,131,140,134,117,104,96,93,79,72,68,62,60,51,46,43,29,30,28,26,29,19,16,14,8,14,11,7,11,5,6,4,4,4,2,1,3,0,3,1,1,0,0,1,0,0,0,0,0,0,0,0,0,0,0,0,0,0,0,0,0,0,0,0,0,0,0,0,0,0,0
55.45,0,0,0,0,1,0,0,0,0,0,1,0,1,0,0,0,0,0,0,0,0,0,0,0,0,0,0,0,0,1,0,0,0,2,1,0,0,2,1,0,1,2,2,0,4,2,0,1,2,3,4,1,1,2,3,2,1,1,3,0,3,0,2,1,0,1,1,13,8,12,9,14,13,8,17,13,14,17,12,19,15,14,10,20,19,17,20,24,17,20,31,29,35,18,24,28,33,31,37,48,48,38,36,54,50,55,46,51,59,44,50,61,80,57,84,81,63,73,93,82,78,83,102,79,88,103,112,108,100,122,124,142,151,145,124,159,188,149,188,189,180,178,173,183,210,178,183,200,210,211,228,251,206,232,207,241,238,236,243,235,259,243,252,228,257,268,261,244,275,247,270,219,246,200,229,226,216,218,222,212,230,242,203,191,201,202,195,232,213,193,196,217,194,185,168,205,172,180,174,164,166,193,187,178,178,162,172,190,168,160,156,194,176,170,168,185,178,155,168,168,149,138,148,157,144,160,143,130,151,142,130,137,133,115,104,98,93,78,74,66,62,58,51,46,42,29,29,28,26,29,18,16,12,8,14,11,7,11,5,6,4,4,4,2,1,3,0,3,1,1,0,0,1,0,0,0,0,0,0,0,0,0,0,0,0,0,0,0,0,0,0,0,0,0,0,0,0,0,0,0
55.55,0,0,0,0,0,1,0,0,0,0,0,0,1,0,0,1,0,0,0,0,0,0,0,0,1,0,0,0,0,0,0,4,0,1,2,2,1,0,1,0,1,1,1,1,2,1,1,2,2,1,1,2,0,3,2,6,3,0,0,0,3,4,1,1,2,1,4,10,11,10,8,15,10,14,15,14,13,16,15,17,17,21,17,17,12,26,28,27,28,25,36,26,25,35,30,33,39,34,30,36,36,48,48,36,54,48,49,55,55,57,56,64,58,71,70,56,80,71,74,69,85,95,106,87,98,118,110,101,109,110,139,112,135,131,157,151,160,147,151,177,187,196,206,175,210,207,194,200,194,223,196,233,249,215,238,222,240,253,253,247,261,223,231,255,289,268,282,236,255,263,265,222,214,204,228,245,205,206,228,226,244,221,204,210,199,184,200,227,210,187,193,213,192,189,170,192,171,177,165,158,171,201,176,182,181,156,180,181,169,160,158,195,173,170,164,183,178,160,170,171,150,137,146,159,142,159,142,131,153,137,126,138,134,117,103,100,93,78,74,66,61,57,52,47,41,29,28,28,27,29,18,16,12,8,14,11,7,11,5,6,4,4,4,2,1,3,0,3,1,1,0,0,1,0,0,0,0,0,0,0,0,0,0,0,0,0,0,0,0,0,0,0,0,0,0,0,0,0,0,0
55.65,0,0,0,0,0,0,0,0,0,0,1,0,0,0,0,0,0,0,0,1,0,0,1,1,0,0,0,2,0,1,1,1,0,2,1,1,2,2,0,0,3,1,1,3,1,0,1,1,1,1,1,2,2,1,3,0,2,2,3,1,2,3,0,0,1,1,3,10,9,6,10,12,19,20,11,19,11,22,20,20,11,18,17,17,18,32,12,27,22,23,23,30,25,34,23,28,34,28,24,31,43,41,50,48,38,56,36,50,45,62,52,69,67,63,58,88,91,65,87,84,83,89,87,107,90,124,94,112,108,143,129,108,121,148,143,151,157,157,151,164,165,190,200,205,161,197,218,210,193,190,208,234,266,239,265,216,252,248,248,232,258,241,252,259,267,259,290,252,240,255,266,218,206,200,230,234,217,222,227,235,240,230,215,195,215,200,212,211,202,197,197,212,200,179,171,184,168,182,168,162,173,206,180,187,176,158,183,187,157,163,160,191,170,175,166,177,180,160,161,171,144,132,148,162,145,160,142,126,150,129,125,134,133,117,102,99,92,75,76,66,61,56,53,46,40,29,28,28,27,29,18,16,12,8,14,11,7,11,4,6,4,4,4,2,1,3,0,2,1,1,0,0,1,0,0,0,0,0,0,0,0,0,0,0,0,0,0,0,0,0,0,0,0,0,0,0,0,0,0,0
55.75,0,0,0,0,0,0,0,0,0,0,0,0,1,0,1,0,0,1,0,0,0,0,0,0,1,0,0,1,1,0,1,0,0,0,4,1,0,1,1,1,2,1,2,1,4,0,0,2,2,3,2,1,2,5,2,4,0,1,1,4,2,1,3,3,5,2,0,10,8,15,14,19,22,13,17,14,14,19,18,12,23,17,15,15,25,22,24,14,22,28,27,34,37,21,26,27,38,25,29,37,37,45,51,48,44,51,56,56,61,62,62,67,80,59,69,70,81,70,67,89,82,86,99,108,100,98,99,99,127,124,125,114,124,153,173,150,165,151,166,171,179,177,200,203,201,204,211,203,236,234,231,227,261,243,254,239,247,244,251,227,251,246,223,260,265,260,267,271,219,271,296,206,229,172,239,244,200,228,240,222,221,232,216,192,215,197,215,206,211,188,204,204,203,186,177,180,175,186,156,164,165,216,187,181,170,159,180,179,163,172,160,197,177,175,157,178,175,156,160,175,149,129,151,159,141,160,140,123,147,129,125,136,136,117,101,98,90,76,75,67,61,56,54,45,40,29,28,27,26,29,18,16,12,8,14,11,7,11,3,6,4,4,4,2,1,3,0,2,1,0,0,0,1,0,0,0,0,0,0,0,0,0,0,0,0,0,0,0,0,0,0,0,0,0,0,0,0,0,0,0
55.85,0,0,0,0,0,0,0,0,0,0,0,0,0,0,0,0,2,0,0,0,0,0,0,1,1,1,1,0,1,0,0,0,1,3,0,2,1,3,0,1,1,3,1,2,1,1,1,2,2,2,4,0,1,5,4,5,5,0,2,2,1,1,0,2,2,1,1,7,12,16,24,16,19,14,11,13,17,19,17,25,12,18,21,22,20,23,16,28,30,27,33,15,21,25,36,35,38,42,34,39,46,33,33,28,42,40,51,59,62,44,66,45,59,76,70,61,87,73,84,60,90,98,94,74,112,96,117,113,130,122,124,129,134,135,135,158,173,169,174,164,174,200,212,213,195,206,184,214,204,242,216,242,196,271,240,255,226,276,231,237,266,238,237,265,234,247,253,258,229,268,266,232,229,195,221,238,221,210,235,242,235,228,213,198,213,194,216,209,201,189,208,205,192,185,183,175,170,176,163,163,161,212,184,177,159,159,187,181,164,178,163,193,174,175,160,168,176,157,157,174,150,127,148,156,140,161,139,122,148,126,126,134,139,119,101,95,89,76,77,66,60,55,54,45,40,29,29,26,24,29,17,17,12,8,12,11,7,11,3,6,4,4,4,2,1,3,0,2,1,0,0,0,1,0,0,0,0,0,0,0,0,0,0,0,0,0,0,0,0,0,0,0,0,0,0,0,0,0,0,0
55.95,1,0,0,0,0,0,0,0,0,0,0,0,0,0,0,0,0,0,0,2,1,0,1,1,1,0,1,0,1,2,0,1,0,1,1,1,0,1,1,0,0,3,1,1,1,4,1,0,0,1,2,0,0,3,2,0,2,1,0,1,1,3,1,3,2,1,4,11,13,15,9,9,9,18,17,17,18,21,18,13,14,21,19,17,24,21,22,15,24,27,24,20,26,29,24,27,35,44,30,30,33,47,42,37,39,55,32,49,43,69,56,64,54,75,64,77,69,77,80,78,89,87,94,104,91,119,103,86,118,129,125,142,139,150,161,153,171,164,177,187,179,203,186,205,211,198,212,211,220,219,222,218,228,228,271,251,264,253,229,252,241,258,257,239,262,251,261,263,250,277,264,234,232,209,205,236,226,207,229,252,233,217,220,199,205,198,218,207,204,178,202,199,191,186,187,169,175,181,158,176,161,205,192,179,169,157,184,174,169,184,166,192,175,168,164,169,175,157,162,182,154,124,148,158,142,161,138,124,148,127,126,133,141,119,103,95,89,74,78,65,60,56,54,45,40,29,29,26,24,29,16,18,11,8,11,11,7,11,3,6,4,4,4,2,1,3,0,2,1,0,0,0,1,0,0,0,0,0,0,0,0,0,0,0,0,0,0,0,0,0,0,0,0,0,0,0,0,0,0,0
56.05,0,0,0,0,0,0,0,0,0,1,0,0,0,0,0,0,0,0,0,0,2,0,2,0,0,0,0,1,1,1,0,1,0,1,1,0,1,1,1,0,3,0,0,1,2,1,0,0,2,1,1,0,0,1,0,2,3,3,2,0,2,2,1,2,1,2,3,8,13,7,18,16,16,8,10,16,12,16,16,17,24,21,24,23,18,25,19,26,22,15,24,27,31,36,30,32,43,38,32,39,43,37,46,38,47,40,44,63,70,58,56,66,71,75,67,70,75,79,85,84,80,92,92,106,113,121,113,118,129,144,142,150,147,152,158,140,171,179,166,178,182,182,169,175,197,212,214,212,218,215,249,226,242,208,235,250,243,256,267,276,203,258,258,242,254,267,234,259,244,251,275,228,214,224,211,235,226,198,235,240,225,215,225,209,207,178,235,214,189,181,196,200,193,179,194,187,169,172,156,174,158,204,192,173,158,155,193,166,165,185,172,189,171,170,165,175,168,158,165,183,151,125,152,161,140,163,134,129,147,130,126,135,142,122,103,94,87,74,78,64,61,55,51,45,40,29,29,26,24,28,16,19,12,8,10,11,7,11,3,5,4,4,5,2,1,3,0,2,1,0,0,0,1,0,0,0,0,0,0,0,0,0,0,0,0,0,0,0,0,0,0,0,0,0,0,0,0,0,0,0
56.15,0,0,1,0,0,0,0,0,0,1,0,0,1,0,0,0,1,0,0,0,1,0,0,1,0,0,2,0,0,1,1,1,0,0,0,0,0,1,1,0,0,2,1,1,0,3,1,2,2,0,3,1,0,0,0,2,2,2,1,3,1,2,3,1,2,3,2,7,11,10,9,21,14,17,15,12,16,16,22,23,20,18,12,24,17,22,19,29,30,31,32,28,39,28,36,43,29,32,37,35,47,35,43,42,48,42,53,35,46,60,61,64,83,67,73,70,83,82,73,91,81,95,98,84,101,99,112,135,114,124,133,156,163,132,164,161,159,181,166,164,207,168,210,181,217,194,237,219,237,249,221,208,221,218,262,267,227,220,238,259,250,232,263,263,240,247,240,267,237,255,245,239,218,232,224,241,208,206,242,225,215,221,206,215,208,188,215,200,185,188,214,184,206,178,198,173,159,169,158,170,162,206,192,165,168,146,197,163,170,188,169,183,171,165,166,180,166,163,162,177,144,123,151,162,142,168,136,130,147,129,124,133,142,122,103,95,87,74,78,64,60,54,48,45,40,27,31,27,23,28,15,19,12,8,9,11,7,11,3,5,4,4,5,2,1,3,0,2,1,0,0,0,1,0,0,0,0,0,0,0,0,0,0,0,0,0,0,0,0,0,0,0,0,0,0,0,0,0,0,0
56.25,0,0,1,0,0,0,0,0,0,1,0,1,0,1,1,2,0,0,0,0,0,0,1,0,0,0,0,0,0,1,0,2,0,0,1,1,0,0,2,0,0,0,2,1,1,0,1,5,1,1,1,1,1,4,3,2,0,1,0,1,2,3,3,3,1,2,2,12,10,13,6,14,15,17,11,13,12,20,21,20,18,19,11,13,18,21,37,16,28,26,25,30,23,30,29,24,39,30,32,28,35,36,46,34,44,44,38,66,55,61,59,62,50,55,67,74,71,67,70,94,84,89,110,95,104,102,103,99,106,105,131,120,137,148,158,150,156,153,189,192,188,185,187,214,195,223,218,200,218,214,233,206,197,209,246,262,217,220,226,249,239,276,251,235,223,244,246,249,252,276,213,250,201,253,213,202,237,206,222,220,206,224,187,223,207,198,209,195,173,196,217,185,206,179,202,185,160,164,149,178,164,188,189,171,167,150,199,153,171,191,175,179,172,165,166,181,169,161,158,180,141,124,148,165,142,167,135,131,149,128,126,131,142,123,103,94,85,75,80,63,59,54,48,45,41,26,31,27,23,28,16,18,12,8,9,11,7,11,3,5,4,4,4,1,1,3,0,2,1,0,0,0,1,0,0,0,0,0,0,0,0,0,0,0,0,0,0,0,0,0,0,0,0,0,0,0,0,0,0,0
56.35,0,0,0,0,0,0,0,0,0,0,0,0,1,1,0,0,1,0,1,0,0,1,0,0,0,0,0,1,1,0,1,1,0,0,0,0,2,0,0,0,2,3,0,0,3,0,1,1,1,3,4,2,5,2,1,2,1,2,0,1,3,3,2,2,3,2,3,6,13,13,12,12,15,9,10,14,27,18,18,15,26,19,17,25,17,21,32,23,31,23,27,32,19,26,36,30,38,35,36,45,44,39,55,41,47,45,46,48,37,62,54,52,71,80,60,74,66,67,86,80,91,83,110,109,90,116,110,120,114,118,116,126,125,127,153,144,167,169,168,165,199,175,187,199,188,231,208,207,211,213,231,236,232,226,223,203,252,234,223,250,211,252,234,233,223,247,242,221,253,254,220,223,217,237,210,196,215,227,205,229,211,213,198,215,197,210,210,191,165,191,211,172,203,175,211,181,166,167,155,182,175,190,177,170,164,153,194,157,172,188,179,176,169,166,169,180,170,156,158,177,141,120,151,162,144,163,136,127,149,125,128,129,139,124,104,95,83,74,81,63,58,54,51,42,40,26,30,27,22,28,16,17,12,8,9,11,7,11,2,5,4,4,4,1,1,3,0,2,1,0,0,0,1,0,0,0,0,0,0,0,0,0,0,0,0,0,0,0,0,0,0,0,0,0,0,0,0,0,0,0
56.45,0,0,0,0,0,0,0,0,0,0,0,0,0,0,0,0,1,0,0,0,0,1,1,1,2,0,1,1,0,0,1,1,1,0,0,1,0,0,0,1,0,0,3,0,2,2,1,2,2,2,1,1,1,4,2,0,3,0,1,4,2,1,2,1,2,2,3,6,6,13,11,5,5,11,10,13,16,12,17,21,24,22,22,14,18,26,28,20,27,20,17,28,28,24,36,36,30,33,33,37,39,46,37,45,64,39,34,57,46,35,58,67,68,64,63,75,69,90,96,89,90,83,74,98,104,112,118,113,115,127,134,132,152,121,150,153,161,151,188,176,159,195,203,203,209,202,200,199,238,223,193,244,218,219,227,217,243,235,257,215,234,248,236,243,214,228,241,240,248,242,239,222,202,251,194,206,221,221,204,227,217,205,202,221,205,205,204,184,162,182,203,175,192,183,210,191,165,172,163,188,173,188,176,174,160,160,198,164,172,190,175,169,170,165,176,190,163,148,162,173,143,121,150,162,145,156,136,126,151,123,126,126,138,124,107,95,86,73,82,63,56,55,50,43,37,26,30,27,22,28,16,17,12,8,9,11,7,11,2,5,4,4,4,1,1,3,0,2,1,0,0,0,1,0,0,0,0,0,0,0,0,0,0,0,0,0,0,0,0,0,0,0,0,0,0,0,0,0,0,0
56.55,0,0,0,0,0,0,0,0,0,1,1,0,0,0,0,1,0,0,0,1,0,1,0,0,1,0,1,2,1,0,0,0,0,1,1,2,0,0,1,2,0,2,1,0,3,1,3,1,3,1,3,0,0,2,0,2,1,3,0,2,0,0,1,0,0,5,0,10,9,9,7,13,8,17,14,18,19,16,17,17,17,19,15,20,25,11,16,23,19,21,33,29,26,30,19,28,24,41,34,29,36,37,45,43,43,44,46,61,52,56,61,56,60,69,68,66,78,72,85,91,88,87,84,114,77,109,95,119,123,120,145,133,126,129,162,166,152,162,161,175,156,161,194,199,238,208,201,226,229,217,219,235,247,210,213,230,254,264,267,216,234,222,247,255,234,236,241,242,269,230,240,233,215,226,229,207,211,214,212,209,202,205,216,220,214,215,203,196,179,177,209,184,206,195,201,196,171,172,164,189,184,183,176,172,154,155,200,162,172,182,178,175,170,168,178,191,165,146,160,174,141,120,151,163,154,158,133,124,154,123,128,127,138,124,106,94,86,73,81,63,56,55,50,45,37,26,30,27,22,27,16,17,12,8,9,11,7,11,2,5,4,4,4,1,1,3,0,2,1,0,0,0,1,0,0,0,0,0,0,0,0,0,0,0,0,0,0,0,0,0,0,0,0,0,0,0,0,0,0,0
56.65,0,0,0,0,0,0,0,0,0,0,0,0,0,0,1,0,0,0,0,1,0,0,0,0,0,0,1,0,0,1,2,0,1,0,0,0,2,2,0,1,0,3,1,2,1,2,3,3,1,0,1,1,4,2,1,1,0,4,1,4,1,1,1,0,1,0,1,8,8,10,15,13,16,17,11,17,14,16,18,18,23,21,13,19,20,15,18,24,23,19,27,40,32,35,44,28,37,28,33,37,43,45,37,52,53,52,45,49,59,38,70,63,51,54,59,67,67,103,83,86,92,90,101,101,98,97,111,109,116,114,124,148,150,137,144,140,159,165,150,147,172,202,177,198,191,213,204,213,241,230,222,224,211,244,231,232,261,269,214,248,231,206,241,232,239,233,244,266,263,209,238,239,223,240,242,205,222,215,216,230,212,194,213,208,197,220,196,190,183,183,202,189,202,193,201,192,169,169,155,186,184,173,173,172,155,159,194,168,177,181,182,166,168,167,183,190,164,147,159,172,138,121,153,162,156,161,136,119,151,122,130,126,138,122,104,92,85,75,81,65,55,54,50,45,37,26,30,26,23,27,16,17,11,8,9,11,7,11,2,5,3,4,3,1,1,3,0,2,1,0,0,0,1,0,0,0,0,0,0,0,0,0,0,0,0,0,0,0,0,0,0,0,0,0,0,0,0,0,0,0
56.75,0,0,1,0,1,1,0,0,0,0,0,0,0,0,0,0,1,0,0,0,0,0,0,0,0,0,2,1,0,0,0,0,0,0,1,0,1,0,0,0,0,1,1,2,1,1,0,2,2,1,0,4,1,1,3,0,1,1,2,3,0,2,1,4,0,0,2,5,10,8,8,10,14,14,15,18,13,12,20,20,14,19,15,17,22,22,21,16,20,22,23,31,29,27,31,27,35,31,29,32,40,45,31,47,52,46,49,54,46,48,49,53,64,46,74,71,74,83,72,70,87,72,83,103,95,93,102,116,118,121,111,154,155,146,159,158,154,168,170,205,157,199,194,182,194,189,198,239,215,208,236,229,230,219,234,250,261,257,235,244,235,221,240,254,258,198,221,257,257,222,232,252,228,209,206,217,219,204,228,231,209,204,204,225,195,202,201,191,182,186,192,189,202,186,205,193,151,172,153,188,177,178,173,169,150,164,189,172,175,183,175,164,169,169,181,189,157,147,162,169,139,118,156,161,159,160,139,125,152,120,128,131,136,123,103,91,87,74,81,65,55,54,50,45,37,26,30,26,23,27,16,17,11,8,9,11,7,11,2,5,3,4,3,1,1,3,0,2,1,0,0,0,1,0,0,0,0,0,0,0,0,0,0,0,0,0,0,0,0,0,0,0,0,0,0,0,0,0,0,0
56.85,0,0,0,0,0,1,1,0,0,0,0,0,0,1,0,0,0,0,0,0,1,0,0,1,1,0,0,1,0,1,1,2,0,0,2,2,0,2,1,0,1,2,4,1,2,1,0,0,2,0,1,0,2,1,3,0,2,3,2,2,3,1,0,1,2,0,2,9,10,7,16,10,17,9,14,16,12,21,7,15,25,19,25,19,10,29,31,28,25,23,40,22,26,30,36,35,26,41,41,47,27,55,29,53,51,44,42,55,48,54,64,63,47,83,60,50,65,94,66,93,74,114,89,91,103,92,91,107,133,117,135,125,151,154,139,185,161,160,170,145,182,182,198,192,201,211,212,205,219,227,207,243,208,231,262,235,231,235,224,232,244,256,222,245,245,200,225,228,261,214,227,242,223,186,213,217,230,215,215,212,214,200,210,219,208,193,204,182,174,200,196,197,189,181,206,195,149,164,161,185,187,179,174,171,161,161,189,165,172,182,167,167,175,173,177,187,155,152,161,168,141,115,162,162,152,158,140,120,147,120,128,126,137,122,105,91,87,75,81,66,56,54,50,45,37,25,31,26,23,27,17,17,12,8,9,11,7,11,2,5,3,4,3,1,1,3,0,2,1,0,0,0,1,0,0,0,0,0,0,0,0,0,0,0,0,0,0,0,0,0,0,0,0,0,0,0,0,0,0,0
56.95,0,1,0,0,0,0,0,1,0,0,0,0,0,0,0,1,2,0,0,0,0,0,0,0,0,1,1,1,1,0,0,1,0,1,3,2,4,2,1,1,2,2,2,0,0,0,2,3,2,2,4,1,2,0,1,1,2,0,3,2,2,1,4,0,2,4,1,6,7,15,15,14,16,10,19,16,19,14,12,19,13,18,16,20,18,21,25,24,31,26,29,23,37,27,27,29,36,39,30,48,46,43,38,31,49,44,49,50,57,57,68,68,69,65,61,66,79,82,92,80,80,106,89,115,94,119,115,120,140,121,108,122,122,147,154,153,137,166,157,177,144,190,187,200,198,169,178,220,212,239,223,203,228,227,236,231,221,229,219,245,239,240,215,240,234,231,211,232,255,230,246,247,232,191,216,212,212,210,220,217,211,207,213,207,205,188,208,183,173,197,179,200,176,191,193,200,144,164,156,184,179,177,173,176,162,164,190,164,165,179,164,162,173,170,175,182,154,154,162,172,140,117,158,161,156,156,143,120,145,118,129,126,136,121,102,94,89,74,81,67,55,54,49,45,36,25,31,26,23,27,15,17,12,8,9,11,7,11,2,5,3,4,3,1,1,3,0,2,1,0,0,0,1,0,0,0,0,0,0,0,0,0,0,0,0,0,0,0,0,0,0,0,0,0,0,0,0,0,0,0
57.05,0,0,0,0,0,0,0,0,0,0,0,0,0,0,0,0,0,0,1,0,0,0,0,0,0,0,0,0,1,1,2,1,0,0,0,2,0,0,1,0,0,0,0,3,0,2,0,4,0,0,0,2,1,3,2,1,1,2,4,1,3,0,3,0,0,3,3,5,6,12,11,13,14,15,20,15,23,16,12,8,18,25,20,20,19,27,22,21,14,27,21,21,24,25,38,29,30,32,28,33,33,43,43,42,31,42,45,46,53,56,65,58,64,65,66,68,65,82,88,87,83,104,86,98,91,111,102,126,128,114,134,140,149,138,132,149,135,151,170,176,153,185,182,206,208,203,177,213,218,229,218,211,219,257,239,240,224,234,203,212,244,247,219,233,220,242,228,230,255,238,226,230,238,214,197,207,198,209,215,203,197,214,229,203,205,186,204,182,178,194,168,201,173,184,201,196,142,164,157,179,181,174,165,183,153,168,186,166,169,169,164,165,174,169,179,184,149,150,165,171,143,118,156,163,161,155,143,119,144,119,131,127,132,122,104,94,88,76,81,67,55,53,49,45,35,25,31,26,23,27,15,17,11,10,9,11,7,11,2,5,2,4,3,1,1,3,0,2,1,0,0,0,1,0,0,0,0,0,0,0,0,0,0,0,0,0,0,0,0,0,0,0,0,0,0,0,0,0,0,0
57.15,0,0,0,0,0,0,1,0,0,0,0,2,0,0,0,0,0,0,0,1,0,0,0,1,0,0,0,0,0,1,0,0,1,0,0,0,1,1,1,0,1,4,0,1,2,1,1,1,1,0,0,6,1,3,1,1,3,0,3,2,1,1,3,0,2,0,3,8,12,7,16,11,13,16,21,20,14,13,22,20,20,24,28,11,18,25,23,27,25,36,23,21,28,36,33,28,46,41,36,41,39,52,52,43,47,49,46,49,61,56,53,61,55,64,69,61,77,71,66,89,91,88,103,91,94,106,96,122,133,112,110,122,146,141,137,165,172,152,155,158,160,196,187,197,198,212,231,208,214,216,247,211,230,270,230,236,217,225,191,180,246,241,240,226,244,257,232,255,247,247,227,213,240,214,202,228,192,216,223,206,191,207,217,213,205,176,203,182,160,207,168,202,179,178,215,199,136,167,152,180,181,174,154,187,153,168,189,167,166,162,161,169,176,170,181,175,150,145,168,166,145,119,156,171,159,155,138,120,143,123,129,129,134,122,104,94,88,77,81,66,54,53,49,45,35,25,31,26,23,27,15,17,11,10,9,11,7,11,2,5,2,4,3,1,1,3,0,2,1,0,0,0,1,0,0,0,0,0,0,0,0,0,0,0,0,0,0,0,0,0,0,0,0,0,0,0,0,0,0,0
57.25,0,0,0,0,0,0,0,0,1,0,0,0,0,0,1,0,0,0,0,0,0,0,0,0,0,1,0,0,1,1,1,4,0,0,0,1,1,1,2,0,1,2,1,0,5,4,1,7,0,1,2,6,0,1,2,4,1,3,1,3,0,4,3,1,1,1,0,7,10,10,18,12,18,15,12,8,17,16,24,13,25,9,18,19,17,29,28,26,34,29,30,27,25,30,32,36,32,37,39,29,37,32,38,44,50,46,43,56,43,53,54,54,66,78,74,81,65,78,67,82,84,87,87,76,85,103,116,122,112,122,122,124,138,132,141,144,150,154,170,174,187,173,195,193,200,209,232,236,202,207,219,233,222,224,232,240,217,230,213,218,223,229,234,225,254,255,220,241,226,244,230,231,242,217,207,217,204,220,229,203,191,204,224,210,202,192,194,182,166,179,180,196,181,176,218,191,139,155,149,174,189,177,156,190,143,173,183,172,163,162,159,168,181,167,183,173,151,150,170,162,143,118,157,172,157,154,135,117,145,120,129,125,132,124,103,98,86,75,81,66,52,55,47,42,39,24,30,26,22,25,15,17,11,10,9,11,7,11,2,5,2,4,3,1,1,3,0,2,1,0,0,0,1,0,0,0,0,0,0,0,0,0,0,0,0,0,0,0,0,0,0,0,0,0,0,0,0,0,0,0
57.35,0,0,0,0,0,0,0,0,0,0,0,3,0,0,0,0,0,0,1,0,1,0,0,0,0,0,2,0,0,1,0,0,1,0,0,0,0,0,0,1,0,2,0,2,1,3,1,1,0,3,1,7,2,0,1,6,2,2,2,4,2,4,1,1,4,1,6,4,13,10,12,19,19,11,15,15,15,19,13,20,17,26,17,15,22,21,26,32,27,24,24,23,28,22,29,32,32,31,30,36,45,50,32,33,51,47,37,51,46,43,52,56,63,59,66,61,89,87,76,78,81,110,89,106,111,111,96,118,105,138,120,116,134,125,158,162,159,148,160,169,186,183,156,178,193,194,203,218,207,209,222,223,233,218,242,238,247,225,242,207,233,247,255,235,232,260,224,248,244,226,219,261,247,217,212,216,218,220,229,209,180,205,217,200,194,197,208,179,168,176,167,192,181,171,214,197,147,152,149,172,187,174,159,180,141,163,188,174,152,158,162,169,181,174,185,174,149,149,173,159,139,116,153,175,156,150,135,114,144,120,128,127,136,123,100,97,87,76,81,66,52,55,46,42,38,24,30,26,21,25,15,17,12,10,9,11,7,10,3,5,2,4,3,1,1,3,0,2,1,0,0,0,1,0,0,0,0,0,0,0,0,0,0,0,0,0,0,0,0,0,0,0,0,0,0,0,0,0,0,0
57.45,0,0,0,0,0,0,0,0,0,0,0,0,0,1,0,0,0,0,0,0,0,1,1,0,0,0,0,0,0,0,0,0,0,1,0,1,3,3,0,1,0,2,3,1,1,0,2,2,1,1,2,5,1,0,0,1,1,1,2,1,3,1,1,1,3,5,3,6,9,12,15,13,13,12,24,16,16,14,10,10,9,18,23,12,17,15,22,30,30,10,27,28,28,29,30,28,34,36,42,40,37,42,39,45,46,56,50,66,50,60,55,45,56,64,51,66,84,68,81,69,82,85,80,105,100,88,90,118,112,108,111,118,126,150,149,175,182,162,172,169,201,197,182,205,198,208,193,218,217,211,222,209,207,245,235,239,247,220,260,217,210,236,245,256,233,253,228,233,243,243,229,257,220,235,202,208,226,215,233,206,172,219,220,199,188,197,198,184,171,159,170,195,181,151,200,185,157,154,150,171,177,190,156,179,146,152,189,173,159,158,153,171,186,170,190,166,152,146,164,162,137,119,156,174,153,153,134,115,141,125,124,130,136,124,99,97,89,77,81,65,52,57,46,41,38,25,28,27,21,25,15,17,12,8,9,11,7,10,3,5,2,4,3,1,1,3,0,2,1,0,0,0,1,0,0,0,0,0,0,0,0,0,0,0,0,0,0,0,0,0,0,0,0,0,0,0,0,0,0,0
57.55,0,0,0,0,0,1,0,2,0,0,0,0,0,0,0,0,0,0,0,0,1,1,0,0,1,0,0,1,0,0,1,0,0,2,1,0,1,1,1,0,1,1,1,0,2,2,2,4,0,4,2,1,3,1,1,4,3,0,3,2,1,1,4,3,1,4,3,9,5,15,15,9,15,22,14,17,17,14,11,21,21,13,12,11,25,23,19,19,21,22,28,25,24,36,25,36,40,36,32,32,48,36,32,55,33,55,52,39,50,72,45,62,61,47,64,68,70,72,69,81,88,69,86,95,92,100,109,88,98,106,131,119,121,142,147,152,150,169,168,176,185,200,198,203,188,206,170,213,210,236,201,226,224,215,230,249,241,257,238,223,201,216,236,256,235,267,241,210,234,214,246,239,232,216,206,211,249,235,221,211,189,216,222,205,178,192,198,179,179,169,171,197,190,156,203,177,167,165,146,177,168,195,155,179,148,149,191,175,157,151,157,171,187,168,188,165,158,147,162,166,139,117,155,172,153,152,133,116,143,126,126,128,135,124,97,99,90,77,81,64,51,57,46,41,38,25,28,27,21,24,15,18,12,8,9,11,7,10,3,5,2,4,3,1,1,3,0,2,1,0,0,0,1,0,0,0,0,0,0,0,0,0,0,0,0,0,0,0,0,0,0,0,0,0,0,0,0,0,0,0
57.65,0,0,0,0,0,0,0,0,0,0,0,0,0,0,0,0,0,0,0,0,0,0,0,1,1,0,1,1,0,0,1,0,1,0,0,0,0,0,0,2,1,0,1,1,3,1,2,2,1,1,1,1,0,2,2,1,2,0,3,0,1,4,0,0,1,4,3,11,16,10,9,3,8,17,11,17,22,11,21,19,16,17,22,17,17,30,26,24,22,31,28,38,24,28,35,32,36,39,42,34,34,35,39,34,48,44,47,50,45,48,54,67,57,59,55,69,94,73,71,83,105,76,101,81,98,113,121,122,108,130,121,128,128,133,146,164,166,154,172,199,196,175,191,188,173,207,183,205,178,211,223,232,211,208,233,227,268,259,236,241,218,193,223,247,261,241,235,204,220,232,235,222,261,231,222,221,232,213,213,195,190,215,209,199,178,195,195,170,171,161,169,192,175,163,198,176,168,166,147,175,165,193,157,173,159,145,187,180,156,153,156,172,184,165,185,166,158,145,160,166,143,112,159,173,150,155,133,117,147,126,125,130,136,127,97,101,91,76,79,65,50,57,46,43,38,25,28,27,21,24,15,18,11,8,9,11,7,11,3,5,2,4,3,1,1,3,0,2,1,0,0,0,1,0,0,0,0,0,0,0,0,0,0,0,0,0,0,0,0,0,0,0,0,0,0,0,0,0,0,0
57.75,0,0,0,0,0,0,0,0,0,0,0,0,1,0,0,1,0,0,0,0,0,0,0,0,0,0,0,0,0,2,1,2,0,0,1,2,0,2,0,0,1,0,0,0,0,3,3,3,5,0,1,0,1,1,2,1,3,5,5,3,3,4,1,0,1,1,2,8,12,11,13,15,11,17,15,11,14,17,20,10,16,11,17,22,19,16,25,24,17,21,33,34,23,23,26,34,32,38,40,33,33,40,31,39,51,65,61,59,50,50,57,61,61,62,67,66,72,81,71,78,72,90,77,109,91,101,118,118,105,124,129,106,150,152,153,155,173,170,217,211,164,188,154,173,187,214,210,201,200,206,226,227,200,209,234,214,278,240,237,248,220,211,207,270,256,241,234,206,216,246,229,243,256,218,226,225,222,212,204,183,192,212,207,187,168,186,205,172,172,164,161,185,173,178,191,185,168,180,149,176,167,193,152,170,152,134,191,182,157,153,156,165,181,167,187,169,162,149,162,165,144,115,158,172,154,154,134,113,150,125,127,134,134,124,100,101,89,76,79,65,51,56,47,40,38,25,28,27,20,24,15,18,11,8,9,11,7,11,3,5,2,3,3,1,1,3,0,2,1,0,0,0,1,0,0,0,0,0,0,0,0,0,0,0,0,0,0,0,0,0,0,0,0,0,0,0,0,0,0,0
57.85,0,0,0,0,0,0,0,0,0,0,0,0,0,1,0,0,0,0,0,0,1,0,0,1,0,0,0,0,0,0,0,0,0,0,1,1,0,1,2,1,1,3,2,1,3,1,2,1,0,3,2,3,1,2,3,1,3,0,2,2,1,3,4,0,1,3,2,10,9,10,16,16,11,14,16,18,13,15,13,17,15,13,16,14,16,17,25,21,23,18,24,27,32,24,31,40,35,34,33,32,34,41,49,34,50,48,44,38,55,56,55,57,67,65,66,66,65,71,65,95,76,83,88,97,96,98,84,131,135,136,129,146,149,130,139,153,177,170,135,173,201,180,190,188,195,209,203,215,199,216,201,204,218,238,201,248,242,232,230,250,249,206,227,237,259,252,217,221,229,244,239,262,253,225,232,213,211,223,209,192,192,218,207,195,167,190,207,167,181,152,178,179,168,170,194,174,182,167,150,178,158,189,161,175,165,136,191,182,160,153,160,161,181,172,192,174,159,151,163,163,144,121,155,168,149,150,134,108,149,122,125,133,137,124,99,100,87,76,79,66,51,55,47,39,39,25,28,27,20,24,14,17,11,8,9,11,7,11,3,5,2,3,3,1,1,3,0,2,1,0,0,0,1,0,0,0,0,0,0,0,0,0,0,0,0,0,0,0,0,0,0,0,0,0,0,0,0,0,0,0
57.95,0,0,0,0,0,0,0,0,0,0,0,0,0,1,0,1,0,0,0,0,0,0,0,0,0,0,0,2,0,0,0,0,0,0,0,1,1,1,1,0,2,2,1,2,0,2,2,0,0,0,0,2,1,1,1,3,0,2,1,0,2,4,1,4,4,2,2,5,4,12,10,15,10,11,10,15,16,16,23,14,16,18,12,22,14,19,20,13,23,25,18,32,33,39,37,37,37,35,26,36,43,34,41,46,42,56,42,56,58,60,59,51,63,60,62,77,67,66,92,75,95,92,88,91,90,112,90,114,125,115,118,137,135,140,163,146,162,185,174,162,175,177,181,194,190,197,201,208,210,188,225,199,206,227,218,216,233,255,270,237,223,206,222,229,245,245,225,236,218,227,262,260,223,244,231,187,200,228,199,206,195,212,208,182,190,184,201,174,194,155,173,186,171,170,200,171,176,164,145,181,159,187,156,176,151,142,188,175,163,153,160,155,178,175,187,185,158,152,157,160,144,124,156,168,150,152,133,112,151,128,126,131,138,122,99,100,84,77,78,66,52,53,47,39,39,25,28,27,20,24,14,16,12,8,9,11,7,11,3,5,2,3,3,1,1,3,0,1,1,0,0,0,1,0,0,0,0,0,0,0,0,0,0,0,0,0,0,0,0,0,0,0,0,0,0,0,0,0,0,0
58.05,0,0,0,0,0,0,0,0,0,0,0,0,1,0,0,1,0,0,0,0,1,0,1,1,0,0,0,0,1,1,0,1,1,2,0,0,0,3,1,1,2,1,1,0,2,1,1,3,0,1,2,3,4,3,1,2,3,1,4,1,3,3,2,0,2,0,2,13,10,13,16,10,13,13,15,17,13,11,13,14,18,9,15,12,27,15,14,32,37,21,31,23,25,31,23,29,31,35,37,29,38,38,33,47,45,52,44,42,63,40,56,66,59,61,59,73,76,83,64,81,79,89,89,89,93,107,97,113,113,118,141,145,127,139,146,152,178,152,165,194,163,175,179,184,191,199,203,193,202,237,196,197,189,238,212,204,260,219,239,234,226,222,226,218,233,219,248,238,217,227,243,266,238,223,209,204,209,226,205,191,195,208,191,169,201,184,205,174,194,156,179,202,166,163,188,164,170,150,155,182,155,194,155,182,151,142,184,171,166,154,160,160,176,176,188,180,160,152,152,153,142,127,152,166,153,152,134,114,147,131,123,132,137,123,101,100,82,78,78,66,52,53,49,39,39,27,28,27,20,24,14,16,12,8,9,11,7,9,3,5,2,3,3,1,1,3,0,1,1,0,0,0,1,0,0,0,0,0,0,0,0,0,0,0,0,0,0,0,0,0,0,0,0,0,0,0,0,0,0,0
58.15,1,0,0,0,0,0,0,0,0,1,0,0,1,1,0,0,1,0,0,0,1,0,0,1,1,2,0,1,0,1,0,0,0,0,0,1,0,0,0,0,3,1,1,2,1,1,4,1,4,3,0,0,3,1,2,1,0,2,1,5,1,0,1,3,1,1,0,3,9,10,10,11,8,8,20,12,12,12,20,16,21,19,18,18,23,21,15,15,22,33,26,25,32,22,30,28,30,34,38,35,29,39,41,38,45,61,48,40,53,54,71,56,66,56,75,88,75,82,97,79,88,77,74,85,91,89,118,109,105,151,126,128,134,155,127,141,143,180,160,162,183,182,179,194,202,217,213,202,217,198,201,216,206,231,218,212,249,229,248,251,222,211,222,237,240,229,260,226,226,229,255,256,228,222,223,200,222,213,199,186,196,213,194,179,198,191,199,185,184,165,173,201,161,173,183,165,167,153,166,176,160,195,161,183,161,146,175,175,176,152,157,163,176,178,183,178,159,143,158,159,136,132,156,165,154,151,133,115,147,128,118,134,132,121,101,102,81,78,78,64,52,55,47,39,39,27,30,26,20,23,15,16,12,7,9,11,7,9,3,5,2,3,3,1,1,3,0,1,1,0,0,0,1,0,0,0,0,0,0,0,0,0,0,0,0,0,0,0,0,0,0,0,0,0,0,0,0,0,0,0
58.25,0,0,0,0,0,0,0,0,0,1,0,0,1,0,0,0,0,1,0,0,0,0,0,1,0,0,0,1,0,3,1,0,1,1,0,0,0,0,0,3,0,0,0,2,1,2,4,1,2,0,0,0,1,3,1,0,2,1,2,0,2,0,2,2,1,4,4,6,12,10,14,13,10,15,18,13,14,16,16,9,22,19,20,19,14,21,18,26,27,23,32,39,36,22,25,23,34,35,41,35,31,34,35,39,45,51,41,45,49,52,68,62,52,63,79,75,71,79,69,70,84,84,80,112,100,89,119,114,118,100,119,113,129,128,159,137,150,165,133,196,179,182,182,191,203,198,201,218,193,199,222,198,227,191,219,231,207,250,249,260,220,255,232,246,239,213,235,218,226,216,234,264,224,224,228,197,225,208,209,217,199,203,197,187,192,181,188,184,186,170,187,199,156,161,193,159,159,161,161,178,161,199,156,181,170,146,180,170,173,159,160,165,178,176,185,180,160,142,157,163,143,129,153,157,155,152,135,114,145,133,120,134,131,118,102,100,82,78,78,64,52,56,46,39,39,27,30,26,22,23,15,16,11,7,9,11,7,9,3,5,2,3,3,1,1,3,0,1,1,0,0,0,1,0,0,0,0,0,0,0,0,0,0,0,0,0,0,0,0,0,0,0,0,0,0,0,0,0,0,0
58.35,0,0,0,0,0,0,0,0,0,0,0,0,0,0,0,1,0,0,1,0,0,0,0,0,0,1,0,1,0,1,2,1,0,0,1,1,1,0,0,0,2,1,1,0,1,3,2,2,0,2,1,0,2,0,2,3,2,2,1,1,1,1,1,1,1,2,4,7,13,12,8,9,8,7,7,24,11,15,23,23,15,12,22,30,20,16,18,16,18,17,22,28,34,23,33,29,36,40,41,40,33,36,38,37,49,47,53,43,42,53,51,61,64,47,64,69,66,88,77,67,74,89,83,100,91,102,117,118,112,118,132,137,126,148,125,157,147,173,162,203,189,193,183,180,199,204,206,210,207,196,203,241,208,216,216,224,217,231,263,253,219,245,224,252,246,218,217,235,213,242,220,230,210,226,217,203,210,224,207,209,197,203,197,195,201,169,175,186,186,177,189,200,165,160,198,148,170,166,164,167,149,207,144,187,165,151,183,173,167,163,160,171,173,167,187,178,160,143,155,162,145,133,155,160,149,152,135,112,145,133,121,132,130,119,99,98,80,80,78,66,51,56,46,39,40,27,30,26,22,21,16,15,10,7,9,11,7,9,3,5,2,3,3,1,1,3,0,1,1,0,0,0,1,0,0,0,0,0,0,0,0,0,0,0,0,0,0,0,0,0,0,0,0,0,0,0,0,0,0,0
58.45,1,0,0,0,0,0,0,0,1,0,0,0,0,0,0,1,0,0,0,0,0,0,0,0,1,0,0,1,0,0,0,0,1,1,1,4,0,2,0,1,1,0,0,0,2,3,2,3,2,0,1,3,1,5,1,1,3,1,2,1,2,0,2,1,2,1,6,3,2,13,11,14,12,9,14,18,19,13,7,17,16,16,21,14,28,17,27,18,14,23,21,24,27,29,23,42,32,27,39,33,44,27,53,44,57,57,43,54,52,61,51,65,66,59,70,86,73,82,95,92,81,75,106,124,95,127,97,123,106,97,101,119,106,123,140,154,158,163,165,189,164,200,185,195,181,209,239,204,184,210,210,214,232,225,213,210,214,214,220,240,229,266,234,224,217,226,244,239,231,219,212,224,231,223,232,211,201,228,215,218,192,205,189,191,195,172,175,187,196,184,184,199,188,155,191,154,170,169,162,170,145,193,136,192,158,153,181,166,162,169,164,169,175,171,181,181,159,147,157,156,148,135,158,162,148,152,138,113,144,133,121,134,132,121,97,97,79,79,77,66,53,55,46,39,40,29,29,25,22,21,16,15,10,7,9,11,7,9,3,5,2,3,3,1,1,3,0,1,1,0,0,0,1,0,0,0,0,0,0,0,0,0,0,0,0,0,0,0,0,0,0,0,0,0,0,0,0,0,0,0
58.55,0,0,0,0,0,0,0,0,0,0,0,0,0,0,0,0,0,0,0,1,1,0,0,0,1,0,1,0,1,0,1,0,0,0,1,1,1,0,1,2,2,1,0,2,2,3,1,2,6,1,1,1,1,3,0,2,1,1,1,2,2,1,1,2,2,1,3,9,5,9,8,16,10,22,12,8,19,19,14,21,21,14,12,17,20,16,8,21,19,19,34,32,21,20,36,33,24,27,21,33,26,43,34,33,42,47,35,51,52,58,62,55,50,60,46,69,75,66,74,80,77,84,80,102,88,107,99,120,113,116,109,127,158,151,145,138,161,153,163,171,189,183,192,198,191,212,180,192,207,202,206,224,242,237,205,195,211,219,235,242,242,268,236,243,226,238,261,232,214,227,227,207,229,204,221,228,217,221,201,219,199,195,192,189,179,176,182,180,192,182,174,204,185,157,179,146,168,160,148,168,161,191,133,177,154,172,176,163,158,174,163,165,169,172,182,183,157,146,154,154,141,139,166,164,146,154,135,113,144,131,122,132,130,120,97,100,79,79,77,66,53,55,46,39,39,29,29,25,22,21,16,15,10,7,9,10,7,9,3,5,2,3,3,1,1,3,0,1,1,0,0,0,1,0,0,0,0,0,0,0,0,0,0,0,0,0,0,0,0,0,0,0,0,0,0,0,0,0,0,0
58.65,1,0,1,1,0,0,0,0,0,0,0,1,1,0,0,0,0,0,0,0,1,0,0,0,1,0,1,0,0,0,0,0,1,1,0,0,1,0,1,0,0,2,0,1,0,0,1,0,1,4,0,1,0,1,3,0,2,0,4,2,3,3,5,2,2,1,2,9,9,17,13,15,7,13,23,15,19,15,16,13,22,21,26,21,21,22,23,25,22,26,32,33,28,27,30,34,37,36,36,30,51,44,41,39,57,40,51,44,50,72,51,60,81,67,77,65,86,77,79,73,97,91,88,99,129,94,126,121,114,109,133,125,114,126,136,167,162,171,173,174,149,160,201,169,216,181,180,177,202,196,236,235,228,227,196,202,232,231,227,243,261,251,271,233,222,213,250,241,232,221,252,223,230,227,231,218,226,198,196,212,176,180,196,180,179,172,164,177,180,192,169,199,167,168,183,144,174,163,150,167,167,187,139,173,144,173,181,155,151,167,161,162,171,168,182,185,158,148,156,152,139,137,163,168,143,158,135,112,146,133,122,131,131,119,98,97,78,79,77,66,52,55,46,40,38,29,29,25,22,21,16,16,9,7,9,10,7,9,3,5,2,3,3,1,1,3,0,1,1,0,0,0,1,0,0,0,0,0,0,0,0,0,0,0,0,0,0,0,0,0,0,0,0,0,0,0,0,0,0,0
58.75,0,0,0,0,1,0,0,0,0,1,0,0,0,0,0,1,0,0,1,1,0,0,1,1,0,1,0,0,0,2,0,1,0,0,0,0,0,1,2,1,1,2,1,0,2,0,3,2,1,1,1,4,0,2,3,2,2,1,0,1,1,0,1,2,3,2,1,9,12,14,10,16,12,9,13,9,20,21,16,16,14,11,16,27,21,25,15,24,21,25,24,25,23,28,39,43,34,38,43,33,47,42,44,35,43,43,55,64,54,51,56,65,66,62,62,69,78,67,77,74,82,85,82,90,96,100,91,117,108,121,126,112,139,132,154,148,147,154,161,173,168,176,171,185,179,175,212,207,207,205,223,201,245,236,218,255,214,208,225,213,285,235,268,232,224,213,247,231,232,239,253,209,230,242,232,224,224,197,195,203,193,178,200,174,186,168,176,181,180,196,170,204,164,165,174,160,190,170,142,157,174,178,144,168,150,168,177,155,156,169,158,160,170,161,179,186,158,153,152,147,140,132,163,168,144,159,134,109,151,128,123,131,130,118,98,96,77,79,79,67,52,53,46,40,38,29,29,25,22,21,16,16,9,7,8,10,7,9,3,5,2,3,3,1,1,3,0,1,1,0,0,0,1,0,0,0,0,0,0,0,0,0,0,0,0,0,0,0,0,0,0,0,0,0,0,0,0,0,0,0
58.85,0,0,0,1,0,0,0,0,0,0,0,0,0,0,1,0,1,1,0,1,0,0,0,0,0,1,0,0,0,0,0,0,1,0,0,1,2,0,1,2,1,1,0,0,0,2,5,4,2,0,2,2,1,2,0,2,3,1,3,1,0,5,1,0,2,1,1,7,10,18,22,17,10,8,9,14,12,14,26,20,12,15,18,20,22,21,17,23,23,15,24,22,26,30,29,35,48,37,46,30,39,45,46,31,36,45,40,48,54,52,62,60,63,63,57,65,77,71,91,89,77,67,95,91,79,98,115,121,101,110,106,143,140,128,133,161,136,138,160,166,177,182,184,171,187,177,191,237,229,216,213,231,243,215,214,247,250,230,237,219,266,234,255,226,220,218,246,239,242,224,235,229,226,247,230,199,211,194,199,205,196,185,208,182,201,162,180,179,160,202,169,206,165,172,179,159,192,165,153,161,162,175,148,167,143,169,177,158,156,171,153,159,173,164,187,181,165,150,154,151,142,130,161,163,144,155,130,109,148,128,123,133,130,120,97,95,77,80,78,68,51,53,46,40,38,29,29,25,22,21,14,16,9,7,8,10,7,9,3,5,2,3,3,1,1,3,0,1,1,0,0,0,1,0,0,0,0,0,0,0,0,0,0,0,0,0,0,0,0,0,0,0,0,0,0,0,0,0,0,0
58.95,0,0,0,0,0,0,1,0,0,1,0,0,1,0,0,0,0,2,0,0,1,2,0,0,0,0,0,0,0,1,4,0,0,0,1,0,2,1,0,0,0,1,3,0,1,1,3,1,1,2,0,2,2,1,1,1,1,5,1,1,3,4,2,5,0,1,3,9,7,9,8,9,14,16,10,9,20,17,17,19,11,11,26,18,24,23,20,17,27,16,18,34,26,19,27,26,28,30,37,34,38,42,38,43,47,35,57,52,42,53,63,53,54,70,57,55,73,78,75,91,70,97,90,86,99,93,111,133,130,138,158,122,127,136,162,143,156,168,156,160,173,148,210,175,188,190,204,190,231,199,215,201,207,210,215,240,243,251,242,208,246,234,247,221,217,232,222,233,228,222,236,217,231,242,214,214,193,193,190,218,201,175,206,183,193,163,171,192,151,202,161,213,164,175,173,164,186,175,156,166,165,167,141,168,149,161,172,162,155,169,158,155,176,165,183,185,162,153,154,153,140,131,159,160,143,155,130,112,147,127,125,130,131,121,97,94,77,79,78,68,53,53,46,40,38,29,29,25,22,21,14,15,9,7,8,12,8,9,3,5,2,3,3,1,1,3,0,1,1,0,0,0,1,0,0,0,0,0,0,0,0,0,0,0,0,0,0,0,0,0,0,0,0,0,0,0,0,0,0,0
59.05,0,0,0,0,0,0,0,0,0,1,0,0,0,0,0,1,0,2,0,0,1,0,0,1,1,1,0,0,0,0,1,3,1,0,1,1,1,1,2,2,1,3,1,1,2,1,2,2,1,2,3,0,1,3,3,1,4,3,0,0,2,0,1,2,1,0,1,8,14,17,14,13,10,16,18,9,13,24,13,21,19,15,15,17,21,14,21,31,25,18,25,21,25,21,21,24,28,30,35,27,41,46,41,42,41,39,33,57,60,49,51,50,50,54,47,70,67,77,97,86,81,85,100,84,101,108,128,102,99,112,121,142,128,141,141,149,151,157,190,171,148,175,154,179,219,155,210,222,197,230,204,240,218,203,234,214,233,242,237,253,221,242,231,219,211,213,237,234,201,208,224,230,220,247,233,216,203,187,190,187,213,164,222,190,178,159,171,194,150,188,173,204,174,173,189,169,183,172,147,171,166,167,146,170,159,165,169,170,147,172,162,154,176,157,188,182,160,153,157,153,140,133,162,155,145,149,130,115,144,128,126,129,131,122,97,94,77,77,80,68,53,53,45,40,38,29,29,26,20,20,14,15,8,7,8,12,8,8,3,5,2,3,3,1,1,3,0,1,1,0,0,0,1,0,0,0,0,0,0,0,0,0,0,0,0,0,0,0,0,0,0,0,0,0,0,0,0,0,0,0
59.15,1,0,0,0,2,0,1,0,0,0,0,0,0,0,1,0,0,0,0,0,0,0,0,0,0,0,0,0,1,1,0,1,1,1,0,3,1,1,0,0,2,0,3,0,1,0,3,1,1,1,6,3,2,2,4,5,1,1,1,1,2,0,3,1,1,1,6,5,15,9,15,11,10,8,8,17,9,14,18,16,22,12,19,20,10,24,21,20,24,22,29,26,15,28,35,33,38,21,44,42,25,41,45,36,33,47,52,45,59,60,58,60,91,58,62,84,78,65,70,71,90,93,109,75,87,117,120,118,126,113,124,125,128,156,143,144,148,144,158,133,155,160,174,187,176,243,213,187,199,231,226,212,185,241,221,203,233,229,217,224,239,262,241,225,229,235,247,251,194,215,249,239,236,260,245,228,193,187,204,197,213,165,208,191,177,158,186,205,151,182,187,201,170,172,187,168,178,173,151,167,168,165,150,160,165,166,177,171,146,167,167,151,174,160,181,179,171,156,159,159,140,131,162,152,148,155,129,119,145,128,127,128,133,122,96,95,77,77,82,68,52,53,45,40,38,29,29,26,19,20,14,15,8,7,8,12,8,8,3,5,2,3,3,1,1,3,0,1,1,0,0,0,1,0,0,0,0,0,0,0,0,0,0,0,0,0,0,0,0,0,0,0,0,0,0,0,0,0,0,0
59.25,0,0,0,0,0,0,0,1,0,0,0,0,0,0,0,0,0,0,0,0,0,1,1,0,0,1,0,0,0,0,0,1,2,0,2,1,1,3,0,1,0,0,0,0,0,0,1,1,1,0,0,2,0,0,3,2,0,7,3,0,2,1,1,7,2,3,2,8,8,13,15,15,9,16,13,10,17,12,17,11,18,15,28,32,18,22,27,17,27,16,18,24,23,21,27,33,30,38,33,41,37,34,46,40,37,52,55,40,56,48,49,64,58,72,77,68,78,61,78,89,83,92,109,102,111,93,98,96,109,128,121,148,138,123,134,164,131,157,135,150,170,177,166,192,194,222,201,208,194,196,213,210,190,212,248,222,246,252,205,237,237,262,233,228,239,224,236,215,216,232,243,233,217,247,224,245,207,209,222,195,213,183,200,200,162,173,182,194,155,181,188,200,169,165,195,165,172,158,152,172,165,164,146,165,159,165,178,168,153,161,175,151,179,157,181,175,170,157,151,161,139,132,163,148,150,154,131,118,140,127,126,129,133,123,96,95,78,76,82,68,51,53,44,40,37,29,29,23,19,20,14,15,8,7,8,12,8,8,3,5,2,3,3,1,1,3,0,1,1,0,0,0,1,0,0,0,0,0,0,0,0,0,0,0,0,0,0,0,0,0,0,0,0,0,0,0,0,0,0,0
59.35,0,0,0,0,0,0,0,0,0,0,1,1,0,1,0,0,0,0,0,1,0,1,0,1,2,1,0,1,0,0,0,1,1,1,1,3,0,0,1,0,0,2,1,1,0,0,0,0,1,3,0,2,1,3,1,4,2,1,3,0,2,3,2,0,5,3,2,3,5,16,20,9,16,10,19,23,9,18,8,15,16,24,18,14,8,17,15,23,22,18,23,23,19,29,36,22,28,28,29,31,32,36,43,42,40,51,50,41,50,45,59,53,66,60,63,72,75,73,86,99,90,108,82,90,107,94,103,93,116,108,120,133,124,127,148,135,147,168,145,170,144,184,185,153,198,220,190,206,175,196,204,204,205,213,226,206,206,227,205,219,245,261,242,228,222,226,222,226,202,201,236,238,231,237,212,233,216,205,192,202,203,198,195,197,180,163,186,187,157,169,190,204,163,174,193,167,165,165,156,170,165,154,150,164,157,165,177,169,154,162,175,147,179,161,174,181,169,158,152,160,137,130,162,141,151,153,132,114,143,126,125,130,133,124,96,97,78,78,81,68,51,55,44,40,37,29,29,23,20,20,14,15,8,7,8,12,8,8,3,5,2,3,3,1,1,3,0,1,1,0,0,0,1,0,0,0,0,0,0,0,0,0,0,0,0,0,0,0,0,0,0,0,0,0,0,0,0,0,0,0
59.45,0,0,0,0,0,0,0,0,0,0,0,0,0,0,0,0,1,1,0,0,0,0,0,0,0,0,1,1,1,0,0,0,0,0,0,0,1,0,0,0,1,0,1,0,0,0,0,2,0,1,0,2,3,3,0,2,1,2,1,2,1,0,0,0,2,2,1,8,13,11,9,17,10,14,11,9,12,18,15,7,17,11,22,22,14,12,23,23,33,27,33,36,25,24,26,31,32,29,27,42,38,29,45,51,51,53,42,41,62,55,78,55,39,47,58,63,83,83,75,83,82,81,104,99,98,93,99,94,96,113,97,123,133,111,126,135,133,148,173,182,171,182,185,198,194,189,213,209,200,229,202,218,218,230,227,231,209,209,215,214,219,234,238,230,240,234,214,215,205,204,222,232,222,231,230,229,203,206,206,192,200,189,191,202,177,178,187,187,166,172,192,188,162,189,185,158,162,158,153,159,164,151,152,158,161,168,181,178,153,161,172,146,173,164,174,181,170,158,157,159,139,128,161,146,148,154,134,112,142,129,125,132,134,123,98,99,77,79,80,68,51,55,44,40,36,30,29,24,19,20,14,15,8,7,8,12,8,8,3,5,2,3,3,1,1,3,0,1,1,0,0,0,1,0,0,0,0,0,0,0,0,0,0,0,0,0,0,0,0,0,0,0,0,0,0,0,0,0,0,0
59.55,0,0,0,0,1,0,0,0,0,0,0,0,0,0,0,0,0,0,0,0,0,0,0,0,0,1,0,0,0,0,0,1,1,1,2,0,0,0,0,1,1,2,1,0,0,3,1,0,0,1,2,1,0,2,2,1,2,4,1,1,1,0,2,1,2,1,5,8,11,12,7,10,16,11,20,14,19,23,19,17,16,22,26,19,17,23,23,16,22,17,34,28,25,29,34,31,42,32,43,43,42,42,36,44,49,38,54,53,49,61,58,48,52,61,54,69,61,71,86,70,80,75,94,99,101,99,98,127,111,121,126,132,124,130,163,150,143,142,141,174,175,175,228,203,179,204,196,215,215,219,214,193,220,213,218,227,230,218,239,243,221,233,269,233,228,230,211,228,204,226,221,209,237,235,236,245,193,199,197,185,215,180,206,187,162,176,177,184,172,161,183,186,170,190,179,155,159,165,156,164,178,150,158,150,165,164,175,177,155,165,174,144,169,167,180,181,171,151,154,155,145,128,160,146,148,152,135,110,145,132,124,128,134,123,101,101,76,80,79,69,53,55,42,39,36,30,27,22,19,19,13,15,8,7,8,12,8,7,3,5,2,3,3,1,1,3,0,1,1,0,0,0,1,0,0,0,0,0,0,0,0,0,0,0,0,0,0,0,0,0,0,0,0,0,0,0,0,0,0,0
59.65,0,0,0,0,0,0,0,0,0,0,0,0,1,0,0,0,0,0,0,0,0,1,0,0,0,0,0,1,1,1,0,1,0,1,1,2,2,1,0,0,1,1,2,2,0,1,2,2,1,3,0,0,2,1,1,0,4,4,3,3,2,3,5,1,2,1,0,9,11,11,22,16,11,11,18,17,14,16,16,22,18,26,15,17,18,22,16,26,16,31,31,25,33,35,32,26,37,28,38,27,40,38,52,40,46,54,48,52,55,41,51,53,44,66,59,70,61,67,87,84,84,80,104,92,98,105,98,103,121,119,130,113,151,113,133,131,158,154,172,160,195,205,181,197,185,178,181,204,204,218,221,206,230,204,208,212,225,218,233,256,226,217,245,254,260,240,207,234,198,216,202,212,234,218,221,225,198,200,194,194,232,168,194,175,168,165,184,173,175,159,190,185,165,164,168,153,150,179,137,169,179,146,161,151,160,169,183,180,162,163,166,148,173,170,183,176,171,155,154,159,149,128,157,150,146,152,132,105,147,131,124,125,132,121,101,101,77,79,82,66,53,54,42,39,36,30,27,22,19,19,13,15,8,7,8,12,8,7,3,5,2,3,3,1,1,3,0,1,1,0,0,0,1,0,0,0,0,0,0,0,0,0,0,0,0,0,0,0,0,0,0,0,0,0,0,0,0,0,0,0
59.75,0,0,0,0,0,1,0,0,0,0,0,0,0,0,0,0,0,0,0,0,0,0,0,1,0,1,1,1,0,0,2,1,0,0,1,0,0,1,2,0,2,0,0,3,2,1,1,2,2,1,2,2,1,2,1,2,0,3,1,0,2,0,0,1,3,0,2,8,10,9,10,11,6,9,13,7,21,14,12,18,17,26,28,30,18,20,20,25,23,37,30,31,33,28,34,33,29,29,31,32,27,27,36,34,48,46,39,43,53,57,44,41,72,75,72,70,60,60,65,85,83,70,87,104,88,119,94,99,105,99,114,124,143,112,140,142,174,159,188,190,173,182,181,190,198,201,192,205,198,212,214,211,218,221,196,214,208,220,258,250,224,211,237,230,243,228,220,241,205,226,191,194,238,209,209,225,202,203,188,182,244,180,192,180,177,159,176,172,168,163,183,168,165,173,176,164,142,175,137,179,179,150,155,154,155,172,180,169,159,159,163,154,173,179,188,170,169,157,162,156,148,125,157,144,152,149,133,106,142,130,129,122,134,120,98,101,74,79,83,67,51,54,42,40,34,30,27,22,19,18,13,15,8,7,8,12,8,7,3,5,2,2,3,1,1,3,0,1,1,0,0,0,1,0,0,0,0,0,0,0,0,0,0,0,0,0,0,0,0,0,0,0,0,0,0,0,0,0,0,0
59.85,0,0,0,0,0,0,0,0,0,0,0,0,0,0,0,1,0,0,0,0,0,1,0,1,1,1,1,1,0,0,0,1,0,0,0,1,2,1,0,0,2,1,4,1,2,0,4,2,3,2,1,0,0,1,6,1,0,1,2,2,3,2,1,1,3,1,2,7,7,16,16,11,12,14,11,13,15,15,12,14,20,9,20,18,18,21,17,18,30,25,22,18,31,30,28,37,25,35,28,37,44,36,40,37,62,41,50,35,57,51,60,53,43,52,65,78,60,54,62,64,72,66,100,71,93,102,105,107,123,121,114,133,133,141,139,153,183,164,176,164,155,171,186,186,184,183,178,187,190,193,200,235,217,217,232,213,228,238,232,244,211,209,254,246,236,242,215,236,236,196,197,198,228,213,218,214,204,178,190,185,230,190,196,179,178,163,162,182,167,178,180,169,157,176,177,160,146,173,138,173,173,154,152,157,151,167,177,162,163,159,162,156,171,183,183,175,169,157,168,150,153,123,156,145,144,151,133,107,140,132,126,122,133,119,98,100,74,77,84,68,51,54,41,38,34,30,27,22,19,18,13,15,8,7,8,12,8,7,3,5,2,2,3,1,1,3,0,1,1,0,0,0,1,0,0,0,0,0,0,0,0,0,0,0,0,0,0,0,0,0,0,0,0,0,0,0,0,0,0,0
59.95,0,0,0,0,0,0,0,0,1,0,0,0,0,0,0,0,1,1,0,0,0,1,1,0,0,0,0,0,0,0,0,0,0,1,0,0,1,1,1,0,4,0,2,0,1,4,0,2,1,1,3,3,1,4,0,0,3,1,0,3,2,3,1,4,3,1,1,3,12,14,11,9,12,14,18,15,16,13,29,14,15,9,12,18,15,23,33,31,28,21,35,28,25,28,35,30,28,26,28,33,46,44,31,43,34,44,49,45,53,63,55,65,61,66,58,78,73,95,80,81,78,73,105,94,96,113,115,108,111,106,115,136,144,144,166,145,163,169,159,169,160,182,179,179,154,195,205,181,187,182,190,248,231,214,224,218,250,238,249,232,201,219,244,245,213,255,224,228,238,210,201,228,232,221,202,222,209,166,200,207,207,197,199,176,172,169,171,175,151,168,184,161,165,171,166,162,155,173,126,164,187,159,143,169,144,170,176,151,164,162,164,159,172,179,190,177,162,159,169,156,150,127,161,146,147,144,131,111,142,137,125,121,136,116,98,99,74,77,84,68,51,54,41,38,34,30,27,22,19,18,15,13,8,9,8,12,8,7,3,5,2,2,3,1,1,3,0,1,1,0,0,0,1,0,0,0,0,0,0,0,0,0,0,0,0,0,0,0,0,0,0,0,0,0,0,0,0,0,0,0
60.05,0,0,0,0,0,0,0,0,0,0,0,0,1,1,0,0,1,0,0,0,0,2,2,1,0,0,1,0,0,0,0,3,0,0,1,2,0,0,1,1,0,1,3,2,3,1,1,2,0,1,2,1,0,1,0,2,2,3,2,3,1,6,1,1,4,0,2,6,9,7,7,11,15,15,9,10,11,13,17,14,17,15,18,15,16,24,17,17,23,25,27,26,22,21,27,24,22,26,33,34,39,48,40,38,45,54,49,53,55,53,61,43,77,51,68,71,80,77,72,73,72,83,83,102,96,113,115,111,137,129,116,131,119,137,144,166,134,138,156,204,158,181,185,175,174,190,174,196,193,176,196,224,243,235,240,221,220,240,248,238,229,211,228,246,245,259,238,234,235,219,190,227,238,208,197,230,202,184,207,199,216,202,187,172,167,170,175,175,147,174,178,157,165,166,158,169,154,175,128,155,181,158,139,175,145,173,182,146,162,161,157,160,172,179,190,180,166,157,170,155,150,127,161,145,147,143,133,110,140,134,128,123,137,115,98,98,74,78,82,68,50,53,41,38,33,30,27,22,19,18,15,13,8,9,8,11,8,7,3,5,2,2,3,1,1,3,0,1,1,0,0,0,1,0,0,0,0,0,0,0,0,0,0,0,0,0,0,0,0,0,0,0,0,0,0,0,0,0,0,0
60.15,0,0,0,0,1,0,0,0,0,0,0,0,0,0,0,0,0,0,0,1,0,1,0,1,0,1,0,0,0,1,2,0,0,1,2,1,1,0,2,2,0,0,3,5,2,3,0,0,1,2,2,1,3,0,0,1,2,3,2,0,3,1,3,3,5,1,1,3,10,9,10,9,16,15,14,21,12,21,18,10,21,16,20,19,24,29,22,15,26,28,24,22,26,26,42,32,23,34,43,35,45,45,34,30,44,42,52,46,52,52,51,55,58,63,70,62,76,58,73,69,91,75,79,98,89,109,105,122,124,112,159,114,132,144,153,112,141,163,161,172,170,186,199,180,164,165,189,171,159,200,189,239,203,239,243,229,204,240,226,218,236,213,215,240,234,234,240,212,244,226,188,217,221,224,203,228,200,187,204,183,191,216,174,175,162,175,176,161,152,167,174,167,159,159,149,164,160,173,132,160,176,156,147,175,144,163,189,145,162,153,156,161,168,182,185,178,161,155,169,156,151,124,161,145,144,141,136,106,140,131,129,126,137,114,96,97,74,79,82,67,50,53,41,36,36,30,27,22,18,18,15,13,8,9,8,11,8,8,3,5,2,2,3,1,1,3,0,1,1,0,0,0,1,0,0,0,0,0,0,0,0,0,0,0,0,0,0,0,0,0,0,0,0,0,0,0,0,0,0,0
60.25,0,0,0,0,0,0,0,0,0,0,0,0,1,0,0,0,0,0,0,0,0,1,0,1,1,1,0,0,0,0,1,1,1,0,0,2,0,2,1,1,0,2,3,2,0,0,0,1,1,0,0,0,2,1,4,1,1,1,1,1,1,1,4,1,2,0,5,6,8,12,7,6,13,13,14,18,20,18,14,24,8,17,20,29,19,34,23,32,18,17,17,38,31,33,33,26,33,35,40,40,28,42,33,38,36,50,45,48,52,51,55,44,51,66,60,57,79,67,76,86,84,90,90,100,104,109,95,91,110,112,121,143,137,119,124,162,157,146,137,163,153,167,180,181,184,177,162,169,175,187,223,205,213,225,252,239,250,227,235,211,229,194,219,250,245,235,217,203,248,216,200,222,233,198,192,223,198,201,190,181,205,208,178,175,177,168,176,163,164,170,187,162,157,169,141,170,162,176,133,165,169,153,159,170,141,156,191,146,161,154,152,158,166,185,184,184,158,160,168,154,148,123,163,146,144,142,138,104,138,131,129,122,139,115,96,98,74,79,82,67,50,54,40,36,36,30,27,22,18,18,14,12,8,9,8,11,8,8,3,5,2,2,3,1,1,3,0,1,1,0,0,0,1,0,0,0,0,0,0,0,0,0,0,0,0,0,0,0,0,0,0,0,0,0,0,0,0,0,0,0
60.35,0,0,0,0,0,0,0,0,0,0,0,0,0,0,0,1,0,0,0,0,0,0,0,1,0,1,0,2,0,0,0,0,1,0,0,2,1,1,0,0,0,0,1,2,2,1,2,0,0,2,1,0,4,3,2,2,1,0,0,0,1,2,2,0,3,3,2,5,13,10,16,12,5,6,26,10,15,20,15,16,19,15,21,21,22,16,20,29,21,17,23,17,30,21,27,34,27,38,33,39,34,29,38,32,37,37,40,38,60,52,54,67,73,66,72,53,74,67,82,70,82,81,89,104,103,89,104,92,114,115,105,125,130,136,141,148,159,147,173,152,132,149,167,171,205,204,169,201,204,190,204,198,226,230,254,225,259,217,219,231,231,200,207,244,270,217,218,199,253,206,222,221,234,197,199,227,192,203,198,200,200,193,177,167,170,167,176,162,164,184,182,165,151,167,153,164,159,179,154,155,157,155,155,164,143,157,188,145,161,158,151,153,166,183,189,182,157,163,161,158,149,124,161,139,146,143,139,103,138,127,128,123,137,113,97,96,74,81,81,68,51,55,40,38,36,30,27,22,18,18,14,13,8,9,8,11,8,8,3,5,2,2,3,1,1,3,0,1,1,0,0,0,1,0,0,0,0,0,0,0,0,0,0,0,0,0,0,0,0,0,0,0,0,0,0,0,0,0,0,0
60.45,0,0,0,0,0,0,0,0,0,2,0,0,0,0,0,1,0,0,0,0,0,0,0,0,0,1,0,0,0,0,0,1,1,2,1,2,0,0,0,1,1,1,2,2,1,1,1,2,2,3,1,2,2,3,0,2,3,3,2,3,0,1,0,1,1,4,2,10,9,9,11,10,15,16,13,17,19,15,14,22,20,8,30,24,19,16,27,22,25,18,20,21,23,34,20,27,25,33,28,35,30,48,42,52,42,43,54,48,56,52,53,55,63,77,67,71,81,69,76,88,91,82,81,82,85,108,89,114,143,122,110,117,123,136,122,148,134,156,149,153,176,162,174,174,197,153,215,190,209,185,211,210,233,222,232,241,238,224,236,194,246,232,204,254,265,206,229,203,237,198,209,206,205,196,201,219,202,187,207,198,206,180,173,163,165,174,169,165,169,188,164,162,151,165,151,154,162,176,155,160,156,153,151,167,142,146,189,145,160,159,154,149,174,179,190,182,155,163,160,156,150,124,158,147,149,145,138,103,136,127,128,122,139,113,96,95,73,81,81,68,52,54,38,38,35,30,28,21,18,18,14,13,8,9,8,11,8,8,3,5,2,2,3,1,1,3,0,1,1,0,0,0,1,0,0,0,0,0,0,0,0,0,0,0,0,0,0,0,0,0,0,0,0,0,0,0,0,0,0,0
60.55,0,0,1,0,0,0,0,0,0,0,0,0,0,0,0,1,0,0,2,0,0,0,0,0,0,1,0,1,0,1,0,0,2,2,0,1,0,1,0,0,1,4,1,1,3,2,1,3,0,1,3,3,1,2,1,2,1,3,3,1,1,1,5,2,2,4,2,8,8,7,9,14,10,20,20,21,10,15,24,17,14,17,16,18,21,15,26,28,22,27,32,30,29,40,26,24,33,36,27,28,38,42,35,32,50,43,45,37,52,50,52,47,66,64,74,59,69,65,57,84,74,69,84,83,92,91,88,92,124,111,112,125,123,120,135,137,168,140,132,161,175,170,189,211,188,189,191,180,201,182,204,190,214,239,223,218,216,233,231,199,216,217,199,229,245,191,227,200,217,214,202,206,211,198,199,223,190,185,202,192,217,187,179,168,175,173,164,176,173,182,160,170,146,168,138,147,158,166,152,167,160,157,151,159,151,147,181,155,161,154,155,156,171,179,192,179,162,160,157,158,153,129,156,147,151,147,137,102,138,124,129,122,139,113,99,94,73,82,80,67,52,55,39,38,35,30,30,21,18,17,13,13,8,9,7,11,8,8,3,5,2,2,3,1,1,3,0,1,1,0,0,0,1,0,0,0,0,0,0,0,0,0,0,0,0,0,0,0,0,0,0,0,0,0,0,0,0,0,0,0
60.65,0,0,0,0,0,0,0,0,0,0,0,0,0,0,1,0,0,0,1,0,0,0,1,1,0,1,0,0,0,0,1,0,0,0,0,2,0,1,0,1,2,1,1,0,0,0,4,1,1,0,2,4,0,2,0,0,5,0,2,3,1,4,1,2,3,2,1,8,12,12,11,11,20,11,16,16,17,9,18,16,17,22,30,17,22,17,24,26,19,22,30,24,18,29,28,33,28,24,36,38,42,40,44,44,44,52,55,51,54,51,50,56,61,76,86,67,65,57,85,81,77,77,75,80,90,91,105,82,114,97,118,115,140,150,138,149,147,173,150,141,183,189,184,196,199,184,211,200,210,216,198,226,191,187,220,230,228,237,214,220,192,244,201,224,239,203,221,209,219,220,204,225,197,195,196,214,197,184,211,199,214,181,181,165,178,182,167,163,166,178,173,169,155,168,136,158,159,164,155,166,163,149,157,154,149,135,179,158,158,155,152,148,170,182,190,184,161,163,155,163,151,130,155,147,148,146,141,106,142,127,124,123,140,112,98,94,72,83,80,67,50,55,39,38,35,30,30,21,18,17,13,13,8,9,8,11,8,7,3,5,2,2,3,1,1,3,0,1,1,0,0,0,1,0,0,0,0,0,0,0,0,0,0,0,0,0,0,0,0,0,0,0,0,0,0,0,0,0,0,0
60.75,0,0,0,0,0,0,1,0,0,0,0,0,0,0,0,0,0,0,1,2,0,0,0,0,0,0,0,0,1,1,1,0,1,1,1,1,1,0,2,3,1,0,3,2,4,3,0,3,0,2,0,4,4,2,3,2,3,1,3,0,1,1,3,0,3,3,3,8,14,14,19,16,27,12,17,18,22,19,19,22,21,25,22,24,15,24,21,20,38,22,26,25,20,27,31,32,31,44,33,35,37,45,41,37,42,40,39,50,52,44,60,66,76,43,76,67,61,97,59,78,72,88,88,91,123,125,105,105,118,139,98,116,122,147,133,154,178,147,170,161,185,170,189,214,162,215,207,171,223,215,217,205,213,210,236,225,207,242,233,228,201,242,201,240,233,201,209,238,232,223,191,214,212,178,185,213,203,182,202,203,214,178,181,173,165,173,150,148,175,180,165,168,151,177,133,154,158,160,149,168,163,151,161,147,164,134,173,163,154,160,152,155,166,183,195,185,161,165,153,160,153,123,159,146,149,145,143,105,141,128,123,126,139,109,99,93,72,83,80,65,51,55,39,37,35,30,30,22,17,17,13,13,8,9,8,11,8,7,3,5,2,3,2,1,1,3,0,1,1,0,0,0,1,0,0,0,0,0,0,0,0,0,0,0,0,0,0,0,0,0,0,0,0,0,0,0,0,0,0,0
60.85,0,0,0,0,0,0,1,0,0,1,1,0,1,0,0,0,0,0,1,0,1,0,1,2,0,0,0,0,0,0,2,0,0,0,0,2,1,0,2,0,1,0,0,0,0,1,3,0,2,2,4,4,3,3,1,3,0,1,3,4,2,2,3,1,2,3,2,3,12,12,12,8,15,11,18,12,12,16,13,29,15,19,21,18,15,25,25,27,24,23,38,27,19,24,35,43,33,33,31,32,40,36,40,54,47,44,36,63,49,48,54,48,58,61,68,82,69,78,72,86,63,94,87,88,88,91,92,102,130,133,121,129,126,123,162,137,133,151,162,164,191,185,167,177,199,189,222,186,242,179,221,173,200,224,213,218,239,264,213,220,231,231,217,247,213,202,212,216,212,202,211,209,207,183,192,191,212,189,202,187,204,187,172,172,162,168,148,151,181,169,166,156,137,171,142,155,155,157,153,155,170,151,167,147,160,135,173,164,153,162,147,163,158,181,197,179,160,166,149,162,154,116,158,148,150,147,141,106,140,126,124,123,140,108,96,94,71,81,78,66,51,55,39,37,35,28,31,23,17,17,13,13,8,9,8,11,8,7,3,5,2,3,2,1,1,3,0,1,1,0,0,0,1,0,0,0,0,0,0,0,0,0,0,0,0,0,0,0,0,0,0,0,0,0,0,0,0,0,0,0
60.95,0,0,0,0,0,0,0,0,1,0,0,0,0,0,0,0,0,0,0,0,0,0,0,0,0,0,0,0,0,0,0,0,1,1,0,0,0,0,1,0,1,3,0,0,2,1,4,1,2,0,1,3,2,1,3,2,1,1,1,1,2,2,0,1,2,0,3,4,12,11,16,8,10,11,19,15,17,15,20,5,23,10,14,15,22,19,24,36,20,25,17,35,25,33,37,34,26,28,33,41,38,37,42,50,37,43,58,42,42,48,69,46,55,54,82,65,66,78,73,88,104,87,72,98,99,101,95,94,120,127,111,117,132,143,139,160,154,175,171,182,184,171,189,170,182,186,197,194,182,233,220,214,213,214,224,241,242,215,236,227,246,212,212,225,214,242,196,225,205,199,209,193,193,186,181,190,215,189,195,195,200,190,163,142,171,158,160,149,192,160,161,159,128,167,145,164,158,154,155,166,162,147,173,147,157,140,172,168,152,158,140,160,164,184,192,175,157,162,153,156,155,119,159,150,149,148,143,103,140,128,119,126,139,107,94,92,70,81,77,67,53,55,38,36,36,27,31,24,16,17,13,13,8,9,8,11,8,7,3,5,2,3,2,1,1,3,0,1,1,0,0,0,1,0,0,0,0,0,0,0,0,0,0,0,0,0,0,0,0,0,0,0,0,0,0,0,0,0,0,0
61.05,0,0,0,0,0,0,0,0,0,0,0,0,0,1,0,0,0,0,0,0,0,1,0,1,1,0,0,1,2,0,2,1,0,1,0,1,3,0,3,0,1,0,2,2,1,2,1,2,2,0,3,1,3,0,0,1,0,2,2,0,0,1,2,0,1,1,3,3,11,7,20,16,12,16,12,15,15,13,17,18,12,18,9,20,18,17,18,21,15,15,32,30,23,20,32,28,31,37,31,31,38,20,36,43,37,44,50,37,52,50,49,69,72,60,58,74,59,83,91,93,74,83,87,79,93,88,91,105,105,103,122,131,127,123,158,143,159,160,163,167,140,167,182,210,170,177,179,215,182,248,203,210,222,215,223,238,238,209,227,207,227,223,229,219,215,245,227,218,205,213,213,183,213,192,208,197,211,181,204,213,202,195,182,142,185,172,140,145,194,163,164,154,134,166,144,159,149,155,150,172,168,146,170,157,150,147,175,170,150,155,142,162,163,186,193,170,159,165,149,155,149,119,161,144,151,147,142,103,138,125,119,131,136,106,95,92,70,81,77,65,53,55,39,36,32,27,31,24,16,17,13,13,8,9,8,11,8,7,3,5,2,3,2,1,1,3,0,1,1,0,0,0,1,0,0,0,0,0,0,0,0,0,0,0,0,0,0,0,0,0,0,0,0,0,0,0,0,0,0,0
61.15,0,0,0,0,0,0,0,0,0,1,0,0,0,0,0,0,1,1,0,0,0,0,0,0,0,0,1,0,1,0,0,1,0,0,0,0,2,0,1,1,0,0,3,0,2,1,0,0,2,1,4,2,1,4,0,0,0,5,1,0,0,3,1,3,2,1,3,5,4,13,11,11,15,18,8,8,17,12,13,11,19,16,12,20,20,9,21,23,16,19,24,36,28,24,34,21,29,37,37,36,40,38,29,47,41,35,47,43,51,49,45,58,52,61,63,59,76,65,75,76,77,89,79,94,104,103,116,127,114,114,131,149,125,142,118,155,147,169,163,131,164,172,202,164,184,172,183,165,215,191,199,202,213,240,248,215,260,233,236,203,225,227,244,212,202,230,203,220,196,213,238,194,227,195,213,211,218,204,207,182,203,190,170,138,179,181,147,143,188,169,165,152,127,171,150,161,146,152,156,162,163,144,170,153,148,145,177,163,155,153,142,164,163,191,184,163,157,161,148,155,148,119,159,142,153,147,141,106,138,126,118,134,135,106,95,94,71,79,77,63,54,56,38,36,32,27,30,24,15,18,13,13,8,9,8,11,8,7,3,5,2,3,2,1,1,3,0,1,1,0,0,0,1,0,0,0,0,0,0,0,0,0,0,0,0,0,0,0,0,0,0,0,0,0,0,0,0,0,0,0
61.25,0,0,1,0,0,0,0,0,2,0,0,0,0,0,0,0,0,1,1,0,0,0,0,0,0,0,0,0,0,0,1,0,0,0,2,1,1,0,1,1,2,2,2,0,2,2,1,2,1,3,3,2,2,0,0,2,2,1,3,3,2,3,0,0,2,1,2,7,8,14,10,7,17,6,18,10,17,12,13,16,16,18,21,21,15,15,19,37,28,26,19,27,24,37,36,28,31,34,40,37,44,40,48,59,31,38,51,58,52,42,67,56,50,54,62,56,85,89,88,67,74,92,83,111,88,100,84,112,119,103,131,130,129,144,136,150,166,147,140,191,171,198,164,176,158,199,200,199,196,183,210,176,222,242,225,214,243,229,215,198,224,225,259,217,210,216,190,204,203,224,182,200,235,206,217,200,201,226,218,170,203,179,162,142,181,182,158,144,186,171,165,162,131,165,155,154,148,159,168,153,159,145,167,154,150,137,171,159,162,153,145,165,158,191,186,163,160,161,148,157,146,121,156,142,154,144,139,105,140,125,114,134,134,107,95,95,72,77,78,63,52,56,38,36,32,27,30,24,15,18,13,13,8,9,8,11,8,7,3,5,2,3,2,1,1,3,0,1,1,0,0,0,1,0,0,0,0,0,0,0,0,0,0,0,0,0,0,0,0,0,0,0,0,0,0,0,0,0,0,0
61.35,0,0,0,1,0,0,0,0,0,0,1,0,0,0,0,0,0,0,0,0,0,1,0,0,1,0,0,2,0,1,1,0,0,0,0,1,0,1,1,2,0,2,1,0,0,1,1,1,1,3,2,3,2,2,1,1,1,1,2,0,2,4,2,0,3,1,2,10,6,17,7,12,14,16,15,10,17,15,15,15,19,12,27,18,20,31,21,26,26,29,22,19,28,18,41,32,23,34,42,32,40,40,40,36,52,45,49,41,43,51,54,58,50,59,51,73,69,78,84,88,69,101,94,103,96,102,90,109,109,127,132,144,118,156,152,158,153,149,141,176,160,160,164,160,173,201,189,208,229,179,187,197,211,224,219,244,225,197,219,215,242,246,248,237,247,217,200,205,193,218,184,202,231,212,215,210,218,219,209,158,199,190,162,155,189,193,171,141,171,176,169,152,137,164,145,156,157,153,173,152,155,147,167,149,159,140,172,154,160,161,140,166,160,183,189,162,157,164,149,152,150,118,156,146,153,147,136,106,143,127,112,136,133,105,96,95,72,78,77,61,52,57,37,36,32,27,31,25,15,18,13,13,8,9,8,11,8,7,3,5,2,3,2,1,1,3,0,1,1,0,0,0,1,0,0,0,0,0,0,0,0,0,0,0,0,0,0,0,0,0,0,0,0,0,0,0,0,0,0,0
61.45,0,0,0,0,0,0,0,0,0,0,0,0,0,0,0,0,0,0,1,0,0,0,0,0,0,0,0,0,0,0,0,1,0,0,2,3,0,0,3,1,0,2,1,2,3,3,1,0,0,0,2,2,0,2,1,2,0,4,2,1,1,3,1,2,1,0,1,9,13,15,12,12,13,11,17,13,15,11,15,20,24,23,8,18,15,14,25,26,19,16,23,26,21,25,34,44,27,39,42,45,34,35,38,40,30,46,40,44,45,54,51,51,56,64,43,79,72,78,71,90,79,97,83,113,109,94,118,121,112,120,119,150,118,138,146,138,139,152,144,154,164,164,174,165,196,184,189,203,178,223,207,177,208,209,229,237,226,240,199,222,227,225,217,232,211,222,192,205,199,207,184,209,230,222,218,204,219,225,190,179,194,191,166,163,177,186,167,139,184,173,173,156,132,162,151,152,151,154,172,164,159,150,167,154,155,136,167,159,157,152,142,163,168,174,188,161,151,164,155,155,152,121,155,146,150,148,140,104,144,127,112,139,135,106,95,95,72,73,75,61,54,57,38,36,31,27,31,25,15,18,13,14,8,9,7,11,8,7,3,5,2,3,2,1,1,3,0,1,1,0,0,0,1,0,0,0,0,0,0,0,0,0,0,0,0,0,0,0,0,0,0,0,0,0,0,0,0,0,0,0
61.55,0,0,0,0,0,0,0,0,0,0,0,0,0,0,0,0,0,0,0,0,0,0,0,0,0,0,1,0,1,0,0,1,1,0,0,0,3,0,1,1,0,2,2,1,1,0,5,2,0,0,1,2,1,7,0,1,1,1,2,4,2,6,2,0,1,3,3,7,12,11,6,12,9,19,10,13,16,17,9,15,20,15,20,21,15,22,23,31,33,26,22,36,29,23,30,33,43,31,31,32,32,38,55,41,48,40,40,59,46,61,53,56,68,51,57,53,78,60,79,75,80,90,93,76,99,87,108,89,92,110,122,118,139,139,138,133,138,145,160,170,157,154,166,159,186,165,187,198,178,196,226,202,196,198,230,240,218,253,208,225,251,231,221,221,194,223,195,207,194,203,188,220,220,205,230,203,231,205,179,176,191,177,175,177,188,185,175,140,197,172,178,162,140,169,152,155,152,155,164,170,164,139,166,150,162,146,162,158,163,144,143,166,168,173,192,164,152,162,153,155,148,123,156,148,147,149,137,106,146,130,113,140,134,108,90,92,73,73,75,63,54,57,38,36,31,27,31,25,15,18,13,14,8,9,7,11,8,7,3,5,2,3,2,1,1,3,0,1,1,0,0,0,1,0,0,0,0,0,0,0,0,0,0,0,0,0,0,0,0,0,0,0,0,0,0,0,0,0,0,0
61.65,0,0,0,0,0,0,0,0,0,0,0,0,0,0,0,0,0,0,0,1,0,1,0,0,0,1,0,0,1,0,0,1,0,0,1,0,2,1,1,2,1,3,2,0,1,2,2,1,2,2,0,2,3,4,5,2,1,2,0,2,4,2,1,4,1,1,5,7,9,13,13,13,10,15,18,26,17,17,17,17,16,17,18,13,19,24,31,18,13,32,18,26,29,18,20,34,28,27,31,41,31,46,45,40,40,39,46,51,44,54,52,52,53,49,71,58,65,64,74,79,81,80,87,100,94,97,100,79,112,108,111,115,127,146,130,158,134,156,154,160,160,180,183,175,173,181,200,185,192,195,199,259,208,216,243,216,206,247,223,256,237,221,242,199,180,230,216,212,217,209,206,215,195,209,230,193,225,206,178,186,195,184,164,185,176,190,175,126,193,162,181,156,142,165,145,151,158,152,164,167,155,139,159,157,163,146,166,159,155,148,144,167,169,178,198,167,158,160,150,156,147,124,158,146,152,145,137,109,147,130,118,143,134,107,93,91,73,71,75,63,55,56,38,36,31,27,30,26,15,17,13,13,8,9,7,11,8,7,3,5,2,3,2,1,1,3,0,1,1,0,0,0,1,0,0,0,0,0,0,0,0,0,0,0,0,0,0,0,0,0,0,0,0,0,0,0,0,0,0,0
61.75,0,0,1,0,0,0,0,0,0,0,0,0,0,0,0,0,0,0,0,1,0,0,0,1,1,1,1,2,0,0,0,1,1,0,2,0,0,0,0,3,1,2,0,0,0,3,1,1,2,0,0,2,3,2,4,3,1,0,3,1,1,4,2,0,2,2,3,4,16,8,18,10,14,11,9,23,13,19,10,13,15,24,23,16,16,16,21,15,19,24,28,28,28,23,29,30,33,30,32,48,36,34,50,38,38,42,39,42,60,48,56,53,52,57,68,78,65,82,73,64,82,88,90,80,93,122,91,106,106,91,106,114,157,144,137,140,125,155,158,155,164,160,166,182,193,179,183,195,206,213,218,218,233,229,216,202,226,244,253,257,215,215,233,187,195,233,190,216,228,222,201,223,205,199,243,190,222,200,181,187,200,181,180,185,182,200,167,135,203,179,182,163,138,163,148,142,153,155,166,161,155,140,159,152,164,142,166,160,152,147,144,167,165,176,200,162,155,160,153,152,151,128,155,147,154,142,138,109,146,127,117,145,132,109,93,91,74,70,75,63,55,57,36,36,31,26,29,26,15,17,13,12,8,9,7,11,8,7,3,4,2,3,2,1,1,3,0,1,1,0,0,0,1,0,0,0,0,0,0,0,0,0,0,0,0,0,0,0,0,0,0,0,0,0,0,0,0,0,0,0
61.85,0,0,0,0,0,0,0,0,0,0,0,0,0,0,0,0,0,0,1,0,0,2,0,0,0,1,0,0,1,0,0,0,0,0,0,0,1,2,1,0,2,1,0,2,1,0,1,0,1,3,1,1,2,1,2,1,2,1,2,0,1,4,2,2,1,0,4,2,7,13,17,13,13,10,21,12,11,11,10,24,13,24,14,17,18,20,27,18,24,23,25,34,35,26,31,17,21,33,42,25,30,39,22,38,30,47,48,51,44,43,63,63,57,65,71,69,76,60,84,64,63,75,94,89,72,93,104,127,101,132,120,131,127,108,133,135,154,135,149,163,174,154,183,162,173,192,168,167,199,201,195,221,214,237,224,225,223,240,242,232,206,227,249,205,201,210,215,206,213,211,211,221,218,199,211,201,217,215,180,194,200,168,184,158,173,180,183,116,198,174,179,156,125,163,151,146,153,155,170,159,161,136,163,158,174,151,167,161,154,139,147,166,169,176,201,162,158,161,151,156,146,124,155,148,152,142,136,110,140,127,117,144,132,108,94,90,74,71,74,63,56,57,37,36,31,26,29,25,15,17,13,12,8,9,7,11,8,7,3,4,2,3,2,1,1,3,0,1,1,0,0,0,1,0,0,0,0,0,0,0,0,0,0,0,0,0,0,0,0,0,0,0,0,0,0,0,0,0,0,0
61.95,0,0,0,0,0,0,0,0,0,0,0,0,0,0,0,0,0,0,0,0,0,0,0,0,0,0,1,0,0,0,1,1,1,0,0,0,3,1,0,2,0,1,1,0,1,2,3,0,4,0,3,2,2,0,2,2,2,4,3,4,0,2,2,0,3,1,7,10,9,12,17,10,9,14,12,15,17,15,11,22,14,18,22,12,22,23,19,24,20,28,28,24,28,26,28,29,24,38,27,41,37,49,25,56,35,45,51,37,55,67,47,59,68,66,67,62,84,64,91,65,80,80,80,96,95,100,96,118,102,100,125,117,134,122,141,145,163,133,145,160,148,187,185,164,179,184,171,182,203,203,210,212,210,225,234,202,244,230,229,219,219,217,227,228,194,214,218,199,217,214,224,226,207,182,223,192,197,212,186,204,192,168,162,174,162,174,179,117,203,160,173,168,144,148,137,139,154,151,174,155,161,137,168,155,172,146,169,159,152,138,154,162,174,174,201,165,156,164,147,151,145,125,157,153,152,146,135,107,140,122,119,139,134,105,94,94,74,71,75,62,56,57,35,36,31,25,29,25,14,17,12,12,8,8,7,11,8,7,3,4,2,3,2,1,1,3,0,1,1,0,0,0,1,0,0,0,0,0,0,0,0,0,0,0,0,0,0,0,0,0,0,0,0,0,0,0,0,0,0,0
62.05,0,0,0,0,0,0,0,0,0,1,0,0,0,0,0,0,0,0,0,0,0,0,0,1,0,0,0,0,0,0,0,0,0,1,0,0,1,1,0,2,6,0,3,0,0,2,1,3,1,2,4,0,1,3,0,0,1,2,0,0,1,1,0,1,3,1,3,6,11,13,6,11,7,10,15,15,13,16,6,20,14,8,13,14,21,10,18,20,25,24,22,26,13,21,24,26,26,49,36,45,32,43,44,43,45,45,54,52,51,42,58,52,59,56,68,62,74,64,64,78,89,105,99,94,81,113,123,100,116,134,123,114,141,141,109,156,169,159,153,145,181,193,171,167,184,161,170,193,194,198,213,211,208,205,218,218,225,229,245,216,230,237,225,237,180,203,198,207,208,200,209,221,209,172,222,193,219,202,169,202,200,183,142,163,165,150,175,121,206,169,167,169,143,147,136,137,151,146,180,167,166,144,168,154,167,150,164,164,143,141,151,156,170,178,199,158,159,171,156,150,149,124,157,152,150,147,145,106,141,117,120,136,135,107,95,92,73,71,74,62,56,58,34,36,31,24,29,25,14,19,12,12,8,8,7,11,8,7,3,4,2,3,2,1,1,3,0,1,1,0,0,0,1,0,0,0,0,0,0,0,0,0,0,0,0,0,0,0,0,0,0,0,0,0,0,0,0,0,0,0
62.15,0,0,0,1,0,0,0,0,0,0,0,0,0,0,0,1,0,0,0,0,0,0,0,0,1,0,0,0,0,0,0,0,0,0,0,0,1,0,1,1,1,0,1,1,2,0,2,1,3,2,2,2,2,3,3,3,0,1,4,2,0,1,2,0,0,2,1,9,3,14,16,9,9,15,14,14,13,12,18,9,9,16,21,16,18,20,20,20,19,28,18,15,19,25,27,32,43,32,28,37,37,30,36,34,42,35,41,46,55,60,44,60,52,69,62,64,60,60,58,81,68,81,78,95,95,99,109,110,101,118,116,120,124,127,136,134,156,172,159,180,162,165,156,178,159,179,189,190,196,172,199,194,208,224,207,233,222,230,213,202,228,252,209,228,193,203,198,203,224,211,209,219,213,187,213,207,215,198,174,201,194,188,150,165,182,152,159,129,191,158,166,182,153,150,133,136,155,151,185,159,160,143,167,155,168,156,164,161,145,141,153,152,171,184,200,160,161,171,161,150,145,122,162,156,152,151,146,108,140,114,122,136,132,107,97,92,75,71,72,62,56,58,36,36,31,23,29,25,13,19,13,11,8,8,7,11,8,7,3,4,2,3,2,1,1,3,0,1,1,0,0,0,1,0,0,0,0,0,0,0,0,0,0,0,0,0,0,0,0,0,0,0,0,0,0,0,0,0,0,0
62.25,0,0,0,0,0,0,0,0,0,0,0,0,0,0,0,0,0,0,0,0,0,1,1,0,0,1,0,0,0,0,1,0,0,0,0,0,2,0,1,1,1,1,0,1,0,1,0,2,0,2,0,4,2,1,1,1,3,0,2,0,1,2,1,1,3,1,1,13,11,10,13,10,14,10,13,7,15,17,10,10,24,13,22,12,18,14,30,19,25,30,27,27,31,34,20,39,27,44,32,30,29,43,35,39,42,42,46,58,51,64,44,48,59,63,57,77,64,69,57,79,68,84,84,95,88,88,92,97,109,109,119,113,134,144,133,146,137,154,156,162,157,165,175,172,166,178,181,221,185,182,202,208,210,177,207,211,219,225,233,207,238,240,205,240,198,201,210,184,213,227,210,191,213,198,201,234,222,187,174,201,203,180,150,185,177,170,148,139,189,151,165,172,152,157,145,128,162,151,183,173,156,144,169,154,170,161,163,163,148,144,152,152,169,178,199,158,159,171,158,152,144,125,160,157,150,153,143,103,136,112,124,135,130,107,98,93,75,71,72,62,56,58,36,36,31,22,29,25,13,18,13,11,8,7,7,11,8,7,3,4,2,3,2,1,1,3,0,1,1,0,0,0,1,0,0,0,0,0,0,0,0,0,0,0,0,0,0,0,0,0,0,0,0,0,0,0,0,0,0,0
62.35,0,0,0,0,0,0,0,0,1,0,1,0,0,0,0,0,0,0,0,0,1,0,0,0,0,0,1,0,0,3,2,0,0,0,1,1,1,2,0,1,0,1,1,0,1,0,3,2,2,1,0,2,1,1,1,1,1,3,3,3,2,3,2,1,1,1,2,11,9,9,9,10,13,12,11,12,19,19,8,24,15,13,24,16,19,30,18,17,16,21,24,33,17,27,25,26,32,30,28,37,31,31,32,36,41,45,54,59,40,44,49,56,63,68,58,74,77,72,69,62,84,80,103,77,88,108,76,99,91,115,110,135,120,123,107,134,155,128,161,150,181,162,154,171,189,209,189,177,189,198,200,198,214,198,218,215,227,227,227,236,239,234,211,254,200,196,220,198,212,206,220,213,189,189,202,244,212,180,171,194,189,180,148,183,170,174,155,149,185,158,171,165,140,156,149,129,159,151,186,172,162,143,165,150,166,160,160,167,153,146,149,151,175,176,199,153,166,173,157,149,141,120,164,151,150,153,141,103,136,113,125,133,129,106,100,95,75,71,71,63,56,58,36,36,31,24,29,25,13,18,13,11,8,7,7,10,9,7,3,4,2,3,2,1,1,3,0,1,1,0,0,0,1,0,0,0,0,0,0,0,0,0,0,0,0,0,0,0,0,0,0,0,0,0,0,0,0,0,0,0
62.45,0,0,0,0,0,0,0,0,0,0,0,0,0,0,1,0,0,0,0,0,0,0,0,0,0,0,1,0,0,0,0,0,1,0,0,2,0,0,0,0,0,4,0,1,1,1,1,2,1,1,0,1,1,2,1,2,2,1,5,1,2,1,3,2,1,4,2,6,10,11,12,5,9,13,13,16,13,11,14,9,13,14,18,16,21,16,16,29,20,21,16,34,32,36,25,30,27,30,28,40,34,43,41,38,40,39,41,47,33,45,45,55,60,73,63,74,58,59,64,70,74,77,94,98,98,101,107,97,121,104,132,106,117,121,138,138,134,130,152,162,181,160,164,195,193,192,208,180,194,224,200,220,211,202,202,222,220,218,223,215,218,222,225,239,224,190,222,209,203,203,223,198,187,197,207,239,221,179,179,194,189,185,156,182,171,187,150,145,188,154,174,159,141,158,151,123,168,159,180,178,165,144,156,150,171,157,164,168,152,146,149,154,173,174,201,154,168,173,154,151,141,120,164,151,148,156,144,100,137,110,125,131,131,106,104,101,76,69,71,63,56,59,35,36,33,24,29,25,13,18,12,11,8,7,6,10,9,7,3,4,2,3,2,2,1,3,0,1,1,0,0,0,1,0,0,0,0,0,0,0,0,0,0,0,0,0,0,0,0,0,0,0,0,0,0,0,0,0,0,0
62.55,1,0,0,0,0,0,0,0,0,0,1,0,0,0,0,0,0,0,0,1,0,0,0,0,0,0,0,1,0,0,0,0,0,0,1,0,1,0,1,0,1,0,1,0,1,1,1,3,1,1,0,4,2,0,6,1,1,0,3,1,2,1,2,4,1,0,1,4,5,10,6,14,15,14,6,19,8,17,19,21,13,18,9,21,20,22,13,18,21,33,28,25,23,21,21,27,33,28,28,30,28,36,29,38,43,55,45,49,66,61,52,62,57,55,54,59,79,63,93,78,76,79,107,93,96,102,104,103,106,99,100,127,134,112,115,118,148,144,141,157,166,166,178,181,215,204,209,209,184,218,218,205,208,217,210,205,199,221,215,224,210,235,221,227,213,199,227,195,202,197,219,180,202,194,219,212,199,163,177,193,177,193,163,176,157,177,155,149,182,142,174,155,144,169,158,142,171,160,178,188,160,144,159,148,178,151,164,166,155,142,153,150,170,174,198,155,168,173,148,156,140,123,166,150,153,160,137,102,137,111,124,135,130,106,105,100,77,69,69,63,55,59,35,36,33,24,27,25,13,18,12,9,8,6,6,10,9,7,3,4,2,3,2,2,1,3,0,1,1,0,0,0,1,0,0,0,0,0,0,0,0,0,0,0,0,0,0,0,0,0,0,0,0,0,0,0,0,0,0,0
62.65,0,0,0,0,0,0,0,0,0,0,0,0,0,0,0,1,1,0,0,1,1,1,0,1,1,0,2,0,0,0,1,0,1,1,1,0,3,5,2,0,1,2,0,1,2,4,1,4,2,1,1,1,2,0,0,1,1,3,2,2,4,1,2,0,1,2,3,7,13,10,15,10,19,9,10,10,6,11,13,15,12,20,13,14,16,23,25,16,13,17,27,25,21,30,30,27,31,22,30,32,34,39,33,38,38,50,44,46,52,52,49,58,63,61,65,79,66,75,73,79,67,82,89,97,90,105,88,92,115,115,120,118,137,123,132,140,132,141,144,175,156,165,187,212,182,210,185,196,201,225,192,191,217,222,212,194,223,222,217,272,231,215,224,225,222,212,207,184,208,204,220,195,193,186,213,209,204,171,189,190,166,185,159,174,161,176,160,152,184,131,170,156,140,164,167,131,169,163,180,186,160,147,153,156,179,150,166,159,149,147,150,154,173,171,199,159,166,173,146,155,139,122,164,150,152,159,134,100,133,111,126,136,126,106,105,100,77,69,68,64,55,59,35,34,33,24,27,25,13,20,12,9,9,5,6,10,9,7,3,4,2,3,2,2,1,3,0,1,1,0,0,0,1,0,0,0,0,0,0,0,0,0,0,0,0,0,0,0,0,0,0,0,0,0,0,0,0,0,0,0
62.75,0,0,0,1,0,0,0,0,0,0,0,2,0,0,0,0,0,0,0,2,0,0,0,0,0,1,2,0,0,0,0,1,1,1,1,0,0,1,1,1,0,1,0,1,1,2,0,2,0,3,1,1,0,2,0,0,2,1,2,0,1,2,3,4,0,2,3,7,7,12,11,6,11,10,10,11,18,16,16,15,16,16,22,17,24,11,20,15,22,25,18,18,33,23,27,22,35,26,31,22,41,29,39,30,48,48,59,55,34,61,46,53,61,66,38,66,77,78,63,68,69,84,80,100,86,100,90,98,96,133,135,118,123,126,150,129,139,174,155,159,175,170,189,177,199,204,181,203,197,201,206,213,236,226,221,207,220,182,207,227,234,216,235,197,208,213,202,177,197,203,203,193,199,191,199,196,184,182,178,215,159,191,174,171,160,171,152,170,183,128,179,162,154,153,163,130,173,158,188,177,161,144,149,169,173,141,162,162,158,142,148,155,167,169,198,159,161,170,145,148,139,123,167,151,153,161,130,100,137,112,123,138,129,103,105,103,77,69,70,64,55,57,35,34,33,24,27,25,13,17,12,9,9,5,6,10,9,7,3,4,2,3,2,2,1,3,0,1,1,0,0,0,1,0,0,0,0,0,0,0,0,0,0,0,0,0,0,0,0,0,0,0,0,0,0,0,0,0,0,0
62.85,0,0,0,0,0,0,1,0,1,0,1,1,0,0,0,0,0,0,0,0,1,0,1,1,0,0,0,0,1,0,1,0,2,2,0,1,0,1,2,0,2,3,2,0,3,1,1,2,2,1,2,2,1,1,2,0,3,1,0,1,2,0,2,1,0,3,4,2,8,12,14,7,11,10,11,18,12,16,18,8,13,15,20,24,28,17,21,22,28,44,36,27,28,26,25,26,26,35,39,36,42,39,34,33,49,38,43,41,59,51,51,51,45,53,58,74,63,78,79,66,72,72,90,88,102,112,109,98,98,107,125,139,116,129,142,156,159,140,158,150,163,169,175,174,165,175,216,173,218,180,173,212,223,231,221,206,212,195,205,229,235,210,215,198,218,186,206,185,200,212,203,193,195,190,187,192,183,193,191,192,159,187,187,174,161,159,149,186,175,136,174,159,158,150,157,131,164,162,187,178,155,137,153,164,174,139,160,163,160,147,149,144,166,170,198,159,162,170,150,144,139,124,168,150,153,157,133,100,132,114,122,135,127,104,107,105,76,68,70,64,55,57,34,34,33,24,27,24,13,17,10,9,9,5,6,10,9,7,3,4,2,3,2,2,1,3,0,1,1,0,0,0,1,0,0,0,0,0,0,0,0,0,0,0,0,0,0,0,0,0,0,0,0,0,0,0,0,0,0,0
62.95,0,0,0,0,0,0,0,0,0,1,1,0,0,1,0,0,0,0,0,1,0,0,0,0,0,1,0,0,0,1,1,2,1,1,0,0,0,0,0,1,0,1,0,0,2,2,0,0,0,3,1,2,1,1,1,2,1,1,2,2,1,1,1,0,2,0,2,5,10,14,8,8,14,12,13,13,13,19,9,20,18,17,16,16,23,22,24,18,23,21,27,26,22,26,27,32,42,25,28,31,38,27,42,41,34,22,41,50,43,49,45,48,60,62,67,79,77,73,94,85,88,94,108,93,98,110,120,111,106,114,110,140,143,144,152,156,142,137,139,169,168,168,185,195,172,171,198,201,185,195,213,229,226,192,232,198,198,197,211,239,224,225,211,194,219,176,201,176,199,232,206,191,186,190,194,194,173,202,188,201,163,183,186,181,154,170,159,177,167,140,166,166,151,148,151,136,169,158,180,172,160,141,156,162,173,142,161,158,157,143,149,143,166,174,195,161,162,177,143,145,142,126,169,148,151,158,137,98,130,113,120,135,129,104,107,103,74,68,68,63,55,57,34,33,34,24,27,24,13,17,10,9,9,5,6,10,9,7,3,4,2,3,2,2,1,3,0,1,1,0,0,0,1,0,0,0,0,0,0,0,0,0,0,0,0,0,0,0,0,0,0,0,0,0,0,0,0,0,0,0
63.05,0,0,0,0,0,0,0,0,0,0,0,0,0,0,0,0,0,0,0,0,0,0,0,0,1,0,0,0,0,0,0,2,0,0,0,1,3,1,0,0,0,1,1,1,0,0,2,2,1,2,3,2,3,1,2,1,1,2,1,2,4,3,2,2,4,2,1,6,7,6,10,12,17,16,13,12,20,15,18,13,20,14,17,25,21,18,21,19,18,27,26,30,27,24,29,26,32,32,26,34,41,29,32,35,36,46,40,56,47,59,49,53,52,59,68,67,68,70,72,82,59,79,83,75,97,100,93,82,108,120,135,129,126,124,122,153,145,154,177,143,184,190,174,165,200,193,160,205,183,202,188,211,197,214,213,214,191,206,189,214,208,215,212,233,212,181,183,183,214,210,214,191,196,194,181,188,179,189,191,187,162,178,171,163,160,171,159,171,174,142,162,162,147,149,149,137,170,147,175,168,158,143,159,162,170,142,157,157,163,137,151,145,166,181,188,163,161,174,143,143,141,126,163,146,153,159,140,99,127,112,119,134,126,104,107,103,76,69,70,63,55,57,33,33,34,24,26,24,13,17,10,9,9,5,6,10,9,7,3,4,2,3,2,2,1,3,0,1,1,0,0,0,1,0,0,0,0,0,0,0,0,0,0,0,0,0,0,0,0,0,0,0,0,0,0,0,0,0,0,0
63.15,0,0,0,0,0,0,0,0,0,0,0,0,1,0,0,0,1,0,0,0,0,1,0,0,0,0,0,0,0,0,1,0,1,0,0,0,0,0,0,0,0,0,0,0,2,3,2,5,3,1,0,2,0,2,2,4,1,1,2,0,1,2,0,0,0,2,3,11,7,14,14,11,10,13,13,17,19,12,12,15,8,19,18,13,23,21,20,23,21,21,24,20,19,32,34,28,26,35,30,38,29,38,43,47,39,50,50,63,43,57,52,64,57,51,60,73,61,69,75,87,77,87,106,99,110,87,105,105,108,110,119,136,115,121,133,145,145,162,150,161,161,206,172,171,170,184,190,198,173,214,202,218,198,203,220,233,179,207,202,205,227,226,211,215,192,194,190,217,204,196,216,211,198,195,178,191,172,197,193,174,172,171,169,170,161,171,159,167,180,145,173,153,151,144,149,145,168,143,174,171,154,138,161,156,160,146,162,156,158,137,158,151,172,176,192,158,160,177,146,143,145,128,162,143,146,161,139,100,128,112,115,137,126,106,107,103,78,69,72,62,56,55,33,35,35,24,27,24,13,17,10,9,9,4,6,10,9,7,3,4,2,3,2,2,1,3,0,1,1,0,0,0,1,0,0,0,0,0,0,0,0,0,0,0,0,0,0,0,0,0,0,0,0,0,0,0,0,0,0,0
63.25,0,0,0,0,0,0,0,0,0,0,0,0,1,0,0,0,0,1,1,0,1,0,0,1,0,1,1,1,0,0,1,0,0,1,0,0,0,0,1,1,0,1,4,1,1,2,1,2,3,2,1,0,3,1,0,2,3,1,2,0,2,4,2,0,2,1,0,6,10,8,9,12,18,10,19,18,13,15,18,22,13,17,19,20,21,21,15,25,18,24,35,33,25,23,28,28,31,25,46,24,38,30,44,38,39,39,33,41,52,50,47,62,49,54,53,73,74,66,85,77,65,80,81,88,82,92,92,120,98,114,100,114,101,139,143,142,150,177,136,144,162,186,161,145,170,187,199,204,189,193,224,233,204,201,220,215,198,187,215,199,215,216,215,211,209,185,187,185,199,185,206,215,201,208,169,181,164,210,180,175,160,179,173,166,170,177,162,178,175,158,170,154,148,149,151,142,165,141,172,174,148,142,162,165,165,147,163,158,157,137,159,148,176,174,188,163,159,176,141,136,143,126,160,144,141,163,138,100,128,112,115,139,126,106,105,103,77,69,74,61,56,55,33,35,35,24,27,24,15,17,10,10,9,4,6,10,9,7,3,4,2,3,2,2,1,3,0,1,1,0,0,0,1,0,0,0,0,0,0,0,0,0,0,0,0,0,0,0,0,0,0,0,0,0,0,0,0,0,0,0
63.35,0,0,0,0,0,0,1,0,0,0,0,0,0,0,0,1,0,0,0,0,0,0,0,0,0,1,0,1,0,0,1,0,0,0,0,0,2,1,1,0,1,0,1,0,1,1,4,2,0,0,2,0,0,1,1,2,2,4,1,3,1,3,2,1,3,3,4,10,8,11,9,9,7,10,12,14,19,19,20,16,18,30,18,21,26,20,24,18,15,28,20,28,25,30,31,24,32,32,35,42,39,28,46,34,51,45,49,58,62,45,49,58,52,70,53,70,69,53,66,62,82,81,85,99,102,122,83,94,115,105,122,117,119,134,118,138,157,140,183,173,165,165,165,194,169,189,192,190,202,202,194,193,221,191,207,204,189,193,225,226,208,213,209,224,183,196,203,222,206,169,182,212,185,219,185,183,172,206,184,177,153,164,166,171,162,187,173,173,163,162,167,143,154,154,148,138,167,146,173,170,148,141,168,161,158,145,160,152,152,136,155,142,170,180,186,163,157,178,136,138,139,126,165,141,139,163,141,101,126,110,116,136,122,106,105,102,78,68,74,61,56,55,33,35,35,24,27,26,15,17,10,10,9,4,6,10,10,7,3,4,2,3,2,2,1,3,0,1,1,0,0,0,1,0,0,0,0,0,0,0,0,0,0,0,0,0,0,0,0,0,0,0,0,0,0,0,0,0,0,0
63.45,0,0,0,0,0,0,0,0,0,0,0,0,0,0,0,0,0,0,0,1,0,2,1,1,0,0,0,1,0,1,2,0,0,1,2,0,3,0,0,1,2,1,1,0,2,1,2,0,2,1,0,2,2,3,2,5,3,3,0,1,2,2,3,1,3,1,2,11,7,6,12,13,9,9,12,10,12,13,10,17,15,14,13,17,15,23,18,19,17,24,25,17,17,35,27,29,36,41,33,38,27,30,37,44,38,50,42,47,52,52,46,60,62,59,43,72,72,65,72,79,85,86,83,86,81,84,88,107,98,99,99,107,145,132,131,158,147,155,149,173,186,148,158,173,195,179,222,199,199,227,194,189,207,205,206,197,185,197,216,201,210,214,199,230,204,190,214,236,200,170,172,204,179,205,177,182,166,203,174,168,171,185,155,161,164,180,168,182,155,166,165,140,153,145,144,142,172,138,176,162,156,141,176,156,159,150,171,153,151,129,151,139,173,178,185,161,154,172,141,142,141,130,168,139,142,159,142,102,125,112,120,131,122,111,103,101,80,69,73,61,56,55,33,35,35,24,27,26,15,17,10,10,9,4,6,10,8,7,3,4,2,3,2,2,1,3,0,1,1,0,0,0,1,0,0,0,0,0,0,0,0,0,0,0,0,0,0,0,0,0,0,0,0,0,0,0,0,0,0,0
63.55,0,0,0,0,0,1,0,0,0,0,1,0,0,0,0,0,0,0,0,0,0,0,0,0,0,0,1,0,1,0,2,1,0,1,1,2,0,1,3,0,1,1,0,0,0,1,0,0,1,3,2,2,3,0,2,1,3,2,1,2,3,1,3,2,2,1,2,7,6,12,13,15,9,11,17,8,5,16,17,21,19,18,13,18,18,23,20,20,25,28,26,19,30,28,30,24,19,31,38,34,39,29,42,39,44,45,48,40,46,60,55,54,62,56,75,62,66,84,74,70,74,92,79,70,74,97,100,111,106,97,112,94,128,132,151,141,128,149,150,176,186,185,171,174,172,189,193,202,207,224,200,183,201,228,225,190,214,211,230,210,223,196,188,226,217,216,200,216,203,167,201,201,198,219,163,187,175,204,170,172,161,175,154,160,166,174,177,182,165,169,170,130,152,150,140,150,168,140,174,167,152,145,176,159,153,148,168,151,150,129,149,137,168,177,188,160,155,175,143,145,143,128,169,136,143,163,137,102,123,112,119,130,122,111,102,99,80,69,72,59,57,54,33,35,36,24,28,25,16,17,10,10,9,4,6,10,8,7,3,4,2,3,2,2,1,3,0,1,1,0,0,0,1,0,0,0,0,0,0,0,0,0,0,0,0,0,0,0,0,0,0,0,0,0,0,0,0,0,0,0
63.65,0,0,0,0,0,0,0,0,1,0,0,0,0,0,0,0,0,0,0,1,0,1,0,0,1,1,0,0,0,0,0,3,0,1,0,0,0,2,1,0,2,2,2,0,1,2,3,3,2,1,1,2,1,1,4,0,2,0,0,3,3,0,1,1,1,1,2,5,8,8,10,12,7,14,13,16,13,15,18,19,20,16,19,21,24,23,21,23,28,17,26,25,28,25,27,31,33,27,31,37,47,44,40,47,32,47,55,46,58,56,50,52,51,76,54,61,56,59,67,55,73,80,83,106,110,91,93,104,109,104,125,124,133,112,130,123,155,157,157,168,157,174,172,164,199,196,190,163,206,217,211,162,198,217,224,188,222,196,188,216,216,207,186,204,222,210,202,217,203,174,213,200,184,199,194,185,157,206,181,187,153,172,135,171,162,171,170,173,171,170,159,139,147,150,134,159,158,153,164,165,138,139,174,155,157,149,163,147,150,131,145,139,168,177,190,158,157,177,138,147,141,130,173,138,141,167,131,101,126,113,116,131,121,111,101,101,78,69,72,60,58,53,33,35,35,24,28,25,16,17,10,9,10,4,6,10,7,7,3,4,2,3,2,2,1,3,0,1,1,0,0,0,1,0,0,0,0,0,0,0,0,0,0,0,0,0,0,0,0,0,0,0,0,0,0,0,0,0,0,0
63.75,0,0,1,0,0,0,0,0,0,0,0,0,0,1,0,0,0,1,1,0,0,2,1,0,0,1,0,1,0,0,1,0,1,0,0,1,0,1,3,2,0,2,3,0,0,2,2,0,1,0,0,0,0,0,0,0,0,0,3,4,4,1,1,4,2,1,1,7,5,14,12,13,13,15,13,19,10,11,16,15,12,14,17,18,13,24,24,20,25,27,24,20,21,18,21,25,19,30,29,29,37,30,24,35,51,37,53,42,51,52,66,64,58,54,70,62,76,70,98,81,84,97,83,87,101,87,97,111,128,138,118,133,126,143,112,143,142,144,160,152,162,178,178,192,203,191,180,182,217,193,220,175,196,228,209,183,222,211,205,216,221,211,190,204,232,188,203,219,217,183,209,192,203,210,195,184,170,211,177,189,152,173,143,158,145,172,175,159,169,168,163,139,146,147,135,156,163,144,159,161,131,138,167,156,163,148,161,149,148,131,142,149,169,175,191,158,154,183,137,146,141,130,175,139,145,169,128,101,124,114,118,131,121,109,104,101,79,69,73,59,57,53,33,35,34,24,28,25,16,17,10,9,10,4,6,10,6,7,3,4,2,2,2,2,1,3,0,1,1,0,0,0,1,0,0,0,0,0,0,0,0,0,0,0,0,0,0,0,0,0,0,0,0,0,0,0,0,0,0,0
63.85,0,0,0,0,1,0,0,0,1,1,0,0,1,0,0,0,0,0,0,0,0,0,0,0,1,2,0,0,1,0,1,0,0,0,0,0,1,1,0,1,2,1,1,0,0,0,3,1,0,3,2,3,1,2,1,0,1,2,3,3,1,5,2,3,0,1,4,6,13,9,15,12,18,11,20,12,17,11,16,17,18,19,17,20,19,14,17,22,18,12,24,15,30,21,28,34,26,28,24,34,37,41,39,41,49,40,44,51,44,57,54,48,42,57,58,61,69,59,71,71,87,75,92,80,105,109,104,129,121,120,139,125,123,135,156,128,158,156,158,150,156,159,187,203,189,188,182,217,195,214,208,192,203,227,189,225,195,213,202,224,236,177,199,220,224,213,195,224,210,199,207,193,199,195,212,173,175,191,171,195,150,168,145,164,145,176,175,154,158,179,168,146,148,148,141,163,173,148,160,162,140,135,174,154,171,149,170,149,148,132,136,151,173,165,194,159,155,174,137,140,140,131,176,140,147,165,125,99,123,112,117,131,121,109,101,98,79,69,71,59,56,56,34,35,34,24,28,25,17,16,10,9,10,4,6,9,6,7,3,4,2,2,1,2,1,3,0,1,1,0,0,0,1,0,0,0,0,0,0,0,0,0,0,0,0,0,0,0,0,0,0,0,0,0,0,0,0,0,0,0
63.95,0,0,0,0,0,0,0,0,0,0,0,0,0,0,0,0,0,0,2,0,1,0,1,1,0,0,2,0,0,0,0,1,0,0,0,1,0,2,0,1,1,0,0,0,0,0,4,2,1,0,1,1,4,3,1,1,2,3,3,1,3,1,1,0,2,0,2,7,10,12,11,18,17,8,14,14,12,10,22,15,23,17,24,21,21,16,13,27,22,27,30,28,28,30,34,38,29,26,30,39,41,37,35,54,56,32,52,49,42,48,58,55,42,59,52,69,61,73,77,80,87,94,92,90,105,88,114,94,125,121,104,134,146,130,139,145,142,146,151,176,161,166,175,193,193,188,187,191,191,193,200,184,197,211,197,217,215,205,214,188,214,208,206,187,215,237,190,198,194,194,191,186,192,183,184,174,168,205,183,186,164,166,144,150,138,166,168,158,156,173,155,148,144,152,141,167,180,145,162,159,142,142,177,157,164,154,166,155,147,132,133,147,175,166,191,159,153,177,138,145,136,128,173,139,146,165,125,103,123,111,123,126,122,108,103,99,78,69,71,58,55,57,33,35,34,24,28,23,17,16,11,9,10,4,5,9,5,7,3,4,2,2,1,2,1,3,0,1,1,0,0,0,1,0,0,0,0,0,0,0,0,0,0,0,0,0,0,0,0,0,0,0,0,0,0,0,0,0,0,0
64.05,0,0,0,0,0,1,0,0,0,0,0,0,0,0,1,0,0,0,0,0,1,0,0,0,0,0,0,0,0,0,2,1,0,2,1,0,1,0,0,0,0,0,0,0,0,0,1,3,3,1,4,4,1,1,0,1,2,5,2,3,2,4,0,0,0,3,2,11,7,5,12,9,10,13,11,13,12,13,16,22,13,19,27,25,23,23,14,22,23,16,27,29,28,18,27,30,27,32,49,37,39,30,44,27,43,48,41,46,55,45,55,38,52,58,66,63,58,67,85,78,67,87,89,75,80,83,89,113,115,101,112,131,146,135,142,144,155,137,143,145,171,164,188,176,198,176,175,202,189,201,204,177,220,183,192,199,186,204,205,188,201,194,178,194,229,213,198,191,180,211,209,187,195,170,173,170,171,201,199,178,179,173,151,159,150,164,171,152,153,168,143,152,140,153,142,166,172,152,155,165,144,150,179,149,165,152,166,158,149,130,138,143,176,161,187,159,159,174,137,149,134,127,174,140,145,166,126,107,126,110,124,124,121,107,102,97,80,69,71,57,54,58,33,34,35,24,28,22,17,17,10,10,10,4,5,9,5,7,3,4,2,2,1,2,1,3,0,1,1,0,0,0,1,0,0,0,0,0,0,0,0,0,0,0,0,0,0,0,0,0,0,0,0,0,0,0,0,0,0,0
64.15,0,0,0,0,0,0,0,0,0,0,0,0,0,0,0,0,0,0,1,1,1,0,0,0,0,2,1,2,1,1,0,1,0,0,0,0,3,0,1,0,0,2,0,0,1,1,2,0,1,0,5,1,2,3,1,1,1,3,3,0,2,1,1,1,1,0,2,12,9,14,9,15,12,11,8,9,14,15,10,22,13,16,17,20,19,26,17,27,19,34,28,22,20,17,25,34,27,19,35,36,32,38,37,32,45,40,41,40,43,43,53,46,43,46,59,63,68,64,70,76,70,89,78,82,92,97,108,109,128,94,124,127,113,132,132,122,146,144,142,149,155,172,184,197,161,193,163,189,189,193,195,225,222,188,206,209,221,201,211,192,187,187,179,189,259,218,198,203,185,201,203,184,198,170,170,154,180,188,196,168,174,170,161,159,144,169,171,152,154,163,137,144,137,147,150,166,183,154,165,166,144,161,182,149,156,150,164,153,145,131,137,142,179,168,180,160,157,175,133,147,134,129,175,142,142,168,122,104,129,110,122,122,122,107,100,99,80,71,71,57,55,57,33,34,35,24,28,22,15,17,10,8,10,4,5,9,5,7,3,4,2,2,1,2,1,3,0,1,1,0,0,0,1,0,0,0,0,0,0,0,0,0,0,0,0,0,0,0,0,0,0,0,0,0,0,0,0,0,0,0
64.25,0,0,0,0,1,0,0,0,0,0,0,0,2,1,0,0,0,0,0,0,0,0,1,0,1,2,1,0,0,4,1,0,0,0,0,1,1,0,0,1,1,2,1,0,0,1,4,2,3,2,0,1,0,0,1,2,3,2,0,2,1,1,1,0,0,0,1,10,7,9,5,9,8,11,11,10,6,11,16,18,14,13,13,18,16,27,27,23,25,19,27,20,27,19,25,24,25,33,30,33,41,43,37,42,32,39,53,37,44,56,42,50,51,58,65,69,60,83,77,67,78,99,93,84,84,105,85,98,111,115,123,126,123,116,126,138,133,124,133,157,177,190,194,184,177,172,178,190,186,195,176,208,227,198,200,201,208,203,202,203,191,197,170,205,234,222,206,207,190,208,201,180,192,179,171,176,182,208,191,177,174,171,156,153,133,160,171,159,144,167,140,149,150,144,140,169,179,151,169,164,146,149,173,144,150,149,162,150,150,133,130,142,176,165,170,158,158,173,137,148,134,130,171,145,146,167,122,106,132,107,120,121,123,103,101,100,79,71,71,57,57,55,33,34,35,24,28,22,15,17,10,8,10,4,5,9,5,7,3,3,2,2,1,2,1,3,0,1,1,0,0,0,1,0,0,0,0,0,0,0,0,0,0,0,0,0,0,0,0,0,0,0,0,0,0,0,0,0,0,0
64.35,0,0,0,0,0,0,0,0,0,0,0,0,0,0,1,0,1,0,0,0,0,0,0,0,0,0,0,1,0,0,0,1,0,0,1,0,2,1,0,4,0,0,1,1,3,1,2,0,2,1,3,1,0,4,0,3,0,0,2,4,2,3,2,2,2,0,1,4,12,13,22,13,16,10,14,13,15,22,24,18,15,27,24,21,17,18,17,25,25,25,23,30,20,25,31,34,37,36,32,29,38,30,44,45,44,40,47,50,47,39,46,56,55,59,62,58,68,60,92,57,81,77,82,79,93,85,109,83,117,98,107,121,115,116,122,110,136,154,155,150,167,179,175,178,175,172,180,182,187,209,210,215,205,215,222,198,227,196,226,197,169,197,191,191,221,239,205,189,174,204,205,184,211,174,181,157,192,193,182,192,171,170,160,160,149,162,160,156,144,160,133,137,156,143,133,162,171,149,157,165,143,141,163,140,146,142,162,149,152,138,134,140,176,165,178,155,151,171,135,144,137,126,172,146,147,164,120,105,131,111,121,118,119,103,101,100,81,71,71,57,55,55,33,34,35,24,28,22,15,18,9,8,10,4,5,9,5,7,3,3,2,2,1,2,1,3,0,1,1,0,0,0,1,0,0,0,0,0,0,0,0,0,0,0,0,0,0,0,0,0,0,0,0,0,0,0,0,0,0,0
64.45,0,0,0,0,0,0,0,0,0,0,0,1,0,0,0,0,0,0,0,0,1,0,0,0,0,0,1,0,1,1,1,0,1,2,0,1,0,2,1,4,2,2,0,0,0,3,2,0,2,1,2,1,1,6,3,1,1,1,1,3,0,1,5,3,1,2,4,7,7,10,11,14,14,15,14,20,9,9,13,13,17,20,20,14,22,20,16,22,22,29,23,23,18,24,33,35,22,31,38,27,41,29,32,41,36,48,47,56,48,40,63,54,47,54,68,67,81,59,73,69,78,75,86,84,92,85,94,119,104,116,133,94,120,126,118,144,135,141,147,161,171,162,182,173,155,203,165,202,208,199,194,213,173,199,200,191,210,175,233,202,185,204,191,181,218,220,204,192,179,211,187,198,200,178,180,174,180,193,209,183,177,178,162,170,147,159,153,157,147,156,141,139,157,145,134,162,170,145,154,163,143,137,161,135,146,148,162,146,146,140,137,140,183,172,178,149,150,172,135,142,138,125,175,145,149,164,118,105,129,110,118,120,117,103,100,97,83,71,71,59,55,55,32,36,35,24,28,22,15,18,9,8,10,4,5,9,5,8,3,3,2,1,1,2,1,3,0,1,1,0,0,0,1,0,0,0,0,0,0,0,0,0,0,0,0,0,0,0,0,0,0,0,0,0,0,0,0,0,0,0
64.55,0,0,0,0,0,0,0,1,1,0,0,0,0,0,0,1,0,0,0,0,1,0,0,1,0,1,0,0,0,0,0,0,1,0,0,1,0,1,0,0,1,0,2,1,1,2,3,0,0,0,3,0,0,1,1,1,1,2,0,2,1,1,1,0,1,1,2,4,13,14,11,13,16,7,12,16,15,9,16,12,11,20,6,16,16,26,21,21,26,19,19,17,30,20,23,24,33,36,31,36,24,29,28,48,47,43,48,53,41,56,59,57,77,60,65,70,68,73,70,67,75,92,101,102,95,117,115,103,119,117,118,137,132,107,127,147,138,138,158,181,150,168,159,172,148,184,197,185,209,184,187,203,187,182,200,192,198,218,210,210,180,192,189,184,219,229,197,194,181,219,187,180,196,188,200,178,187,199,218,171,189,160,165,163,149,148,156,163,138,155,139,144,154,140,137,158,174,147,157,156,141,150,168,136,150,151,157,145,145,142,140,141,180,165,175,150,150,167,135,138,138,124,169,143,150,161,117,102,132,110,119,121,117,103,95,96,84,71,71,61,55,57,32,34,35,24,28,22,15,18,9,8,10,4,5,9,5,8,3,3,2,1,1,2,1,3,0,1,1,0,0,0,1,0,0,0,0,0,0,0,0,0,0,0,0,0,0,0,0,0,0,0,0,0,0,0,0,0,0,0
64.65,0,0,0,0,0,0,0,0,0,0,1,0,0,0,0,0,0,0,0,0,0,0,0,0,1,1,0,1,1,1,1,0,4,0,0,1,1,4,2,2,0,1,0,1,2,0,2,1,2,2,2,1,2,3,0,5,2,1,2,2,3,0,1,3,2,0,2,6,6,14,10,11,14,18,15,13,15,15,16,19,10,16,20,23,19,21,18,18,24,19,20,19,29,20,22,28,29,32,33,25,34,33,28,38,40,54,49,46,50,48,43,34,63,52,59,64,68,68,74,70,76,66,96,85,85,91,108,109,130,98,110,133,143,139,140,144,153,151,157,143,151,166,157,167,184,153,177,196,186,207,195,211,192,191,181,221,180,215,214,225,200,177,197,177,196,217,189,190,166,203,183,175,194,204,202,165,202,195,205,171,176,155,168,163,146,147,168,152,144,156,141,141,166,139,138,163,178,156,154,152,144,147,163,144,146,162,154,150,140,143,143,142,186,165,178,143,153,168,135,138,140,125,169,140,150,164,118,104,134,106,120,121,117,101,95,98,85,72,71,60,53,57,32,35,34,24,28,22,15,18,9,8,10,5,4,9,5,8,3,3,2,1,1,2,1,3,0,1,1,0,0,0,1,0,0,0,0,0,0,0,0,0,0,0,0,0,0,0,0,0,0,0,0,0,0,0,0,0,0,0
64.75,0,0,0,0,0,0,0,0,0,1,0,0,0,0,0,0,0,0,0,0,0,0,0,1,1,0,1,2,1,3,0,0,0,0,1,1,0,0,1,1,0,0,0,4,2,0,1,1,2,0,1,2,2,1,3,2,2,0,5,1,1,1,4,3,0,0,6,6,8,16,4,11,13,15,13,9,18,12,14,13,18,18,14,22,19,19,16,21,30,20,25,21,28,22,19,30,30,35,33,43,39,35,39,36,40,43,37,51,38,56,59,53,69,55,75,62,66,71,76,75,76,66,93,83,95,85,123,81,104,124,113,120,110,130,152,140,149,168,162,159,141,176,157,145,172,184,204,185,168,206,207,183,202,188,194,194,171,212,209,216,209,190,194,205,187,208,199,196,163,196,201,164,207,215,182,175,198,184,191,176,166,137,151,158,142,162,166,145,152,148,140,141,173,123,138,160,170,149,157,151,153,149,160,143,145,164,148,157,136,146,142,142,187,168,181,151,152,173,133,138,143,126,170,139,151,159,120,105,134,106,121,120,117,102,96,96,87,70,70,60,53,55,32,35,34,24,29,23,15,18,9,8,10,5,4,9,5,8,3,3,2,1,0,2,1,2,0,1,1,0,0,0,1,0,0,0,0,0,0,0,0,0,0,0,0,0,0,0,0,0,0,0,0,0,0,0,0,0,0,0
64.85,0,0,0,0,0,0,0,0,0,0,0,0,0,0,0,1,0,0,0,0,0,0,3,1,0,0,0,0,2,0,0,0,0,0,0,0,0,2,2,0,0,1,0,1,1,0,2,2,2,1,0,1,1,3,1,0,1,1,1,0,3,1,0,2,0,2,3,8,6,12,10,12,14,17,11,19,19,17,14,17,8,18,20,13,21,21,22,21,31,15,20,21,22,27,25,30,31,27,28,36,35,36,54,46,46,39,38,48,47,43,55,53,62,46,64,62,80,76,94,71,83,69,82,105,104,101,101,86,109,114,113,111,129,132,126,129,151,143,135,141,162,141,165,146,156,200,175,193,204,197,218,208,192,183,185,192,193,216,225,218,190,191,211,200,184,221,201,202,155,189,194,168,189,200,183,167,187,173,197,168,183,137,152,144,134,152,169,157,151,148,135,136,171,128,143,158,166,149,162,152,157,149,151,145,152,161,151,157,133,147,143,150,188,172,179,147,146,169,135,137,144,127,171,141,149,159,123,104,134,104,121,120,120,101,96,94,87,70,70,59,53,55,30,35,34,24,29,23,15,18,9,8,10,5,4,9,5,5,3,3,2,1,0,2,1,2,0,1,1,0,0,0,1,0,0,0,0,0,0,0,0,0,0,0,0,0,0,0,0,0,0,0,0,0,0,0,0,0,0,0
64.95,0,0,0,0,0,0,0,0,0,0,0,0,0,0,1,1,0,0,1,0,0,0,0,1,0,0,2,0,0,2,1,1,0,0,0,1,0,2,2,0,1,1,0,3,2,1,1,0,3,2,4,3,1,1,2,0,0,2,1,3,2,0,2,0,0,2,1,4,5,13,15,12,14,9,13,13,17,18,18,14,20,19,20,17,20,22,21,26,23,17,24,16,26,19,20,34,30,29,35,22,27,36,42,43,45,43,42,47,39,46,46,57,63,77,69,74,68,77,69,63,75,89,88,81,88,80,98,110,108,109,121,111,108,100,140,149,120,140,155,149,165,153,167,166,178,212,201,206,194,189,214,212,204,174,199,196,209,209,207,233,170,207,203,199,173,225,198,211,161,203,179,172,176,194,182,184,191,167,198,170,179,142,150,144,139,139,171,161,149,148,137,137,170,131,140,160,167,147,160,149,161,150,151,154,148,158,149,157,135,143,144,142,190,164,186,145,144,167,140,136,148,128,167,141,146,158,124,107,134,104,120,121,120,103,97,93,89,68,70,57,55,55,30,35,34,24,29,23,15,18,9,8,10,5,4,9,5,5,3,3,2,1,0,2,1,2,0,1,1,0,0,0,1,0,0,0,0,0,0,0,0,0,0,0,0,0,0,0,0,0,0,0,0,0,0,0,0,0,0,0
65.05,0,0,1,0,0,0,0,0,0,0,0,0,1,0,0,0,0,0,0,0,0,0,0,0,0,0,0,0,0,0,0,0,0,1,0,1,0,0,2,0,2,2,4,0,3,0,0,2,1,1,0,1,2,1,1,0,3,1,3,4,2,0,2,2,2,2,3,6,5,15,10,15,13,9,14,10,14,13,18,14,13,11,25,19,24,19,22,22,16,15,23,24,28,18,21,25,27,20,36,36,26,42,41,46,39,41,55,46,36,57,61,41,54,63,58,79,69,75,72,76,92,71,81,94,96,103,88,111,91,81,119,108,119,142,129,143,138,123,141,152,153,166,163,158,189,184,210,214,171,187,205,199,198,162,182,215,221,195,220,200,191,194,209,199,182,202,185,207,177,210,176,175,173,186,185,179,188,176,194,158,184,142,159,141,140,135,164,163,141,147,131,144,159,129,142,154,171,144,162,143,163,138,159,148,150,155,151,157,134,148,144,144,178,166,190,144,144,163,140,134,148,129,161,143,144,160,124,104,134,105,120,125,119,102,100,91,89,68,67,58,54,55,31,35,34,24,29,23,15,18,9,7,10,5,4,9,5,3,3,3,2,1,0,2,1,2,0,1,1,0,0,0,1,0,0,0,0,0,0,0,0,0,0,0,0,0,0,0,0,0,0,0,0,0,0,0,0,0,0,0
65.15,0,0,0,0,0,0,0,1,0,0,0,0,0,0,0,1,1,0,0,0,0,0,0,0,1,0,0,2,0,0,0,0,0,1,2,0,0,0,3,1,1,1,3,5,0,2,2,0,1,5,1,0,3,3,6,1,1,0,2,1,2,2,2,4,4,3,2,8,11,11,9,9,11,13,11,17,14,17,12,19,23,14,13,22,23,18,14,16,24,21,26,20,25,26,30,32,34,29,33,39,46,39,41,45,43,42,48,52,50,53,52,43,68,54,55,64,70,68,68,75,77,102,74,81,84,97,113,126,102,117,114,94,121,118,129,124,127,142,147,159,168,172,171,192,203,194,195,194,179,186,192,200,210,186,181,198,204,212,226,222,192,223,205,207,191,209,189,189,184,201,175,185,183,186,166,187,194,179,199,163,183,146,170,138,140,132,166,157,137,151,139,150,152,129,132,152,180,144,161,144,164,139,155,150,153,153,146,154,131,145,140,149,179,164,186,144,145,163,139,132,150,129,160,143,145,159,122,104,134,105,120,124,121,102,99,91,87,68,67,58,54,55,31,37,34,24,29,23,15,18,9,7,10,5,4,9,5,3,3,3,2,1,0,2,1,2,0,1,1,0,0,0,1,0,0,0,0,0,0,0,0,0,0,0,0,0,0,0,0,0,0,0,0,0,0,0,0,0,0,0
65.25,0,0,0,0,0,0,0,0,0,0,0,0,0,0,0,0,0,0,0,0,0,0,0,0,1,0,0,1,2,1,0,0,0,0,1,0,1,0,1,0,0,1,2,2,2,1,2,2,2,3,1,1,0,1,3,0,1,1,4,1,4,3,3,2,2,2,3,5,9,15,14,9,10,13,13,7,14,18,15,18,17,25,17,19,18,31,13,21,19,29,13,23,29,31,24,35,32,33,34,34,32,38,35,44,43,45,42,45,57,50,64,50,52,57,62,57,79,65,81,68,55,75,84,79,95,108,94,106,103,102,103,132,105,138,111,129,125,133,134,160,174,172,183,207,199,182,171,194,162,204,182,196,197,192,180,189,219,205,222,209,184,214,205,192,179,188,209,193,200,182,180,182,198,184,171,185,204,179,187,150,184,145,164,130,156,140,163,151,140,139,137,141,155,134,138,151,177,133,167,139,163,133,151,156,152,154,141,156,127,143,145,148,177,166,180,139,144,165,140,130,152,129,160,143,146,156,123,104,135,103,123,126,118,101,99,91,89,70,67,59,54,54,31,39,34,24,29,23,15,18,9,7,9,5,4,9,5,2,3,3,2,1,0,2,1,2,0,1,1,0,0,0,1,0,0,0,0,0,0,0,0,0,0,0,0,0,0,0,0,0,0,0,0,0,0,0,0,0,0,0
65.35,0,1,0,0,0,0,0,0,0,0,0,1,0,0,0,0,0,0,0,0,0,0,0,0,0,0,0,1,0,0,0,1,0,0,0,1,0,2,2,0,0,1,0,0,1,2,2,0,3,0,0,0,0,0,1,2,1,3,0,1,1,2,3,2,2,0,1,6,6,6,9,8,9,6,16,9,16,22,11,14,19,15,10,11,26,21,21,13,18,27,21,24,22,23,19,33,25,38,32,34,36,28,44,46,35,42,33,42,44,39,47,56,62,56,62,80,62,59,72,71,73,76,80,76,95,83,93,96,99,100,108,117,106,119,104,114,124,144,147,140,176,166,183,186,181,192,188,180,202,213,188,223,209,217,170,211,241,218,190,204,181,212,188,176,175,188,217,192,210,179,187,166,186,167,180,190,198,193,205,156,188,155,166,129,176,137,159,148,132,147,143,131,153,131,136,160,171,134,167,138,157,141,154,154,154,157,141,158,129,139,140,152,177,165,181,141,143,157,144,131,148,131,162,142,146,155,125,107,137,101,123,124,119,100,99,91,89,70,67,59,54,54,31,39,34,25,28,23,15,16,10,6,9,5,4,9,5,2,3,3,2,1,0,2,1,2,0,1,1,0,0,0,1,0,0,0,0,0,0,0,0,0,0,0,0,0,0,0,0,0,0,0,0,0,0,0,0,0,0,0
65.45,0,0,0,0,0,0,0,0,0,0,0,0,0,0,0,1,0,0,0,0,0,0,0,0,1,0,1,0,0,0,0,2,1,1,1,0,0,0,1,2,3,1,0,3,5,0,1,0,1,1,1,3,1,4,1,1,1,0,2,2,4,2,3,1,0,1,0,7,16,10,11,9,7,13,11,11,15,15,23,15,15,15,13,26,19,26,14,27,21,22,17,16,26,28,26,26,31,23,44,37,35,30,43,41,37,43,53,36,48,40,55,62,71,57,58,66,76,58,61,75,71,91,70,74,98,85,93,90,117,99,98,97,125,109,144,126,126,136,139,133,133,164,184,172,200,198,174,167,213,192,177,204,201,216,212,216,240,231,198,214,189,205,195,172,182,200,208,172,209,193,184,152,181,162,180,206,205,192,193,143,175,172,176,128,178,151,164,148,124,153,144,129,150,132,134,162,164,139,155,147,150,137,157,155,157,151,144,152,134,137,140,152,176,165,181,137,145,155,146,134,146,133,169,139,146,161,125,111,136,100,121,125,121,96,99,91,89,72,67,59,54,54,29,39,34,25,28,23,15,16,10,6,9,5,4,9,5,2,3,3,2,1,0,2,1,2,0,1,1,0,0,0,1,0,0,0,0,0,0,0,0,0,0,0,0,0,0,0,0,0,0,0,0,0,0,0,0,0,0,0
65.55,0,0,0,0,0,0,0,0,0,0,0,0,0,0,0,0,0,1,0,0,0,0,0,0,0,0,0,0,0,2,0,0,2,1,0,0,2,0,1,1,1,2,2,1,1,2,1,1,1,2,0,1,2,2,2,2,2,1,4,1,1,2,0,4,2,3,1,11,9,5,7,10,9,11,22,13,23,18,11,16,12,11,23,21,18,19,20,23,12,30,24,19,28,32,23,28,23,26,37,34,47,31,49,46,41,47,50,39,47,45,54,50,66,50,69,68,66,70,77,66,72,84,67,78,85,81,101,105,111,108,115,129,120,138,129,142,123,131,131,138,144,152,180,182,189,174,182,210,198,177,167,179,207,198,177,184,231,228,189,193,177,197,192,167,187,196,203,176,207,176,207,159,187,178,173,198,193,200,182,141,174,181,165,137,172,136,171,149,132,156,148,125,154,138,137,154,166,150,160,150,151,125,150,159,154,155,149,154,130,143,139,151,174,167,181,139,145,154,151,133,151,133,167,138,148,158,126,110,136,97,121,123,122,96,98,89,89,74,67,59,53,54,29,38,34,25,28,23,14,16,10,6,9,5,4,8,5,2,3,3,2,1,0,2,1,2,0,1,1,0,0,0,1,0,0,0,0,0,0,0,0,0,0,0,0,0,0,0,0,0,0,0,0,0,0,0,0,0,0,0
65.65,0,0,0,0,0,0,0,0,0,1,0,1,0,0,1,2,0,1,1,0,1,0,0,1,1,0,0,1,1,0,0,2,0,0,1,0,0,1,1,1,0,1,3,2,3,2,2,1,2,2,2,0,2,1,1,1,2,1,3,1,1,2,0,1,4,1,1,5,11,5,6,9,15,13,10,11,13,13,11,5,12,19,8,14,11,13,15,14,23,24,27,18,23,23,27,26,29,36,39,32,39,29,33,42,45,39,42,44,60,50,61,61,56,59,62,69,61,66,88,82,82,60,95,97,92,84,91,99,111,109,105,118,123,124,141,131,153,150,122,138,142,182,182,176,175,191,190,193,200,206,173,174,182,185,203,180,230,223,195,210,179,183,209,177,174,167,212,180,201,163,191,160,165,179,154,205,210,183,184,161,167,167,162,140,178,152,165,152,137,158,152,129,161,139,142,148,166,152,163,146,150,121,150,157,154,157,154,148,132,145,136,151,177,168,177,142,147,158,152,133,146,132,163,140,150,158,128,112,134,97,122,122,120,96,98,91,88,73,68,58,52,54,29,38,34,25,28,23,14,16,10,6,9,5,4,8,5,2,3,3,2,1,0,2,1,2,0,1,1,0,0,0,1,0,0,0,0,0,0,0,0,0,0,0,0,0,0,0,0,0,0,0,0,0,0,0,0,0,0,0
65.75,0,0,0,0,0,0,0,0,0,0,0,0,0,0,0,0,1,0,0,0,0,0,0,2,0,0,0,0,0,0,0,0,0,1,1,1,0,1,2,2,0,1,0,1,1,1,0,1,1,0,2,0,0,1,1,1,0,1,1,2,1,2,1,2,2,0,4,9,10,8,19,14,11,19,10,14,14,12,10,17,16,12,15,19,23,29,19,19,15,20,20,21,29,22,23,33,24,33,39,46,36,26,35,42,44,40,50,38,40,48,55,52,53,56,59,54,68,67,54,68,76,76,74,81,90,109,107,92,99,93,103,127,149,126,131,125,150,152,154,150,154,169,181,165,183,184,172,193,188,197,184,183,174,177,185,207,188,213,196,187,174,162,194,190,171,161,192,156,197,169,198,166,163,189,163,188,193,187,168,148,166,184,155,140,176,162,159,154,131,152,154,127,164,139,150,142,175,150,151,140,144,117,155,166,142,153,154,150,131,148,136,148,171,169,180,147,142,161,149,135,149,130,158,141,148,157,128,110,134,98,118,122,118,93,96,91,88,73,68,58,54,54,29,38,34,25,26,23,14,18,10,6,9,5,4,8,5,2,3,3,2,1,0,2,1,2,0,1,1,0,0,0,1,0,0,0,0,0,0,0,0,0,0,0,0,0,0,0,0,0,0,0,0,0,0,0,0,0,0,0
65.85,0,0,0,0,1,0,0,0,0,0,0,0,0,0,0,0,1,0,0,0,0,0,0,0,1,0,0,0,1,0,0,0,2,1,2,0,0,1,0,2,0,0,0,1,1,0,1,1,3,2,1,0,3,0,0,0,1,1,1,3,3,1,2,1,2,1,1,5,11,5,9,7,10,14,12,16,16,12,16,17,15,19,17,16,19,13,20,20,25,23,24,27,24,27,30,34,33,25,38,28,40,36,34,43,41,29,43,45,55,53,59,56,65,76,56,55,74,84,82,83,86,86,78,83,90,94,113,96,116,139,123,112,106,135,119,148,170,154,164,177,185,167,179,189,196,181,160,177,216,194,196,188,176,173,219,186,171,208,206,204,193,148,190,192,181,184,199,180,190,175,180,174,158,182,148,197,187,191,165,159,161,174,162,142,170,155,157,150,138,151,152,129,151,138,149,151,173,149,155,137,144,125,155,164,143,151,154,149,132,144,136,148,173,162,183,151,144,160,152,138,145,132,156,140,150,157,126,112,136,102,123,123,119,94,96,92,85,73,69,59,54,54,30,38,33,25,26,23,14,18,10,6,9,5,5,7,5,2,3,3,2,1,0,2,1,2,0,1,1,0,0,0,1,0,0,0,0,0,0,0,0,0,0,0,0,0,0,0,0,0,0,0,0,0,0,0,0,0,0,0
65.95,1,0,0,0,0,0,0,1,0,0,1,0,0,0,0,1,0,0,0,0,0,0,0,0,1,1,1,0,0,1,2,1,0,1,0,1,2,0,0,2,2,2,2,1,1,3,1,3,1,1,0,2,0,3,2,2,1,1,1,1,0,1,1,1,3,2,2,9,15,10,16,15,10,11,11,8,11,20,13,18,19,16,15,15,16,15,22,14,19,18,32,24,22,31,19,29,21,25,30,29,38,32,34,53,36,46,48,47,34,48,48,50,61,60,79,67,79,72,84,82,96,74,83,91,108,107,112,117,118,118,118,116,129,114,135,141,147,153,180,170,175,179,170,168,187,175,189,181,209,183,189,177,176,198,191,206,163,187,207,202,196,169,194,194,161,188,219,177,197,181,178,182,171,193,152,191,185,184,172,149,154,160,151,140,168,157,182,145,149,155,149,135,150,132,143,150,164,160,152,133,141,126,154,166,146,153,147,154,129,141,141,148,175,163,189,152,141,162,154,142,141,134,157,136,148,161,123,111,136,102,120,121,118,96,98,92,84,74,66,59,54,54,29,40,33,25,26,23,13,18,10,6,9,5,4,7,5,2,3,3,2,1,0,2,1,2,0,1,1,0,0,0,1,0,0,0,0,0,0,0,0,0,0,0,0,0,0,0,0,0,0,0,0,0,0,0,0,0,0,0
66.05,0,0,0,0,0,0,0,0,0,0,0,0,0,1,0,0,0,0,0,0,0,0,1,0,0,0,0,1,0,0,0,1,0,1,0,0,1,0,0,1,3,0,1,1,1,1,0,0,1,3,2,2,2,2,0,3,1,3,2,1,1,2,0,2,0,1,3,8,10,9,8,13,10,6,11,8,18,13,12,18,14,22,15,19,16,20,23,26,19,31,19,15,32,33,34,40,29,25,34,33,36,28,39,54,50,55,34,44,55,52,47,74,57,59,77,54,74,68,64,86,86,69,85,93,103,90,103,93,106,95,113,113,119,135,145,166,141,170,159,170,185,175,175,175,159,195,173,187,182,179,203,180,204,196,202,179,169,192,207,193,206,159,176,176,191,188,227,159,181,184,179,190,176,182,150,188,195,199,159,133,151,163,152,134,167,153,174,147,144,154,150,132,154,134,147,142,163,164,150,141,153,138,156,155,147,148,149,151,131,141,137,147,177,160,185,147,142,160,152,142,141,133,155,135,148,162,122,113,136,102,120,121,120,97,99,90,86,72,65,60,53,54,29,37,34,24,26,23,13,18,10,6,9,5,4,7,5,2,3,3,2,1,0,2,1,2,0,1,1,0,0,0,1,0,0,0,0,0,0,0,0,0,0,0,0,0,0,0,0,0,0,0,0,0,0,0,0,0,0,0
66.15,0,0,0,0,0,0,0,0,0,0,0,0,0,2,1,0,1,0,0,1,0,0,0,0,0,1,0,0,1,1,0,0,0,0,2,1,1,1,2,2,0,0,2,1,2,0,2,2,5,2,1,0,2,0,4,3,2,0,3,1,1,1,0,1,3,0,2,10,10,16,16,13,15,11,15,13,15,20,19,10,16,22,19,12,23,26,30,21,21,27,26,31,24,16,31,32,28,27,30,37,30,27,36,41,45,47,48,45,50,52,52,62,53,65,71,57,71,74,72,90,86,74,104,84,103,88,97,102,98,114,110,133,104,152,128,124,156,151,152,170,196,165,170,171,168,166,165,176,210,170,210,175,190,194,187,193,182,198,211,187,198,169,179,171,184,172,228,170,165,192,200,198,176,186,168,207,205,195,170,136,157,150,154,133,165,148,180,147,136,148,147,134,155,137,136,144,164,162,150,139,151,140,160,156,152,146,145,150,130,137,137,143,180,161,182,149,143,162,152,142,140,135,150,131,151,162,120,112,135,105,120,119,119,96,101,90,85,74,63,61,53,54,29,37,34,23,26,23,13,18,10,6,9,5,4,7,5,2,3,3,2,1,0,2,1,2,0,1,1,0,0,0,1,0,0,0,0,0,0,0,0,0,0,0,0,0,0,0,0,0,0,0,0,0,0,0,0,0,0,0
66.25,1,0,0,0,0,0,0,0,0,0,0,0,0,0,0,0,0,0,0,1,1,0,0,0,0,0,0,0,1,1,0,0,1,1,0,1,0,0,1,2,1,1,2,1,0,2,3,3,2,0,2,1,0,1,1,0,3,3,2,2,1,1,3,0,1,4,7,7,13,9,14,14,16,16,15,16,15,15,17,14,12,20,17,15,25,16,16,22,20,19,28,22,29,21,25,30,35,36,27,23,31,40,34,40,43,51,52,62,37,51,54,47,64,45,50,48,64,75,58,70,79,86,88,86,91,86,93,97,99,92,97,115,132,133,128,135,139,163,154,173,169,171,169,163,160,153,185,175,198,168,171,157,196,176,189,167,210,195,193,180,181,180,179,188,181,172,208,191,173,189,184,184,163,184,175,191,201,192,194,131,139,163,157,129,174,146,192,143,140,164,137,143,157,137,134,154,162,151,151,144,145,133,163,152,146,153,150,152,126,143,138,142,176,159,179,147,143,163,145,139,142,128,153,129,155,166,120,110,133,105,120,119,117,96,103,90,85,76,63,60,53,54,29,37,34,23,26,23,13,20,10,6,8,5,4,7,5,2,3,3,2,1,0,2,1,2,0,1,1,0,0,0,1,0,0,0,0,0,0,0,0,0,0,0,0,0,0,0,0,0,0,0,0,0,0,0,0,0,0,0
66.35,0,0,0,0,0,0,0,0,0,0,0,1,0,0,0,0,0,1,0,0,0,0,0,0,0,0,1,0,0,0,0,0,0,0,1,1,0,0,0,2,1,0,0,0,0,1,2,1,0,1,0,2,1,0,1,0,0,0,2,3,2,1,1,4,0,2,0,5,6,7,15,10,17,18,10,15,8,9,17,20,11,17,19,9,11,13,20,12,23,30,28,31,27,44,26,25,31,32,36,36,34,35,27,34,49,36,49,43,53,50,66,52,55,60,70,73,70,72,64,90,72,84,79,101,93,102,116,106,102,122,112,107,135,121,130,156,147,137,158,193,142,190,150,150,161,147,181,198,172,185,160,165,169,201,194,185,196,186,206,171,189,179,210,187,159,185,237,184,168,177,166,179,173,179,183,201,194,197,173,126,148,159,155,131,169,143,184,148,149,160,144,138,152,150,130,156,160,158,149,140,151,130,166,155,147,145,148,150,122,142,138,145,166,158,176,144,142,164,140,142,140,129,154,129,156,163,119,109,133,105,121,119,121,95,103,90,85,76,63,60,53,54,29,39,34,23,26,23,11,20,10,7,7,4,4,7,5,2,3,3,2,1,0,2,1,2,0,1,1,0,0,0,1,0,0,0,0,0,0,0,0,0,0,0,0,0,0,0,0,0,0,0,0,0,0,0,0,0,0,0
66.45,0,0,0,0,0,0,0,0,0,0,0,0,0,0,0,0,0,1,0,0,0,0,0,0,0,2,0,2,0,0,1,0,0,1,1,1,1,1,2,0,1,1,1,2,4,2,4,3,0,0,1,0,5,2,3,0,2,3,5,3,2,0,1,2,0,4,1,6,7,13,12,13,17,11,8,19,15,22,19,15,19,9,21,25,23,15,28,16,27,18,29,29,30,26,34,38,25,33,31,29,49,22,42,44,33,51,43,35,45,54,69,54,65,54,64,75,65,72,74,83,80,84,84,88,94,88,96,98,124,109,112,121,107,128,144,138,147,144,153,166,167,175,154,161,162,167,177,175,169,184,152,184,174,196,221,180,190,184,204,173,194,192,191,192,164,176,214,198,162,179,182,161,193,174,181,205,191,195,157,131,147,155,158,132,163,143,159,149,154,158,129,144,155,152,142,156,164,152,147,141,146,135,172,151,142,141,147,150,123,138,138,150,171,156,176,140,144,167,138,141,140,132,157,129,156,160,118,109,133,103,122,121,124,95,105,90,85,76,63,62,53,54,30,38,34,23,25,23,11,20,10,7,7,4,4,7,5,2,3,3,2,1,0,2,1,2,0,1,1,0,0,0,1,0,0,0,0,0,0,0,0,0,0,0,0,0,0,0,0,0,0,0,0,0,0,0,0,0,0,0
66.55,0,0,0,0,0,0,0,0,0,0,0,1,0,0,0,0,0,0,0,0,0,0,0,0,0,0,0,0,1,0,0,0,0,0,0,0,1,0,0,0,0,3,1,0,2,2,2,1,1,1,1,1,1,2,0,4,1,1,2,1,2,4,2,2,2,3,1,14,15,13,8,14,12,12,7,10,13,13,15,12,10,24,22,17,23,22,23,28,22,26,25,27,23,19,40,25,39,23,31,36,37,41,43,36,42,40,48,52,48,46,52,62,52,45,66,65,74,57,88,78,80,86,75,94,92,113,97,91,124,119,130,126,127,128,117,125,146,155,144,147,156,161,190,169,156,178,174,175,207,171,172,178,166,182,217,211,192,178,191,180,175,193,205,184,173,180,212,190,163,190,161,173,177,168,175,201,186,189,148,125,160,158,163,122,158,144,162,141,157,163,134,145,162,136,137,153,163,163,140,143,142,133,172,149,142,141,142,150,129,143,139,148,173,148,178,145,145,167,142,141,138,128,155,129,152,156,116,110,133,104,120,119,124,95,105,90,85,76,63,62,53,54,30,38,35,22,25,23,11,18,10,7,7,4,4,7,5,2,3,3,2,1,0,2,1,2,0,1,1,0,0,0,1,0,0,0,0,0,0,0,0,0,0,0,0,0,0,0,0,0,0,0,0,0,0,0,0,0,0,0
66.65,0,0,0,1,0,0,0,0,0,0,0,0,0,0,1,0,0,1,0,0,1,0,1,0,0,0,0,0,0,0,1,0,1,2,3,1,2,1,1,1,2,0,1,0,1,3,2,1,1,1,1,1,2,1,0,3,1,2,4,1,0,1,1,1,4,2,2,10,14,16,7,11,8,19,13,16,18,18,12,23,7,18,16,15,22,29,28,27,26,32,22,23,25,29,20,23,34,49,39,31,23,31,42,31,45,38,47,43,53,54,57,49,62,61,58,64,72,64,66,80,76,74,80,87,104,83,106,103,130,112,132,121,156,108,123,156,161,134,137,168,177,164,167,190,128,165,173,175,179,177,181,188,164,191,236,207,171,194,183,173,165,161,189,205,146,186,198,176,166,176,171,165,178,165,179,195,166,186,136,135,154,159,156,129,159,143,163,151,160,159,126,150,158,135,145,148,165,164,131,145,144,124,164,148,142,140,144,150,126,141,138,148,171,146,178,139,144,164,142,147,134,127,154,129,152,159,115,111,133,104,120,123,124,96,103,91,84,76,62,62,54,53,30,38,35,22,25,23,12,18,10,7,7,4,4,7,5,2,3,3,2,1,0,2,1,2,0,1,1,0,0,0,1,0,0,0,0,0,0,0,0,0,0,0,0,0,0,0,0,0,0,0,0,0,0,0,0,0,0,0
66.75,0,0,0,1,0,0,0,0,0,1,1,1,0,0,0,0,1,0,0,0,0,0,0,0,0,0,0,0,0,0,0,1,0,0,0,1,0,1,1,1,2,0,2,1,1,1,1,0,1,4,1,1,2,1,2,3,2,0,2,2,3,2,1,2,3,1,2,10,15,19,15,12,19,8,7,17,12,17,12,12,18,18,23,24,20,23,16,20,27,19,22,19,31,38,26,24,28,29,26,48,34,34,42,35,42,39,42,43,44,53,56,57,49,55,54,56,61,67,72,78,74,67,101,82,87,93,112,98,101,124,99,139,109,148,148,140,168,133,131,132,154,126,175,181,176,184,173,188,188,167,187,181,150,181,229,201,176,193,178,186,171,213,188,213,141,183,186,170,151,171,174,156,181,170,188,177,162,173,132,136,148,157,159,129,163,135,151,145,162,151,122,150,165,132,141,134,175,165,132,146,146,122,164,146,144,152,145,156,125,144,137,154,169,145,182,137,145,171,140,151,134,128,149,129,155,157,113,112,135,102,114,123,120,96,103,91,84,76,61,63,54,53,30,36,33,22,27,23,12,18,9,7,7,4,4,7,5,2,3,3,2,1,0,2,1,2,0,1,1,0,0,0,1,0,0,0,0,0,0,0,0,0,0,0,0,0,0,0,0,0,0,0,0,0,0,0,0,0,0,0
66.85,0,0,0,0,0,1,0,0,0,0,0,0,1,1,0,0,0,0,1,0,0,0,0,0,0,0,0,0,1,1,0,1,1,1,0,1,1,1,3,1,1,2,1,0,2,3,1,0,4,1,0,1,3,0,1,1,1,1,3,1,2,1,2,2,0,2,2,13,9,13,18,8,11,14,14,13,17,12,13,10,15,15,17,20,19,16,20,24,10,21,20,37,32,29,21,28,23,30,25,34,37,38,52,34,41,43,36,46,43,57,60,47,44,64,58,70,64,57,65,78,67,94,122,99,98,114,107,98,104,116,104,140,143,148,136,158,133,147,153,132,147,178,169,178,167,187,164,181,164,174,190,148,174,205,202,217,179,203,163,181,185,193,176,184,152,211,172,184,147,173,167,159,192,175,175,171,174,168,130,136,147,163,158,141,175,145,151,156,159,149,126,147,159,134,137,133,183,157,129,153,144,131,168,141,145,153,147,152,128,139,137,153,168,146,185,145,148,172,139,152,129,128,147,132,155,154,113,113,139,103,115,123,124,97,100,91,82,77,61,63,54,53,30,36,33,22,27,23,12,18,9,7,7,4,4,7,5,2,3,3,2,1,0,2,1,2,0,1,1,0,0,0,1,0,0,0,0,0,0,0,0,0,0,0,0,0,0,0,0,0,0,0,0,0,0,0,0,0,0,0
66.95,0,0,0,0,0,0,0,0,0,0,1,0,0,0,0,0,0,0,0,0,1,1,0,0,0,0,0,1,0,0,0,0,1,1,1,0,2,0,0,0,0,2,0,0,1,4,1,2,3,3,2,0,1,0,1,0,0,1,2,3,5,1,2,1,0,3,1,5,10,10,16,14,13,14,13,14,11,10,18,15,16,15,22,25,18,19,23,22,21,26,29,29,22,29,36,19,28,50,58,36,30,35,37,34,42,52,54,44,36,74,46,52,64,62,58,66,78,75,77,70,79,75,78,81,98,98,119,110,118,112,128,130,124,141,153,130,152,136,127,139,139,170,171,146,172,170,183,159,168,176,190,169,173,201,195,216,198,195,173,174,179,170,183,186,161,201,169,193,156,173,151,168,171,189,196,157,176,170,134,143,140,156,153,134,170,143,156,154,143,149,129,143,159,134,129,143,162,151,140,155,145,128,162,139,141,153,147,149,127,146,136,154,177,144,183,146,150,170,133,150,129,126,149,133,152,152,112,112,144,103,115,119,123,98,99,91,81,79,61,62,54,54,29,36,33,22,27,23,12,18,9,7,7,3,4,7,5,2,3,3,2,1,0,2,1,2,0,1,1,0,0,0,1,0,0,0,0,0,0,0,0,0,0,0,0,0,0,0,0,0,0,0,0,0,0,0,0,0,0,0
67.05,0,0,0,0,0,0,0,0,0,0,0,0,0,0,0,0,0,0,0,0,1,1,0,0,0,0,1,0,3,1,0,0,0,1,0,0,2,0,0,0,0,2,1,3,0,1,1,0,2,1,2,0,1,1,0,1,0,2,2,0,1,1,1,2,1,1,1,8,10,8,16,4,11,9,10,12,15,15,20,11,19,20,15,13,13,15,23,20,29,25,22,23,29,24,27,19,26,25,29,34,32,38,41,44,45,39,44,39,55,46,48,67,53,66,84,62,54,78,83,74,94,81,80,91,97,116,98,93,124,98,131,130,133,139,122,151,132,158,163,132,150,179,161,139,179,181,178,168,167,186,188,163,181,202,207,219,201,175,180,186,193,176,197,218,199,194,164,182,158,182,145,170,172,219,174,186,176,172,144,144,132,153,151,128,162,143,156,147,144,156,129,144,146,138,126,153,169,154,140,139,154,124,155,138,143,153,146,147,132,143,142,155,180,144,183,144,150,176,131,150,131,125,150,132,149,152,112,113,147,104,117,119,123,95,103,93,81,79,61,64,52,53,29,38,33,22,27,22,12,18,9,7,7,3,4,7,5,2,3,3,2,1,0,2,1,2,0,1,1,0,0,0,1,0,0,0,0,0,0,0,0,0,0,0,0,0,0,0,0,0,0,0,0,0,0,0,0,0,0,0
67.15,0,0,0,0,0,0,0,0,0,0,0,1,0,0,0,0,0,0,0,1,0,0,1,0,0,2,0,1,0,0,0,2,0,1,1,2,1,0,0,1,1,1,1,0,0,2,2,2,1,1,0,0,0,0,3,1,0,3,0,1,1,1,0,2,2,2,1,7,7,5,10,9,11,7,14,12,8,13,16,11,15,15,16,15,17,15,23,20,21,23,20,20,18,28,15,30,39,38,25,32,39,29,28,34,41,48,45,43,47,45,49,49,55,51,57,73,60,71,76,72,77,90,78,93,103,91,107,110,112,121,108,101,131,102,152,126,132,136,143,168,152,169,144,180,173,180,182,190,153,176,187,167,186,194,185,211,183,169,200,170,179,189,177,227,175,206,159,190,155,182,143,171,172,189,154,179,175,165,147,130,131,152,137,144,165,153,160,140,148,157,133,138,144,142,123,156,164,156,141,139,153,122,154,134,149,159,146,141,132,145,144,151,180,144,179,140,151,173,127,148,130,127,150,131,153,154,110,117,151,104,119,119,123,96,102,94,80,79,59,64,52,53,29,38,33,22,27,22,12,18,9,7,7,3,4,7,5,2,3,3,2,1,0,2,1,2,0,1,1,0,0,0,1,0,0,0,0,0,0,0,0,0,0,0,0,0,0,0,0,0,0,0,0,0,0,0,0,0,0,0
67.25,0,0,0,0,0,0,0,0,0,0,0,0,0,0,0,0,1,0,0,0,0,0,0,0,0,0,1,0,0,1,1,1,0,0,2,1,0,0,2,1,0,0,0,2,0,1,1,2,2,2,2,1,1,2,1,0,0,0,1,2,3,0,3,0,4,1,1,6,4,11,8,15,15,11,14,20,20,18,23,14,13,5,14,13,13,21,18,16,22,20,28,24,27,21,23,33,33,32,44,26,39,30,42,32,44,35,47,41,49,41,42,52,49,53,49,63,65,67,60,56,74,89,83,80,96,98,95,103,93,95,102,113,133,118,111,150,141,140,145,144,165,143,166,164,160,152,190,189,151,165,165,181,190,193,195,203,178,166,207,165,180,198,189,214,167,205,170,187,174,182,156,165,171,166,165,176,169,162,144,125,142,142,144,140,168,156,161,137,153,166,127,146,144,139,128,159,157,156,144,139,149,124,158,126,150,154,145,141,133,142,142,151,183,138,177,134,151,177,129,146,130,125,153,134,155,152,107,121,150,103,117,119,123,96,103,89,80,77,59,63,52,53,29,38,33,22,29,22,12,18,9,7,7,3,4,7,5,2,3,3,2,1,0,2,1,2,0,1,1,0,0,0,1,0,0,0,0,0,0,0,0,0,0,0,0,0,0,0,0,0,0,0,0,0,0,0,0,0,0,0
67.35,1,0,0,0,0,0,0,0,1,0,0,0,0,0,0,0,0,1,0,0,0,2,0,1,0,0,0,0,0,1,1,2,0,0,0,0,1,1,1,1,3,1,0,1,0,3,1,1,2,1,1,1,0,2,1,2,2,3,4,3,1,2,0,1,1,0,1,11,4,8,12,14,8,8,13,11,11,10,17,20,18,16,20,19,16,17,16,19,20,19,30,24,26,20,30,25,36,29,33,26,32,37,46,37,40,38,59,41,53,50,64,43,44,70,56,63,75,66,57,79,78,86,78,85,88,91,111,85,108,92,96,115,124,99,116,116,138,129,151,173,144,139,151,180,175,170,177,185,158,185,195,180,175,207,169,198,182,165,195,167,174,200,187,186,172,191,168,178,182,175,145,177,172,164,180,191,167,156,143,126,137,135,143,133,166,162,157,133,152,160,123,145,140,143,126,150,167,146,154,142,154,127,148,131,147,156,147,144,129,144,142,150,180,137,184,134,154,178,128,147,132,124,158,136,155,157,104,120,154,105,117,116,123,95,102,89,80,77,59,63,50,53,29,38,33,22,29,22,12,18,9,7,7,2,4,7,5,2,3,3,2,1,0,2,1,2,0,1,1,0,0,0,1,0,0,0,0,0,0,0,0,0,0,0,0,0,0,0,0,0,0,0,0,0,0,0,0,0,0,0
67.45,0,0,0,0,0,0,0,0,0,1,0,0,0,0,0,0,1,0,1,0,0,1,0,0,0,1,0,0,0,0,0,1,1,1,1,0,1,1,2,0,3,2,1,0,3,2,1,4,3,0,1,1,0,0,7,1,0,0,1,2,1,2,0,2,1,2,1,2,10,12,14,15,10,10,14,15,11,23,12,14,22,12,16,15,18,22,17,22,22,27,30,28,29,24,26,25,28,24,39,35,36,25,41,46,35,34,35,43,48,62,55,71,57,71,60,76,64,58,63,57,79,83,94,86,84,91,78,84,116,96,123,128,106,130,119,115,144,152,159,166,152,144,154,170,163,137,159,150,195,186,165,199,185,182,178,184,199,168,196,164,179,203,175,183,170,189,166,182,174,189,151,204,168,163,169,185,159,163,134,124,136,144,137,139,171,161,158,132,145,167,128,139,144,153,123,150,168,145,149,147,153,125,150,125,149,154,146,146,127,148,139,149,176,138,182,139,154,176,125,149,134,119,153,144,156,152,104,122,151,106,117,120,121,97,105,84,82,78,58,63,50,53,29,40,33,22,29,22,12,18,9,6,7,2,4,7,5,2,3,3,2,1,0,2,1,2,0,1,1,0,0,0,1,0,0,0,0,0,0,0,0,0,0,0,0,0,0,0,0,0,0,0,0,0,0,0,0,0,0,0
67.55,0,0,0,0,0,0,0,0,1,0,0,0,0,0,0,1,0,0,0,1,0,0,0,0,0,0,1,1,0,0,1,0,0,1,0,0,0,0,1,0,0,0,1,0,0,0,3,2,0,2,3,0,1,2,0,2,1,1,1,1,2,2,3,2,0,2,4,5,9,10,8,9,9,8,8,13,11,12,15,13,15,17,16,20,17,11,22,22,19,19,25,28,23,28,34,28,33,28,25,39,30,47,37,48,43,45,46,50,46,38,48,63,52,48,56,61,55,73,77,71,68,80,95,92,79,101,93,88,109,114,111,109,140,111,147,128,135,138,163,109,144,144,159,133,147,159,158,166,169,171,177,195,173,177,182,181,202,167,182,176,186,222,179,174,198,187,170,162,190,174,154,216,170,185,157,192,167,168,135,120,143,143,137,144,168,168,158,144,133,172,135,147,140,142,126,146,159,141,146,144,153,139,144,131,155,156,146,144,134,148,137,148,180,136,191,141,148,174,123,149,138,117,154,143,157,154,105,123,154,106,115,122,120,97,103,84,85,78,58,61,48,54,28,40,33,22,29,22,12,18,11,6,7,2,4,7,5,2,3,3,2,1,0,2,1,2,0,1,1,0,0,0,1,0,0,0,0,0,0,0,0,0,0,0,0,0,0,0,0,0,0,0,0,0,0,0,0,0,0,0
67.65,0,0,0,0,0,0,1,0,0,0,0,0,1,0,0,0,0,1,0,0,1,1,0,0,0,0,0,1,1,2,0,2,1,0,0,2,1,1,2,1,0,1,1,1,0,0,1,1,3,1,1,2,2,2,0,1,4,2,1,1,1,1,3,2,1,1,5,11,10,9,17,9,12,8,13,15,15,11,17,20,15,24,16,7,16,22,24,23,21,27,27,26,26,32,30,35,32,23,30,37,35,42,37,33,47,31,41,42,36,51,48,57,44,64,53,67,62,64,73,92,88,73,84,75,88,79,97,100,89,109,112,103,138,114,115,158,136,152,136,133,147,159,156,137,142,161,168,170,162,157,159,212,189,190,171,191,185,174,167,165,176,231,185,172,200,180,178,147,195,167,157,192,184,186,178,159,174,150,139,129,137,143,147,148,156,163,149,157,145,156,133,147,130,147,128,145,152,142,142,142,148,136,143,135,144,152,145,146,132,143,143,153,180,139,186,142,147,164,129,147,140,114,154,141,161,152,109,123,156,110,115,122,121,98,105,78,83,78,59,59,48,54,29,40,33,22,29,22,12,18,11,6,7,2,4,7,5,2,3,3,2,1,0,2,1,2,0,1,1,0,0,0,1,0,0,0,0,0,0,0,0,0,0,0,0,0,0,0,0,0,0,0,0,0,0,0,0,0,0,0
67.75,1,0,0,0,0,0,0,0,0,0,0,0,0,0,0,0,0,0,0,0,1,0,0,0,0,1,2,0,1,1,0,1,0,0,1,0,1,0,1,1,0,1,0,2,0,2,2,1,1,2,2,2,3,1,2,3,3,3,3,3,0,0,3,2,5,1,1,5,9,14,13,10,14,15,10,20,13,14,17,16,21,11,18,16,17,27,25,21,24,22,20,28,27,24,34,30,19,26,29,27,39,31,32,37,30,40,33,38,61,56,45,53,43,55,58,68,62,73,73,74,84,68,62,91,92,88,101,107,99,112,126,116,129,125,120,152,159,143,130,127,155,159,162,132,155,173,173,163,182,159,152,167,198,175,195,189,205,174,164,175,183,202,175,187,204,172,168,160,189,176,169,181,185,181,181,169,178,149,140,136,141,137,138,153,161,171,151,150,143,144,134,153,137,153,130,153,156,136,143,146,147,141,143,138,145,145,144,145,135,144,146,147,177,136,188,138,153,164,127,148,142,116,154,138,160,151,106,123,157,112,115,120,121,96,104,77,82,76,59,59,48,53,29,40,35,20,28,22,12,18,11,6,7,2,4,7,5,2,3,3,1,1,0,2,1,1,0,1,1,0,0,0,1,0,0,0,0,0,0,0,0,0,0,0,0,0,0,0,0,0,0,0,0,0,0,0,0,0,0,0
67.85,0,0,0,0,0,0,0,0,0,0,1,0,0,0,1,1,0,1,1,0,0,0,1,0,0,0,0,0,2,1,0,0,0,1,1,0,0,0,1,1,0,0,0,2,3,1,1,0,1,1,3,1,2,3,1,1,2,0,2,2,2,2,2,5,2,1,1,6,9,10,9,14,6,11,13,13,16,10,8,11,11,10,22,17,22,19,23,26,19,24,29,21,25,22,26,33,30,25,28,34,46,40,43,35,50,38,53,52,44,48,58,54,47,51,54,53,52,70,69,77,75,78,83,102,86,63,82,95,108,101,110,114,133,109,125,134,147,148,131,152,154,154,160,144,142,158,177,177,186,167,174,179,199,177,173,181,208,179,169,181,191,204,185,169,192,159,153,149,194,177,199,191,184,175,160,160,160,162,157,133,145,150,143,169,170,161,149,144,141,147,139,164,130,149,134,147,147,134,145,144,139,143,142,136,138,146,144,147,130,143,143,148,176,137,186,139,153,162,128,148,145,115,154,139,161,147,104,122,162,112,115,120,121,96,106,76,81,76,57,61,48,53,31,40,35,20,28,22,12,18,11,6,7,2,4,7,5,2,3,3,1,1,0,2,1,1,0,1,1,0,0,0,1,0,0,0,0,0,0,0,0,0,0,0,0,0,0,0,0,0,0,0,0,0,0,0,0,0,0,0
67.95,0,0,0,0,0,0,0,0,1,0,0,0,0,0,0,0,0,0,1,0,0,0,0,0,0,0,1,0,1,0,0,0,0,2,0,0,0,0,1,2,0,0,0,2,0,1,0,2,1,0,2,0,1,4,1,2,2,2,1,2,2,0,2,0,1,3,1,11,10,14,13,15,19,14,11,18,15,14,17,21,13,15,18,21,20,19,14,21,16,35,22,30,28,26,32,34,33,24,33,31,31,42,52,37,45,46,37,47,52,43,57,43,58,65,57,68,69,70,72,70,82,79,84,89,92,106,87,89,111,108,115,96,105,132,138,135,138,125,143,141,138,176,160,141,157,172,183,180,164,154,188,170,175,165,168,173,208,198,173,202,183,181,179,172,187,159,166,151,195,171,192,192,188,187,168,165,178,172,159,119,131,142,149,162,168,149,140,143,149,153,134,155,130,152,139,147,143,136,147,149,138,142,144,136,141,141,145,146,133,144,153,150,175,142,188,147,150,166,123,152,144,119,153,144,161,149,104,123,161,112,116,119,120,95,105,75,82,76,57,61,47,53,29,40,35,20,28,22,12,18,11,6,7,2,4,7,5,2,3,3,1,1,0,2,1,1,0,1,1,0,0,0,1,0,0,0,0,0,0,0,0,0,0,0,0,0,0,0,0,0,0,0,0,0,0,0,0,0,0,0
68.05,0,0,0,0,0,0,0,0,0,0,0,0,0,0,0,0,1,0,0,0,0,0,1,0,0,1,0,0,0,2,0,0,0,0,0,0,0,2,0,1,0,2,0,0,0,1,1,0,3,2,0,0,2,2,1,0,3,1,3,1,0,1,2,0,4,1,0,5,7,8,10,11,15,11,9,17,14,17,10,19,11,14,19,15,11,28,29,25,19,19,27,22,25,22,26,12,32,30,26,30,38,38,29,39,34,35,44,54,42,45,53,55,50,51,49,66,75,67,65,66,73,90,73,89,83,95,84,89,97,99,83,113,111,111,120,135,111,129,131,153,141,163,138,147,166,164,155,163,167,180,183,164,180,181,169,195,213,162,167,174,199,175,203,152,192,151,156,155,201,168,161,182,206,175,156,167,159,183,156,129,134,147,149,166,156,150,145,134,149,155,124,157,130,148,140,147,138,141,143,146,140,139,148,133,138,142,138,146,137,139,153,145,177,145,186,145,152,167,122,150,145,124,154,142,159,150,103,126,161,114,114,119,120,95,104,74,84,78,57,61,47,53,29,40,35,20,28,22,11,19,11,6,7,2,4,7,5,2,3,3,1,1,0,2,1,1,0,1,1,0,0,0,1,0,0,0,0,0,0,0,0,0,0,0,0,0,0,0,0,0,0,0,0,0,0,0,0,0,0,0
68.15,0,0,0,0,0,0,0,0,0,0,1,0,0,0,0,0,1,0,0,0,0,0,0,1,0,0,0,0,0,0,0,2,0,1,1,3,0,1,0,0,1,0,1,0,3,2,0,0,1,0,2,1,1,1,1,1,1,0,2,1,1,1,0,0,4,1,1,5,7,12,6,9,19,15,10,9,19,9,14,17,19,17,20,16,14,19,14,21,17,19,17,23,16,18,36,25,24,24,34,33,28,32,35,26,31,42,35,32,33,47,47,45,55,55,41,49,54,55,54,74,78,65,86,101,85,98,82,100,92,115,118,95,135,121,126,121,138,142,140,152,150,151,156,162,149,163,162,155,162,158,182,173,160,183,158,195,191,175,143,182,186,195,209,166,192,145,146,161,183,156,169,175,194,179,144,160,173,155,152,132,143,150,153,168,144,148,144,131,136,154,127,155,135,135,146,147,135,143,148,138,137,136,151,130,137,143,144,146,136,136,153,147,185,147,186,144,145,168,122,146,143,128,151,145,159,148,104,124,160,113,115,120,119,95,104,74,84,76,56,61,47,53,29,40,37,19,28,22,11,19,11,6,7,2,4,7,5,2,3,3,1,1,0,2,1,1,0,1,1,0,0,0,1,0,0,0,0,0,0,0,0,0,0,0,0,0,0,0,0,0,0,0,0,0,0,0,0,0,0,0
68.25,0,0,0,0,0,0,0,0,0,0,0,0,0,0,0,0,0,1,0,0,1,0,1,1,0,0,0,1,0,0,0,0,1,0,0,2,0,1,0,1,0,0,4,2,1,1,1,1,1,2,0,2,3,2,3,0,2,0,0,4,1,2,1,1,0,2,2,7,10,12,11,15,15,16,5,8,16,12,14,12,6,16,18,16,19,26,19,31,23,14,24,23,27,19,28,18,27,26,23,37,39,40,36,32,43,42,48,31,52,47,60,41,54,56,45,58,62,60,64,77,63,74,85,77,75,82,83,89,122,136,115,112,115,123,107,135,136,130,130,158,178,143,133,170,185,165,156,177,169,144,191,191,172,199,159,168,181,180,159,182,181,207,169,171,191,150,164,163,172,152,163,153,181,189,143,164,160,153,167,145,126,162,159,158,146,144,141,127,143,152,116,157,130,128,149,152,134,138,144,139,150,139,144,127,139,148,146,144,134,139,150,146,186,146,181,142,142,167,120,149,144,129,151,146,161,150,104,126,163,112,115,120,121,99,104,74,84,74,56,60,47,53,29,40,37,19,28,20,11,19,11,6,7,2,4,7,5,2,2,3,1,1,0,2,1,1,0,1,1,0,0,0,1,0,0,0,0,0,0,0,0,0,0,0,0,0,0,0,0,0,0,0,0,0,0,0,0,0,0,0
68.35,0,0,0,1,0,0,0,0,0,0,0,0,0,2,1,0,0,0,0,0,1,0,0,2,1,2,0,0,1,0,1,1,1,0,1,0,0,0,0,0,0,0,2,3,1,1,1,1,3,3,0,0,3,3,0,1,0,3,2,2,1,2,1,1,0,2,1,2,14,12,8,11,4,6,16,16,20,14,19,21,13,25,23,11,15,19,24,26,15,18,34,19,30,27,10,25,30,34,35,35,32,32,31,45,39,50,31,45,52,67,35,54,55,62,61,83,75,69,75,75,76,79,79,87,87,94,111,98,84,102,123,108,125,109,97,127,133,134,135,157,148,121,164,157,163,167,161,178,186,149,182,177,174,173,177,169,164,180,173,180,176,202,177,194,197,164,157,143,188,159,159,177,180,151,164,145,155,171,157,156,119,153,161,155,148,152,144,136,147,151,124,155,125,136,147,153,137,132,142,140,147,147,144,127,145,144,147,147,138,137,156,150,178,143,182,143,139,161,121,148,147,129,153,151,158,150,105,131,160,111,120,119,121,97,102,76,82,74,56,60,47,54,29,40,36,19,28,20,11,19,11,6,7,2,4,7,5,2,2,3,1,1,0,2,1,1,0,1,1,0,0,0,1,0,0,0,0,0,0,0,0,0,0,0,0,0,0,0,0,0,0,0,0,0,0,0,0,0,0,0
68.45,0,0,0,0,0,0,0,0,0,0,0,0,0,0,0,0,0,0,0,0,1,0,0,0,0,0,0,0,0,0,1,0,0,0,0,0,2,0,0,0,1,1,0,3,0,0,1,4,2,1,4,1,3,1,2,0,0,1,1,3,3,3,0,1,0,1,1,9,6,12,8,14,7,13,5,12,14,8,11,15,16,18,9,22,15,16,19,22,14,20,24,21,28,16,28,31,24,28,38,22,24,30,40,32,43,29,42,34,43,46,62,57,58,42,60,65,61,43,71,66,76,74,84,103,102,93,72,111,104,115,100,127,126,120,119,113,137,140,164,151,136,105,156,138,182,171,142,160,164,161,151,178,179,182,191,176,196,161,170,182,167,191,197,174,202,160,149,147,203,155,157,184,185,151,170,152,146,161,147,151,130,150,174,150,145,150,136,139,147,141,128,159,129,143,145,149,149,138,147,138,144,143,139,128,137,147,153,149,139,139,157,154,184,145,180,135,139,159,124,144,153,127,152,149,156,146,106,128,162,107,120,121,118,97,102,72,82,73,56,60,47,52,29,40,36,19,27,20,11,19,11,6,7,2,4,7,5,2,2,3,1,1,0,2,1,1,0,1,1,0,0,0,1,0,0,0,0,0,0,0,0,0,0,0,0,0,0,0,0,0,0,0,0,0,0,0,0,0,0,0
68.55,0,0,0,0,0,0,0,0,0,0,0,0,0,0,0,0,1,0,0,0,0,1,0,0,0,1,0,3,0,0,0,1,0,1,2,0,2,0,1,1,0,0,1,0,1,1,1,2,1,3,2,4,0,3,1,0,2,1,4,4,1,1,2,2,2,2,0,8,16,17,9,11,16,7,10,11,12,18,17,15,14,17,15,22,19,20,16,24,26,22,28,28,29,31,25,30,34,22,34,26,38,43,38,30,34,34,35,42,48,47,39,52,59,61,68,61,57,58,57,76,66,68,89,60,75,85,92,94,86,106,133,98,100,121,128,122,133,155,131,140,130,135,145,132,180,158,163,152,143,178,146,187,182,177,192,176,169,178,194,176,158,187,184,150,215,140,160,148,185,139,163,172,174,148,160,148,154,147,151,153,132,152,166,153,147,153,137,132,149,149,135,152,129,144,140,146,148,136,142,140,146,136,139,131,139,138,152,141,135,135,159,155,181,142,180,140,142,160,121,139,153,127,151,147,157,147,102,129,163,107,120,119,118,99,103,69,83,73,56,62,47,54,29,40,36,19,27,20,12,18,11,6,7,2,4,7,4,2,2,3,1,1,0,2,1,1,0,1,1,0,0,0,1,0,0,0,0,0,0,0,0,0,0,0,0,0,0,0,0,0,0,0,0,0,0,0,0,0,0,0
68.65,0,0,0,0,0,0,0,0,0,0,1,0,0,0,0,0,0,0,0,0,1,0,0,0,0,1,1,0,0,1,0,1,1,1,1,0,0,0,0,0,2,0,1,2,1,0,0,4,2,2,2,3,0,1,1,0,1,2,0,1,1,2,5,2,0,0,1,1,8,7,10,11,12,16,11,16,5,12,13,12,11,11,10,17,24,13,12,16,17,25,19,26,23,26,23,30,30,16,24,30,28,38,38,36,35,32,37,34,39,48,47,49,48,44,45,57,62,63,57,69,82,73,82,79,90,89,105,110,115,115,94,103,115,122,149,139,144,149,144,129,123,146,126,134,153,163,148,167,161,178,175,159,158,186,182,184,173,188,195,182,144,193,180,175,197,136,180,154,205,149,163,159,167,155,171,132,146,137,141,160,127,161,163,166,153,154,144,131,151,150,134,155,130,149,138,142,141,132,144,133,147,134,140,127,139,138,151,146,130,134,155,156,186,151,183,140,143,156,120,142,152,127,154,148,155,146,101,129,165,107,120,119,116,99,101,69,83,73,56,62,47,54,29,40,36,19,27,20,11,18,11,6,7,2,4,7,4,2,2,3,1,1,0,2,1,1,0,1,1,0,0,0,1,0,0,0,0,0,0,0,0,0,0,0,0,0,0,0,0,0,0,0,0,0,0,0,0,0,0,0
68.75,0,0,0,1,0,0,0,0,0,0,0,0,0,0,0,0,0,0,0,0,0,0,0,0,2,1,0,1,0,0,1,1,1,0,0,1,1,1,1,1,0,1,1,2,3,1,3,0,0,2,1,0,1,0,1,2,0,1,0,0,1,1,3,1,0,1,2,3,12,8,10,19,9,13,15,15,10,15,16,16,20,28,19,15,7,15,10,17,20,20,20,27,29,33,33,29,32,35,33,36,39,44,30,48,38,55,42,45,41,45,40,48,47,52,56,64,58,72,67,73,74,91,77,90,79,94,105,103,102,99,104,106,116,137,130,132,130,134,135,113,163,160,139,151,141,157,146,179,181,190,179,166,172,178,190,171,155,234,161,194,148,197,198,173,206,132,157,152,186,176,168,154,157,168,169,128,146,140,129,164,132,149,176,148,156,153,148,131,153,155,128,152,134,146,128,147,144,133,138,131,151,140,137,129,137,134,155,146,125,130,161,158,187,156,176,142,145,162,118,143,151,127,155,152,157,150,101,130,164,107,122,118,117,97,101,69,80,74,56,62,47,54,28,43,36,19,27,20,11,18,11,6,7,2,4,7,4,2,2,3,1,1,0,2,1,1,0,1,1,0,0,0,1,0,0,0,0,0,0,0,0,0,0,0,0,0,0,0,0,0,0,0,0,0,0,0,0,0,0,0
68.85,0,0,0,1,0,0,0,0,0,1,0,0,0,1,0,0,0,0,0,0,0,0,0,1,0,1,0,0,0,0,0,1,1,0,0,2,0,1,1,0,1,0,3,1,1,0,0,1,2,0,0,0,0,0,1,0,1,1,1,2,1,1,1,0,1,2,4,10,6,6,9,14,8,9,13,16,14,11,18,18,14,12,7,12,23,15,20,20,28,18,23,17,21,23,31,30,29,28,32,21,21,32,41,28,28,35,36,41,42,46,52,48,71,41,56,51,68,83,79,89,80,90,85,94,90,90,68,98,108,91,111,122,123,111,121,136,157,112,133,142,150,140,128,145,161,144,135,186,173,172,179,168,186,184,201,172,194,202,177,172,184,187,183,170,198,138,146,149,173,148,163,136,155,151,164,131,155,133,126,149,136,155,160,141,152,146,138,127,136,164,124,145,149,138,137,147,141,133,144,135,152,144,146,128,142,134,156,143,121,130,162,154,177,155,174,144,139,159,119,141,149,122,152,150,155,146,101,134,163,99,122,118,117,97,100,69,80,74,56,62,47,54,28,43,36,20,27,20,11,18,11,6,7,2,4,7,4,2,2,3,1,1,0,2,1,1,0,1,1,0,0,0,1,0,0,0,0,0,0,0,0,0,0,0,0,0,0,0,0,0,0,0,0,0,0,0,0,0,0,0
68.95,0,0,0,0,0,0,1,0,0,0,0,0,0,0,0,1,1,0,0,1,0,0,0,0,0,0,0,0,0,0,0,0,0,1,1,1,0,0,1,2,0,3,1,2,2,1,3,1,0,0,1,0,0,1,1,1,0,0,4,0,2,1,1,2,1,0,2,5,7,13,11,6,10,11,12,16,14,10,26,13,15,11,19,20,17,18,22,29,23,21,20,24,18,21,25,28,24,27,32,22,34,31,56,33,29,38,33,35,36,36,48,54,67,59,60,66,64,66,49,70,52,76,86,88,105,100,106,105,97,111,98,107,114,148,146,128,122,119,122,149,132,142,161,166,162,156,159,174,178,163,194,188,178,156,186,181,175,183,163,203,180,162,182,180,173,156,152,142,176,159,175,148,151,160,162,125,145,129,123,151,139,152,160,138,160,151,137,120,130,162,127,149,135,146,147,150,142,135,139,133,154,132,146,127,142,136,155,145,118,127,163,154,171,153,172,142,147,163,116,140,145,120,149,144,153,145,101,132,163,99,124,122,117,95,99,66,77,74,57,62,47,54,29,42,36,20,27,20,11,18,11,6,7,2,4,7,4,2,2,3,1,1,0,2,1,1,0,1,1,0,0,0,1,0,0,0,0,0,0,0,0,0,0,0,0,0,0,0,0,0,0,0,0,0,0,0,0,0,0,0
69.05,0,0,0,0,0,0,0,0,0,0,0,0,0,0,0,0,1,0,0,1,0,0,1,0,0,1,0,0,0,0,0,0,1,1,0,0,0,0,1,2,0,2,0,0,0,1,1,2,0,2,2,3,0,2,2,2,0,3,0,1,1,1,2,0,1,1,2,4,7,14,9,12,11,11,15,18,20,26,13,20,11,11,13,15,15,19,12,27,19,15,24,21,32,29,25,23,31,34,28,44,42,32,43,45,42,57,54,55,46,51,44,52,58,59,77,74,73,69,52,69,78,81,77,102,88,95,92,109,106,102,112,113,109,112,141,124,130,127,122,135,146,152,177,157,175,142,160,154,171,177,172,153,196,175,181,173,181,191,166,165,167,163,192,176,181,170,146,146,178,157,165,157,159,166,158,129,146,121,125,140,137,153,155,141,162,144,138,118,126,144,133,142,121,152,146,151,153,138,138,138,153,129,146,132,142,140,158,139,116,128,161,154,170,151,172,143,142,165,115,137,144,121,154,146,157,147,101,134,165,101,126,120,119,95,97,66,75,74,57,62,47,54,29,44,36,20,27,20,11,18,11,6,7,2,4,7,4,2,2,3,1,1,0,2,1,1,0,1,1,0,0,0,1,0,0,0,0,0,0,0,0,0,0,0,0,0,0,0,0,0,0,0,0,0,0,0,0,0,0,0
69.15,0,0,0,0,0,0,0,0,0,0,0,0,0,0,0,0,0,0,0,1,1,0,0,1,1,0,0,0,1,0,2,0,0,0,1,3,0,1,0,1,1,1,1,2,1,2,1,3,0,2,1,2,0,1,1,1,1,2,0,1,1,3,1,1,1,1,4,5,4,5,13,10,7,15,14,14,9,16,7,11,16,13,9,13,14,23,29,21,26,27,25,17,24,24,30,26,30,29,25,28,34,37,42,37,45,38,42,48,47,39,47,41,51,56,54,66,64,62,88,74,94,92,91,92,80,113,93,89,106,107,114,119,125,126,117,126,127,150,163,114,143,138,166,169,151,156,164,173,179,181,174,168,184,176,172,178,197,168,152,158,175,161,193,181,185,163,160,150,161,203,177,180,145,167,163,136,145,130,128,142,128,156,150,145,161,149,138,125,125,155,131,140,134,145,147,146,145,140,133,134,155,123,153,130,144,146,156,142,117,130,159,150,163,148,170,142,142,163,115,138,143,125,152,145,156,144,104,136,165,101,125,121,119,95,99,66,77,74,59,62,47,54,29,44,36,20,27,20,11,17,11,6,7,2,4,7,4,2,2,3,1,1,0,2,1,1,0,1,1,0,0,0,1,0,0,0,0,0,0,0,0,0,0,0,0,0,0,0,0,0,0,0,0,0,0,0,0,0,0,0
69.25,0,0,0,0,0,1,0,0,0,0,1,0,1,0,0,0,0,0,0,0,0,0,0,0,0,0,0,0,0,1,0,1,0,2,1,1,2,2,1,2,0,1,3,1,0,4,2,3,2,2,0,3,3,4,0,2,1,1,0,0,0,0,1,0,1,2,3,7,10,7,15,12,15,13,10,18,14,10,14,13,14,15,17,17,10,20,29,26,18,19,15,17,31,21,16,38,27,24,35,33,28,31,28,36,46,33,53,59,47,55,52,48,52,64,63,63,61,64,69,82,80,73,92,99,89,102,88,118,109,103,102,126,126,126,125,131,119,139,148,152,120,156,167,163,137,166,168,156,201,190,158,157,202,183,165,185,164,180,182,155,181,165,191,190,205,168,158,169,157,188,174,154,144,168,160,145,135,136,125,140,134,170,147,141,151,163,135,125,127,148,126,137,134,152,137,148,140,136,134,138,156,123,150,138,134,146,159,138,120,136,157,150,162,146,169,141,143,171,117,139,142,121,157,144,155,143,104,134,167,100,124,123,119,95,99,65,78,74,59,62,47,54,29,44,36,20,27,20,11,17,11,6,7,2,3,7,4,2,2,3,1,1,0,2,1,1,0,1,1,0,0,0,1,0,0,0,0,0,0,0,0,0,0,0,0,0,0,0,0,0,0,0,0,0,0,0,0,0,0,0
69.35,0,0,0,0,0,0,0,0,0,0,0,0,0,0,0,0,0,1,0,0,0,0,0,0,1,0,0,1,2,1,1,1,0,0,0,0,1,0,4,1,0,0,1,1,0,1,0,2,0,0,2,2,2,3,2,3,0,1,0,1,2,1,0,1,3,1,1,6,11,8,12,10,11,16,11,16,9,14,15,14,16,22,17,13,18,18,22,19,25,20,28,37,22,27,34,28,19,25,39,42,43,31,29,43,38,37,40,46,64,58,58,54,49,55,65,70,69,66,82,90,72,92,96,89,85,84,99,98,90,115,120,108,105,105,110,136,128,114,125,165,133,173,173,154,160,159,163,165,209,177,158,151,175,163,171,172,172,186,174,133,190,172,194,180,212,170,160,160,169,158,187,159,168,176,163,137,143,140,134,143,133,176,156,137,149,154,136,126,136,161,130,138,132,150,127,158,134,138,137,135,154,126,156,143,136,143,155,140,117,138,152,148,162,147,166,143,146,165,120,137,145,118,156,142,157,143,105,135,165,98,125,123,117,93,101,65,78,74,61,62,47,54,29,44,36,20,27,20,11,17,11,6,7,2,3,7,4,2,2,3,1,1,0,2,1,1,0,1,1,0,0,0,1,0,0,0,0,0,0,0,0,0,0,0,0,0,0,0,0,0,0,0,0,0,0,0,0,0,0,0
69.45,0,0,0,0,0,0,0,0,0,0,0,0,0,0,0,0,0,0,1,0,0,0,0,0,0,0,0,0,1,1,2,0,0,2,0,0,0,1,0,0,0,0,0,1,0,0,1,1,3,1,1,0,2,3,3,1,1,2,1,3,2,1,2,3,2,0,1,16,7,15,12,14,9,7,12,21,14,12,16,6,14,16,15,14,18,16,22,12,18,24,25,19,21,33,29,40,28,25,28,34,32,29,45,37,37,34,43,44,48,52,52,44,52,64,61,66,81,58,70,76,80,82,96,81,90,92,109,83,115,115,106,129,88,127,125,110,125,126,141,135,164,145,157,160,153,156,165,174,181,179,168,179,181,162,174,154,190,166,160,145,174,176,182,174,170,169,163,178,152,179,186,158,182,170,166,144,129,137,137,147,128,171,153,140,165,151,124,117,133,167,131,138,135,165,131,157,136,134,135,129,153,127,153,149,137,138,150,143,117,138,153,149,161,153,167,149,143,169,119,138,141,116,154,141,153,141,107,136,162,99,127,123,116,95,99,65,77,71,59,62,47,53,29,43,36,20,27,20,11,17,11,6,7,2,3,7,4,2,2,3,1,1,0,2,1,1,0,1,1,0,0,0,1,0,0,0,0,0,0,0,0,0,0,0,0,0,0,0,0,0,0,0,0,0,0,0,0,0,0,0
69.55,0,0,0,0,0,0,2,0,0,0,0,0,0,0,0,0,0,0,0,0,0,0,0,0,0,0,0,1,0,2,0,1,1,0,0,0,2,0,0,2,0,1,0,1,1,0,1,1,1,0,2,0,1,2,4,0,1,3,1,2,4,2,2,2,0,3,1,7,5,11,4,17,19,13,11,9,5,19,11,9,13,12,26,11,20,21,13,24,24,22,21,14,21,31,26,23,19,29,35,35,49,29,44,37,44,45,45,49,39,58,58,50,60,45,55,72,72,56,75,71,60,72,84,96,94,99,100,111,97,104,112,99,109,106,136,117,138,134,127,136,153,160,132,157,180,181,152,180,161,175,175,145,170,163,170,153,177,185,160,171,180,181,171,172,163,154,149,174,153,174,182,170,159,169,156,153,126,139,139,150,137,158,147,147,169,152,126,119,136,174,130,145,134,169,129,155,138,129,139,144,153,125,147,154,139,136,150,149,121,132,155,151,159,158,167,146,145,167,116,142,136,119,153,139,152,139,107,134,160,97,127,119,116,93,103,65,77,71,59,62,47,53,29,43,36,20,27,20,11,17,11,6,7,2,3,7,4,2,2,3,1,1,0,2,1,1,0,1,1,0,0,0,1,0,0,0,0,0,0,0,0,0,0,0,0,0,0,0,0,0,0,0,0,0,0,0,0,0,0,0
69.65,0,0,0,0,0,0,0,0,0,0,0,0,0,1,0,0,0,0,0,0,2,0,0,0,1,1,0,0,0,0,1,2,0,0,0,0,1,1,1,0,1,0,0,4,3,1,1,1,3,3,1,1,1,0,1,0,1,1,1,1,2,2,0,2,2,1,2,12,9,9,13,9,8,12,13,22,11,9,16,12,13,19,16,21,15,24,15,26,20,16,22,22,29,20,26,29,29,35,24,44,37,32,37,40,42,40,44,45,44,48,48,61,49,51,68,61,60,73,79,87,72,70,67,73,88,92,90,93,85,95,115,100,120,117,115,137,135,133,131,141,157,158,151,160,175,167,171,190,160,177,158,187,154,187,154,155,162,169,178,158,188,148,164,187,166,152,158,180,161,168,194,184,170,158,158,154,123,132,133,153,134,137,146,154,169,143,123,122,140,179,129,152,134,163,138,155,129,125,146,142,152,132,143,153,146,136,151,146,122,132,157,155,157,159,167,146,145,167,114,142,134,122,153,140,151,141,109,133,159,95,127,121,117,91,100,67,77,70,57,62,47,52,29,43,36,20,27,20,11,17,11,6,7,2,3,7,4,2,2,3,1,1,0,2,0,1,0,1,1,0,0,0,1,0,0,0,0,0,0,0,0,0,0,0,0,0,0,0,0,0,0,0,0,0,0,0,0,0,0,0
69.75,0,0,0,1,0,0,0,0,0,0,0,2,0,0,0,0,0,0,0,2,0,0,0,1,0,0,0,0,0,0,0,0,0,0,0,0,3,0,0,1,2,2,0,1,1,1,1,2,1,0,1,2,1,1,1,2,0,0,0,1,0,2,2,2,2,0,0,14,7,12,9,21,13,12,15,17,10,13,11,10,27,13,26,21,12,13,21,22,20,26,31,25,25,27,38,34,36,28,24,38,30,21,35,37,28,32,46,45,44,47,55,51,51,51,47,59,70,63,56,77,79,80,78,89,99,87,94,113,93,111,93,121,109,125,117,141,122,138,142,139,137,166,167,197,155,163,186,164,168,150,178,177,153,188,159,146,169,177,187,151,170,161,170,163,152,165,159,181,159,188,205,178,181,163,168,157,133,141,135,156,142,162,141,150,152,161,123,117,136,191,135,157,133,158,123,151,128,120,151,137,151,134,142,160,149,135,152,147,121,132,154,149,163,162,168,148,141,165,112,144,136,120,153,140,147,135,110,132,158,94,127,119,115,91,100,69,77,70,57,64,48,52,28,43,36,20,27,20,11,17,11,6,7,2,3,7,4,2,2,2,1,1,0,2,0,1,0,1,1,0,0,0,1,0,0,0,0,0,0,0,0,0,0,0,0,0,0,0,0,0,0,0,0,0,0,0,0,0,0,0
69.85,0,0,0,0,0,0,0,0,0,0,0,1,0,0,0,0,0,0,0,1,0,1,0,0,0,0,0,0,0,0,0,0,1,0,1,1,0,1,4,1,1,3,1,2,0,3,0,0,0,3,1,2,0,0,0,1,1,1,2,1,3,3,1,2,2,3,0,6,8,8,14,10,15,11,17,16,15,14,16,14,18,9,18,19,18,23,17,25,22,23,19,26,23,26,32,24,24,34,26,33,41,27,32,46,41,43,50,45,55,50,62,56,57,53,67,70,61,72,60,73,68,72,81,82,90,91,76,91,86,85,86,106,121,113,139,120,125,152,143,146,157,157,156,156,179,159,182,176,159,161,151,194,138,161,155,158,160,175,185,163,157,168,167,157,167,164,145,184,161,171,170,155,177,172,162,156,144,144,128,143,140,146,151,160,156,149,121,128,148,192,143,154,134,162,131,153,134,121,154,128,143,133,144,152,144,142,151,148,117,135,148,150,167,170,169,146,137,160,113,145,135,120,153,141,145,137,110,134,159,93,126,121,112,89,100,71,79,71,57,64,48,52,28,43,36,20,28,20,11,17,11,6,7,2,3,7,4,2,2,2,1,1,0,2,0,1,0,1,0,0,0,0,1,0,0,0,0,0,0,0,0,0,0,0,0,0,0,0,0,0,0,0,0,0,0,0,0,0,0,0
69.95,0,0,0,0,0,0,0,0,0,0,0,1,0,0,0,0,0,0,0,1,0,0,0,1,0,0,0,0,1,1,0,0,0,0,0,0,0,1,0,2,2,0,1,0,0,1,0,0,0,2,1,1,3,1,1,1,0,2,1,1,0,1,0,1,1,2,1,5,11,8,7,9,13,5,11,15,9,8,14,10,14,9,22,15,20,15,17,20,18,16,27,19,19,23,19,27,33,24,28,37,31,46,37,34,43,42,37,42,57,52,48,61,47,52,46,60,70,67,74,78,75,77,73,77,76,93,84,90,82,99,95,100,103,128,113,128,138,135,155,142,148,131,182,161,178,164,187,162,173,166,162,211,174,187,152,154,165,194,184,166,179,169,166,160,163,176,159,184,161,168,174,151,185,167,165,155,147,143,129,141,140,153,153,166,152,149,122,130,153,186,146,142,128,159,127,164,136,122,156,127,154,133,150,152,148,147,153,153,117,131,140,153,170,172,171,149,134,165,114,145,135,121,156,139,147,139,110,134,156,94,124,121,111,89,102,71,79,69,57,64,50,54,28,43,36,18,28,20,11,17,11,6,7,2,3,7,4,2,2,2,1,1,0,2,0,1,0,1,0,0,0,0,1,0,0,0,0,0,0,0,0,0,0,0,0,0,0,0,0,0,0,0,0,0,0,0,0,0,0,0
70.05,0,0,0,0,0,0,0,0,0,0,0,0,0,0,0,0,0,0,1,0,0,1,1,0,1,0,0,0,0,0,0,1,1,0,1,0,0,1,2,1,1,1,2,0,1,1,0,2,0,2,1,2,2,2,2,2,2,1,1,3,2,1,0,3,2,1,2,10,4,10,12,15,14,13,15,12,10,12,14,14,20,21,14,21,28,23,18,20,27,24,16,26,22,23,28,25,28,33,30,30,33,27,37,34,36,40,41,40,41,45,61,60,52,47,68,49,59,75,67,71,65,97,85,72,88,79,94,103,101,97,106,112,120,136,114,127,144,145,144,151,139,142,142,155,169,184,188,191,167,156,158,177,178,189,162,161,162,154,176,167,178,175,180,145,165,164,155,167,160,158,159,154,200,157,159,151,153,148,126,133,148,150,155,154,160,148,119,131,167,162,151,142,116,150,132,170,132,128,159,126,153,135,149,152,146,148,155,149,120,135,137,154,169,174,170,149,140,162,116,148,138,121,156,137,149,139,111,134,155,94,122,115,112,85,102,71,77,69,55,67,50,54,28,43,36,18,29,20,13,17,11,6,6,2,3,7,4,2,2,2,1,1,0,2,0,1,0,1,0,0,0,0,1,0,0,0,0,0,0,0,0,0,0,0,0,0,0,0,0,0,0,0,0,0,0,0,0,0,0,0
70.15,0,0,0,0,0,0,0,0,0,0,0,0,0,0,0,0,0,0,0,0,1,1,0,1,0,0,1,0,3,1,0,1,1,0,0,1,0,0,0,2,0,0,1,1,1,2,0,2,1,0,1,2,1,2,1,3,2,2,1,2,2,2,1,2,2,3,0,4,10,10,14,8,12,8,15,13,12,18,20,14,15,20,21,23,25,21,24,20,22,17,17,16,21,28,27,31,25,25,26,25,37,25,34,37,38,42,40,51,61,57,61,50,52,58,74,58,71,64,65,75,67,64,64,71,84,85,97,90,113,114,100,115,113,117,122,150,126,159,140,148,123,165,130,159,160,195,148,182,181,147,166,192,190,159,153,201,164,151,167,181,177,152,175,145,153,178,158,154,168,171,174,158,175,155,170,134,143,131,128,140,134,152,154,167,164,158,119,134,153,145,148,144,119,153,128,171,143,128,158,127,153,136,145,164,146,151,155,153,116,137,139,155,169,165,169,149,136,162,115,152,136,123,152,137,148,139,112,136,154,95,119,115,115,85,101,71,77,69,55,67,50,54,27,43,36,20,29,20,13,17,11,6,6,2,3,7,4,2,2,2,1,1,0,2,0,0,0,1,0,0,0,0,1,0,0,0,0,0,0,0,0,0,0,0,0,0,0,0,0,0,0,0,0,0,0,0,0,0,0,0
70.25,0,0,0,0,0,1,0,0,0,0,0,0,0,0,0,0,0,0,0,2,0,1,0,0,1,1,0,0,0,0,2,0,0,1,1,0,3,1,0,2,0,1,0,4,2,0,1,1,2,2,3,3,0,3,2,2,0,5,3,1,1,1,1,0,2,1,5,4,6,13,11,10,4,10,16,13,9,10,14,13,14,19,18,20,23,21,16,24,22,28,30,26,30,31,30,34,28,27,30,26,32,33,43,34,37,41,33,39,37,49,49,54,56,57,69,49,60,46,61,63,69,82,71,80,79,87,105,103,107,106,110,105,114,120,121,127,141,133,145,148,151,178,140,147,172,187,170,194,170,155,162,183,175,160,151,169,152,153,162,181,176,161,171,161,145,168,145,154,162,182,169,162,168,154,154,140,138,124,131,130,135,156,156,161,159,158,129,141,149,141,141,148,114,145,125,166,141,127,160,122,151,135,144,159,151,144,155,149,120,135,140,161,167,169,166,152,138,158,117,155,134,121,150,135,146,137,114,134,151,96,119,115,115,85,103,71,77,69,55,67,50,54,29,43,36,20,29,18,13,17,11,6,6,2,3,6,4,2,2,2,1,1,0,2,0,0,0,1,0,0,0,0,1,0,0,0,0,0,0,0,0,0,0,0,0,0,0,0,0,0,0,0,0,0,0,0,0,0,0,0
70.35,0,0,0,0,0,0,0,0,0,0,0,0,0,0,0,0,0,1,1,0,0,0,0,0,0,0,0,0,0,0,1,2,0,0,0,1,0,1,0,0,0,2,1,2,2,2,3,1,1,2,3,0,0,1,1,2,2,2,1,0,2,1,1,2,3,3,3,8,10,9,12,14,16,15,19,9,10,17,12,19,18,14,19,15,19,23,17,28,22,35,19,33,22,28,14,29,18,30,33,27,24,31,35,39,42,29,47,43,55,35,64,40,52,56,56,62,57,57,63,73,82,77,57,83,96,92,87,112,72,98,96,109,89,116,128,127,132,150,134,158,172,152,139,150,164,164,161,158,178,178,159,180,176,145,145,166,156,151,161,199,168,160,176,149,138,184,147,159,135,165,161,154,186,161,142,143,138,122,140,127,142,153,152,159,160,161,128,139,144,137,148,157,116,148,121,165,134,127,155,128,141,139,144,164,152,142,155,149,122,137,141,158,169,169,168,147,139,160,116,159,136,121,152,136,149,130,112,133,148,93,121,116,115,85,103,71,79,67,55,69,50,54,29,43,36,20,29,18,13,17,11,6,6,2,3,6,4,2,2,2,1,1,0,2,0,0,0,1,0,0,0,0,1,0,0,0,0,0,0,0,0,0,0,0,0,0,0,0,0,0,0,0,0,0,0,0,0,0,0,0
70.45,0,1,0,1,0,0,0,0,0,0,0,0,0,0,1,0,2,0,1,0,1,0,0,0,0,1,0,0,0,0,1,0,2,0,2,1,1,2,0,0,1,2,0,0,1,1,2,0,1,0,2,0,1,1,2,4,1,2,2,2,2,4,1,2,2,2,0,5,12,14,10,17,9,10,9,17,11,13,13,17,15,16,16,21,24,21,18,30,21,19,24,21,20,24,28,23,28,18,30,30,39,27,38,34,38,29,34,34,46,53,52,59,63,52,57,61,64,44,59,78,75,76,85,88,85,87,97,96,83,81,118,113,112,99,128,141,116,140,157,152,152,172,154,143,144,159,163,151,155,155,175,183,178,140,160,163,169,144,160,212,186,178,167,149,146,172,140,159,139,173,176,166,180,165,147,146,144,118,141,123,152,150,151,175,171,165,129,140,140,136,146,164,130,145,127,160,129,132,149,124,144,136,147,165,158,142,159,145,122,141,144,159,173,165,172,156,140,156,116,155,138,123,152,136,149,130,112,134,148,93,120,115,115,85,105,71,79,67,56,69,52,54,29,43,36,20,29,18,13,17,11,6,6,2,3,6,4,2,2,2,1,1,0,2,0,0,0,1,0,0,0,0,1,0,0,0,0,0,0,0,0,0,0,0,0,0,0,0,0,0,0,0,0,0,0,0,0,0,0,0
70.55,0,0,0,0,0,0,0,0,0,0,0,0,1,0,0,0,1,1,0,1,0,0,0,0,1,0,0,0,0,1,0,0,2,2,1,1,2,0,0,0,1,0,0,0,0,0,1,1,2,1,2,0,2,0,1,1,2,1,1,2,1,2,0,1,2,1,3,11,7,15,10,8,7,9,12,4,19,9,13,7,17,21,15,24,16,18,21,23,23,20,19,21,30,23,28,32,23,36,36,28,29,39,40,30,33,24,53,45,53,55,55,56,59,55,55,65,53,68,75,67,79,66,76,71,89,73,81,85,104,101,108,101,116,129,116,114,148,127,139,142,144,165,175,137,151,190,155,163,187,153,154,159,204,148,152,168,144,158,169,195,172,182,158,157,141,167,147,140,140,162,183,160,162,154,150,146,169,144,135,123,158,153,157,175,176,170,136,137,142,146,144,151,128,144,126,161,128,118,154,123,145,130,144,165,153,142,157,148,123,138,146,165,166,163,171,155,142,158,118,156,132,125,150,136,148,127,112,132,148,93,120,115,116,84,105,71,79,67,56,69,52,56,29,43,36,20,29,18,13,15,11,6,6,2,3,6,4,2,2,2,1,1,0,2,0,0,0,1,0,0,0,0,1,0,0,0,0,0,0,0,0,0,0,0,0,0,0,0,0,0,0,0,0,0,0,0,0,0,0,0
70.65,0,1,0,0,0,0,0,0,0,0,0,0,0,1,0,0,0,0,1,0,0,0,0,1,0,0,1,0,0,0,0,0,1,0,1,0,1,0,0,1,3,0,0,1,4,0,2,0,2,1,1,0,1,0,0,2,1,2,2,0,3,1,0,1,3,0,2,4,12,10,10,6,9,16,18,10,11,17,9,13,17,15,16,12,25,13,20,30,20,25,26,18,29,28,29,31,24,27,37,25,19,29,29,41,46,48,32,46,49,54,37,46,49,45,58,77,60,60,68,65,92,66,91,82,74,81,90,68,87,98,104,110,115,138,131,127,120,130,136,150,148,151,164,152,150,164,152,164,187,141,178,154,200,132,160,148,172,143,175,180,163,169,156,156,164,176,150,149,144,154,187,170,157,143,145,148,154,145,141,115,149,148,152,176,181,173,137,137,133,135,151,146,132,138,127,174,128,123,150,123,153,134,144,155,156,142,150,151,128,134,144,167,168,165,168,154,136,158,122,152,130,125,148,139,150,131,111,132,146,94,123,115,116,84,107,71,79,67,56,69,53,55,29,43,36,20,27,18,13,15,11,6,6,2,3,6,4,2,2,2,1,1,0,2,0,0,0,1,0,0,0,0,1,0,0,0,0,0,0,0,0,0,0,0,0,0,0,0,0,0,0,0,0,0,0,0,0,0,0,0
70.75,1,0,0,0,0,0,1,0,1,0,0,0,0,0,0,0,0,0,0,0,0,1,0,1,0,0,0,1,0,0,2,0,0,0,0,1,2,0,1,0,0,0,0,0,3,0,0,0,2,2,2,2,2,0,0,3,0,3,4,0,0,1,1,3,0,1,4,7,6,9,9,19,11,6,11,20,7,12,16,16,15,18,19,13,13,20,24,22,16,25,23,17,30,25,35,29,34,37,37,40,22,39,43,31,44,38,41,45,57,34,60,37,53,53,50,53,68,68,59,61,68,75,91,84,88,93,91,92,88,98,115,131,117,117,115,119,133,137,144,143,136,159,155,125,161,157,157,161,171,152,154,151,177,141,160,164,152,160,177,168,168,161,148,159,169,159,141,143,147,163,155,152,141,152,143,139,149,149,155,121,131,148,146,178,189,161,146,138,134,141,173,137,137,133,125,167,130,124,143,132,146,137,145,156,160,142,147,150,125,135,143,171,170,166,170,156,134,158,123,152,128,125,147,138,152,130,111,130,147,93,121,115,118,84,107,71,79,65,55,67,53,57,29,43,36,20,27,18,13,15,11,6,5,2,3,7,4,2,2,2,1,1,0,2,0,0,0,1,0,0,0,0,1,0,0,0,0,0,0,0,0,0,0,0,0,0,0,0,0,0,0,0,0,0,0,0,0,0,0,0
70.85,0,0,0,0,0,0,0,1,0,0,0,0,0,0,0,2,0,0,0,0,1,0,0,1,1,0,0,0,0,0,2,0,0,1,2,0,0,0,0,0,1,0,2,1,1,1,2,1,1,0,1,2,3,1,0,0,0,2,1,1,2,0,1,1,3,2,1,5,12,9,7,13,13,14,14,12,15,15,11,7,19,8,16,17,20,14,21,24,21,22,26,24,32,22,26,29,33,36,41,31,35,35,32,44,32,33,38,34,45,59,49,53,58,50,70,72,60,72,68,66,65,79,71,79,88,88,96,107,97,106,109,117,106,128,114,126,123,123,160,142,147,151,168,166,147,156,170,155,144,148,158,157,161,158,162,173,156,175,172,170,158,171,147,148,143,138,154,158,136,156,146,173,147,158,153,127,146,153,140,131,127,161,157,179,188,150,149,142,137,145,169,140,137,141,118,161,125,122,140,132,140,135,144,145,157,144,146,149,117,133,144,169,166,164,172,150,130,154,124,147,128,124,147,142,150,127,109,132,149,92,119,117,115,84,108,71,79,65,55,66,53,57,29,42,36,20,27,18,13,15,11,6,5,2,3,7,4,2,2,2,1,1,0,2,0,0,0,1,0,0,0,0,1,0,0,0,0,0,0,0,0,0,0,0,0,0,0,0,0,0,0,0,0,0,0,0,0,0,0,0
70.95,0,0,0,0,0,0,0,0,0,1,0,0,0,0,0,1,0,0,0,0,0,0,1,0,0,1,0,0,0,0,0,1,0,0,2,0,0,2,2,1,0,0,0,1,2,0,1,1,1,2,2,1,2,1,0,0,1,1,2,0,6,6,4,1,4,1,4,10,14,7,11,16,18,9,13,15,5,13,18,22,25,24,24,21,16,20,17,14,27,27,17,24,33,35,22,24,29,42,23,33,25,35,39,33,29,51,46,39,54,46,40,58,59,59,64,53,61,70,50,73,84,83,76,74,82,71,92,96,96,106,97,100,133,111,125,134,146,137,138,131,156,163,136,143,159,169,166,157,142,163,159,157,159,148,171,163,136,162,171,178,163,183,150,147,142,141,163,155,129,158,145,183,154,176,150,138,136,150,134,123,128,149,149,188,172,143,142,148,133,142,165,139,128,144,126,153,135,124,141,130,145,127,147,139,144,141,148,147,115,130,152,165,165,164,170,152,130,154,123,149,127,123,147,142,152,127,111,132,151,96,119,115,115,86,109,71,79,65,55,66,53,57,29,42,36,20,27,18,13,15,11,6,5,2,3,5,4,2,2,2,1,1,0,2,0,0,0,1,0,0,0,0,1,0,0,0,0,0,0,0,0,0,0,0,0,0,0,0,0,0,0,0,0,0,0,0,0,0,0,0
71.05,0,0,0,0,0,0,0,0,0,0,0,0,0,0,0,0,0,0,0,1,0,0,0,0,0,1,0,1,1,0,0,0,1,1,0,1,0,0,1,2,0,1,0,1,1,2,3,3,3,1,2,1,0,1,3,1,1,3,2,1,2,3,2,3,1,1,4,9,6,10,12,13,10,20,15,17,14,12,16,16,13,16,19,19,19,12,18,20,19,23,23,17,26,29,19,21,21,25,35,34,24,35,28,49,36,31,43,36,37,57,55,51,55,58,62,70,55,68,63,74,63,88,80,87,76,83,83,87,92,112,101,125,111,124,137,124,135,150,114,147,171,143,131,161,139,172,150,148,150,158,159,156,165,160,169,153,143,158,147,177,166,162,143,165,133,135,151,157,128,157,161,171,158,180,152,139,150,149,120,128,133,136,149,180,173,132,130,145,137,138,159,132,124,154,123,146,128,115,147,137,143,127,141,138,141,136,151,145,121,127,154,164,165,169,171,152,134,152,119,147,129,122,142,143,152,126,111,129,153,96,121,117,113,86,107,71,79,66,54,66,53,57,29,42,36,22,27,18,13,15,11,6,5,2,3,5,4,2,2,2,1,1,0,2,0,0,0,1,0,0,0,0,1,0,0,0,0,0,0,0,0,0,0,0,0,0,0,0,0,0,0,0,0,0,0,0,0,0,0,0
71.15,0,0,0,0,0,0,0,0,0,0,0,1,0,1,1,0,0,0,0,0,0,0,0,2,0,0,1,0,1,1,0,0,0,1,0,0,0,0,2,0,3,2,0,0,1,1,0,2,2,3,4,1,2,1,1,1,0,2,1,0,1,0,0,1,1,2,2,7,15,15,14,23,13,8,10,19,18,16,16,15,16,16,22,24,11,18,18,22,19,19,27,25,29,22,33,33,35,31,24,36,32,43,40,37,45,48,39,53,40,47,35,60,48,57,70,64,66,80,68,68,80,66,84,83,84,82,107,83,94,111,105,120,114,105,129,125,131,132,149,146,155,170,150,158,161,146,152,158,150,154,165,149,159,147,147,158,123,137,160,169,154,167,139,180,130,145,165,178,147,160,156,169,145,183,164,142,143,158,112,126,133,130,142,164,155,129,127,147,133,145,166,136,131,151,126,145,127,114,162,137,146,130,141,146,138,135,156,145,123,128,156,159,164,165,173,148,138,154,119,150,128,123,144,145,146,128,113,129,149,99,123,114,113,87,104,73,77,66,54,66,51,57,28,42,36,22,27,18,13,15,11,6,5,2,3,5,4,2,2,2,1,1,0,2,0,0,0,1,0,0,0,0,1,0,0,0,0,0,0,0,0,0,0,0,0,0,0,0,0,0,0,0,0,0,0,0,0,0,0,0
71.25,0,0,0,0,0,0,0,0,0,0,0,0,0,0,0,0,0,0,0,0,0,0,1,0,0,0,0,0,0,0,1,0,0,0,0,1,1,0,0,2,0,1,3,0,0,0,0,0,0,1,2,1,3,1,2,2,4,4,0,0,2,4,2,0,1,2,5,6,3,12,9,8,9,8,9,12,23,18,14,15,17,23,13,23,17,20,21,18,19,22,24,33,38,29,28,31,32,30,32,25,31,35,38,32,34,29,49,45,53,53,44,50,53,44,60,62,67,68,70,78,59,78,79,74,77,93,89,101,94,111,107,123,115,114,116,136,154,103,134,150,157,144,145,151,170,155,151,157,158,146,155,159,182,144,148,154,141,133,164,185,163,155,175,185,134,159,163,176,151,170,146,180,149,176,163,156,150,151,117,131,138,150,153,164,155,134,135,138,136,139,157,141,123,149,117,146,126,113,165,142,141,126,135,149,135,135,159,139,124,129,154,160,163,165,170,145,140,156,117,149,127,125,146,143,147,128,111,129,149,99,121,114,113,88,105,73,77,66,54,66,51,57,28,42,36,22,27,18,13,15,11,5,5,2,3,5,4,2,2,2,1,1,0,2,0,0,0,1,0,0,0,0,1,0,0,0,0,0,0,0,0,0,0,0,0,0,0,0,0,0,0,0,0,0,0,0,0,0,0,0
71.35,0,0,0,0,0,0,0,0,0,0,0,0,0,1,0,0,0,0,0,1,0,0,0,0,0,0,0,0,0,0,0,0,0,1,1,2,0,1,0,0,0,2,0,1,0,1,0,2,4,0,3,1,1,2,1,1,2,4,0,1,3,1,4,2,0,2,0,7,9,8,9,9,12,14,10,15,14,14,21,13,11,19,16,13,17,15,27,26,17,18,29,22,30,31,24,28,21,23,33,23,34,35,44,44,39,43,51,40,47,36,43,50,58,50,44,59,58,52,57,64,57,82,83,78,81,83,85,95,100,94,123,109,106,117,139,125,144,122,127,156,157,132,146,158,138,154,171,165,151,146,161,156,181,170,156,206,151,134,145,188,170,168,157,149,133,176,162,155,146,160,148,174,149,171,151,157,161,146,130,130,150,141,157,158,152,135,134,140,138,136,155,139,114,140,123,148,121,110,167,147,129,131,135,147,135,134,154,135,125,130,162,168,160,169,171,142,136,161,116,144,127,128,145,141,147,128,111,130,146,99,117,114,113,88,107,69,81,66,55,65,49,57,28,42,36,22,27,18,13,15,11,5,5,2,3,5,4,2,2,2,1,1,0,2,0,0,0,1,0,0,0,0,1,0,0,0,0,0,0,0,0,0,0,0,0,0,0,0,0,0,0,0,0,0,0,0,0,0,0,0
71.45,0,0,0,0,0,0,0,0,0,0,0,0,0,0,0,0,0,0,0,0,1,0,1,0,0,1,1,1,0,0,1,0,0,2,0,0,1,0,0,2,0,1,0,0,0,1,0,0,1,0,0,1,2,3,0,0,2,1,0,2,1,0,0,1,3,1,1,10,13,5,13,9,14,11,10,16,17,17,19,11,14,12,21,20,21,12,21,11,20,16,23,21,20,21,32,34,22,31,28,36,31,34,33,33,38,41,44,37,43,47,47,44,51,56,53,61,55,45,69,76,65,61,59,83,92,93,102,96,92,109,119,98,105,104,136,133,140,134,146,148,145,145,136,152,152,151,181,146,154,159,162,149,179,180,151,183,154,172,143,171,163,156,172,158,127,165,155,168,148,162,157,162,160,161,155,157,155,160,126,127,147,143,168,159,157,144,131,141,141,142,154,131,122,136,118,145,122,110,166,149,128,135,136,147,138,135,159,136,117,129,165,168,170,164,170,144,137,160,121,144,122,126,147,143,145,126,110,130,149,98,117,114,113,86,109,72,72,68,55,65,49,55,28,42,36,22,27,18,13,15,11,5,5,2,3,5,4,2,2,2,1,1,0,2,0,0,0,1,0,0,0,0,1,0,0,0,0,0,0,0,0,0,0,0,0,0,0,0,0,0,0,0,0,0,0,0,0,0,0,0
71.55,0,0,0,0,0,0,0,0,0,0,0,1,0,0,0,0,0,0,0,0,0,1,0,0,0,0,1,0,0,0,0,1,0,0,0,2,0,2,0,1,3,0,0,2,2,1,0,1,2,2,1,1,2,0,4,2,5,2,2,1,1,1,1,2,2,3,1,7,6,5,8,4,14,10,13,13,15,19,13,18,17,11,21,16,13,17,17,18,19,29,18,20,20,12,30,34,35,29,32,31,42,26,43,51,39,33,40,41,46,47,36,36,58,62,58,52,46,54,58,60,66,69,65,63,85,74,79,84,86,90,92,106,107,118,130,133,132,140,137,171,119,149,146,159,157,159,142,163,151,172,170,147,151,163,173,174,137,156,158,160,186,148,187,153,147,155,158,177,135,179,143,157,168,158,156,155,159,149,135,119,149,148,166,150,143,155,129,136,149,141,141,131,129,139,127,148,121,118,167,139,126,139,136,145,136,131,156,139,116,131,164,173,166,162,172,142,141,160,123,146,122,125,148,152,140,124,108,131,149,93,115,114,113,88,109,72,75,69,55,65,49,55,28,40,36,22,27,18,13,15,11,5,5,2,3,5,4,1,2,2,1,1,0,2,0,0,0,1,0,0,0,0,1,0,0,0,0,0,0,0,0,0,0,0,0,0,0,0,0,0,0,0,0,0,0,0,0,0,0,0
71.65,0,0,0,1,0,0,0,0,0,0,0,0,0,0,1,1,0,1,0,0,1,0,1,1,0,1,0,0,1,0,0,0,1,1,0,2,0,2,1,1,3,1,1,1,1,1,2,2,1,4,0,1,3,1,2,2,2,5,0,0,3,3,1,1,0,1,1,8,7,9,19,12,9,9,10,10,14,12,11,13,14,15,18,19,9,28,23,19,15,27,17,22,23,21,27,31,23,34,35,27,40,33,42,44,47,53,34,44,39,37,37,44,54,59,53,70,47,85,51,61,61,74,69,90,73,92,93,92,98,96,92,113,95,119,110,142,135,152,133,143,126,150,152,160,161,145,148,162,147,189,153,137,147,169,157,163,134,166,152,163,191,149,180,147,166,149,163,165,130,170,133,168,158,156,152,154,153,135,118,119,135,153,163,151,146,150,118,149,147,136,144,147,137,135,124,151,121,116,170,143,125,140,134,142,131,133,151,145,122,130,160,168,167,164,172,143,145,160,120,143,124,125,147,151,138,133,105,132,148,93,117,114,111,88,107,72,75,69,56,65,49,57,28,40,36,22,27,18,13,15,11,5,5,2,3,5,4,1,2,2,1,1,0,2,0,0,0,1,0,0,0,0,1,0,0,0,0,0,0,0,0,0,0,0,0,0,0,0,0,0,0,0,0,0,0,0,0,0,0,0
71.75,0,0,0,0,0,0,0,0,0,0,1,0,1,0,0,0,0,0,0,0,0,0,0,0,0,0,0,0,0,0,2,0,0,1,1,3,0,2,1,0,1,0,0,1,2,2,0,0,3,0,1,3,0,3,1,2,1,2,0,2,1,1,1,1,2,5,1,6,6,18,10,17,16,18,16,23,15,19,21,16,17,13,24,27,22,24,19,17,22,15,20,22,28,20,22,29,24,37,34,35,33,30,29,29,34,40,44,47,47,45,63,49,49,52,63,58,48,59,58,72,84,74,89,88,92,83,88,100,109,86,113,97,129,107,118,131,127,150,127,139,124,158,142,138,145,133,138,161,137,159,152,136,156,166,146,162,125,148,163,164,175,158,161,142,143,164,174,157,148,187,128,161,144,169,149,154,151,141,124,124,143,142,171,159,125,144,119,147,140,131,153,145,137,136,125,155,116,120,162,147,135,145,138,141,131,131,151,147,123,127,160,167,165,164,174,141,142,153,119,140,128,127,147,147,139,131,103,130,148,93,117,112,113,88,107,72,75,69,56,65,49,57,28,40,36,22,27,18,13,15,11,5,5,2,3,5,4,1,2,2,1,1,0,2,0,0,0,1,0,0,0,0,1,0,0,0,0,0,0,0,0,0,0,0,0,0,0,0,0,0,0,0,0,0,0,0,0,0,0,0
71.85,0,0,0,0,0,0,0,0,0,0,0,0,0,0,0,0,0,0,0,0,0,0,0,1,0,0,0,0,0,0,1,0,1,0,0,0,1,0,2,0,2,2,2,1,0,3,0,0,0,2,0,2,1,4,2,2,1,0,0,0,0,0,0,2,1,2,3,5,8,11,8,8,8,12,13,15,6,15,10,13,13,18,13,13,17,14,17,26,15,24,23,25,19,23,23,24,27,23,26,20,26,28,29,33,42,42,34,48,32,43,46,54,55,56,57,63,53,72,62,84,80,84,78,72,89,102,105,96,92,118,94,108,114,114,111,124,148,135,146,132,155,139,156,141,131,152,151,134,139,171,162,163,134,147,148,157,136,153,162,160,193,159,168,141,159,160,182,163,168,166,131,154,145,159,161,150,158,138,119,118,161,139,168,150,140,147,112,143,128,139,145,154,140,134,120,156,124,118,157,141,134,141,137,143,133,135,151,148,127,128,156,163,169,164,177,136,142,155,117,141,131,129,147,146,140,133,100,133,150,95,117,112,115,86,103,74,75,69,54,65,49,57,28,40,36,22,27,18,13,15,10,5,5,2,3,5,4,1,2,2,1,1,0,2,0,0,0,1,0,0,0,0,1,0,0,0,0,0,0,0,0,0,0,0,0,0,0,0,0,0,0,0,0,0,0,0,0,0,0,0
71.95,0,0,0,0,0,0,0,0,0,1,0,0,0,0,0,0,1,1,0,1,1,0,1,0,0,0,1,1,0,1,0,0,0,2,1,1,0,0,0,3,1,0,1,2,0,0,0,1,0,3,2,2,2,3,2,1,1,0,0,4,3,2,0,1,1,2,1,3,6,12,9,12,10,13,9,16,12,15,17,16,14,10,13,14,19,17,17,22,23,21,22,16,24,30,37,32,30,32,36,35,37,38,42,35,36,47,40,53,54,51,50,47,49,48,68,52,56,68,75,77,89,72,69,78,90,79,105,102,92,104,87,119,113,123,123,114,115,133,144,130,147,134,156,140,137,157,137,146,137,149,181,134,149,154,150,147,144,148,174,155,205,171,172,133,164,153,176,175,149,159,132,151,138,163,155,142,151,126,122,114,173,141,175,153,127,133,110,141,124,131,138,155,145,139,116,155,123,120,161,143,134,137,135,147,135,133,148,153,128,127,157,168,163,163,178,132,143,156,118,140,129,127,143,145,142,131,103,134,150,95,118,111,115,88,105,72,71,69,54,65,49,57,28,40,36,22,27,17,13,15,10,5,7,2,3,5,4,1,2,2,1,1,0,2,0,0,0,1,0,0,0,0,1,0,0,0,0,0,0,0,0,0,0,0,0,0,0,0,0,0,0,0,0,0,0,0,0,0,0,0
72.05,0,0,0,0,0,0,0,0,0,0,0,0,0,0,0,0,0,1,0,0,0,0,0,0,1,0,2,0,0,0,0,0,0,0,0,1,0,0,0,2,0,0,2,1,0,1,0,1,3,0,0,2,2,3,2,2,1,2,3,3,4,1,4,0,2,3,6,9,7,16,7,8,14,10,14,13,9,10,15,20,11,13,16,14,10,16,14,24,16,28,23,16,27,27,25,26,28,35,23,33,35,33,27,35,41,39,51,45,49,41,53,46,57,49,64,52,42,66,52,68,71,55,85,72,84,106,73,94,125,88,123,112,110,112,108,115,120,138,144,139,125,140,158,143,159,150,143,136,162,150,166,154,141,162,162,147,166,154,163,160,196,172,188,124,163,149,175,154,135,160,139,159,125,162,154,133,153,129,121,118,160,137,165,160,132,129,115,144,125,129,139,150,145,125,115,150,120,125,160,134,129,135,138,144,140,128,149,152,130,127,159,169,169,161,180,132,147,156,116,142,129,125,143,142,142,132,101,133,148,95,118,111,112,89,105,72,71,69,54,63,49,57,28,40,36,22,27,15,13,15,10,5,7,2,3,5,4,1,2,2,1,1,0,2,0,0,0,1,0,0,0,0,1,0,0,0,0,0,0,0,0,0,0,0,0,0,0,0,0,0,0,0,0,0,0,0,0,0,0,0
72.15,0,0,0,0,1,0,0,0,0,0,0,0,0,0,0,0,0,0,1,0,1,0,0,0,1,0,0,0,0,0,1,2,1,0,0,1,1,1,1,0,0,1,1,0,0,1,3,0,0,2,0,2,1,1,3,5,3,2,1,0,2,2,1,1,0,3,3,6,8,5,8,15,16,13,12,11,17,17,21,14,14,16,18,21,17,12,20,25,18,25,25,22,26,27,26,36,31,33,30,31,20,32,28,35,31,33,41,42,43,50,36,43,42,52,77,64,69,62,50,76,69,84,71,77,83,81,96,92,90,114,97,97,108,96,127,113,101,134,126,152,135,145,161,165,156,145,139,170,155,164,150,142,127,154,162,135,156,137,160,158,195,148,158,114,149,143,183,154,130,145,147,150,127,159,145,138,137,128,116,131,149,138,181,162,143,121,123,141,134,127,151,145,144,115,119,149,112,124,170,134,123,129,138,144,135,123,149,149,129,128,151,170,168,156,183,131,146,162,118,142,129,126,143,141,141,134,105,133,148,94,118,114,112,89,105,69,71,71,54,65,49,55,28,40,36,22,27,16,12,15,10,5,7,2,3,5,4,1,2,2,1,1,0,2,0,0,0,1,0,0,0,0,1,0,0,0,0,0,0,0,0,0,0,0,0,0,0,0,0,0,0,0,0,0,0,0,0,0,0,0
72.25,0,0,0,0,0,0,0,0,0,0,0,0,1,0,1,0,1,0,0,0,2,0,0,0,0,2,0,1,0,0,0,0,0,1,0,0,1,0,2,1,2,2,3,1,1,0,1,2,0,2,1,1,3,2,1,2,0,2,1,3,4,2,1,3,5,1,4,11,9,16,11,13,17,14,11,17,11,17,18,18,11,20,15,18,20,18,13,21,18,18,18,26,33,21,23,26,19,30,30,33,28,29,31,23,34,32,38,35,45,36,51,44,44,56,54,59,77,64,65,75,87,81,70,95,88,84,93,83,105,100,99,100,98,117,110,116,124,119,127,137,134,168,151,148,151,155,149,148,170,151,169,150,141,159,161,143,139,147,158,166,174,150,156,115,142,133,188,124,135,133,154,154,123,151,151,140,132,124,116,137,144,156,169,169,128,119,116,138,132,122,147,138,146,121,120,149,121,124,168,136,124,126,135,145,136,125,154,153,127,125,153,169,175,154,185,130,145,164,118,142,129,126,141,139,143,135,103,131,144,94,116,111,114,89,105,69,71,68,55,65,50,56,28,40,38,22,27,16,12,15,10,5,7,2,3,5,4,1,2,2,1,1,0,2,0,0,0,1,0,0,0,0,1,0,0,0,0,0,0,0,0,0,0,0,0,0,0,0,0,0,0,0,0,0,0,0,0,0,0,0
72.35,0,0,0,0,0,0,0,0,0,0,1,0,0,1,0,0,0,0,0,0,1,0,0,1,0,0,0,0,0,0,0,1,0,0,1,0,2,1,0,0,0,0,0,1,2,2,1,2,0,0,0,3,1,1,0,5,0,1,2,1,1,0,2,0,3,0,3,5,10,13,14,15,8,7,11,16,12,12,5,17,12,20,18,15,22,24,19,18,25,28,16,15,31,25,31,30,27,32,30,36,36,35,28,37,33,45,43,40,36,67,41,39,58,64,65,66,49,66,52,82,81,95,74,69,75,93,79,107,90,106,98,109,113,119,113,117,129,131,138,137,152,154,157,157,143,147,145,153,157,153,149,162,143,164,159,131,142,147,172,180,183,156,160,113,167,144,192,126,150,137,137,161,130,140,148,143,132,133,127,131,142,161,168,167,128,124,119,143,136,123,148,138,148,124,128,151,121,124,160,139,126,124,146,149,143,125,156,151,132,123,157,167,177,157,188,132,149,165,119,136,129,126,143,137,141,136,102,127,142,96,118,113,114,92,102,69,71,68,53,65,50,56,28,40,37,20,25,16,12,15,10,5,7,2,3,5,4,1,2,2,1,1,0,2,0,0,0,1,0,0,0,0,1,0,0,0,0,0,0,0,0,0,0,0,0,0,0,0,0,0,0,0,0,0,0,0,0,0,0,0
72.45,0,0,0,0,0,1,0,0,0,0,1,0,0,0,0,0,0,0,1,0,1,0,0,0,0,0,0,0,1,1,0,0,0,0,1,0,2,0,0,0,1,2,1,0,0,1,3,0,1,2,2,3,1,2,0,1,0,2,1,1,3,3,3,1,1,0,4,5,14,7,5,8,10,10,8,12,16,13,11,14,15,8,22,17,19,19,26,18,22,29,22,21,22,21,17,25,26,23,31,38,34,26,36,26,32,45,42,41,37,43,55,51,44,59,54,58,61,67,82,66,65,64,74,73,92,96,103,92,95,95,96,100,110,111,110,120,127,119,133,127,148,115,150,148,167,143,151,146,165,163,148,169,131,158,172,131,148,140,158,161,186,162,171,125,159,147,186,126,153,146,151,156,137,148,138,135,141,136,126,131,148,154,163,149,142,120,119,148,128,119,137,150,147,127,123,147,121,117,156,139,124,131,146,141,134,127,153,149,138,123,155,179,174,162,180,138,147,168,119,137,132,129,141,138,142,136,104,123,142,96,117,115,113,91,102,69,71,68,55,65,50,56,28,40,37,20,25,17,12,16,10,5,7,2,3,5,4,1,2,2,1,1,0,2,0,0,0,1,0,0,0,0,1,0,0,0,0,0,0,0,0,0,0,0,0,0,0,0,0,0,0,0,0,0,0,0,0,0,0,0
72.55,1,0,0,0,1,0,0,1,0,0,0,0,0,0,1,0,0,0,0,0,0,0,0,1,0,1,0,1,0,0,0,0,2,0,0,0,1,0,1,1,2,0,0,3,1,3,0,0,1,1,0,0,1,1,0,2,0,2,0,2,2,3,3,2,2,2,1,3,5,9,6,14,15,17,11,14,13,11,8,16,14,16,13,19,20,25,20,23,22,27,26,17,36,41,22,30,35,36,42,31,37,42,29,44,37,41,41,44,61,47,41,47,60,59,63,63,63,51,60,81,68,85,71,79,84,80,98,86,67,97,115,117,106,123,107,126,122,131,118,141,153,145,145,127,135,163,115,136,150,153,150,159,146,169,160,131,139,144,175,160,196,158,177,128,163,157,185,136,162,141,155,177,134,135,146,154,140,142,131,125,145,161,170,155,141,127,129,148,136,121,135,157,148,120,116,150,121,123,159,139,131,130,142,138,131,129,155,147,136,126,154,185,179,161,178,141,143,167,117,137,129,131,140,137,142,138,104,119,139,94,118,115,113,91,100,69,73,72,55,65,50,56,28,40,37,20,25,17,12,16,10,5,7,2,3,5,4,1,2,2,1,1,0,2,0,0,0,1,0,0,0,0,1,0,0,0,0,0,0,0,0,0,0,0,0,0,0,0,0,0,0,0,0,0,0,0,0,0,0,0
72.65,0,0,0,1,0,0,0,1,0,0,0,0,0,0,0,0,0,0,0,0,0,0,2,1,1,0,1,0,0,0,1,0,0,0,0,0,0,0,0,0,0,1,0,0,1,1,3,0,0,2,2,4,1,2,1,1,0,3,0,1,1,2,2,1,0,2,2,5,10,5,7,13,11,10,13,21,12,16,14,20,15,17,16,18,18,16,14,20,30,28,35,17,25,38,25,26,27,29,33,40,25,44,32,31,45,52,45,44,53,44,59,51,52,42,74,78,59,61,46,69,75,84,83,83,107,92,83,84,91,107,97,146,100,118,111,140,134,115,112,141,126,155,132,146,146,139,122,143,148,147,138,141,166,172,166,139,154,146,173,177,162,149,162,146,156,175,189,140,157,140,150,166,142,144,152,174,132,134,112,127,143,155,161,145,139,116,126,153,132,123,130,149,149,123,117,156,136,124,158,140,126,128,144,137,136,124,156,151,130,128,154,185,177,158,177,140,143,164,117,137,126,133,140,137,140,138,104,119,137,96,116,113,113,92,100,69,73,72,53,65,50,55,28,40,37,20,25,17,12,16,10,5,7,2,3,5,4,1,2,2,1,1,0,2,0,0,0,1,0,0,0,0,1,0,0,0,0,0,0,0,0,0,0,0,0,0,0,0,0,0,0,0,0,0,0,0,0,0,0,0
72.75,0,0,0,0,0,0,0,0,1,0,0,0,0,0,0,1,1,0,0,0,1,0,0,0,0,1,0,1,0,0,0,0,0,2,1,0,1,0,1,1,1,1,2,2,0,2,0,1,2,1,1,1,1,2,0,1,0,0,0,1,0,0,2,1,1,1,2,6,5,13,8,11,4,9,8,12,17,9,15,15,20,14,14,23,17,29,21,18,24,14,21,20,31,24,23,34,32,29,31,34,28,37,42,32,34,40,34,29,40,45,55,55,54,46,60,72,63,56,72,66,65,61,88,93,103,101,89,87,98,93,87,115,130,127,123,113,145,149,129,142,144,152,139,143,126,140,131,147,151,150,151,133,129,174,143,151,156,160,174,183,177,158,142,144,158,156,186,126,158,121,151,165,144,139,164,170,123,138,121,122,142,156,150,143,138,118,125,147,129,120,128,153,140,126,114,144,138,119,162,129,124,128,143,131,134,128,159,150,126,122,162,181,180,151,189,138,145,159,117,140,123,134,142,137,138,142,100,119,136,97,115,113,114,93,100,69,71,71,53,67,48,55,27,40,37,20,25,17,12,16,10,5,7,2,3,5,4,1,2,2,1,1,0,2,0,0,0,1,0,0,0,0,1,0,0,0,0,0,0,0,0,0,0,0,0,0,0,0,0,0,0,0,0,0,0,0,0,0,0,0
72.85,0,0,0,0,0,1,0,0,0,0,0,0,0,1,0,0,0,0,1,0,0,0,0,0,1,0,0,0,0,0,0,1,0,1,0,0,0,0,1,0,0,0,0,0,1,3,2,0,1,1,1,2,2,0,1,1,3,4,5,2,1,1,1,3,4,1,1,8,7,5,11,12,14,17,18,10,10,15,14,14,20,13,15,12,16,17,18,18,19,21,18,26,26,20,22,18,34,29,19,34,25,43,41,47,34,44,47,35,41,39,48,59,49,59,74,69,62,51,84,63,84,75,67,76,83,82,95,115,100,92,125,125,114,119,133,133,127,149,134,118,127,158,154,147,142,160,152,143,166,143,146,131,129,152,138,149,150,170,159,169,167,157,141,143,159,153,166,143,143,132,154,160,142,141,158,183,121,122,125,135,135,148,151,149,128,133,140,149,124,119,143,162,150,125,119,145,134,126,172,132,128,125,145,132,137,129,161,143,124,121,163,177,186,149,195,140,146,158,118,139,121,134,142,137,138,138,100,113,134,99,116,113,112,92,99,69,69,71,53,68,48,55,29,40,37,20,25,17,12,16,10,5,7,2,3,5,4,1,2,2,1,1,0,2,0,0,0,1,0,0,0,0,1,0,0,0,0,0,0,0,0,0,0,0,0,0,0,0,0,0,0,0,0,0,0,0,0,0,0,0
72.95,0,0,0,0,0,0,0,0,0,0,0,1,0,0,0,0,0,0,0,0,1,1,0,0,0,1,0,1,1,0,0,0,0,2,1,1,2,0,1,1,3,3,2,1,1,2,4,2,1,3,1,1,1,0,3,3,2,2,1,3,2,1,0,4,0,0,1,4,10,6,7,8,13,13,13,12,15,16,21,12,17,21,19,21,21,21,23,18,18,15,18,30,27,19,28,25,32,39,22,31,35,36,36,39,48,40,50,52,54,46,47,52,59,49,44,56,66,66,68,61,71,78,80,96,78,86,92,113,110,113,109,111,102,128,127,123,139,129,124,129,125,159,163,152,136,174,130,146,158,157,132,154,142,141,143,153,152,135,148,166,162,157,135,140,148,157,161,163,139,145,135,157,137,142,160,156,127,132,114,121,129,143,148,154,140,134,152,153,130,125,145,163,143,134,122,148,129,127,178,126,126,129,142,143,142,134,160,139,120,124,165,173,182,152,192,138,147,154,120,141,122,131,145,136,140,138,102,112,136,99,118,113,114,92,99,71,69,71,51,68,48,55,29,38,37,20,25,17,11,16,10,5,7,2,3,5,4,1,2,2,1,1,0,2,0,0,0,1,0,0,0,0,1,0,0,0,0,0,0,0,0,0,0,0,0,0,0,0,0,0,0,0,0,0,0,0,0,0,0,0
73.05,0,0,0,0,0,0,0,0,0,0,0,0,0,0,0,0,0,0,0,0,1,0,0,0,1,0,0,0,0,1,0,1,0,0,0,0,0,1,0,1,0,1,1,1,0,1,0,1,3,1,0,1,2,0,1,2,1,2,0,0,1,4,1,4,1,1,4,8,7,10,9,10,17,12,14,15,14,16,15,9,15,18,17,26,17,16,22,22,21,15,16,20,29,31,34,34,33,29,25,29,34,39,31,28,46,42,49,40,36,46,44,44,58,57,66,58,75,61,70,60,88,71,81,77,91,84,97,100,103,100,110,124,98,121,130,144,117,126,153,114,139,140,147,134,143,136,140,159,128,164,151,142,158,140,154,136,134,138,141,186,172,152,126,146,148,178,163,160,137,111,155,143,146,144,151,158,132,120,120,131,152,137,154,153,156,134,167,149,135,127,148,152,133,142,124,153,130,127,174,138,126,131,142,140,139,136,151,136,117,124,163,175,176,152,193,137,146,151,118,137,122,136,144,135,140,138,100,114,132,101,118,115,114,90,99,71,71,71,51,66,47,55,28,38,38,20,25,17,11,16,10,5,7,2,3,5,4,1,2,2,1,1,0,2,0,0,0,1,0,0,0,0,1,0,0,0,0,0,0,0,0,0,0,0,0,0,0,0,0,0,0,0,0,0,0,0,0,0,0,0
73.15,1,0,0,0,0,0,0,0,0,0,0,0,0,0,0,0,0,0,0,0,0,1,0,0,1,0,0,0,0,0,0,0,1,0,0,0,1,2,2,0,0,2,0,0,1,0,0,0,0,1,1,3,0,0,2,1,1,3,0,2,2,2,1,1,1,1,1,7,10,9,9,7,12,14,19,11,13,9,14,13,19,16,16,18,18,15,18,15,15,24,30,31,19,21,27,31,21,18,25,28,33,40,31,40,43,47,39,39,44,50,41,55,60,67,52,60,60,66,62,59,74,73,88,80,78,91,93,85,111,110,113,122,130,113,117,130,118,147,139,128,142,141,170,138,148,140,128,158,149,149,151,158,175,146,151,131,142,155,147,183,164,162,126,143,143,150,158,158,136,113,145,125,157,131,140,153,140,126,116,138,149,145,147,152,149,142,174,151,129,131,143,153,135,131,122,155,124,132,171,140,124,134,140,144,132,142,148,137,119,123,154,172,164,154,191,135,148,153,120,139,122,132,138,133,142,142,101,114,134,102,117,117,114,89,99,71,73,71,51,66,47,55,29,37,36,20,25,17,11,16,10,5,7,2,3,5,4,1,2,2,1,1,0,2,0,0,0,1,0,0,0,0,1,0,0,0,0,0,0,0,0,0,0,0,0,0,0,0,0,0,0,0,0,0,0,0,0,0,0,0
73.25,0,0,0,0,0,0,0,0,0,0,0,0,0,0,1,1,0,1,0,0,1,0,1,0,0,0,0,1,0,1,1,1,0,2,2,1,0,0,1,0,3,2,1,0,0,1,1,0,1,1,3,0,2,1,0,3,2,2,0,2,0,3,1,1,3,0,3,9,7,8,11,10,9,12,17,21,17,18,10,11,18,17,11,18,17,30,11,25,22,18,23,23,26,23,29,28,24,31,25,26,38,28,34,40,40,50,44,52,48,45,49,43,65,58,53,53,58,77,73,73,77,80,66,84,89,88,97,99,94,110,108,115,136,110,112,123,118,135,129,144,119,149,160,134,143,130,133,165,137,180,127,139,163,159,142,129,149,150,158,164,160,155,130,147,131,154,173,158,126,124,141,118,163,136,145,166,143,135,116,136,141,153,148,155,140,132,185,155,124,136,151,150,140,130,113,156,130,136,169,141,122,136,140,146,134,140,150,134,118,120,149,171,170,154,188,138,143,155,122,143,120,134,140,136,142,139,107,116,133,106,117,116,116,89,98,72,73,73,51,66,47,55,29,37,36,20,25,17,11,16,10,5,7,2,3,5,3,1,2,2,1,1,0,2,0,0,0,1,0,0,0,0,1,0,0,0,0,0,0,0,0,0,0,0,0,0,0,0,0,0,0,0,0,0,0,0,0,0,0,0
73.35,0,0,0,0,1,0,0,0,0,0,1,0,0,0,0,0,0,0,0,0,0,0,0,1,1,0,0,0,0,0,0,0,0,0,1,2,0,1,0,0,2,0,1,0,0,1,0,0,2,1,1,0,0,0,2,2,0,1,5,0,0,0,1,1,1,1,2,5,6,11,13,7,11,23,12,18,11,15,10,9,16,9,12,15,14,20,20,20,27,20,20,21,14,26,27,27,38,30,32,40,23,39,37,34,30,40,40,41,41,53,66,48,52,58,67,56,58,62,74,68,59,87,84,92,79,85,91,111,103,95,94,129,123,128,125,112,131,118,157,143,101,124,151,143,135,130,135,155,153,138,132,156,158,150,116,134,135,173,168,185,176,152,140,152,129,160,162,154,133,127,152,115,175,139,159,157,137,141,110,151,139,146,153,157,134,139,172,153,127,137,141,159,128,127,112,155,132,134,162,152,129,138,142,136,138,141,160,132,118,120,152,172,172,152,189,137,143,160,121,141,118,138,140,134,142,138,107,116,132,106,117,116,116,89,100,73,72,71,51,66,47,55,29,37,34,20,25,17,11,16,10,5,7,2,3,5,3,1,2,2,1,0,0,2,0,0,0,1,0,0,0,0,0,0,0,0,0,0,0,0,0,0,0,0,0,0,0,0,0,0,0,0,0,0,0,0,0,0,0,0
73.45,0,0,0,0,0,0,0,0,1,0,0,0,0,0,1,0,1,0,0,0,0,2,0,1,0,0,0,0,1,0,0,0,0,2,2,1,1,1,2,0,0,0,3,1,0,1,2,1,3,1,1,1,0,2,2,3,3,1,1,1,1,2,1,2,2,2,3,5,10,7,14,6,14,9,9,8,17,17,11,12,12,8,15,15,14,15,12,20,25,19,25,26,28,32,22,27,32,29,25,34,42,52,32,36,39,48,45,46,46,50,53,64,58,49,59,65,64,73,62,67,73,78,75,87,86,81,103,102,108,97,94,127,132,107,120,108,143,119,113,144,147,134,134,147,138,133,141,175,158,146,123,140,168,158,122,139,136,155,162,162,161,165,142,169,173,144,156,156,141,131,158,116,162,140,138,147,133,131,110,147,135,141,140,163,134,127,157,154,128,131,135,151,126,121,109,152,132,137,156,148,131,136,145,139,135,138,158,134,120,122,150,175,175,150,189,136,143,155,118,147,117,135,140,134,144,142,111,116,132,106,115,118,116,89,102,73,71,71,51,66,47,55,29,35,34,20,25,17,11,16,9,5,7,2,3,5,3,1,2,2,1,0,0,2,0,0,0,1,0,0,0,0,0,0,0,0,0,0,0,0,0,0,0,0,0,0,0,0,0,0,0,0,0,0,0,0,0,0,0,0
73.55,0,0,0,0,0,0,0,0,0,0,0,0,0,0,0,0,0,1,0,0,0,1,1,0,0,1,1,0,0,0,1,2,0,0,1,0,0,1,0,0,1,2,0,1,1,1,1,2,1,1,2,1,0,2,1,0,0,1,1,1,2,1,1,0,1,1,3,10,10,5,11,9,6,15,16,7,12,17,4,9,15,14,9,10,19,16,20,18,22,15,21,18,23,27,31,27,31,30,31,40,38,34,33,31,48,43,48,43,50,50,44,47,46,62,57,66,57,68,64,67,70,76,76,93,96,89,93,98,88,101,128,119,110,116,127,154,123,114,115,130,159,121,137,135,131,130,157,170,169,152,134,155,159,141,124,140,144,154,152,168,160,141,146,163,164,144,164,151,130,127,140,117,159,131,128,161,148,139,113,135,139,152,142,171,129,121,143,149,131,141,140,158,132,123,108,153,134,137,157,146,134,135,142,135,137,134,162,136,121,121,152,177,173,151,192,130,141,149,116,155,123,139,138,132,146,143,110,117,129,106,115,114,112,91,102,73,71,69,51,66,47,55,29,35,34,20,25,17,11,18,9,5,7,2,3,5,3,1,2,2,0,0,0,2,0,0,0,1,0,0,0,0,0,0,0,0,0,0,0,0,0,0,0,0,0,0,0,0,0,0,0,0,0,0,0,0,0,0,0,0
73.65,0,0,0,0,0,0,0,0,0,0,0,0,0,0,2,0,0,0,0,0,0,0,0,0,0,0,2,0,1,0,0,0,2,0,1,1,1,2,3,0,1,1,4,2,3,2,1,3,1,1,4,2,3,0,1,0,1,4,1,2,1,1,2,0,0,2,0,3,12,10,15,6,15,8,12,13,13,18,17,11,11,17,13,18,19,23,22,9,12,30,22,33,29,31,29,36,25,38,37,37,40,36,37,38,48,44,53,36,43,45,63,46,40,64,50,43,52,57,51,82,71,64,83,79,107,95,97,108,78,105,113,120,124,128,111,122,116,135,124,124,139,124,122,131,135,146,167,144,180,132,149,150,168,153,115,156,146,134,135,155,149,155,136,205,158,148,154,140,137,126,139,117,158,144,125,166,154,144,113,146,142,140,137,170,131,116,132,151,123,144,133,165,129,129,108,160,134,136,154,145,136,141,142,135,135,135,160,136,121,126,154,174,176,150,188,132,139,145,116,153,119,139,137,132,146,143,110,118,126,104,113,114,110,89,104,73,71,69,51,66,47,55,29,35,34,20,25,17,11,18,9,5,7,2,3,5,3,1,2,2,0,0,0,2,0,0,0,1,0,0,0,0,0,0,0,0,0,0,0,0,0,0,0,0,0,0,0,0,0,0,0,0,0,0,0,0,0,0,0,0
73.75,0,0,0,0,0,0,0,0,0,0,2,0,0,0,0,0,0,1,0,0,0,1,0,1,0,0,1,0,0,0,1,0,1,1,0,0,1,0,0,1,1,1,0,0,1,0,2,1,1,0,1,3,2,1,1,1,5,2,0,0,1,1,1,0,1,1,2,5,8,6,10,12,9,11,15,11,17,15,16,18,8,14,16,24,21,19,20,21,22,24,23,26,22,30,29,21,24,23,25,26,41,27,42,44,47,48,37,50,38,43,48,49,51,48,56,64,58,68,76,68,77,63,91,86,77,98,122,88,101,103,101,104,113,126,107,127,131,143,126,140,139,117,133,145,136,128,180,144,160,135,140,169,166,153,125,156,148,138,130,158,147,153,156,154,173,136,159,169,142,140,149,124,138,149,112,153,161,143,109,146,149,134,132,163,131,116,136,157,121,142,137,156,119,127,115,144,131,136,150,140,133,139,149,134,132,131,162,138,127,127,149,173,174,152,190,130,139,145,116,151,119,139,139,138,148,145,108,118,126,100,111,118,110,91,99,74,70,69,51,66,47,55,29,35,34,20,25,16,11,18,9,5,7,2,3,5,3,1,2,2,0,0,0,2,0,0,0,1,0,0,0,0,0,0,0,0,0,0,0,0,0,0,0,0,0,0,0,0,0,0,0,0,0,0,0,0,0,0,0,0
73.85,0,0,0,0,0,0,0,0,1,0,0,0,0,0,0,0,0,0,0,0,1,1,0,0,0,0,1,0,1,0,0,1,0,0,1,0,0,1,0,1,0,3,1,2,1,0,0,1,0,1,1,1,2,0,1,1,3,1,2,0,2,1,2,2,0,0,5,11,12,10,7,18,13,6,5,15,20,14,12,17,19,9,24,13,18,31,10,20,22,22,21,24,33,24,36,29,30,18,35,40,30,36,38,40,46,37,44,41,40,39,42,47,49,53,64,43,58,80,57,68,80,77,83,74,102,87,87,96,130,108,97,114,102,109,125,113,137,130,130,126,137,119,122,130,119,153,162,148,152,112,143,176,158,158,126,164,130,133,133,147,145,154,159,161,159,156,156,161,145,128,146,130,132,142,111,164,153,127,113,166,154,141,128,148,141,117,138,156,126,142,136,152,119,123,112,141,140,132,142,137,135,138,139,131,130,128,165,143,131,131,153,179,166,150,194,132,140,143,118,155,121,143,140,138,153,145,107,116,124,100,109,116,110,91,99,78,70,67,50,65,47,51,29,35,34,20,25,16,11,18,9,5,7,2,3,5,3,1,2,2,0,0,0,2,0,0,0,1,0,0,0,0,0,0,0,0,0,0,0,0,0,0,0,0,0,0,0,0,0,0,0,0,0,0,0,0,0,0,0,0
73.95,0,0,0,0,1,0,0,0,0,0,1,0,0,0,0,0,0,0,1,2,0,1,1,1,0,0,1,1,0,0,0,0,0,0,0,3,0,0,1,0,1,0,1,0,0,2,2,0,0,1,1,1,2,0,0,1,3,1,2,0,1,2,1,2,2,1,5,6,10,10,12,10,10,17,12,11,13,14,23,11,15,16,15,16,17,25,21,25,24,24,27,25,23,24,26,33,44,27,24,35,32,32,29,42,42,46,41,44,35,48,52,57,57,56,57,50,63,63,72,72,80,77,81,87,87,89,88,103,105,116,122,107,104,100,107,145,131,130,120,126,143,116,124,138,142,142,152,148,153,117,130,149,150,153,139,144,150,126,137,140,157,157,166,154,142,162,160,142,138,128,148,128,129,134,116,145,140,119,107,151,153,142,131,143,149,119,142,156,123,138,136,156,119,114,112,141,137,137,139,145,136,138,141,136,125,132,171,138,134,135,149,182,167,153,196,135,141,147,118,151,119,139,138,141,161,150,101,116,126,101,108,116,110,90,97,78,70,67,50,63,47,51,29,35,34,20,25,18,11,18,9,5,7,2,3,5,3,1,2,2,0,0,0,2,0,0,0,0,0,0,0,0,0,0,0,0,0,0,0,0,0,0,0,0,0,0,0,0,0,0,0,0,0,0,0,0,0,0,0,0
74.05,0,0,0,1,0,0,0,0,0,0,0,0,0,0,0,0,0,0,0,0,0,0,0,0,0,0,0,0,0,1,2,1,0,0,1,0,1,1,0,0,0,2,1,2,1,2,0,3,1,2,2,1,2,0,1,1,1,0,1,1,3,1,3,1,1,1,4,4,9,11,11,9,8,10,5,8,13,13,9,17,12,13,17,13,18,13,11,28,18,23,15,21,29,31,24,29,27,25,27,37,26,31,37,31,38,40,41,35,47,45,55,50,66,57,52,68,69,77,67,75,67,79,69,79,80,84,79,99,96,104,102,84,123,106,103,117,144,126,137,122,121,117,141,141,133,155,143,144,160,121,145,150,151,147,141,133,146,141,146,149,151,163,175,180,144,173,172,130,131,135,146,138,126,127,119,158,136,123,104,150,152,130,132,142,160,119,148,166,125,136,143,147,126,121,112,134,136,134,144,138,141,132,138,139,128,132,168,137,133,136,154,180,165,147,194,134,144,151,118,151,116,143,139,139,158,149,99,114,130,101,108,114,110,91,98,78,70,66,50,63,47,53,29,35,34,20,25,19,10,18,9,5,7,2,3,3,3,1,2,2,0,0,0,2,0,0,0,0,0,0,0,0,0,0,0,0,0,0,0,0,0,0,0,0,0,0,0,0,0,0,0,0,0,0,0,0,0,0,0,0
74.15,0,0,0,0,0,0,0,0,0,0,0,0,0,0,0,0,0,0,0,0,0,1,1,0,0,0,0,1,1,0,0,0,0,0,0,0,1,1,1,0,0,2,0,1,0,1,0,3,1,3,2,1,5,0,2,1,3,3,2,0,2,1,1,1,0,2,2,7,7,10,23,16,13,11,12,17,16,14,14,21,24,15,25,24,15,30,18,25,29,22,19,25,23,27,25,35,21,30,29,28,26,41,44,30,37,35,58,42,45,55,44,60,49,45,54,57,81,79,81,73,64,67,71,82,79,76,116,83,94,94,98,108,117,101,105,122,114,132,139,131,132,116,136,122,134,150,158,131,150,130,140,147,149,145,140,148,142,145,153,150,153,142,139,133,153,173,176,120,137,127,152,151,126,128,118,144,125,119,108,159,157,132,136,149,165,119,141,169,131,139,126,143,136,124,121,138,137,138,144,134,142,131,135,139,126,132,170,140,130,133,152,182,158,149,197,133,139,152,115,149,117,141,136,137,156,147,101,115,127,98,109,116,108,93,98,78,70,66,50,62,47,53,29,34,34,20,25,19,10,18,9,5,7,2,3,3,3,1,2,2,0,0,0,2,0,0,0,0,0,0,0,0,0,0,0,0,0,0,0,0,0,0,0,0,0,0,0,0,0,0,0,0,0,0,0,0,0,0,0,0
74.25,0,0,1,0,0,0,0,0,0,0,0,0,0,1,0,0,0,0,0,0,0,0,1,0,1,0,0,0,0,0,0,0,0,1,2,0,0,2,0,0,1,0,1,2,1,1,1,1,1,0,1,0,0,0,0,1,2,2,4,2,1,3,2,0,2,1,5,5,12,14,17,8,11,15,13,10,17,15,21,14,19,19,10,17,12,19,19,15,14,24,16,30,29,31,24,27,27,37,23,40,34,42,34,40,52,26,41,48,48,46,55,47,60,64,38,54,64,57,53,69,74,85,101,90,74,98,88,80,83,93,96,106,121,118,128,107,111,134,125,125,111,130,116,127,140,151,160,123,141,139,139,149,139,152,143,145,147,143,138,139,140,149,140,130,155,166,179,120,146,114,142,163,141,133,120,149,132,136,125,162,155,136,148,135,147,127,140,174,133,144,123,141,127,122,113,144,145,132,143,132,141,130,137,140,129,128,168,138,130,131,151,183,151,148,189,135,141,148,116,142,117,141,138,135,156,148,100,116,126,96,109,116,106,93,96,78,70,66,48,62,47,54,29,34,34,20,25,19,10,18,9,5,7,2,3,3,3,1,2,2,0,0,0,2,0,0,0,0,0,0,0,0,0,0,0,0,0,0,0,0,0,0,0,0,0,0,0,0,0,0,0,0,0,0,0,0,0,0,0,0
74.35,0,0,0,0,0,0,0,0,0,0,0,0,0,0,0,0,1,0,0,0,0,1,0,1,0,0,1,0,0,1,1,0,1,1,0,0,0,0,0,0,1,0,1,2,2,1,1,0,0,0,0,1,1,2,3,1,0,1,2,3,1,0,1,1,2,0,3,2,5,13,7,13,14,12,16,12,10,13,15,9,12,18,19,14,15,19,23,16,19,22,18,21,30,29,26,19,27,32,25,22,31,33,28,42,39,44,47,35,34,36,43,41,53,38,59,62,57,58,56,71,79,76,75,91,97,86,71,87,74,103,105,111,116,126,123,120,113,128,124,123,126,127,139,130,137,142,155,130,144,135,144,135,150,166,148,153,169,146,140,137,143,158,141,132,163,153,198,130,141,120,149,152,139,139,123,155,138,124,133,162,157,125,138,141,157,137,136,161,129,141,123,132,127,118,117,132,151,132,137,142,130,135,138,139,124,127,168,138,131,127,151,177,147,146,187,138,140,147,120,142,120,141,139,138,157,147,100,116,128,93,109,114,104,93,94,80,70,66,48,61,47,54,29,34,34,20,25,19,10,18,9,5,7,2,3,3,3,1,2,2,0,0,0,2,0,0,0,0,0,0,0,0,0,0,0,0,0,0,0,0,0,0,0,0,0,0,0,0,0,0,0,0,0,0,0,0,0,0,0,0
74.45,0,0,0,0,0,0,0,0,0,0,0,0,0,0,0,0,0,0,0,0,0,0,0,0,0,0,0,1,0,0,1,0,2,0,1,0,0,1,0,0,0,1,2,0,1,3,1,0,4,3,0,0,0,1,0,1,2,0,2,2,1,1,1,1,2,1,1,6,15,20,12,12,5,22,12,21,12,15,17,12,20,12,14,23,20,14,13,16,17,18,21,24,20,28,16,22,27,26,49,39,42,30,44,42,41,40,37,46,57,50,56,57,46,55,61,63,61,69,67,65,67,83,80,70,92,88,94,73,100,85,110,101,105,119,118,123,145,143,129,134,127,114,140,110,131,143,143,158,152,131,137,131,142,136,147,150,174,143,134,155,149,159,151,146,140,156,197,137,135,117,138,144,150,143,115,140,135,123,117,151,149,124,136,134,166,134,132,164,126,140,130,143,124,113,116,134,141,128,139,138,128,140,141,137,127,126,164,131,128,125,149,177,145,148,189,143,141,147,124,144,120,147,141,140,157,145,100,117,123,97,111,116,104,93,96,80,68,66,50,62,49,54,29,32,34,20,25,19,10,18,9,5,7,2,3,3,3,1,2,2,0,0,0,2,0,0,0,0,0,0,0,0,0,0,0,0,0,0,0,0,0,0,0,0,0,0,0,0,0,0,0,0,0,0,0,0,0,0,0,0
74.55,0,1,0,0,1,0,0,0,0,0,0,0,0,0,0,0,0,0,0,0,0,1,0,0,0,2,0,0,0,0,0,0,0,1,0,0,0,0,1,2,1,1,2,1,0,0,1,3,2,0,2,2,2,2,0,1,1,1,3,1,2,1,1,0,2,1,3,5,12,12,10,10,11,9,10,15,8,16,17,16,13,16,9,22,14,18,17,15,11,17,17,21,22,23,36,16,29,34,29,35,34,25,30,40,47,32,44,38,32,47,41,47,53,57,58,76,59,72,63,79,79,68,83,68,60,94,101,78,86,99,108,103,124,109,142,130,112,128,116,136,131,129,132,133,145,135,138,152,140,124,152,159,133,146,124,147,160,125,113,150,152,140,137,134,149,156,201,136,130,115,139,137,133,151,129,150,135,136,107,155,157,115,133,151,164,128,132,159,132,143,133,147,119,116,123,135,136,127,133,133,125,142,151,145,127,128,169,132,131,120,149,169,145,149,192,139,137,150,123,144,118,145,143,139,156,145,100,117,125,98,111,117,102,93,96,80,68,64,48,62,49,54,29,32,34,20,25,19,10,18,9,5,7,2,3,3,3,1,2,2,0,0,0,2,0,0,0,0,0,0,0,0,0,0,0,0,0,0,0,0,0,0,0,0,0,0,0,0,0,0,0,0,0,0,0,0,0,0,0,0
74.65,0,0,0,0,0,0,2,0,1,0,0,0,0,0,1,0,0,0,0,0,0,0,0,0,0,0,1,1,0,0,0,0,0,1,1,0,0,1,0,2,0,1,1,3,2,1,4,0,0,1,1,5,3,1,2,0,3,0,0,0,3,2,2,1,0,2,2,3,12,12,15,13,12,13,9,15,15,12,11,21,13,23,16,11,18,15,22,24,25,15,21,27,24,22,20,24,35,35,39,37,29,36,41,34,39,39,36,38,43,39,48,39,67,50,61,43,56,63,69,71,68,69,66,72,72,77,91,93,84,94,103,92,119,124,139,122,111,133,134,125,131,117,124,132,146,164,159,135,141,111,168,165,137,131,133,118,159,143,129,158,140,133,129,130,141,166,182,161,126,113,128,132,138,138,139,145,126,132,103,158,164,123,138,149,163,128,131,157,128,143,134,148,119,119,121,130,133,126,137,122,127,139,150,145,130,127,166,128,129,122,147,171,143,148,191,140,139,148,125,144,116,141,147,137,156,145,100,119,121,98,109,115,102,91,96,80,70,64,48,62,49,54,29,32,34,20,25,19,10,18,9,5,7,2,3,3,3,1,2,2,0,0,0,2,0,0,0,0,0,0,0,0,0,0,0,0,0,0,0,0,0,0,0,0,0,0,0,0,0,0,0,0,0,0,0,0,0,0,0,0
74.75,0,0,0,0,0,0,0,0,0,0,0,0,0,1,0,0,1,0,0,1,0,1,1,0,0,0,1,0,2,0,0,0,2,0,0,1,2,0,1,0,0,0,1,0,1,1,1,1,2,2,1,2,1,2,0,2,1,2,0,1,0,0,2,1,1,1,2,8,13,5,7,13,14,7,13,12,10,11,18,14,16,15,4,15,15,20,17,19,23,14,22,24,27,31,29,28,32,29,23,46,40,31,36,44,30,30,32,36,39,55,58,50,68,61,61,70,62,65,56,70,69,75,76,60,64,75,88,113,93,103,108,93,112,131,124,119,124,122,137,131,113,102,131,122,151,151,155,145,127,127,157,143,124,148,141,114,167,127,134,145,138,116,136,120,158,167,173,154,128,113,139,149,142,155,134,137,140,119,103,156,162,122,132,144,182,130,130,154,129,140,126,135,116,113,127,124,137,125,135,124,127,137,158,141,130,129,164,124,123,122,153,172,140,144,190,144,143,145,125,142,117,143,147,136,155,145,102,122,120,98,108,115,99,91,96,82,70,64,48,62,47,54,29,32,34,20,25,19,10,18,9,5,7,2,3,3,3,1,2,1,0,0,0,2,0,0,0,0,0,0,0,0,0,0,0,0,0,0,0,0,0,0,0,0,0,0,0,0,0,0,0,0,0,0,0,0,0,0,0,0
74.85,0,0,0,0,0,0,0,0,0,0,0,0,1,0,0,1,0,0,0,0,0,0,0,0,0,1,0,0,0,1,1,0,0,0,0,0,0,0,2,1,0,0,1,0,1,0,0,1,2,4,3,1,2,1,1,0,2,3,0,0,1,1,2,2,1,1,1,4,4,10,7,12,20,14,16,9,14,13,16,11,15,21,9,20,13,10,18,17,12,26,24,19,22,19,26,32,26,28,24,25,32,32,38,36,41,47,39,32,44,51,51,54,35,63,60,60,63,70,77,71,80,70,61,72,72,99,89,96,103,106,95,112,121,117,140,119,119,122,120,128,113,106,130,126,156,151,130,141,113,127,149,145,155,152,141,105,136,130,138,148,132,117,152,126,163,160,177,136,133,109,139,135,152,146,130,135,138,128,118,154,156,118,116,158,170,130,126,166,117,144,142,129,111,110,126,129,127,131,133,124,123,135,160,143,126,130,158,120,121,125,152,180,142,140,184,140,145,145,126,140,121,145,144,133,153,144,102,124,119,99,106,116,99,93,96,82,70,64,48,64,47,54,29,32,34,20,25,19,10,18,9,5,7,2,3,3,3,1,2,1,0,0,0,2,0,0,0,0,0,0,0,0,0,0,0,0,0,0,0,0,0,0,0,0,0,0,0,0,0,0,0,0,0,0,0,0,0,0,0,0
74.95,0,0,0,0,0,0,0,1,0,0,0,0,0,0,0,0,0,0,1,0,0,0,0,1,2,0,0,0,1,0,0,1,0,0,0,0,1,0,1,1,3,0,0,3,0,0,1,1,1,2,1,1,2,3,0,1,1,3,2,3,1,0,3,1,0,3,0,7,6,8,13,13,12,12,7,7,13,4,9,18,8,7,24,22,12,12,12,24,25,17,19,24,28,22,23,35,37,33,24,42,27,29,35,43,41,50,46,27,43,49,49,50,61,55,52,70,57,61,56,60,72,73,90,64,77,93,79,94,112,91,90,122,120,114,116,120,128,115,118,132,104,111,116,136,157,141,142,129,124,126,137,163,147,139,134,133,160,146,137,124,140,120,151,125,164,152,177,139,127,123,132,132,141,134,127,145,130,118,121,140,152,125,131,153,157,130,132,163,115,150,139,122,114,116,124,130,126,130,140,132,115,145,162,147,128,136,158,116,126,125,154,177,139,139,185,136,153,153,124,144,122,149,142,135,150,139,105,122,116,99,109,115,99,93,98,82,70,64,48,64,47,54,29,32,34,20,25,19,10,18,9,5,7,2,3,3,3,1,2,1,0,0,0,2,0,0,0,0,0,0,0,0,0,0,0,0,0,0,0,0,0,0,0,0,0,0,0,0,0,0,0,0,0,0,0,0,0,0,0,0
75.05,0,1,0,0,0,0,0,0,0,0,0,1,0,0,0,1,0,0,0,0,1,0,0,0,0,0,0,0,0,1,0,0,0,0,0,0,0,0,0,0,1,0,1,2,1,1,2,1,1,1,0,0,0,0,0,2,2,1,1,1,0,1,1,2,2,0,3,6,8,10,9,9,8,13,10,14,7,19,16,17,11,19,19,21,11,15,19,15,14,17,22,19,25,32,19,20,37,35,29,30,34,27,27,38,32,45,44,50,43,39,45,59,59,57,54,62,47,60,66,69,72,61,86,75,75,93,83,93,94,90,105,103,115,111,121,117,131,120,121,127,110,138,142,119,161,139,141,137,113,118,137,147,138,134,135,119,148,153,138,136,142,122,138,149,158,162,160,152,130,138,137,124,143,131,130,135,128,119,117,146,141,123,132,148,154,140,129,154,115,142,137,125,112,117,124,127,127,128,140,127,114,144,151,149,128,139,159,114,126,127,154,177,139,145,192,136,150,146,124,144,125,144,142,135,146,137,107,124,114,99,109,109,97,92,98,82,70,64,50,60,46,54,29,32,34,21,24,19,10,18,9,5,7,2,3,3,3,1,2,1,0,0,0,2,0,0,0,0,0,0,0,0,0,0,0,0,0,0,0,0,0,0,0,0,0,0,0,0,0,0,0,0,0,0,0,0,0,0,0,0
75.15,0,0,0,0,0,0,0,0,0,0,0,0,0,0,1,0,0,0,0,0,0,1,0,0,0,0,0,0,0,0,0,0,0,1,0,0,0,0,0,1,1,1,1,0,0,1,0,1,0,2,1,1,1,0,0,0,1,1,0,1,1,2,0,1,0,1,5,6,7,13,7,2,13,12,10,9,9,10,15,11,16,12,16,18,21,16,19,16,29,21,22,15,23,35,27,34,20,26,36,36,30,36,30,33,41,31,37,43,38,35,44,54,59,52,54,46,55,71,70,66,78,71,74,79,83,84,88,85,81,103,99,105,119,111,134,114,112,108,129,106,123,132,118,127,162,147,141,145,114,133,141,154,162,131,130,125,153,139,141,133,145,135,139,134,169,167,168,136,122,152,139,139,137,140,136,133,125,121,118,141,148,126,139,144,162,143,129,152,118,142,128,133,113,117,131,119,133,128,140,128,117,139,154,150,130,135,157,120,120,128,148,184,139,141,190,134,149,148,124,146,127,146,145,138,147,137,107,127,114,99,107,109,97,92,96,80,72,64,50,60,44,54,29,32,34,21,24,19,10,18,9,5,7,2,3,3,3,0,2,1,0,0,0,2,0,0,0,0,0,0,0,0,0,0,0,0,0,0,0,0,0,0,0,0,0,0,0,0,0,0,0,0,0,0,0,0,0,0,0,0
75.25,0,0,0,0,0,0,0,0,0,0,0,0,0,0,0,0,1,0,0,0,0,0,0,0,0,0,0,2,0,0,0,0,0,0,0,0,0,0,0,1,3,1,0,0,0,1,0,1,0,1,2,2,2,1,2,3,1,1,1,1,4,1,3,1,0,1,4,5,10,11,7,9,9,12,10,19,10,9,17,11,12,17,15,14,25,19,24,26,28,13,25,18,33,23,25,31,29,38,28,39,29,38,41,33,35,39,45,43,48,52,43,49,43,50,47,55,62,53,78,69,62,73,97,78,58,104,93,104,80,107,93,106,118,121,125,131,102,98,145,111,144,124,118,122,153,161,143,144,120,119,140,161,144,125,134,112,142,153,158,137,140,120,144,123,155,156,157,160,131,151,136,139,144,125,142,135,115,116,107,149,141,134,140,148,164,144,129,158,115,142,140,130,118,124,127,123,134,133,140,126,123,139,153,152,128,136,160,121,114,133,146,185,141,144,191,136,147,148,122,144,125,146,143,138,149,137,107,129,114,99,106,109,98,91,96,80,72,64,50,62,43,55,29,32,34,21,24,19,10,18,9,5,7,2,2,3,3,0,2,1,0,0,0,2,0,0,0,0,0,0,0,0,0,0,0,0,0,0,0,0,0,0,0,0,0,0,0,0,0,0,0,0,0,0,0,0,0,0,0,0
75.35,0,0,0,1,0,0,0,0,0,0,0,0,0,0,0,0,0,0,0,0,0,1,0,1,0,0,1,0,0,3,0,0,1,0,2,0,1,1,0,0,1,1,0,0,1,1,0,0,0,4,0,1,1,0,1,4,2,1,2,0,3,1,2,5,0,2,1,9,8,11,7,12,12,11,11,10,11,16,20,17,18,14,20,11,19,23,13,19,24,29,18,26,18,24,27,39,32,37,27,47,27,30,20,44,45,40,35,53,38,51,47,48,56,60,55,58,66,58,68,69,82,73,68,70,90,102,70,97,83,110,109,127,110,116,110,121,102,126,133,124,121,127,121,137,143,157,131,160,123,112,150,165,139,138,142,117,142,138,149,116,135,118,135,129,159,154,175,133,138,142,125,140,128,128,132,134,124,108,118,140,143,136,147,148,154,140,122,156,117,148,136,130,117,131,126,130,141,134,140,125,128,131,157,143,128,133,160,125,114,135,144,187,139,144,193,139,150,140,124,143,125,143,141,136,147,137,105,129,114,99,104,109,100,91,96,80,70,64,50,60,43,55,29,32,34,21,24,19,10,18,9,5,7,2,2,3,3,0,2,1,0,0,0,2,0,0,0,0,0,0,0,0,0,0,0,0,0,0,0,0,0,0,0,0,0,0,0,0,0,0,0,0,0,0,0,0,0,0,0,0
75.45,0,0,0,1,0,0,0,0,0,0,0,0,0,0,0,0,1,0,0,0,0,0,1,0,0,1,0,1,0,0,0,2,0,1,0,1,1,0,2,0,0,0,0,2,1,1,0,2,0,2,3,1,0,0,1,1,0,2,4,1,2,4,2,2,0,1,2,6,10,9,9,11,14,14,18,18,19,10,15,14,13,17,17,14,20,18,15,21,19,20,17,28,23,30,40,18,26,30,21,28,39,31,31,37,38,37,33,46,48,50,51,48,46,58,51,60,59,60,74,77,65,73,68,79,90,83,98,82,101,76,92,124,100,127,93,115,108,131,122,121,122,121,107,144,133,156,149,148,144,128,171,141,137,118,153,131,149,141,129,130,126,109,134,129,159,169,155,152,151,141,124,150,132,122,131,133,127,114,124,133,146,135,148,141,154,132,131,151,117,157,144,120,116,131,130,129,142,131,140,133,128,133,155,149,128,134,157,126,116,133,143,187,133,142,189,139,148,138,124,143,125,141,143,138,148,136,103,129,115,100,104,111,98,90,96,80,70,64,50,60,43,55,29,32,34,21,24,19,10,18,9,5,7,2,2,3,3,0,2,1,0,0,0,2,0,0,0,0,0,0,0,0,0,0,0,0,0,0,0,0,0,0,0,0,0,0,0,0,0,0,0,0,0,0,0,0,0,0,0,0
75.55,0,0,0,0,0,0,0,0,0,1,0,0,0,0,0,0,0,0,0,0,0,0,1,1,1,0,0,0,1,2,0,0,1,0,1,0,0,0,1,2,0,3,2,2,1,0,2,2,3,1,1,4,1,1,2,1,2,0,4,0,3,0,1,1,2,0,2,7,7,12,12,9,8,12,15,13,15,10,15,14,11,18,19,14,16,18,11,18,27,18,16,26,25,18,24,27,26,32,27,23,35,29,32,34,42,36,46,45,50,53,35,45,39,52,57,53,53,70,74,66,82,62,84,86,76,68,86,86,86,90,95,105,127,121,98,111,120,119,104,106,135,123,98,156,166,140,130,143,129,133,162,137,146,152,133,130,144,147,165,135,116,120,135,126,153,148,162,175,144,125,129,132,123,125,136,130,126,117,123,144,166,116,136,152,144,134,131,160,113,153,150,115,120,117,129,129,138,135,135,137,124,138,154,148,124,131,158,123,118,130,144,183,133,144,185,143,150,134,126,143,125,139,143,136,148,132,99,129,115,100,104,111,98,89,97,80,70,66,50,60,43,53,29,32,34,21,24,19,10,18,9,5,7,2,2,3,3,0,2,1,0,0,0,2,0,0,0,0,0,0,0,0,0,0,0,0,0,0,0,0,0,0,0,0,0,0,0,0,0,0,0,0,0,0,0,0,0,0,0,0
75.65,0,0,0,0,0,0,0,0,0,0,0,0,0,0,0,0,0,0,0,0,0,0,0,0,0,0,0,0,0,0,0,0,1,0,0,0,0,0,0,0,1,2,1,1,0,3,1,1,0,0,2,0,2,1,1,1,1,1,1,1,1,3,0,2,0,1,1,6,7,15,8,14,10,16,11,13,7,10,12,7,11,10,29,19,13,12,13,20,20,28,16,21,26,19,20,24,25,30,26,32,24,30,37,41,45,38,38,48,34,53,54,52,43,47,53,47,59,67,67,77,87,68,78,69,69,85,72,75,92,84,100,105,98,116,121,85,117,109,101,120,137,113,101,126,138,141,140,133,130,128,134,142,142,124,131,109,145,127,137,129,116,121,133,143,139,142,204,168,130,118,127,134,128,122,136,144,131,107,116,134,163,111,136,161,142,131,132,152,112,153,153,123,119,118,125,137,137,132,131,145,123,138,151,148,124,129,162,126,119,126,147,183,134,145,186,140,144,134,127,144,121,139,143,138,146,126,99,135,117,99,104,111,98,91,97,80,70,68,48,59,43,53,29,32,34,21,24,19,10,18,9,5,7,2,2,3,3,0,2,1,0,0,0,2,0,0,0,0,0,0,0,0,0,0,0,0,0,0,0,0,0,0,0,0,0,0,0,0,0,0,0,0,0,0,0,0,0,0,0,0
75.75,0,0,0,0,0,0,0,0,0,0,0,0,0,2,0,0,1,0,0,0,2,0,0,0,1,1,0,1,0,0,0,1,0,1,0,3,0,0,1,1,0,2,0,1,0,2,1,0,2,2,5,2,3,0,3,1,2,0,1,1,1,0,5,3,4,0,1,4,9,7,13,9,13,7,12,17,11,9,20,12,12,14,20,13,21,14,13,17,11,18,25,23,19,22,23,23,25,27,25,34,39,37,29,47,29,40,35,55,30,34,36,44,53,47,52,68,51,61,63,50,72,63,82,74,93,83,64,75,86,89,92,112,98,95,103,116,105,113,106,130,133,108,111,135,138,136,151,128,117,119,129,142,151,138,134,113,134,126,128,137,118,120,128,149,147,140,186,166,143,124,139,137,129,127,129,142,116,123,110,131,160,110,132,156,146,129,133,158,126,159,159,114,122,118,126,126,136,133,134,141,122,133,149,147,123,133,162,127,120,127,151,178,140,145,188,142,144,132,127,142,125,135,143,138,144,124,101,137,117,99,100,111,98,91,97,80,70,68,48,59,43,53,30,31,34,20,24,18,10,18,9,5,7,2,3,2,3,0,2,1,0,0,0,2,0,0,0,0,0,0,0,0,0,0,0,0,0,0,0,0,0,0,0,0,0,0,0,0,0,0,0,0,0,0,0,0,0,0,0,0
75.85,0,0,0,0,0,1,0,0,0,0,0,0,0,0,0,0,0,0,0,1,1,1,1,0,0,1,0,0,0,1,0,0,1,0,1,0,0,0,0,0,3,2,1,0,1,1,1,1,1,2,1,1,1,0,0,0,4,2,0,3,0,2,4,2,0,2,1,6,7,10,11,8,11,15,12,12,8,17,19,16,10,14,21,15,11,24,18,29,14,17,17,25,25,32,31,28,32,28,22,21,51,37,35,35,37,39,40,44,40,42,46,43,43,62,52,51,47,80,79,67,69,66,72,82,83,68,90,77,88,95,95,112,98,100,98,112,96,121,109,116,132,126,121,122,140,145,148,125,110,125,130,134,162,139,123,140,141,124,127,123,122,118,150,132,149,147,155,170,113,123,129,142,128,127,119,136,124,125,108,136,162,104,126,159,156,147,135,161,132,161,152,116,122,114,119,136,134,133,127,147,118,129,147,147,123,137,160,125,120,130,149,175,137,142,190,136,143,136,127,142,127,138,143,134,146,126,101,132,117,99,104,113,100,91,97,82,68,68,48,59,43,53,30,31,34,20,23,19,10,18,9,5,7,2,3,2,3,0,2,1,0,0,0,2,0,0,0,0,0,0,0,0,0,0,0,0,0,0,0,0,0,0,0,0,0,0,0,0,0,0,0,0,0,0,0,0,0,0,0,0
75.95,0,0,0,0,0,0,0,0,0,0,0,0,0,0,0,0,0,0,0,0,0,0,0,1,0,0,1,0,0,0,0,0,1,0,0,0,0,1,1,0,0,2,2,1,1,2,2,2,0,0,0,0,2,0,1,1,0,0,0,1,2,2,2,6,0,0,2,6,8,14,14,9,9,9,19,8,9,16,12,10,23,14,18,17,27,18,14,20,18,23,24,23,27,28,22,22,20,24,33,33,25,39,34,55,51,40,44,54,47,58,60,45,57,64,70,54,60,62,70,66,62,71,75,81,72,96,90,82,98,77,93,103,100,82,82,116,107,100,112,112,121,122,122,129,135,140,142,123,124,130,133,133,139,130,119,125,128,118,120,140,124,120,148,131,160,126,139,143,101,121,130,143,128,128,121,129,121,129,101,137,150,116,135,154,159,158,134,154,141,177,139,120,125,113,112,137,138,135,134,137,118,128,151,147,122,136,160,127,120,131,140,176,134,144,188,134,143,138,125,146,129,140,144,131,144,126,101,130,115,99,104,113,100,91,97,83,67,68,48,59,43,53,29,31,32,22,23,19,10,18,9,5,7,1,3,2,3,0,2,1,0,0,0,2,0,0,0,0,0,0,0,0,0,0,0,0,0,0,0,0,0,0,0,0,0,0,0,0,0,0,0,0,0,0,0,0,0,0,0,0
76.05,0,0,0,0,0,0,0,0,0,0,0,0,0,0,0,0,0,0,0,0,1,0,0,0,0,0,1,1,0,0,0,1,1,1,0,0,0,1,0,0,5,0,1,0,0,0,0,1,0,0,1,0,1,0,1,2,0,0,2,1,1,0,3,0,4,0,2,2,8,14,9,14,15,9,13,8,9,17,12,15,14,15,22,18,19,20,24,18,27,23,18,29,20,14,22,25,30,28,30,32,30,39,32,33,41,45,36,49,46,53,55,50,54,56,62,58,66,57,55,61,55,83,83,66,86,80,93,86,92,92,91,102,91,84,103,105,94,111,116,109,125,111,136,121,124,155,134,117,150,122,135,131,156,129,135,123,130,120,139,118,135,135,149,124,153,123,147,150,88,128,138,135,131,131,118,142,127,125,106,129,152,104,150,138,157,166,137,147,138,177,139,123,115,120,113,136,133,138,137,134,120,135,146,143,122,136,162,126,120,130,140,184,138,144,186,133,140,136,125,147,126,140,148,129,144,124,100,130,115,99,104,112,97,91,95,79,67,68,48,59,42,53,29,29,32,22,23,19,10,18,9,5,7,1,3,2,3,0,2,1,0,0,0,2,0,0,0,0,0,0,0,0,0,0,0,0,0,0,0,0,0,0,0,0,0,0,0,0,0,0,0,0,0,0,0,0,0,0,0,0
76.15,0,1,0,0,0,0,0,1,0,0,1,0,0,0,0,0,1,0,0,1,0,0,1,0,0,1,0,0,1,0,0,1,1,1,1,0,0,0,0,0,2,1,0,1,1,3,0,1,0,1,1,3,1,1,2,2,0,2,2,1,2,0,1,4,0,3,2,5,3,6,9,11,16,14,9,14,10,12,12,10,7,15,18,13,16,15,29,21,18,16,23,22,17,26,21,26,28,20,37,18,27,22,31,31,34,36,39,34,48,48,51,58,50,68,62,51,43,71,49,70,64,64,75,78,81,74,74,100,91,100,102,89,95,93,100,107,90,114,115,111,111,133,126,125,123,152,153,128,146,137,143,129,172,142,123,123,133,125,155,122,142,123,142,125,142,115,148,135,96,120,134,126,124,126,123,141,117,127,113,134,149,109,140,144,140,168,137,148,129,179,128,113,113,115,111,129,130,136,142,131,117,139,148,141,118,138,160,126,118,134,140,178,140,142,184,135,138,145,123,146,126,138,152,129,146,124,98,128,115,99,104,112,99,89,93,75,67,68,48,59,42,53,29,27,32,22,23,19,10,18,9,5,7,1,3,2,3,0,2,1,0,0,0,2,0,0,0,0,0,0,0,0,0,0,0,0,0,0,0,0,0,0,0,0,0,0,0,0,0,0,0,0,0,0,0,0,0,0,0,0
76.25,0,0,0,0,0,0,0,1,0,0,0,1,0,0,0,0,0,0,0,0,0,0,0,2,0,1,0,0,0,0,0,0,1,0,1,2,3,1,0,0,0,1,0,3,0,3,2,2,0,1,1,2,1,1,0,3,0,0,3,1,0,1,4,1,3,1,3,2,11,11,9,8,11,10,14,11,7,12,22,13,16,11,14,12,12,16,21,15,24,22,23,17,21,37,27,37,25,32,29,37,26,39,27,39,42,37,45,40,39,39,68,40,52,53,48,48,49,61,56,64,55,77,79,84,83,77,73,102,98,95,74,76,119,103,94,99,87,120,114,120,121,130,148,124,119,143,125,128,142,122,126,130,182,127,131,115,130,136,144,121,143,117,137,118,144,120,154,143,88,126,133,119,125,127,134,138,104,136,117,143,145,111,140,150,129,159,129,141,121,169,131,114,120,108,113,133,128,138,144,130,111,144,151,143,120,141,159,127,118,136,136,176,144,140,185,142,138,139,117,142,124,139,152,131,146,122,96,128,115,98,103,113,100,89,93,75,67,69,48,59,42,53,29,27,32,22,23,19,10,18,9,5,7,1,3,2,3,0,2,1,0,0,0,2,0,0,0,0,0,0,0,0,0,0,0,0,0,0,0,0,0,0,0,0,0,0,0,0,0,0,0,0,0,0,0,0,0,0,0,0
76.35,0,0,0,0,0,0,0,0,0,0,0,0,0,0,0,0,1,0,0,0,0,1,0,0,1,0,0,1,2,0,0,0,2,0,0,0,0,0,1,1,0,1,1,0,0,0,2,1,4,4,1,0,1,0,0,2,5,2,1,0,0,2,2,3,1,1,3,3,6,7,11,8,13,15,8,15,14,14,12,15,22,21,18,16,14,20,17,18,20,17,36,14,28,23,27,23,27,36,27,21,22,26,26,43,37,41,35,46,45,38,41,33,42,39,37,52,47,72,53,70,72,79,77,70,67,80,82,84,95,86,96,99,103,123,109,96,94,117,129,127,103,122,132,125,141,124,127,137,126,134,127,115,146,119,135,125,152,128,134,119,139,114,134,117,139,123,144,134,97,128,134,124,138,135,141,138,102,130,117,130,132,107,131,146,124,142,131,140,123,162,143,115,118,104,119,141,123,131,143,124,111,144,149,143,124,140,166,125,118,135,137,179,147,142,185,144,138,139,121,142,125,138,151,135,144,123,96,128,115,98,105,115,102,91,93,73,71,69,50,61,42,53,29,27,32,22,23,19,10,17,9,5,7,1,3,2,3,0,2,1,0,0,0,2,0,0,0,0,0,0,0,0,0,0,0,0,0,0,0,0,0,0,0,0,0,0,0,0,0,0,0,0,0,0,0,0,0,0,0,0
76.45,0,0,0,0,0,0,0,0,0,0,0,0,0,0,0,0,0,0,1,0,0,0,0,0,0,1,1,0,0,1,0,0,1,0,0,0,1,1,0,0,0,0,0,0,0,2,0,1,1,2,0,1,2,0,1,5,1,1,2,2,2,1,1,1,0,1,3,4,7,8,11,9,19,15,10,10,11,9,12,15,18,14,14,14,13,23,15,13,21,27,17,21,23,24,18,27,25,26,31,38,33,33,34,56,42,45,60,40,44,60,55,52,51,44,49,52,62,62,75,66,63,63,64,75,84,94,84,87,70,89,99,103,123,121,94,97,87,109,133,115,93,134,149,117,127,138,135,131,124,141,134,125,146,130,136,119,119,127,136,117,136,122,134,131,133,140,149,134,101,131,133,122,143,134,132,134,105,139,123,142,136,119,129,146,132,138,129,142,127,147,155,130,124,105,117,130,117,123,145,130,112,140,146,153,124,136,164,129,115,130,137,181,144,145,185,143,138,139,120,143,127,141,148,133,146,125,94,128,117,96,103,115,102,93,97,73,71,69,52,61,42,53,29,29,32,22,23,19,10,17,9,5,7,1,3,2,3,0,2,1,0,0,0,2,0,0,0,0,0,0,0,0,0,0,0,0,0,0,0,0,0,0,0,0,0,0,0,0,0,0,0,0,0,0,0,0,0,0,0,0
76.55,0,0,0,0,1,0,0,0,0,0,1,0,0,0,0,0,0,0,0,0,0,1,1,0,0,1,0,0,1,0,0,1,1,1,0,1,1,1,2,1,0,0,3,2,0,2,2,0,1,3,0,0,0,3,1,0,0,2,1,1,0,2,3,0,1,0,0,9,9,15,5,9,8,12,18,13,9,14,13,14,15,10,19,15,24,24,19,23,25,25,18,24,18,15,23,27,27,28,35,28,37,30,36,39,32,38,42,43,40,34,34,64,55,62,41,58,47,48,64,59,71,67,72,66,75,87,87,86,83,99,88,114,106,94,97,92,102,101,115,118,96,128,140,128,125,142,125,139,125,129,134,119,156,120,135,123,119,125,148,111,133,141,150,125,155,150,132,160,101,123,127,124,138,128,133,128,118,133,125,128,152,118,140,142,132,132,142,142,127,139,149,122,121,110,114,134,124,118,145,128,109,140,148,153,125,133,166,131,117,134,141,183,142,144,186,139,142,136,124,142,127,137,144,133,148,122,94,134,119,96,105,110,101,93,99,71,71,69,52,61,42,53,29,29,34,22,23,19,10,17,9,5,7,1,3,2,3,0,2,1,0,0,0,2,0,0,0,0,0,0,0,0,0,0,0,0,0,0,0,0,0,0,0,0,0,0,0,0,0,0,0,0,0,0,0,0,0,0,0,0
76.65,0,0,0,0,0,0,0,0,0,0,0,0,0,0,0,0,0,0,0,0,0,1,0,0,0,0,0,0,1,0,0,0,1,0,4,0,0,0,0,3,2,0,0,2,2,0,2,0,1,0,0,2,1,2,2,2,0,0,3,0,1,1,1,2,6,1,1,3,13,11,8,7,5,5,7,11,14,8,14,10,8,13,23,13,20,30,14,12,21,16,23,22,18,17,22,32,27,24,29,32,21,33,36,31,35,42,36,43,41,43,44,43,44,52,74,47,57,45,53,62,72,56,75,71,82,74,89,79,83,88,94,116,98,93,99,88,116,110,105,123,92,117,116,133,118,134,126,137,124,140,111,114,150,119,137,123,127,115,140,106,129,136,133,123,154,135,144,134,107,133,135,129,127,142,125,134,116,129,124,134,147,116,135,134,145,130,149,144,126,136,144,113,119,102,117,127,125,114,150,126,112,149,144,151,121,133,169,129,117,133,136,185,141,142,186,141,138,140,124,138,129,141,139,133,153,121,96,133,119,92,103,112,101,91,97,70,71,69,52,59,42,53,29,29,34,22,23,19,10,15,9,5,7,1,3,2,3,0,2,1,0,0,0,2,0,0,0,0,0,0,0,0,0,0,0,0,0,0,0,0,0,0,0,0,0,0,0,0,0,0,0,0,0,0,0,0,0,0,0,0
76.75,0,0,0,0,0,0,0,0,0,0,0,0,0,0,0,0,0,0,0,0,0,1,0,0,0,0,0,0,1,0,0,2,0,1,1,0,2,1,0,0,1,1,0,0,2,0,1,1,2,1,3,0,0,0,0,1,1,0,1,2,0,0,2,1,0,1,2,5,5,5,9,7,6,9,9,11,14,10,10,14,14,16,17,16,13,17,20,19,24,20,24,15,29,21,22,26,22,23,34,22,38,32,25,50,48,48,31,39,43,34,49,50,43,57,53,46,66,47,60,60,58,75,66,84,79,78,76,81,97,91,97,91,114,94,113,105,114,92,116,106,102,124,127,112,121,149,122,126,125,147,126,110,132,114,124,113,123,117,139,117,147,127,128,136,166,145,139,136,116,150,121,126,119,141,111,130,127,157,127,134,145,117,134,138,141,124,140,139,137,138,141,111,123,107,114,128,131,121,145,119,111,148,145,151,125,131,164,131,121,131,136,177,146,140,182,143,139,140,122,136,130,137,141,133,157,120,96,134,117,94,105,110,101,91,97,70,71,67,52,59,42,55,29,29,34,22,23,19,10,15,9,5,7,1,3,2,3,0,2,1,0,0,0,2,0,0,0,0,0,0,0,0,0,0,0,0,0,0,0,0,0,0,0,0,0,0,0,0,0,0,0,0,0,0,0,0,0,0,0,0
76.85,0,0,0,0,0,0,0,0,0,0,0,1,1,0,0,0,0,1,0,0,0,0,1,0,0,0,2,0,0,0,0,0,0,0,0,1,0,0,0,0,1,0,0,1,2,1,3,3,1,0,3,1,2,1,2,2,2,1,3,0,2,1,0,1,2,1,4,4,13,6,11,10,5,10,13,18,13,12,13,13,12,14,10,12,20,23,14,18,25,22,29,13,23,28,18,19,28,18,23,19,37,31,18,41,36,37,32,52,38,38,44,61,47,44,41,44,42,52,49,59,65,59,76,83,76,68,84,96,100,84,96,94,91,89,121,102,98,115,106,110,119,132,131,115,144,124,127,128,136,141,117,113,136,115,135,110,120,119,135,116,124,129,136,130,134,141,128,138,107,137,135,128,113,120,114,132,136,160,121,131,150,120,130,138,128,127,140,146,135,137,143,110,126,106,113,133,132,118,141,125,116,154,142,144,119,138,161,139,122,132,140,173,145,141,182,144,138,144,122,138,126,137,143,135,157,118,96,134,118,94,105,112,101,93,97,70,71,67,50,59,42,55,29,29,34,22,23,19,10,15,9,5,7,1,3,2,3,0,2,1,0,0,0,2,0,0,0,0,0,0,0,0,0,0,0,0,0,0,0,0,0,0,0,0,0,0,0,0,0,0,0,0,0,0,0,0,0,0,0,0
76.95,0,0,1,0,0,0,0,0,0,0,0,0,1,0,0,0,0,0,0,0,0,0,0,0,0,0,0,0,0,0,0,1,0,0,0,0,0,0,1,0,2,1,0,1,2,1,0,1,0,0,2,2,1,2,0,0,0,1,3,3,1,2,2,0,1,2,2,4,7,1,7,9,10,6,13,15,15,14,11,12,9,16,19,14,22,22,17,22,13,23,16,22,21,28,26,32,24,35,23,39,38,28,45,33,43,36,30,43,45,33,46,56,50,51,45,47,40,61,53,59,71,58,59,62,62,81,84,70,90,85,94,99,87,108,109,108,97,92,109,92,127,135,143,124,119,108,117,143,142,152,105,107,113,128,134,119,112,118,136,127,136,133,146,125,125,135,137,127,109,120,119,126,119,131,109,133,123,149,124,131,146,118,114,128,127,123,148,146,144,136,160,115,122,106,117,138,135,116,141,127,116,151,137,136,119,140,157,139,121,131,136,167,145,141,176,144,138,145,119,142,126,139,143,133,159,118,94,136,118,96,107,114,99,91,97,70,71,69,51,58,42,55,29,29,34,22,23,19,8,15,9,5,7,1,3,2,2,0,2,1,0,0,0,2,0,0,0,0,0,0,0,0,0,0,0,0,0,0,0,0,0,0,0,0,0,0,0,0,0,0,0,0,0,0,0,0,0,0,0,0
77.05,0,0,0,0,0,1,0,0,0,0,0,0,0,1,0,0,0,0,0,0,1,0,0,0,0,0,0,1,0,0,0,0,0,0,1,0,0,0,1,0,0,1,1,2,0,1,0,0,1,2,1,1,0,2,1,0,2,3,3,2,2,1,0,1,1,1,4,8,12,5,3,14,11,13,12,14,15,22,12,19,17,16,10,15,17,14,16,22,17,11,32,26,24,19,27,30,17,25,35,31,31,45,28,40,41,42,37,41,56,42,39,35,41,38,59,59,75,56,57,70,54,54,65,61,74,80,82,88,77,93,89,108,88,109,100,113,98,92,124,94,119,117,118,118,126,94,126,140,128,149,99,110,109,123,123,119,119,122,121,127,130,118,135,140,117,139,128,125,100,142,137,134,126,132,117,141,101,137,119,133,146,120,118,140,129,124,147,142,143,128,140,114,118,102,117,138,133,119,144,133,119,147,139,144,119,136,157,137,119,129,138,174,144,143,176,147,137,149,119,141,123,137,139,133,157,118,94,139,117,94,109,109,99,89,99,70,71,67,51,58,42,55,29,29,34,22,23,19,8,15,9,5,7,1,3,2,2,0,2,1,0,0,0,2,0,0,0,0,0,0,0,0,0,0,0,0,0,0,0,0,0,0,0,0,0,0,0,0,0,0,0,0,0,0,0,0,0,0,0,0
77.15,0,0,0,0,0,0,0,0,0,0,1,0,0,0,0,0,0,0,0,0,0,0,0,0,0,0,0,0,0,0,0,0,1,0,1,2,0,0,0,0,1,3,2,1,1,0,0,1,1,1,1,0,2,1,1,0,0,3,1,0,1,2,3,5,0,3,3,7,5,12,9,14,18,9,10,10,12,16,12,10,15,12,15,10,15,16,18,19,21,16,17,23,22,35,24,22,20,25,19,22,28,35,35,35,34,51,36,53,38,42,59,57,60,55,64,64,68,48,69,54,68,78,64,66,58,71,83,77,76,88,90,112,95,98,92,100,81,100,124,102,116,126,115,122,106,110,137,142,135,128,109,114,113,120,115,123,113,132,116,133,123,120,147,173,117,121,131,119,107,128,135,131,121,135,110,136,110,138,124,135,146,121,129,139,131,127,151,148,144,140,143,112,114,103,116,135,134,116,143,127,113,146,144,142,122,132,152,138,118,127,142,174,144,143,180,148,137,146,125,139,119,137,140,130,155,116,90,137,119,94,107,113,99,85,99,72,71,67,51,58,42,55,29,29,34,22,23,19,8,15,9,5,7,1,3,2,2,0,2,1,0,0,0,2,0,0,0,0,0,0,0,0,0,0,0,0,0,0,0,0,0,0,0,0,0,0,0,0,0,0,0,0,0,0,0,0,0,0,0,0
77.25,0,0,0,0,0,0,0,0,0,0,0,0,0,0,0,0,0,0,0,0,1,0,0,0,1,0,0,0,0,0,1,0,1,0,0,0,0,0,2,0,1,0,2,3,2,2,1,2,0,0,1,0,1,3,1,1,0,2,1,0,1,0,1,3,3,1,1,4,9,8,9,13,12,8,8,15,9,14,13,16,20,12,15,18,18,19,13,16,10,25,16,21,25,20,26,23,23,28,33,43,20,35,32,42,43,35,43,37,32,39,44,53,52,47,53,43,63,51,60,78,68,68,78,64,84,59,75,79,83,98,92,98,97,97,96,89,95,97,111,121,117,107,126,129,104,110,141,138,132,146,110,116,118,121,118,142,115,126,118,135,122,131,146,147,119,119,128,120,113,115,141,129,114,128,114,136,100,140,123,139,147,127,119,134,123,120,160,150,146,150,135,118,114,107,122,139,127,112,144,136,120,145,143,142,128,128,154,138,118,131,138,174,144,145,178,144,136,143,125,139,121,133,136,126,155,119,92,133,121,92,103,113,99,85,99,70,71,65,51,58,42,53,29,29,34,22,23,19,8,15,9,5,7,1,3,2,2,0,2,1,0,0,0,2,0,0,0,0,0,0,0,0,0,0,0,0,0,0,0,0,0,0,0,0,0,0,0,0,0,0,0,0,0,0,0,0,0,0,0,0
77.35,0,0,0,0,0,0,0,0,0,0,0,0,0,1,0,0,1,0,0,0,0,0,0,0,0,0,1,1,0,0,0,0,2,1,0,1,1,0,0,0,2,0,1,0,3,3,2,1,0,2,1,0,3,4,2,2,0,4,1,2,0,1,0,2,1,0,2,7,8,8,8,5,15,7,7,8,7,17,12,12,11,22,12,19,16,14,21,14,24,15,21,23,28,20,24,21,33,22,26,38,30,28,39,32,34,42,47,34,47,42,62,39,41,39,48,50,52,53,61,53,69,54,68,85,59,78,68,68,82,81,88,105,97,96,108,104,96,90,101,113,132,126,119,121,105,108,133,127,150,142,89,109,131,115,115,126,121,121,124,146,128,122,178,134,118,126,121,149,141,114,129,142,119,138,115,125,107,131,140,145,151,122,117,130,121,121,157,158,146,164,141,129,116,118,128,142,126,110,147,138,123,141,142,144,119,129,158,138,116,130,142,178,142,141,178,144,136,143,129,143,119,137,134,124,153,117,93,130,119,92,103,115,99,85,97,72,69,65,51,58,42,53,29,29,34,22,23,19,8,15,9,5,7,1,3,2,2,0,2,1,0,0,0,2,0,0,0,0,0,0,0,0,0,0,0,0,0,0,0,0,0,0,0,0,0,0,0,0,0,0,0,0,0,0,0,0,0,0,0,0
77.45,0,0,0,0,1,0,0,0,0,1,0,0,0,0,0,0,0,0,0,0,0,0,1,0,0,0,1,0,0,0,0,0,1,0,0,0,0,1,1,1,1,0,0,1,1,1,0,0,1,0,3,1,0,0,1,0,2,3,3,5,0,1,0,2,0,2,2,5,12,9,12,7,13,11,13,11,10,17,17,11,17,11,10,21,7,20,12,7,19,27,25,22,25,27,23,30,25,21,32,24,38,33,36,35,32,43,33,34,35,35,40,48,32,39,45,53,57,59,69,76,58,68,76,73,72,66,73,85,86,69,78,88,97,87,102,95,97,91,98,114,125,112,128,127,126,106,120,132,138,134,100,114,127,122,128,119,120,122,122,141,107,136,133,143,127,134,129,125,133,117,123,135,118,130,118,128,113,126,144,142,143,123,126,130,118,131,158,156,136,172,147,126,116,127,128,134,133,109,148,138,128,141,142,147,120,129,156,142,114,138,145,172,140,143,180,136,140,141,131,146,118,135,134,124,153,114,95,130,121,92,103,115,101,85,101,72,69,65,51,58,42,53,29,29,34,22,23,19,8,15,9,5,7,1,3,2,2,0,2,1,0,0,0,2,0,0,0,0,0,0,0,0,0,0,0,0,0,0,0,0,0,0,0,0,0,0,0,0,0,0,0,0,0,0,0,0,0,0,0,0
77.55,0,0,0,0,0,0,0,0,0,0,0,0,0,1,0,0,0,0,0,0,0,0,1,0,1,0,0,0,0,0,0,1,0,0,0,0,1,0,1,1,0,1,0,1,0,2,2,0,4,0,0,2,1,1,2,0,1,2,2,2,1,1,1,0,1,1,0,3,7,12,14,12,14,10,13,16,12,14,15,11,15,21,20,15,19,16,17,16,22,15,21,23,28,25,32,26,24,26,21,32,30,38,31,30,40,41,37,46,46,39,49,49,54,43,44,54,46,63,60,66,67,66,66,76,79,79,73,75,82,95,68,87,78,90,90,107,85,110,108,102,117,121,109,119,117,105,119,129,140,138,103,129,119,127,127,116,120,120,113,126,104,128,145,155,128,143,124,116,134,120,125,131,119,121,114,123,111,130,142,144,154,112,132,126,123,121,150,151,135,164,148,123,110,128,135,134,126,106,141,138,121,150,143,146,128,134,151,140,116,140,143,170,140,144,178,141,137,139,131,142,120,133,136,122,151,124,93,126,121,92,101,117,101,85,101,72,69,63,51,56,42,53,29,29,34,22,23,19,8,15,9,5,7,1,3,2,2,0,2,1,0,0,0,2,0,0,0,0,0,0,0,0,0,0,0,0,0,0,0,0,0,0,0,0,0,0,0,0,0,0,0,0,0,0,0,0,0,0,0,0
77.65,0,0,0,0,0,0,1,0,0,0,0,0,0,0,0,0,1,0,0,0,0,1,1,0,0,0,0,1,0,1,1,0,0,0,0,0,0,0,0,0,0,2,2,1,0,0,2,3,0,0,3,0,3,0,4,1,2,2,3,1,0,1,3,1,2,1,2,10,10,12,7,12,10,9,14,10,8,13,20,17,15,12,15,12,15,25,18,20,19,20,21,23,17,21,27,23,18,23,24,22,34,28,32,35,33,35,48,32,46,51,38,56,40,48,59,50,68,66,59,63,76,65,70,70,89,77,70,74,84,80,76,93,84,84,96,125,94,98,94,112,118,110,109,123,120,100,115,130,141,130,110,138,100,129,121,120,114,136,108,112,104,119,132,143,127,136,129,111,118,116,129,124,121,114,123,129,105,126,126,130,157,106,137,134,119,118,149,156,133,167,159,129,114,133,145,142,126,106,138,134,118,147,137,142,127,131,151,142,116,136,143,176,138,143,173,141,138,144,131,145,116,134,136,124,154,123,93,124,121,96,101,114,101,85,99,74,67,61,51,58,42,53,29,29,34,22,22,19,8,15,9,5,7,1,3,2,2,0,2,1,0,0,0,2,0,0,0,0,0,0,0,0,0,0,0,0,0,0,0,0,0,0,0,0,0,0,0,0,0,0,0,0,0,0,0,0,0,0,0,0
77.75,0,0,0,0,0,0,1,0,0,0,0,0,0,1,0,0,0,1,0,0,0,0,0,0,0,0,0,0,0,1,2,0,1,0,1,0,1,2,0,0,1,3,1,1,0,2,0,3,0,0,1,0,1,0,2,0,0,2,1,1,3,1,2,1,2,0,1,4,8,10,7,11,13,6,18,16,24,10,9,8,15,15,11,17,16,29,19,19,20,25,30,19,22,20,26,17,27,26,28,29,30,37,39,34,36,30,32,34,47,45,45,49,54,76,56,77,50,63,65,67,51,68,71,59,72,82,60,72,81,81,88,86,102,84,101,116,98,87,115,97,129,110,123,124,123,94,114,142,169,154,106,113,123,123,124,124,121,132,112,116,113,121,129,126,128,139,139,115,119,116,129,122,116,114,126,121,118,128,116,129,162,112,128,131,116,124,162,159,130,162,147,128,110,131,143,138,126,112,144,123,115,143,135,144,127,135,151,138,116,134,144,177,132,140,169,142,140,150,131,145,118,136,136,124,158,121,95,124,119,92,101,114,101,85,99,76,68,60,51,58,42,53,29,29,34,20,22,19,8,15,9,5,7,1,3,2,2,0,2,1,0,0,0,2,0,0,0,0,0,0,0,0,0,0,0,0,0,0,0,0,0,0,0,0,0,0,0,0,0,0,0,0,0,0,0,0,0,0,0,0
77.85,0,0,0,0,0,1,0,0,0,1,0,0,1,0,0,0,0,0,0,0,0,0,0,0,0,0,0,1,3,0,0,0,1,0,0,0,0,0,0,1,1,1,0,0,2,0,0,1,0,3,4,0,0,2,1,4,0,0,1,2,1,5,1,3,0,3,1,11,8,11,11,14,13,9,11,12,6,14,15,14,12,10,14,19,14,16,25,11,25,15,24,13,23,19,24,28,26,24,22,34,22,32,24,42,34,47,46,42,52,47,42,50,57,41,55,48,58,66,55,59,56,74,79,68,54,67,63,79,81,94,76,96,82,81,90,90,105,103,118,108,82,122,122,101,137,116,117,146,158,110,109,119,105,137,150,123,122,125,113,111,117,117,127,131,125,136,142,119,113,124,127,117,114,117,131,121,118,127,125,133,177,111,125,129,116,121,159,157,136,148,129,121,111,131,146,135,131,108,139,123,117,143,141,140,125,139,151,146,114,128,142,175,136,143,167,137,138,152,129,143,118,136,136,124,158,121,97,126,117,93,100,112,101,85,98,76,68,60,51,58,42,53,29,29,34,20,22,19,8,15,9,5,7,1,3,2,2,0,2,1,0,0,0,2,0,0,0,0,0,0,0,0,0,0,0,0,0,0,0,0,0,0,0,0,0,0,0,0,0,0,0,0,0,0,0,0,0,0,0,0
77.95,0,0,0,0,0,0,1,0,0,1,0,1,0,0,0,0,0,0,0,0,0,0,0,0,0,1,1,0,0,0,0,0,0,0,1,3,0,0,2,1,0,1,0,0,0,0,4,1,2,2,0,4,0,0,1,0,2,0,2,1,2,1,0,0,1,0,1,3,5,9,5,9,6,10,3,17,14,16,17,7,13,11,7,14,19,19,19,18,13,17,23,30,20,23,19,26,21,20,24,32,30,31,23,41,38,39,39,50,36,32,57,49,54,57,50,45,49,68,61,56,60,69,68,63,63,63,76,82,68,99,80,105,79,86,91,99,110,108,101,103,102,118,120,121,125,108,106,147,132,118,120,123,116,124,124,112,117,122,112,111,124,125,122,125,125,134,130,125,112,125,124,128,108,108,136,124,121,126,120,141,169,109,127,129,109,120,155,168,131,142,128,123,110,133,149,128,127,115,142,123,120,140,143,140,123,137,147,142,115,128,136,176,132,138,169,137,136,150,129,145,116,132,138,126,156,119,97,128,119,93,100,112,101,83,98,76,68,58,51,60,42,53,29,29,34,20,22,19,8,15,9,5,7,1,3,2,2,0,2,1,0,0,0,2,0,0,0,0,0,0,0,0,0,0,0,0,0,0,0,0,0,0,0,0,0,0,0,0,0,0,0,0,0,0,0,0,0,0,0,0
78.05,0,0,0,0,0,0,0,0,0,0,0,1,0,0,1,0,0,1,0,0,0,0,1,0,0,1,0,2,0,0,1,1,0,0,1,2,0,0,2,0,0,0,0,1,2,0,0,4,0,2,0,2,0,1,1,1,0,3,1,1,1,3,1,1,1,1,1,4,7,8,12,9,8,12,9,9,10,12,12,10,10,16,16,15,15,22,11,21,13,19,27,18,28,17,25,36,27,28,16,34,32,27,42,36,31,45,35,28,44,34,44,45,43,42,43,47,44,49,61,65,71,62,57,64,73,68,90,75,63,81,81,82,88,93,94,109,121,104,106,99,99,146,98,110,135,104,115,141,145,114,100,124,112,118,133,123,114,150,111,105,106,134,113,129,128,131,130,133,110,115,120,125,109,115,143,118,109,119,126,145,174,117,130,131,123,123,151,167,127,143,126,128,113,133,151,124,135,114,146,124,121,139,143,135,125,135,148,133,123,132,136,174,128,142,172,134,136,156,131,143,118,132,136,126,160,117,99,128,119,93,98,110,102,82,98,76,68,58,49,60,42,53,29,29,32,20,22,19,8,15,9,5,7,1,3,2,2,0,2,1,0,0,0,2,0,0,0,0,0,0,0,0,0,0,0,0,0,0,0,0,0,0,0,0,0,0,0,0,0,0,0,0,0,0,0,0,0,0,0,0
78.15,0,0,0,0,0,0,0,0,0,0,0,0,0,0,0,0,0,0,0,0,1,0,0,0,1,1,0,0,1,0,0,1,0,0,0,1,0,0,2,1,0,1,0,0,3,1,1,2,1,1,0,2,0,1,1,1,1,4,2,0,2,2,3,2,0,1,0,8,4,12,8,6,4,11,15,14,11,12,14,13,15,13,17,12,15,20,20,15,21,27,18,17,18,22,26,29,25,23,26,37,39,38,26,37,35,35,39,37,48,40,51,47,39,49,48,47,59,48,53,62,67,61,69,67,74,81,71,68,94,52,84,79,79,98,93,89,104,107,108,105,102,129,111,98,133,115,116,151,137,135,104,118,100,117,130,130,135,152,114,112,111,128,106,137,121,134,123,108,119,111,141,129,108,125,131,123,104,115,128,147,170,120,125,130,112,126,147,173,127,151,127,132,112,133,141,125,136,107,146,126,121,137,138,135,127,141,148,131,118,136,135,176,128,140,172,138,136,154,132,142,118,130,138,126,156,121,99,126,119,95,98,109,103,82,96,76,68,58,49,60,42,53,29,28,32,20,22,19,8,16,9,5,7,1,3,2,2,0,2,1,0,0,0,2,0,0,0,0,0,0,0,0,0,0,0,0,0,0,0,0,0,0,0,0,0,0,0,0,0,0,0,0,0,0,0,0,0,0,0,0
78.25,0,1,0,0,0,0,0,0,0,0,0,1,0,0,0,0,0,0,0,0,0,0,0,0,0,0,0,0,1,0,0,0,1,0,0,3,0,3,1,1,1,1,1,1,0,0,0,0,1,4,2,4,2,4,1,0,1,2,1,0,1,3,0,5,1,1,3,6,13,16,10,13,12,17,7,12,16,14,13,9,20,9,18,15,12,13,19,15,22,17,25,26,26,32,16,19,25,33,18,19,25,33,28,32,26,33,33,38,46,37,55,49,68,44,52,46,40,50,45,67,56,74,88,68,72,65,73,85,78,71,83,77,82,90,92,87,113,110,118,96,109,124,104,99,137,134,104,128,135,123,100,110,106,117,120,144,132,119,126,102,106,134,106,121,108,127,141,109,111,103,141,137,103,116,128,135,105,115,135,145,163,112,129,129,107,118,147,174,126,141,139,123,116,136,139,117,127,104,150,125,123,133,130,136,127,135,147,133,117,138,133,182,128,143,170,142,136,150,132,144,116,132,140,127,155,121,99,128,121,99,96,109,103,82,96,76,68,58,49,60,42,53,31,28,32,20,22,18,8,15,9,5,7,1,3,2,2,0,2,1,0,0,0,2,0,0,0,0,0,0,0,0,0,0,0,0,0,0,0,0,0,0,0,0,0,0,0,0,0,0,0,0,0,0,0,0,0,0,0,0
78.35,0,0,0,0,1,0,0,0,0,0,0,0,0,0,0,0,0,0,0,0,0,1,0,1,0,0,0,0,0,0,0,0,0,1,0,0,0,1,1,0,2,1,2,0,1,1,3,0,1,3,1,0,1,1,1,0,4,3,1,1,1,0,2,1,2,2,1,6,11,11,9,14,13,8,6,7,17,11,13,15,17,11,18,17,16,16,24,16,14,16,22,19,21,22,18,26,27,21,23,42,31,18,22,34,29,33,35,35,34,37,36,52,37,41,47,47,58,53,67,55,65,66,75,60,67,71,78,79,69,89,65,83,96,92,100,90,113,116,121,116,100,136,112,102,124,127,119,126,138,122,112,111,99,137,136,144,116,118,133,104,105,128,109,121,114,134,143,107,115,101,123,139,116,132,143,132,101,122,138,148,168,110,129,123,112,123,153,168,128,136,130,119,129,130,143,115,123,102,138,123,119,132,129,132,127,135,155,141,117,138,133,182,134,140,172,137,137,147,128,146,115,132,137,127,160,125,101,128,117,101,96,107,101,82,98,76,68,58,47,62,42,53,31,28,32,20,22,18,8,15,9,5,7,1,3,2,2,0,2,1,0,0,0,2,0,0,0,0,0,0,0,0,0,0,0,0,0,0,0,0,0,0,0,0,0,0,0,0,0,0,0,0,0,0,0,0,0,0,0,0
78.45,0,0,0,0,0,0,0,0,0,0,0,0,0,0,0,1,0,1,0,0,0,0,0,0,0,1,1,0,1,0,0,0,0,1,1,1,0,0,1,1,0,0,2,1,0,0,1,1,3,1,1,0,1,2,3,0,0,0,1,4,1,0,2,2,2,3,0,6,4,5,9,6,10,12,10,9,14,15,9,10,10,11,15,18,10,14,18,26,28,23,14,35,26,21,19,28,31,22,32,34,44,33,30,35,30,44,43,38,45,37,41,46,48,44,55,44,65,69,65,68,66,62,81,67,65,67,67,84,73,82,65,82,85,94,101,98,96,111,112,106,104,116,117,112,126,139,128,131,145,113,104,119,113,131,164,152,128,136,128,109,121,137,106,135,112,129,139,111,127,106,132,144,119,131,136,128,102,127,144,135,178,118,123,127,110,122,162,164,126,137,138,122,127,126,144,105,123,106,144,117,123,132,127,130,125,135,153,140,116,133,132,182,130,142,172,143,137,145,128,144,115,131,138,129,158,128,101,126,117,99,95,107,101,84,98,76,68,56,47,60,42,53,31,28,32,20,22,18,8,15,9,5,7,1,3,2,2,0,2,1,0,0,0,2,0,0,0,0,0,0,0,0,0,0,0,0,0,0,0,0,0,0,0,0,0,0,0,0,0,0,0,0,0,0,0,0,0,0,0,0
78.55,1,0,0,0,0,0,0,0,0,0,0,0,0,0,0,0,0,0,0,0,0,0,0,0,1,0,0,0,0,0,0,0,0,0,0,1,0,1,1,0,0,0,2,0,2,0,1,1,2,2,2,0,1,0,1,2,1,1,0,3,3,1,2,0,2,1,3,9,7,10,15,14,12,11,11,14,17,11,9,12,14,15,13,18,20,17,20,17,25,15,22,24,25,25,29,12,19,28,31,31,27,31,36,42,37,47,28,33,38,37,35,39,40,47,48,69,66,58,62,61,55,81,61,78,66,54,70,81,91,77,79,76,74,91,101,106,91,110,117,105,111,105,112,100,142,127,107,154,139,106,113,118,114,127,148,146,122,118,129,119,117,124,103,128,119,133,144,120,116,101,135,142,129,126,131,123,100,132,138,143,178,121,130,130,116,120,149,151,125,134,139,118,130,131,139,110,126,114,140,115,132,139,127,132,125,135,152,143,123,132,131,181,130,140,170,145,137,145,127,141,117,131,140,127,158,129,98,126,117,101,93,105,101,81,99,76,70,56,47,62,42,53,31,28,32,20,22,18,8,15,9,5,7,1,3,2,2,0,2,1,0,0,0,2,0,0,0,0,0,0,0,0,0,0,0,0,0,0,0,0,0,0,0,0,0,0,0,0,0,0,0,0,0,0,0,0,0,0,0,0
78.65,0,0,0,0,0,0,0,0,0,0,0,0,1,2,0,0,0,0,0,0,0,0,0,0,0,0,0,0,0,0,2,1,0,2,0,1,3,1,1,1,1,1,1,1,0,3,0,0,0,1,1,1,3,0,1,0,1,1,0,0,1,2,0,1,2,1,3,7,8,15,10,8,13,11,5,10,15,11,17,15,7,14,14,12,13,18,14,25,19,11,23,23,35,28,20,26,28,25,37,29,38,25,38,41,36,36,35,44,43,41,60,54,57,57,43,47,48,65,57,63,64,72,68,58,70,57,67,77,84,75,100,97,94,102,110,99,93,110,114,119,111,111,114,95,113,113,105,117,151,118,108,102,106,120,130,134,112,117,118,108,127,135,110,124,115,129,129,129,123,103,130,152,128,126,120,119,112,121,129,136,177,115,122,127,116,116,136,149,142,136,129,123,134,122,137,113,129,111,140,119,134,142,126,136,125,138,151,133,123,132,135,181,126,144,172,141,136,144,125,139,117,127,140,129,164,128,99,126,115,101,93,105,97,83,101,76,70,58,47,62,44,53,31,28,32,20,22,18,8,15,9,5,7,1,3,2,2,0,2,1,0,0,0,2,0,0,0,0,0,0,0,0,0,0,0,0,0,0,0,0,0,0,0,0,0,0,0,0,0,0,0,0,0,0,0,0,0,0,0,0
78.75,0,0,0,0,0,0,0,1,0,0,0,1,0,0,0,0,0,0,0,1,0,0,0,0,0,2,0,0,0,1,0,1,1,1,0,0,1,0,1,0,0,2,0,2,1,1,2,2,1,1,1,0,2,1,2,1,1,1,1,1,4,2,7,2,2,1,2,6,11,8,8,10,10,16,9,16,11,13,14,12,20,14,13,13,19,8,19,19,18,14,28,20,32,30,15,17,31,23,32,34,27,45,36,32,40,44,30,37,28,36,38,46,45,50,49,47,59,53,67,71,63,68,64,50,68,90,61,72,63,96,91,110,85,115,101,114,106,102,110,115,118,114,129,119,106,120,103,123,136,124,105,93,112,116,123,138,114,119,118,109,106,127,113,128,116,128,125,123,118,115,126,150,124,129,123,124,104,121,127,117,164,114,129,127,109,123,139,160,130,133,124,121,130,119,143,111,138,115,141,121,144,137,125,136,129,134,151,133,119,129,138,183,128,147,165,138,133,142,125,137,115,123,141,132,163,129,101,129,114,102,92,105,98,84,101,74,70,58,47,60,44,53,31,28,32,20,22,18,8,15,8,6,7,1,3,2,2,0,2,1,0,0,0,2,0,0,0,0,0,0,0,0,0,0,0,0,0,0,0,0,0,0,0,0,0,0,0,0,0,0,0,0,0,0,0,0,0,0,0,0
78.85,0,0,0,0,0,0,0,0,0,1,0,0,0,0,0,0,0,0,0,0,0,0,0,1,0,0,0,0,0,0,0,0,0,1,0,0,1,2,1,0,0,1,1,2,0,0,1,3,1,2,2,2,0,0,0,0,1,3,0,0,2,0,0,0,2,1,2,10,3,9,8,7,7,14,11,10,17,12,19,9,12,14,13,14,13,23,18,22,18,19,26,25,24,23,23,26,23,29,25,28,30,35,33,23,32,33,26,41,34,48,38,50,45,44,43,54,58,62,74,58,73,71,60,62,74,91,83,56,70,83,103,106,84,95,115,102,118,99,104,123,118,102,114,115,117,111,110,127,141,133,123,98,119,126,112,122,128,115,122,105,101,121,117,127,110,132,133,135,124,114,127,121,121,135,118,121,90,116,143,114,163,109,127,121,115,132,143,161,128,134,132,132,119,121,138,117,133,111,139,124,149,129,126,137,129,139,159,136,119,129,140,179,132,150,171,138,127,142,133,141,117,123,141,134,161,129,101,127,118,104,92,102,97,84,97,74,71,58,47,60,44,53,31,28,32,20,22,18,8,15,8,6,7,1,3,2,2,0,2,1,0,0,0,2,0,0,0,0,0,0,0,0,0,0,0,0,0,0,0,0,0,0,0,0,0,0,0,0,0,0,0,0,0,0,0,0,0,0,0,0
78.95,0,0,0,0,0,0,0,0,0,0,0,0,0,0,0,0,0,0,0,0,0,0,0,0,1,0,0,0,0,1,0,2,1,1,1,1,0,0,0,0,1,1,1,3,1,1,0,1,1,1,1,0,1,2,0,2,3,3,1,0,2,1,4,2,1,2,6,4,5,5,11,13,9,10,11,12,14,18,10,12,11,12,15,12,22,19,15,21,18,18,27,28,22,33,25,22,18,25,30,37,32,35,32,46,37,45,36,35,44,43,38,47,50,55,49,40,51,71,66,61,62,63,88,55,81,80,76,79,69,84,97,98,84,93,109,101,114,115,92,119,113,111,101,120,104,121,105,120,129,114,111,104,114,120,111,120,133,116,139,124,104,126,117,130,110,136,119,123,119,102,126,144,113,134,129,137,94,117,132,126,159,104,118,117,113,118,138,158,121,134,135,139,120,116,130,125,124,110,144,127,145,130,127,135,131,137,160,130,123,135,140,178,133,152,167,132,131,139,131,142,117,125,141,134,159,128,102,128,115,106,92,102,97,84,97,74,71,58,47,62,44,53,31,28,32,20,22,18,8,15,8,6,7,1,3,2,2,0,2,1,0,0,0,2,0,0,0,0,0,0,0,0,0,0,0,0,0,0,0,0,0,0,0,0,0,0,0,0,0,0,0,0,0,0,0,0,0,0,0,0
79.05,0,0,0,0,0,0,0,1,0,0,0,0,0,0,0,0,0,0,0,0,0,0,0,0,0,0,0,2,0,0,1,2,1,0,0,1,0,0,0,1,0,0,2,2,2,0,4,0,1,3,0,2,1,0,0,0,1,4,0,2,2,4,1,1,4,0,4,10,7,14,8,8,4,10,10,12,12,15,14,8,11,22,20,15,20,14,21,23,10,23,25,22,30,20,22,26,27,28,26,32,33,42,36,31,37,37,49,41,33,46,38,45,45,50,49,58,61,40,69,70,72,75,67,76,78,79,79,84,66,85,96,83,88,80,95,86,109,122,103,113,108,106,104,105,103,129,102,118,132,114,106,104,104,105,105,135,148,114,129,101,96,123,122,125,104,136,126,119,120,113,132,154,116,127,143,128,90,121,130,114,153,105,142,131,118,119,132,165,130,131,128,136,120,116,134,138,123,110,147,123,141,135,125,141,131,137,168,127,121,135,143,176,130,150,163,130,135,140,128,144,119,123,145,132,155,126,104,126,113,104,92,102,97,86,97,74,71,58,47,62,44,53,31,26,32,20,22,16,8,13,10,6,7,1,3,2,2,0,2,1,0,0,0,2,0,0,0,0,0,0,0,0,0,0,0,0,0,0,0,0,0,0,0,0,0,0,0,0,0,0,0,0,0,0,0,0,0,0,0,0
79.15,0,0,0,0,0,0,0,0,0,0,0,1,1,0,0,0,0,0,0,0,0,0,0,0,0,1,0,2,0,1,1,0,1,0,0,2,0,0,0,2,0,2,0,1,0,4,0,1,1,1,0,2,2,2,0,3,0,2,0,3,1,2,0,1,0,0,0,4,8,8,10,9,7,18,9,7,17,12,13,15,15,16,17,19,20,13,16,17,26,30,21,22,30,23,28,30,24,27,22,30,20,28,27,41,34,30,46,36,39,54,62,35,49,48,38,62,64,48,62,75,71,66,72,79,86,76,89,64,84,86,99,88,109,86,93,108,91,106,107,123,105,114,96,126,110,119,103,128,119,136,105,111,97,99,125,139,129,118,126,101,103,118,150,143,108,134,125,122,126,125,137,138,121,121,139,124,90,123,143,133,160,102,136,137,123,122,138,153,141,132,128,137,131,115,134,131,126,108,151,121,145,131,125,139,133,134,170,128,127,135,143,187,131,146,163,130,135,138,128,140,117,125,143,134,155,126,104,128,113,104,92,102,96,84,97,74,71,58,47,62,44,53,31,26,32,20,22,16,8,13,10,6,7,1,3,2,2,0,2,1,0,0,0,2,0,0,0,0,0,0,0,0,0,0,0,0,0,0,0,0,0,0,0,0,0,0,0,0,0,0,0,0,0,0,0,0,0,0,0,0
79.25,0,0,0,0,0,1,0,0,0,0,0,0,0,0,0,0,0,0,0,1,0,0,0,0,0,0,1,0,0,0,0,0,1,1,0,0,0,0,1,0,1,0,0,1,0,1,1,0,1,1,0,1,1,0,1,0,2,1,1,0,1,0,5,2,0,1,2,8,6,5,5,6,7,10,9,12,14,21,13,7,16,15,15,14,11,15,17,14,19,26,23,16,29,29,23,27,23,25,25,31,25,36,25,35,27,31,27,39,39,40,42,45,61,55,56,48,49,51,82,55,73,61,67,66,86,94,62,76,91,90,95,95,99,83,93,96,89,87,98,107,121,117,79,134,102,106,107,119,112,118,130,111,113,104,120,119,130,120,133,98,100,125,117,159,116,136,118,119,142,117,140,139,124,117,107,145,90,125,136,129,160,106,128,132,124,124,146,165,134,134,130,139,144,118,130,145,122,110,153,128,148,129,129,136,130,135,171,131,125,133,147,187,127,143,165,130,137,135,125,141,114,125,141,132,155,125,103,130,115,104,92,100,98,84,97,75,71,58,47,64,44,51,31,28,30,20,22,16,8,13,10,6,7,1,3,2,2,0,2,1,0,0,0,2,0,0,0,0,0,0,0,0,0,0,0,0,0,0,0,0,0,0,0,0,0,0,0,0,0,0,0,0,0,0,0,0,0,0,0,0
79.35,0,0,0,0,0,0,0,0,0,0,0,1,0,0,0,0,0,0,0,0,0,0,0,0,1,0,0,0,0,0,1,1,1,1,0,4,2,0,1,0,1,2,0,1,0,0,0,3,4,2,0,1,1,1,1,2,0,0,2,0,0,2,0,0,2,3,1,8,8,10,8,6,10,13,14,15,12,20,14,13,18,16,16,15,28,17,24,22,22,25,22,22,21,28,41,24,31,19,27,24,24,39,33,36,33,38,41,43,38,27,44,33,49,54,56,49,60,55,57,56,65,69,74,74,77,72,75,74,81,96,89,83,104,80,81,98,93,82,85,101,128,115,92,119,119,105,112,109,128,108,119,109,109,105,112,127,119,113,124,99,102,134,99,138,121,136,118,118,142,112,116,127,132,135,106,126,90,123,140,132,153,105,126,132,128,118,141,169,130,138,130,138,150,124,129,141,119,110,159,133,147,131,125,136,130,135,177,127,125,136,142,185,133,145,165,132,139,142,127,139,114,127,141,133,152,125,99,130,115,104,96,100,98,84,99,75,71,58,47,64,44,51,31,28,30,20,22,16,8,13,10,6,7,1,3,2,2,0,2,1,0,0,0,2,0,0,0,0,0,0,0,0,0,0,0,0,0,0,0,0,0,0,0,0,0,0,0,0,0,0,0,0,0,0,0,0,0,0,0,0
79.45,0,0,1,0,0,0,0,0,0,0,0,0,0,0,0,0,0,0,1,0,0,0,0,0,0,0,0,0,1,0,1,1,0,0,2,0,0,0,2,0,1,0,1,0,0,0,1,3,0,0,0,0,1,0,1,1,2,1,1,1,3,0,0,2,7,3,3,8,7,13,14,11,7,21,14,8,15,9,12,21,16,16,11,26,16,14,16,15,20,18,19,18,29,21,27,27,32,29,30,23,32,41,31,35,41,34,44,40,53,46,44,46,55,34,34,43,65,64,53,54,67,74,72,86,69,64,87,80,77,91,81,113,77,92,86,93,107,77,74,97,114,117,92,114,106,90,105,117,120,120,107,115,95,99,125,130,118,121,115,109,95,140,111,137,127,117,124,112,123,111,112,127,127,116,112,120,91,124,142,145,154,105,135,125,151,125,134,163,136,132,134,128,155,123,135,145,121,114,159,147,151,135,125,136,130,133,175,115,124,136,144,182,133,148,166,135,139,146,127,140,113,127,141,131,154,125,99,128,113,108,96,102,98,86,95,77,74,58,49,64,44,51,31,28,30,20,22,16,8,13,10,6,7,1,3,2,2,0,2,1,0,0,0,2,0,0,0,0,0,0,0,0,0,0,0,0,0,0,0,0,0,0,0,0,0,0,0,0,0,0,0,0,0,0,0,0,0,0,0,0
79.55,0,0,1,0,0,0,0,0,0,0,0,0,0,0,0,0,0,0,0,2,2,0,0,0,1,1,0,0,1,0,0,2,1,1,0,0,0,1,0,0,0,0,0,2,1,2,0,3,1,2,1,1,0,2,1,1,3,2,0,2,1,1,0,1,2,1,1,5,7,15,17,10,19,10,8,11,10,9,16,17,13,17,14,13,7,19,17,19,20,23,18,19,32,24,21,24,25,27,35,24,28,31,35,30,23,35,46,46,42,47,45,58,53,48,40,50,43,59,70,54,70,75,71,62,81,68,79,75,91,88,74,95,79,109,78,101,104,83,82,103,110,112,88,110,116,111,104,109,123,114,120,116,97,98,113,130,133,108,111,104,110,139,117,133,126,118,119,116,120,125,125,133,132,108,112,111,111,128,140,151,151,103,123,125,156,133,132,158,138,134,136,130,158,122,138,148,126,112,163,154,146,137,125,132,129,135,171,115,122,134,148,188,133,150,166,137,143,144,121,140,116,126,139,129,146,125,101,130,113,106,98,104,98,86,95,77,74,60,49,64,44,51,31,28,30,20,22,16,8,13,10,6,7,1,3,2,2,0,2,1,0,0,0,2,0,0,0,0,0,0,0,0,0,0,0,0,0,0,0,0,0,0,0,0,0,0,0,0,0,0,0,0,0,0,0,0,0,0,0,0
79.65,0,0,0,0,0,0,0,0,0,0,0,0,1,0,0,0,0,0,1,0,0,0,0,0,0,0,0,0,1,1,0,1,0,1,0,0,0,0,0,1,2,0,3,0,1,2,0,2,1,2,0,1,2,1,1,1,0,0,1,3,2,0,0,3,1,0,1,10,7,8,7,6,6,11,15,7,20,9,15,13,16,16,16,19,14,18,18,22,18,23,19,16,20,25,21,21,27,22,33,34,41,32,33,39,30,32,44,47,34,34,57,39,61,62,52,43,49,50,61,68,69,52,82,66,68,69,86,76,88,86,92,87,103,106,81,88,100,89,91,98,87,107,106,103,103,99,106,109,122,114,127,116,90,114,104,143,132,114,111,101,101,129,117,129,135,120,116,119,116,123,123,134,142,112,109,122,144,124,152,138,150,99,134,122,148,135,135,155,138,138,138,127,173,130,134,143,126,111,164,152,143,135,125,138,135,142,171,118,122,134,149,187,131,148,165,135,143,146,125,142,114,122,139,131,148,127,102,129,113,106,98,104,100,84,95,77,76,60,49,64,44,49,31,28,30,20,22,16,8,13,10,6,7,1,3,2,2,0,2,1,0,0,0,2,0,0,0,0,0,0,0,0,0,0,0,0,0,0,0,0,0,0,0,0,0,0,0,0,0,0,0,0,0,0,0,0,0,0,0,0
79.75,0,0,0,0,0,0,0,1,0,0,0,0,0,0,0,1,0,2,1,0,0,0,1,0,0,0,0,0,0,0,0,0,1,0,1,0,0,0,0,1,1,0,1,2,0,1,1,0,2,2,1,3,0,0,2,1,0,1,0,2,0,3,2,2,0,1,2,4,5,9,13,11,5,21,12,10,11,8,6,17,16,12,16,17,11,18,23,28,14,12,22,20,19,20,24,23,34,24,30,26,42,28,35,42,39,29,49,44,35,44,53,48,45,47,42,59,60,59,74,52,79,65,66,83,63,68,85,91,85,74,90,80,97,108,83,96,98,77,88,91,84,103,100,90,118,88,122,109,125,112,112,121,85,110,109,142,113,122,96,110,99,120,104,133,121,121,109,122,125,119,112,146,157,113,121,120,142,127,165,132,143,100,136,129,151,125,141,171,129,133,148,122,168,128,131,143,126,119,164,152,143,131,123,134,133,142,166,123,124,134,146,190,133,146,165,131,140,150,124,143,115,120,137,134,145,127,102,131,111,106,98,104,100,84,95,75,74,60,49,64,44,49,31,28,30,20,22,16,8,13,10,6,7,1,3,2,2,0,2,1,0,0,0,2,0,0,0,0,0,0,0,0,0,0,0,0,0,0,0,0,0,0,0,0,0,0,0,0,0,0,0,0,0,0,0,0,0,0,0,0
79.85,0,0,0,0,0,0,0,0,1,0,0,0,0,0,0,0,0,0,0,0,0,0,0,0,0,1,0,1,0,1,1,0,0,1,0,0,0,1,0,2,0,0,0,2,0,1,1,2,1,1,0,0,1,3,1,1,0,1,0,6,1,2,1,4,1,4,0,5,7,6,10,8,8,14,8,18,11,15,15,15,11,11,16,13,25,17,7,15,27,18,18,18,15,29,22,27,23,34,29,19,29,29,32,35,33,31,43,44,43,43,40,42,42,68,47,54,56,49,46,69,75,54,83,65,64,68,92,91,74,84,99,77,105,111,89,85,96,84,83,98,104,96,91,97,119,93,126,119,115,104,140,106,85,124,103,124,121,136,103,110,98,123,120,133,119,131,121,114,140,115,111,138,168,111,109,124,114,119,158,122,146,103,136,121,133,124,142,174,127,131,143,127,158,123,132,143,126,120,166,152,140,132,122,138,137,140,170,119,132,137,145,186,133,151,162,129,140,150,122,141,113,122,137,136,145,129,102,131,111,108,98,104,98,84,95,75,74,60,49,64,42,49,31,28,30,20,24,16,8,13,10,6,7,1,3,2,2,0,2,1,0,0,0,2,0,0,0,0,0,0,0,0,0,0,0,0,0,0,0,0,0,0,0,0,0,0,0,0,0,0,0,0,0,0,0,0,0,0,0,0
79.95,0,0,0,0,0,0,0,0,0,0,0,0,0,0,0,0,0,0,0,0,0,0,0,1,1,0,0,0,0,1,1,2,0,0,1,0,0,2,1,0,1,0,0,1,0,1,2,0,0,1,0,3,0,2,0,0,4,3,0,1,0,1,2,1,1,1,1,4,7,7,10,8,9,11,12,12,13,12,11,13,16,16,15,13,13,17,15,20,15,11,19,19,18,17,23,22,27,30,28,28,38,34,35,41,40,32,32,40,42,38,32,40,49,44,63,58,50,50,62,60,51,72,78,68,76,80,89,77,77,88,75,97,104,95,99,87,103,101,81,94,107,92,104,95,98,120,123,108,123,121,116,97,81,123,118,128,107,121,98,106,104,119,97,124,115,125,112,109,125,113,115,151,138,109,107,121,102,126,162,117,139,97,131,130,131,125,141,180,130,139,142,129,149,126,128,133,124,115,163,157,127,132,122,133,138,145,168,117,129,140,152,184,129,149,162,133,136,149,125,141,113,122,137,142,147,129,102,131,111,108,98,104,100,84,89,77,74,60,49,64,42,49,31,28,30,20,24,16,8,13,10,6,7,1,3,2,2,0,2,1,0,0,0,2,0,0,0,0,0,0,0,0,0,0,0,0,0,0,0,0,0,0,0,0,0,0,0,0,0,0,0,0,0,0,0,0,0,0,0,0
80.05,0,0,1,0,0,0,0,0,0,0,0,0,1,0,0,2,0,1,0,1,0,1,0,0,0,0,1,0,0,1,0,1,1,0,0,0,0,1,1,0,0,0,0,1,0,0,0,0,1,0,2,2,1,0,2,0,1,0,0,2,1,1,1,3,1,0,0,3,10,6,7,11,5,13,11,13,11,16,10,13,17,11,16,9,21,16,15,19,15,21,25,19,25,22,27,27,22,31,25,28,24,33,36,42,32,37,33,42,45,33,34,46,50,49,46,47,56,55,65,60,69,70,77,93,76,65,76,74,93,74,78,100,99,96,97,97,97,94,108,87,94,92,115,97,103,93,114,115,111,105,116,106,86,118,122,126,101,111,93,107,100,121,97,123,133,136,110,106,121,105,111,148,141,110,115,121,92,140,168,117,136,105,136,115,142,126,137,173,130,124,161,130,133,128,126,137,120,110,162,152,128,132,125,135,131,147,166,119,129,140,148,176,124,147,163,135,136,147,124,143,114,120,137,142,147,125,100,129,111,108,100,102,100,84,89,79,72,60,47,62,42,49,31,28,30,20,24,16,8,13,10,6,7,1,3,2,2,0,2,1,0,0,0,2,0,0,0,0,0,0,0,0,0,0,0,0,0,0,0,0,0,0,0,0,0,0,0,0,0,0,0,0,0,0,0,0,0,0,0,0
80.15,0,0,1,0,0,0,0,0,0,0,0,0,0,0,0,0,0,0,1,0,0,0,0,0,0,0,0,1,0,1,0,0,0,0,1,1,2,2,0,3,1,0,1,0,2,1,2,2,0,1,1,2,3,2,2,0,2,3,5,1,0,0,0,2,4,1,5,4,8,7,14,15,13,12,9,12,10,15,14,16,17,20,17,9,20,26,15,8,14,15,21,25,22,17,28,28,26,25,23,22,29,30,19,36,42,28,38,42,30,38,44,55,50,43,50,49,66,56,52,59,63,76,75,74,100,76,76,76,91,77,72,82,100,99,109,88,88,78,112,80,101,83,104,100,102,91,118,108,114,112,109,106,96,110,115,117,100,118,102,105,99,142,96,129,139,134,108,107,115,112,111,124,122,112,109,125,91,135,142,112,142,106,137,113,142,124,132,178,136,129,169,128,131,126,126,130,125,105,163,151,127,137,124,135,135,142,164,119,125,137,145,174,128,149,163,139,136,147,124,141,112,120,136,141,147,122,95,133,115,108,100,102,100,84,89,77,72,62,47,62,42,49,31,28,30,20,24,16,8,13,12,6,7,1,3,2,2,0,2,1,0,0,0,2,0,0,0,0,0,0,0,0,0,0,0,0,0,0,0,0,0,0,0,0,0,0,0,0,0,0,0,0,0,0,0,0,0,0,0,0
80.25,0,0,0,0,0,0,0,0,0,0,0,0,0,0,0,0,0,0,0,0,1,1,1,1,1,1,0,0,0,0,0,1,0,0,0,0,0,1,1,0,0,1,0,1,3,1,1,3,3,1,1,3,0,1,0,1,0,4,0,0,1,1,1,2,1,0,2,4,8,8,8,9,12,6,9,12,9,15,13,15,13,23,12,13,16,18,16,19,23,19,18,15,18,15,30,24,26,22,32,38,29,22,36,35,27,33,39,41,38,47,55,41,46,63,69,52,43,60,60,73,62,64,88,81,86,77,77,72,77,75,93,88,95,93,102,96,78,95,112,76,100,84,108,96,94,90,121,111,100,104,110,119,103,119,92,122,108,116,96,107,102,133,100,129,125,145,107,109,122,101,111,138,125,109,113,109,89,119,141,111,133,101,122,116,142,122,129,173,133,127,164,116,135,119,133,128,117,104,160,149,129,134,119,131,135,146,160,125,123,135,143,168,130,147,165,141,138,149,122,131,112,119,135,141,150,123,91,128,117,106,100,100,100,82,89,77,72,62,47,60,42,49,31,28,30,20,24,16,8,13,12,6,7,1,3,2,2,0,2,1,0,0,0,2,0,0,0,0,0,0,0,0,0,0,0,0,0,0,0,0,0,0,0,0,0,0,0,0,0,0,0,0,0,0,0,0,0,0,0,0
80.35,0,0,0,0,0,0,0,0,0,0,0,0,0,1,0,1,0,0,1,0,0,0,1,0,0,0,0,0,1,0,1,0,0,0,2,0,1,0,0,2,2,0,2,2,3,0,2,0,3,3,1,0,0,2,1,1,2,0,0,3,1,0,2,3,2,1,1,6,4,6,8,6,13,7,11,9,14,9,15,10,9,13,13,15,13,21,13,18,23,17,20,20,19,39,17,22,17,21,27,24,31,28,25,33,33,34,28,25,35,30,57,52,55,56,48,59,53,49,57,66,56,51,69,82,67,81,75,73,73,72,78,95,95,102,94,108,66,97,98,83,91,89,100,105,97,82,128,120,102,121,104,98,90,107,99,120,121,97,103,111,106,142,102,125,136,137,104,104,122,107,125,126,127,108,111,117,94,116,138,113,135,99,126,120,137,119,130,170,131,130,170,120,134,117,133,128,115,104,153,146,133,136,117,135,139,145,155,125,122,140,145,168,132,149,165,143,137,148,122,131,114,121,135,145,148,119,91,128,117,105,100,100,98,82,87,73,72,62,47,60,42,49,31,30,30,20,24,16,8,14,11,6,7,1,3,2,2,0,2,1,0,0,0,2,0,0,0,0,0,0,0,0,0,0,0,0,0,0,0,0,0,0,0,0,0,0,0,0,0,0,0,0,0,0,0,0,0,0,0,0
80.45,0,0,0,1,0,0,1,1,0,0,0,0,0,0,0,0,0,1,0,0,2,1,0,2,0,0,0,0,0,0,0,0,0,1,0,0,2,0,0,0,1,0,0,0,1,1,1,1,2,3,3,1,1,2,0,0,2,1,4,1,0,0,0,2,0,3,2,8,6,10,9,10,3,10,9,8,13,11,9,14,12,10,8,14,10,22,12,20,19,16,15,20,20,16,19,22,26,34,31,32,26,34,26,34,22,38,48,31,37,43,37,42,42,52,57,50,46,56,54,49,47,61,66,56,76,73,80,69,72,74,77,89,84,90,101,109,85,99,107,85,97,93,100,104,93,87,114,116,103,126,106,86,97,109,90,129,129,95,128,108,110,127,101,144,145,126,120,96,119,102,126,132,121,110,111,116,92,122,140,114,129,96,127,117,137,119,134,158,131,133,161,116,137,118,133,128,116,108,159,143,125,132,121,139,133,141,155,124,123,138,147,172,130,151,171,141,133,148,124,131,116,125,137,149,150,119,91,128,117,101,100,100,98,82,89,73,72,62,47,60,42,49,31,30,28,20,24,16,8,14,11,6,7,1,3,2,2,0,2,1,0,0,0,2,0,0,0,0,0,0,0,0,0,0,0,0,0,0,0,0,0,0,0,0,0,0,0,0,0,0,0,0,0,0,0,0,0,0,0,0
80.55,0,0,0,0,0,0,0,0,0,0,0,0,0,0,0,0,0,0,0,0,0,0,1,0,0,0,1,1,0,0,0,1,0,0,2,0,3,1,1,1,1,1,0,0,1,1,1,0,0,2,3,0,2,0,2,1,0,2,3,1,2,0,0,0,2,2,5,8,8,13,10,7,7,3,10,10,9,6,12,9,10,15,17,19,14,15,12,26,13,17,22,23,26,21,22,24,19,19,26,26,30,43,30,34,28,31,40,34,37,36,38,48,49,45,47,45,52,46,59,61,58,62,59,79,71,78,75,87,76,72,89,100,77,78,105,110,80,96,100,88,94,82,90,102,95,99,112,107,101,114,112,85,98,105,92,112,129,92,112,107,108,122,94,139,124,119,124,94,117,99,122,133,114,115,113,120,87,121,121,108,131,107,135,116,111,123,140,150,132,132,149,112,143,122,133,125,116,106,161,147,119,134,123,138,134,141,155,122,123,140,151,174,130,151,170,136,135,148,126,131,118,123,137,145,146,117,89,128,118,101,99,100,98,82,88,73,72,62,49,60,42,49,31,30,28,18,24,16,8,14,11,6,7,1,3,2,2,0,2,1,0,0,0,2,0,0,0,0,0,0,0,0,0,0,0,0,0,0,0,0,0,0,0,0,0,0,0,0,0,0,0,0,0,0,0,0,0,0,0,0
80.65,0,0,0,0,0,0,0,0,0,1,0,0,0,0,0,0,0,1,0,1,0,0,1,0,0,0,0,0,0,0,1,1,0,0,1,0,0,1,0,2,1,0,0,0,1,1,1,1,1,3,0,2,1,5,1,2,1,2,2,4,0,0,0,0,2,0,2,7,4,9,6,7,11,9,16,6,9,10,15,16,24,12,14,17,16,19,22,15,26,20,25,26,20,24,21,16,23,20,34,30,46,22,29,33,37,35,44,38,34,40,50,47,52,33,38,53,50,54,47,66,48,67,68,74,68,77,80,80,75,85,68,82,66,79,95,86,96,98,89,99,88,73,109,106,91,93,105,103,109,98,116,83,96,108,103,104,109,85,92,103,92,115,99,125,134,129,115,99,119,100,127,122,126,109,115,116,90,129,118,112,133,107,124,113,117,120,142,155,135,137,141,122,141,118,130,123,121,110,155,151,115,134,123,136,132,143,157,124,119,138,145,176,129,150,170,134,135,148,122,131,118,123,137,145,146,117,89,130,118,103,101,104,98,82,88,73,72,62,49,58,44,49,31,30,28,18,24,16,8,14,11,6,7,1,3,2,2,0,2,1,0,0,0,2,0,0,0,0,0,0,0,0,0,0,0,0,0,0,0,0,0,0,0,0,0,0,0,0,0,0,0,0,0,0,0,0,0,0,0,0
80.75,0,0,0,0,0,0,0,0,0,0,0,1,0,1,0,0,0,0,0,1,0,0,0,0,1,1,0,0,0,1,0,0,2,0,1,1,2,1,1,1,2,1,1,1,2,1,0,0,1,0,1,0,0,1,0,0,1,0,2,1,1,3,1,0,1,1,0,3,3,5,4,9,5,16,11,9,8,22,13,13,17,14,25,10,16,13,18,22,12,26,25,25,26,14,36,28,20,22,32,29,37,36,40,24,29,36,28,32,33,38,43,34,40,48,44,46,59,47,70,64,50,69,77,67,60,69,87,77,79,70,72,65,67,86,99,89,102,78,91,89,91,91,115,111,82,99,101,117,119,93,106,97,94,111,109,105,106,93,98,102,100,117,96,125,144,123,127,94,121,101,123,139,132,110,114,114,87,124,123,106,123,106,125,116,120,112,135,150,130,133,154,121,143,116,132,121,116,109,155,141,116,133,124,132,122,137,156,122,115,144,145,168,133,147,167,136,135,144,126,131,122,127,139,141,146,117,87,132,118,103,103,106,98,82,88,73,72,64,49,58,44,49,31,30,28,18,24,16,8,14,11,6,7,1,3,2,2,0,2,1,0,0,0,2,0,0,0,0,0,0,0,0,0,0,0,0,0,0,0,0,0,0,0,0,0,0,0,0,0,0,0,0,0,0,0,0,0,0,0,0
80.85,0,0,0,0,0,0,0,0,0,0,0,0,0,0,0,0,0,0,0,0,0,0,2,0,0,0,0,1,0,0,1,1,0,0,0,1,1,0,0,1,1,2,0,0,1,1,2,1,1,0,2,1,1,0,0,2,0,2,0,3,0,2,2,1,0,1,2,8,11,9,7,6,8,13,5,17,11,14,14,11,11,11,12,11,17,16,22,18,14,25,20,12,14,18,26,28,30,28,14,28,37,31,30,34,32,26,39,42,44,45,45,37,42,42,43,50,61,71,45,68,54,76,72,57,64,68,79,79,88,68,74,61,68,81,80,98,97,95,99,97,93,82,98,96,94,104,108,97,122,97,109,98,97,102,111,99,96,90,97,98,109,113,93,134,137,124,133,101,120,109,117,143,136,118,112,115,86,134,125,110,132,113,121,120,124,120,133,150,128,131,154,129,139,114,128,129,124,103,145,136,116,133,123,128,127,139,158,122,119,146,149,169,130,149,167,138,135,144,120,133,122,125,139,143,146,117,89,136,118,103,103,106,98,82,88,73,72,64,49,58,45,48,31,30,28,18,24,16,8,14,11,6,7,1,3,2,2,0,2,1,0,0,0,2,0,0,0,0,0,0,0,0,0,0,0,0,0,0,0,0,0,0,0,0,0,0,0,0,0,0,0,0,0,0,0,0,0,0,0,0
80.95,0,0,0,0,0,0,0,0,0,0,0,0,0,0,0,0,0,0,0,1,0,1,0,1,1,0,0,1,0,1,0,0,0,1,0,0,0,0,4,0,1,0,0,1,0,1,0,1,0,1,1,3,1,0,2,0,1,2,0,3,2,4,0,2,3,0,0,2,4,11,4,10,9,6,12,11,14,7,13,18,10,17,17,23,27,20,23,21,23,12,15,22,23,23,20,20,22,27,25,28,27,37,28,35,37,47,46,22,38,33,45,56,47,40,44,53,46,51,65,53,61,79,52,59,66,65,84,78,81,86,75,62,68,82,86,102,85,98,109,102,90,86,92,99,105,126,98,98,126,95,117,98,100,104,121,97,95,99,105,99,110,121,93,127,116,110,123,98,119,109,115,122,131,119,112,120,91,140,114,117,140,116,121,123,115,120,130,156,136,137,146,133,149,113,131,131,126,101,141,134,120,131,123,131,128,135,154,122,119,141,148,169,130,151,165,131,135,141,122,135,122,121,143,145,146,117,87,136,118,103,105,106,98,82,86,73,72,62,49,56,45,48,33,30,28,18,24,16,8,14,11,6,7,1,3,2,2,0,2,1,0,0,0,2,0,0,0,0,0,0,0,0,0,0,0,0,0,0,0,0,0,0,0,0,0,0,0,0,0,0,0,0,0,0,0,0,0,0,0,0
81.05,0,0,1,0,0,0,0,0,0,0,0,0,0,0,0,0,0,0,0,1,0,0,0,0,1,0,0,1,0,0,0,1,0,0,0,1,1,0,3,0,0,1,1,1,2,3,0,0,2,1,2,3,0,0,1,0,3,1,1,2,0,0,2,1,2,1,1,5,10,6,8,10,13,12,13,8,12,9,11,8,16,17,13,9,15,22,17,22,27,20,24,19,21,18,30,28,23,32,30,24,34,29,29,36,28,36,33,33,46,48,43,43,31,46,58,48,39,49,50,61,65,49,69,64,69,67,58,68,86,77,65,72,80,86,81,96,76,74,124,107,95,81,96,103,103,108,91,112,128,109,117,97,92,136,128,98,107,115,101,97,99,121,90,115,131,119,118,105,123,110,115,124,122,121,111,138,87,123,121,110,127,114,123,121,120,117,135,148,129,143,143,125,134,108,135,127,132,101,147,128,116,135,125,137,126,133,154,118,126,147,142,162,130,146,168,131,137,141,120,133,118,119,139,140,146,118,87,136,123,102,101,106,98,84,86,73,70,62,49,56,45,48,33,28,28,18,24,16,8,14,11,6,7,1,3,2,2,0,2,1,0,0,0,2,0,0,0,0,0,0,0,0,0,0,0,0,0,0,0,0,0,0,0,0,0,0,0,0,0,0,0,0,0,0,0,0,0,0,0,0
81.15,0,0,0,0,0,0,1,0,0,0,0,0,0,0,1,0,0,0,0,0,0,0,0,0,0,0,1,0,0,1,0,1,0,1,0,0,0,1,2,1,1,2,2,0,1,1,3,0,0,0,1,0,0,1,2,2,1,0,1,1,1,2,1,1,1,3,2,6,7,9,10,6,10,7,10,12,14,16,10,14,16,17,13,12,15,14,19,14,21,17,19,9,19,17,17,21,20,24,38,31,22,33,31,45,29,44,37,45,40,31,45,39,51,53,39,52,55,39,58,55,65,55,70,76,72,61,72,75,85,80,67,72,92,83,92,97,92,81,107,95,84,98,87,99,105,102,92,96,129,101,108,101,94,119,135,91,110,115,96,100,100,119,92,118,135,109,115,91,119,95,120,126,130,117,115,129,88,114,109,120,123,107,123,121,121,118,141,157,139,143,150,132,122,108,136,125,125,103,147,124,113,134,122,137,127,132,156,116,124,143,140,176,132,146,164,133,137,141,122,135,116,119,137,138,146,118,87,136,123,102,103,106,98,84,88,73,68,60,51,56,45,48,31,28,28,18,24,16,8,14,11,6,7,1,3,2,2,0,2,1,0,0,0,2,0,0,0,0,0,0,0,0,0,0,0,0,0,0,0,0,0,0,0,0,0,0,0,0,0,0,0,0,0,0,0,0,0,0,0,0
81.25,0,1,0,0,0,0,0,1,0,0,0,0,0,0,0,0,1,0,0,0,0,0,1,0,0,1,0,1,1,1,2,0,0,0,0,2,0,0,1,0,0,1,0,2,1,0,0,1,0,2,0,1,3,2,0,0,3,2,1,0,2,3,2,1,0,0,0,4,8,11,8,15,15,10,17,18,7,19,15,15,14,21,18,21,16,15,30,19,22,12,19,17,20,32,28,22,23,29,19,29,28,18,30,40,27,34,39,24,46,45,41,45,55,36,34,56,55,61,58,75,60,58,61,64,69,71,70,77,75,76,82,82,87,90,96,98,94,86,95,93,96,115,79,90,98,112,85,101,121,125,104,102,103,121,131,95,104,122,83,103,120,116,98,119,131,114,118,93,123,110,113,122,127,124,122,123,87,113,117,119,134,106,129,125,126,124,141,144,136,133,144,126,118,114,136,121,122,102,153,122,115,128,121,134,125,138,154,116,128,143,141,171,130,142,162,131,141,139,118,135,117,122,137,134,150,120,87,138,121,102,103,104,100,83,88,73,68,62,51,54,45,48,31,28,28,18,24,16,8,14,11,6,7,1,3,2,2,0,2,1,0,0,0,2,0,0,0,0,0,0,0,0,0,0,0,0,0,0,0,0,0,0,0,0,0,0,0,0,0,0,0,0,0,0,0,0,0,0,0,0
81.35,0,0,0,0,0,0,0,0,0,0,0,0,0,1,0,0,1,0,0,0,0,0,0,0,0,0,0,1,0,0,0,1,0,0,1,0,1,0,0,1,0,0,1,0,2,1,0,1,1,1,1,0,1,0,0,1,2,1,0,0,1,4,0,3,0,0,0,4,8,7,10,15,15,7,10,10,17,13,15,14,10,17,12,17,12,13,17,16,16,17,24,22,18,27,25,27,26,30,17,25,38,34,28,21,25,33,35,26,35,44,41,39,44,49,67,44,54,65,55,49,61,57,73,61,66,69,64,62,91,76,79,93,68,84,88,89,87,100,91,103,69,97,83,96,116,102,92,99,111,105,99,96,99,115,129,95,104,116,90,134,103,119,96,119,115,116,121,90,128,98,113,117,137,128,131,120,84,111,127,128,129,110,114,126,130,115,143,147,140,140,141,122,117,118,136,121,122,103,152,119,117,130,118,137,121,140,158,114,128,139,145,175,124,144,164,129,137,139,120,135,115,122,139,134,152,122,89,138,121,102,103,104,100,83,90,73,68,62,51,54,45,48,31,28,28,18,24,16,8,14,11,6,7,1,3,2,2,0,2,1,0,0,0,2,0,0,0,0,0,0,0,0,0,0,0,0,0,0,0,0,0,0,0,0,0,0,0,0,0,0,0,0,0,0,0,0,0,0,0,0
81.45,0,0,0,0,0,0,0,0,0,0,0,0,0,0,0,0,1,1,0,0,0,0,0,0,0,0,1,0,1,0,0,1,0,3,0,0,0,2,0,1,0,0,0,0,0,1,0,1,3,0,2,1,2,1,0,1,2,0,0,1,0,1,0,1,1,0,3,3,8,11,11,6,12,8,11,15,10,9,17,10,11,8,13,11,15,14,15,23,16,13,16,18,19,14,20,22,21,35,17,26,31,30,23,38,33,33,40,38,34,41,47,41,54,55,53,65,51,48,59,48,58,63,80,62,73,59,64,66,89,82,74,91,72,87,97,64,85,99,96,106,80,100,77,94,103,109,86,95,128,111,96,97,101,105,121,106,104,124,93,98,112,110,106,127,119,123,126,92,134,114,113,106,140,122,141,122,79,111,119,124,130,112,106,124,117,122,140,144,132,150,146,131,121,109,131,121,116,103,150,121,119,130,120,137,121,136,156,118,126,143,145,179,124,146,162,131,141,143,118,133,115,126,139,132,148,122,89,138,121,96,103,106,102,81,88,75,68,64,51,54,45,48,31,28,28,18,24,16,8,14,11,6,7,1,3,2,2,0,2,1,0,0,0,2,0,0,0,0,0,0,0,0,0,0,0,0,0,0,0,0,0,0,0,0,0,0,0,0,0,0,0,0,0,0,0,0,0,0,0,0
81.55,0,0,0,0,0,0,0,0,0,0,0,0,0,0,0,0,0,0,0,0,0,0,0,0,0,0,0,0,0,0,0,0,0,0,2,1,0,0,0,0,0,0,2,1,2,3,0,0,0,0,0,0,2,1,4,1,0,1,1,2,2,4,2,1,1,1,3,10,8,18,8,10,10,11,14,11,11,17,11,15,23,12,10,17,17,12,17,24,21,16,17,23,25,25,17,25,18,25,32,27,29,42,42,23,35,39,42,44,46,32,34,48,48,43,55,43,52,58,56,59,56,78,64,70,70,58,65,67,84,96,86,80,83,85,93,62,92,98,88,117,87,95,85,100,97,109,88,105,124,112,94,99,116,115,118,97,95,117,96,95,101,109,100,126,129,125,126,94,132,108,115,102,125,122,149,128,85,102,114,130,125,105,108,121,117,123,147,144,132,140,140,121,117,105,123,123,120,102,148,119,119,128,120,139,119,142,160,120,124,145,143,177,124,144,160,132,138,141,118,137,115,127,138,138,148,122,91,138,119,96,98,107,102,81,86,75,70,64,51,54,45,48,31,30,28,18,24,16,8,12,11,6,7,1,3,2,2,0,2,1,0,0,0,2,0,0,0,0,0,0,0,0,0,0,0,0,0,0,0,0,0,0,0,0,0,0,0,0,0,0,0,0,0,0,0,0,0,0,0,0
81.65,0,0,0,0,0,0,1,0,0,0,0,0,0,0,0,0,0,0,0,0,0,0,0,1,0,1,0,0,0,0,1,0,0,0,1,0,1,1,0,1,1,0,0,3,2,3,0,0,1,1,1,1,1,2,0,0,0,1,0,0,0,1,3,1,2,0,2,6,6,8,10,7,5,11,13,19,8,14,15,13,15,16,17,16,18,24,16,17,12,17,25,18,17,14,17,30,18,35,27,28,24,29,32,32,22,37,27,31,36,38,40,51,44,52,60,45,43,53,58,53,77,59,65,76,68,60,77,67,71,96,89,81,78,91,93,82,94,102,84,129,79,87,80,83,90,113,91,96,119,108,103,99,142,100,119,91,96,102,92,95,99,110,119,126,125,120,121,100,125,121,109,101,135,113,132,137,86,106,123,115,126,113,116,124,118,127,158,143,132,145,141,118,116,108,127,130,125,104,142,121,117,129,125,139,118,142,156,121,123,145,141,173,124,146,160,132,138,141,118,141,117,127,134,140,148,124,93,138,119,96,100,105,102,81,86,75,68,64,51,52,45,50,31,30,28,18,24,16,8,12,11,6,7,1,3,2,2,0,2,1,0,0,0,2,0,0,0,0,0,0,0,0,0,0,0,0,0,0,0,0,0,0,0,0,0,0,0,0,0,0,0,0,0,0,0,0,0,0,0,0
81.75,0,0,0,0,0,0,0,0,0,0,0,0,0,0,0,1,0,0,0,0,0,0,1,0,0,0,0,0,0,1,0,2,2,0,2,0,0,2,0,2,0,5,0,0,0,1,0,0,1,1,2,3,0,2,1,1,2,3,3,0,0,1,1,3,0,1,5,6,4,7,7,8,11,6,9,12,12,11,12,22,11,21,13,16,10,14,16,19,11,23,22,27,18,21,31,24,21,33,17,23,38,28,29,34,33,35,31,43,40,42,48,57,57,52,55,53,52,50,43,60,69,58,63,68,76,72,65,68,68,74,95,88,75,83,84,89,93,88,83,105,77,95,87,87,99,98,88,99,104,115,93,103,101,105,121,97,109,100,98,88,92,112,132,134,117,132,125,106,126,118,109,114,141,107,129,123,87,109,125,124,129,113,106,127,112,132,157,141,136,139,155,118,119,102,122,130,126,104,151,121,115,131,125,145,116,144,158,119,127,145,141,174,124,148,164,130,140,141,118,139,117,133,132,142,150,124,93,140,119,94,100,105,102,81,86,75,68,60,51,52,45,50,31,30,28,18,24,16,8,12,11,6,7,1,3,2,2,0,2,1,0,0,0,2,0,0,0,0,0,0,0,0,0,0,0,0,0,0,0,0,0,0,0,0,0,0,0,0,0,0,0,0,0,0,0,0,0,0,0,0
81.85,0,0,0,0,0,0,0,0,0,0,0,0,0,0,0,0,0,0,0,1,0,0,0,0,0,0,0,0,0,0,0,0,2,1,1,0,0,0,0,1,3,1,2,0,0,2,0,0,1,2,1,1,2,2,1,1,0,0,1,2,3,2,2,0,0,2,2,3,2,8,16,6,7,11,15,8,18,17,3,24,13,13,17,7,13,14,11,24,23,22,21,22,23,19,26,29,26,21,22,23,31,32,34,38,34,37,37,39,49,34,42,36,37,53,49,58,52,43,61,62,53,61,58,82,74,71,68,89,72,71,94,81,77,88,81,82,104,91,93,103,86,89,97,85,108,93,92,116,108,117,91,90,96,99,116,110,101,100,94,87,93,121,119,139,113,133,125,109,116,111,112,112,129,107,121,119,86,108,125,123,116,117,106,121,112,122,151,141,140,142,154,114,127,106,121,139,117,100,155,124,116,130,130,143,111,146,158,121,121,148,139,170,127,149,166,133,139,139,119,138,116,131,132,142,148,127,92,140,119,94,102,105,100,82,89,75,68,60,51,52,47,50,31,30,28,18,24,16,8,12,11,6,7,1,3,2,2,0,2,1,0,0,0,2,0,0,0,0,0,0,0,0,0,0,0,0,0,0,0,0,0,0,0,0,0,0,0,0,0,0,0,0,0,0,0,0,0,0,0,0
81.95,0,0,0,0,0,0,0,0,0,0,0,0,1,0,0,1,0,0,0,0,0,0,0,0,0,0,0,0,0,0,1,0,0,0,0,1,0,0,1,0,2,4,1,0,0,1,0,0,0,2,2,1,0,2,1,3,0,1,1,0,4,0,3,1,1,2,3,9,8,5,5,13,13,10,8,12,10,14,13,19,15,13,23,20,10,20,14,18,20,20,25,27,17,17,29,34,21,26,29,34,27,29,42,26,28,34,33,42,38,42,35,40,47,49,47,42,45,64,61,56,47,73,72,79,72,76,81,82,60,76,94,82,88,86,83,94,90,99,84,113,90,87,82,85,106,105,102,104,124,98,93,92,92,93,115,112,99,105,87,84,95,111,129,127,116,114,110,96,124,127,113,120,123,110,122,104,89,113,132,112,120,135,112,117,120,125,136,147,140,132,151,113,122,107,119,135,120,98,157,120,118,130,127,144,109,148,152,120,123,143,135,174,123,149,166,127,136,136,121,138,114,131,132,140,150,127,92,142,119,97,99,105,100,80,87,73,68,60,51,52,47,50,31,30,28,18,24,16,8,12,11,6,7,1,3,2,2,0,2,1,0,0,0,2,0,0,0,0,0,0,0,0,0,0,0,0,0,0,0,0,0,0,0,0,0,0,0,0,0,0,0,0,0,0,0,0,0,0,0,0
82.05,0,1,0,0,0,0,0,0,0,0,0,1,0,0,0,0,0,0,0,0,0,0,0,0,0,1,0,0,1,0,0,0,0,0,2,1,0,0,0,2,2,1,1,0,1,0,1,1,1,2,1,0,0,1,1,0,2,0,1,2,2,2,0,0,2,0,1,5,8,7,7,17,9,11,9,10,11,9,12,12,11,11,14,23,14,16,21,15,23,20,10,28,16,23,30,26,34,22,34,39,19,25,34,26,34,35,30,51,46,39,43,52,55,42,49,34,59,60,61,52,50,68,69,56,80,71,89,83,68,77,90,85,89,71,92,94,93,87,84,106,76,91,78,87,117,109,97,97,133,95,105,96,99,95,117,124,109,108,87,93,89,113,102,118,128,125,113,91,126,136,108,115,119,104,124,112,88,103,135,122,121,137,114,113,121,122,138,148,131,135,140,110,125,113,119,131,120,96,153,132,123,125,125,142,112,145,155,121,123,143,141,176,126,146,163,127,136,138,121,138,112,133,134,139,149,123,94,142,119,97,97,104,100,80,87,75,68,58,51,52,47,50,31,30,28,18,24,16,8,12,11,6,7,1,3,2,2,0,2,1,0,0,0,2,0,0,0,0,0,0,0,0,0,0,0,0,0,0,0,0,0,0,0,0,0,0,0,0,0,0,0,0,0,0,0,0,0,0,0,0
82.15,0,0,0,0,0,0,1,0,1,0,0,0,1,0,0,0,0,0,0,1,0,0,0,0,1,0,0,0,1,2,1,0,1,1,0,0,0,1,0,0,0,3,0,0,1,1,0,2,1,1,2,1,1,0,1,1,1,1,2,1,3,2,2,0,2,1,2,6,5,9,11,5,8,10,7,8,10,15,3,12,19,17,12,10,18,14,17,10,17,22,18,18,23,19,21,16,28,24,22,28,33,31,38,36,40,27,43,42,40,47,49,49,42,46,50,56,50,62,52,54,70,67,63,58,73,79,80,71,76,73,88,80,92,76,88,89,83,82,83,85,84,85,81,86,110,94,118,91,112,104,96,100,101,103,115,114,127,120,86,85,92,102,105,121,126,108,108,92,109,124,121,120,129,111,126,110,90,106,127,118,119,135,119,116,113,120,131,147,133,135,142,115,117,108,118,133,120,102,152,124,118,127,125,136,116,143,153,117,121,143,143,172,126,146,167,129,132,138,125,138,115,132,134,133,148,124,94,142,117,95,97,104,96,80,87,75,66,58,51,52,47,50,31,30,28,18,24,16,8,12,11,6,7,1,3,2,2,0,2,1,0,0,0,2,0,0,0,0,0,0,0,0,0,0,0,0,0,0,0,0,0,0,0,0,0,0,0,0,0,0,0,0,0,0,0,0,0,0,0,0
82.25,0,0,0,0,0,0,0,0,0,0,0,0,0,0,0,0,0,0,0,0,0,0,0,0,1,0,0,0,0,0,0,0,1,1,0,0,0,0,0,0,3,2,0,0,0,1,0,1,3,0,2,2,1,1,2,2,2,2,2,0,1,3,0,0,3,2,3,2,8,11,10,7,8,8,14,17,11,15,7,16,13,15,20,15,14,17,14,28,20,11,22,24,22,30,30,32,26,25,18,26,36,31,31,34,24,42,37,35,44,37,42,44,48,61,41,60,65,35,54,59,58,67,63,64,69,73,77,89,77,76,81,100,85,70,91,79,83,96,98,99,86,95,80,97,113,95,101,92,111,117,117,137,104,88,108,102,123,123,90,92,89,108,110,127,130,106,124,89,111,120,141,113,137,117,128,100,90,106,124,128,120,129,108,112,115,128,128,143,132,129,134,119,117,106,119,130,126,99,151,124,112,127,123,140,118,139,155,121,121,143,143,174,126,146,169,131,130,136,123,138,113,130,132,133,146,124,94,138,117,95,95,104,99,79,87,77,66,60,51,52,47,50,31,30,28,18,24,16,8,12,11,6,7,1,3,2,2,0,2,1,0,0,0,2,0,0,0,0,0,0,0,0,0,0,0,0,0,0,0,0,0,0,0,0,0,0,0,0,0,0,0,0,0,0,0,0,0,0,0,0
82.35,0,0,0,0,0,0,0,0,0,0,0,0,0,0,0,0,0,0,0,1,0,0,1,0,0,2,0,1,0,2,0,0,0,0,0,0,0,0,0,1,2,1,1,1,2,2,1,1,1,1,2,0,3,0,0,2,1,1,4,2,1,2,2,4,2,0,2,8,8,8,12,4,13,8,10,5,6,8,15,6,11,17,12,15,18,24,20,15,15,14,13,26,22,25,20,20,26,23,20,27,20,30,33,26,31,38,39,30,41,38,32,46,45,48,46,49,55,59,61,66,44,66,73,69,60,84,93,83,81,82,77,93,85,82,79,92,91,94,101,90,89,80,99,103,117,104,101,89,108,129,99,117,99,90,112,109,109,94,86,88,84,110,104,122,119,115,118,98,108,114,148,112,141,128,121,111,86,116,127,113,122,126,114,113,108,135,126,138,134,137,138,117,124,107,123,134,132,101,146,125,110,129,129,140,116,133,155,121,119,141,145,172,124,150,165,129,132,140,123,136,111,132,133,132,148,122,96,136,117,95,95,104,97,79,87,77,66,60,51,52,47,50,31,30,28,18,24,16,8,12,11,6,7,1,3,2,2,0,2,1,0,0,0,2,0,0,0,0,0,0,0,0,0,0,0,0,0,0,0,0,0,0,0,0,0,0,0,0,0,0,0,0,0,0,0,0,0,0,0,0
82.45,0,0,0,0,0,0,0,0,0,0,0,0,0,1,0,0,0,1,1,0,0,0,0,0,2,0,1,2,0,0,0,0,2,0,0,0,0,0,1,1,2,1,1,0,1,3,1,1,2,1,0,1,1,0,1,0,0,0,3,1,1,2,0,1,2,2,0,8,8,12,14,15,9,4,9,9,8,12,11,15,10,9,17,11,14,13,9,16,17,15,20,24,25,18,16,20,29,27,21,26,25,36,31,30,29,41,34,47,46,43,34,43,52,47,51,46,63,64,66,41,59,58,68,59,70,91,90,82,85,74,79,92,90,75,72,86,92,91,97,76,86,79,89,88,120,103,115,81,107,115,93,104,103,96,111,113,108,88,108,96,82,112,102,116,120,128,128,94,115,114,143,120,136,111,123,107,85,117,128,107,122,124,116,112,108,137,123,145,126,135,147,116,113,104,124,130,118,99,146,121,111,126,127,142,116,135,151,125,123,139,148,169,126,152,167,125,136,138,121,134,109,130,129,132,148,120,96,134,117,93,95,104,97,79,89,77,66,60,51,52,47,50,31,30,28,18,24,16,8,12,11,6,7,1,3,4,2,0,2,1,0,0,0,2,0,0,0,0,0,0,0,0,0,0,0,0,0,0,0,0,0,0,0,0,0,0,0,0,0,0,0,0,0,0,0,0,0,0,0,0
82.55,0,0,0,0,0,0,0,0,0,0,0,0,1,0,0,0,0,0,0,1,0,0,0,1,0,0,0,0,0,2,1,0,0,0,0,1,0,0,1,0,1,1,0,0,0,1,1,1,0,0,2,2,0,2,2,1,1,3,1,1,2,1,0,5,1,3,2,3,9,7,9,4,11,14,11,7,13,12,6,12,12,7,21,18,17,16,18,19,20,15,12,24,26,30,26,28,14,27,17,30,33,37,25,19,28,40,37,36,34,33,60,43,62,47,49,48,49,54,43,67,59,50,56,68,73,83,101,68,78,81,75,99,81,78,78,92,96,88,95,69,82,87,89,92,107,119,117,100,94,111,85,95,104,101,98,123,104,99,98,85,85,114,104,104,111,121,115,103,114,135,128,124,135,105,112,107,84,117,122,112,126,118,115,111,114,129,139,143,130,130,147,120,123,102,127,127,118,102,147,123,115,125,124,143,113,139,153,121,125,147,148,171,124,152,169,127,136,134,115,134,109,128,131,132,150,122,98,132,117,93,93,104,97,79,91,77,66,60,51,54,47,50,31,30,28,18,24,16,8,12,11,6,7,1,3,4,2,0,2,1,0,0,0,2,0,0,0,0,0,0,0,0,0,0,0,0,0,0,0,0,0,0,0,0,0,0,0,0,0,0,0,0,0,0,0,0,0,0,0,0
82.65,0,0,0,0,0,0,0,0,0,0,0,0,0,0,0,0,0,1,0,0,0,0,0,0,0,0,0,1,0,0,0,1,0,0,0,0,0,0,1,0,1,0,2,1,1,0,1,0,1,0,0,2,2,1,2,0,1,0,0,0,1,2,0,0,2,1,0,2,8,6,7,8,6,14,10,12,10,11,10,11,12,11,12,22,25,18,13,22,22,12,18,14,17,26,22,17,23,35,28,32,25,30,34,31,25,29,34,41,45,47,54,36,39,51,39,43,59,54,48,62,66,51,62,63,89,79,89,77,78,83,58,101,85,80,78,83,81,92,100,77,77,98,91,98,99,98,110,93,90,100,94,102,92,101,99,108,113,99,89,96,80,108,116,105,114,128,113,108,110,139,128,108,123,111,112,106,86,115,128,119,128,119,120,111,112,113,129,151,132,134,141,117,123,104,119,133,118,104,147,123,119,128,125,141,113,135,153,121,124,152,143,169,128,153,166,129,134,140,115,134,109,130,129,134,146,124,100,134,117,95,93,108,97,81,91,77,64,60,51,56,47,50,31,30,28,18,24,16,8,12,11,6,7,1,3,4,2,0,2,1,0,0,0,2,0,0,0,0,0,0,0,0,0,0,0,0,0,0,0,0,0,0,0,0,0,0,0,0,0,0,0,0,0,0,0,0,0,0,0,0
82.75,0,0,0,0,0,0,0,0,0,0,0,0,0,0,0,0,0,0,1,0,0,0,1,0,0,0,0,0,0,0,0,0,0,0,0,0,0,1,0,0,0,2,0,0,2,2,0,2,0,2,0,0,3,2,1,0,1,1,1,1,1,1,3,3,1,3,1,9,2,6,9,8,8,4,11,9,16,14,19,5,12,8,15,10,12,16,10,18,18,18,31,16,20,10,19,18,15,23,20,20,21,27,29,30,35,42,42,38,45,37,42,40,39,49,46,46,40,54,72,49,61,59,68,56,75,86,84,80,70,77,69,82,102,81,78,81,104,85,87,74,81,95,80,111,101,111,124,85,92,97,89,106,91,110,100,115,125,95,90,91,89,103,110,116,113,119,110,108,106,123,131,122,127,108,112,102,85,104,122,114,127,107,109,119,112,117,133,145,134,127,139,117,123,100,127,133,122,107,148,125,115,124,125,137,113,137,149,121,127,155,144,166,124,151,166,133,134,138,117,134,111,126,129,134,146,126,98,132,117,95,93,104,97,83,89,77,64,60,51,56,47,50,31,28,28,18,24,16,8,12,11,4,7,1,3,4,2,0,2,1,0,0,0,2,0,0,0,0,0,0,0,0,0,0,0,0,0,0,0,0,0,0,0,0,0,0,0,0,0,0,0,0,0,0,0,0,0,0,0,0
82.85,0,0,0,0,0,0,0,0,0,0,0,0,0,0,0,0,0,0,1,0,0,0,0,0,0,2,0,0,0,0,0,0,0,1,1,0,0,2,0,1,0,0,1,0,1,0,0,0,2,1,1,0,1,1,2,1,2,3,3,0,2,1,2,0,1,4,0,7,6,12,14,10,11,8,13,11,17,12,10,5,14,14,15,20,16,15,19,16,13,23,19,19,22,33,15,26,17,37,33,17,31,27,35,27,33,32,35,40,35,39,43,30,38,45,39,52,45,63,61,69,55,64,76,68,68,92,78,79,60,79,86,79,101,76,72,72,91,89,76,63,86,95,102,95,100,92,113,76,91,98,99,98,91,110,92,121,100,87,105,86,85,102,119,110,124,113,117,105,101,115,122,130,124,111,114,104,82,106,119,105,140,112,110,122,105,110,137,135,131,140,139,117,127,100,127,131,120,107,151,129,120,122,123,138,117,143,151,121,122,149,138,171,124,153,166,133,134,138,117,134,111,122,135,136,146,124,100,130,117,97,93,104,99,83,85,75,64,60,51,56,47,50,31,28,28,18,24,16,8,12,11,4,7,1,3,4,2,0,2,1,0,0,0,2,0,0,0,0,0,0,0,0,0,0,0,0,0,0,0,0,0,0,0,0,0,0,0,0,0,0,0,0,0,0,0,0,0,0,0,0
82.95,0,0,0,0,0,0,1,0,0,0,0,0,0,1,0,0,1,0,0,0,0,1,0,0,0,0,1,0,0,0,0,0,0,0,1,0,1,0,0,0,1,1,0,1,2,1,3,3,1,2,2,0,0,4,0,0,2,0,4,2,0,2,2,2,0,3,1,8,6,3,5,6,4,8,12,10,9,7,12,16,14,14,10,15,12,16,9,20,12,21,25,21,26,24,29,26,28,31,25,21,22,28,25,36,26,33,33,29,48,35,29,49,49,28,45,49,56,47,63,57,61,49,85,70,78,74,79,90,67,82,84,75,81,78,76,74,96,92,71,71,79,92,95,108,119,100,120,78,101,105,100,99,99,124,85,119,101,89,94,102,87,99,111,105,135,127,126,98,107,108,123,129,132,114,108,104,84,107,122,109,125,107,108,121,118,108,127,133,129,134,138,116,134,95,124,130,118,108,150,132,111,134,121,135,114,135,153,121,128,143,148,169,122,151,164,131,132,140,115,134,109,122,135,132,148,122,100,128,119,97,93,104,97,83,85,77,64,58,51,56,47,50,31,28,28,18,24,16,8,10,11,4,7,1,3,4,2,0,2,1,0,0,0,2,0,0,0,0,0,0,0,0,0,0,0,0,0,0,0,0,0,0,0,0,0,0,0,0,0,0,0,0,0,0,0,0,0,0,0,0
83.05,0,0,0,0,0,0,0,0,0,0,0,0,0,0,0,0,0,0,0,0,0,2,0,1,0,0,1,0,0,0,0,1,1,0,0,1,1,1,1,0,0,1,0,0,1,1,1,1,0,0,1,0,1,0,1,0,1,1,2,1,2,0,0,3,3,3,1,5,8,6,7,9,3,7,11,10,9,8,10,10,12,12,20,6,11,10,15,9,17,11,15,19,5,14,22,15,21,23,31,34,34,18,27,36,28,35,26,29,39,48,48,36,41,62,51,45,54,51,57,53,56,66,63,80,77,72,71,75,80,73,75,83,68,81,91,66,79,89,73,73,88,95,103,84,104,107,105,84,98,101,107,92,113,115,86,109,103,89,86,102,87,95,109,103,121,105,119,98,109,114,120,125,149,116,119,103,81,104,121,108,131,104,122,111,116,116,120,133,132,129,133,118,128,97,122,128,122,112,152,130,119,132,125,142,107,137,159,119,122,147,140,171,124,149,164,132,139,142,113,134,107,120,135,130,148,124,100,128,119,97,93,104,97,83,85,77,64,58,51,54,47,50,33,28,28,18,24,16,8,10,11,4,7,1,3,4,2,0,2,0,0,0,0,2,0,0,0,0,0,0,0,0,0,0,0,0,0,0,0,0,0,0,0,0,0,0,0,0,0,0,0,0,0,0,0,0,0,0,0,0
83.15,0,0,0,0,0,0,0,0,0,0,0,0,0,0,0,1,0,0,0,0,0,1,0,0,0,1,0,1,2,0,1,0,0,0,1,1,0,0,0,1,0,0,0,0,3,0,0,2,0,0,1,2,1,1,2,0,3,2,2,2,2,4,0,1,4,1,0,5,9,8,8,4,12,11,6,11,11,9,15,17,6,14,21,14,14,14,16,20,15,22,20,27,30,24,21,31,19,29,22,26,29,23,34,28,42,33,41,37,36,28,33,56,42,45,44,51,58,57,49,48,63,59,63,71,91,67,62,81,75,68,89,81,73,86,87,67,85,97,73,74,75,93,113,88,107,99,99,77,99,105,113,100,105,122,95,103,121,89,94,128,95,88,113,105,126,106,111,100,107,114,110,113,139,120,113,101,90,104,123,113,125,97,120,109,114,113,127,131,132,137,135,119,132,97,122,124,117,113,152,132,117,132,123,138,107,139,163,124,119,149,142,173,127,150,162,132,137,142,113,136,111,120,135,130,154,124,100,128,115,97,93,104,97,83,85,77,64,60,51,52,47,50,33,28,28,18,24,16,8,10,11,4,7,1,3,4,2,0,2,0,0,0,0,2,0,0,0,0,0,0,0,0,0,0,0,0,0,0,0,0,0,0,0,0,0,0,0,0,0,0,0,0,0,0,0,0,0,0,0,0
83.25,0,0,0,0,0,0,0,0,0,0,0,0,0,0,0,1,0,0,1,0,0,0,0,0,0,0,1,0,0,0,0,0,0,1,0,0,2,1,3,0,1,2,2,3,1,0,2,1,2,3,1,0,1,3,1,2,0,0,1,0,0,4,2,0,0,0,2,3,5,11,9,4,11,6,7,10,8,9,13,5,9,15,12,15,13,17,12,21,19,17,19,20,12,25,17,28,23,19,21,38,27,29,31,31,39,27,46,30,43,41,44,27,49,48,53,55,44,50,51,63,56,53,79,67,70,81,62,76,83,65,75,80,65,94,91,60,76,105,72,87,85,84,102,100,93,88,110,80,91,96,112,94,117,120,88,110,99,95,96,104,99,101,127,114,131,104,116,106,114,118,113,117,143,118,123,103,82,106,110,110,123,106,107,114,108,109,123,135,134,126,146,116,130,99,124,126,121,113,150,126,115,134,123,140,105,137,159,122,121,143,142,167,123,150,162,132,140,143,117,140,107,116,133,130,150,122,100,126,114,95,93,104,97,83,85,77,64,60,51,52,47,50,33,28,28,18,24,16,8,10,11,4,7,1,3,4,2,0,2,0,0,0,0,2,0,0,0,0,0,0,0,0,0,0,0,0,0,0,0,0,0,0,0,0,0,0,0,0,0,0,0,0,0,0,0,0,0,0,0,0
83.35,0,0,0,0,0,0,0,0,1,0,0,0,1,0,0,0,0,0,0,0,1,1,0,0,1,1,0,0,0,1,0,0,0,0,0,2,1,0,2,1,2,1,3,1,0,2,2,2,0,1,1,1,1,2,2,1,0,2,3,0,2,0,1,1,1,1,2,3,5,6,6,8,8,11,15,8,13,7,8,11,11,14,13,12,16,16,13,19,15,21,20,18,16,20,17,23,30,25,24,20,26,32,22,32,27,29,41,45,31,48,36,48,44,54,54,46,36,61,60,70,48,61,73,80,63,65,79,84,77,72,78,64,67,98,100,60,76,92,73,103,86,78,99,89,104,107,112,79,95,112,99,102,126,121,82,121,85,95,88,102,94,93,117,106,131,110,115,109,108,107,116,119,144,109,119,100,81,107,121,104,133,103,106,115,111,112,127,132,140,128,156,121,126,99,116,122,115,117,146,124,113,134,121,142,105,139,157,122,119,143,140,169,125,148,162,133,138,145,118,140,105,116,135,130,152,124,102,128,112,95,95,104,97,83,83,77,64,60,51,52,47,50,33,28,28,18,24,16,8,10,11,4,7,1,3,4,2,0,2,0,0,0,0,1,0,0,0,0,0,0,0,0,0,0,0,0,0,0,0,0,0,0,0,0,0,0,0,0,0,0,0,0,0,0,0,0,0,0,0,0
83.45,0,0,0,0,0,0,0,0,0,0,0,0,0,0,0,0,0,0,0,0,0,0,0,0,0,1,0,0,0,1,0,0,0,1,0,0,1,0,0,2,2,0,0,1,1,1,2,1,1,1,3,2,0,2,1,1,0,1,2,1,1,0,2,1,0,1,2,5,11,15,7,8,10,8,11,14,7,14,9,8,16,9,13,8,18,20,14,16,16,12,23,21,20,25,21,22,20,28,19,25,28,21,26,29,21,32,42,36,31,55,49,45,50,40,45,51,59,51,70,69,53,65,73,86,70,64,80,71,87,82,76,59,91,99,88,78,70,94,75,90,89,82,105,81,95,123,109,81,102,91,93,103,111,114,90,109,99,92,93,91,103,89,116,100,145,113,112,108,112,100,120,118,127,109,121,100,83,108,118,110,123,111,111,117,111,111,125,131,134,126,149,125,126,99,115,129,121,115,143,125,115,130,123,144,107,139,157,122,117,138,143,167,123,150,160,135,134,147,120,134,107,118,137,130,152,122,100,128,110,95,95,104,97,83,83,75,65,58,51,52,47,52,33,28,28,18,24,16,8,10,11,4,7,1,3,4,2,0,2,0,0,0,0,1,0,0,0,0,0,0,0,0,0,0,0,0,0,0,0,0,0,0,0,0,0,0,0,0,0,0,0,0,0,0,0,0,0,0,0,0
83.55,0,0,0,1,0,0,0,0,0,0,0,0,0,0,0,0,0,0,0,0,0,0,1,0,0,0,0,1,1,0,0,0,1,1,0,0,1,0,1,1,1,0,0,0,1,2,0,0,1,1,2,0,2,1,1,0,1,1,3,1,0,1,1,3,0,1,4,4,7,11,14,12,12,13,8,14,12,10,10,20,11,12,12,15,18,13,12,18,19,23,14,16,17,24,25,23,24,26,23,21,21,19,29,28,26,33,38,33,29,46,42,48,49,37,50,51,60,62,54,59,62,74,63,61,81,72,65,68,77,78,66,67,75,98,84,89,85,89,78,84,86,83,97,72,102,97,98,75,97,102,97,115,128,118,94,109,102,94,83,90,98,92,115,99,135,109,112,129,113,109,119,120,131,111,115,112,82,101,120,107,122,109,115,112,111,113,125,130,133,130,149,125,128,96,120,127,121,119,139,129,113,132,121,143,104,137,155,130,119,138,141,174,124,152,160,137,136,147,118,140,107,120,139,131,149,122,98,122,108,95,95,104,99,83,83,75,65,58,51,52,47,52,33,28,28,18,24,16,8,10,11,4,7,1,3,4,2,0,2,0,0,0,0,1,0,0,0,0,0,0,0,0,0,0,0,0,0,0,0,0,0,0,0,0,0,0,0,0,0,0,0,0,0,0,0,0,0,0,0,0
83.65,0,0,0,0,0,0,0,0,0,0,0,0,0,0,0,0,0,0,1,1,1,0,1,0,0,0,0,1,0,0,0,0,0,1,0,1,0,0,0,1,2,1,1,1,1,1,1,0,1,0,0,2,0,0,1,2,0,2,1,2,1,2,2,1,2,2,2,10,7,6,9,4,13,9,11,9,15,9,12,15,15,16,13,13,18,16,21,12,16,22,13,15,22,32,19,24,23,32,19,34,34,27,31,33,28,28,27,36,43,34,40,36,45,50,50,45,57,60,35,55,64,71,68,58,68,79,77,63,86,79,74,63,73,94,91,69,84,83,77,87,80,84,100,79,92,103,92,86,91,108,98,111,107,106,99,106,91,103,90,88,105,87,116,99,125,106,109,113,107,106,123,129,125,112,113,101,83,107,121,109,128,107,115,114,108,112,125,127,142,132,151,121,128,96,118,121,125,119,141,129,110,137,119,145,108,139,155,136,121,138,139,178,124,152,158,139,138,149,116,138,107,116,141,131,149,124,98,120,108,97,95,102,99,83,85,72,64,58,49,52,47,52,33,30,28,18,24,16,8,10,11,4,7,1,3,4,2,0,2,0,0,0,0,1,0,0,0,0,0,0,0,0,0,0,0,0,0,0,0,0,0,0,0,0,0,0,0,0,0,0,0,0,0,0,0,0,0,0,0,0
83.75,0,0,0,0,0,0,0,0,0,0,0,0,0,1,0,0,0,0,0,0,0,0,0,0,0,0,1,0,0,0,0,0,0,1,0,0,2,0,0,0,1,1,1,0,1,2,1,1,0,2,0,1,1,2,1,1,3,1,1,0,1,1,1,1,2,0,5,9,5,3,11,8,9,10,8,14,6,9,7,10,15,14,18,16,18,19,12,19,25,13,23,32,20,20,28,23,19,27,18,24,31,29,26,23,38,38,33,39,48,35,35,37,46,40,60,52,40,53,50,62,52,72,58,82,67,85,63,66,81,97,70,65,75,79,89,82,87,82,80,86,89,87,100,85,87,96,97,95,77,98,85,111,109,108,102,133,79,92,82,91,104,97,112,104,123,112,107,115,111,107,116,124,130,106,121,99,82,108,122,107,134,105,113,121,112,109,130,125,136,130,151,111,126,98,114,123,115,117,140,133,114,131,121,143,108,139,155,134,125,140,135,178,124,148,160,137,138,149,116,134,109,116,141,131,149,126,98,124,108,97,95,104,99,86,84,72,64,56,49,52,47,52,33,30,28,18,24,16,8,10,11,4,7,1,3,4,2,0,2,0,0,0,0,1,0,0,0,0,0,0,0,0,0,0,0,0,0,0,0,0,0,0,0,0,0,0,0,0,0,0,0,0,0,0,0,0,0,0,0,0
83.85,0,0,0,0,0,0,0,0,0,0,0,0,0,0,0,0,0,0,0,0,1,1,0,0,0,0,0,0,0,0,0,1,0,1,1,0,1,0,2,0,1,2,2,2,3,1,0,1,1,2,1,1,1,1,1,1,1,1,0,2,0,0,0,2,4,1,1,3,12,6,11,7,12,11,12,5,8,12,11,12,15,16,13,18,17,14,26,8,24,13,23,12,15,23,17,25,23,29,23,26,36,30,33,27,41,37,27,25,37,50,38,49,41,47,45,52,51,53,52,68,62,62,55,76,68,70,72,75,80,78,76,64,77,76,83,89,89,75,79,79,95,94,93,90,90,100,102,98,84,101,91,123,108,110,87,121,75,107,104,86,105,93,127,103,123,120,111,130,108,109,115,120,132,110,114,108,78,108,125,110,126,107,115,120,114,110,130,121,142,133,152,106,135,93,112,129,114,112,142,129,114,129,127,137,106,143,153,131,126,142,133,178,126,146,162,136,137,139,116,136,109,116,141,137,149,126,96,124,106,95,95,104,99,86,86,72,64,56,49,52,47,52,33,30,28,18,24,16,8,10,11,4,7,1,3,4,2,0,2,0,0,0,0,1,0,0,0,0,0,0,0,0,0,0,0,0,0,0,0,0,0,0,0,0,0,0,0,0,0,0,0,0,0,0,0,0,0,0,0,0
83.95,0,0,0,0,0,0,0,0,0,0,0,0,0,1,0,0,0,0,0,0,0,0,0,0,0,0,0,0,0,0,0,0,0,1,0,1,0,0,1,1,0,1,0,0,1,1,1,0,1,2,0,0,1,2,0,0,2,2,1,1,2,1,1,2,1,0,3,4,6,11,5,9,15,10,11,9,12,13,16,8,15,11,19,20,14,12,21,21,15,16,19,26,19,29,33,23,24,25,33,28,32,36,26,30,28,27,35,47,29,48,46,35,38,43,58,48,56,61,61,59,64,57,72,73,61,73,56,83,72,82,80,66,75,87,79,85,75,70,90,79,94,80,87,76,80,123,91,86,78,94,87,104,105,100,88,114,101,120,84,79,104,91,122,105,119,112,109,106,110,109,117,122,128,104,123,104,80,106,127,104,125,112,111,118,110,113,123,131,138,133,144,103,126,94,113,127,112,116,142,123,116,131,129,143,104,143,151,129,126,145,134,174,124,144,160,134,135,139,118,132,111,122,139,137,147,124,94,124,106,97,95,102,101,82,86,72,64,57,47,52,48,52,33,30,26,18,24,16,8,10,11,4,7,1,3,4,2,0,2,0,0,0,0,1,0,0,0,0,0,0,0,0,0,0,0,0,0,0,0,0,0,0,0,0,0,0,0,0,0,0,0,0,0,0,0,0,0,0,0,0
84.05,0,0,0,0,0,0,0,0,0,0,0,0,0,0,1,0,0,0,0,0,0,0,0,0,0,0,1,1,1,0,0,0,0,1,0,1,2,1,1,0,0,1,1,1,1,2,0,2,1,0,1,2,1,1,1,0,3,0,3,1,2,2,2,2,1,3,4,5,13,6,7,9,6,13,12,11,9,11,14,14,20,9,11,13,9,14,18,23,19,23,20,21,21,20,22,29,29,26,39,27,34,32,39,38,29,37,43,37,46,36,38,42,43,40,46,51,56,63,62,70,71,58,85,55,73,58,64,85,67,92,78,62,66,89,67,81,79,67,93,83,90,80,94,76,84,109,76,85,82,92,85,116,96,99,86,104,99,118,118,78,97,94,124,103,130,120,98,112,112,104,137,113,127,102,126,111,88,106,119,112,125,106,106,125,112,117,119,129,133,131,141,107,126,98,110,125,112,113,144,127,116,125,125,151,108,139,153,131,128,143,134,176,122,146,154,128,133,139,114,132,111,120,137,137,147,124,94,124,106,95,95,104,101,80,86,72,66,57,47,52,48,52,33,30,26,18,24,16,8,10,11,4,7,1,3,4,2,0,2,0,0,0,0,1,0,0,0,0,0,0,0,0,0,0,0,0,0,0,0,0,0,0,0,0,0,0,0,0,0,0,0,0,0,0,0,0,0,0,0,0
84.15,0,0,0,0,0,0,0,0,0,0,0,0,0,0,0,0,0,0,0,0,0,1,0,0,1,0,0,0,1,0,0,0,0,0,0,1,0,0,0,0,2,2,1,0,1,1,1,1,0,1,2,0,1,2,0,1,0,3,1,1,0,4,4,0,2,1,0,4,9,12,7,9,12,17,8,11,6,14,16,13,15,5,16,14,20,14,17,14,11,21,17,17,21,22,29,21,28,31,29,28,25,24,30,37,34,28,40,39,44,34,35,55,41,45,50,38,55,58,61,70,76,54,76,60,75,63,65,86,68,84,92,63,62,80,65,75,82,72,80,73,97,90,87,94,82,102,82,85,81,96,86,108,112,92,94,115,117,97,122,82,108,93,137,115,124,116,102,105,115,98,137,121,119,100,122,112,80,109,116,107,123,105,114,115,106,121,118,137,137,125,139,107,127,99,116,127,116,115,140,134,111,125,125,152,105,139,153,131,120,145,134,178,126,146,154,130,129,139,113,132,114,122,135,135,147,126,94,124,108,93,97,106,103,84,88,72,66,59,47,52,46,52,33,32,26,18,24,16,8,10,11,4,7,1,3,4,2,0,2,0,0,0,0,1,0,0,0,0,0,0,0,0,0,0,0,0,0,0,0,0,0,0,0,0,0,0,0,0,0,0,0,0,0,0,0,0,0,0,0,0
84.25,0,0,0,0,0,0,0,0,0,0,0,0,0,0,0,0,0,0,0,1,0,1,0,0,1,0,3,1,0,1,1,0,0,0,0,1,0,0,1,0,0,1,0,0,0,0,1,0,3,1,0,0,1,1,1,0,1,1,1,1,2,1,1,1,0,2,2,3,5,8,17,8,2,18,8,8,11,6,14,12,10,11,10,11,11,17,16,17,21,17,19,23,28,21,25,28,26,23,20,26,25,27,29,27,30,48,30,39,43,53,51,47,44,51,57,38,61,68,51,64,78,72,67,62,65,79,73,65,76,73,84,60,62,71,82,74,85,68,83,84,98,83,89,93,77,102,79,84,91,98,103,100,98,94,112,121,96,100,112,85,101,87,123,132,115,113,103,113,121,98,138,105,116,98,131,103,80,119,124,104,126,108,114,125,113,136,130,141,149,129,145,105,125,95,116,125,114,118,138,133,119,120,125,144,107,133,154,130,118,145,136,174,125,147,156,132,128,135,113,134,114,122,129,133,143,126,94,122,108,91,95,106,101,84,86,70,66,59,49,52,46,54,31,32,26,18,24,16,8,10,11,4,7,1,3,4,2,0,2,0,0,0,0,1,0,0,0,0,0,0,0,0,0,0,0,0,0,0,0,0,0,0,0,0,0,0,0,0,0,0,0,0,0,0,0,0,0,0,0,0
84.35,0,0,0,0,0,0,0,0,0,0,0,0,0,1,0,1,0,0,1,0,0,0,1,0,0,0,0,1,0,0,0,0,0,2,1,0,0,0,1,0,0,4,0,0,2,2,0,0,2,1,2,1,2,1,1,2,0,4,1,2,0,1,1,0,1,1,4,8,7,10,8,5,15,10,11,14,12,16,11,12,13,15,13,14,11,9,21,18,11,20,25,14,19,19,19,18,21,15,18,22,29,32,30,41,31,32,38,36,42,43,39,44,40,63,47,56,54,55,53,64,56,70,63,71,66,70,73,58,72,73,84,61,71,67,72,90,84,60,82,103,100,84,74,91,87,112,88,83,129,98,91,107,106,112,105,110,78,98,89,84,100,85,110,134,125,113,103,103,128,97,130,110,124,102,125,105,86,126,115,106,120,102,110,112,115,142,120,134,140,125,147,103,125,95,119,126,116,114,136,131,111,120,127,141,103,134,154,124,114,139,132,175,123,149,158,136,132,135,117,134,114,124,129,135,143,126,96,122,107,91,94,107,101,84,86,70,64,59,49,52,46,56,31,32,26,18,24,16,8,10,11,4,7,1,3,4,2,0,2,0,0,0,0,1,0,0,0,0,0,0,0,0,0,0,0,0,0,0,0,0,0,0,0,0,0,0,0,0,0,0,0,0,0,0,0,0,0,0,0,0
84.45,0,0,0,0,0,0,0,0,0,0,0,0,0,0,0,0,0,0,0,0,0,0,0,0,1,1,0,0,1,0,0,0,1,2,0,1,3,1,2,0,0,0,0,0,1,1,2,1,0,1,2,1,1,0,0,0,1,0,1,3,1,1,5,1,2,1,0,10,9,10,10,11,9,9,9,9,8,15,11,15,13,6,14,16,20,11,11,20,15,18,14,28,14,26,24,33,18,27,29,25,39,29,29,26,40,44,27,40,37,40,43,43,49,51,61,47,52,42,49,57,64,67,59,62,65,62,59,62,77,75,82,64,64,81,65,92,81,74,77,93,82,92,70,92,83,112,87,94,104,103,87,110,109,109,98,104,74,89,93,77,96,91,109,95,119,112,103,98,126,100,130,114,114,96,139,102,82,133,109,105,126,104,119,115,114,129,128,134,142,131,146,102,123,93,117,128,118,118,138,126,115,122,129,137,101,138,154,126,114,141,135,174,121,153,156,136,130,137,123,136,118,126,131,135,143,124,94,122,107,91,94,107,101,84,86,72,64,59,49,52,48,56,31,32,24,18,24,16,8,10,11,4,7,1,3,4,2,0,2,0,0,0,0,1,0,0,0,0,0,0,0,0,0,0,0,0,0,0,0,0,0,0,0,0,0,0,0,0,0,0,0,0,0,0,0,0,0,0,0,0
84.55,0,0,0,0,0,0,0,0,0,0,0,0,0,1,0,0,0,0,1,0,0,0,0,1,0,0,0,0,0,1,0,0,1,0,0,0,1,1,0,0,2,1,1,1,2,0,1,2,1,2,0,0,0,1,3,2,1,3,0,3,2,1,4,3,2,0,5,7,8,7,5,14,16,18,11,12,10,13,14,24,13,15,15,22,22,23,14,19,19,17,27,19,26,20,26,31,30,21,26,28,35,23,27,23,40,39,37,53,38,36,35,38,41,43,52,55,58,48,54,54,58,55,68,64,65,63,65,64,73,66,80,68,71,76,72,70,75,80,69,88,75,81,68,91,75,101,74,90,98,114,80,96,107,95,91,99,76,92,89,81,103,92,115,113,112,108,106,101,117,93,118,109,114,103,131,97,82,129,111,105,126,108,113,121,106,119,122,144,142,130,151,102,125,99,121,122,114,116,138,124,114,121,123,141,103,142,152,128,110,141,146,171,127,151,158,128,130,141,125,132,116,126,129,134,141,124,92,122,105,91,96,107,101,83,84,72,64,59,49,52,48,53,29,32,24,18,24,16,8,10,11,4,7,1,3,4,2,0,2,0,0,0,0,1,0,0,0,0,0,0,0,0,0,0,0,0,0,0,0,0,0,0,0,0,0,0,0,0,0,0,0,0,0,0,0,0,0,0,0,0
84.65,0,0,0,0,0,0,0,0,0,0,0,0,0,0,0,0,0,0,1,0,0,0,0,0,0,0,0,0,1,0,0,0,0,2,0,0,1,0,0,1,2,0,0,0,1,1,1,0,0,1,1,0,1,2,1,1,0,0,0,2,2,0,0,2,1,1,0,4,11,11,6,10,12,6,12,15,5,10,16,16,13,9,12,13,13,20,16,19,18,17,22,20,21,14,13,25,21,22,26,20,33,27,38,29,42,28,28,26,39,38,47,39,44,51,47,47,56,50,47,44,53,54,64,64,71,62,61,63,60,67,76,62,63,64,63,85,76,93,70,83,75,88,91,114,70,100,80,92,94,136,81,95,102,103,107,92,71,98,94,87,120,91,112,105,108,116,102,105,123,98,110,119,117,105,117,102,87,123,114,104,128,116,106,119,111,115,130,148,142,134,141,108,121,101,117,122,118,115,138,124,115,120,120,142,103,140,152,122,116,147,146,169,131,155,158,130,134,139,131,132,120,126,131,132,145,126,92,122,105,91,94,107,101,83,84,72,62,59,47,52,48,53,29,32,24,18,24,16,8,10,11,4,7,1,3,4,2,0,2,0,0,0,0,1,0,0,0,0,0,0,0,0,0,0,0,0,0,0,0,0,0,0,0,0,0,0,0,0,0,0,0,0,0,0,0,0,0,0,0,0
84.75,0,0,1,0,0,1,0,0,0,0,0,0,0,0,0,0,0,0,0,0,0,0,0,0,1,1,0,1,0,0,0,0,1,1,0,1,1,0,0,0,0,1,1,0,0,0,1,2,0,2,1,2,1,1,1,2,2,0,2,1,0,1,3,0,1,2,0,6,8,16,8,9,3,13,11,10,17,14,17,9,14,18,18,17,17,18,18,15,16,12,15,13,22,21,25,21,17,17,24,31,25,37,31,27,23,27,27,36,33,41,29,43,39,56,44,41,50,46,46,60,53,41,66,66,60,54,76,66,68,74,65,60,71,71,69,81,71,77,72,86,80,94,76,96,72,111,87,114,104,112,72,107,106,99,102,97,81,95,100,81,110,91,110,103,103,123,107,111,121,93,115,122,119,101,111,95,82,121,116,106,126,108,114,119,118,115,127,138,140,134,141,108,122,100,117,124,123,110,134,122,109,126,122,143,103,138,152,124,115,147,145,171,125,155,158,128,134,139,137,130,118,128,133,130,149,128,92,122,105,95,96,107,96,85,84,72,62,59,47,52,48,53,29,32,24,18,24,16,8,10,11,4,7,1,3,4,2,0,2,0,0,0,0,1,0,0,0,0,0,0,0,0,0,0,0,0,0,0,0,0,0,0,0,0,0,0,0,0,0,0,0,0,0,0,0,0,0,0,0,0
84.85,0,0,0,0,0,0,0,0,0,0,0,0,0,0,0,0,0,1,0,0,0,0,0,0,1,1,0,0,0,0,0,0,1,0,0,0,0,0,0,1,1,1,1,1,4,2,0,0,2,0,1,1,2,0,2,2,0,2,0,1,3,1,2,1,4,3,3,2,6,5,7,16,11,9,15,13,14,8,16,10,13,17,15,25,22,16,22,20,12,15,21,15,28,13,20,21,26,17,23,25,21,27,27,24,30,37,26,34,38,24,40,41,48,33,51,36,58,49,59,57,49,56,62,66,60,58,74,61,67,76,59,63,76,73,63,83,86,88,79,84,79,86,69,96,65,107,110,86,104,104,79,121,103,113,101,110,97,93,100,98,112,91,121,95,111,136,104,105,142,102,114,115,114,107,123,99,92,120,126,124,123,105,117,115,112,118,119,138,138,137,138,105,122,104,119,124,123,108,142,126,117,122,124,139,104,137,154,124,113,149,151,165,129,153,160,128,134,137,135,124,118,128,133,132,149,127,89,122,107,97,97,108,94,85,86,72,62,59,47,52,48,53,29,32,24,18,22,16,8,10,11,4,7,1,3,4,2,0,2,0,0,0,0,1,0,0,0,0,0,0,0,0,0,0,0,0,0,0,0,0,0,0,0,0,0,0,0,0,0,0,0,0,0,0,0,0,0,0,0,0
84.95,0,0,0,0,0,0,0,0,0,0,0,0,0,0,0,0,0,0,1,0,0,0,0,0,0,0,1,0,0,0,1,0,1,2,0,0,0,0,1,0,0,2,1,0,2,2,0,0,2,2,1,0,0,0,1,1,0,3,1,2,1,0,0,1,0,2,2,8,5,14,9,17,7,12,14,9,10,10,12,9,13,16,17,18,16,12,16,17,21,23,26,23,19,25,27,23,24,31,21,13,34,26,27,34,40,25,32,44,34,44,44,48,44,44,37,44,52,56,46,53,47,50,48,66,61,64,60,67,65,78,62,65,68,67,65,79,75,85,84,90,85,97,91,108,72,105,89,82,105,107,81,105,105,105,94,108,79,85,96,92,125,96,109,94,121,126,107,106,143,95,114,103,126,103,125,101,109,119,127,129,129,108,131,108,119,114,127,142,138,135,142,105,118,110,113,120,117,104,150,130,118,121,130,140,107,133,160,122,114,146,147,159,133,147,162,132,136,131,135,128,116,122,133,132,147,127,87,122,107,99,97,108,94,85,86,70,64,59,47,52,48,53,29,32,24,16,22,16,8,10,11,4,7,1,3,4,2,0,2,0,0,0,0,1,0,0,0,0,0,0,0,0,0,0,0,0,0,0,0,0,0,0,0,0,0,0,0,0,0,0,0,0,0,0,0,0,0,0,0,0
85.05,0,0,0,0,0,0,0,0,0,0,0,0,0,0,0,0,0,0,0,0,0,0,2,0,0,1,0,0,0,0,1,0,0,0,1,0,0,0,0,1,2,0,0,0,0,0,1,3,0,0,0,1,0,2,1,1,2,1,1,1,1,3,0,3,0,2,4,5,3,5,5,15,5,10,9,14,14,10,14,9,12,16,8,17,9,12,15,14,11,17,26,19,25,27,27,29,23,27,19,32,24,27,30,37,36,34,35,52,40,40,44,49,42,39,49,58,46,58,59,48,53,45,59,63,58,72,57,66,65,89,64,49,72,65,72,92,88,81,77,78,97,86,82,95,66,111,94,88,104,104,97,114,94,120,98,94,83,85,93,82,101,97,113,107,114,153,102,108,118,98,118,104,133,116,124,99,104,124,129,132,124,112,133,113,108,108,131,148,132,133,146,105,122,116,123,124,119,106,146,128,120,123,130,146,109,131,159,119,116,145,152,158,127,147,160,132,134,135,133,130,114,126,133,134,149,125,89,120,109,99,99,108,94,83,86,70,64,59,49,52,48,53,29,32,24,16,22,16,8,10,11,4,7,1,3,4,2,0,2,0,0,0,0,1,0,0,0,0,0,0,0,0,0,0,0,0,0,0,0,0,0,0,0,0,0,0,0,0,0,0,0,0,0,0,0,0,0,0,0,0
85.15,0,0,0,0,0,0,0,0,0,0,0,0,0,0,0,0,0,0,0,0,0,0,1,0,0,0,1,0,1,0,0,0,0,2,1,0,0,1,1,0,1,1,1,1,0,3,1,2,2,1,2,0,1,3,2,0,1,2,2,0,1,1,0,0,1,4,2,8,8,9,14,8,13,9,6,12,7,15,8,15,14,15,13,13,20,27,14,22,22,20,19,21,21,26,20,30,27,19,31,20,34,32,27,41,29,40,33,44,33,49,45,39,43,41,48,42,53,49,63,47,38,51,51,53,72,65,59,68,62,67,69,58,74,66,75,66,82,81,90,81,82,84,84,86,75,128,86,85,93,101,83,115,101,97,98,100,89,83,91,82,106,97,109,102,100,143,108,110,116,97,120,108,147,112,119,98,99,113,123,113,122,99,132,108,108,108,131,146,140,137,142,105,135,125,123,122,118,109,146,128,126,127,130,140,109,129,159,123,116,143,148,168,125,145,162,132,132,135,137,130,120,126,133,136,149,125,91,120,109,101,97,106,96,83,86,70,64,61,49,52,48,53,29,32,22,16,22,16,8,10,11,4,7,1,3,4,2,0,2,0,0,0,0,1,0,0,0,0,0,0,0,0,0,0,0,0,0,0,0,0,0,0,0,0,0,0,0,0,0,0,0,0,0,0,0,0,0,0,0,0
85.25,0,0,0,0,0,0,0,0,0,0,0,0,0,0,0,0,0,0,0,1,0,0,0,0,0,0,0,0,0,0,0,1,1,0,1,2,1,1,1,1,1,0,1,1,0,1,2,2,2,3,0,0,1,1,0,0,1,3,0,2,0,2,1,2,2,0,3,8,12,8,12,14,8,9,10,12,15,12,19,17,11,15,14,19,17,17,22,12,13,23,27,17,13,23,15,18,27,30,28,29,35,29,37,38,33,50,39,40,39,35,41,42,56,65,43,48,59,43,60,47,51,53,51,61,74,68,56,65,73,66,60,48,81,68,75,69,73,75,87,77,74,81,93,80,71,106,82,91,91,100,79,115,93,106,101,96,97,82,99,89,104,96,107,118,97,134,109,108,106,102,115,100,151,132,129,100,88,100,126,114,129,100,130,111,109,115,127,138,135,133,144,107,127,129,119,126,119,106,142,129,128,131,126,140,112,126,157,125,121,144,140,170,127,149,164,132,136,141,137,136,120,128,131,140,149,125,89,122,109,101,99,104,96,83,86,72,66,61,49,52,48,53,29,32,22,16,22,16,8,10,11,4,7,1,3,4,2,0,2,0,0,0,0,1,0,0,0,0,0,0,0,0,0,0,0,0,0,0,0,0,0,0,0,0,0,0,0,0,0,0,0,0,0,0,0,0,0,0,0,0
85.35,0,0,0,0,0,0,0,0,0,0,0,0,0,0,0,0,0,0,0,0,0,0,0,1,0,0,0,0,1,0,0,0,0,0,1,0,0,1,2,1,0,0,0,0,1,1,0,1,0,1,2,1,1,0,0,1,2,2,0,1,1,0,1,2,2,1,2,6,2,7,6,8,15,11,11,13,12,23,10,12,21,10,11,12,15,8,18,18,21,15,17,17,22,31,26,19,26,17,16,30,35,29,26,37,32,39,31,43,33,41,41,42,55,61,48,52,43,53,54,57,50,60,63,57,63,57,60,55,77,65,65,56,76,66,92,63,80,72,80,88,77,87,81,84,85,105,78,90,91,109,87,109,99,101,95,93,83,78,95,82,104,97,98,100,101,132,114,110,104,106,111,109,131,125,118,94,90,98,128,128,134,100,128,111,114,108,125,132,131,136,132,101,121,125,119,119,110,113,137,127,129,135,128,137,104,125,155,127,126,140,142,170,125,147,160,140,138,137,139,136,116,128,131,146,147,125,87,120,111,95,99,106,96,85,86,70,66,59,49,54,48,53,29,32,22,16,22,16,8,10,11,4,7,1,3,4,2,0,2,0,0,0,0,1,0,0,0,0,0,0,0,0,0,0,0,0,0,0,0,0,0,0,0,0,0,0,0,0,0,0,0,0,0,0,0,0,0,0,0,0
85.45,0,0,1,0,0,0,0,0,1,0,0,0,0,0,0,0,0,0,0,1,0,0,1,0,0,0,0,0,0,0,0,0,0,2,1,1,1,0,2,2,0,1,2,3,0,0,2,4,3,0,4,1,0,0,1,1,1,1,1,1,2,2,4,0,2,0,2,4,6,8,8,10,9,12,10,13,14,10,10,12,14,11,16,18,17,14,19,19,27,23,24,25,20,24,20,28,20,26,31,27,22,27,36,31,32,44,24,32,43,48,34,56,56,46,67,46,47,53,57,45,56,60,55,63,52,59,67,68,64,79,75,60,68,64,85,72,70,77,83,83,90,73,80,85,77,111,77,85,105,101,117,109,110,104,90,99,85,87,92,94,105,99,96,101,100,124,106,104,100,113,116,104,126,115,110,94,87,101,134,121,137,100,120,106,113,112,127,125,141,140,141,106,123,119,121,120,119,121,131,125,141,127,126,141,102,131,151,129,123,142,141,172,123,153,160,142,134,135,139,136,120,128,133,144,149,125,87,120,111,97,97,108,98,87,86,70,66,59,49,56,48,53,29,32,22,16,22,16,8,10,11,4,7,1,3,4,2,0,2,0,0,0,0,1,0,0,0,0,0,0,0,0,0,0,0,0,0,0,0,0,0,0,0,0,0,0,0,0,0,0,0,0,0,0,0,0,0,0,0,0
85.55,0,0,0,0,0,0,0,0,0,0,0,0,0,0,0,0,0,0,1,0,0,0,0,0,0,0,1,0,2,2,0,1,1,0,1,0,0,1,0,0,1,2,2,0,0,0,0,1,0,0,1,0,2,0,3,0,1,0,0,1,3,3,1,0,4,1,1,5,4,13,13,7,10,9,10,11,15,14,12,8,14,14,14,12,21,18,16,20,14,21,20,22,23,25,21,26,26,19,37,31,26,28,24,26,28,32,33,43,38,41,53,45,35,59,61,48,56,55,49,53,56,41,64,49,52,56,68,72,62,63,74,56,66,80,95,58,65,79,76,79,91,73,76,85,76,108,80,89,109,101,113,101,109,118,86,99,83,91,94,106,99,93,101,106,100,125,101,108,106,103,112,102,120,118,114,100,89,114,144,121,144,101,128,115,110,114,122,126,141,142,137,104,127,115,121,120,119,127,129,125,139,129,124,142,109,131,153,126,122,148,137,170,121,153,160,142,132,133,133,136,118,128,133,142,149,127,89,120,109,99,99,108,98,87,86,70,64,59,49,56,46,53,29,32,22,16,22,16,8,10,11,4,7,1,3,4,2,0,2,0,0,0,0,1,0,0,0,0,0,0,0,0,0,0,0,0,0,0,0,0,0,0,0,0,0,0,0,0,0,0,0,0,0,0,0,0,0,0,0,0
85.65,0,0,0,1,0,0,0,0,0,0,0,0,0,0,0,0,0,0,0,0,0,0,0,0,1,0,1,0,0,0,0,0,2,0,0,1,0,1,0,0,0,0,1,0,2,0,3,3,1,1,3,2,1,0,2,2,3,1,2,2,0,0,3,0,2,0,2,3,11,9,13,9,14,8,14,17,8,20,14,15,17,12,11,6,10,13,14,16,23,19,25,11,21,22,22,22,20,24,31,24,29,30,31,36,35,45,42,38,34,44,49,45,47,62,44,69,58,48,52,62,54,47,66,53,49,63,65,69,64,67,62,61,71,72,84,63,64,72,81,86,85,76,74,85,87,97,85,86,110,100,103,107,100,115,94,109,83,84,97,92,115,93,102,96,117,128,102,108,104,96,108,102,114,106,115,96,91,99,138,120,133,96,136,111,108,110,129,120,139,134,141,100,121,113,118,125,119,123,136,123,137,127,126,148,111,131,161,124,120,150,137,174,117,153,160,146,135,132,135,132,120,130,135,140,145,127,87,119,109,97,99,106,99,86,86,70,64,55,49,56,46,53,29,32,22,16,22,16,8,10,11,4,7,1,3,4,2,0,2,0,0,0,0,1,0,0,0,0,0,0,0,0,0,0,0,0,0,0,0,0,0,0,0,0,0,0,0,0,0,0,0,0,0,0,0,0,0,0,0,0
85.75,0,0,0,0,0,0,0,0,0,0,0,0,0,2,0,0,0,0,0,0,0,0,0,0,0,0,0,0,0,1,0,1,0,0,0,0,0,1,0,0,1,1,2,1,0,0,0,3,3,0,2,0,1,1,0,0,0,0,0,1,0,0,1,0,1,3,2,4,8,2,8,6,10,8,9,11,11,17,9,10,16,11,17,14,13,20,14,17,10,9,24,22,22,18,19,27,38,18,39,31,19,24,29,29,30,32,39,31,47,44,54,45,44,51,60,66,51,46,52,69,55,46,53,61,63,58,68,58,58,75,67,79,64,67,83,62,64,64,73,76,79,93,73,84,89,93,94,98,113,103,145,104,107,102,90,98,83,89,100,87,99,97,99,95,130,113,107,107,100,102,109,102,109,102,113,96,87,104,125,132,117,98,132,121,108,114,126,121,139,136,145,96,121,111,122,119,117,123,140,128,140,121,131,139,109,135,163,126,122,149,134,176,121,151,156,142,133,132,133,134,118,128,133,144,145,123,89,119,109,103,99,106,99,86,86,70,66,55,49,54,44,53,29,32,22,16,22,16,8,10,11,4,7,1,3,4,2,0,2,0,0,0,0,1,0,0,0,0,0,0,0,0,0,0,0,0,0,0,0,0,0,0,0,0,0,0,0,0,0,0,0,0,0,0,0,0,0,0,0,0
85.85,0,0,0,0,0,0,0,0,0,0,0,0,0,0,0,0,0,0,0,0,1,0,0,0,0,1,0,0,0,0,1,0,0,1,1,0,1,1,1,2,2,1,1,0,1,2,3,3,0,1,3,1,1,0,1,0,2,1,2,2,1,2,2,2,2,0,2,9,11,6,7,7,8,10,10,13,10,9,25,15,13,16,9,19,10,17,21,15,15,16,17,16,22,18,36,17,24,28,36,23,27,31,24,42,26,37,36,34,50,47,28,52,51,66,54,45,66,55,52,56,64,60,43,55,63,57,67,59,54,88,62,74,67,69,67,62,61,69,74,77,83,103,80,75,96,88,93,108,103,111,112,110,107,111,98,104,81,90,94,93,91,91,105,91,130,134,110,110,107,102,108,101,108,100,111,104,91,107,122,136,129,102,130,111,105,107,137,120,135,142,135,108,125,99,123,120,117,115,140,124,136,119,131,141,113,139,169,126,126,151,134,174,125,151,158,142,129,134,131,134,118,128,137,142,143,123,89,119,110,106,99,106,99,84,86,70,66,55,49,54,44,51,29,32,22,16,22,16,8,10,11,4,7,1,3,4,2,0,2,0,0,0,0,1,0,0,0,0,0,0,0,0,0,0,0,0,0,0,0,0,0,0,0,0,0,0,0,0,0,0,0,0,0,0,0,0,0,0,0,0
85.95,0,0,0,0,0,0,0,0,0,0,0,0,0,0,0,0,0,0,1,0,1,0,0,0,0,1,0,0,0,0,0,0,1,0,0,0,2,0,0,1,0,1,1,1,1,0,0,0,0,2,1,1,0,2,1,0,0,1,2,3,0,3,1,0,0,2,1,2,8,7,8,14,11,4,9,10,12,8,13,9,14,10,16,8,17,11,12,11,20,27,25,19,22,28,17,24,17,23,23,29,26,27,37,22,37,39,42,38,41,37,54,40,55,50,53,44,70,50,57,55,66,44,59,55,61,50,68,56,65,71,51,85,65,81,62,68,62,71,84,81,79,93,84,71,85,87,92,102,98,101,109,112,96,96,95,99,79,93,96,106,98,94,100,99,109,111,113,110,111,103,113,100,109,99,113,104,89,106,123,149,123,104,137,116,119,107,131,118,131,148,141,110,130,102,121,122,121,109,147,129,138,123,127,138,107,139,161,126,132,151,134,178,125,152,155,143,130,131,130,134,120,130,137,137,140,125,89,119,112,106,99,110,99,84,86,70,66,55,49,54,46,51,29,32,24,16,22,16,8,10,11,4,7,1,3,4,2,0,2,0,0,0,0,1,0,0,0,0,0,0,0,0,0,0,0,0,0,0,0,0,0,0,0,0,0,0,0,0,0,0,0,0,0,0,0,0,0,0,0,0
86.05,1,0,0,0,0,0,0,0,0,0,0,0,1,0,0,0,1,1,0,1,0,0,0,0,0,0,0,2,0,1,1,1,2,0,0,2,0,1,0,0,1,2,1,1,1,1,0,0,1,0,1,1,1,0,2,1,2,0,1,0,2,0,0,0,2,3,0,5,4,7,15,6,9,15,8,14,7,13,12,7,9,14,24,10,18,19,26,15,21,18,19,15,22,22,17,25,32,25,25,17,22,36,32,34,29,39,40,31,26,44,39,54,55,41,44,56,63,47,63,53,63,49,56,54,54,71,67,65,58,87,51,84,55,67,55,78,67,67,91,89,86,81,70,82,84,89,87,104,84,111,88,126,96,97,90,107,77,94,95,93,98,98,104,107,119,107,115,112,146,97,108,102,113,97,109,116,94,103,125,140,121,101,131,114,111,109,127,124,133,149,139,112,132,102,117,120,119,107,143,127,134,131,123,136,105,137,159,122,130,151,134,174,123,152,155,141,126,135,132,136,118,132,137,135,140,123,88,121,110,106,99,110,99,84,86,66,66,55,49,54,46,51,29,32,24,16,22,16,8,10,11,4,7,1,3,4,2,0,2,0,0,0,0,1,0,0,0,0,0,0,0,0,0,0,0,0,0,0,0,0,0,0,0,0,0,0,0,0,0,0,0,0,0,0,0,0,0,0,0,0
86.15,0,0,0,0,0,0,0,0,0,1,0,0,0,0,0,0,1,0,0,0,0,0,0,0,1,0,0,0,0,0,0,0,0,0,1,0,0,1,0,0,0,1,0,1,2,1,2,0,2,2,1,1,0,0,2,0,0,2,1,2,0,1,1,0,0,3,0,6,6,11,9,10,6,12,8,7,10,6,9,9,9,8,11,8,14,13,14,20,22,14,17,23,18,15,26,23,28,25,20,23,31,27,39,24,31,30,44,33,48,33,39,57,35,34,56,63,51,68,56,57,51,61,54,56,57,68,67,59,70,73,68,91,66,72,59,67,67,78,94,103,75,93,79,65,80,84,89,122,78,106,89,110,108,95,95,117,80,94,106,89,112,98,118,95,107,106,113,123,160,98,112,97,108,97,110,117,86,113,121,132,123,99,125,110,115,113,131,115,137,145,131,112,132,100,123,124,125,103,139,127,132,129,120,145,105,133,159,128,124,151,132,172,121,156,159,141,126,137,132,136,116,132,131,137,140,123,90,121,114,106,101,108,101,84,86,68,66,55,49,54,46,51,29,30,22,16,22,16,8,10,11,4,7,1,3,4,2,0,2,0,0,0,0,1,0,0,0,0,0,0,0,0,0,0,0,0,0,0,0,0,0,0,0,0,0,0,0,0,0,0,0,0,0,0,0,0,0,0,0,0
86.25,0,0,0,0,0,0,0,1,1,0,0,0,0,1,0,0,0,1,0,0,0,1,0,0,0,1,0,0,2,0,1,0,1,0,0,0,0,0,0,1,1,1,0,0,1,0,0,1,0,0,1,0,2,2,0,2,0,2,1,2,1,1,1,2,3,2,0,5,6,6,10,6,11,5,12,10,16,7,8,14,15,14,15,8,16,15,17,14,18,15,18,23,19,12,19,14,28,20,31,18,44,33,32,25,36,35,37,31,41,35,45,41,45,35,50,64,49,65,62,56,41,65,50,53,61,65,69,62,67,80,60,64,59,65,64,80,71,74,81,93,76,79,74,73,93,85,84,97,76,110,109,110,94,98,85,144,77,104,89,84,91,94,107,98,105,99,104,116,152,103,112,101,118,97,114,114,95,107,121,121,130,97,138,115,108,107,128,113,135,141,131,102,128,96,121,122,117,107,139,121,134,123,127,144,101,133,159,126,124,149,136,174,123,156,161,137,130,135,132,134,114,132,125,137,140,123,90,123,110,106,99,108,99,84,86,68,66,55,49,54,46,49,29,30,22,16,22,16,8,10,11,4,7,1,3,4,2,0,2,0,0,0,0,1,0,0,0,0,0,0,0,0,0,0,0,0,0,0,0,0,0,0,0,0,0,0,0,0,0,0,0,0,0,0,0,0,0,0,0,0
86.35,0,0,0,0,0,0,0,0,0,0,0,0,0,0,1,0,0,0,0,0,0,0,0,1,0,0,0,1,0,1,0,0,0,0,1,0,1,0,0,0,1,3,3,1,0,0,0,1,2,2,1,3,2,2,1,1,1,1,2,1,2,0,0,4,1,0,1,6,14,7,4,8,8,14,20,12,12,10,8,7,6,14,17,10,15,10,10,24,18,18,15,26,20,26,15,28,33,18,24,27,28,29,21,32,34,30,29,37,41,31,54,50,38,45,59,62,63,71,68,50,47,69,63,52,61,64,66,65,67,71,58,63,56,71,70,71,70,69,78,76,75,79,80,77,86,83,79,104,78,102,107,114,113,112,85,112,95,94,85,89,87,88,110,88,105,100,103,127,112,92,108,101,110,99,114,108,90,107,124,117,118,95,135,112,112,104,127,120,128,143,135,96,124,96,119,124,114,106,145,127,126,129,125,144,100,130,157,126,124,145,134,170,127,155,160,137,130,139,132,136,112,134,127,137,144,123,88,123,110,104,99,110,99,84,86,68,66,55,49,54,46,49,29,30,22,16,22,16,8,10,11,4,7,1,3,4,2,0,2,0,0,0,0,1,0,0,0,0,0,0,0,0,0,0,0,0,0,0,0,0,0,0,0,0,0,0,0,0,0,0,0,0,0,0,0,0,0,0,0,0
86.45,0,0,0,0,0,0,0,0,2,0,0,0,0,0,0,0,0,0,1,0,0,0,0,0,0,0,0,0,1,1,0,0,0,1,0,0,0,0,0,0,1,0,0,0,0,1,2,0,2,0,1,0,2,0,2,1,0,0,1,0,2,0,2,0,0,2,5,4,5,1,5,13,14,7,5,16,14,10,9,11,18,16,20,14,16,14,18,17,16,10,12,11,21,16,14,23,24,23,24,22,24,28,27,25,41,29,39,41,34,40,43,34,44,47,49,51,67,69,72,43,48,68,59,61,46,71,59,65,59,76,71,65,59,64,67,69,72,81,83,68,77,72,82,77,80,80,79,110,78,106,110,104,101,91,90,105,83,94,92,77,93,95,106,94,112,99,106,109,110,108,112,97,110,101,111,120,86,115,133,114,122,99,124,108,114,111,130,113,138,139,145,98,124,96,121,120,119,111,140,127,130,123,125,141,101,132,157,126,122,147,133,170,125,155,156,137,130,139,134,134,111,135,127,137,146,123,90,123,110,100,99,110,101,82,86,68,66,55,49,54,46,49,29,30,22,16,22,16,8,10,11,4,7,1,3,4,2,0,2,0,0,0,0,1,0,0,0,0,0,0,0,0,0,0,0,0,0,0,0,0,0,0,0,0,0,0,0,0,0,0,0,0,0,0,0,0,0,0,0,0
86.55,0,0,0,0,0,0,0,0,0,0,1,0,0,0,0,0,0,0,0,0,0,0,0,0,0,0,1,1,1,2,1,2,0,0,0,1,1,0,2,1,0,0,3,1,1,3,1,0,2,0,0,2,1,0,0,0,2,1,2,1,1,1,0,1,0,1,0,2,9,10,8,9,9,15,16,10,11,8,8,11,10,17,9,9,14,12,16,13,16,18,11,25,20,17,19,18,22,25,28,27,38,21,25,27,36,34,43,42,48,32,32,39,46,59,49,47,62,68,69,59,57,57,54,63,65,52,78,66,51,70,90,71,64,59,59,65,72,84,74,68,75,77,74,72,83,79,77,108,85,103,118,110,107,93,80,82,85,100,92,85,91,92,102,92,114,100,108,123,121,119,110,103,115,112,125,110,89,117,152,110,132,101,124,111,111,116,135,115,132,133,135,98,126,92,123,120,117,109,140,129,132,119,127,145,101,136,157,120,124,147,129,168,125,155,160,136,131,139,130,134,111,133,127,139,146,123,90,123,110,100,97,108,101,82,86,68,66,55,49,54,45,47,29,30,22,16,22,16,8,10,11,4,7,1,3,4,2,0,2,0,0,0,0,1,0,0,0,0,0,0,0,0,0,0,0,0,0,0,0,0,0,0,0,0,0,0,0,0,0,0,0,0,0,0,0,0,0,0,0,0
86.65,1,0,0,0,0,0,0,0,0,0,0,1,0,0,0,1,0,1,0,0,1,0,0,0,0,0,0,0,0,2,0,0,1,1,1,1,0,0,2,1,1,2,0,1,2,1,1,1,0,3,2,0,0,2,0,4,1,3,0,1,2,1,0,2,1,1,1,4,5,9,11,8,12,8,8,7,19,10,11,10,8,18,12,9,16,14,11,18,13,18,18,20,32,16,22,21,21,13,20,27,29,23,23,20,17,32,26,37,34,44,39,42,40,53,43,53,54,69,51,63,52,60,69,58,44,53,74,64,53,71,75,64,62,62,62,63,49,73,86,66,73,82,90,73,79,80,89,99,73,108,102,103,106,87,81,81,97,115,94,91,87,93,99,94,108,100,102,122,151,118,110,105,109,112,119,100,93,117,157,103,126,103,132,111,107,113,126,115,132,144,134,106,126,90,121,116,123,107,132,129,134,117,125,149,101,142,160,120,120,147,127,164,119,157,158,134,131,137,128,134,105,137,127,141,144,121,90,123,112,102,99,106,101,82,86,68,68,55,49,54,45,47,29,30,22,16,22,16,8,10,11,4,7,1,3,4,2,0,2,0,0,0,0,1,0,0,0,0,0,0,0,0,0,0,0,0,0,0,0,0,0,0,0,0,0,0,0,0,0,0,0,0,0,0,0,0,0,0,0,0
86.75,0,0,0,0,0,0,0,0,0,0,0,1,0,0,0,1,0,1,1,0,1,0,0,1,0,0,0,1,0,0,0,1,1,0,2,2,1,0,1,0,1,0,0,1,0,0,0,3,1,1,1,1,0,0,0,2,1,1,1,0,1,1,2,0,0,2,3,9,0,5,8,5,6,9,11,11,15,12,10,10,7,14,18,19,15,12,19,20,11,15,14,18,17,13,9,17,16,12,31,27,27,32,22,28,39,33,32,30,30,42,44,46,41,61,58,57,48,55,65,66,54,55,65,56,50,52,63,64,59,66,73,68,69,64,59,62,53,86,77,66,82,83,72,64,77,88,85,97,80,107,93,104,93,91,86,88,89,103,97,87,91,90,97,93,103,97,106,128,128,101,115,103,116,108,115,98,94,106,169,105,122,105,126,115,109,119,127,119,132,142,136,112,126,92,117,117,120,103,130,131,134,121,129,145,103,144,160,124,118,149,127,164,121,155,158,136,135,137,128,134,109,135,129,143,146,121,93,124,114,102,97,106,101,82,84,68,68,55,49,52,45,51,29,30,22,16,22,16,8,10,11,4,7,1,3,4,2,0,2,0,0,0,0,1,0,0,0,0,0,0,0,0,0,0,0,0,0,0,0,0,0,0,0,0,0,0,0,0,0,0,0,0,0,0,0,0,0,0,0,0
86.85,0,0,0,0,1,0,0,0,0,1,0,0,0,0,1,0,1,0,0,0,0,0,1,0,0,1,0,0,0,0,0,0,0,1,0,0,2,0,0,2,1,3,0,0,1,1,1,0,0,1,0,0,2,2,0,1,0,1,2,0,1,0,1,2,1,0,4,4,7,7,7,8,8,7,10,11,13,13,10,14,19,13,9,23,16,15,14,18,25,14,28,22,20,25,23,19,24,8,26,23,27,35,34,29,34,23,30,26,35,34,51,46,31,44,59,50,51,65,55,66,66,57,59,56,70,52,54,62,65,65,71,61,63,58,67,67,56,88,75,69,79,72,81,77,72,107,93,89,96,106,92,97,91,87,89,102,89,94,97,80,89,94,107,90,106,95,107,122,122,90,108,102,106,106,126,91,99,121,158,108,123,119,129,111,111,119,121,117,132,146,138,111,123,94,120,122,120,105,132,125,141,122,125,145,107,140,156,128,122,145,127,164,121,155,156,138,133,139,130,134,107,129,133,143,146,123,93,126,120,102,97,104,101,82,86,66,68,55,49,52,45,51,29,30,22,16,20,16,8,10,11,4,7,1,3,3,2,0,2,0,0,0,0,1,0,0,0,0,0,0,0,0,0,0,0,0,0,0,0,0,0,0,0,0,0,0,0,0,0,0,0,0,0,0,0,0,0,0,0,0
86.95,0,0,0,1,0,1,0,0,0,0,0,1,0,0,0,0,0,0,0,0,0,0,0,0,0,0,0,0,1,0,0,0,0,0,0,0,0,1,0,1,1,1,1,2,2,0,0,0,1,0,1,1,1,0,1,1,0,0,0,2,1,1,1,2,1,3,2,6,11,6,4,6,8,12,7,13,15,9,12,15,19,6,11,11,9,17,10,14,19,23,20,15,26,19,18,22,24,28,27,28,27,21,34,27,28,28,27,36,45,29,39,39,39,54,54,48,46,47,57,62,68,59,58,53,62,58,62,64,71,57,65,61,64,62,70,75,61,89,87,72,76,74,65,75,65,88,87,83,78,97,97,110,88,93,89,85,81,96,95,78,88,97,99,100,108,100,100,122,123,116,107,107,115,105,122,97,99,113,140,107,125,117,131,117,107,127,122,120,132,146,134,103,127,90,130,126,119,100,136,119,153,128,127,149,105,136,156,128,122,145,131,168,123,155,154,134,131,141,130,136,105,131,135,143,148,118,93,126,122,102,95,104,101,82,86,66,68,55,51,52,45,51,29,30,22,16,20,16,8,10,11,4,7,1,3,3,2,0,2,0,0,0,0,1,0,0,0,0,0,0,0,0,0,0,0,0,0,0,0,0,0,0,0,0,0,0,0,0,0,0,0,0,0,0,0,0,0,0,0,0
87.05,0,0,0,0,1,0,0,0,0,0,0,0,0,0,0,1,0,1,0,0,0,0,0,0,0,1,2,0,0,0,0,0,0,0,0,1,0,1,2,1,0,0,1,0,0,1,2,1,0,2,2,2,1,1,3,2,2,1,1,2,2,2,1,1,1,0,1,7,6,9,7,11,14,10,13,11,16,11,14,13,11,20,13,17,16,17,17,17,19,22,24,17,23,30,34,27,30,26,29,23,29,25,27,30,34,31,45,42,41,35,29,49,52,39,49,33,63,48,49,65,74,57,55,42,65,56,67,71,75,57,66,62,62,77,60,65,62,77,95,81,81,83,66,69,66,93,92,81,96,107,105,126,89,92,97,83,87,86,95,76,90,93,100,108,104,100,99,118,154,123,111,102,116,108,129,97,91,113,119,106,133,121,137,110,112,134,127,113,132,152,128,107,127,92,128,122,119,104,140,121,159,124,125,139,109,130,152,130,119,152,133,162,125,153,152,134,126,143,132,136,105,131,131,143,148,118,93,124,120,102,94,104,101,82,84,66,68,55,51,52,45,50,27,30,22,16,20,16,8,10,11,4,7,1,3,3,2,0,2,0,0,0,0,1,0,0,0,0,0,0,0,0,0,0,0,0,0,0,0,0,0,0,0,0,0,0,0,0,0,0,0,0,0,0,0,0,0,0,0,0
87.15,1,0,0,0,0,0,0,0,1,0,0,0,0,0,0,0,0,0,0,0,0,0,1,0,0,0,0,0,0,1,0,0,0,0,0,0,0,1,1,1,0,1,1,0,0,1,0,1,2,0,2,3,1,2,1,0,4,0,0,1,1,1,1,0,3,1,2,2,2,15,13,4,9,5,9,6,12,9,15,19,14,13,15,13,13,23,23,23,13,18,33,12,19,20,15,21,17,30,21,25,21,30,31,30,39,38,39,42,39,34,41,45,49,46,43,44,48,50,55,59,72,59,59,57,62,51,55,66,75,54,78,63,65,70,62,77,53,68,77,84,79,87,68,77,65,79,96,88,81,105,107,106,92,91,86,87,89,83,83,76,94,93,96,102,121,101,103,116,166,99,111,98,128,104,123,90,92,116,110,106,119,123,125,116,108,141,122,118,130,171,129,109,117,92,122,118,119,108,146,123,153,124,129,139,109,124,158,124,119,152,135,168,127,151,152,136,126,145,134,134,103,132,131,145,150,116,95,130,118,102,92,104,101,86,84,66,68,55,51,52,45,50,27,30,22,16,20,16,8,10,11,4,7,1,3,3,2,0,2,0,0,0,0,1,0,0,0,0,0,0,0,0,0,0,0,0,0,0,0,0,0,0,0,0,0,0,0,0,0,0,0,0,0,0,0,0,0,0,0,0
87.25,0,0,0,0,0,0,0,0,0,0,0,3,0,0,0,0,0,0,0,0,0,0,0,1,0,1,0,0,0,0,0,0,2,1,1,1,0,0,0,0,0,0,0,0,0,1,0,1,1,0,1,2,0,0,0,0,2,1,0,0,0,2,0,0,0,1,1,3,11,1,8,7,15,13,8,12,3,12,9,10,11,11,16,14,14,19,16,12,15,10,16,11,17,17,25,17,22,27,21,31,35,25,32,40,22,32,32,28,36,34,48,31,51,40,49,38,57,41,59,64,51,58,53,67,67,45,60,60,79,47,66,63,71,60,67,74,51,70,71,81,76,77,74,66,62,79,89,95,119,101,84,93,87,89,91,92,86,87,84,77,90,89,105,93,133,94,106,107,145,81,111,102,136,104,125,94,96,118,112,107,124,116,116,126,105,150,124,118,130,177,131,107,123,96,127,115,121,106,142,129,151,124,131,135,105,126,158,126,117,150,133,171,132,152,147,134,124,147,132,130,105,130,134,147,148,114,93,132,118,102,92,106,99,84,84,66,68,55,51,52,45,50,27,30,22,16,20,16,10,10,11,4,7,1,3,3,2,0,2,0,0,0,0,1,0,0,0,0,0,0,0,0,0,0,0,0,0,0,0,0,0,0,0,0,0,0,0,0,0,0,0,0,0,0,0,0,0,0,0,0
87.35,0,0,0,0,0,0,0,0,0,0,0,0,0,0,0,0,0,0,0,0,0,0,0,2,0,1,0,0,0,1,1,1,0,0,1,1,1,0,0,1,0,0,0,0,1,2,0,0,2,0,0,1,0,0,2,0,1,1,1,2,1,2,0,0,1,0,1,5,10,6,12,7,6,13,11,14,19,10,10,12,10,14,20,10,18,17,14,9,13,11,27,16,19,14,17,18,22,26,25,27,34,24,31,28,33,35,24,28,34,45,45,42,39,36,44,56,40,44,49,68,48,64,59,66,61,41,61,57,75,51,67,58,84,58,65,64,51,76,70,77,88,78,73,74,68,81,87,111,91,109,96,93,105,94,90,115,87,94,85,80,95,93,99,94,109,102,113,135,134,82,111,95,140,110,126,96,90,111,108,101,126,105,116,131,115,152,120,120,134,177,131,107,127,94,119,121,117,110,144,130,148,128,133,141,105,126,160,122,119,150,135,167,130,151,144,134,124,151,130,130,105,130,132,145,148,114,91,134,120,100,92,106,97,84,82,68,68,55,51,52,45,50,27,30,24,16,20,16,10,10,11,4,7,1,3,3,2,0,2,0,0,0,0,1,0,0,0,0,0,0,0,0,0,0,0,0,0,0,0,0,0,0,0,0,0,0,0,0,0,0,0,0,0,0,0,0,0,0,0,0
87.45,0,0,0,0,0,0,0,0,0,1,0,0,0,0,0,0,0,0,0,0,0,1,1,0,0,0,0,0,0,1,2,0,0,0,2,0,0,1,0,0,0,0,0,1,0,1,1,0,0,1,1,2,1,1,1,3,1,1,0,3,1,0,0,1,2,1,1,4,11,11,6,13,10,17,11,15,16,11,11,9,15,10,17,20,24,20,18,18,15,24,16,12,25,20,17,20,25,24,28,26,19,33,24,23,33,26,44,30,38,44,42,44,42,40,47,46,47,40,45,60,62,64,48,71,58,45,57,64,71,53,63,54,89,54,63,70,57,81,66,79,74,70,74,68,74,79,87,110,93,100,113,86,88,85,98,103,84,83,86,74,100,97,102,94,111,95,106,124,151,88,109,94,150,118,122,96,87,118,108,112,127,107,118,125,117,151,125,122,134,183,131,107,121,92,125,123,125,106,140,128,140,128,133,143,109,128,158,124,117,148,135,169,128,149,144,134,124,155,132,132,105,130,132,145,152,116,91,134,122,100,92,110,97,84,82,70,68,55,51,52,47,50,27,32,24,16,20,16,10,10,11,4,5,1,3,3,2,0,2,0,0,0,0,1,0,0,0,0,0,0,0,0,0,0,0,0,0,0,0,0,0,0,0,0,0,0,0,0,0,0,0,0,0,0,0,0,0,0,0,0
87.55,0,0,0,0,0,0,0,0,0,0,0,0,0,0,0,0,0,0,0,0,1,0,0,0,0,0,1,1,0,0,0,0,0,0,1,0,1,0,0,0,0,0,1,0,2,0,3,1,1,0,2,1,1,0,0,1,0,2,0,1,2,2,3,1,0,1,3,7,5,6,10,6,11,7,6,13,12,9,13,5,7,19,4,18,14,13,19,17,15,25,16,18,22,15,22,21,15,20,28,25,27,16,31,22,31,34,38,29,41,43,50,38,47,36,52,44,39,42,53,49,58,60,48,74,49,52,48,64,68,45,73,57,84,55,82,66,61,77,68,80,77,64,71,67,69,83,94,94,102,95,93,92,92,85,124,85,90,83,95,67,98,95,96,86,114,103,99,123,144,82,116,97,144,109,131,96,93,121,111,126,119,111,128,119,127,151,119,112,128,172,133,102,115,94,120,125,131,104,134,130,130,134,133,147,105,123,157,124,117,146,135,171,128,147,144,136,126,151,132,136,105,132,130,146,148,116,91,134,122,102,90,110,101,86,80,70,67,55,51,52,47,50,27,32,24,16,20,16,10,10,11,4,5,1,3,3,2,0,2,0,0,0,0,1,0,0,0,0,0,0,0,0,0,0,0,0,0,0,0,0,0,0,0,0,0,0,0,0,0,0,0,0,0,0,0,0,0,0,0,0
87.65,0,0,0,1,0,0,0,1,0,0,0,0,0,0,0,0,0,0,1,0,1,0,0,1,0,0,0,0,1,0,0,0,0,1,0,0,2,0,0,1,0,0,2,0,1,2,1,1,1,0,1,3,1,0,1,1,3,5,2,0,3,1,2,1,1,2,1,5,7,9,8,16,7,13,9,13,5,11,9,12,10,11,15,17,14,9,18,17,19,10,15,18,15,15,29,18,20,14,32,25,28,26,22,32,36,31,30,33,40,31,41,38,41,45,45,47,45,44,44,50,59,59,56,61,54,46,47,68,75,47,64,59,77,55,64,70,60,67,75,78,71,71,81,63,68,73,103,92,118,107,97,89,103,90,85,86,77,85,107,73,98,97,94,87,121,105,93,121,139,82,110,93,122,109,121,92,90,126,108,111,123,110,121,128,144,131,115,110,126,172,123,106,117,88,121,118,119,98,138,132,122,132,125,151,105,129,157,122,119,150,137,171,128,147,144,131,125,143,132,136,105,131,130,140,148,116,89,134,122,102,90,108,101,84,78,70,67,53,49,52,47,50,27,32,24,16,20,16,10,10,11,4,5,1,3,3,2,0,2,0,0,0,0,1,0,0,0,0,0,0,0,0,0,0,0,0,0,0,0,0,0,0,0,0,0,0,0,0,0,0,0,0,0,0,0,0,0,0,0,0
87.75,0,0,1,0,0,0,0,0,0,0,0,0,0,0,0,0,0,0,0,0,0,1,1,1,1,0,1,0,0,0,0,0,0,0,1,0,0,2,0,1,0,0,1,1,2,2,0,2,2,0,1,0,0,3,0,3,0,0,1,2,1,2,0,2,2,0,4,1,9,13,12,12,10,9,11,7,18,9,6,15,15,16,19,14,9,17,14,12,20,26,14,11,16,21,22,27,24,20,22,20,30,33,42,39,28,22,35,38,39,38,27,44,32,43,45,42,60,39,44,56,54,59,56,58,59,42,49,69,71,48,63,56,73,60,61,55,65,74,70,82,81,64,81,60,78,71,87,96,94,103,86,85,102,92,88,85,81,86,92,72,99,94,94,105,110,106,99,113,141,82,116,97,122,119,135,92,92,129,103,125,127,108,123,118,143,140,121,122,128,181,120,102,131,88,123,120,117,102,138,130,118,130,127,143,109,136,150,122,119,150,137,175,130,145,148,129,127,141,126,138,105,121,128,138,143,117,89,132,120,100,90,108,101,82,78,70,67,53,49,54,45,48,27,32,24,16,20,16,10,10,11,4,5,1,3,3,2,0,2,0,0,0,0,1,0,0,0,0,0,0,0,0,0,0,0,0,0,0,0,0,0,0,0,0,0,0,0,0,0,0,0,0,0,0,0,0,0,0,0,0
87.85,0,0,0,0,0,0,0,0,0,0,1,0,0,0,0,0,0,0,0,0,1,0,0,0,0,0,0,0,0,0,0,1,0,1,0,0,0,0,1,1,0,0,0,1,0,2,2,3,0,3,2,0,2,1,3,0,0,0,1,1,0,2,0,3,3,1,2,2,9,6,7,9,10,5,8,9,7,12,6,9,13,17,17,9,15,18,12,13,15,16,18,16,14,20,18,21,31,33,25,40,21,28,28,31,33,36,30,37,32,29,44,38,39,41,47,47,50,38,43,59,43,66,50,64,52,46,55,68,71,59,63,53,85,65,60,51,66,70,70,83,66,68,75,60,79,73,90,118,99,87,85,95,105,103,89,82,92,86,90,76,105,94,93,96,116,100,102,120,120,79,112,98,119,121,135,96,90,157,107,103,129,108,128,123,130,135,121,122,128,161,130,106,137,96,127,130,120,108,130,130,110,118,127,147,107,142,150,124,121,148,143,173,128,149,152,132,124,143,120,130,111,119,128,136,145,113,91,130,126,100,90,108,101,82,76,70,67,53,49,54,45,48,27,32,24,16,20,16,10,10,11,4,5,1,3,3,2,0,2,0,0,0,0,1,0,0,0,0,0,0,0,0,0,0,0,0,0,0,0,0,0,0,0,0,0,0,0,0,0,0,0,0,0,0,0,0,0,0,0,0
87.95,0,0,0,1,0,0,0,0,0,0,0,0,0,0,1,0,0,0,0,1,0,1,0,0,0,0,1,0,0,0,0,0,0,0,0,0,0,0,1,0,0,0,0,1,0,3,0,0,0,2,0,3,1,1,0,0,1,1,0,1,1,1,1,3,2,2,0,3,15,7,16,7,15,16,5,12,11,10,10,11,17,16,21,16,22,14,19,20,27,14,19,19,19,22,25,29,23,17,20,31,26,21,30,40,26,39,30,35,38,32,47,37,39,39,50,45,43,57,37,59,49,61,64,56,44,46,55,70,70,65,57,56,59,77,64,65,62,68,93,96,68,69,77,64,76,69,100,99,86,84,82,86,105,85,97,82,86,97,84,72,100,94,99,95,114,102,96,117,117,79,112,97,121,137,114,92,108,131,106,105,120,105,124,123,128,121,123,120,125,154,132,110,133,94,125,128,120,106,130,129,107,121,128,147,108,142,154,126,121,152,141,173,129,150,154,132,124,141,118,130,111,119,128,136,143,115,87,132,122,100,90,108,101,82,78,72,67,53,51,54,45,48,27,32,24,18,20,16,10,10,11,4,5,1,3,3,2,0,2,0,0,0,0,1,0,0,0,0,0,0,0,0,0,0,0,0,0,0,0,0,0,0,0,0,0,0,0,0,0,0,0,0,0,0,0,0,0,0,0,0
88.05,0,0,0,0,1,0,0,0,0,0,0,0,0,0,0,1,1,0,1,0,1,0,1,0,0,0,1,0,0,0,0,1,0,0,0,0,1,0,0,1,0,0,0,1,0,0,1,1,1,0,1,3,1,1,2,1,6,0,0,0,3,1,3,1,1,1,0,7,5,10,12,10,11,6,15,8,8,12,13,12,6,13,13,17,13,19,16,9,19,16,26,14,21,17,18,21,26,23,26,35,33,26,31,20,27,35,39,43,42,43,36,37,41,47,39,40,54,44,49,59,50,53,70,56,47,49,53,74,60,57,66,51,56,66,74,59,67,68,76,85,68,62,74,70,74,71,107,102,85,91,87,85,98,94,100,85,94,91,87,71,99,94,90,113,114,98,104,122,116,79,114,99,127,151,124,97,98,122,108,103,126,105,124,127,120,115,115,112,133,144,128,106,133,94,117,118,120,104,137,133,109,125,124,150,105,138,158,126,123,150,133,171,129,146,156,130,122,138,119,128,109,119,128,140,145,117,87,130,120,100,90,108,99,82,78,72,67,53,51,54,45,48,27,32,24,18,20,16,10,10,11,4,5,1,3,3,2,0,2,0,0,0,0,1,0,0,0,0,0,0,0,0,0,0,0,0,0,0,0,0,0,0,0,0,0,0,0,0,0,0,0,0,0,0,0,0,0,0,0,0
88.15,0,0,0,0,0,0,0,0,0,0,0,0,0,0,1,0,0,0,0,0,0,2,0,0,0,1,0,1,0,0,0,0,0,0,0,1,2,0,0,1,0,1,0,3,0,0,2,1,0,0,1,3,1,1,1,1,2,2,0,1,1,0,1,0,1,0,1,2,7,6,9,8,9,9,17,13,9,7,13,9,13,12,19,16,9,11,8,14,13,11,18,16,29,28,25,22,23,28,21,29,30,18,32,31,37,38,44,35,46,35,34,43,41,47,45,39,65,43,49,43,51,55,61,56,47,58,56,67,57,61,65,64,63,74,79,62,73,58,69,84,66,62,82,64,70,82,92,106,95,85,85,86,97,83,100,85,85,94,88,68,90,90,98,109,112,95,97,130,118,79,115,96,110,141,114,95,98,115,109,99,128,105,122,119,124,117,121,119,145,140,126,102,133,98,122,118,117,102,139,131,105,131,124,148,109,140,156,128,119,148,133,169,123,148,156,132,122,134,117,130,109,121,128,136,145,125,87,130,120,100,90,108,99,80,78,74,67,53,51,54,45,48,27,32,24,18,18,16,10,10,11,4,5,1,3,3,2,0,2,0,0,0,0,1,0,0,0,0,0,0,0,0,0,0,0,0,0,0,0,0,0,0,0,0,0,0,0,0,0,0,0,0,0,0,0,0,0,0,0,0
88.25,0,0,0,0,0,0,0,0,0,0,0,0,1,0,0,0,0,0,0,0,1,0,0,0,1,0,0,0,0,0,1,0,0,1,1,1,1,1,0,0,0,0,0,1,0,3,3,0,2,1,1,2,0,1,0,1,1,0,0,0,1,0,2,0,0,1,0,3,5,5,6,12,3,8,6,11,22,13,14,13,16,15,14,14,13,17,15,16,16,21,18,17,20,17,14,16,19,17,30,25,22,29,29,28,37,39,37,35,31,46,52,33,47,45,42,47,63,47,51,43,51,53,60,49,46,59,56,71,52,77,65,71,57,67,76,58,76,62,68,97,68,61,86,67,69,79,93,98,95,79,81,103,115,83,91,80,80,88,87,76,95,93,94,81,109,101,109,133,142,81,111,100,111,126,114,94,95,126,105,105,124,109,132,115,126,131,123,113,141,152,128,106,129,96,128,116,121,104,135,127,105,126,124,146,111,138,152,132,117,148,137,167,121,146,150,134,126,136,115,126,111,119,130,134,145,123,89,130,118,102,92,112,99,80,82,74,67,55,51,54,45,48,27,32,24,18,18,16,10,10,11,4,5,1,3,3,2,0,2,0,0,0,0,1,0,0,0,0,0,0,0,0,0,0,0,0,0,0,0,0,0,0,0,0,0,0,0,0,0,0,0,0,0,0,0,0,0,0,0,0
88.35,0,0,0,0,0,0,0,0,0,0,0,0,0,0,0,0,0,0,0,0,1,0,0,0,1,0,1,0,0,0,0,1,1,0,1,0,1,1,0,0,1,0,1,0,0,2,1,0,1,1,4,2,0,3,0,1,5,1,0,1,2,2,1,5,3,1,3,5,14,6,7,6,9,10,16,13,10,8,9,11,13,12,20,16,26,18,15,16,20,23,17,14,16,16,15,27,26,24,18,25,22,34,28,33,36,48,30,27,31,44,48,50,53,35,35,50,49,54,53,44,47,46,64,48,45,62,58,62,55,59,50,56,54,68,67,64,62,52,70,79,66,64,91,70,64,70,92,102,89,83,82,93,94,79,96,82,83,86,89,72,98,93,94,86,105,105,95,151,136,78,117,97,105,105,121,94,99,112,101,99,134,109,119,122,125,137,118,115,127,142,123,106,119,94,130,112,121,104,143,135,106,121,126,146,119,136,154,128,123,148,135,161,122,148,156,134,128,136,117,126,115,119,130,134,143,125,89,130,118,100,92,108,99,80,82,74,69,57,49,54,45,48,27,32,24,18,18,16,10,10,11,4,5,1,3,3,2,0,2,0,0,0,0,1,0,0,0,0,0,0,0,0,0,0,0,0,0,0,0,0,0,0,0,0,0,0,0,0,0,0,0,0,0,0,0,0,0,0,0,0
88.45,0,0,0,0,0,0,0,0,0,0,0,0,0,0,1,0,0,0,0,0,0,0,0,1,0,0,0,0,0,1,1,0,0,0,1,1,0,1,0,0,0,0,0,1,2,0,0,0,1,0,1,1,0,1,1,2,2,0,1,0,0,0,0,2,0,1,4,3,6,8,6,14,10,15,11,12,3,10,14,14,13,11,12,11,15,14,17,20,11,19,19,19,24,21,17,23,20,20,26,24,32,30,26,47,42,23,26,36,24,35,43,44,48,38,35,62,47,59,54,43,38,43,64,47,45,68,56,57,53,72,52,57,63,60,70,63,66,73,69,85,65,66,81,83,69,80,120,117,90,81,87,100,91,81,90,85,90,91,89,74,92,96,97,88,103,102,99,140,136,81,109,100,104,110,112,90,91,116,101,99,130,103,129,120,131,127,114,115,129,138,127,108,123,90,122,114,119,104,143,137,98,121,126,144,127,136,156,126,125,142,135,161,124,152,156,138,126,138,117,128,115,119,128,134,143,127,89,130,118,102,92,106,99,80,82,74,69,57,49,54,45,48,27,32,24,18,18,18,10,10,11,4,5,1,3,3,2,0,2,0,0,0,0,1,0,0,0,0,0,0,0,0,0,0,0,0,0,0,0,0,0,0,0,0,0,0,0,0,0,0,0,0,0,0,0,0,0,0,0,0
88.55,0,0,1,0,0,0,0,0,0,1,0,0,0,0,0,0,0,0,0,0,2,0,0,0,1,1,1,0,0,1,0,1,0,0,0,1,1,2,0,2,0,3,2,1,0,1,1,3,2,0,1,2,1,1,0,0,1,2,1,0,1,0,2,1,0,1,1,7,2,1,5,10,10,10,11,9,12,6,16,11,10,11,10,15,9,16,10,7,15,13,11,17,15,15,18,26,26,21,30,28,17,29,28,36,24,27,37,31,29,28,38,41,38,37,47,55,57,58,59,43,35,49,50,50,45,67,60,58,51,64,45,57,64,56,59,62,69,65,62,83,67,63,81,68,68,76,118,109,89,81,93,96,89,90,86,104,78,87,88,78,90,93,94,86,115,106,109,142,126,77,111,100,110,114,116,96,97,109,100,105,127,105,127,124,131,113,118,113,123,141,127,110,131,92,124,117,112,108,139,139,106,121,128,146,123,132,156,124,125,148,133,161,120,152,158,134,130,138,117,132,115,119,126,136,141,127,89,130,118,104,92,102,99,80,82,74,69,57,49,54,45,48,27,34,24,18,18,18,10,10,11,4,5,1,3,3,2,0,2,0,0,0,0,1,0,0,0,0,0,0,0,0,0,0,0,0,0,0,0,0,0,0,0,0,0,0,0,0,0,0,0,0,0,0,0,0,0,0,0,0
88.65,0,0,0,0,0,0,0,0,0,0,0,0,0,0,0,0,0,0,0,0,1,0,0,0,0,0,0,0,0,0,0,1,0,0,0,0,1,1,0,0,0,0,1,1,1,0,3,1,0,1,0,1,1,2,1,0,0,1,2,0,1,0,1,1,2,1,2,4,9,7,8,11,7,15,14,8,12,13,14,15,14,16,20,18,12,14,15,21,12,15,10,16,23,21,25,24,23,21,25,29,31,27,28,22,42,33,29,29,43,30,27,40,29,54,37,43,42,55,58,40,36,38,50,50,48,60,57,62,53,61,49,59,68,61,54,78,68,64,60,88,83,65,81,64,74,73,114,105,108,87,91,118,88,88,90,86,90,88,86,80,96,91,101,85,104,103,87,139,118,79,114,95,108,132,113,91,102,114,102,100,128,113,141,114,130,106,120,117,129,151,129,100,129,90,122,123,118,104,137,135,110,123,126,149,122,131,159,124,125,148,131,165,120,152,156,137,127,142,113,126,115,119,130,138,139,127,89,128,118,100,92,102,97,80,82,74,67,57,49,54,45,48,27,34,24,18,18,18,10,10,11,4,5,1,3,3,2,0,2,0,0,0,0,1,0,0,0,0,0,0,0,0,0,0,0,0,0,0,0,0,0,0,0,0,0,0,0,0,0,0,0,0,0,0,0,0,0,0,0,0
88.75,0,0,0,0,0,0,0,0,0,0,0,0,0,0,0,0,1,1,0,0,0,0,0,1,0,0,1,0,1,1,0,0,0,0,0,1,0,0,2,0,0,0,3,1,1,0,1,0,1,1,1,1,1,0,2,0,0,0,2,1,0,0,3,0,2,4,1,9,7,8,9,10,12,8,9,13,11,12,12,9,9,12,12,15,14,14,16,15,15,19,15,24,20,21,24,23,22,25,21,20,28,27,21,30,28,29,38,33,38,36,29,41,38,34,50,36,36,46,59,35,43,41,53,45,57,56,58,60,49,67,55,54,73,65,60,60,66,70,57,81,64,76,84,65,69,76,112,98,98,100,103,97,91,85,86,83,79,88,88,79,92,91,95,91,100,102,90,129,106,78,111,101,104,118,111,91,91,115,106,104,134,118,128,120,124,112,123,117,133,144,139,106,133,96,124,125,118,104,139,137,106,123,132,151,128,129,157,124,122,148,135,167,122,152,158,135,133,142,115,126,115,120,128,136,139,127,87,128,118,100,92,104,95,80,82,74,67,57,49,52,45,46,27,34,24,18,18,18,10,10,11,4,5,1,3,3,2,0,2,0,0,0,0,1,0,0,0,0,0,0,0,0,0,0,0,0,0,0,0,0,0,0,0,0,0,0,0,0,0,0,0,0,0,0,0,0,0,0,0,0
88.85,0,0,0,0,0,0,0,0,1,0,0,0,0,0,0,0,0,0,0,0,0,0,0,0,0,0,0,1,0,0,0,0,0,1,1,2,0,2,1,2,0,1,0,0,3,1,4,1,0,2,2,2,0,1,2,2,0,0,0,0,0,0,0,0,1,0,1,4,4,11,7,7,13,12,6,11,7,3,17,9,12,13,12,12,9,8,12,18,11,13,18,17,24,22,22,26,18,23,13,21,25,27,26,31,27,35,36,51,40,29,43,31,41,35,47,41,46,52,44,41,42,43,47,49,49,59,63,53,46,67,52,60,57,56,65,54,72,70,52,93,80,76,87,71,70,83,107,107,98,83,95,94,99,93,85,80,81,84,84,86,90,93,105,96,103,108,92,130,106,79,117,99,116,126,115,91,99,109,106,102,136,116,130,116,129,110,120,111,137,144,141,104,133,94,128,123,120,104,135,127,110,123,132,155,128,131,157,126,124,148,133,169,122,152,156,136,133,142,115,124,117,122,126,136,137,125,89,128,118,100,92,104,95,80,82,75,65,57,49,52,45,46,27,34,24,16,18,18,10,10,11,4,5,1,3,3,2,0,2,0,0,0,0,1,0,0,0,0,0,0,0,0,0,0,0,0,0,0,0,0,0,0,0,0,0,0,0,0,0,0,0,0,0,0,0,0,0,0,0,0
88.95,0,0,0,0,0,0,0,0,0,0,0,0,0,0,0,0,0,0,0,0,1,0,0,0,0,1,0,0,1,0,0,0,1,2,0,0,0,1,1,1,0,0,1,1,0,2,0,0,1,2,3,0,1,2,0,1,2,1,4,2,0,1,0,1,0,1,0,9,5,6,13,10,10,11,11,17,9,9,14,7,12,16,18,16,17,19,9,15,18,15,13,18,29,20,23,18,17,26,29,26,26,21,24,33,26,33,31,37,43,43,39,33,33,40,48,40,46,54,37,52,38,40,39,49,55,56,62,66,48,67,51,61,59,56,59,66,79,71,55,89,73,72,85,62,75,82,119,149,92,80,86,91,84,93,88,83,79,94,82,80,90,90,99,93,100,99,88,129,116,77,109,98,114,111,111,97,99,109,103,110,133,104,136,117,123,112,118,121,133,146,139,102,147,94,122,121,124,102,131,127,114,123,130,149,124,133,153,128,126,148,129,169,128,150,158,140,129,144,115,128,119,122,126,140,137,125,89,130,118,100,90,102,95,80,82,75,65,57,49,52,45,46,27,34,24,16,18,18,10,10,11,4,5,1,3,3,2,0,2,0,0,0,0,1,0,0,0,0,0,0,0,0,0,0,0,0,0,0,0,0,0,0,0,0,0,0,0,0,0,0,0,0,0,0,0,0,0,0,0,0
89.05,0,0,0,0,0,0,0,0,0,0,0,0,0,0,0,0,0,0,0,0,0,0,1,2,0,0,0,0,0,1,0,1,0,1,1,1,0,0,1,1,0,2,0,0,0,4,2,1,1,1,0,1,0,1,2,3,0,1,3,1,1,0,2,2,0,1,0,4,8,6,9,13,6,16,7,17,11,3,10,10,8,18,10,8,18,12,14,17,16,18,22,20,18,15,20,16,16,23,18,19,29,27,34,20,34,26,33,42,32,43,44,45,33,39,43,44,51,41,41,54,42,34,45,57,54,51,54,61,46,66,49,62,60,71,57,59,73,73,59,69,79,64,107,61,73,73,95,113,88,77,88,89,82,83,88,88,83,94,84,76,94,91,96,91,102,105,88,131,137,78,111,98,110,121,111,91,93,109,105,124,126,109,131,114,131,108,118,121,133,146,129,105,140,96,124,129,116,110,131,125,112,125,126,147,128,137,150,121,120,144,129,171,130,152,158,138,125,142,119,130,119,122,128,140,139,123,93,130,116,98,90,100,95,82,82,75,65,57,49,52,45,46,27,34,24,16,18,18,10,10,11,4,5,1,3,3,2,0,2,0,0,0,0,1,0,0,0,0,0,0,0,0,0,0,0,0,0,0,0,0,0,0,0,0,0,0,0,0,0,0,0,0,0,0,0,0,0,0,0,0
89.15,0,0,0,0,0,0,0,0,0,0,0,0,0,0,0,0,0,0,0,0,0,0,0,0,0,0,0,1,0,0,0,0,0,0,0,0,0,1,3,0,0,0,0,1,1,2,0,1,0,0,1,0,2,2,0,2,0,3,1,3,1,2,2,0,1,2,2,2,9,8,10,15,5,5,9,15,6,7,4,11,18,8,12,6,16,15,10,24,13,19,23,22,20,24,17,19,21,25,22,17,18,27,21,37,33,30,30,31,37,50,37,39,34,40,37,52,50,48,34,47,51,35,37,57,53,54,50,67,42,58,61,67,53,54,58,61,81,86,63,73,77,71,85,60,76,70,104,130,91,83,83,116,79,87,86,92,81,101,86,84,93,92,95,95,100,103,96,143,127,76,109,100,110,113,109,94,99,116,109,153,125,111,123,118,131,110,118,119,133,136,125,109,146,92,126,123,114,106,139,125,108,128,125,139,140,135,148,127,120,146,131,177,130,156,156,140,121,140,125,128,119,120,128,140,139,125,89,128,116,98,94,100,95,82,82,75,65,57,49,52,45,46,27,34,24,16,18,18,10,10,11,4,5,1,3,3,2,0,2,0,0,0,0,1,0,0,0,0,0,0,0,0,0,0,0,0,0,0,0,0,0,0,0,0,0,0,0,0,0,0,0,0,0,0,0,0,0,0,0,0
89.25,0,0,0,0,1,0,0,0,0,0,0,0,0,1,1,0,0,0,0,0,0,0,0,1,1,0,1,0,0,0,0,1,0,0,1,0,0,1,2,2,0,1,0,1,0,1,1,2,2,0,1,1,1,1,0,2,2,1,1,1,0,0,1,1,0,0,0,4,5,9,7,8,14,7,14,9,15,5,10,16,14,9,11,13,13,17,17,13,16,13,16,14,15,13,30,17,21,34,19,22,23,30,26,26,34,29,40,19,38,37,48,44,36,52,36,47,53,43,35,42,48,36,36,57,61,69,57,62,47,55,54,76,56,60,58,62,72,66,49,69,91,70,71,63,71,76,108,87,89,68,84,116,91,89,87,95,79,98,88,95,91,92,93,95,104,104,91,143,127,80,113,99,107,113,115,90,100,109,101,161,125,105,151,116,139,112,122,107,133,151,126,107,138,96,124,123,116,106,139,131,106,130,123,143,142,135,148,129,121,141,131,179,132,157,155,142,121,142,125,128,115,120,130,142,137,127,89,126,114,100,94,104,93,79,81,77,65,57,49,52,45,46,27,32,26,16,18,18,10,10,11,4,5,1,3,3,2,0,2,0,0,0,0,1,0,0,0,0,0,0,0,0,0,0,0,0,0,0,0,0,0,0,0,0,0,0,0,0,0,0,0,0,0,0,0,0,0,0,0,0
89.35,0,0,0,0,0,0,0,0,0,0,0,0,1,0,0,0,0,0,0,0,2,0,1,0,0,1,1,0,1,0,1,0,0,0,1,1,1,0,1,1,1,0,1,0,1,1,0,0,1,1,3,3,0,1,0,3,1,1,2,1,0,1,1,1,1,0,2,4,6,6,6,14,11,5,7,11,7,9,7,9,15,14,13,13,12,11,13,22,18,19,17,33,21,24,15,20,22,17,29,32,22,19,26,25,28,39,28,32,32,38,40,44,43,48,44,58,48,38,31,45,43,41,37,56,61,59,54,64,50,51,50,72,54,69,58,72,71,64,63,70,95,72,69,62,72,75,111,96,98,67,96,108,87,77,83,75,93,112,84,80,94,94,86,98,106,110,93,135,137,78,113,97,105,111,112,95,98,111,105,157,125,111,127,114,137,104,123,110,127,155,131,104,132,90,124,121,122,106,133,135,102,126,127,137,160,141,148,127,119,139,133,177,130,159,151,140,127,142,127,128,113,120,132,142,137,123,87,126,114,100,94,106,93,79,81,79,65,57,49,52,45,46,27,32,26,16,18,18,10,10,11,4,5,1,3,3,2,0,2,0,0,0,0,1,0,0,0,0,0,0,0,0,0,0,0,0,0,0,0,0,0,0,0,0,0,0,0,0,0,0,0,0,0,0,0,0,0,0,0,0
89.45,1,0,0,0,0,0,0,0,0,0,0,0,0,0,0,1,0,0,0,0,0,0,0,0,0,0,0,0,0,0,0,0,1,1,0,1,3,0,0,0,0,0,0,2,1,1,0,1,0,1,3,0,1,1,0,1,2,1,0,0,1,1,0,2,0,2,1,5,10,4,7,9,13,17,12,8,8,15,10,14,12,11,14,14,14,10,14,15,17,15,26,9,13,29,18,20,19,24,28,20,18,25,22,33,27,31,35,24,44,42,28,45,54,44,45,56,45,49,38,38,47,41,40,53,59,55,63,68,54,55,52,72,51,62,59,58,68,63,60,68,87,69,75,62,71,73,100,98,91,65,89,103,77,80,81,94,98,127,85,82,112,98,97,94,99,104,93,129,133,82,108,105,108,117,114,97,96,105,113,125,119,115,121,115,135,109,127,108,133,153,131,108,128,94,118,119,122,100,137,139,104,134,127,139,174,139,150,123,117,137,133,177,128,157,153,138,125,146,126,127,111,120,132,142,137,125,87,126,112,100,94,108,93,77,83,75,65,57,49,52,45,43,27,32,26,16,18,20,10,10,11,4,5,1,3,3,2,0,2,0,0,0,0,1,0,0,0,0,0,0,0,0,0,0,0,0,0,0,0,0,0,0,0,0,0,0,0,0,0,0,0,0,0,0,0,0,0,0,0,0
89.55,0,0,0,0,0,0,0,0,0,0,0,0,0,0,0,0,0,1,0,0,0,0,0,0,1,0,0,0,2,0,0,0,0,1,1,1,0,0,2,1,0,1,0,0,0,0,3,0,2,2,2,1,1,1,2,1,0,2,0,0,0,0,2,0,1,0,1,8,14,5,7,5,7,14,9,4,8,11,6,10,16,12,13,11,14,10,16,7,21,16,18,21,10,21,12,18,23,31,19,37,28,27,29,30,32,29,20,30,32,26,44,40,50,45,47,45,45,47,33,43,44,46,37,61,57,54,55,65,57,51,49,63,57,63,65,53,72,65,72,72,81,73,76,61,70,79,89,93,111,66,87,108,77,84,87,74,78,97,93,81,97,98,95,96,101,110,93,127,155,78,116,95,107,124,114,89,96,113,106,128,135,111,131,117,127,106,121,118,133,144,124,104,130,92,122,117,122,100,139,139,104,126,124,138,184,139,156,125,119,141,131,170,126,155,155,136,125,146,128,127,113,122,132,140,137,127,87,126,112,100,92,104,93,77,85,75,65,57,49,52,45,43,27,32,26,16,18,20,10,10,11,4,5,1,3,3,2,0,2,0,0,0,0,1,0,0,0,0,0,0,0,0,0,0,0,0,0,0,0,0,0,0,0,0,0,0,0,0,0,0,0,0,0,0,0,0,0,0,0,0
89.65,0,0,0,0,0,1,0,0,0,0,0,0,0,0,0,0,0,0,0,0,0,1,0,0,0,0,0,0,0,0,0,1,1,0,1,0,1,0,2,1,0,0,0,1,0,0,1,0,0,0,0,0,1,1,1,3,2,0,0,3,1,2,2,0,0,0,0,7,4,6,9,14,9,10,8,10,4,11,16,18,19,12,11,14,13,12,10,17,19,15,19,18,28,22,14,22,27,29,23,22,45,28,29,31,29,18,32,35,38,34,35,43,54,54,46,40,47,43,39,46,48,43,44,64,54,59,54,53,54,51,54,61,56,72,74,56,68,62,68,75,100,62,73,63,65,75,93,94,90,65,80,105,79,98,92,92,75,99,91,83,95,93,93,86,103,114,104,132,119,78,110,99,109,141,113,89,96,111,108,136,129,121,125,111,134,108,115,117,134,146,128,104,128,94,130,120,124,103,136,135,104,128,127,136,188,141,158,126,117,143,137,169,128,155,153,138,125,144,128,127,113,126,132,138,139,127,89,126,112,98,92,104,93,75,85,79,69,57,49,52,45,43,27,32,26,16,18,20,10,10,11,4,5,1,3,3,2,0,2,0,0,0,0,1,0,0,0,0,0,0,0,0,0,0,0,0,0,0,0,0,0,0,0,0,0,0,0,0,0,0,0,0,0,0,0,0,0,0,0,0
89.75,0,0,1,0,0,0,0,0,0,0,0,1,0,0,0,0,0,0,1,0,0,0,1,1,0,0,1,0,0,0,0,1,0,0,0,1,2,0,0,0,1,1,1,0,1,0,0,0,1,1,1,2,1,1,1,2,1,1,1,1,2,1,0,1,2,2,0,5,6,7,9,6,8,9,13,10,16,11,9,12,17,14,12,14,12,15,16,11,13,24,17,24,19,24,30,22,20,25,20,24,22,33,28,37,37,28,27,30,29,38,43,43,49,53,45,44,53,41,42,44,48,37,46,46,58,55,52,49,67,46,51,67,55,60,70,51,62,59,70,75,90,64,76,63,67,70,95,89,85,77,83,90,74,93,97,87,81,98,90,77,90,90,99,92,99,100,94,120,131,80,108,101,105,162,118,97,96,107,104,133,126,117,123,113,136,112,125,113,130,144,135,107,132,88,134,122,116,101,136,137,104,130,127,136,188,133,158,126,118,146,143,171,130,153,151,140,125,146,128,127,113,128,132,138,139,125,89,124,116,94,92,103,92,75,85,79,69,57,49,52,45,43,27,32,26,16,18,20,10,10,11,4,5,1,3,3,2,0,2,0,0,0,0,1,0,0,0,0,0,0,0,0,0,0,0,0,0,0,0,0,0,0,0,0,0,0,0,0,0,0,0,0,0,0,0,0,0,0,0,0
89.85,0,0,0,1,0,0,0,0,0,0,0,0,0,0,0,0,1,0,1,0,0,1,1,1,1,0,0,0,2,0,0,0,1,0,1,0,2,1,0,2,0,0,0,1,0,1,0,1,2,1,4,2,1,0,1,3,0,1,1,1,0,0,0,2,2,2,1,5,10,9,11,11,8,10,14,8,10,12,13,7,11,16,17,14,14,19,14,9,18,16,9,28,18,19,31,20,28,22,24,34,24,28,32,33,29,33,39,31,38,47,29,44,50,48,52,46,46,41,49,39,49,39,49,43,61,52,55,48,62,44,44,60,64,62,65,50,77,53,66,82,80,71,80,59,67,73,98,88,90,72,95,88,76,88,86,77,84,88,82,81,93,96,92,92,105,102,88,116,123,78,118,97,133,152,120,89,100,112,103,121,126,111,127,109,128,111,122,110,133,147,131,104,128,92,131,117,114,107,134,137,106,128,132,137,190,135,156,119,119,142,139,165,130,151,145,146,125,144,128,127,111,130,132,138,141,121,89,124,120,96,92,105,92,75,85,79,69,59,49,52,45,43,27,32,28,16,18,20,10,10,11,4,5,1,3,3,2,0,2,0,0,0,0,1,0,0,0,0,0,0,0,0,0,0,0,0,0,0,0,0,0,0,0,0,0,0,0,0,0,0,0,0,0,0,0,0,0,0,0,0
89.95,0,0,0,0,0,0,1,0,0,0,0,0,0,0,0,0,1,0,0,0,0,0,0,1,1,0,1,0,1,1,0,1,1,0,0,0,0,0,0,0,1,0,0,0,0,2,1,0,2,3,1,1,0,0,1,1,3,0,1,1,0,2,2,1,0,3,3,5,9,10,12,12,9,8,15,8,13,9,10,13,14,17,15,14,13,11,12,18,17,21,18,15,23,15,22,31,19,28,20,30,31,21,35,26,28,36,37,43,29,34,32,36,51,50,39,54,46,42,51,40,46,51,48,45,67,52,53,55,60,43,45,51,82,64,65,48,62,58,63,82,88,58,93,60,69,69,93,94,102,82,81,93,74,82,84,77,94,86,92,80,88,90,96,93,107,102,88,116,111,80,106,103,134,136,125,93,96,104,107,105,128,95,127,119,132,113,120,110,137,141,132,97,126,98,124,114,116,103,134,137,104,130,132,146,195,137,154,117,123,142,137,165,126,149,145,146,123,144,126,129,111,132,132,140,141,121,91,126,118,98,96,105,92,75,87,79,69,59,49,54,43,43,27,32,28,16,18,20,8,10,11,4,5,1,3,3,2,0,2,0,0,0,0,1,0,0,0,0,0,0,0,0,0,0,0,0,0,0,0,0,0,0,0,0,0,0,0,0,0,0,0,0,0,0,0,0,0,0,0,0
90.05,0,0,0,0,0,0,0,0,0,0,0,0,0,0,2,0,1,0,0,0,0,0,1,2,0,0,0,0,0,0,0,0,0,2,1,1,0,3,0,1,1,0,0,1,1,3,1,2,1,0,1,0,1,0,0,0,1,2,2,1,0,2,0,0,1,2,5,8,11,14,13,17,13,11,19,8,12,13,17,12,5,10,19,13,16,16,15,14,16,9,23,15,21,21,20,25,17,22,29,21,29,24,19,28,41,32,40,43,35,28,36,42,42,49,37,61,37,40,51,39,43,46,53,35,70,54,48,48,63,47,44,56,79,65,65,50,60,59,66,80,86,67,88,61,66,72,93,105,82,78,75,98,77,89,89,77,80,82,92,92,86,96,93,95,99,101,87,114,105,80,116,95,128,124,135,97,96,114,103,107,126,93,132,117,131,109,120,108,132,149,122,103,120,94,129,113,116,109,140,135,104,120,130,140,199,137,158,125,125,144,131,167,126,151,145,146,123,140,126,127,111,130,132,134,145,123,91,126,114,100,94,105,92,75,89,79,69,59,49,54,43,43,29,32,28,16,18,20,8,10,11,4,5,1,3,3,2,0,2,0,0,0,0,1,0,0,0,0,0,0,0,0,0,0,0,0,0,0,0,0,0,0,0,0,0,0,0,0,0,0,0,0,0,0,0,0,0,0,0,0
90.15,0,0,0,0,0,0,0,0,0,0,0,0,0,0,0,0,0,0,0,0,1,0,1,0,0,0,0,0,0,1,1,1,1,0,1,0,0,2,0,0,0,0,0,1,0,0,1,0,1,2,1,0,2,0,2,2,1,1,0,0,0,1,5,0,2,1,1,6,7,13,16,5,11,9,6,5,5,5,10,13,9,13,11,6,8,17,6,13,17,14,26,21,16,13,24,14,26,14,23,22,28,25,27,27,39,35,32,42,40,31,31,46,43,45,44,42,45,46,49,47,44,47,41,42,65,56,49,54,64,46,49,67,66,58,68,49,54,66,64,70,75,63,82,62,61,77,96,89,80,75,84,96,94,79,93,75,74,82,91,87,94,97,94,90,104,100,87,116,111,82,114,100,125,120,145,93,100,106,103,113,128,99,136,117,157,113,120,110,146,149,120,107,118,93,125,115,122,107,136,127,108,126,124,144,195,135,162,127,123,144,133,164,124,153,143,148,123,138,124,127,113,132,130,134,143,121,91,126,114,100,94,105,92,75,89,79,71,59,49,54,43,43,27,32,28,16,18,20,8,10,11,4,5,1,3,3,2,0,2,0,0,0,0,1,0,0,0,0,0,0,0,0,0,0,0,0,0,0,0,0,0,0,0,0,0,0,0,0,0,0,0,0,0,0,0,0,0,0,0,0
90.25,0,0,0,0,0,0,0,0,1,0,0,0,0,0,0,0,0,0,0,0,0,0,0,0,0,0,0,0,0,0,0,1,0,0,1,0,0,0,0,0,2,1,0,3,0,0,1,1,3,1,0,1,2,0,0,1,0,1,0,0,0,1,4,1,2,2,4,4,6,8,7,5,8,9,5,16,10,14,12,6,9,14,8,14,11,17,12,12,7,18,18,23,16,16,19,14,14,40,27,23,25,35,35,28,29,36,37,40,46,37,46,38,43,40,46,42,50,44,46,49,38,52,43,38,64,59,50,50,53,45,46,66,67,53,69,43,54,51,72,69,80,77,80,64,70,74,93,87,87,76,84,79,81,82,91,88,75,84,108,91,92,95,94,96,104,102,90,121,107,79,110,99,136,115,139,95,98,120,105,112,134,97,126,111,177,107,126,108,148,147,126,99,120,97,127,113,122,111,142,127,112,126,124,146,201,133,158,131,125,142,135,160,122,153,141,146,125,136,122,131,109,136,128,134,143,121,91,128,114,100,96,105,92,75,87,77,71,59,49,54,43,43,27,32,28,16,18,20,8,10,11,4,5,1,3,3,2,0,2,0,0,0,0,1,0,0,0,0,0,0,0,0,0,0,0,0,0,0,0,0,0,0,0,0,0,0,0,0,0,0,0,0,0,0,0,0,0,0,0,0
90.35,0,0,0,0,0,0,0,0,0,0,0,0,0,0,0,0,0,0,0,0,0,0,0,1,1,1,0,0,0,0,0,1,0,0,1,0,0,2,1,1,0,1,2,1,0,1,1,0,0,2,1,3,2,2,1,2,0,3,2,2,3,2,2,4,1,1,1,9,6,8,9,8,12,9,11,4,10,10,8,16,5,13,14,12,13,13,22,16,13,11,13,19,19,16,11,25,21,21,27,27,23,26,30,35,25,29,30,35,49,34,38,41,49,40,35,47,45,48,48,48,43,58,52,38,65,52,64,46,51,48,48,55,68,60,65,43,61,63,69,61,90,60,82,64,69,78,95,84,88,75,92,79,84,78,92,80,75,87,107,92,95,96,100,93,119,107,90,117,100,83,108,102,125,101,129,93,96,124,104,109,132,95,136,113,179,109,120,114,137,144,126,99,116,93,127,119,120,108,137,127,116,126,122,140,200,135,150,131,123,142,131,160,124,151,143,140,129,140,118,131,105,136,128,134,143,121,91,128,112,102,98,105,92,75,87,77,69,59,49,54,43,43,29,30,28,16,18,20,8,10,11,4,5,1,3,3,2,0,2,0,0,0,0,1,0,0,0,0,0,0,0,0,0,0,0,0,0,0,0,0,0,0,0,0,0,0,0,0,0,0,0,0,0,0,0,0,0,0,0,0
90.45,0,0,0,0,0,0,0,0,1,0,0,0,0,1,0,0,0,0,0,0,0,0,0,0,0,0,0,0,0,0,1,0,0,1,0,0,1,2,1,0,0,2,0,0,3,1,1,2,0,1,3,1,2,2,0,0,0,2,0,1,2,1,0,0,2,2,0,11,6,6,7,5,17,13,10,16,10,9,8,19,16,4,11,11,15,16,17,16,13,18,18,11,16,21,16,18,17,22,24,19,21,25,20,28,26,36,27,33,40,35,47,47,48,40,32,40,48,42,43,54,39,69,38,40,60,50,64,50,49,47,53,53,74,66,72,47,54,55,72,61,77,59,77,73,75,76,97,87,87,79,138,84,81,86,90,82,69,83,123,103,102,92,101,88,120,103,96,114,103,81,116,101,116,99,129,93,98,111,108,110,125,91,130,117,163,115,121,112,139,146,128,97,123,93,129,123,116,104,131,133,112,122,120,144,198,133,154,137,121,144,135,162,120,151,143,144,127,140,118,129,109,138,128,138,143,121,89,128,112,100,102,105,90,75,85,77,69,59,49,54,43,43,29,30,28,16,18,20,8,10,11,4,5,1,3,3,2,0,2,0,0,0,0,1,0,0,0,0,0,0,0,0,0,0,0,0,0,0,0,0,0,0,0,0,0,0,0,0,0,0,0,0,0,0,0,0,0,0,0,0
90.55,0,0,0,0,0,0,0,0,0,0,0,0,0,0,0,0,0,0,0,0,0,0,0,0,0,0,0,0,0,0,2,0,0,1,1,0,2,2,0,1,1,1,1,0,0,1,0,3,1,2,0,2,1,1,3,0,1,0,1,0,0,0,1,0,1,1,1,4,12,10,8,8,13,7,7,8,8,14,7,11,9,10,10,18,15,15,17,20,15,19,15,16,19,23,28,24,30,25,23,24,22,26,19,30,29,24,38,41,28,42,45,55,48,44,36,31,47,40,39,51,42,67,39,38,69,48,59,56,45,39,57,57,75,56,92,50,55,56,71,69,80,60,74,68,81,75,97,84,90,80,89,86,93,83,97,76,73,101,91,89,114,93,100,87,109,108,90,120,106,80,110,104,113,99,127,97,98,109,104,112,129,97,132,131,143,109,121,108,131,146,126,107,121,91,133,119,118,108,131,132,110,122,126,144,190,131,156,137,119,136,137,156,120,153,151,142,125,140,118,127,109,136,128,138,143,121,89,130,112,98,102,105,90,75,85,77,69,59,49,54,43,43,29,30,28,16,18,20,8,10,11,4,5,1,3,3,2,0,2,0,0,0,0,1,0,0,0,0,0,0,0,0,0,0,0,0,0,0,0,0,0,0,0,0,0,0,0,0,0,0,0,0,0,0,0,0,0,0,0,0
90.65,0,0,0,0,0,0,0,1,0,0,0,0,0,0,0,0,0,0,0,0,0,0,0,0,1,0,1,0,0,2,0,0,0,0,1,0,0,2,1,0,1,2,0,0,3,0,0,1,1,1,1,0,1,1,2,0,2,0,0,3,0,3,2,2,3,2,2,9,11,8,11,7,9,2,12,11,19,15,7,18,18,11,10,14,10,15,14,17,21,20,14,11,15,14,18,27,18,21,27,24,22,27,32,28,28,30,36,40,31,43,33,39,53,46,47,35,45,46,44,50,48,64,35,46,56,52,55,58,45,41,60,50,77,54,85,51,52,50,66,63,86,55,76,70,76,79,92,96,82,88,91,85,89,82,83,94,73,85,91,90,96,98,94,97,110,104,91,120,108,80,115,101,113,97,133,93,92,103,108,102,131,95,124,165,141,109,123,106,129,140,126,101,123,93,131,121,116,106,131,138,102,122,124,140,198,133,154,137,121,140,135,164,118,155,151,148,125,138,118,129,109,130,128,136,143,119,89,128,108,98,102,105,90,75,83,77,67,59,49,54,43,43,29,30,28,16,18,20,8,10,11,4,5,1,3,3,2,0,2,0,0,0,0,1,0,0,0,0,0,0,0,0,0,0,0,0,0,0,0,0,0,0,0,0,0,0,0,0,0,0,0,0,0,0,0,0,0,0,0,0
90.75,0,0,0,0,0,0,0,0,0,0,0,0,0,0,0,0,0,0,0,1,0,0,1,1,0,0,0,2,0,1,0,1,0,1,0,0,2,0,1,0,0,2,3,1,2,1,0,3,0,1,1,1,2,1,1,0,1,1,1,0,1,2,2,2,2,0,2,3,8,4,12,9,7,8,9,5,10,9,9,11,5,13,16,13,14,7,13,12,15,13,27,13,18,24,15,14,20,18,14,23,27,33,33,24,29,31,35,30,37,41,42,33,56,39,43,34,42,42,42,55,51,58,44,46,55,52,60,51,46,41,54,51,72,54,76,52,55,54,68,67,83,52,81,79,80,88,99,82,80,100,83,84,89,78,91,75,70,85,98,78,93,98,96,99,106,110,91,120,99,82,121,103,111,93,119,93,102,105,106,112,123,95,132,141,134,107,117,108,142,152,136,101,117,91,123,117,116,112,129,136,102,122,130,136,184,137,160,129,123,138,135,168,120,155,151,146,125,138,116,125,109,130,126,136,145,115,89,130,106,98,102,103,90,75,83,77,69,59,47,54,43,43,29,30,28,16,18,20,8,10,11,4,5,1,3,3,2,0,2,0,0,0,0,1,0,0,0,0,0,0,0,0,0,0,0,0,0,0,0,0,0,0,0,0,0,0,0,0,0,0,0,0,0,0,0,0,0,0,0,0
90.85,0,0,0,0,0,0,0,0,0,1,0,0,0,0,0,0,0,0,0,0,0,1,0,0,0,0,0,0,0,0,0,1,0,1,0,0,1,1,1,1,1,1,2,2,1,0,1,0,0,2,2,0,0,0,1,3,0,1,0,3,1,1,0,2,1,1,0,6,8,12,3,11,8,7,11,15,11,10,6,10,12,11,12,7,15,10,12,14,12,21,16,16,29,22,14,13,19,17,28,21,19,21,20,34,27,34,32,31,42,42,36,35,57,46,37,40,41,41,39,51,61,52,37,46,48,58,58,57,38,40,57,61,60,55,96,58,52,60,68,67,70,69,89,72,89,86,97,85,83,104,83,85,89,93,93,75,76,86,97,80,89,103,96,84,104,110,87,123,101,81,112,105,109,103,117,91,92,114,105,111,129,97,130,147,130,107,119,108,132,164,128,101,115,95,127,109,120,110,135,136,104,122,132,138,174,133,156,131,125,136,135,170,120,155,155,146,119,142,116,125,109,128,126,136,145,117,87,130,106,98,102,103,90,75,83,77,69,59,47,54,41,43,29,30,28,16,18,20,8,10,11,4,5,1,3,3,2,0,2,0,0,0,0,1,0,0,0,0,0,0,0,0,0,0,0,0,0,0,0,0,0,0,0,0,0,0,0,0,0,0,0,0,0,0,0,0,0,0,0,0
90.95,0,0,1,0,0,1,0,0,0,0,0,0,1,0,0,0,0,0,0,0,0,0,0,0,0,0,0,0,0,0,0,0,0,0,0,1,0,0,0,2,1,2,1,2,1,3,0,0,1,0,2,1,2,0,3,2,2,0,1,0,0,1,2,0,3,3,1,5,5,8,8,14,15,11,6,13,7,13,15,8,10,18,21,15,12,20,16,19,18,21,17,15,14,7,22,26,22,23,21,19,23,29,19,30,22,34,26,36,39,47,39,39,38,52,36,40,41,42,42,55,59,53,35,48,51,50,52,58,40,38,59,62,62,54,71,49,52,54,63,72,68,62,84,76,71,89,95,99,81,85,87,88,78,78,87,75,75,88,92,87,95,97,94,80,107,104,85,124,103,83,112,99,111,91,119,99,97,115,105,107,123,93,126,135,116,111,123,110,132,154,130,99,116,96,137,117,122,108,137,132,104,122,132,134,162,135,162,131,125,134,135,170,124,159,155,142,119,140,120,129,105,132,130,136,151,119,89,132,108,96,102,101,90,75,81,77,71,59,47,54,41,45,29,30,28,16,18,20,8,10,11,4,5,1,3,3,2,0,2,0,0,0,0,1,0,0,0,0,0,0,0,0,0,0,0,0,0,0,0,0,0,0,0,0,0,0,0,0,0,0,0,0,0,0,0,0,0,0,0,0
91.05,0,0,0,0,0,0,1,0,0,0,0,0,0,0,0,0,0,0,0,1,1,1,0,0,0,0,1,0,0,0,1,0,0,0,1,3,1,0,0,2,0,1,0,2,1,1,0,0,1,0,0,1,0,1,1,0,0,0,1,2,1,0,0,0,1,0,1,3,5,14,10,14,12,5,10,13,7,19,11,15,16,12,8,15,17,19,19,15,14,17,25,16,25,13,18,21,19,21,24,27,17,27,30,28,32,28,24,42,34,39,37,39,49,36,43,45,34,42,49,52,60,47,42,50,52,55,56,49,42,42,49,54,65,43,78,50,55,57,68,64,65,52,82,80,77,88,131,106,83,82,90,86,88,73,85,79,72,87,93,82,94,100,94,79,108,104,87,117,104,84,119,103,110,106,116,91,101,109,99,105,125,97,126,135,119,116,121,112,140,162,126,107,114,96,135,115,120,112,137,136,104,128,130,138,150,135,158,129,125,134,131,166,126,157,149,142,119,140,118,127,111,130,132,138,155,117,89,132,108,98,102,103,92,77,81,77,69,59,49,54,43,45,29,30,28,16,18,20,8,10,11,4,5,1,3,3,2,0,2,0,0,0,0,1,0,0,0,0,0,0,0,0,0,0,0,0,0,0,0,0,0,0,0,0,0,0,0,0,0,0,0,0,0,0,0,0,0,0,0,0
91.15,0,0,1,0,0,0,0,0,0,0,0,0,0,0,0,0,0,0,0,1,0,1,2,0,0,0,1,1,1,0,0,0,1,2,1,0,0,0,1,3,0,0,0,0,2,0,1,2,3,0,1,0,0,1,0,0,0,1,0,0,3,3,3,1,1,0,2,7,5,9,12,9,7,12,8,6,12,11,11,10,17,9,15,14,10,6,10,14,20,14,25,18,29,11,11,17,13,18,25,26,34,33,28,25,30,22,38,34,44,39,34,30,53,37,47,41,29,46,50,42,55,51,36,56,55,55,51,50,47,44,50,56,71,43,75,43,58,57,70,61,58,53,78,109,77,76,163,122,83,93,94,85,82,75,85,83,70,88,103,92,102,104,96,85,108,106,89,123,106,82,109,101,106,96,116,95,101,113,105,105,129,95,126,135,119,102,119,110,134,163,131,105,114,96,123,119,116,111,138,142,106,130,128,140,140,135,156,121,127,136,131,164,124,155,149,144,121,138,118,127,113,128,132,132,153,117,89,133,107,98,102,103,92,77,81,81,69,59,49,56,43,45,29,30,28,16,18,20,8,10,11,4,5,1,3,3,2,0,2,0,0,0,0,1,0,0,0,0,0,0,0,0,0,0,0,0,0,0,0,0,0,0,0,0,0,0,0,0,0,0,0,0,0,0,0,0,0,0,0,0
91.25,0,0,0,0,0,0,0,0,0,0,0,0,0,0,1,0,1,0,0,0,0,0,0,0,0,0,0,0,0,0,0,0,0,1,0,0,1,0,0,2,0,2,1,0,0,0,1,0,1,2,0,0,0,2,2,1,2,1,3,2,1,2,2,0,2,0,1,7,8,10,6,4,5,7,7,14,7,12,10,16,5,15,15,11,9,9,19,9,18,18,20,13,14,28,18,18,24,18,24,27,26,32,27,28,17,28,32,37,37,41,37,35,46,33,47,38,38,43,50,43,52,39,43,60,50,57,44,51,54,37,49,50,58,44,86,43,58,54,71,65,61,50,77,103,68,71,111,124,86,89,96,85,78,72,89,81,74,81,100,76,112,100,98,83,112,106,88,118,100,82,111,105,106,102,116,95,97,113,103,109,123,96,119,137,117,106,117,110,136,159,127,97,120,92,123,121,122,111,130,138,110,128,124,146,134,141,158,119,121,140,129,166,126,161,149,144,122,139,116,127,109,132,132,132,151,119,89,131,109,98,98,103,92,79,79,81,69,59,49,54,43,45,29,30,28,16,20,20,8,10,11,4,5,1,3,3,2,0,2,0,0,0,0,1,0,0,0,0,0,0,0,0,0,0,0,0,0,0,0,0,0,0,0,0,0,0,0,0,0,0,0,0,0,0,0,0,0,0,0,0
91.35,0,0,0,0,0,0,0,0,0,0,0,0,0,0,0,0,0,0,0,0,0,0,1,0,0,0,0,0,0,0,0,0,0,0,0,0,1,0,1,1,1,1,1,1,1,0,2,1,2,0,0,1,1,2,0,0,1,1,2,0,1,0,2,4,2,3,2,8,4,9,4,11,5,5,13,6,14,4,6,10,8,7,11,16,12,12,20,19,14,13,25,19,13,16,24,24,23,26,17,23,24,29,37,24,24,30,33,34,39,43,25,40,40,39,45,37,36,45,44,38,51,36,49,51,52,52,42,52,40,38,49,54,60,49,71,43,58,73,74,56,62,51,77,77,64,76,115,87,83,90,87,79,80,74,87,76,74,80,93,76,96,98,98,81,112,104,89,114,99,86,111,99,106,102,118,91,101,137,101,118,126,96,127,143,121,103,124,110,132,163,127,103,114,86,121,117,132,109,128,138,104,128,124,140,130,139,156,119,117,136,129,164,122,157,147,144,120,141,116,129,109,130,130,128,149,119,87,131,111,96,96,103,92,79,79,81,69,59,49,54,43,47,29,30,28,16,20,20,8,10,11,4,5,1,3,3,2,0,2,0,0,0,0,1,0,0,0,0,0,0,0,0,0,0,0,0,0,0,0,0,0,0,0,0,0,0,0,0,0,0,0,0,0,0,0,0,0,0,0,0
91.45,0,0,0,0,0,0,1,0,0,0,0,0,0,0,0,0,0,0,0,1,0,0,1,0,0,0,0,1,0,0,0,0,1,0,0,2,0,1,0,1,1,0,0,1,0,1,1,1,0,4,1,1,0,0,1,1,2,0,2,2,0,1,1,1,2,1,0,4,3,5,13,14,10,9,8,9,5,5,11,7,12,14,11,8,6,10,13,15,12,17,19,17,14,20,20,15,15,18,28,15,25,30,26,35,26,34,30,26,48,43,25,38,39,37,48,36,36,46,38,37,47,39,49,55,46,53,41,54,38,40,50,60,57,46,77,56,53,53,76,58,60,51,75,77,56,70,148,90,89,74,85,83,82,72,86,85,82,86,95,90,82,106,98,83,108,106,87,115,114,82,111,101,104,102,116,91,95,119,103,112,128,94,129,141,117,113,118,104,128,161,129,101,114,90,133,117,118,107,130,142,104,130,126,140,126,138,155,119,119,138,127,165,124,159,151,142,116,143,114,129,113,132,130,130,149,119,89,131,111,98,94,101,92,79,77,79,69,61,49,54,43,47,29,30,28,16,20,20,8,10,11,4,5,1,3,3,2,0,2,0,0,0,0,1,0,0,0,0,0,0,0,0,0,0,0,0,0,0,0,0,0,0,0,0,0,0,0,0,0,0,0,0,0,0,0,0,0,0,0,0
91.55,0,0,0,0,1,0,0,0,0,0,0,0,0,0,0,0,0,0,0,0,0,0,0,0,0,0,1,0,0,0,2,1,2,3,2,0,0,0,0,2,0,1,1,1,0,2,1,0,1,2,0,0,0,2,1,1,1,0,2,1,0,0,2,0,4,1,2,11,9,4,3,11,12,11,8,16,17,12,10,19,14,17,12,16,13,9,15,17,15,20,17,18,27,22,23,21,30,20,20,24,18,36,20,38,27,35,22,32,30,44,39,28,37,37,41,40,38,45,47,31,48,47,49,54,45,54,47,48,45,42,48,56,55,50,66,45,51,54,71,53,63,49,77,85,59,70,90,81,91,74,75,84,73,74,86,90,70,84,93,85,86,104,97,79,104,102,89,113,106,82,115,105,106,98,112,93,101,123,101,114,124,94,133,149,113,107,112,112,136,155,129,96,115,88,133,115,110,107,138,138,102,124,120,144,124,138,153,119,121,138,125,163,122,157,147,138,116,139,114,129,111,130,130,128,149,119,87,129,111,98,98,101,92,79,77,79,67,61,47,54,43,45,29,30,28,16,20,20,8,10,11,4,5,1,3,3,2,0,2,0,0,0,0,1,0,0,0,0,0,0,0,0,0,0,0,0,0,0,0,0,0,0,0,0,0,0,0,0,0,0,0,0,0,0,0,0,0,0,0,0
91.65,0,0,1,0,0,0,0,1,0,0,0,0,0,1,0,0,0,0,1,0,0,0,0,0,0,0,0,0,0,0,0,1,0,1,0,1,0,0,2,3,0,0,0,0,0,0,1,1,2,1,1,0,0,1,3,1,0,0,1,1,2,1,1,2,0,0,0,6,5,8,6,8,8,10,9,8,11,12,9,12,9,18,10,15,9,10,19,14,13,16,23,21,20,20,21,20,24,30,40,28,21,27,27,31,27,40,32,27,28,45,40,28,40,49,38,40,38,48,44,33,50,45,42,60,45,49,39,49,38,44,52,55,54,52,67,49,52,68,72,57,62,50,78,68,60,71,92,96,100,67,75,85,78,76,85,80,72,115,95,91,86,100,98,80,112,110,95,117,94,82,110,102,108,106,113,97,99,119,101,114,124,98,117,139,109,113,118,112,138,161,129,106,123,92,131,119,114,107,138,138,110,124,124,148,120,136,153,127,121,140,131,161,120,155,151,136,117,139,114,129,111,132,130,124,149,119,87,129,111,96,98,101,94,81,77,81,67,61,47,54,43,43,29,30,28,16,20,20,8,10,11,4,5,1,3,3,2,0,2,0,0,0,0,1,0,0,0,0,0,0,0,0,0,0,0,0,0,0,0,0,0,0,0,0,0,0,0,0,0,0,0,0,0,0,0,0,0,0,0,0
91.75,0,0,0,0,0,0,0,1,0,0,0,0,0,0,0,0,0,0,0,0,1,0,0,0,0,0,0,0,1,1,0,1,0,1,0,0,0,0,1,0,0,0,1,1,1,1,1,0,4,2,3,0,2,0,2,0,1,2,4,0,1,1,1,1,1,1,2,3,6,4,6,4,9,7,12,15,8,9,12,13,16,10,13,11,16,17,18,17,14,16,15,13,17,20,22,19,21,32,31,37,32,28,28,26,52,35,31,19,35,35,46,38,30,42,41,45,34,48,52,35,50,38,47,52,50,46,45,48,36,43,53,58,59,54,62,46,55,60,79,58,60,50,76,67,55,77,91,104,99,71,77,83,79,87,91,74,73,124,100,84,89,98,132,78,110,104,89,109,96,80,118,102,104,96,109,95,97,125,101,116,126,96,117,141,119,105,120,108,137,156,137,110,111,96,133,117,120,105,134,140,110,128,130,150,120,136,149,125,125,146,131,163,120,155,153,132,115,141,116,130,110,132,134,126,147,123,87,129,111,90,98,101,94,81,77,83,67,61,47,54,43,43,29,30,28,16,20,20,8,10,11,4,5,1,3,3,2,0,2,0,0,0,0,1,0,0,0,0,0,0,0,0,0,0,0,0,0,0,0,0,0,0,0,0,0,0,0,0,0,0,0,0,0,0,0,0,0,0,0,0
91.85,0,0,0,0,0,0,0,0,0,0,0,0,0,0,0,0,0,0,0,0,0,1,0,0,0,0,1,1,0,0,0,0,0,0,0,2,1,0,0,0,0,2,2,3,0,4,1,1,1,0,0,0,0,2,0,2,2,3,0,1,0,1,3,0,2,4,2,3,5,5,4,7,8,12,10,11,6,10,8,10,8,11,16,13,11,12,9,21,17,12,22,18,13,25,25,25,26,29,20,31,29,22,38,39,35,33,29,33,29,42,31,35,35,40,45,38,40,45,43,44,48,42,44,50,53,51,40,45,36,43,54,62,52,78,62,45,53,58,75,55,63,50,73,71,57,68,89,99,80,80,74,89,74,90,89,70,75,95,100,98,91,99,114,82,104,109,89,111,92,84,108,112,104,100,105,97,97,139,97,112,130,98,121,145,119,107,122,116,133,162,125,110,111,92,132,116,124,111,130,140,110,126,128,152,120,138,146,126,121,142,135,165,126,153,151,136,117,143,116,126,110,132,132,128,147,127,87,131,109,88,98,103,92,81,77,81,65,61,47,54,43,43,29,30,28,16,20,20,8,10,11,4,5,1,3,3,2,0,2,0,0,0,0,1,0,0,0,0,0,0,0,0,0,0,0,0,0,0,0,0,0,0,0,0,0,0,0,0,0,0,0,0,0,0,0,0,0,0,0,0
91.95,0,0,0,0,0,0,0,0,0,1,0,0,0,0,0,0,0,0,0,0,0,0,0,0,0,0,1,0,1,0,0,0,0,0,0,0,0,0,1,1,0,0,0,1,0,1,1,0,0,3,1,2,3,0,2,2,0,5,2,2,3,2,2,3,1,0,1,5,8,3,8,11,7,7,5,13,11,10,6,7,20,17,19,17,19,10,12,12,16,21,13,13,24,21,18,32,21,19,16,29,31,24,29,38,26,29,33,30,28,40,30,39,32,37,41,36,43,40,38,46,51,37,50,42,52,50,40,47,35,44,53,57,47,70,72,50,54,67,75,75,59,50,76,75,55,68,95,107,80,78,75,87,73,91,87,74,75,92,95,80,85,99,122,80,106,112,86,113,98,82,110,100,108,96,107,94,94,137,105,114,132,94,125,145,121,107,120,106,133,170,131,102,111,94,124,110,128,111,134,134,106,130,126,146,120,136,152,126,121,140,141,165,124,155,149,134,119,141,118,124,114,128,132,126,145,125,87,129,109,88,100,101,92,81,77,81,65,63,47,54,43,43,29,30,28,16,18,20,8,10,11,4,5,1,3,1,2,0,2,0,0,0,0,1,0,0,0,0,0,0,0,0,0,0,0,0,0,0,0,0,0,0,0,0,0,0,0,0,0,0,0,0,0,0,0,0,0,0,0,0
92.05,0,0,0,0,0,0,0,0,0,0,0,1,1,0,0,0,1,0,0,0,0,0,0,0,0,0,0,0,0,0,1,0,0,0,1,0,0,0,0,1,3,0,1,0,0,1,0,2,2,1,0,0,1,3,1,0,1,1,1,1,1,0,2,1,0,2,2,7,5,4,10,7,4,8,14,9,8,14,13,15,13,11,14,6,11,15,13,13,22,19,14,15,21,29,20,22,29,22,26,28,19,31,25,27,28,31,40,39,32,28,36,43,34,31,47,35,41,39,40,45,47,40,45,43,53,46,42,45,40,42,51,59,53,70,61,48,51,51,74,55,63,51,74,72,60,79,95,85,81,79,76,85,76,89,87,75,72,90,91,76,85,99,102,84,104,112,87,115,95,84,114,104,106,100,117,94,100,107,101,116,130,98,121,143,107,109,124,112,133,160,123,100,117,92,122,110,124,105,132,134,112,126,126,140,120,134,158,124,121,142,139,163,124,151,149,136,119,141,114,126,112,132,130,126,141,125,87,129,109,88,100,97,92,83,77,81,67,61,47,56,45,43,29,28,28,16,18,20,8,10,11,4,5,1,3,1,2,0,2,0,0,0,0,1,0,0,0,0,0,0,0,0,0,0,0,0,0,0,0,0,0,0,0,0,0,0,0,0,0,0,0,0,0,0,0,0,0,0,0,0
92.15,0,0,0,0,0,0,0,0,0,0,0,0,0,0,0,0,0,1,0,0,0,0,0,0,1,0,0,0,0,0,0,0,1,0,2,1,0,2,0,1,0,1,1,1,1,1,1,1,2,1,2,0,0,2,1,0,3,0,0,1,0,2,0,4,0,2,0,8,8,8,8,8,12,8,10,6,10,16,6,13,14,11,14,11,20,18,16,16,16,9,25,15,22,22,13,24,26,21,23,28,28,26,31,24,31,29,36,40,28,29,42,41,34,30,44,35,38,43,44,47,45,37,44,48,49,46,45,41,37,51,50,62,41,63,57,47,54,57,67,54,61,50,74,71,81,69,97,77,87,79,82,89,74,70,98,77,74,92,91,80,85,97,100,76,104,106,89,111,93,83,111,100,106,100,110,98,99,110,101,116,130,98,115,143,108,109,118,115,132,166,127,104,114,90,126,114,116,115,134,138,110,124,128,144,126,134,154,124,121,144,139,163,122,153,147,138,123,141,114,126,114,132,130,128,141,125,87,125,109,88,100,97,92,83,77,81,65,61,47,54,45,45,29,28,28,16,18,20,8,10,11,4,5,1,3,1,2,0,2,0,0,0,0,1,0,0,0,0,0,0,0,0,0,0,0,0,0,0,0,0,0,0,0,0,0,0,0,0,0,0,0,0,0,0,0,0,0,0,0,0
92.25,0,0,0,0,0,0,0,0,0,0,0,0,0,0,0,0,0,0,0,0,0,0,0,0,0,0,0,2,0,0,0,0,0,0,0,0,0,0,0,0,0,0,0,0,1,0,1,1,0,2,1,1,1,0,1,2,2,1,1,0,1,1,1,2,3,1,3,4,7,10,2,10,6,12,12,11,10,9,12,9,6,12,15,14,16,18,14,14,20,17,19,24,26,23,24,30,20,28,23,22,25,13,26,22,30,32,32,42,31,24,43,34,36,29,37,37,36,42,44,45,41,35,46,47,51,42,48,39,37,45,52,61,41,62,55,51,57,56,68,55,59,56,77,84,74,64,111,75,85,89,75,86,76,70,84,74,94,83,97,74,81,99,98,80,109,102,89,111,93,85,107,104,106,98,104,94,99,110,109,114,136,96,117,137,114,107,120,113,138,158,127,104,114,94,136,122,110,109,136,138,104,124,128,144,120,134,156,126,115,144,141,167,126,155,149,140,125,137,114,132,114,132,131,129,142,122,87,123,109,88,100,97,92,83,75,81,65,61,47,54,47,47,29,28,28,16,18,20,8,10,9,4,5,1,3,1,2,0,2,0,0,0,0,1,0,0,0,0,0,0,0,0,0,0,0,0,0,0,0,0,0,0,0,0,0,0,0,0,0,0,0,0,0,0,0,0,0,0,0,0
92.35,0,0,1,0,0,1,0,0,0,0,0,0,0,0,0,1,0,0,0,0,1,0,1,0,0,1,0,2,0,1,0,1,0,1,0,1,0,0,0,1,0,1,0,0,1,2,0,0,1,4,0,0,1,0,0,1,0,2,0,4,0,1,1,3,2,2,1,3,4,13,14,9,6,12,7,8,16,15,7,8,13,11,11,13,14,6,12,12,11,15,16,32,23,22,29,25,29,23,25,22,19,22,22,33,28,29,29,39,26,31,40,40,33,33,25,39,36,42,52,50,37,38,41,46,51,41,51,41,33,46,57,65,42,74,56,46,60,51,62,56,56,57,78,88,68,79,107,75,87,83,71,84,79,83,86,76,82,89,91,80,83,99,113,75,103,102,89,123,91,85,115,102,102,100,110,96,97,108,99,114,138,98,119,125,116,107,117,115,135,150,127,100,114,90,132,122,114,105,134,142,104,120,124,133,113,134,160,128,117,144,141,169,127,152,149,138,126,143,114,130,114,132,131,135,138,120,85,123,109,88,102,99,92,83,75,81,65,61,47,52,47,47,29,28,28,18,18,20,8,10,9,4,5,1,3,1,2,0,2,0,0,0,0,1,0,0,0,0,0,0,0,0,0,0,0,0,0,0,0,0,0,0,0,0,0,0,0,0,0,0,0,0,0,0,0,0,0,0,0,0
92.45,0,0,0,0,0,0,0,0,0,0,0,0,1,0,0,0,0,0,0,0,0,0,0,0,0,1,0,1,0,0,0,1,1,1,0,0,0,1,2,0,0,0,0,1,0,0,2,0,1,0,0,0,2,0,3,2,0,1,3,0,1,2,0,0,1,1,2,7,8,7,7,10,10,6,2,14,7,11,9,17,12,7,11,9,10,15,12,14,26,18,17,18,20,20,26,22,29,20,31,17,23,24,32,24,28,30,34,42,41,25,44,50,30,38,21,38,37,40,50,53,34,43,41,45,52,41,54,38,40,43,58,62,44,58,55,56,73,51,64,59,58,56,85,80,80,100,99,79,97,80,74,100,78,77,92,74,70,87,95,78,81,101,107,83,107,98,91,124,96,84,109,101,104,102,110,96,101,103,103,112,148,100,123,121,118,101,121,121,131,158,115,106,114,90,132,118,114,109,136,142,108,122,122,135,117,134,160,126,119,148,139,169,133,156,149,140,126,139,114,128,116,128,133,137,136,120,85,123,109,90,102,97,94,83,75,79,65,61,47,52,47,47,29,28,28,18,18,20,8,10,9,4,5,1,3,1,2,0,2,0,0,0,0,1,0,0,0,0,0,0,0,0,0,0,0,0,0,0,0,0,0,0,0,0,0,0,0,0,0,0,0,0,0,0,0,0,0,0,0,0
92.55,0,0,0,0,0,0,0,1,0,0,0,0,0,0,0,0,0,0,0,1,0,0,0,1,0,0,0,0,0,0,0,0,0,0,0,0,0,0,1,1,0,2,0,1,0,1,2,0,1,0,3,1,0,2,0,0,0,2,2,2,0,1,1,0,2,2,1,5,9,11,9,12,17,9,13,18,14,8,11,11,7,12,13,12,17,12,11,15,16,20,16,23,28,15,19,22,13,24,21,23,21,24,22,26,35,30,35,38,38,26,38,46,36,36,25,36,39,38,52,48,34,43,39,47,50,41,55,36,55,43,55,64,57,49,52,58,46,54,64,59,58,52,83,73,87,79,133,79,99,74,74,96,81,78,95,77,72,91,95,82,81,100,100,79,113,100,92,129,96,86,115,102,107,98,114,92,95,105,101,118,152,96,119,127,116,107,127,125,123,158,129,110,112,88,130,118,114,115,132,148,100,120,122,137,117,134,156,124,117,144,135,169,133,156,151,136,126,139,112,128,112,128,133,137,136,126,85,123,109,90,100,101,94,83,75,77,65,61,47,52,47,45,29,28,28,18,18,20,8,10,9,4,5,1,3,1,2,0,2,0,0,0,0,1,0,0,0,0,0,0,0,0,0,0,0,0,0,0,0,0,0,0,0,0,0,0,0,0,0,0,0,0,0,0,0,0,0,0,0,0
92.65,0,0,0,0,0,0,0,0,0,0,0,0,0,1,0,0,0,0,0,1,0,1,0,0,1,0,0,1,0,0,0,0,0,0,0,2,0,0,1,1,0,0,0,0,1,0,0,0,2,2,2,0,1,1,1,2,1,0,1,0,0,2,2,1,0,3,2,5,7,8,5,14,11,9,10,7,11,12,6,5,11,10,17,14,13,14,21,13,22,13,22,18,14,15,14,23,21,14,25,18,24,21,32,37,21,33,31,33,38,31,25,47,38,36,27,27,39,45,49,45,36,39,41,54,48,44,61,36,33,49,56,63,46,47,66,63,46,52,62,59,57,52,72,80,87,69,86,74,88,77,75,96,107,98,89,79,72,88,91,76,81,100,114,79,105,106,94,139,98,82,119,100,101,105,107,94,99,105,105,114,150,96,123,123,110,103,119,117,133,158,129,106,110,90,120,112,120,105,132,148,102,117,121,141,115,138,162,118,121,143,135,169,131,158,155,134,124,143,116,128,112,124,129,135,135,124,85,123,109,90,100,101,94,83,77,77,65,61,47,52,47,45,29,28,28,18,18,20,8,10,9,4,5,1,3,1,2,0,0,0,0,0,0,1,0,0,0,0,0,0,0,0,0,0,0,0,0,0,0,0,0,0,0,0,0,0,0,0,0,0,0,0,0,0,0,0,0,0,0,0
92.75,0,0,0,0,0,1,0,0,0,0,0,0,0,0,0,0,0,0,0,0,0,2,0,2,0,0,0,0,0,0,0,1,0,0,0,0,1,1,0,2,1,0,0,2,1,1,0,2,0,3,3,0,0,0,2,0,0,1,1,1,1,2,4,1,0,0,1,5,11,10,7,13,12,11,8,12,7,8,13,11,14,6,12,16,8,14,15,16,15,16,11,17,20,20,16,23,22,16,17,27,21,25,26,31,38,34,32,32,40,29,24,47,37,36,29,26,45,36,50,44,35,39,45,52,49,40,58,35,37,48,56,63,41,49,51,54,45,51,66,57,59,52,70,67,73,71,88,78,102,72,75,82,89,69,90,81,70,90,92,77,82,102,117,73,109,102,94,141,98,82,119,106,103,99,113,96,101,107,105,112,142,94,115,117,114,111,119,123,131,156,127,102,114,92,132,116,118,107,132,144,104,119,123,139,115,142,160,116,119,143,135,165,129,160,153,136,124,141,118,132,116,124,133,135,131,124,85,123,105,90,100,101,94,83,77,77,65,61,47,52,47,45,29,28,28,18,18,20,8,10,9,4,5,1,3,1,2,0,0,0,0,0,0,1,0,0,0,0,0,0,0,0,0,0,0,0,0,0,0,0,0,0,0,0,0,0,0,0,0,0,0,0,0,0,0,0,0,0,0,0
92.85,0,0,0,0,0,0,0,0,0,0,0,0,0,0,0,0,0,0,0,0,0,0,0,0,0,0,0,0,1,0,0,0,0,2,0,1,1,2,0,1,0,0,1,1,3,0,1,1,1,0,0,1,1,2,3,0,0,0,1,0,2,2,1,1,0,1,1,4,10,8,8,12,7,8,14,13,7,13,12,7,14,10,9,17,14,17,23,14,14,18,18,19,10,20,17,17,16,21,17,21,20,23,29,35,27,35,33,28,37,31,30,35,44,36,29,22,47,42,47,40,36,34,42,48,50,42,67,37,36,51,52,63,42,48,57,55,48,49,71,53,69,51,70,68,66,73,82,82,78,76,73,84,86,72,90,77,76,82,90,81,82,100,115,79,107,104,90,115,96,86,117,100,111,99,109,91,101,103,101,114,140,94,113,117,112,109,121,118,129,155,115,100,114,96,122,114,116,111,134,140,108,123,127,141,115,142,160,120,117,137,131,161,129,160,151,136,124,141,118,132,116,122,131,135,133,124,91,127,107,92,98,101,94,83,77,77,65,61,47,52,47,45,31,28,28,18,18,20,8,10,9,4,5,1,3,1,2,0,0,0,0,0,0,1,0,0,0,0,0,0,0,0,0,0,0,0,0,0,0,0,0,0,0,0,0,0,0,0,0,0,0,0,0,0,0,0,0,0,0,0
92.95,0,0,0,0,0,0,0,0,0,0,0,0,0,0,0,0,0,0,0,0,0,0,1,0,0,0,0,0,0,0,0,0,0,0,0,0,3,0,0,0,0,1,0,1,0,1,1,0,2,0,1,1,2,2,3,2,0,1,0,1,0,1,1,1,1,2,1,8,9,11,7,9,13,8,12,6,8,7,9,9,15,9,17,13,12,14,17,12,15,15,11,16,17,15,23,15,16,31,25,18,20,27,29,28,24,30,41,28,29,32,32,37,49,32,32,22,50,43,46,41,35,36,36,46,51,40,51,49,39,48,59,60,42,51,55,55,45,52,67,54,62,52,70,73,70,67,88,72,76,78,73,84,85,80,89,85,74,87,102,91,80,104,103,75,107,104,88,117,92,80,121,106,99,97,105,95,93,98,106,112,118,96,117,113,112,101,121,123,136,151,121,98,110,94,130,112,118,111,134,140,112,133,129,141,121,138,160,124,119,135,129,159,131,154,151,138,122,141,118,128,118,122,129,135,133,122,89,131,107,92,98,103,90,83,77,77,65,61,47,52,47,45,31,28,28,18,18,20,8,10,9,4,5,1,3,1,2,0,0,0,0,0,0,1,0,0,0,0,0,0,0,0,0,0,0,0,0,0,0,0,0,0,0,0,0,0,0,0,0,0,0,0,0,0,0,0,0,0,0,0
93.05,0,0,0,1,0,0,0,0,0,0,0,0,1,0,0,0,0,1,0,0,0,0,0,0,0,0,0,0,1,1,0,0,0,2,0,1,0,1,0,1,0,2,2,1,0,1,0,0,0,0,2,2,3,1,2,2,1,0,0,2,0,1,0,0,1,0,1,3,7,9,3,6,11,8,8,6,15,9,10,13,14,19,11,15,13,8,24,18,15,10,20,24,17,20,21,15,23,26,25,28,21,30,24,18,35,25,33,45,27,27,32,34,51,31,34,23,50,42,45,41,35,34,40,52,51,39,45,40,38,51,66,59,42,52,60,59,47,52,70,53,63,55,69,62,72,68,87,76,78,86,71,84,89,82,90,84,68,85,108,99,80,100,95,79,113,102,90,123,94,88,113,102,106,104,114,99,103,112,100,112,114,100,119,117,118,105,125,121,128,145,121,102,118,101,125,116,122,105,128,140,110,131,127,139,119,134,154,122,116,133,133,157,133,154,151,140,122,137,122,132,118,122,129,137,133,124,89,131,109,92,100,105,92,83,75,79,65,61,47,54,47,45,31,28,26,18,18,20,8,10,9,4,5,1,3,1,2,0,0,0,0,0,0,1,0,0,0,0,0,0,0,0,0,0,0,0,0,0,0,0,0,0,0,0,0,0,0,0,0,0,0,0,0,0,0,0,0,0,0,0
93.15,0,0,0,0,1,0,0,0,0,0,0,0,0,0,0,0,0,0,0,0,0,0,0,0,0,0,0,1,0,0,0,0,0,2,0,0,0,1,1,0,0,0,0,0,1,0,0,0,0,0,0,1,1,1,1,3,2,3,0,2,2,0,0,2,0,0,1,3,10,6,4,8,9,12,9,11,11,8,7,16,8,6,13,10,19,12,19,12,16,17,15,19,16,21,19,20,31,14,29,22,32,33,27,22,34,28,32,38,28,29,30,33,46,29,30,26,39,41,47,35,41,31,38,51,51,33,49,38,40,52,57,62,42,51,57,61,45,48,68,53,61,62,68,62,71,57,83,81,76,74,70,83,99,84,93,79,72,92,85,76,80,102,95,75,110,107,94,127,94,80,113,104,102,104,104,91,101,100,102,116,120,96,119,126,114,105,119,117,126,141,123,114,116,89,123,116,116,107,130,140,104,131,127,150,118,138,156,116,120,137,129,155,125,154,151,138,124,137,120,132,116,120,129,139,133,124,89,127,109,94,100,105,92,83,77,79,65,61,47,54,47,45,31,28,26,18,18,20,8,10,9,4,5,1,3,1,2,0,0,0,0,0,0,1,0,0,0,0,0,0,0,0,0,0,0,0,0,0,0,0,0,0,0,0,0,0,0,0,0,0,0,0,0,0,0,0,0,0,0,0
93.25,0,0,0,0,1,0,0,0,0,0,0,0,0,0,0,0,2,0,0,1,0,0,0,0,0,0,0,0,0,0,0,0,1,0,0,0,0,0,0,0,1,0,2,0,0,2,0,0,0,1,1,0,0,0,1,0,3,1,1,1,3,2,1,2,0,0,3,4,10,3,3,7,6,10,6,4,12,8,4,7,6,9,4,16,11,12,8,16,21,17,14,17,14,20,24,31,27,25,21,24,22,39,20,24,42,35,23,28,30,35,34,35,39,32,34,31,34,44,44,32,44,28,41,51,49,33,59,33,40,49,59,59,43,49,51,59,45,49,69,55,61,53,68,66,67,63,85,85,89,77,72,91,87,82,97,83,68,88,87,80,80,102,103,77,109,104,94,119,96,86,119,101,101,106,110,99,108,97,104,106,124,94,117,114,116,109,119,125,134,139,119,114,116,93,131,112,118,113,130,136,104,133,125,146,116,142,158,116,120,137,129,159,125,152,151,134,122,137,120,134,114,124,129,139,135,126,89,127,111,96,100,107,90,83,79,79,63,59,47,54,47,45,31,28,26,18,18,20,8,10,9,4,5,1,3,1,2,0,0,0,0,0,0,1,0,0,0,0,0,0,0,0,0,0,0,0,0,0,0,0,0,0,0,0,0,0,0,0,0,0,0,0,0,0,0,0,0,0,0,0
93.35,0,0,0,0,0,0,0,0,0,0,0,0,0,0,0,0,0,1,0,0,0,1,0,0,0,0,0,0,0,0,0,1,0,1,0,0,0,3,0,1,0,1,1,1,0,0,1,0,0,0,1,0,0,1,0,1,2,2,0,1,0,2,2,0,0,3,3,3,2,8,6,19,10,9,8,9,10,12,8,9,14,11,7,17,13,10,10,12,12,14,13,20,18,17,24,16,22,26,25,20,28,28,31,28,23,43,22,29,23,29,32,40,37,29,37,37,30,44,45,37,40,28,36,52,51,35,49,29,36,56,61,60,42,51,58,63,47,48,61,55,62,52,68,70,60,61,86,73,87,77,70,84,92,94,91,77,70,87,88,72,82,95,91,75,109,104,92,113,94,84,119,109,99,104,108,89,98,103,100,112,114,94,119,114,112,111,121,115,128,145,121,104,118,93,131,118,122,107,128,136,106,125,123,146,114,140,156,116,116,137,131,155,123,150,155,138,120,137,122,132,112,124,129,139,133,128,91,127,111,96,98,107,92,81,81,75,63,59,47,54,47,45,31,28,26,18,18,20,8,10,9,4,5,1,3,1,2,0,0,0,0,0,0,1,0,0,0,0,0,0,0,0,0,0,0,0,0,0,0,0,0,0,0,0,0,0,0,0,0,0,0,0,0,0,0,0,0,0,0,0
93.45,0,0,0,0,0,0,0,0,0,0,0,0,0,0,0,0,1,0,0,0,0,0,0,0,1,0,0,1,1,0,0,0,1,1,0,0,0,1,1,0,0,1,0,0,2,2,1,0,0,1,0,3,0,0,1,1,0,1,0,0,1,1,2,1,2,0,2,12,9,10,9,8,7,6,8,6,7,9,17,8,8,10,12,16,14,14,14,20,11,17,11,23,12,21,18,16,24,18,32,26,25,29,34,27,20,38,28,33,21,26,35,36,39,26,38,40,33,40,40,34,37,29,37,56,47,34,47,33,35,52,59,55,42,52,50,48,49,46,58,55,62,51,65,68,62,63,85,76,82,78,69,84,90,102,89,78,73,89,82,75,79,101,97,74,104,98,97,110,94,86,125,103,107,107,110,91,98,98,107,110,122,94,117,116,118,103,123,119,134,148,125,100,116,97,127,122,124,103,134,136,104,121,127,146,110,140,154,128,120,129,135,157,123,150,153,135,117,135,122,132,110,124,129,143,133,124,89,127,113,94,96,107,92,81,81,75,63,59,47,54,47,45,31,28,24,18,18,20,8,10,9,4,5,1,3,1,2,0,0,0,0,0,0,1,0,0,0,0,0,0,0,0,0,0,0,0,0,0,0,0,0,0,0,0,0,0,0,0,0,0,0,0,0,0,0,0,0,0,0,0
93.55,0,0,0,0,0,0,0,0,0,0,0,0,0,0,0,0,0,0,0,0,0,0,0,0,0,0,0,0,1,0,1,1,1,0,1,0,0,0,1,1,1,0,0,1,0,2,0,0,1,2,0,1,1,1,0,1,2,1,2,3,0,3,2,2,0,0,2,4,5,6,3,5,5,4,10,8,8,6,15,8,11,17,11,15,9,9,22,10,17,20,14,12,18,24,24,21,16,20,22,28,25,31,39,26,20,36,29,28,18,32,34,30,40,30,33,42,36,42,39,33,35,31,36,57,48,35,46,32,34,53,54,55,44,51,53,58,49,46,60,55,61,53,67,80,59,63,89,77,83,80,72,84,92,79,99,75,73,83,82,77,81,95,93,78,112,102,95,114,96,80,113,106,97,102,106,103,104,100,99,116,122,95,120,114,118,109,121,115,130,138,127,100,108,93,125,116,118,109,134,132,106,127,123,152,110,134,152,128,120,127,131,159,121,152,153,139,119,137,120,136,108,122,129,145,135,128,89,127,111,94,96,105,92,81,81,75,63,59,49,52,47,45,31,28,24,18,18,20,8,10,9,4,5,1,3,1,2,0,0,0,0,0,0,1,0,0,0,0,0,0,0,0,0,0,0,0,0,0,0,0,0,0,0,0,0,0,0,0,0,0,0,0,0,0,0,0,0,0,0,0
93.65,0,0,0,0,0,0,0,0,1,0,0,0,0,0,0,0,0,0,0,0,0,0,0,0,0,0,0,0,0,0,0,0,0,0,1,0,0,0,0,0,0,1,1,0,1,1,0,0,3,1,1,1,2,2,1,1,1,1,3,1,2,3,1,3,1,2,4,6,13,11,9,12,10,12,10,9,6,9,7,10,7,9,9,19,15,13,13,19,19,12,22,9,25,22,8,36,17,20,31,23,25,32,33,23,30,29,39,21,20,36,29,36,35,29,36,42,34,39,39,35,34,32,40,47,50,33,43,31,36,50,50,56,45,53,45,53,51,44,60,55,61,53,65,64,65,64,87,80,83,102,72,76,108,81,94,74,72,85,86,74,82,94,97,76,106,104,93,110,101,81,119,106,101,102,108,91,100,98,103,106,116,103,116,118,116,111,121,117,130,136,119,100,116,93,123,116,114,115,140,140,104,127,123,146,108,138,150,126,124,129,133,157,121,150,153,137,119,137,120,136,108,122,127,145,137,126,89,125,111,94,96,105,92,81,79,75,63,57,49,52,49,45,31,28,24,18,18,20,8,10,9,4,5,1,3,1,2,0,0,0,0,0,0,1,0,0,0,0,0,0,0,0,0,0,0,0,0,0,0,0,0,0,0,0,0,0,0,0,0,0,0,0,0,0,0,0,0,0,0,0
93.75,0,1,0,0,0,0,0,0,0,0,0,0,1,0,1,0,0,1,0,0,0,0,0,0,1,0,1,0,1,0,0,0,0,0,0,1,1,0,1,1,0,1,0,0,0,3,1,0,3,0,1,2,2,1,0,1,0,1,0,1,4,1,2,3,1,0,1,6,5,12,8,11,10,12,10,13,7,9,8,11,14,9,13,16,10,15,17,11,18,14,14,17,12,15,23,20,20,24,24,29,25,29,24,30,29,27,38,16,31,30,27,34,29,33,37,40,31,38,39,38,36,32,41,48,43,41,47,29,36,50,53,56,50,76,44,49,50,43,59,54,65,53,66,64,61,85,88,90,80,86,74,80,93,77,83,76,78,89,88,74,82,94,99,76,106,104,97,112,101,79,117,104,103,102,106,95,100,98,102,112,122,95,120,114,114,103,121,121,128,138,123,102,112,99,123,108,118,111,132,144,104,121,125,148,108,140,154,126,126,131,129,163,127,148,153,137,119,137,116,136,110,122,127,141,135,124,87,125,109,96,98,105,92,79,79,75,65,57,49,52,49,45,31,28,26,18,18,20,8,10,9,4,5,1,3,1,2,0,0,0,0,0,0,1,0,0,0,0,0,0,0,0,0,0,0,0,0,0,0,0,0,0,0,0,0,0,0,0,0,0,0,0,0,0,0,0,0,0,0,0
93.85,0,0,0,0,0,0,0,0,0,0,0,0,0,0,0,1,0,0,0,0,0,0,0,1,0,0,0,0,0,0,0,0,0,1,0,0,0,4,0,1,0,1,3,0,1,0,0,2,2,0,0,1,2,0,2,0,0,1,1,1,2,2,2,1,1,0,4,4,5,2,12,12,6,6,10,6,14,9,15,4,15,10,8,15,11,20,11,16,10,19,22,13,14,15,10,16,20,24,27,33,33,29,24,26,33,27,27,25,32,28,27,36,29,33,44,42,33,38,39,38,40,31,39,49,36,36,37,33,37,51,51,66,46,67,52,51,52,45,61,53,60,50,84,73,65,70,90,74,84,72,70,74,101,75,88,72,72,89,92,79,81,96,101,78,104,104,98,107,101,81,119,106,101,100,103,91,104,104,100,108,122,91,118,112,118,103,117,125,132,148,117,108,114,93,123,110,114,107,132,146,102,123,121,140,110,134,152,124,122,137,127,169,123,146,155,137,119,137,116,136,110,120,133,141,137,122,89,127,109,96,98,105,92,79,81,73,65,57,49,52,49,45,31,28,26,18,18,20,8,10,9,4,5,1,3,1,2,0,0,0,0,0,0,1,0,0,0,0,0,0,0,0,0,0,0,0,0,0,0,0,0,0,0,0,0,0,0,0,0,0,0,0,0,0,0,0,0,0,0,0
93.95,0,0,0,0,0,0,0,0,0,1,0,1,0,0,0,0,0,0,0,0,0,0,0,0,1,0,0,0,1,0,0,0,0,1,1,0,0,1,0,1,0,2,2,1,2,0,1,0,1,1,0,1,1,0,0,2,1,0,0,1,0,0,0,1,0,0,1,5,11,6,6,3,5,9,10,8,15,10,10,13,11,10,9,12,17,22,16,9,18,14,13,13,18,20,19,21,19,16,25,24,34,24,31,27,31,29,26,21,28,31,27,37,20,33,40,40,38,36,39,39,39,31,49,47,36,37,37,38,34,53,51,74,45,62,69,62,56,48,63,56,65,51,69,66,62,70,83,72,89,71,72,79,97,94,90,78,77,86,87,79,79,96,95,76,110,98,96,109,101,81,109,104,99,107,105,91,98,98,106,114,116,91,114,114,118,106,116,127,126,146,119,110,114,97,131,116,118,105,130,146,102,125,123,144,110,134,152,122,126,141,129,165,123,146,159,131,115,137,116,136,106,122,133,143,135,122,91,125,107,96,96,107,92,77,83,73,65,57,49,50,49,45,35,28,26,18,18,20,8,10,9,4,5,1,3,1,2,0,0,0,0,0,0,1,0,0,0,0,0,0,0,0,0,0,0,0,0,0,0,0,0,0,0,0,0,0,0,0,0,0,0,0,0,0,0,0,0,0,0,0
94.05,0,0,0,0,0,0,0,0,0,0,0,0,0,0,1,0,0,0,0,0,0,1,0,0,0,1,0,0,0,0,1,0,1,1,0,0,0,0,0,3,0,0,2,0,1,0,1,0,2,1,1,2,2,0,1,2,2,0,0,0,0,1,0,0,0,1,1,7,9,1,7,8,8,5,8,9,12,6,14,9,10,19,14,11,12,7,20,17,8,20,25,14,18,26,17,25,17,19,23,26,36,27,25,23,30,39,18,27,25,27,32,40,22,29,37,39,37,39,33,39,36,33,42,47,36,40,39,33,37,53,51,64,45,54,46,80,60,43,64,60,62,52,63,65,68,56,81,74,95,67,73,74,91,87,93,76,77,88,84,76,79,94,97,78,114,104,99,106,103,79,141,104,108,110,111,99,96,104,106,112,120,99,120,114,116,106,118,127,126,146,131,106,120,97,125,110,124,105,124,144,102,125,125,142,108,132,148,122,120,139,129,165,125,146,151,137,117,139,120,134,106,120,133,139,133,119,91,129,107,96,96,107,94,77,83,73,63,57,49,50,49,45,33,28,26,18,18,20,8,10,9,4,5,1,3,1,2,0,0,0,0,0,0,1,0,0,0,0,0,0,0,0,0,0,0,0,0,0,0,0,0,0,0,0,0,0,0,0,0,0,0,0,0,0,0,0,0,0,0,0
94.15,0,0,0,0,0,1,0,0,0,0,0,0,0,0,0,0,1,0,0,1,0,0,0,0,0,1,0,0,0,1,0,0,0,0,0,0,0,0,1,1,1,0,1,0,0,3,0,0,1,0,2,1,1,0,2,1,0,0,1,0,0,1,1,1,0,0,3,8,4,8,7,5,8,11,10,7,8,4,8,9,3,11,18,12,12,12,12,15,12,12,16,20,16,23,20,11,20,25,23,35,25,29,20,33,38,20,25,26,31,34,27,33,25,31,39,40,37,37,36,35,40,35,42,48,35,37,35,34,34,56,57,71,54,57,60,53,57,41,63,58,62,49,63,65,64,58,83,88,84,67,77,76,81,97,87,76,93,91,91,81,89,96,99,80,106,109,96,104,99,85,141,104,98,109,110,95,100,102,102,108,120,99,124,116,120,100,118,119,126,138,129,98,118,89,119,112,116,105,128,142,100,127,127,140,112,130,154,122,120,141,131,165,125,146,145,141,115,139,118,134,106,122,135,141,135,119,91,129,107,94,96,107,94,75,81,73,63,57,49,48,49,45,33,28,26,18,18,20,8,10,9,4,5,1,3,1,2,0,0,0,0,0,0,1,0,0,0,0,0,0,0,0,0,0,0,0,0,0,0,0,0,0,0,0,0,0,0,0,0,0,0,0,0,0,0,0,0,0,0,0
94.25,0,0,0,0,0,0,0,0,0,0,0,0,0,0,0,0,0,0,0,0,1,0,0,1,0,0,1,0,0,0,0,0,2,0,0,0,1,0,2,0,0,0,1,0,0,0,1,1,0,1,0,3,2,2,0,1,1,2,1,1,1,1,1,2,2,0,1,4,5,13,7,8,11,6,6,6,12,6,7,5,9,11,12,11,16,13,14,10,17,15,20,15,29,17,17,14,18,22,31,18,22,22,24,33,28,23,33,23,28,35,29,33,26,36,30,41,34,40,37,36,37,33,43,46,35,51,32,34,35,54,49,67,49,59,46,51,61,41,64,54,59,55,63,65,61,61,76,78,81,70,81,76,87,79,86,73,71,94,88,77,83,98,97,78,113,107,100,104,106,78,133,102,100,112,105,91,98,99,105,108,124,99,116,108,112,114,124,117,130,140,121,102,122,91,123,118,114,109,132,136,110,125,131,144,104,132,154,122,120,139,135,161,127,148,145,143,117,133,120,132,106,124,131,141,137,121,93,127,110,96,96,107,94,75,81,73,63,57,49,48,49,45,33,28,26,18,18,20,8,10,9,4,5,1,3,1,2,0,0,0,0,0,0,1,0,0,0,0,0,0,0,0,0,0,0,0,0,0,0,0,0,0,0,0,0,0,0,0,0,0,0,0,0,0,0,0,0,0,0,0
94.35,0,0,0,0,0,0,0,0,0,1,0,0,0,0,1,0,0,0,0,0,0,0,0,0,0,0,0,0,0,0,0,0,0,0,1,0,0,0,0,1,1,0,1,3,2,1,1,0,1,1,0,0,2,1,2,1,0,1,3,2,1,0,0,1,0,1,2,6,4,4,5,9,8,7,7,5,11,5,8,8,7,16,9,7,15,19,17,26,20,15,12,21,23,18,18,20,19,25,25,19,20,26,29,30,25,22,35,30,31,28,31,30,30,32,33,39,38,43,29,37,35,35,44,44,35,42,33,38,42,54,52,85,47,56,50,50,66,40,66,54,58,52,64,65,67,60,79,96,85,74,71,78,83,83,96,77,73,88,88,80,84,94,97,76,105,107,102,106,100,80,141,102,102,115,102,97,98,95,101,116,118,97,118,115,121,106,120,117,132,142,119,99,112,97,125,120,116,113,134,138,108,125,131,142,108,134,160,124,112,139,137,167,127,148,145,141,115,129,122,132,108,128,131,145,139,119,93,127,110,96,98,107,94,75,81,71,63,57,49,48,49,45,33,26,26,18,18,20,8,10,9,4,5,1,3,1,2,0,0,0,0,0,0,1,0,0,0,0,0,0,0,0,0,0,0,0,0,0,0,0,0,0,0,0,0,0,0,0,0,0,0,0,0,0,0,0,0,0,0,0
94.45,0,0,0,0,0,0,0,0,1,0,0,1,0,1,0,0,0,0,0,0,1,0,0,0,0,0,0,1,1,0,0,0,0,0,0,0,2,3,0,0,1,1,0,2,2,2,0,1,2,0,1,2,1,2,0,2,2,3,0,1,2,1,0,2,0,3,1,4,3,8,5,13,9,7,8,7,3,5,12,16,18,15,11,15,15,16,22,17,19,16,26,20,18,25,20,16,21,29,19,22,21,22,28,24,37,21,29,29,31,36,24,32,34,31,36,43,37,43,29,36,37,35,47,46,35,41,36,30,39,58,41,98,42,58,65,46,58,42,66,56,58,52,67,62,64,63,77,86,83,72,82,79,101,93,88,77,69,98,86,84,84,96,93,81,106,101,94,106,100,78,149,106,102,111,102,93,100,99,97,120,120,93,114,113,117,110,118,119,134,140,113,105,116,93,125,116,112,116,136,136,112,125,127,136,104,138,160,122,114,137,137,169,123,148,143,143,115,129,124,132,106,128,131,145,137,119,91,127,110,96,98,107,94,75,81,71,63,57,49,48,47,45,33,26,26,18,16,20,8,10,9,4,5,1,3,1,2,0,0,0,0,0,0,1,0,0,0,0,0,0,0,0,0,0,0,0,0,0,0,0,0,0,0,0,0,0,0,0,0,0,0,0,0,0,0,0,0,0,0,0
94.55,0,0,0,0,1,0,0,0,0,0,2,0,0,0,0,0,0,0,0,0,0,0,1,1,0,0,0,0,0,0,0,0,1,1,2,2,0,1,0,1,0,2,2,0,0,1,1,0,2,3,0,2,0,1,1,0,0,1,1,1,1,0,1,0,0,1,0,8,5,10,5,5,15,16,12,12,14,4,9,10,10,11,11,14,17,14,13,17,12,25,24,23,22,16,20,24,22,21,23,25,17,25,30,25,28,22,29,29,34,24,30,31,32,29,43,38,37,43,33,37,27,39,40,45,39,40,37,30,43,61,40,85,41,60,39,43,56,42,66,58,58,54,59,62,61,60,80,75,89,70,76,73,97,74,88,76,73,96,84,86,84,94,97,83,106,105,102,106,102,80,123,100,98,113,100,95,96,105,103,116,120,99,114,117,115,104,118,125,130,144,123,101,118,93,131,120,116,114,132,140,110,127,125,138,102,136,158,124,118,145,137,171,121,146,143,143,117,127,124,130,106,128,129,141,139,119,93,123,110,96,100,105,96,77,83,71,63,57,47,50,45,43,33,26,26,16,16,20,8,10,9,4,5,1,3,1,2,0,0,0,0,0,0,1,0,0,0,0,0,0,0,0,0,0,0,0,0,0,0,0,0,0,0,0,0,0,0,0,0,0,0,0,0,0,0,0,0,0,0,0
94.65,0,0,0,0,0,0,0,0,0,0,0,0,0,0,0,0,0,0,1,0,0,0,0,0,0,1,0,0,0,0,0,1,0,0,0,0,0,0,1,0,0,0,0,0,0,1,0,0,0,1,0,0,0,0,1,3,4,1,1,1,2,0,0,0,0,3,1,8,5,3,9,9,5,13,4,13,8,9,6,12,9,15,10,12,14,8,16,16,13,29,19,23,20,17,19,27,20,23,20,25,18,25,26,30,24,27,25,32,40,20,33,30,34,33,40,43,38,45,33,35,29,38,41,42,38,38,37,28,41,54,40,68,37,56,42,46,58,42,72,63,60,55,55,65,62,62,76,74,119,72,72,73,87,78,86,76,73,100,86,80,80,98,99,79,112,105,100,112,100,80,125,105,107,110,104,89,100,101,101,108,122,97,118,121,117,106,122,121,128,138,119,103,114,97,125,118,118,110,132,146,110,125,129,140,108,136,160,120,120,145,139,169,121,148,149,145,119,127,124,130,106,130,133,139,139,117,93,125,110,96,98,105,98,79,85,73,63,57,47,50,45,43,33,26,26,16,16,20,8,10,9,4,5,1,3,1,2,0,0,0,0,0,0,1,0,0,0,0,0,0,0,0,0,0,0,0,0,0,0,0,0,0,0,0,0,0,0,0,0,0,0,0,0,0,0,0,0,0,0,0
94.75,0,0,0,0,0,0,0,1,0,0,0,0,0,0,0,0,0,1,1,0,0,0,0,0,1,0,0,0,0,0,0,0,0,1,0,1,1,1,1,1,1,1,1,1,1,1,1,1,2,1,1,2,0,2,1,1,1,3,0,1,2,0,1,0,1,3,2,4,9,5,11,2,12,11,11,7,10,7,7,11,10,8,10,14,15,18,14,15,13,20,19,26,18,19,14,25,26,19,15,26,24,24,29,26,22,32,29,35,36,20,34,32,29,30,36,38,41,41,32,37,28,39,41,41,45,38,38,29,47,46,42,65,43,56,40,48,53,43,69,73,59,53,54,65,62,62,78,76,85,74,72,77,109,86,82,74,73,98,84,82,81,97,92,92,118,103,94,110,100,78,123,101,109,110,100,93,100,104,102,110,116,97,112,115,111,108,116,119,126,136,122,100,108,91,123,116,120,110,132,140,110,127,125,146,104,134,158,120,126,145,133,161,119,146,149,147,119,133,124,130,106,130,133,135,139,115,93,125,110,98,98,105,98,77,85,73,61,57,47,50,45,43,33,26,26,16,16,20,8,10,9,4,5,1,3,1,2,0,0,0,0,0,0,1,0,0,0,0,0,0,0,0,0,0,0,0,0,0,0,0,0,0,0,0,0,0,0,0,0,0,0,0,0,0,0,0,0,0,0,0
94.85,0,0,0,1,0,0,0,0,0,0,0,0,1,0,0,0,0,0,0,0,0,0,1,1,0,0,0,0,1,0,1,0,0,0,1,1,0,0,0,1,0,2,1,0,0,1,2,0,2,0,0,1,1,0,0,0,2,0,3,0,0,1,1,1,2,2,0,6,9,3,8,10,13,4,13,8,11,14,12,10,12,13,11,13,16,7,13,18,12,19,18,23,16,20,25,26,20,24,18,21,26,25,30,21,28,31,28,31,35,24,36,29,30,33,36,37,35,43,36,35,29,38,47,41,41,34,34,27,49,53,54,76,45,58,46,49,51,44,65,60,61,53,53,65,62,60,80,82,85,74,79,73,93,77,84,78,71,103,91,76,89,93,92,82,122,101,94,106,108,80,123,105,111,106,102,91,100,102,96,114,118,99,124,113,111,108,114,119,132,142,124,102,106,97,119,113,118,108,136,144,108,125,121,154,104,136,152,122,126,147,133,164,119,148,151,147,119,137,122,132,106,130,133,137,143,113,91,125,110,98,100,105,96,73,85,73,61,57,47,50,45,43,33,26,26,16,16,20,8,10,9,4,5,1,3,1,2,0,0,0,0,0,0,1,0,0,0,0,0,0,0,0,0,0,0,0,0,0,0,0,0,0,0,0,0,0,0,0,0,0,0,0,0,0,0,0,0,0,0,0
94.95,0,0,0,0,0,0,0,0,0,0,0,0,0,0,0,0,0,0,0,0,0,0,0,0,1,0,0,0,0,0,0,0,0,0,1,1,0,0,0,1,0,0,2,0,3,0,1,0,1,0,0,1,1,0,1,2,2,1,2,0,1,0,2,0,2,1,4,5,3,4,9,8,10,8,5,10,13,8,5,6,11,11,15,18,9,15,15,13,11,16,19,16,22,23,17,28,20,16,24,25,29,25,29,13,30,35,26,31,34,32,35,31,27,31,36,38,37,39,35,32,35,34,45,38,42,32,31,29,47,48,57,63,42,66,42,51,49,44,67,60,62,53,52,68,73,60,83,77,90,89,73,75,97,83,90,78,76,96,81,76,91,95,96,82,112,99,94,104,104,80,123,101,105,104,104,89,100,106,100,114,114,95,124,111,115,114,118,117,132,138,118,102,118,97,123,111,116,106,134,140,108,127,121,144,104,138,158,122,126,141,133,168,119,152,151,143,117,137,124,130,108,128,131,137,145,111,89,131,112,100,100,107,96,75,85,73,61,59,49,50,45,43,33,28,26,16,16,20,8,10,9,4,5,1,3,1,2,0,0,0,0,0,0,1,0,0,0,0,0,0,0,0,0,0,0,0,0,0,0,0,0,0,0,0,0,0,0,0,0,0,0,0,0,0,0,0,0,0,0,0
95.05,1,0,0,0,0,0,0,0,0,0,0,0,0,0,1,0,0,0,0,0,0,0,0,0,0,0,0,1,0,0,0,0,1,0,0,1,0,0,1,1,0,0,0,0,2,1,2,1,0,0,0,0,0,0,1,1,0,0,1,1,1,1,1,1,1,0,2,6,4,6,3,15,8,4,18,10,9,12,5,10,15,10,6,11,12,7,17,13,18,9,19,15,19,17,23,23,20,23,24,25,27,29,25,20,24,32,30,32,34,31,32,28,26,34,33,37,39,40,36,32,39,30,47,40,39,34,32,38,43,51,47,70,42,64,58,54,49,47,62,62,62,52,52,72,61,62,81,75,82,98,75,73,94,89,84,80,74,92,103,78,89,93,96,76,114,109,100,104,96,80,123,103,109,108,110,99,92,102,100,110,122,99,124,111,117,114,130,115,132,138,120,104,118,97,129,113,120,100,128,136,104,129,121,138,110,136,158,116,126,141,131,166,123,150,151,143,119,137,128,128,108,126,133,133,147,111,93,131,114,100,98,107,98,75,81,73,63,57,49,50,45,43,33,28,26,16,16,20,8,10,9,4,5,1,3,1,2,0,0,0,0,0,0,1,0,0,0,0,0,0,0,0,0,0,0,0,0,0,0,0,0,0,0,0,0,0,0,0,0,0,0,0,0,0,0,0,0,0,0,0
95.15,0,0,0,0,0,0,0,1,0,0,0,0,0,0,0,0,0,0,0,0,0,0,0,0,0,0,0,0,0,0,0,0,0,0,0,1,1,0,1,1,1,1,2,1,0,2,1,2,0,0,1,0,1,0,1,0,0,2,1,0,4,1,0,0,3,0,3,4,6,6,4,7,8,7,9,8,13,15,15,6,9,14,10,8,10,16,13,10,14,10,11,22,14,16,23,16,16,21,23,20,30,22,29,21,28,27,30,28,35,30,28,31,29,30,32,39,36,47,37,34,42,31,46,38,41,34,33,29,49,49,42,60,47,57,45,57,49,45,62,69,59,52,52,66,61,67,80,75,82,142,75,73,94,72,86,82,72,96,81,78,83,98,91,76,110,103,98,108,102,78,117,101,107,106,104,89,104,104,96,108,122,95,118,112,111,111,128,115,124,140,128,98,120,97,125,113,125,104,130,140,104,123,125,138,110,136,160,118,122,139,131,164,125,154,153,139,117,137,128,128,108,126,135,133,149,111,93,131,114,100,100,107,96,79,79,73,63,57,49,50,45,43,33,28,26,16,16,20,8,10,9,4,5,1,3,1,2,0,0,0,0,0,0,1,0,0,0,0,0,0,0,0,0,0,0,0,0,0,0,0,0,0,0,0,0,0,0,0,0,0,0,0,0,0,0,0,0,0,0,0
95.25,0,0,0,0,1,0,0,0,0,0,0,0,0,0,0,0,0,0,1,0,0,1,1,0,1,0,0,0,0,3,1,0,0,0,1,1,1,1,0,0,0,1,1,2,2,0,0,0,0,1,0,1,2,1,0,0,2,0,0,1,2,2,1,1,1,0,0,4,7,5,7,7,9,5,5,7,7,11,11,4,14,13,13,7,8,9,9,14,12,15,18,22,19,18,15,20,15,22,20,21,32,17,24,29,24,28,29,29,36,28,29,32,30,32,37,37,38,42,36,35,43,30,47,36,41,29,32,27,49,51,43,58,58,57,46,51,50,44,62,65,57,58,52,68,57,63,86,70,85,80,73,74,95,75,89,106,76,96,89,72,87,92,95,76,112,103,100,108,98,82,119,101,105,106,104,95,96,104,104,110,118,99,119,112,113,113,118,119,132,140,122,100,118,97,120,110,117,106,130,148,102,127,123,142,114,136,156,118,118,133,131,158,125,154,155,139,117,143,122,128,108,126,135,133,145,111,95,129,118,98,98,107,98,81,79,73,63,57,47,50,45,43,33,28,26,16,16,20,8,10,9,4,5,1,3,1,2,0,0,0,0,0,0,1,0,0,0,0,0,0,0,0,0,0,0,0,0,0,0,0,0,0,0,0,0,0,0,0,0,0,0,0,0,0,0,0,0,0,0,0
95.35,0,0,0,0,0,0,0,0,0,0,0,1,0,0,0,0,0,0,0,0,0,0,1,0,0,0,0,0,0,1,0,1,0,1,0,0,1,0,1,1,1,3,0,1,2,2,0,0,1,2,0,1,0,2,0,1,1,0,0,1,2,1,0,0,3,2,3,7,8,3,2,7,10,10,12,18,9,7,8,10,12,8,9,11,13,18,16,15,17,8,25,17,21,14,25,12,24,17,16,30,32,22,30,26,19,29,29,27,31,27,30,30,29,38,30,35,34,43,37,31,44,32,41,35,40,31,31,28,46,47,41,64,70,55,42,54,46,57,62,64,87,56,60,68,62,60,84,68,79,78,73,73,90,77,83,86,76,93,86,74,83,96,97,76,108,103,94,104,98,80,117,103,101,106,112,95,100,102,98,114,118,101,127,112,113,107,114,119,132,140,118,102,114,97,122,108,119,104,134,146,100,123,123,144,112,136,150,118,118,135,133,156,127,154,157,141,119,143,122,126,110,126,133,133,147,109,95,127,116,98,98,109,98,81,79,73,63,57,47,50,45,43,33,28,26,16,16,20,8,10,9,4,5,1,3,1,2,0,0,0,0,0,0,1,0,0,0,0,0,0,0,0,0,0,0,0,0,0,0,0,0,0,0,0,0,0,0,0,0,0,0,0,0,0,0,0,0,0,0,0
95.45,0,0,0,0,0,0,0,0,0,0,0,0,0,0,0,0,1,0,0,0,0,0,0,0,0,1,0,1,0,1,0,0,1,0,0,0,2,0,0,0,1,1,0,1,1,1,1,1,1,0,1,1,0,1,1,0,0,1,1,1,3,3,2,4,1,2,1,6,8,12,7,7,9,9,9,8,4,7,9,11,17,13,10,15,19,16,11,19,19,14,19,20,7,19,13,20,18,13,26,22,23,25,25,29,19,29,22,32,28,26,33,30,31,31,31,39,35,39,33,33,50,29,40,35,40,33,27,30,48,47,38,72,50,58,42,56,48,55,67,57,74,56,66,68,60,57,80,73,81,90,73,73,93,74,81,82,76,97,89,77,87,98,97,76,111,100,84,118,98,80,123,99,103,106,106,93,106,104,100,110,122,99,129,108,113,111,118,117,134,132,116,102,110,95,128,112,117,102,134,144,104,121,125,142,110,138,154,120,116,135,129,158,129,148,155,141,121,143,118,126,108,128,135,133,149,109,99,127,116,98,98,109,98,81,83,75,63,57,47,50,45,43,33,28,26,16,16,20,8,10,9,4,5,1,3,1,2,0,0,0,0,0,0,1,0,0,0,0,0,0,0,0,0,0,0,0,0,0,0,0,0,0,0,0,0,0,0,0,0,0,0,0,0,0,0,0,0,0,0,0
95.55,0,0,0,0,0,1,0,0,0,0,0,0,0,0,0,0,0,0,0,0,0,1,0,0,0,0,0,0,1,0,0,0,0,1,0,1,0,0,0,0,0,0,2,0,0,1,0,1,3,0,0,1,0,2,1,0,1,1,1,1,2,1,4,3,1,0,1,3,5,10,8,9,10,9,11,12,5,11,11,9,11,9,9,15,15,16,12,17,19,12,14,16,19,11,19,14,20,11,21,28,21,29,30,19,20,35,20,39,24,26,32,33,29,31,32,34,35,44,36,31,47,31,42,36,35,33,27,33,48,44,40,65,67,55,41,54,46,55,67,63,56,56,82,68,63,59,88,66,81,82,73,73,87,80,97,90,76,91,94,72,82,96,89,76,109,102,90,110,94,82,117,105,106,99,106,92,97,102,99,107,116,97,117,114,114,109,120,123,126,130,122,96,112,91,134,118,111,106,134,144,104,125,127,140,106,132,156,120,114,135,129,162,129,150,153,143,119,143,118,120,108,130,133,133,151,113,99,125,116,98,98,108,98,79,83,73,63,57,47,50,45,43,33,30,26,16,16,20,8,10,9,4,5,1,3,1,2,0,0,0,0,0,0,1,0,0,0,0,0,0,0,0,0,0,0,0,0,0,0,0,0,0,0,0,0,0,0,0,0,0,0,0,0,0,0,0,0,0,0,0
95.65,0,0,0,0,0,0,0,0,0,0,0,0,0,0,1,0,0,0,0,1,0,0,0,0,0,0,0,0,0,0,1,0,0,0,0,2,0,1,0,3,0,1,1,0,1,1,1,2,1,1,0,0,1,0,1,2,1,0,0,0,1,1,0,0,2,2,2,7,6,5,7,7,13,10,9,9,8,13,10,8,14,9,11,9,11,15,13,15,20,14,16,15,11,21,16,17,18,17,20,18,22,29,28,22,21,32,24,36,21,28,33,34,32,32,31,36,42,37,34,29,48,32,42,37,33,34,27,38,50,44,39,66,46,69,44,57,48,42,64,63,56,56,58,70,67,57,82,67,79,82,69,75,97,76,87,77,76,97,110,76,82,92,95,78,113,110,86,109,91,78,119,101,112,107,98,96,97,102,103,112,122,97,117,110,112,117,120,117,126,140,122,102,108,99,126,116,119,112,132,142,110,127,125,144,104,136,160,126,112,133,135,160,127,150,151,141,119,143,116,122,104,132,133,131,151,115,95,125,116,96,98,108,98,81,83,73,63,57,47,50,45,43,33,30,26,16,16,20,8,10,9,4,5,1,3,1,2,0,0,0,0,0,0,1,0,0,0,0,0,0,0,0,0,0,0,0,0,0,0,0,0,0,0,0,0,0,0,0,0,0,0,0,0,0,0,0,0,0,0,0
95.75,0,0,0,0,0,0,0,0,0,0,0,0,0,1,0,0,0,0,0,0,0,0,0,0,1,0,2,1,0,1,0,1,0,1,2,0,0,0,1,0,0,1,0,0,1,1,0,2,0,1,0,0,2,1,0,1,0,0,0,0,2,1,3,4,1,1,2,2,4,7,9,4,7,12,9,13,12,8,8,10,11,10,19,14,10,13,13,24,18,8,15,24,15,14,23,16,22,11,22,24,28,24,27,20,23,21,29,35,24,29,35,34,34,31,32,33,34,46,33,28,48,35,43,34,33,38,27,30,49,44,42,58,41,57,42,54,48,41,62,60,56,54,57,67,59,61,84,68,87,77,78,75,97,75,80,77,78,99,92,78,84,94,93,80,105,100,86,113,93,82,119,107,112,103,102,92,97,102,101,110,124,93,119,108,108,113,122,113,128,142,120,102,116,99,122,116,113,108,132,138,112,121,127,144,104,140,150,128,112,131,141,159,130,148,147,137,117,143,116,121,104,130,129,131,149,113,95,125,116,96,96,108,98,81,83,73,61,57,45,50,45,43,33,30,24,16,16,20,8,10,9,4,5,1,3,1,2,0,0,0,0,0,0,1,0,0,0,0,0,0,0,0,0,0,0,0,0,0,0,0,0,0,0,0,0,0,0,0,0,0,0,0,0,0,0,0,0,0,0,0
95.85,0,0,0,1,0,0,0,0,0,0,0,0,1,0,0,0,0,0,0,0,0,0,0,0,0,0,0,0,0,0,0,2,1,0,2,1,0,1,0,1,2,1,0,1,3,1,0,1,2,0,3,0,0,0,0,0,1,3,1,0,1,1,2,2,1,1,0,6,5,8,10,5,9,7,9,8,15,11,15,10,10,14,11,10,10,14,13,14,21,19,17,17,20,15,25,25,18,20,21,23,27,26,25,25,20,22,32,29,27,30,33,33,34,31,37,31,35,38,33,31,44,35,40,35,31,43,35,32,49,50,42,60,39,56,45,51,50,41,62,64,56,56,59,69,61,57,84,66,85,81,74,75,95,77,78,75,72,91,94,70,86,94,91,78,113,106,86,107,99,80,119,101,108,101,108,96,99,106,107,108,120,99,123,114,108,111,118,123,132,142,124,100,116,95,122,114,117,110,126,138,108,123,123,148,104,140,150,124,112,135,139,157,128,154,149,139,117,139,114,123,108,128,129,133,153,115,93,125,118,94,96,110,98,81,81,73,61,57,45,50,45,45,33,30,24,16,16,20,8,10,9,4,5,1,3,1,2,0,0,0,0,0,0,1,0,0,0,0,0,0,0,0,0,0,0,0,0,0,0,0,0,0,0,0,0,0,0,0,0,0,0,0,0,0,0,0,0,0,0,0
95.95,0,0,1,0,0,1,0,0,0,0,0,0,0,0,0,0,0,0,0,0,0,0,0,1,0,0,0,0,0,0,0,0,0,0,0,1,0,0,0,0,0,0,0,2,0,0,0,1,1,2,1,0,2,2,0,2,2,2,2,2,0,0,4,1,1,1,1,6,7,5,10,3,9,7,9,9,10,14,6,9,9,12,13,25,7,8,7,16,11,22,16,18,27,25,17,22,20,21,25,25,19,28,26,22,24,25,26,32,22,35,32,38,32,33,37,29,31,39,31,35,41,35,38,34,31,47,36,40,48,45,39,57,40,55,48,52,50,42,64,72,56,54,57,67,59,54,82,70,86,76,74,74,95,74,79,69,70,93,114,70,84,100,93,76,105,104,91,110,93,80,119,109,110,109,102,100,97,98,97,104,120,95,123,114,114,109,120,121,132,140,118,100,118,103,124,114,115,102,134,138,102,131,119,140,106,144,154,123,110,139,139,155,130,154,147,143,113,137,114,125,108,130,127,133,153,117,93,127,118,94,96,110,96,81,81,73,65,57,45,50,45,45,33,30,24,16,16,20,8,10,9,4,5,1,3,1,2,0,0,0,0,0,0,1,0,0,0,0,0,0,0,0,0,0,0,0,0,0,0,0,0,0,0,0,0,0,0,0,0,0,0,0,0,0,0,0,0,0,0,0
96.05,0,0,0,0,1,0,0,0,0,0,1,0,0,0,1,0,0,0,0,0,0,1,0,0,0,0,0,0,0,0,1,0,0,0,0,1,0,1,1,2,2,1,0,0,1,1,0,1,0,0,1,4,0,1,0,0,2,2,1,0,1,0,0,0,4,0,0,3,7,7,15,8,10,7,10,4,16,15,13,15,19,14,12,7,16,16,16,14,17,18,18,21,22,22,19,16,14,26,22,27,26,26,23,24,20,25,27,32,21,32,31,39,29,33,38,27,34,36,31,33,40,35,38,33,31,38,30,47,47,45,42,58,37,53,49,56,52,39,82,72,58,55,58,67,59,54,88,66,86,76,74,76,99,76,85,73,76,89,76,68,82,98,95,78,111,106,91,108,97,82,121,101,114,109,102,94,94,99,97,106,116,101,129,117,117,109,116,117,132,138,120,102,112,95,120,108,115,106,132,140,100,129,119,141,104,140,150,121,116,137,141,159,132,154,145,143,117,139,112,125,106,128,129,131,153,115,89,127,118,94,94,108,98,81,81,69,65,57,45,50,45,45,33,30,24,16,16,20,8,10,9,4,5,1,3,1,2,0,0,0,0,0,0,1,0,0,0,0,0,0,0,0,0,0,0,0,0,0,0,0,0,0,0,0,0,0,0,0,0,0,0,0,0,0,0,0,0,0,0,0
96.15,0,0,0,0,0,0,0,0,0,0,0,0,0,0,0,0,0,0,0,0,0,0,0,0,0,0,0,0,0,0,0,0,0,0,0,0,0,1,0,2,1,1,0,0,0,0,1,1,0,1,2,1,0,1,0,1,0,1,0,4,1,1,0,1,0,2,1,3,4,8,11,6,8,11,5,8,11,14,11,11,15,11,15,9,10,12,19,17,16,19,18,26,27,24,21,22,24,25,24,18,26,23,23,25,19,21,30,28,23,25,40,36,27,32,35,30,32,41,29,32,40,36,36,32,35,35,27,47,46,46,40,53,37,56,53,46,52,39,61,81,56,58,53,66,61,54,84,69,85,75,73,76,97,78,79,71,74,89,76,70,82,92,96,73,110,99,92,112,93,78,121,103,116,103,106,92,102,99,105,110,122,95,137,111,111,109,116,117,128,140,114,102,112,97,125,112,110,106,138,138,100,133,125,139,98,136,154,119,120,135,141,161,130,154,145,141,119,149,116,125,106,128,129,131,149,115,89,127,118,94,94,108,100,81,81,69,65,57,45,50,45,45,33,30,24,16,16,20,8,10,9,4,5,1,3,1,2,0,0,0,0,0,0,1,0,0,0,0,0,0,0,0,0,0,0,0,0,0,0,0,0,0,0,0,0,0,0,0,0,0,0,0,0,0,0,0,0,0,0,0
96.25,0,0,0,1,0,0,0,0,0,1,0,0,0,0,0,0,0,0,0,0,0,0,0,0,0,0,0,0,1,0,1,3,1,2,0,0,1,0,0,0,0,2,0,1,2,1,2,2,2,0,1,1,2,3,2,0,1,3,2,0,2,1,1,0,1,2,3,2,9,9,6,9,9,10,8,10,12,10,8,13,18,13,10,17,8,13,15,9,19,21,20,25,25,19,18,19,30,21,26,29,26,22,16,26,21,23,26,26,25,25,36,40,29,33,34,29,36,37,29,34,41,36,35,31,35,34,29,33,46,46,40,56,40,57,40,47,51,39,62,68,56,59,60,65,68,54,84,71,85,79,75,72,99,76,83,71,74,95,74,74,82,98,90,79,110,99,90,107,95,78,119,105,120,101,98,100,110,106,104,106,118,95,133,109,107,115,120,121,128,138,122,100,116,95,129,112,116,104,136,140,106,123,121,141,104,134,152,119,120,135,137,161,128,156,141,145,123,147,116,129,110,130,129,129,145,117,89,127,118,94,94,102,100,81,81,67,65,57,45,50,45,45,33,30,24,16,16,20,8,10,9,4,5,1,3,1,2,0,0,0,0,0,0,1,0,0,0,0,0,0,0,0,0,0,0,0,0,0,0,0,0,0,0,0,0,0,0,0,0,0,0,0,0,0,0,0,0,0,0,0
96.35,0,0,0,0,0,0,0,0,0,0,0,0,0,0,0,0,0,0,0,0,0,0,0,0,0,0,0,1,0,1,1,0,0,1,0,0,1,2,0,2,0,1,1,1,1,1,1,0,0,3,2,0,0,1,2,0,0,1,2,0,0,1,2,2,1,0,3,2,10,9,10,14,11,9,8,11,13,5,9,11,12,11,16,13,5,12,18,12,19,10,18,19,27,13,18,28,31,16,26,31,20,20,18,22,24,27,29,26,26,31,35,39,26,34,34,30,36,35,28,35,44,30,42,30,36,36,30,33,45,46,40,54,38,57,42,47,54,38,62,65,55,61,54,74,66,51,88,72,85,77,71,73,96,82,80,73,76,95,74,72,86,96,90,73,119,102,88,110,95,79,119,101,118,113,104,92,98,106,96,106,116,95,141,109,109,121,120,115,128,136,128,96,114,99,133,112,120,106,132,142,108,123,121,145,102,132,156,121,124,139,133,163,128,154,143,141,119,145,116,127,110,132,129,129,149,115,89,129,114,92,96,100,100,81,81,67,65,57,45,50,45,45,33,28,24,16,16,20,8,10,9,4,5,1,3,1,2,0,0,0,0,0,0,1,0,0,0,0,0,0,0,0,0,0,0,0,0,0,0,0,0,0,0,0,0,0,0,0,0,0,0,0,0,0,0,0,0,0,0,0
96.45,0,0,0,0,0,0,1,0,0,0,0,3,1,0,0,1,0,0,0,0,1,0,0,0,0,0,0,0,0,0,0,0,1,0,0,0,1,1,0,0,0,0,3,0,1,1,1,0,0,2,2,3,1,0,1,2,1,0,0,0,1,0,1,0,0,1,2,4,7,7,9,10,10,5,5,20,15,5,12,8,5,8,7,11,20,10,13,19,18,17,20,13,9,18,13,31,19,26,24,28,19,19,22,21,28,27,25,27,28,33,32,38,28,33,35,33,35,36,28,34,40,31,41,30,32,34,28,32,48,47,41,53,39,58,39,51,51,37,63,64,54,59,52,70,58,51,84,104,85,81,75,75,99,82,80,75,76,92,75,68,86,94,94,77,113,103,86,110,95,77,133,103,120,105,102,90,94,102,100,108,118,101,139,111,111,115,120,121,131,138,122,104,116,93,127,112,128,102,130,138,106,123,125,145,100,134,150,113,126,133,131,159,128,154,147,141,117,145,118,127,110,134,129,129,147,115,91,129,114,92,96,100,100,81,81,69,65,57,45,50,43,45,33,28,24,16,16,20,8,10,9,4,5,1,3,1,2,0,0,0,0,0,0,1,0,0,0,0,0,0,0,0,0,0,0,0,0,0,0,0,0,0,0,0,0,0,0,0,0,0,0,0,0,0,0,0,0,0,0,0
96.55,0,0,0,0,0,0,0,0,0,1,0,0,0,0,0,0,0,0,0,0,0,0,0,0,0,0,0,1,0,0,0,0,2,0,0,1,0,0,0,0,0,0,2,2,2,1,1,1,1,0,0,2,0,1,1,2,1,1,2,0,0,1,3,2,1,2,1,5,12,6,12,12,6,12,6,7,10,10,11,9,18,15,15,13,16,20,20,16,14,22,16,18,14,13,8,21,25,28,26,26,21,16,27,16,32,19,27,25,34,31,34,37,31,33,35,27,37,35,30,30,39,31,38,29,34,40,37,35,50,47,38,56,37,62,39,47,51,37,65,64,55,65,55,71,62,51,90,68,81,83,85,75,107,78,80,71,76,88,73,76,82,96,94,75,115,99,90,110,93,79,151,102,117,101,106,96,102,102,96,102,120,91,137,119,113,111,122,119,131,136,116,104,120,93,125,108,114,110,126,146,108,123,125,137,104,130,154,113,120,133,129,159,124,154,147,145,121,145,120,129,112,124,131,127,149,117,91,129,114,94,94,100,100,81,81,69,65,57,45,50,43,45,33,28,24,16,16,20,8,10,9,4,5,1,3,1,2,0,0,0,0,0,0,1,0,0,0,0,0,0,0,0,0,0,0,0,0,0,0,0,0,0,0,0,0,0,0,0,0,0,0,0,0,0,0,0,0,0,0,0
96.65,0,0,0,0,0,0,0,0,0,0,0,0,0,0,0,1,0,0,0,0,0,0,0,0,0,0,0,0,1,0,0,0,0,0,1,0,0,0,0,0,0,0,0,0,0,0,1,0,1,2,0,0,0,0,1,0,1,0,2,3,2,1,1,3,0,2,2,4,4,10,4,13,6,12,6,7,12,8,11,14,12,10,12,16,14,17,16,12,16,12,18,14,12,13,26,19,24,26,31,18,21,23,24,18,26,16,29,26,34,30,34,32,34,33,37,29,33,36,27,31,40,30,39,31,41,33,31,31,52,46,39,54,38,58,39,51,55,37,66,57,55,63,57,73,62,52,91,72,79,81,83,73,107,78,85,67,78,90,75,70,80,94,90,77,111,107,88,114,91,79,161,104,115,111,104,92,102,106,104,110,130,103,131,113,105,103,118,115,131,138,116,102,113,92,123,114,110,110,126,146,104,117,131,139,104,130,154,111,120,137,127,159,122,156,147,141,121,143,118,127,114,122,129,129,149,117,89,129,116,94,92,98,98,81,81,69,65,57,45,50,43,45,33,28,24,16,16,18,8,10,9,4,5,1,3,1,2,0,0,0,0,0,0,1,0,0,0,0,0,0,0,0,0,0,0,0,0,0,0,0,0,0,0,0,0,0,0,0,0,0,0,0,0,0,0,0,0,0,0,0
96.75,0,0,0,0,0,0,0,0,0,0,0,0,0,0,0,0,0,0,0,0,0,0,0,0,0,0,0,0,1,0,0,0,1,1,0,0,1,0,1,0,0,0,1,2,1,2,3,1,1,1,0,1,1,0,1,0,1,0,3,3,2,1,0,2,4,0,4,6,5,6,7,8,10,11,5,4,12,15,16,9,9,10,13,6,10,15,6,13,17,16,10,15,17,17,26,24,17,27,24,19,18,28,22,15,26,17,30,26,33,30,34,27,30,39,30,36,31,35,29,31,38,33,37,33,34,42,30,33,52,52,42,49,37,53,38,47,57,37,64,59,57,63,59,69,87,51,82,69,83,81,85,77,113,82,83,71,76,94,74,73,86,94,96,75,113,95,90,112,99,81,159,102,141,103,102,90,98,104,96,108,118,97,139,113,107,109,122,113,133,138,120,98,112,95,123,118,108,108,128,146,104,119,139,139,104,134,156,113,122,137,127,160,118,156,145,141,119,149,118,127,112,124,127,129,145,117,91,129,116,96,90,98,96,81,81,69,65,57,45,50,45,45,33,28,24,16,16,18,8,10,9,4,5,1,3,1,2,0,0,0,0,0,0,1,0,0,0,0,0,0,0,0,0,0,0,0,0,0,0,0,0,0,0,0,0,0,0,0,0,0,0,0,0,0,0,0,0,0,0,0
96.85,0,0,0,0,0,0,0,0,0,0,0,0,0,0,1,0,1,0,0,0,0,0,0,0,0,0,0,0,2,0,0,0,0,1,0,0,0,0,0,2,0,0,0,1,1,0,2,0,1,3,0,0,3,0,0,1,0,0,1,0,0,0,1,2,0,0,1,5,7,5,6,3,7,11,12,8,7,8,7,6,14,15,13,12,19,8,9,10,16,13,16,10,14,28,18,23,21,21,23,22,15,21,21,20,19,24,28,23,32,31,35,26,28,41,28,35,36,33,27,29,41,34,43,34,40,31,31,31,60,47,43,47,35,55,39,44,65,37,64,62,56,61,55,89,60,53,87,66,81,77,87,75,229,80,85,71,71,94,82,71,82,99,91,73,117,101,86,106,97,79,149,106,188,100,110,98,98,104,98,110,122,97,131,111,109,131,118,121,127,144,122,100,114,93,129,118,110,108,130,140,110,123,131,139,102,132,154,119,122,133,127,158,120,150,151,141,119,147,116,127,112,124,127,127,143,117,91,129,112,96,92,100,96,82,81,69,67,57,45,50,43,45,33,28,24,16,16,18,8,10,9,4,5,1,3,1,2,0,0,0,0,0,0,1,0,0,0,0,0,0,0,0,0,0,0,0,0,0,0,0,0,0,0,0,0,0,0,0,0,0,0,0,0,0,0,0,0,0,0,0
96.95,0,0,0,0,0,0,0,0,0,0,0,0,0,0,0,0,0,0,0,0,0,1,1,1,0,1,0,0,0,0,0,1,0,1,0,0,2,0,0,0,0,0,1,1,0,2,0,0,2,0,1,0,0,0,1,1,1,1,0,2,1,2,1,1,0,0,3,5,5,12,9,8,10,18,9,6,15,13,11,9,8,10,16,15,14,17,15,7,13,13,16,12,28,18,19,26,22,15,18,18,19,25,22,23,23,27,25,22,33,28,29,27,30,35,32,33,37,36,28,28,36,36,37,56,36,33,31,30,70,42,46,48,34,56,38,46,56,37,66,66,54,71,55,77,88,51,91,70,79,83,75,73,117,76,79,73,73,98,74,66,82,93,93,73,113,103,88,108,93,79,147,109,201,102,100,92,100,100,100,106,120,97,129,109,117,139,114,115,125,142,120,100,116,95,135,118,114,108,130,138,104,131,125,145,108,130,154,121,118,129,131,164,114,148,153,143,119,143,116,125,106,128,125,129,139,117,91,129,114,96,94,100,94,82,81,69,67,57,47,50,41,45,33,30,24,16,16,18,8,10,9,4,5,1,3,1,2,0,0,0,0,0,0,1,0,0,0,0,0,0,0,0,0,0,0,0,0,0,0,0,0,0,0,0,0,0,0,0,0,0,0,0,0,0,0,0,0,0,0,0
97.05,0,0,0,0,0,0,0,0,0,0,0,0,1,1,0,0,1,0,0,0,1,0,0,0,0,0,1,0,0,1,0,0,2,1,0,1,1,0,2,0,0,1,0,0,0,1,1,0,0,1,3,0,1,3,1,0,3,0,1,3,3,2,0,2,3,2,3,8,16,15,14,9,17,10,7,9,19,14,13,11,13,10,12,9,10,15,14,13,12,13,20,24,18,24,22,20,19,20,20,21,18,22,22,25,18,26,23,22,31,25,30,28,26,32,33,34,38,34,26,28,39,36,36,36,36,32,33,33,53,54,52,56,36,57,39,49,55,37,70,71,52,62,62,91,76,54,86,70,79,83,73,75,123,76,77,75,73,92,76,66,102,97,89,73,113,103,96,108,95,79,137,107,209,100,104,90,98,100,98,112,118,99,125,113,117,123,112,115,123,140,118,100,114,99,127,118,114,106,134,130,114,129,123,139,108,128,150,121,116,131,131,166,116,150,155,135,117,145,116,125,106,128,127,129,135,117,89,127,116,96,93,100,94,82,83,69,69,57,47,50,41,47,33,28,24,16,16,18,8,10,9,4,5,1,3,1,2,0,0,0,0,0,0,1,0,0,0,0,0,0,0,0,0,0,0,0,0,0,0,0,0,0,0,0,0,0,0,0,0,0,0,0,0,0,0,0,0,0,0,0
97.15,0,0,0,0,1,0,0,0,0,0,0,0,0,0,0,0,0,0,0,0,0,1,0,0,0,0,0,1,0,0,1,0,0,0,0,0,1,1,0,3,0,0,0,1,1,0,0,0,1,1,2,0,0,0,1,1,1,1,0,0,3,0,2,1,3,2,1,1,9,12,12,8,11,18,8,12,14,12,10,8,18,12,9,10,7,13,14,24,17,13,19,20,21,24,17,23,15,16,18,18,19,22,25,22,18,24,19,31,30,26,28,25,28,33,31,35,35,33,27,32,37,35,34,34,37,29,39,32,53,51,46,45,36,61,41,50,53,37,66,71,52,60,62,67,71,52,91,66,79,71,73,75,97,86,84,72,69,94,72,68,94,95,91,77,111,99,92,110,95,81,121,101,255,105,103,94,100,100,96,101,126,95,121,111,111,119,118,115,127,134,116,100,118,95,127,116,116,100,136,136,110,131,121,139,104,136,156,119,120,139,133,166,116,152,157,135,119,143,116,127,106,122,129,129,137,117,91,129,118,94,93,100,90,84,83,69,69,57,47,50,41,47,33,28,26,16,16,20,8,10,9,4,5,1,3,1,2,0,0,0,0,0,0,1,0,0,0,0,0,0,0,0,0,0,0,0,0,0,0,0,0,0,0,0,0,0,0,0,0,0,0,0,0,0,0,0,0,0,0,0
97.25,0,0,1,0,0,0,0,0,0,0,0,0,0,0,0,0,0,0,0,0,0,0,0,0,0,0,1,0,0,1,0,0,0,1,0,0,0,0,0,1,0,0,0,1,0,0,0,1,2,1,2,0,0,1,1,1,2,2,0,0,1,1,2,0,0,1,3,5,5,8,7,13,6,10,11,15,7,8,9,7,9,12,12,17,7,10,8,15,19,18,23,22,21,20,24,21,16,17,19,18,23,22,23,24,22,19,20,30,35,22,28,30,28,28,33,33,36,33,27,30,38,36,34,36,40,31,42,31,50,40,47,44,37,65,36,51,55,38,68,62,54,60,68,69,63,56,89,66,79,77,75,73,97,80,84,72,69,92,82,68,86,95,87,73,115,101,94,106,101,79,121,109,199,107,103,94,98,104,100,111,116,99,129,117,105,115,130,123,135,136,120,100,120,91,125,110,120,102,136,134,110,133,119,139,102,140,158,121,116,141,137,164,114,152,155,135,119,143,116,129,108,124,129,129,137,117,93,127,118,92,93,100,92,84,81,69,69,57,47,52,41,47,35,28,26,16,16,20,8,10,9,4,5,1,3,1,2,0,0,0,0,0,0,1,0,0,0,0,0,0,0,0,0,0,0,0,0,0,0,0,0,0,0,0,0,0,0,0,0,0,0,0,0,0,0,0,0,0,0,0
97.35,0,0,0,0,0,0,0,0,0,0,0,0,0,1,0,0,0,0,0,0,0,0,0,0,0,0,0,0,0,0,0,0,1,0,1,0,0,0,0,0,0,0,1,1,0,0,1,0,0,5,2,1,0,0,2,1,1,0,1,0,1,0,1,3,1,1,1,2,7,9,9,7,16,6,8,10,17,13,7,11,8,11,8,12,8,10,9,16,18,21,21,17,23,15,21,17,19,20,19,21,24,23,24,23,22,20,29,26,39,22,27,33,28,29,33,34,35,33,26,35,37,32,36,33,37,25,35,31,50,40,52,45,33,56,36,45,53,38,66,73,52,59,54,73,69,54,85,67,76,81,74,74,100,80,84,68,71,94,80,71,81,99,91,75,123,101,90,108,93,77,127,105,111,103,97,98,102,104,98,109,122,97,129,105,107,113,120,117,135,136,122,102,120,89,123,108,118,104,134,140,104,125,119,141,104,144,158,119,116,143,135,166,116,152,151,141,119,137,116,129,112,120,129,133,139,115,93,127,116,92,95,98,92,84,83,69,69,56,47,52,43,47,35,28,26,16,18,20,8,10,9,4,5,1,3,1,2,0,0,0,0,0,0,1,0,0,0,0,0,0,0,0,0,0,0,0,0,0,0,0,0,0,0,0,0,0,0,0,0,0,0,0,0,0,0,0,0,0,0,0
97.45,0,0,0,0,0,0,0,0,0,1,0,0,0,1,0,0,0,0,1,0,1,0,0,0,0,1,0,0,0,2,2,0,1,0,1,0,1,3,0,2,1,2,0,1,0,1,0,1,0,2,0,0,1,1,0,1,1,1,0,2,0,2,0,0,3,0,1,7,8,9,10,4,7,9,4,4,10,10,16,12,9,9,8,10,10,13,14,15,12,17,25,14,21,16,17,16,25,21,13,23,22,23,25,20,21,21,22,29,35,23,24,35,30,28,34,33,37,32,28,32,33,29,37,35,35,25,37,30,52,39,52,45,32,50,36,44,55,38,63,72,54,62,53,81,83,58,87,69,82,73,72,74,98,78,84,70,75,98,78,71,79,95,87,75,117,105,88,106,95,79,117,105,111,101,105,90,98,98,96,107,124,93,133,113,115,123,120,115,127,136,120,100,116,91,127,108,124,106,140,136,100,121,121,139,102,144,158,121,116,143,133,162,116,154,155,143,121,139,116,129,116,120,127,135,139,117,93,127,116,92,97,100,92,84,83,69,69,54,47,52,43,47,33,28,26,16,18,20,8,10,7,4,5,1,3,1,2,0,0,0,0,0,0,1,0,0,0,0,0,0,0,0,0,0,0,0,0,0,0,0,0,0,0,0,0,0,0,0,0,0,0,0,0,0,0,0,0,0,0,0
97.55,0,0,0,0,0,0,0,0,0,1,0,0,0,0,0,0,0,0,0,0,0,0,1,0,0,0,0,0,0,0,0,0,0,1,0,1,0,0,1,0,2,1,0,2,1,1,1,0,0,0,1,0,1,0,1,2,0,1,1,1,0,2,2,1,0,1,1,1,7,15,5,6,12,6,8,9,8,8,13,10,10,9,10,13,15,17,19,12,15,14,21,30,14,14,20,13,27,21,25,19,18,29,22,23,23,20,27,23,35,26,22,35,32,31,32,33,39,34,27,27,33,28,37,37,36,26,37,29,53,37,57,65,33,52,36,44,57,38,65,80,53,57,51,70,77,57,87,66,79,71,74,74,93,79,84,68,71,96,80,71,85,93,93,75,119,101,92,106,94,77,115,105,119,101,105,96,103,99,102,107,120,95,123,113,119,123,116,119,127,138,128,106,110,93,129,108,116,100,142,140,100,119,117,141,106,144,160,123,122,141,131,162,120,150,155,143,117,135,114,129,118,122,129,135,139,117,93,127,116,92,97,98,92,88,79,69,71,54,47,52,43,47,33,28,26,16,18,20,8,10,7,4,5,1,3,1,2,0,0,0,0,0,0,1,0,0,0,0,0,0,0,0,0,0,0,0,0,0,0,0,0,0,0,0,0,0,0,0,0,0,0,0,0,0,0,0,0,0,0,0
97.65,0,0,1,0,0,0,0,0,0,1,0,0,0,0,0,0,0,0,0,0,2,1,0,0,0,0,0,0,1,1,1,0,0,0,1,0,2,0,0,0,1,1,0,0,3,3,0,0,0,1,0,1,1,1,1,0,2,2,0,1,0,1,0,0,1,1,0,3,6,5,4,8,6,8,9,10,5,9,12,12,11,10,10,15,15,18,14,18,10,22,18,26,14,18,22,11,26,19,23,18,24,23,24,22,22,23,26,26,29,28,25,30,29,30,29,32,36,36,26,29,32,27,37,41,36,28,36,33,51,36,66,53,38,49,36,46,54,38,63,82,53,59,51,70,75,81,90,68,77,71,76,74,107,77,82,70,69,96,78,69,79,101,93,81,123,107,88,104,90,77,117,105,119,105,99,96,103,103,98,109,122,101,125,107,107,123,118,119,127,146,124,102,118,91,133,108,112,102,128,132,104,119,119,141,106,144,156,123,120,137,133,158,124,150,153,137,115,133,116,129,114,126,131,135,139,117,93,127,116,94,95,98,92,88,79,69,71,54,45,52,43,47,33,28,26,16,18,20,8,10,7,4,5,1,3,1,2,0,0,0,0,0,0,1,0,0,0,0,0,0,0,0,0,0,0,0,0,0,0,0,0,0,0,0,0,0,0,0,0,0,0,0,0,0,0,0,0,0,0,0
97.75,0,0,0,0,0,0,0,0,0,0,0,0,0,0,0,0,0,0,0,0,0,0,1,0,0,0,0,0,1,0,0,0,1,1,0,0,0,1,0,0,2,0,1,1,2,0,0,2,0,2,2,0,1,0,0,1,1,1,1,1,3,0,0,1,3,1,0,1,5,3,12,8,11,9,6,9,10,9,11,10,19,14,13,13,13,16,18,10,14,27,18,15,16,16,14,18,21,27,25,15,17,26,21,17,24,27,25,24,28,26,23,28,30,34,29,34,35,38,25,31,33,26,38,40,36,29,34,30,51,37,55,56,33,51,36,46,52,38,66,78,76,63,52,66,79,59,86,66,81,71,78,76,94,80,84,68,72,97,76,69,79,95,91,73,125,103,96,108,96,77,117,103,131,103,101,94,97,95,98,111,120,91,119,115,110,118,118,116,127,142,118,102,118,91,131,114,110,104,128,134,102,123,121,139,104,146,152,121,124,143,133,158,126,148,153,135,115,135,114,129,112,124,129,135,141,115,93,129,116,96,95,100,92,88,79,69,69,54,45,52,43,47,33,28,26,16,18,20,8,10,7,4,5,1,3,1,2,0,0,0,0,0,0,1,0,0,0,0,0,0,0,0,0,0,0,0,0,0,0,0,0,0,0,0,0,0,0,0,0,0,0,0,0,0,0,0,0,0,0,0
97.85,0,0,0,0,0,1,0,0,0,0,0,0,0,0,0,0,2,0,0,0,1,0,0,0,0,0,0,0,0,0,0,0,0,0,0,0,0,1,0,1,1,2,1,2,3,0,0,2,0,1,0,1,2,3,0,0,1,2,1,2,0,1,0,0,0,0,0,5,12,5,7,8,3,5,12,5,13,10,13,10,14,17,10,15,18,17,14,21,15,23,18,14,15,19,16,20,24,26,28,18,21,22,22,20,23,27,20,25,30,24,21,27,32,33,30,29,36,34,23,31,33,27,38,36,40,30,32,34,50,37,45,53,30,52,34,50,51,38,73,68,68,59,52,71,66,59,90,66,81,69,76,80,132,74,84,70,70,93,80,67,79,95,95,81,123,108,87,106,90,77,115,109,123,105,101,94,97,105,96,107,118,99,117,113,110,106,118,116,127,136,122,98,116,93,127,114,108,114,126,130,106,125,121,139,106,138,150,121,124,145,135,160,126,150,153,137,119,135,116,125,112,128,125,135,137,117,93,125,112,96,95,100,92,88,81,69,69,54,45,52,43,45,33,28,26,16,18,20,8,10,7,4,5,1,3,1,2,0,0,0,0,0,0,1,0,0,0,0,0,0,0,0,0,0,0,0,0,0,0,0,0,0,0,0,0,0,0,0,0,0,0,0,0,0,0,0,0,0,0,0
97.95,0,0,0,0,0,0,0,0,0,0,0,1,0,1,0,0,0,0,0,0,0,0,0,0,0,1,0,0,0,0,0,0,1,0,0,0,0,1,0,0,1,2,0,0,3,0,2,0,0,0,1,0,0,0,0,1,0,5,2,1,3,2,2,0,2,0,2,4,6,4,12,12,12,8,10,7,10,8,9,16,12,18,18,13,21,9,19,15,9,15,17,13,23,16,14,28,18,25,24,21,19,24,17,23,22,28,18,27,26,26,21,25,32,32,31,34,30,37,21,35,37,30,41,35,35,30,33,32,50,37,43,51,33,49,34,53,48,38,71,60,64,57,53,66,66,51,92,69,78,69,72,78,98,72,88,72,70,91,78,67,77,97,89,73,149,104,87,102,90,79,115,103,121,105,105,92,105,103,96,103,120,97,123,111,114,102,114,118,129,136,124,100,114,91,125,114,114,112,122,130,106,123,133,141,108,132,150,119,120,143,133,156,132,154,153,137,119,133,118,125,110,128,125,133,137,121,91,123,110,94,95,100,92,86,81,69,69,54,45,54,43,45,33,28,26,16,18,20,8,10,7,4,5,1,3,1,2,0,0,0,0,0,0,1,0,0,0,0,0,0,0,0,0,0,0,0,0,0,0,0,0,0,0,0,0,0,0,0,0,0,0,0,0,0,0,0,0,0,0,0
98.05,0,0,0,0,0,0,0,0,0,0,0,0,0,0,1,0,0,0,1,0,0,0,2,0,0,0,0,1,1,0,0,0,1,1,0,0,0,0,1,1,0,0,3,0,0,1,0,2,1,1,1,1,2,0,1,1,0,1,2,2,1,3,3,0,1,1,3,4,4,10,10,8,6,4,14,11,12,14,11,7,12,9,18,13,18,16,13,12,9,11,16,10,17,19,18,20,22,21,25,26,27,22,20,20,20,33,20,24,26,25,22,29,29,29,31,36,31,37,18,35,31,26,46,35,36,46,30,33,50,37,43,50,31,49,34,48,50,42,73,60,68,57,53,66,70,53,88,71,74,69,76,76,118,78,86,66,74,93,80,69,81,93,97,73,157,106,89,106,98,83,119,105,117,107,103,89,99,103,96,115,122,97,119,113,118,102,118,120,127,134,116,94,112,95,125,118,116,108,124,134,104,125,133,141,100,132,154,119,122,137,131,156,130,152,151,139,121,133,116,127,110,124,125,129,137,119,89,124,110,94,95,102,92,88,81,67,69,56,45,56,43,43,31,28,26,16,18,20,8,10,9,4,5,1,3,1,2,0,0,0,0,0,0,1,0,0,0,0,0,0,0,0,0,0,0,0,0,0,0,0,0,0,0,0,0,0,0,0,0,0,0,0,0,0,0,0,0,0,0,0
98.15,0,0,0,0,0,0,0,0,0,0,0,0,0,2,0,0,0,0,2,0,0,0,0,0,0,0,0,0,0,0,0,0,0,0,0,0,0,0,0,1,2,2,0,0,1,0,1,1,2,1,1,1,1,1,1,1,1,0,0,0,2,0,0,1,3,1,0,5,7,8,7,4,11,11,7,10,7,11,8,12,14,14,13,15,16,18,17,7,13,16,13,8,10,15,14,26,18,19,22,20,27,26,19,25,17,29,22,25,27,23,26,30,30,34,28,39,31,34,20,31,32,29,45,34,34,28,30,30,51,36,44,49,31,49,35,55,50,40,79,62,70,59,55,66,70,51,88,67,74,71,74,76,94,80,84,74,72,91,78,71,83,97,91,81,147,104,85,110,90,77,119,109,117,103,101,95,97,95,102,105,120,99,125,108,114,100,120,116,132,141,118,102,122,93,125,116,120,108,130,148,108,123,131,141,100,130,152,117,116,137,133,156,130,152,151,141,121,133,118,131,110,126,125,129,135,117,91,122,108,92,95,100,94,88,81,67,69,58,45,56,43,43,31,30,26,16,18,20,8,10,9,4,5,1,3,1,2,0,0,0,0,0,0,1,0,0,0,0,0,0,0,0,0,0,0,0,0,0,0,0,0,0,0,0,0,0,0,0,0,0,0,0,0,0,0,0,0,0,0,0
98.25,0,0,0,0,0,0,0,0,0,0,0,0,0,0,0,2,0,0,0,0,0,0,0,0,1,0,0,1,1,0,1,1,0,1,1,0,0,1,0,2,0,1,0,0,1,1,0,0,2,0,0,3,2,1,3,0,0,2,0,3,1,0,0,0,2,0,1,8,9,12,14,12,7,4,8,8,11,12,12,15,11,6,15,13,10,8,20,14,9,13,10,10,19,18,15,21,20,20,19,23,21,27,18,22,21,28,26,30,28,24,22,28,29,34,23,38,29,34,22,30,31,29,47,33,34,26,31,30,52,34,45,50,31,49,39,51,49,40,63,56,60,55,52,70,64,53,86,68,72,68,73,77,100,82,90,72,72,99,80,69,81,95,95,73,135,108,89,100,90,81,115,101,119,105,101,91,103,105,100,107,124,97,113,106,110,108,124,114,142,141,118,108,116,91,133,118,116,106,136,142,110,123,133,141,102,130,158,119,114,137,131,158,134,154,151,143,125,133,118,131,108,126,125,131,139,117,89,122,108,92,95,100,94,88,81,67,69,56,47,54,43,43,31,30,26,16,18,20,8,10,9,4,5,1,3,1,2,0,0,0,0,0,0,1,0,0,0,0,0,0,0,0,0,0,0,0,0,0,0,0,0,0,0,0,0,0,0,0,0,0,0,0,0,0,0,0,0,0,0,0
98.35,0,0,0,0,0,0,1,0,0,0,0,0,0,0,0,0,0,0,0,0,1,0,0,0,0,0,0,0,0,1,0,1,1,0,0,0,1,0,0,1,1,0,1,0,0,3,0,1,2,2,0,2,0,2,2,1,0,0,2,0,0,1,1,1,1,0,1,1,10,11,7,3,7,8,8,8,11,13,15,10,5,14,11,13,11,14,14,21,19,13,14,13,12,13,18,22,17,23,16,20,28,29,17,25,19,24,31,35,27,27,21,29,28,36,22,39,29,33,23,31,32,29,46,33,35,28,33,32,52,34,44,51,35,49,35,51,51,42,65,56,64,59,52,66,62,51,88,70,86,68,75,77,126,84,89,69,72,93,76,73,81,97,93,84,115,103,93,108,96,77,117,103,113,103,105,91,109,103,100,111,124,95,117,110,106,106,118,118,130,131,120,106,114,95,131,114,112,100,136,146,106,125,127,141,102,134,158,117,114,129,135,158,130,158,151,135,125,131,118,133,108,128,125,131,137,117,89,120,108,92,93,98,94,88,81,67,67,56,47,54,43,43,31,30,26,16,18,20,8,10,9,4,5,1,3,1,2,0,0,0,0,0,0,1,0,0,0,0,0,0,0,0,0,0,0,0,0,0,0,0,0,0,0,0,0,0,0,0,0,0,0,0,0,0,0,0,0,0,0,0
98.45,0,0,0,0,0,0,0,0,0,1,0,1,0,0,0,0,0,1,0,0,0,1,1,0,0,1,1,0,1,0,0,0,0,1,1,0,2,0,0,1,0,1,1,0,0,1,0,0,1,1,0,1,1,1,0,2,1,1,1,0,1,0,0,2,1,0,2,4,5,6,6,7,9,7,5,10,6,6,14,7,6,13,4,11,17,10,18,17,17,12,15,12,12,19,19,18,18,18,22,14,30,27,17,25,18,25,28,34,31,23,23,26,29,35,25,43,27,32,23,32,29,30,45,33,34,26,31,31,51,34,43,50,33,49,35,55,51,40,65,58,66,59,54,72,64,53,88,70,86,70,75,81,104,78,87,69,74,97,78,73,81,99,93,88,111,103,87,106,94,81,119,103,115,99,103,96,94,97,98,105,122,91,115,112,110,100,116,114,134,133,122,98,116,87,131,110,112,104,136,140,108,125,124,144,104,134,158,119,116,129,135,160,130,158,149,133,119,129,116,135,108,128,127,131,139,115,89,119,108,92,93,98,92,86,81,67,65,56,47,54,43,43,31,32,24,16,18,20,8,10,9,4,5,1,3,1,2,0,0,0,0,0,0,1,0,0,0,0,0,0,0,0,0,0,0,0,0,0,0,0,0,0,0,0,0,0,0,0,0,0,0,0,0,0,0,0,0,0,0,0
98.55,0,0,0,0,0,0,0,0,0,0,0,0,0,0,0,0,0,0,0,0,0,0,0,1,1,0,0,0,1,0,0,0,2,0,0,0,0,0,0,0,0,1,0,3,1,2,2,1,2,2,0,0,0,1,3,0,3,0,0,2,0,0,1,1,0,3,1,6,3,8,3,6,15,5,7,11,4,14,8,2,11,14,13,9,13,12,17,15,10,9,18,20,12,16,14,22,21,18,21,17,36,17,19,29,16,22,34,43,25,24,22,26,27,34,28,40,29,34,23,29,27,30,46,33,35,32,29,36,50,34,46,53,32,49,34,53,51,42,64,58,67,55,52,72,64,55,88,70,86,68,75,77,90,84,85,69,72,91,78,75,83,95,91,87,112,111,89,108,94,79,114,105,111,111,103,94,102,97,98,107,126,97,119,114,112,104,118,116,128,137,130,96,124,93,127,108,112,108,132,137,110,131,122,140,110,132,150,123,121,131,131,164,128,156,147,135,119,129,112,135,110,124,131,131,139,117,89,119,108,92,91,98,90,86,81,67,67,56,47,54,45,43,31,32,26,16,18,20,8,10,9,4,5,1,3,1,2,0,0,0,0,0,0,1,0,0,0,0,0,0,0,0,0,0,0,0,0,0,0,0,0,0,0,0,0,0,0,0,0,0,0,0,0,0,0,0,0,0,0,0
98.65,0,0,0,0,0,0,0,0,0,0,0,0,1,0,0,0,0,0,0,0,0,0,1,0,0,0,2,0,0,0,0,0,1,0,0,0,0,1,0,1,0,1,1,1,2,2,2,0,1,2,0,0,1,0,2,1,1,3,2,1,0,1,0,1,2,0,1,6,8,8,6,5,7,13,9,7,17,12,8,11,8,10,12,16,19,16,11,6,11,10,19,13,21,13,16,18,20,18,26,22,29,13,18,28,23,33,28,37,27,24,22,31,32,29,27,38,28,32,22,32,25,30,47,48,35,25,29,35,52,34,44,50,31,51,34,44,51,40,62,54,59,57,53,66,87,53,94,71,81,68,77,77,92,72,95,71,74,91,80,183,79,95,89,89,108,103,89,104,92,77,118,105,115,101,105,92,102,101,98,109,128,101,123,114,110,102,116,116,122,139,116,96,120,95,129,110,114,106,132,131,106,133,122,138,106,132,154,123,117,127,131,158,128,154,147,139,117,129,110,135,108,122,131,133,137,119,89,119,110,88,91,98,90,86,81,67,65,56,47,54,45,43,31,32,26,16,18,20,8,10,9,4,5,1,3,1,2,0,0,0,0,0,0,1,0,0,0,0,0,0,0,0,0,0,0,0,0,0,0,0,0,0,0,0,0,0,0,0,0,0,0,0,0,0,0,0,0,0,0,0
98.75,0,0,0,0,0,0,0,0,1,0,0,0,0,0,0,0,0,0,0,0,0,0,0,0,0,0,0,0,0,0,0,1,1,0,0,1,0,0,0,2,0,1,2,2,2,1,2,0,2,1,0,0,0,2,2,0,1,1,0,0,0,3,0,0,0,1,1,6,8,7,5,6,10,5,8,7,7,8,13,13,9,9,11,12,14,6,12,17,8,16,9,19,16,23,10,20,17,29,22,28,26,15,13,23,24,31,26,30,31,25,31,30,33,30,27,40,26,30,21,34,23,33,44,38,35,27,29,35,50,34,45,53,33,47,34,50,50,42,66,56,63,62,54,68,64,52,89,72,97,70,75,81,94,74,85,71,74,89,80,91,83,101,91,89,107,102,93,104,92,79,116,103,119,101,103,98,94,99,98,109,134,99,119,108,110,100,120,114,127,141,120,94,116,91,125,110,120,102,130,135,102,131,124,138,100,134,154,119,117,127,127,158,128,150,145,139,119,131,110,135,106,126,131,133,137,119,89,119,110,92,91,98,90,84,81,67,65,56,47,54,45,43,31,32,26,16,18,20,8,10,9,4,5,1,3,1,2,0,0,0,0,0,0,1,0,0,0,0,0,0,0,0,0,0,0,0,0,0,0,0,0,0,0,0,0,0,0,0,0,0,0,0,0,0,0,0,0,0,0,0
98.85,0,0,0,0,0,0,0,0,0,0,0,0,0,0,0,0,0,0,0,0,0,0,0,0,0,0,0,0,0,1,0,0,1,0,1,0,0,2,0,0,0,0,0,2,0,1,2,1,4,1,0,1,1,0,1,1,1,0,0,0,0,2,0,0,2,1,0,2,2,6,12,9,6,16,10,14,11,18,10,7,13,13,14,19,12,13,11,11,17,13,14,21,21,19,18,17,17,28,22,23,21,18,12,19,29,31,25,30,28,22,24,32,33,29,31,38,28,31,22,33,25,33,45,35,35,27,32,38,49,34,45,51,35,47,34,46,52,40,70,62,67,61,55,68,58,55,110,70,83,72,71,77,92,74,85,67,70,95,80,87,81,95,91,87,109,104,89,98,96,77,114,103,121,101,101,92,96,95,94,109,132,99,115,109,109,100,122,118,133,127,120,104,120,87,121,110,120,100,128,131,102,121,126,136,98,136,146,117,123,137,129,162,124,150,141,143,127,129,112,133,106,128,131,133,141,119,89,119,110,94,91,98,90,84,81,65,65,56,47,54,45,43,31,32,25,16,18,20,8,10,9,4,5,1,3,1,2,0,0,0,0,0,0,1,0,0,0,0,0,0,0,0,0,0,0,0,0,0,0,0,0,0,0,0,0,0,0,0,0,0,0,0,0,0,0,0,0,0,0,0
98.95,0,0,0,0,0,0,0,0,0,0,0,0,1,0,0,0,0,0,0,0,0,0,0,0,0,0,0,0,0,0,0,1,0,1,1,1,0,2,0,0,1,0,0,0,1,0,2,0,2,1,4,1,0,1,0,2,0,3,2,1,2,1,3,1,2,1,3,6,4,6,7,5,7,8,8,9,11,10,7,17,10,10,17,13,19,9,13,7,19,15,16,18,15,17,21,24,17,22,21,21,23,16,13,18,28,28,29,27,34,20,27,30,33,29,34,39,28,28,24,32,25,34,45,34,35,30,32,38,49,34,45,49,33,49,34,44,50,43,65,62,57,59,53,74,62,53,106,72,84,70,75,77,90,78,93,69,70,97,76,89,81,101,89,83,106,106,85,104,90,79,116,103,117,109,103,94,104,104,101,107,156,95,113,115,113,108,126,116,137,133,126,100,118,89,129,110,112,100,132,129,106,123,128,138,100,138,150,117,123,139,135,160,120,148,145,137,127,127,112,135,106,130,129,135,139,121,89,121,112,92,91,98,90,84,83,65,65,56,47,54,45,43,33,34,25,16,18,20,8,10,9,4,5,1,3,1,2,0,0,0,0,0,0,1,0,0,0,0,0,0,0,0,0,0,0,0,0,0,0,0,0,0,0,0,0,0,0,0,0,0,0,0,0,0,0,0,0,0,0,0
99.05,0,0,0,0,0,1,0,0,0,0,0,0,1,0,1,0,0,0,0,0,0,0,1,0,1,0,0,1,0,0,1,0,0,0,0,0,1,1,0,1,1,2,4,1,0,1,1,0,1,1,0,0,0,0,2,2,0,1,2,0,1,0,2,3,2,0,1,5,10,5,11,12,5,7,9,9,9,7,14,9,6,15,11,15,15,10,17,11,14,9,20,16,17,16,28,18,22,22,20,18,20,17,17,17,26,26,34,31,29,20,26,27,33,28,32,39,26,29,25,30,27,33,46,34,34,28,29,32,49,34,45,51,34,48,34,44,52,41,67,57,58,60,54,67,58,55,102,74,80,66,79,79,94,76,87,67,70,97,80,97,81,99,89,91,110,102,89,102,92,79,114,103,109,103,105,92,96,100,96,105,144,97,111,109,115,104,120,116,133,137,116,104,116,93,127,114,114,106,130,131,102,127,130,134,100,132,148,115,121,139,135,154,120,150,149,137,129,129,114,133,106,130,131,137,137,119,89,119,110,92,89,98,88,84,83,65,65,56,47,54,45,43,33,34,25,16,18,20,8,10,9,4,5,1,3,1,2,0,0,0,0,0,0,1,0,0,0,0,0,0,0,0,0,0,0,0,0,0,0,0,0,0,0,0,0,0,0,0,0,0,0,0,0,0,0,0,0,0,0,0
99.15,1,0,0,0,0,0,1,0,0,0,1,0,0,0,0,0,0,0,0,0,0,0,0,0,0,0,1,0,0,0,1,1,0,0,1,0,0,0,0,1,0,1,0,0,0,2,0,3,0,1,2,0,1,2,1,3,0,0,0,2,1,2,0,0,2,0,3,4,8,3,4,4,4,11,10,14,7,8,14,7,14,13,12,12,17,16,10,19,10,13,15,17,11,20,21,23,15,25,23,18,19,16,16,19,24,29,30,30,24,21,25,25,33,27,36,32,26,27,26,32,26,36,52,34,35,25,29,32,49,34,44,57,35,55,34,44,50,41,65,61,60,62,51,72,56,53,92,70,82,69,72,83,98,76,89,73,73,90,78,99,79,97,93,93,106,107,84,104,96,79,120,109,109,105,95,94,100,100,92,105,122,95,119,115,111,100,116,112,125,137,116,103,116,97,131,114,120,108,134,131,100,125,130,136,100,132,152,113,119,139,137,158,120,154,149,140,127,129,114,135,106,128,127,139,139,117,89,123,110,92,89,98,88,84,81,67,65,54,49,54,45,43,33,34,25,16,18,20,8,10,9,4,5,1,3,1,2,0,0,0,0,0,0,1,0,0,0,0,0,0,0,0,0,0,0,0,0,0,0,0,0,0,0,0,0,0,0,0,0,0,0,0,0,0,0,0,0,0,0,0
99.25,0,0,0,0,0,0,0,0,0,0,0,0,0,0,0,0,0,1,0,0,0,0,0,0,0,0,1,1,0,0,0,0,0,1,0,0,0,0,0,1,0,0,0,0,2,2,0,1,0,0,1,0,0,0,2,0,1,1,0,2,1,0,1,1,0,2,3,8,3,6,4,9,8,7,4,9,17,10,13,9,15,10,7,11,16,18,17,15,9,17,12,18,11,17,23,24,15,19,24,19,15,18,19,17,24,26,32,28,25,20,23,30,31,26,41,31,27,25,27,32,27,34,48,34,35,25,32,31,46,34,45,50,37,50,34,44,50,41,63,63,60,64,51,72,58,55,130,70,86,67,72,119,94,76,87,71,77,94,78,93,83,101,91,111,110,103,88,110,92,77,115,103,111,101,105,96,98,101,97,111,122,97,113,113,107,102,116,116,133,141,118,99,112,97,123,114,116,114,132,135,100,125,124,138,102,140,148,113,119,137,133,156,122,150,149,138,123,133,116,133,106,130,129,135,137,115,87,125,110,90,89,98,90,84,79,67,69,54,49,54,45,43,33,34,25,16,18,20,8,10,9,4,5,1,3,1,2,0,0,0,0,0,0,1,0,0,0,0,0,0,0,0,0,0,0,0,0,0,0,0,0,0,0,0,0,0,0,0,0,0,0,0,0,0,0,0,0,0,0,0
99.35,0,0,0,0,0,0,0,0,0,0,0,1,0,0,0,0,0,0,0,0,0,1,0,0,0,0,0,0,1,0,1,1,0,0,0,0,2,0,0,0,1,1,1,2,0,1,3,2,1,2,1,0,1,1,0,2,1,1,1,0,4,0,1,3,0,0,1,2,8,4,10,4,4,8,7,6,11,6,13,15,9,9,14,13,13,12,15,13,19,17,12,16,7,18,24,18,15,19,24,19,18,18,20,17,23,28,35,26,24,21,23,28,32,29,40,30,32,24,26,32,27,33,47,34,35,26,34,30,46,34,45,50,37,52,34,44,50,41,66,58,58,60,51,76,58,51,120,72,128,69,70,98,94,76,86,69,76,96,76,93,83,97,93,103,106,109,86,100,96,81,117,105,109,105,105,92,104,115,97,103,120,95,113,105,111,100,116,112,129,139,118,95,112,87,129,114,116,108,130,133,106,123,128,138,98,140,156,117,119,139,133,158,122,146,149,138,115,135,122,133,106,128,127,135,137,117,87,125,110,90,89,96,90,84,79,67,69,54,49,56,45,43,33,34,25,16,18,20,8,10,9,4,5,1,3,1,2,0,0,0,0,0,0,1,0,0,0,0,0,0,0,0,0,0,0,0,0,0,0,0,0,0,0,0,0,0,0,0,0,0,0,0,0,0,0,0,0,0,0,0
99.45,1,0,0,0,0,0,0,0,0,0,0,0,0,0,0,0,0,0,0,0,0,0,0,0,0,0,0,0,0,0,0,0,0,0,0,0,0,1,0,0,1,0,2,0,1,0,0,2,0,1,1,0,0,0,0,2,1,0,3,4,1,0,1,2,1,0,0,4,6,4,8,13,7,6,5,11,8,14,14,3,19,10,6,10,12,17,11,20,14,15,13,10,14,19,17,19,11,15,25,21,18,19,24,16,25,28,32,26,22,21,24,27,33,31,34,29,32,26,23,32,26,31,45,35,37,24,31,29,46,36,47,52,40,53,34,48,52,42,70,70,62,58,52,70,56,53,101,72,84,67,73,100,94,80,88,75,74,90,76,125,79,97,93,99,112,107,88,108,90,81,117,103,115,103,101,94,96,95,97,103,126,97,123,111,113,104,118,116,127,143,126,99,118,91,127,106,118,104,132,135,106,123,126,140,102,136,158,115,117,143,135,154,122,144,151,140,115,133,124,129,104,126,131,137,137,119,87,125,108,90,89,94,92,84,79,67,69,54,49,56,45,43,33,34,25,16,18,20,8,10,9,4,5,1,3,1,2,0,0,0,0,0,0,1,0,0,0,0,0,0,0,0,0,0,0,0,0,0,0,0,0,0,0,0,0,0,0,0,0,0,0,0,0,0,0,0,0,0,0,0
99.55,0,0,0,0,0,0,0,0,0,0,0,0,0,0,0,0,0,0,1,0,0,0,0,0,0,1,0,0,0,0,0,0,0,0,0,0,1,0,1,0,0,2,2,0,2,0,2,1,0,2,1,0,1,2,0,3,0,1,1,0,1,0,0,3,1,0,2,3,5,7,3,7,4,13,7,6,9,14,11,7,13,9,6,10,11,12,9,13,11,16,11,12,12,21,14,18,13,22,21,25,16,17,21,18,20,29,27,26,19,23,26,30,31,30,33,31,30,25,24,32,28,29,48,31,41,26,31,29,52,36,46,50,35,61,34,47,51,42,68,58,74,60,52,70,56,51,91,68,96,67,73,100,98,78,86,73,74,96,78,82,79,95,91,99,106,107,90,108,92,79,109,107,107,105,99,96,104,101,91,103,124,97,119,121,113,104,126,116,125,137,128,97,120,91,127,110,114,100,134,137,108,117,128,132,104,134,156,117,113,141,141,156,120,142,151,142,111,137,124,125,104,126,129,139,139,119,83,127,106,90,91,94,92,82,79,65,69,54,49,56,45,43,33,34,25,16,18,20,8,10,9,4,5,1,3,1,2,0,0,0,0,0,0,1,0,0,0,0,0,0,0,0,0,0,0,0,0,0,0,0,0,0,0,0,0,0,0,0,0,0,0,0,0,0,0,0,0,0,0,0
99.65,0,0,0,0,0,0,0,0,0,0,0,0,1,0,0,0,0,1,0,0,0,0,0,0,0,0,1,0,0,0,0,1,0,0,0,0,0,0,0,0,0,1,2,0,0,0,2,0,0,0,0,2,1,2,1,1,0,2,1,1,0,1,0,2,1,0,3,5,4,6,4,10,7,7,7,7,7,11,14,8,8,12,15,10,9,15,8,9,15,8,13,14,15,19,18,15,13,24,22,20,21,15,20,21,20,24,27,29,19,21,28,29,29,30,30,29,31,27,24,32,30,30,42,33,37,26,30,29,48,34,46,52,40,53,34,51,51,42,70,58,58,60,52,70,56,54,88,72,94,67,69,88,122,76,90,70,73,90,76,82,77,93,91,105,108,107,90,104,92,79,119,103,119,103,101,92,100,101,95,111,120,93,107,115,113,102,124,112,137,133,120,99,116,91,129,114,110,104,136,139,112,119,122,138,100,138,156,121,115,141,137,158,122,146,149,138,109,141,124,121,104,126,129,135,139,119,85,125,106,90,91,94,90,82,79,65,65,54,49,56,45,43,33,34,25,16,18,20,8,10,9,4,5,1,3,1,2,0,0,0,0,0,0,1,0,0,0,0,0,0,0,0,0,0,0,0,0,0,0,0,0,0,0,0,0,0,0,0,0,0,0,0,0,0,0,0,0,0,0,0
99.75,0,0,1,0,0,0,0,0,0,0,0,0,0,0,0,0,0,1,0,0,1,0,0,0,1,2,0,0,0,0,0,0,0,0,0,1,1,1,0,1,0,0,0,0,1,0,0,3,1,1,1,1,3,3,1,2,2,2,0,3,1,1,3,1,0,1,1,5,9,9,12,12,10,13,3,3,8,9,10,7,11,9,10,11,9,21,8,10,16,10,14,9,22,12,19,17,11,19,29,19,17,18,20,18,24,25,24,26,22,22,32,27,30,27,30,27,29,26,25,33,30,31,41,33,38,27,30,29,49,33,52,54,40,45,34,46,48,42,72,58,56,62,52,70,58,55,90,68,82,69,69,86,102,78,172,72,73,90,80,82,76,98,90,107,108,99,88,108,90,79,115,103,113,101,109,92,100,105,93,103,126,97,111,113,111,104,118,118,133,135,118,105,120,91,131,114,114,104,130,129,108,123,126,138,104,142,154,125,119,143,141,160,124,148,151,140,106,141,118,123,100,126,129,131,139,121,85,125,106,90,91,94,92,82,79,65,65,56,49,60,45,43,33,34,25,16,18,20,8,10,9,4,5,1,3,1,2,0,0,0,0,0,0,1,0,0,0,0,0,0,0,0,0,0,0,0,0,0,0,0,0,0,0,0,0,0,0,0,0,0,0,0,0,0,0,0,0,0,0,0
99.85,0,0,0,0,0,0,0,0,0,0,1,0,0,0,1,0,0,0,0,0,0,0,0,0,0,0,0,0,0,0,0,0,0,2,0,1,0,0,0,1,0,0,1,0,2,1,0,1,1,1,2,3,1,0,0,0,0,0,3,0,0,2,0,2,0,3,1,5,7,7,11,7,15,12,18,9,12,12,6,14,6,9,11,10,15,19,7,11,13,13,12,13,20,15,18,18,15,24,22,17,17,20,20,22,20,24,22,31,26,22,35,26,31,25,33,27,29,26,25,36,29,28,41,35,37,26,30,29,49,33,48,56,45,54,34,47,51,42,90,60,56,60,54,70,60,53,122,71,73,67,69,84,84,74,106,76,69,92,78,82,80,98,88,107,108,105,86,104,98,79,115,105,115,111,99,94,94,107,97,107,122,95,115,113,107,104,118,126,127,137,120,103,116,87,133,112,114,100,130,129,108,125,122,136,100,140,152,121,115,143,137,162,124,146,153,140,106,141,118,123,100,128,127,132,139,125,85,123,106,92,91,94,90,82,79,65,65,56,49,60,43,43,31,34,25,16,18,20,8,10,9,4,5,1,3,1,2,0,0,0,0,0,0,1,0,0,0,0,0,0,0,0,0,0,0,0,0,0,0,0,0,0,0,0,0,0,0,0,0,0,0,0,0,0,0,0,0,0,0,0
99.95,1,0,0,0,0,0,0,0,0,0,0,0,0,0,0,0,1,1,0,0,0,0,0,0,0,1,0,0,0,1,0,0,0,0,0,0,1,0,1,0,0,0,1,2,1,1,1,1,2,1,2,0,1,0,1,1,0,1,1,1,1,0,1,0,0,1,3,2,4,7,2,12,10,7,8,8,13,10,10,13,8,19,5,13,17,11,9,12,13,16,13,15,16,10,20,15,17,22,19,22,20,19,19,25,16,25,24,28,21,22,32,28,29,26,32,28,26,25,24,37,27,30,39,39,43,30,29,30,46,34,47,49,41,42,34,53,50,41,70,58,80,58,52,70,56,54,75,69,79,71,71,82,119,78,122,72,73,100,80,84,78,94,88,101,110,103,86,106,90,77,115,105,117,109,105,92,98,101,93,109,120,99,115,111,111,102,114,114,125,141,120,99,108,85,123,110,112,98,130,133,108,127,120,138,100,138,152,117,113,141,135,166,124,148,151,134,108,141,118,121,100,128,125,140,139,123,87,123,106,94,91,94,90,82,79,65,65,56,49,60,43,45,31,34,25,16,18,20,8,12,9,4,5,1,3,1,2,0,0,0,0,0,0,1,0,0,0,0,0,0,0,0,0,0,0,0,0,0,0,0,0,0,0,0,0,0,0,0,0,0,0,0,0,0,0,0,0,0,0,0
100.05,0,0,0,0,0,0,0,0,0,0,0,0,0,0,0,1,0,0,1,0,0,2,0,0,0,0,0,0,1,0,0,1,0,0,1,0,0,0,1,1,0,0,0,3,0,1,2,1,0,2,0,1,0,0,4,2,0,1,0,2,0,1,1,2,0,0,1,1,3,7,5,4,6,9,7,7,5,10,11,10,12,18,15,14,16,10,8,14,13,11,10,16,18,13,12,16,22,20,20,23,19,18,18,27,18,23,28,27,21,18,30,28,31,25,35,29,27,24,24,36,26,27,39,32,38,31,29,32,48,36,45,49,43,42,35,46,58,41,68,65,65,66,52,68,60,54,75,71,76,72,73,84,111,78,96,74,69,94,76,84,78,96,90,99,104,103,88,103,91,79,117,105,109,107,103,100,102,99,97,109,130,97,113,111,113,102,116,112,129,131,126,97,110,91,123,116,116,102,128,135,104,123,122,138,104,136,150,115,113,141,137,166,124,148,149,138,110,145,118,121,102,126,125,138,139,121,89,119,106,94,91,96,92,82,81,65,65,56,49,60,43,45,31,34,25,16,18,20,8,12,9,4,5,1,3,1,2,0,0,0,0,0,0,1,0,0,0,0,0,0,0,0,0,0,0,0,0,0,0,0,0,0,0,0,0,0,0,0,0,0,0,0,0,0,0,0,0,0,0,0
